simulator_revision,strategy0,strategy1,deck0,deck1,agent0,agent1,mulligan0,mulligan1,starting_life,starting_player,seed,transition_seed,agent_seed,winner,p0_score,p1_score,p0_terminal_win,p1_terminal_win,is_nonterminal_draw,is_truncation,loss_reason,decisions,log_events,turn_number,reward_convention,interface,p0_terminal_only_score,p1_terminal_only_score,cpp_shadow_game_id,terminal_clean_max_decisions,terminal_clean_game,terminal_clean_status,arm_id,question,interpretation,target,opponent,target_deck,opponent_deck,target_agent,opponent_agent,target_mulligan,opponent_mulligan,target_deck_size,opponent_deck_size,target_seat,rep,focus_target_score,focus_target_terminal_win,focus_target_seat,focus_target_result,focus_terminal_mechanism,focus_terminal_loser,focus_terminal_loser_role,focus_is_library_out_win,focus_is_life_total_win
rev0058,cf34_counter_wall,pub_threat_overlord,sixty_counterwall_jace,forty_overlord_impending,counterfactual_ranker_blend_counter_rev0034,threat_rush,mulligan_outcome_ranker_rev0027,land_band_business,20,0,5858000,5858000,6858003,0,1.0,0.0,1.0,0.0,False,False,player_1_attempted_to_draw_from_empty_library,266,0,19,draw_half_reporting_terminal_only_training,public_decision_frame,1.0,0.0,g00000_A_original_size_skew_life20_seat0_sp0_r0,900,True,terminal,A_original_size_skew,Replicate the exact rev0056 size-skewed target/opponent contrast as the anchor.,"If this reproduces library-out wins, the new panel is anchored to rev0056.",cf34_counter_wall,pub_threat_overlord,sixty_counterwall_jace,forty_overlord_impending,counterfactual_ranker_blend_counter_rev0034,threat_rush,mulligan_outcome_ranker_rev0027,land_band_business,60,40,0,0,1.0,1.0,0,target_win,library_out,1,opponent,True,False
rev0058,cf34_counter_wall,pub_threat_overlord,sixty_counterwall_jace,forty_overlord_impending,counterfactual_ranker_blend_counter_rev0034,threat_rush,mulligan_outcome_ranker_rev0027,land_band_business,20,0,5858001,5858001,6858004,0,1.0,0.0,1.0,0.0,False,False,player_1_attempted_to_draw_from_empty_library,284,0,27,draw_half_reporting_terminal_only_training,public_decision_frame,1.0,0.0,g00001_A_original_size_skew_life20_seat0_sp0_r1,900,True,terminal,A_original_size_skew,Replicate the exact rev0056 size-skewed target/opponent contrast as the anchor.,"If this reproduces library-out wins, the new panel is anchored to rev0056.",cf34_counter_wall,pub_threat_overlord,sixty_counterwall_jace,forty_overlord_impending,counterfactual_ranker_blend_counter_rev0034,threat_rush,mulligan_outcome_ranker_rev0027,land_band_business,60,40,0,1,1.0,1.0,0,target_win,library_out,1,opponent,True,False
rev0058,cf34_counter_wall,pub_threat_overlord,sixty_counterwall_jace,forty_overlord_impending,counterfactual_ranker_blend_counter_rev0034,threat_rush,mulligan_outcome_ranker_rev0027,land_band_business,20,0,5858002,5858002,6858005,0,1.0,0.0,1.0,0.0,False,False,player_1_attempted_to_draw_from_empty_library,220,0,18,draw_half_reporting_terminal_only_training,public_decision_frame,1.0,0.0,g00002_A_original_size_skew_life20_seat0_sp0_r2,900,True,terminal,A_original_size_skew,Replicate the exact rev0056 size-skewed target/opponent contrast as the anchor.,"If this reproduces library-out wins, the new panel is anchored to rev0056.",cf34_counter_wall,pub_threat_overlord,sixty_counterwall_jace,forty_overlord_impending,counterfactual_ranker_blend_counter_rev0034,threat_rush,mulligan_outcome_ranker_rev0027,land_band_business,60,40,0,2,1.0,1.0,0,target_win,library_out,1,opponent,True,False
rev0058,cf34_counter_wall,pub_threat_overlord,sixty_counterwall_jace,forty_overlord_impending,counterfactual_ranker_blend_counter_rev0034,threat_rush,mulligan_outcome_ranker_rev0027,land_band_business,20,0,5858003,5858003,6858006,0,1.0,0.0,1.0,0.0,False,False,player_1_attempted_to_draw_from_empty_library,380,0,27,draw_half_reporting_terminal_only_training,public_decision_frame,1.0,0.0,g00003_A_original_size_skew_life20_seat0_sp0_r3,900,True,terminal,A_original_size_skew,Replicate the exact rev0056 size-skewed target/opponent contrast as the anchor.,"If this reproduces library-out wins, the new panel is anchored to rev0056.",cf34_counter_wall,pub_threat_overlord,sixty_counterwall_jace,forty_overlord_impending,counterfactual_ranker_blend_counter_rev0034,threat_rush,mulligan_outcome_ranker_rev0027,land_band_business,60,40,0,3,1.0,1.0,0,target_win,library_out,1,opponent,True,False
rev0058,cf34_counter_wall,pub_threat_overlord,sixty_counterwall_jace,forty_overlord_impending,counterfactual_ranker_blend_counter_rev0034,threat_rush,mulligan_outcome_ranker_rev0027,land_band_business,20,1,5858004,5858004,6858007,0,1.0,0.0,1.0,0.0,False,False,player_1_attempted_to_draw_from_empty_library,296,0,29,draw_half_reporting_terminal_only_training,public_decision_frame,1.0,0.0,g00004_A_original_size_skew_life20_seat0_sp1_r0,900,True,terminal,A_original_size_skew,Replicate the exact rev0056 size-skewed target/opponent contrast as the anchor.,"If this reproduces library-out wins, the new panel is anchored to rev0056.",cf34_counter_wall,pub_threat_overlord,sixty_counterwall_jace,forty_overlord_impending,counterfactual_ranker_blend_counter_rev0034,threat_rush,mulligan_outcome_ranker_rev0027,land_band_business,60,40,0,0,1.0,1.0,0,target_win,library_out,1,opponent,True,False
rev0058,cf34_counter_wall,pub_threat_overlord,sixty_counterwall_jace,forty_overlord_impending,counterfactual_ranker_blend_counter_rev0034,threat_rush,mulligan_outcome_ranker_rev0027,land_band_business,20,1,5858005,5858005,6858008,0,1.0,0.0,1.0,0.0,False,False,player_1_attempted_to_draw_from_empty_library,353,0,25,draw_half_reporting_terminal_only_training,public_decision_frame,1.0,0.0,g00005_A_original_size_skew_life20_seat0_sp1_r1,900,True,terminal,A_original_size_skew,Replicate the exact rev0056 size-skewed target/opponent contrast as the anchor.,"If this reproduces library-out wins, the new panel is anchored to rev0056.",cf34_counter_wall,pub_threat_overlord,sixty_counterwall_jace,forty_overlord_impending,counterfactual_ranker_blend_counter_rev0034,threat_rush,mulligan_outcome_ranker_rev0027,land_band_business,60,40,0,1,1.0,1.0,0,target_win,library_out,1,opponent,True,False
rev0058,cf34_counter_wall,pub_threat_overlord,sixty_counterwall_jace,forty_overlord_impending,counterfactual_ranker_blend_counter_rev0034,threat_rush,mulligan_outcome_ranker_rev0027,land_band_business,20,1,5858006,5858006,6858009,1,0.0,1.0,0.0,1.0,False,False,player_0_attempted_to_draw_from_empty_library,353,0,29,draw_half_reporting_terminal_only_training,public_decision_frame,0.0,1.0,g00006_A_original_size_skew_life20_seat0_sp1_r2,900,True,terminal,A_original_size_skew,Replicate the exact rev0056 size-skewed target/opponent contrast as the anchor.,"If this reproduces library-out wins, the new panel is anchored to rev0056.",cf34_counter_wall,pub_threat_overlord,sixty_counterwall_jace,forty_overlord_impending,counterfactual_ranker_blend_counter_rev0034,threat_rush,mulligan_outcome_ranker_rev0027,land_band_business,60,40,0,2,0.0,0.0,0,target_loss,library_out,0,target,False,False
rev0058,cf34_counter_wall,pub_threat_overlord,sixty_counterwall_jace,forty_overlord_impending,counterfactual_ranker_blend_counter_rev0034,threat_rush,mulligan_outcome_ranker_rev0027,land_band_business,20,1,5858007,5858007,6858010,0,1.0,0.0,1.0,0.0,False,False,player_1_attempted_to_draw_from_empty_library,183,0,15,draw_half_reporting_terminal_only_training,public_decision_frame,1.0,0.0,g00007_A_original_size_skew_life20_seat0_sp1_r3,900,True,terminal,A_original_size_skew,Replicate the exact rev0056 size-skewed target/opponent contrast as the anchor.,"If this reproduces library-out wins, the new panel is anchored to rev0056.",cf34_counter_wall,pub_threat_overlord,sixty_counterwall_jace,forty_overlord_impending,counterfactual_ranker_blend_counter_rev0034,threat_rush,mulligan_outcome_ranker_rev0027,land_band_business,60,40,0,3,1.0,1.0,0,target_win,library_out,1,opponent,True,False
rev0058,pub_threat_overlord,cf34_counter_wall,forty_overlord_impending,sixty_counterwall_jace,threat_rush,counterfactual_ranker_blend_counter_rev0034,land_band_business,mulligan_outcome_ranker_rev0027,20,0,5858008,5858008,6858011,0,1.0,0.0,1.0,0.0,False,False,player_1_attempted_to_draw_from_empty_library,406,0,34,draw_half_reporting_terminal_only_training,public_decision_frame,1.0,0.0,g00008_A_original_size_skew_life20_seat1_sp0_r0,900,True,terminal,A_original_size_skew,Replicate the exact rev0056 size-skewed target/opponent contrast as the anchor.,"If this reproduces library-out wins, the new panel is anchored to rev0056.",cf34_counter_wall,pub_threat_overlord,sixty_counterwall_jace,forty_overlord_impending,counterfactual_ranker_blend_counter_rev0034,threat_rush,mulligan_outcome_ranker_rev0027,land_band_business,60,40,1,0,0.0,0.0,1,target_loss,library_out,1,target,False,False
rev0058,pub_threat_overlord,cf34_counter_wall,forty_overlord_impending,sixty_counterwall_jace,threat_rush,counterfactual_ranker_blend_counter_rev0034,land_band_business,mulligan_outcome_ranker_rev0027,20,0,5858009,5858009,6858012,1,0.0,1.0,0.0,1.0,False,False,player_0_life_total_zero_or_less,152,0,16,draw_half_reporting_terminal_only_training,public_decision_frame,0.0,1.0,g00009_A_original_size_skew_life20_seat1_sp0_r1,900,True,terminal,A_original_size_skew,Replicate the exact rev0056 size-skewed target/opponent contrast as the anchor.,"If this reproduces library-out wins, the new panel is anchored to rev0056.",cf34_counter_wall,pub_threat_overlord,sixty_counterwall_jace,forty_overlord_impending,counterfactual_ranker_blend_counter_rev0034,threat_rush,mulligan_outcome_ranker_rev0027,land_band_business,60,40,1,1,1.0,1.0,1,target_win,life_total,0,opponent,False,True
rev0058,pub_threat_overlord,cf34_counter_wall,forty_overlord_impending,sixty_counterwall_jace,threat_rush,counterfactual_ranker_blend_counter_rev0034,land_band_business,mulligan_outcome_ranker_rev0027,20,0,5858010,5858010,6858013,1,0.0,1.0,0.0,1.0,False,False,player_0_attempted_to_draw_from_empty_library,318,0,27,draw_half_reporting_terminal_only_training,public_decision_frame,0.0,1.0,g00010_A_original_size_skew_life20_seat1_sp0_r2,900,True,terminal,A_original_size_skew,Replicate the exact rev0056 size-skewed target/opponent contrast as the anchor.,"If this reproduces library-out wins, the new panel is anchored to rev0056.",cf34_counter_wall,pub_threat_overlord,sixty_counterwall_jace,forty_overlord_impending,counterfactual_ranker_blend_counter_rev0034,threat_rush,mulligan_outcome_ranker_rev0027,land_band_business,60,40,1,2,1.0,1.0,1,target_win,library_out,0,opponent,True,False
rev0058,pub_threat_overlord,cf34_counter_wall,forty_overlord_impending,sixty_counterwall_jace,threat_rush,counterfactual_ranker_blend_counter_rev0034,land_band_business,mulligan_outcome_ranker_rev0027,20,0,5858011,5858011,6858014,1,0.0,1.0,0.0,1.0,False,False,player_0_attempted_to_draw_from_empty_library,257,0,23,draw_half_reporting_terminal_only_training,public_decision_frame,0.0,1.0,g00011_A_original_size_skew_life20_seat1_sp0_r3,900,True,terminal,A_original_size_skew,Replicate the exact rev0056 size-skewed target/opponent contrast as the anchor.,"If this reproduces library-out wins, the new panel is anchored to rev0056.",cf34_counter_wall,pub_threat_overlord,sixty_counterwall_jace,forty_overlord_impending,counterfactual_ranker_blend_counter_rev0034,threat_rush,mulligan_outcome_ranker_rev0027,land_band_business,60,40,1,3,1.0,1.0,1,target_win,library_out,0,opponent,True,False
rev0058,pub_threat_overlord,cf34_counter_wall,forty_overlord_impending,sixty_counterwall_jace,threat_rush,counterfactual_ranker_blend_counter_rev0034,land_band_business,mulligan_outcome_ranker_rev0027,20,1,5858012,5858012,6858015,1,0.0,1.0,0.0,1.0,False,False,player_0_attempted_to_draw_from_empty_library,222,0,18,draw_half_reporting_terminal_only_training,public_decision_frame,0.0,1.0,g00012_A_original_size_skew_life20_seat1_sp1_r0,900,True,terminal,A_original_size_skew,Replicate the exact rev0056 size-skewed target/opponent contrast as the anchor.,"If this reproduces library-out wins, the new panel is anchored to rev0056.",cf34_counter_wall,pub_threat_overlord,sixty_counterwall_jace,forty_overlord_impending,counterfactual_ranker_blend_counter_rev0034,threat_rush,mulligan_outcome_ranker_rev0027,land_band_business,60,40,1,0,1.0,1.0,1,target_win,library_out,0,opponent,True,False
rev0058,pub_threat_overlord,cf34_counter_wall,forty_overlord_impending,sixty_counterwall_jace,threat_rush,counterfactual_ranker_blend_counter_rev0034,land_band_business,mulligan_outcome_ranker_rev0027,20,1,5858013,5858013,6858016,1,0.0,1.0,0.0,1.0,False,False,player_0_life_total_zero_or_less,298,0,23,draw_half_reporting_terminal_only_training,public_decision_frame,0.0,1.0,g00013_A_original_size_skew_life20_seat1_sp1_r1,900,True,terminal,A_original_size_skew,Replicate the exact rev0056 size-skewed target/opponent contrast as the anchor.,"If this reproduces library-out wins, the new panel is anchored to rev0056.",cf34_counter_wall,pub_threat_overlord,sixty_counterwall_jace,forty_overlord_impending,counterfactual_ranker_blend_counter_rev0034,threat_rush,mulligan_outcome_ranker_rev0027,land_band_business,60,40,1,1,1.0,1.0,1,target_win,life_total,0,opponent,False,True
rev0058,pub_threat_overlord,cf34_counter_wall,forty_overlord_impending,sixty_counterwall_jace,threat_rush,counterfactual_ranker_blend_counter_rev0034,land_band_business,mulligan_outcome_ranker_rev0027,20,1,5858014,5858014,6858017,1,0.0,1.0,0.0,1.0,False,False,player_0_attempted_to_draw_from_empty_library,254,0,21,draw_half_reporting_terminal_only_training,public_decision_frame,0.0,1.0,g00014_A_original_size_skew_life20_seat1_sp1_r2,900,True,terminal,A_original_size_skew,Replicate the exact rev0056 size-skewed target/opponent contrast as the anchor.,"If this reproduces library-out wins, the new panel is anchored to rev0056.",cf34_counter_wall,pub_threat_overlord,sixty_counterwall_jace,forty_overlord_impending,counterfactual_ranker_blend_counter_rev0034,threat_rush,mulligan_outcome_ranker_rev0027,land_band_business,60,40,1,2,1.0,1.0,1,target_win,library_out,0,opponent,True,False
rev0058,pub_threat_overlord,cf34_counter_wall,forty_overlord_impending,sixty_counterwall_jace,threat_rush,counterfactual_ranker_blend_counter_rev0034,land_band_business,mulligan_outcome_ranker_rev0027,20,1,5858015,5858015,6858018,0,1.0,0.0,1.0,0.0,False,False,player_1_life_total_zero_or_less,120,0,10,draw_half_reporting_terminal_only_training,public_decision_frame,1.0,0.0,g00015_A_original_size_skew_life20_seat1_sp1_r3,900,True,terminal,A_original_size_skew,Replicate the exact rev0056 size-skewed target/opponent contrast as the anchor.,"If this reproduces library-out wins, the new panel is anchored to rev0056.",cf34_counter_wall,pub_threat_overlord,sixty_counterwall_jace,forty_overlord_impending,counterfactual_ranker_blend_counter_rev0034,threat_rush,mulligan_outcome_ranker_rev0027,land_band_business,60,40,1,3,0.0,0.0,1,target_loss,life_total,1,target,False,False
rev0058,cf34_counter_wall,pub_threat_overlord,sixty_counterwall_jace,forty_overlord_impending,counterfactual_ranker_blend_counter_rev0034,threat_rush,mulligan_outcome_ranker_rev0027,land_band_business,40,0,5858016,5858016,6858019,1,0.0,1.0,0.0,1.0,False,False,player_0_life_total_zero_or_less,155,0,14,draw_half_reporting_terminal_only_training,public_decision_frame,0.0,1.0,g00016_A_original_size_skew_life40_seat0_sp0_r0,900,True,terminal,A_original_size_skew,Replicate the exact rev0056 size-skewed target/opponent contrast as the anchor.,"If this reproduces library-out wins, the new panel is anchored to rev0056.",cf34_counter_wall,pub_threat_overlord,sixty_counterwall_jace,forty_overlord_impending,counterfactual_ranker_blend_counter_rev0034,threat_rush,mulligan_outcome_ranker_rev0027,land_band_business,60,40,0,0,0.0,0.0,0,target_loss,life_total,0,target,False,False
rev0058,cf34_counter_wall,pub_threat_overlord,sixty_counterwall_jace,forty_overlord_impending,counterfactual_ranker_blend_counter_rev0034,threat_rush,mulligan_outcome_ranker_rev0027,land_band_business,40,0,5858017,5858017,6858020,0,1.0,0.0,1.0,0.0,False,False,player_1_attempted_to_draw_from_empty_library,378,0,34,draw_half_reporting_terminal_only_training,public_decision_frame,1.0,0.0,g00017_A_original_size_skew_life40_seat0_sp0_r1,900,True,terminal,A_original_size_skew,Replicate the exact rev0056 size-skewed target/opponent contrast as the anchor.,"If this reproduces library-out wins, the new panel is anchored to rev0056.",cf34_counter_wall,pub_threat_overlord,sixty_counterwall_jace,forty_overlord_impending,counterfactual_ranker_blend_counter_rev0034,threat_rush,mulligan_outcome_ranker_rev0027,land_band_business,60,40,0,1,1.0,1.0,0,target_win,library_out,1,opponent,True,False
rev0058,cf34_counter_wall,pub_threat_overlord,sixty_counterwall_jace,forty_overlord_impending,counterfactual_ranker_blend_counter_rev0034,threat_rush,mulligan_outcome_ranker_rev0027,land_band_business,40,0,5858018,5858018,6858021,1,0.0,1.0,0.0,1.0,False,False,player_0_attempted_to_draw_from_empty_library,375,0,29,draw_half_reporting_terminal_only_training,public_decision_frame,0.0,1.0,g00018_A_original_size_skew_life40_seat0_sp0_r2,900,True,terminal,A_original_size_skew,Replicate the exact rev0056 size-skewed target/opponent contrast as the anchor.,"If this reproduces library-out wins, the new panel is anchored to rev0056.",cf34_counter_wall,pub_threat_overlord,sixty_counterwall_jace,forty_overlord_impending,counterfactual_ranker_blend_counter_rev0034,threat_rush,mulligan_outcome_ranker_rev0027,land_band_business,60,40,0,2,0.0,0.0,0,target_loss,library_out,0,target,False,False
rev0058,cf34_counter_wall,pub_threat_overlord,sixty_counterwall_jace,forty_overlord_impending,counterfactual_ranker_blend_counter_rev0034,threat_rush,mulligan_outcome_ranker_rev0027,land_band_business,40,0,5858019,5858019,6858022,0,1.0,0.0,1.0,0.0,False,False,player_1_attempted_to_draw_from_empty_library,280,0,26,draw_half_reporting_terminal_only_training,public_decision_frame,1.0,0.0,g00019_A_original_size_skew_life40_seat0_sp0_r3,900,True,terminal,A_original_size_skew,Replicate the exact rev0056 size-skewed target/opponent contrast as the anchor.,"If this reproduces library-out wins, the new panel is anchored to rev0056.",cf34_counter_wall,pub_threat_overlord,sixty_counterwall_jace,forty_overlord_impending,counterfactual_ranker_blend_counter_rev0034,threat_rush,mulligan_outcome_ranker_rev0027,land_band_business,60,40,0,3,1.0,1.0,0,target_win,library_out,1,opponent,True,False
rev0058,cf34_counter_wall,pub_threat_overlord,sixty_counterwall_jace,forty_overlord_impending,counterfactual_ranker_blend_counter_rev0034,threat_rush,mulligan_outcome_ranker_rev0027,land_band_business,40,1,5858020,5858020,6858023,1,0.0,1.0,0.0,1.0,False,False,player_0_attempted_to_draw_from_empty_library,354,0,27,draw_half_reporting_terminal_only_training,public_decision_frame,0.0,1.0,g00020_A_original_size_skew_life40_seat0_sp1_r0,900,True,terminal,A_original_size_skew,Replicate the exact rev0056 size-skewed target/opponent contrast as the anchor.,"If this reproduces library-out wins, the new panel is anchored to rev0056.",cf34_counter_wall,pub_threat_overlord,sixty_counterwall_jace,forty_overlord_impending,counterfactual_ranker_blend_counter_rev0034,threat_rush,mulligan_outcome_ranker_rev0027,land_band_business,60,40,0,0,0.0,0.0,0,target_loss,library_out,0,target,False,False
rev0058,cf34_counter_wall,pub_threat_overlord,sixty_counterwall_jace,forty_overlord_impending,counterfactual_ranker_blend_counter_rev0034,threat_rush,mulligan_outcome_ranker_rev0027,land_band_business,40,1,5858021,5858021,6858024,0,1.0,0.0,1.0,0.0,False,False,player_1_attempted_to_draw_from_empty_library,229,0,18,draw_half_reporting_terminal_only_training,public_decision_frame,1.0,0.0,g00021_A_original_size_skew_life40_seat0_sp1_r1,900,True,terminal,A_original_size_skew,Replicate the exact rev0056 size-skewed target/opponent contrast as the anchor.,"If this reproduces library-out wins, the new panel is anchored to rev0056.",cf34_counter_wall,pub_threat_overlord,sixty_counterwall_jace,forty_overlord_impending,counterfactual_ranker_blend_counter_rev0034,threat_rush,mulligan_outcome_ranker_rev0027,land_band_business,60,40,0,1,1.0,1.0,0,target_win,library_out,1,opponent,True,False
rev0058,cf34_counter_wall,pub_threat_overlord,sixty_counterwall_jace,forty_overlord_impending,counterfactual_ranker_blend_counter_rev0034,threat_rush,mulligan_outcome_ranker_rev0027,land_band_business,40,1,5858022,5858022,6858025,0,1.0,0.0,1.0,0.0,False,False,player_1_attempted_to_draw_from_empty_library,330,0,30,draw_half_reporting_terminal_only_training,public_decision_frame,1.0,0.0,g00022_A_original_size_skew_life40_seat0_sp1_r2,900,True,terminal,A_original_size_skew,Replicate the exact rev0056 size-skewed target/opponent contrast as the anchor.,"If this reproduces library-out wins, the new panel is anchored to rev0056.",cf34_counter_wall,pub_threat_overlord,sixty_counterwall_jace,forty_overlord_impending,counterfactual_ranker_blend_counter_rev0034,threat_rush,mulligan_outcome_ranker_rev0027,land_band_business,60,40,0,2,1.0,1.0,0,target_win,library_out,1,opponent,True,False
rev0058,cf34_counter_wall,pub_threat_overlord,sixty_counterwall_jace,forty_overlord_impending,counterfactual_ranker_blend_counter_rev0034,threat_rush,mulligan_outcome_ranker_rev0027,land_band_business,40,1,5858023,5858023,6858026,0,1.0,0.0,1.0,0.0,False,False,player_1_attempted_to_draw_from_empty_library,172,0,13,draw_half_reporting_terminal_only_training,public_decision_frame,1.0,0.0,g00023_A_original_size_skew_life40_seat0_sp1_r3,900,True,terminal,A_original_size_skew,Replicate the exact rev0056 size-skewed target/opponent contrast as the anchor.,"If this reproduces library-out wins, the new panel is anchored to rev0056.",cf34_counter_wall,pub_threat_overlord,sixty_counterwall_jace,forty_overlord_impending,counterfactual_ranker_blend_counter_rev0034,threat_rush,mulligan_outcome_ranker_rev0027,land_band_business,60,40,0,3,1.0,1.0,0,target_win,library_out,1,opponent,True,False
rev0058,pub_threat_overlord,cf34_counter_wall,forty_overlord_impending,sixty_counterwall_jace,threat_rush,counterfactual_ranker_blend_counter_rev0034,land_band_business,mulligan_outcome_ranker_rev0027,40,0,5858024,5858024,6858027,1,0.0,1.0,0.0,1.0,False,False,player_0_attempted_to_draw_from_empty_library,357,0,33,draw_half_reporting_terminal_only_training,public_decision_frame,0.0,1.0,g00024_A_original_size_skew_life40_seat1_sp0_r0,900,True,terminal,A_original_size_skew,Replicate the exact rev0056 size-skewed target/opponent contrast as the anchor.,"If this reproduces library-out wins, the new panel is anchored to rev0056.",cf34_counter_wall,pub_threat_overlord,sixty_counterwall_jace,forty_overlord_impending,counterfactual_ranker_blend_counter_rev0034,threat_rush,mulligan_outcome_ranker_rev0027,land_band_business,60,40,1,0,1.0,1.0,1,target_win,library_out,0,opponent,True,False
rev0058,pub_threat_overlord,cf34_counter_wall,forty_overlord_impending,sixty_counterwall_jace,threat_rush,counterfactual_ranker_blend_counter_rev0034,land_band_business,mulligan_outcome_ranker_rev0027,40,0,5858025,5858025,6858028,1,0.0,1.0,0.0,1.0,False,False,player_0_life_total_zero_or_less,157,0,15,draw_half_reporting_terminal_only_training,public_decision_frame,0.0,1.0,g00025_A_original_size_skew_life40_seat1_sp0_r1,900,True,terminal,A_original_size_skew,Replicate the exact rev0056 size-skewed target/opponent contrast as the anchor.,"If this reproduces library-out wins, the new panel is anchored to rev0056.",cf34_counter_wall,pub_threat_overlord,sixty_counterwall_jace,forty_overlord_impending,counterfactual_ranker_blend_counter_rev0034,threat_rush,mulligan_outcome_ranker_rev0027,land_band_business,60,40,1,1,1.0,1.0,1,target_win,life_total,0,opponent,False,True
rev0058,pub_threat_overlord,cf34_counter_wall,forty_overlord_impending,sixty_counterwall_jace,threat_rush,counterfactual_ranker_blend_counter_rev0034,land_band_business,mulligan_outcome_ranker_rev0027,40,0,5858026,5858026,6858029,1,0.0,1.0,0.0,1.0,False,False,player_0_life_total_zero_or_less,171,0,15,draw_half_reporting_terminal_only_training,public_decision_frame,0.0,1.0,g00026_A_original_size_skew_life40_seat1_sp0_r2,900,True,terminal,A_original_size_skew,Replicate the exact rev0056 size-skewed target/opponent contrast as the anchor.,"If this reproduces library-out wins, the new panel is anchored to rev0056.",cf34_counter_wall,pub_threat_overlord,sixty_counterwall_jace,forty_overlord_impending,counterfactual_ranker_blend_counter_rev0034,threat_rush,mulligan_outcome_ranker_rev0027,land_band_business,60,40,1,2,1.0,1.0,1,target_win,life_total,0,opponent,False,True
rev0058,pub_threat_overlord,cf34_counter_wall,forty_overlord_impending,sixty_counterwall_jace,threat_rush,counterfactual_ranker_blend_counter_rev0034,land_band_business,mulligan_outcome_ranker_rev0027,40,0,5858027,5858027,6858030,1,0.0,1.0,0.0,1.0,False,False,player_0_attempted_to_draw_from_empty_library,238,0,23,draw_half_reporting_terminal_only_training,public_decision_frame,0.0,1.0,g00027_A_original_size_skew_life40_seat1_sp0_r3,900,True,terminal,A_original_size_skew,Replicate the exact rev0056 size-skewed target/opponent contrast as the anchor.,"If this reproduces library-out wins, the new panel is anchored to rev0056.",cf34_counter_wall,pub_threat_overlord,sixty_counterwall_jace,forty_overlord_impending,counterfactual_ranker_blend_counter_rev0034,threat_rush,mulligan_outcome_ranker_rev0027,land_band_business,60,40,1,3,1.0,1.0,1,target_win,library_out,0,opponent,True,False
rev0058,pub_threat_overlord,cf34_counter_wall,forty_overlord_impending,sixty_counterwall_jace,threat_rush,counterfactual_ranker_blend_counter_rev0034,land_band_business,mulligan_outcome_ranker_rev0027,40,1,5858028,5858028,6858031,1,0.0,1.0,0.0,1.0,False,False,player_0_attempted_to_draw_from_empty_library,207,0,18,draw_half_reporting_terminal_only_training,public_decision_frame,0.0,1.0,g00028_A_original_size_skew_life40_seat1_sp1_r0,900,True,terminal,A_original_size_skew,Replicate the exact rev0056 size-skewed target/opponent contrast as the anchor.,"If this reproduces library-out wins, the new panel is anchored to rev0056.",cf34_counter_wall,pub_threat_overlord,sixty_counterwall_jace,forty_overlord_impending,counterfactual_ranker_blend_counter_rev0034,threat_rush,mulligan_outcome_ranker_rev0027,land_band_business,60,40,1,0,1.0,1.0,1,target_win,library_out,0,opponent,True,False
rev0058,pub_threat_overlord,cf34_counter_wall,forty_overlord_impending,sixty_counterwall_jace,threat_rush,counterfactual_ranker_blend_counter_rev0034,land_band_business,mulligan_outcome_ranker_rev0027,40,1,5858029,5858029,6858032,0,1.0,0.0,1.0,0.0,False,False,player_1_attempted_to_draw_from_empty_library,381,0,30,draw_half_reporting_terminal_only_training,public_decision_frame,1.0,0.0,g00029_A_original_size_skew_life40_seat1_sp1_r1,900,True,terminal,A_original_size_skew,Replicate the exact rev0056 size-skewed target/opponent contrast as the anchor.,"If this reproduces library-out wins, the new panel is anchored to rev0056.",cf34_counter_wall,pub_threat_overlord,sixty_counterwall_jace,forty_overlord_impending,counterfactual_ranker_blend_counter_rev0034,threat_rush,mulligan_outcome_ranker_rev0027,land_band_business,60,40,1,1,0.0,0.0,1,target_loss,library_out,1,target,False,False
rev0058,pub_threat_overlord,cf34_counter_wall,forty_overlord_impending,sixty_counterwall_jace,threat_rush,counterfactual_ranker_blend_counter_rev0034,land_band_business,mulligan_outcome_ranker_rev0027,40,1,5858030,5858030,6858033,1,0.0,1.0,0.0,1.0,False,False,player_0_attempted_to_draw_from_empty_library,244,0,20,draw_half_reporting_terminal_only_training,public_decision_frame,0.0,1.0,g00030_A_original_size_skew_life40_seat1_sp1_r2,900,True,terminal,A_original_size_skew,Replicate the exact rev0056 size-skewed target/opponent contrast as the anchor.,"If this reproduces library-out wins, the new panel is anchored to rev0056.",cf34_counter_wall,pub_threat_overlord,sixty_counterwall_jace,forty_overlord_impending,counterfactual_ranker_blend_counter_rev0034,threat_rush,mulligan_outcome_ranker_rev0027,land_band_business,60,40,1,2,1.0,1.0,1,target_win,library_out,0,opponent,True,False
rev0058,pub_threat_overlord,cf34_counter_wall,forty_overlord_impending,sixty_counterwall_jace,threat_rush,counterfactual_ranker_blend_counter_rev0034,land_band_business,mulligan_outcome_ranker_rev0027,40,1,5858031,5858031,6858034,0,1.0,0.0,1.0,0.0,False,False,player_1_attempted_to_draw_from_empty_library,375,0,28,draw_half_reporting_terminal_only_training,public_decision_frame,1.0,0.0,g00031_A_original_size_skew_life40_seat1_sp1_r3,900,True,terminal,A_original_size_skew,Replicate the exact rev0056 size-skewed target/opponent contrast as the anchor.,"If this reproduces library-out wins, the new panel is anchored to rev0056.",cf34_counter_wall,pub_threat_overlord,sixty_counterwall_jace,forty_overlord_impending,counterfactual_ranker_blend_counter_rev0034,threat_rush,mulligan_outcome_ranker_rev0027,land_band_business,60,40,1,3,0.0,0.0,1,target_loss,library_out,1,target,False,False
rev0058,cf34pilot_on_overlord40,threatpilot_on_counter60,forty_overlord_impending,sixty_counterwall_jace,counterfactual_ranker_blend_counter_rev0034,threat_rush,mulligan_outcome_ranker_rev0027,land_band_business,20,0,5858032,5858032,6858035,0,1.0,0.0,1.0,0.0,False,False,player_1_attempted_to_draw_from_empty_library,385,0,29,draw_half_reporting_terminal_only_training,public_decision_frame,1.0,0.0,g00032_B_pilot_swap_size_skew_life20_seat0_sp0_r0,900,True,terminal,B_pilot_swap_size_skew,Swap pilots and mulligan policies across the same two deck shells.,"If the cf34 pilot still wins, the edge follows pilot; if not, it follows the deck shell/size.",cf34pilot_on_overlord40,threatpilot_on_counter60,forty_overlord_impending,sixty_counterwall_jace,counterfactual_ranker_blend_counter_rev0034,threat_rush,mulligan_outcome_ranker_rev0027,land_band_business,40,60,0,0,1.0,1.0,0,target_win,library_out,1,opponent,True,False
rev0058,cf34pilot_on_overlord40,threatpilot_on_counter60,forty_overlord_impending,sixty_counterwall_jace,counterfactual_ranker_blend_counter_rev0034,threat_rush,mulligan_outcome_ranker_rev0027,land_band_business,20,0,5858033,5858033,6858036,1,0.0,1.0,0.0,1.0,False,False,player_0_attempted_to_draw_from_empty_library,280,0,18,draw_half_reporting_terminal_only_training,public_decision_frame,0.0,1.0,g00033_B_pilot_swap_size_skew_life20_seat0_sp0_r1,900,True,terminal,B_pilot_swap_size_skew,Swap pilots and mulligan policies across the same two deck shells.,"If the cf34 pilot still wins, the edge follows pilot; if not, it follows the deck shell/size.",cf34pilot_on_overlord40,threatpilot_on_counter60,forty_overlord_impending,sixty_counterwall_jace,counterfactual_ranker_blend_counter_rev0034,threat_rush,mulligan_outcome_ranker_rev0027,land_band_business,40,60,0,1,0.0,0.0,0,target_loss,library_out,0,target,False,False
rev0058,cf34pilot_on_overlord40,threatpilot_on_counter60,forty_overlord_impending,sixty_counterwall_jace,counterfactual_ranker_blend_counter_rev0034,threat_rush,mulligan_outcome_ranker_rev0027,land_band_business,20,0,5858034,5858034,6858037,1,0.0,1.0,0.0,1.0,False,False,player_0_attempted_to_draw_from_empty_library,258,0,16,draw_half_reporting_terminal_only_training,public_decision_frame,0.0,1.0,g00034_B_pilot_swap_size_skew_life20_seat0_sp0_r2,900,True,terminal,B_pilot_swap_size_skew,Swap pilots and mulligan policies across the same two deck shells.,"If the cf34 pilot still wins, the edge follows pilot; if not, it follows the deck shell/size.",cf34pilot_on_overlord40,threatpilot_on_counter60,forty_overlord_impending,sixty_counterwall_jace,counterfactual_ranker_blend_counter_rev0034,threat_rush,mulligan_outcome_ranker_rev0027,land_band_business,40,60,0,2,0.0,0.0,0,target_loss,library_out,0,target,False,False
rev0058,cf34pilot_on_overlord40,threatpilot_on_counter60,forty_overlord_impending,sixty_counterwall_jace,counterfactual_ranker_blend_counter_rev0034,threat_rush,mulligan_outcome_ranker_rev0027,land_band_business,20,0,5858035,5858035,6858038,0,1.0,0.0,1.0,0.0,False,False,player_1_life_total_zero_or_less,216,0,22,draw_half_reporting_terminal_only_training,public_decision_frame,1.0,0.0,g00035_B_pilot_swap_size_skew_life20_seat0_sp0_r3,900,True,terminal,B_pilot_swap_size_skew,Swap pilots and mulligan policies across the same two deck shells.,"If the cf34 pilot still wins, the edge follows pilot; if not, it follows the deck shell/size.",cf34pilot_on_overlord40,threatpilot_on_counter60,forty_overlord_impending,sixty_counterwall_jace,counterfactual_ranker_blend_counter_rev0034,threat_rush,mulligan_outcome_ranker_rev0027,land_band_business,40,60,0,3,1.0,1.0,0,target_win,life_total,1,opponent,False,True
rev0058,cf34pilot_on_overlord40,threatpilot_on_counter60,forty_overlord_impending,sixty_counterwall_jace,counterfactual_ranker_blend_counter_rev0034,threat_rush,mulligan_outcome_ranker_rev0027,land_band_business,20,1,5858036,5858036,6858039,1,0.0,1.0,0.0,1.0,False,False,player_0_attempted_to_draw_from_empty_library,244,0,21,draw_half_reporting_terminal_only_training,public_decision_frame,0.0,1.0,g00036_B_pilot_swap_size_skew_life20_seat0_sp1_r0,900,True,terminal,B_pilot_swap_size_skew,Swap pilots and mulligan policies across the same two deck shells.,"If the cf34 pilot still wins, the edge follows pilot; if not, it follows the deck shell/size.",cf34pilot_on_overlord40,threatpilot_on_counter60,forty_overlord_impending,sixty_counterwall_jace,counterfactual_ranker_blend_counter_rev0034,threat_rush,mulligan_outcome_ranker_rev0027,land_band_business,40,60,0,0,0.0,0.0,0,target_loss,library_out,0,target,False,False
rev0058,cf34pilot_on_overlord40,threatpilot_on_counter60,forty_overlord_impending,sixty_counterwall_jace,counterfactual_ranker_blend_counter_rev0034,threat_rush,mulligan_outcome_ranker_rev0027,land_band_business,20,1,5858037,5858037,6858040,0,1.0,0.0,1.0,0.0,False,False,player_1_life_total_zero_or_less,123,0,12,draw_half_reporting_terminal_only_training,public_decision_frame,1.0,0.0,g00037_B_pilot_swap_size_skew_life20_seat0_sp1_r1,900,True,terminal,B_pilot_swap_size_skew,Swap pilots and mulligan policies across the same two deck shells.,"If the cf34 pilot still wins, the edge follows pilot; if not, it follows the deck shell/size.",cf34pilot_on_overlord40,threatpilot_on_counter60,forty_overlord_impending,sixty_counterwall_jace,counterfactual_ranker_blend_counter_rev0034,threat_rush,mulligan_outcome_ranker_rev0027,land_band_business,40,60,0,1,1.0,1.0,0,target_win,life_total,1,opponent,False,True
rev0058,cf34pilot_on_overlord40,threatpilot_on_counter60,forty_overlord_impending,sixty_counterwall_jace,counterfactual_ranker_blend_counter_rev0034,threat_rush,mulligan_outcome_ranker_rev0027,land_band_business,20,1,5858038,5858038,6858041,1,0.0,1.0,0.0,1.0,False,False,player_0_attempted_to_draw_from_empty_library,393,0,35,draw_half_reporting_terminal_only_training,public_decision_frame,0.0,1.0,g00038_B_pilot_swap_size_skew_life20_seat0_sp1_r2,900,True,terminal,B_pilot_swap_size_skew,Swap pilots and mulligan policies across the same two deck shells.,"If the cf34 pilot still wins, the edge follows pilot; if not, it follows the deck shell/size.",cf34pilot_on_overlord40,threatpilot_on_counter60,forty_overlord_impending,sixty_counterwall_jace,counterfactual_ranker_blend_counter_rev0034,threat_rush,mulligan_outcome_ranker_rev0027,land_band_business,40,60,0,2,0.0,0.0,0,target_loss,library_out,0,target,False,False
rev0058,cf34pilot_on_overlord40,threatpilot_on_counter60,forty_overlord_impending,sixty_counterwall_jace,counterfactual_ranker_blend_counter_rev0034,threat_rush,mulligan_outcome_ranker_rev0027,land_band_business,20,1,5858039,5858039,6858042,1,0.0,1.0,0.0,1.0,False,False,player_0_attempted_to_draw_from_empty_library,305,0,28,draw_half_reporting_terminal_only_training,public_decision_frame,0.0,1.0,g00039_B_pilot_swap_size_skew_life20_seat0_sp1_r3,900,True,terminal,B_pilot_swap_size_skew,Swap pilots and mulligan policies across the same two deck shells.,"If the cf34 pilot still wins, the edge follows pilot; if not, it follows the deck shell/size.",cf34pilot_on_overlord40,threatpilot_on_counter60,forty_overlord_impending,sixty_counterwall_jace,counterfactual_ranker_blend_counter_rev0034,threat_rush,mulligan_outcome_ranker_rev0027,land_band_business,40,60,0,3,0.0,0.0,0,target_loss,library_out,0,target,False,False
rev0058,threatpilot_on_counter60,cf34pilot_on_overlord40,sixty_counterwall_jace,forty_overlord_impending,threat_rush,counterfactual_ranker_blend_counter_rev0034,land_band_business,mulligan_outcome_ranker_rev0027,20,0,5858040,5858040,6858043,1,0.0,1.0,0.0,1.0,False,False,player_0_attempted_to_draw_from_empty_library,385,0,29,draw_half_reporting_terminal_only_training,public_decision_frame,0.0,1.0,g00040_B_pilot_swap_size_skew_life20_seat1_sp0_r0,900,True,terminal,B_pilot_swap_size_skew,Swap pilots and mulligan policies across the same two deck shells.,"If the cf34 pilot still wins, the edge follows pilot; if not, it follows the deck shell/size.",cf34pilot_on_overlord40,threatpilot_on_counter60,forty_overlord_impending,sixty_counterwall_jace,counterfactual_ranker_blend_counter_rev0034,threat_rush,mulligan_outcome_ranker_rev0027,land_band_business,40,60,1,0,1.0,1.0,1,target_win,library_out,0,opponent,True,False
rev0058,threatpilot_on_counter60,cf34pilot_on_overlord40,sixty_counterwall_jace,forty_overlord_impending,threat_rush,counterfactual_ranker_blend_counter_rev0034,land_band_business,mulligan_outcome_ranker_rev0027,20,0,5858041,5858041,6858044,1,0.0,1.0,0.0,1.0,False,False,player_0_attempted_to_draw_from_empty_library,340,0,28,draw_half_reporting_terminal_only_training,public_decision_frame,0.0,1.0,g00041_B_pilot_swap_size_skew_life20_seat1_sp0_r1,900,True,terminal,B_pilot_swap_size_skew,Swap pilots and mulligan policies across the same two deck shells.,"If the cf34 pilot still wins, the edge follows pilot; if not, it follows the deck shell/size.",cf34pilot_on_overlord40,threatpilot_on_counter60,forty_overlord_impending,sixty_counterwall_jace,counterfactual_ranker_blend_counter_rev0034,threat_rush,mulligan_outcome_ranker_rev0027,land_band_business,40,60,1,1,1.0,1.0,1,target_win,library_out,0,opponent,True,False
rev0058,threatpilot_on_counter60,cf34pilot_on_overlord40,sixty_counterwall_jace,forty_overlord_impending,threat_rush,counterfactual_ranker_blend_counter_rev0034,land_band_business,mulligan_outcome_ranker_rev0027,20,0,5858042,5858042,6858045,0,1.0,0.0,1.0,0.0,False,False,player_1_attempted_to_draw_from_empty_library,253,0,21,draw_half_reporting_terminal_only_training,public_decision_frame,1.0,0.0,g00042_B_pilot_swap_size_skew_life20_seat1_sp0_r2,900,True,terminal,B_pilot_swap_size_skew,Swap pilots and mulligan policies across the same two deck shells.,"If the cf34 pilot still wins, the edge follows pilot; if not, it follows the deck shell/size.",cf34pilot_on_overlord40,threatpilot_on_counter60,forty_overlord_impending,sixty_counterwall_jace,counterfactual_ranker_blend_counter_rev0034,threat_rush,mulligan_outcome_ranker_rev0027,land_band_business,40,60,1,2,0.0,0.0,1,target_loss,library_out,1,target,False,False
rev0058,threatpilot_on_counter60,cf34pilot_on_overlord40,sixty_counterwall_jace,forty_overlord_impending,threat_rush,counterfactual_ranker_blend_counter_rev0034,land_band_business,mulligan_outcome_ranker_rev0027,20,0,5858043,5858043,6858046,0,1.0,0.0,1.0,0.0,False,False,player_1_attempted_to_draw_from_empty_library,325,0,24,draw_half_reporting_terminal_only_training,public_decision_frame,1.0,0.0,g00043_B_pilot_swap_size_skew_life20_seat1_sp0_r3,900,True,terminal,B_pilot_swap_size_skew,Swap pilots and mulligan policies across the same two deck shells.,"If the cf34 pilot still wins, the edge follows pilot; if not, it follows the deck shell/size.",cf34pilot_on_overlord40,threatpilot_on_counter60,forty_overlord_impending,sixty_counterwall_jace,counterfactual_ranker_blend_counter_rev0034,threat_rush,mulligan_outcome_ranker_rev0027,land_band_business,40,60,1,3,0.0,0.0,1,target_loss,library_out,1,target,False,False
rev0058,threatpilot_on_counter60,cf34pilot_on_overlord40,sixty_counterwall_jace,forty_overlord_impending,threat_rush,counterfactual_ranker_blend_counter_rev0034,land_band_business,mulligan_outcome_ranker_rev0027,20,1,5858044,5858044,6858047,0,1.0,0.0,1.0,0.0,False,False,player_1_attempted_to_draw_from_empty_library,290,0,20,draw_half_reporting_terminal_only_training,public_decision_frame,1.0,0.0,g00044_B_pilot_swap_size_skew_life20_seat1_sp1_r0,900,True,terminal,B_pilot_swap_size_skew,Swap pilots and mulligan policies across the same two deck shells.,"If the cf34 pilot still wins, the edge follows pilot; if not, it follows the deck shell/size.",cf34pilot_on_overlord40,threatpilot_on_counter60,forty_overlord_impending,sixty_counterwall_jace,counterfactual_ranker_blend_counter_rev0034,threat_rush,mulligan_outcome_ranker_rev0027,land_band_business,40,60,1,0,0.0,0.0,1,target_loss,library_out,1,target,False,False
rev0058,threatpilot_on_counter60,cf34pilot_on_overlord40,sixty_counterwall_jace,forty_overlord_impending,threat_rush,counterfactual_ranker_blend_counter_rev0034,land_band_business,mulligan_outcome_ranker_rev0027,20,1,5858045,5858045,6858048,0,1.0,0.0,1.0,0.0,False,False,player_1_attempted_to_draw_from_empty_library,287,0,19,draw_half_reporting_terminal_only_training,public_decision_frame,1.0,0.0,g00045_B_pilot_swap_size_skew_life20_seat1_sp1_r1,900,True,terminal,B_pilot_swap_size_skew,Swap pilots and mulligan policies across the same two deck shells.,"If the cf34 pilot still wins, the edge follows pilot; if not, it follows the deck shell/size.",cf34pilot_on_overlord40,threatpilot_on_counter60,forty_overlord_impending,sixty_counterwall_jace,counterfactual_ranker_blend_counter_rev0034,threat_rush,mulligan_outcome_ranker_rev0027,land_band_business,40,60,1,1,0.0,0.0,1,target_loss,library_out,1,target,False,False
rev0058,threatpilot_on_counter60,cf34pilot_on_overlord40,sixty_counterwall_jace,forty_overlord_impending,threat_rush,counterfactual_ranker_blend_counter_rev0034,land_band_business,mulligan_outcome_ranker_rev0027,20,1,5858046,5858046,6858049,0,1.0,0.0,1.0,0.0,False,False,player_1_attempted_to_draw_from_empty_library,356,0,28,draw_half_reporting_terminal_only_training,public_decision_frame,1.0,0.0,g00046_B_pilot_swap_size_skew_life20_seat1_sp1_r2,900,True,terminal,B_pilot_swap_size_skew,Swap pilots and mulligan policies across the same two deck shells.,"If the cf34 pilot still wins, the edge follows pilot; if not, it follows the deck shell/size.",cf34pilot_on_overlord40,threatpilot_on_counter60,forty_overlord_impending,sixty_counterwall_jace,counterfactual_ranker_blend_counter_rev0034,threat_rush,mulligan_outcome_ranker_rev0027,land_band_business,40,60,1,2,0.0,0.0,1,target_loss,library_out,1,target,False,False
rev0058,threatpilot_on_counter60,cf34pilot_on_overlord40,sixty_counterwall_jace,forty_overlord_impending,threat_rush,counterfactual_ranker_blend_counter_rev0034,land_band_business,mulligan_outcome_ranker_rev0027,20,1,5858047,5858047,6858050,1,0.0,1.0,0.0,1.0,False,False,player_0_attempted_to_draw_from_empty_library,360,0,29,draw_half_reporting_terminal_only_training,public_decision_frame,0.0,1.0,g00047_B_pilot_swap_size_skew_life20_seat1_sp1_r3,900,True,terminal,B_pilot_swap_size_skew,Swap pilots and mulligan policies across the same two deck shells.,"If the cf34 pilot still wins, the edge follows pilot; if not, it follows the deck shell/size.",cf34pilot_on_overlord40,threatpilot_on_counter60,forty_overlord_impending,sixty_counterwall_jace,counterfactual_ranker_blend_counter_rev0034,threat_rush,mulligan_outcome_ranker_rev0027,land_band_business,40,60,1,3,1.0,1.0,1,target_win,library_out,0,opponent,True,False
rev0058,cf34pilot_on_overlord40,threatpilot_on_counter60,forty_overlord_impending,sixty_counterwall_jace,counterfactual_ranker_blend_counter_rev0034,threat_rush,mulligan_outcome_ranker_rev0027,land_band_business,40,0,5858048,5858048,6858051,1,0.0,1.0,0.0,1.0,False,False,player_0_attempted_to_draw_from_empty_library,235,0,18,draw_half_reporting_terminal_only_training,public_decision_frame,0.0,1.0,g00048_B_pilot_swap_size_skew_life40_seat0_sp0_r0,900,True,terminal,B_pilot_swap_size_skew,Swap pilots and mulligan policies across the same two deck shells.,"If the cf34 pilot still wins, the edge follows pilot; if not, it follows the deck shell/size.",cf34pilot_on_overlord40,threatpilot_on_counter60,forty_overlord_impending,sixty_counterwall_jace,counterfactual_ranker_blend_counter_rev0034,threat_rush,mulligan_outcome_ranker_rev0027,land_band_business,40,60,0,0,0.0,0.0,0,target_loss,library_out,0,target,False,False
rev0058,cf34pilot_on_overlord40,threatpilot_on_counter60,forty_overlord_impending,sixty_counterwall_jace,counterfactual_ranker_blend_counter_rev0034,threat_rush,mulligan_outcome_ranker_rev0027,land_band_business,40,0,5858049,5858049,6858052,1,0.0,1.0,0.0,1.0,False,False,player_0_attempted_to_draw_from_empty_library,341,0,26,draw_half_reporting_terminal_only_training,public_decision_frame,0.0,1.0,g00049_B_pilot_swap_size_skew_life40_seat0_sp0_r1,900,True,terminal,B_pilot_swap_size_skew,Swap pilots and mulligan policies across the same two deck shells.,"If the cf34 pilot still wins, the edge follows pilot; if not, it follows the deck shell/size.",cf34pilot_on_overlord40,threatpilot_on_counter60,forty_overlord_impending,sixty_counterwall_jace,counterfactual_ranker_blend_counter_rev0034,threat_rush,mulligan_outcome_ranker_rev0027,land_band_business,40,60,0,1,0.0,0.0,0,target_loss,library_out,0,target,False,False
rev0058,cf34pilot_on_overlord40,threatpilot_on_counter60,forty_overlord_impending,sixty_counterwall_jace,counterfactual_ranker_blend_counter_rev0034,threat_rush,mulligan_outcome_ranker_rev0027,land_band_business,40,0,5858050,5858050,6858053,0,1.0,0.0,1.0,0.0,False,False,player_1_attempted_to_draw_from_empty_library,360,0,26,draw_half_reporting_terminal_only_training,public_decision_frame,1.0,0.0,g00050_B_pilot_swap_size_skew_life40_seat0_sp0_r2,900,True,terminal,B_pilot_swap_size_skew,Swap pilots and mulligan policies across the same two deck shells.,"If the cf34 pilot still wins, the edge follows pilot; if not, it follows the deck shell/size.",cf34pilot_on_overlord40,threatpilot_on_counter60,forty_overlord_impending,sixty_counterwall_jace,counterfactual_ranker_blend_counter_rev0034,threat_rush,mulligan_outcome_ranker_rev0027,land_band_business,40,60,0,2,1.0,1.0,0,target_win,library_out,1,opponent,True,False
rev0058,cf34pilot_on_overlord40,threatpilot_on_counter60,forty_overlord_impending,sixty_counterwall_jace,counterfactual_ranker_blend_counter_rev0034,threat_rush,mulligan_outcome_ranker_rev0027,land_band_business,40,0,5858051,5858051,6858054,0,1.0,0.0,1.0,0.0,False,False,player_1_attempted_to_draw_from_empty_library,374,0,28,draw_half_reporting_terminal_only_training,public_decision_frame,1.0,0.0,g00051_B_pilot_swap_size_skew_life40_seat0_sp0_r3,900,True,terminal,B_pilot_swap_size_skew,Swap pilots and mulligan policies across the same two deck shells.,"If the cf34 pilot still wins, the edge follows pilot; if not, it follows the deck shell/size.",cf34pilot_on_overlord40,threatpilot_on_counter60,forty_overlord_impending,sixty_counterwall_jace,counterfactual_ranker_blend_counter_rev0034,threat_rush,mulligan_outcome_ranker_rev0027,land_band_business,40,60,0,3,1.0,1.0,0,target_win,library_out,1,opponent,True,False
rev0058,cf34pilot_on_overlord40,threatpilot_on_counter60,forty_overlord_impending,sixty_counterwall_jace,counterfactual_ranker_blend_counter_rev0034,threat_rush,mulligan_outcome_ranker_rev0027,land_band_business,40,1,5858052,5858052,6858055,1,0.0,1.0,0.0,1.0,False,False,player_0_attempted_to_draw_from_empty_library,359,0,35,draw_half_reporting_terminal_only_training,public_decision_frame,0.0,1.0,g00052_B_pilot_swap_size_skew_life40_seat0_sp1_r0,900,True,terminal,B_pilot_swap_size_skew,Swap pilots and mulligan policies across the same two deck shells.,"If the cf34 pilot still wins, the edge follows pilot; if not, it follows the deck shell/size.",cf34pilot_on_overlord40,threatpilot_on_counter60,forty_overlord_impending,sixty_counterwall_jace,counterfactual_ranker_blend_counter_rev0034,threat_rush,mulligan_outcome_ranker_rev0027,land_band_business,40,60,0,0,0.0,0.0,0,target_loss,library_out,0,target,False,False
rev0058,cf34pilot_on_overlord40,threatpilot_on_counter60,forty_overlord_impending,sixty_counterwall_jace,counterfactual_ranker_blend_counter_rev0034,threat_rush,mulligan_outcome_ranker_rev0027,land_band_business,40,1,5858053,5858053,6858056,1,0.0,1.0,0.0,1.0,False,False,player_0_attempted_to_draw_from_empty_library,349,0,35,draw_half_reporting_terminal_only_training,public_decision_frame,0.0,1.0,g00053_B_pilot_swap_size_skew_life40_seat0_sp1_r1,900,True,terminal,B_pilot_swap_size_skew,Swap pilots and mulligan policies across the same two deck shells.,"If the cf34 pilot still wins, the edge follows pilot; if not, it follows the deck shell/size.",cf34pilot_on_overlord40,threatpilot_on_counter60,forty_overlord_impending,sixty_counterwall_jace,counterfactual_ranker_blend_counter_rev0034,threat_rush,mulligan_outcome_ranker_rev0027,land_band_business,40,60,0,1,0.0,0.0,0,target_loss,library_out,0,target,False,False
rev0058,cf34pilot_on_overlord40,threatpilot_on_counter60,forty_overlord_impending,sixty_counterwall_jace,counterfactual_ranker_blend_counter_rev0034,threat_rush,mulligan_outcome_ranker_rev0027,land_band_business,40,1,5858054,5858054,6858057,1,0.0,1.0,0.0,1.0,False,False,player_0_attempted_to_draw_from_empty_library,178,0,16,draw_half_reporting_terminal_only_training,public_decision_frame,0.0,1.0,g00054_B_pilot_swap_size_skew_life40_seat0_sp1_r2,900,True,terminal,B_pilot_swap_size_skew,Swap pilots and mulligan policies across the same two deck shells.,"If the cf34 pilot still wins, the edge follows pilot; if not, it follows the deck shell/size.",cf34pilot_on_overlord40,threatpilot_on_counter60,forty_overlord_impending,sixty_counterwall_jace,counterfactual_ranker_blend_counter_rev0034,threat_rush,mulligan_outcome_ranker_rev0027,land_band_business,40,60,0,2,0.0,0.0,0,target_loss,library_out,0,target,False,False
rev0058,cf34pilot_on_overlord40,threatpilot_on_counter60,forty_overlord_impending,sixty_counterwall_jace,counterfactual_ranker_blend_counter_rev0034,threat_rush,mulligan_outcome_ranker_rev0027,land_band_business,40,1,5858055,5858055,6858058,1,0.0,1.0,0.0,1.0,False,False,player_0_attempted_to_draw_from_empty_library,356,0,27,draw_half_reporting_terminal_only_training,public_decision_frame,0.0,1.0,g00055_B_pilot_swap_size_skew_life40_seat0_sp1_r3,900,True,terminal,B_pilot_swap_size_skew,Swap pilots and mulligan policies across the same two deck shells.,"If the cf34 pilot still wins, the edge follows pilot; if not, it follows the deck shell/size.",cf34pilot_on_overlord40,threatpilot_on_counter60,forty_overlord_impending,sixty_counterwall_jace,counterfactual_ranker_blend_counter_rev0034,threat_rush,mulligan_outcome_ranker_rev0027,land_band_business,40,60,0,3,0.0,0.0,0,target_loss,library_out,0,target,False,False
rev0058,threatpilot_on_counter60,cf34pilot_on_overlord40,sixty_counterwall_jace,forty_overlord_impending,threat_rush,counterfactual_ranker_blend_counter_rev0034,land_band_business,mulligan_outcome_ranker_rev0027,40,0,5858056,5858056,6858059,0,1.0,0.0,1.0,0.0,False,False,player_1_attempted_to_draw_from_empty_library,266,0,18,draw_half_reporting_terminal_only_training,public_decision_frame,1.0,0.0,g00056_B_pilot_swap_size_skew_life40_seat1_sp0_r0,900,True,terminal,B_pilot_swap_size_skew,Swap pilots and mulligan policies across the same two deck shells.,"If the cf34 pilot still wins, the edge follows pilot; if not, it follows the deck shell/size.",cf34pilot_on_overlord40,threatpilot_on_counter60,forty_overlord_impending,sixty_counterwall_jace,counterfactual_ranker_blend_counter_rev0034,threat_rush,mulligan_outcome_ranker_rev0027,land_band_business,40,60,1,0,0.0,0.0,1,target_loss,library_out,1,target,False,False
rev0058,threatpilot_on_counter60,cf34pilot_on_overlord40,sixty_counterwall_jace,forty_overlord_impending,threat_rush,counterfactual_ranker_blend_counter_rev0034,land_band_business,mulligan_outcome_ranker_rev0027,40,0,5858057,5858057,6858060,1,0.0,1.0,0.0,1.0,False,False,player_0_attempted_to_draw_from_empty_library,388,0,31,draw_half_reporting_terminal_only_training,public_decision_frame,0.0,1.0,g00057_B_pilot_swap_size_skew_life40_seat1_sp0_r1,900,True,terminal,B_pilot_swap_size_skew,Swap pilots and mulligan policies across the same two deck shells.,"If the cf34 pilot still wins, the edge follows pilot; if not, it follows the deck shell/size.",cf34pilot_on_overlord40,threatpilot_on_counter60,forty_overlord_impending,sixty_counterwall_jace,counterfactual_ranker_blend_counter_rev0034,threat_rush,mulligan_outcome_ranker_rev0027,land_band_business,40,60,1,1,1.0,1.0,1,target_win,library_out,0,opponent,True,False
rev0058,threatpilot_on_counter60,cf34pilot_on_overlord40,sixty_counterwall_jace,forty_overlord_impending,threat_rush,counterfactual_ranker_blend_counter_rev0034,land_band_business,mulligan_outcome_ranker_rev0027,40,0,5858058,5858058,6858061,1,0.0,1.0,0.0,1.0,False,False,player_0_attempted_to_draw_from_empty_library,366,0,29,draw_half_reporting_terminal_only_training,public_decision_frame,0.0,1.0,g00058_B_pilot_swap_size_skew_life40_seat1_sp0_r2,900,True,terminal,B_pilot_swap_size_skew,Swap pilots and mulligan policies across the same two deck shells.,"If the cf34 pilot still wins, the edge follows pilot; if not, it follows the deck shell/size.",cf34pilot_on_overlord40,threatpilot_on_counter60,forty_overlord_impending,sixty_counterwall_jace,counterfactual_ranker_blend_counter_rev0034,threat_rush,mulligan_outcome_ranker_rev0027,land_band_business,40,60,1,2,1.0,1.0,1,target_win,library_out,0,opponent,True,False
rev0058,threatpilot_on_counter60,cf34pilot_on_overlord40,sixty_counterwall_jace,forty_overlord_impending,threat_rush,counterfactual_ranker_blend_counter_rev0034,land_band_business,mulligan_outcome_ranker_rev0027,40,0,5858059,5858059,6858062,1,0.0,1.0,0.0,1.0,False,False,player_0_attempted_to_draw_from_empty_library,393,0,30,draw_half_reporting_terminal_only_training,public_decision_frame,0.0,1.0,g00059_B_pilot_swap_size_skew_life40_seat1_sp0_r3,900,True,terminal,B_pilot_swap_size_skew,Swap pilots and mulligan policies across the same two deck shells.,"If the cf34 pilot still wins, the edge follows pilot; if not, it follows the deck shell/size.",cf34pilot_on_overlord40,threatpilot_on_counter60,forty_overlord_impending,sixty_counterwall_jace,counterfactual_ranker_blend_counter_rev0034,threat_rush,mulligan_outcome_ranker_rev0027,land_band_business,40,60,1,3,1.0,1.0,1,target_win,library_out,0,opponent,True,False
rev0058,threatpilot_on_counter60,cf34pilot_on_overlord40,sixty_counterwall_jace,forty_overlord_impending,threat_rush,counterfactual_ranker_blend_counter_rev0034,land_band_business,mulligan_outcome_ranker_rev0027,40,1,5858060,5858060,6858063,0,1.0,0.0,1.0,0.0,False,False,player_1_attempted_to_draw_from_empty_library,305,0,30,draw_half_reporting_terminal_only_training,public_decision_frame,1.0,0.0,g00060_B_pilot_swap_size_skew_life40_seat1_sp1_r0,900,True,terminal,B_pilot_swap_size_skew,Swap pilots and mulligan policies across the same two deck shells.,"If the cf34 pilot still wins, the edge follows pilot; if not, it follows the deck shell/size.",cf34pilot_on_overlord40,threatpilot_on_counter60,forty_overlord_impending,sixty_counterwall_jace,counterfactual_ranker_blend_counter_rev0034,threat_rush,mulligan_outcome_ranker_rev0027,land_band_business,40,60,1,0,0.0,0.0,1,target_loss,library_out,1,target,False,False
rev0058,threatpilot_on_counter60,cf34pilot_on_overlord40,sixty_counterwall_jace,forty_overlord_impending,threat_rush,counterfactual_ranker_blend_counter_rev0034,land_band_business,mulligan_outcome_ranker_rev0027,40,1,5858061,5858061,6858064,0,1.0,0.0,1.0,0.0,False,False,player_1_attempted_to_draw_from_empty_library,267,0,18,draw_half_reporting_terminal_only_training,public_decision_frame,1.0,0.0,g00061_B_pilot_swap_size_skew_life40_seat1_sp1_r1,900,True,terminal,B_pilot_swap_size_skew,Swap pilots and mulligan policies across the same two deck shells.,"If the cf34 pilot still wins, the edge follows pilot; if not, it follows the deck shell/size.",cf34pilot_on_overlord40,threatpilot_on_counter60,forty_overlord_impending,sixty_counterwall_jace,counterfactual_ranker_blend_counter_rev0034,threat_rush,mulligan_outcome_ranker_rev0027,land_band_business,40,60,1,1,0.0,0.0,1,target_loss,library_out,1,target,False,False
rev0058,threatpilot_on_counter60,cf34pilot_on_overlord40,sixty_counterwall_jace,forty_overlord_impending,threat_rush,counterfactual_ranker_blend_counter_rev0034,land_band_business,mulligan_outcome_ranker_rev0027,40,1,5858062,5858062,6858065,0,1.0,0.0,1.0,0.0,False,False,player_1_attempted_to_draw_from_empty_library,280,0,18,draw_half_reporting_terminal_only_training,public_decision_frame,1.0,0.0,g00062_B_pilot_swap_size_skew_life40_seat1_sp1_r2,900,True,terminal,B_pilot_swap_size_skew,Swap pilots and mulligan policies across the same two deck shells.,"If the cf34 pilot still wins, the edge follows pilot; if not, it follows the deck shell/size.",cf34pilot_on_overlord40,threatpilot_on_counter60,forty_overlord_impending,sixty_counterwall_jace,counterfactual_ranker_blend_counter_rev0034,threat_rush,mulligan_outcome_ranker_rev0027,land_band_business,40,60,1,2,0.0,0.0,1,target_loss,library_out,1,target,False,False
rev0058,threatpilot_on_counter60,cf34pilot_on_overlord40,sixty_counterwall_jace,forty_overlord_impending,threat_rush,counterfactual_ranker_blend_counter_rev0034,land_band_business,mulligan_outcome_ranker_rev0027,40,1,5858063,5858063,6858066,0,1.0,0.0,1.0,0.0,False,False,player_1_attempted_to_draw_from_empty_library,299,0,21,draw_half_reporting_terminal_only_training,public_decision_frame,1.0,0.0,g00063_B_pilot_swap_size_skew_life40_seat1_sp1_r3,900,True,terminal,B_pilot_swap_size_skew,Swap pilots and mulligan policies across the same two deck shells.,"If the cf34 pilot still wins, the edge follows pilot; if not, it follows the deck shell/size.",cf34pilot_on_overlord40,threatpilot_on_counter60,forty_overlord_impending,sixty_counterwall_jace,counterfactual_ranker_blend_counter_rev0034,threat_rush,mulligan_outcome_ranker_rev0027,land_band_business,40,60,1,3,0.0,0.0,1,target_loss,library_out,1,target,False,False
rev0058,cf34_counter_wall_40,pub_threat_overlord,counterwall_jace_proportional40,forty_overlord_impending,counterfactual_ranker_blend_counter_rev0034,threat_rush,mulligan_outcome_ranker_rev0027,land_band_business,20,0,5858064,5858064,6858067,1,0.0,1.0,0.0,1.0,False,False,player_0_attempted_to_draw_from_empty_library,233,0,19,draw_half_reporting_terminal_only_training,public_decision_frame,0.0,1.0,g00064_C_equalized_40v40_life20_seat0_sp0_r0,900,True,terminal,C_equalized_40v40,Keep pilots fixed but put both shells at forty cards.,"If the target edge collapses here, the 60-card library buffer was doing major work.",cf34_counter_wall_40,pub_threat_overlord,counterwall_jace_proportional40,forty_overlord_impending,counterfactual_ranker_blend_counter_rev0034,threat_rush,mulligan_outcome_ranker_rev0027,land_band_business,40,40,0,0,0.0,0.0,0,target_loss,library_out,0,target,False,False
rev0058,cf34_counter_wall_40,pub_threat_overlord,counterwall_jace_proportional40,forty_overlord_impending,counterfactual_ranker_blend_counter_rev0034,threat_rush,mulligan_outcome_ranker_rev0027,land_band_business,20,0,5858065,5858065,6858068,0,1.0,0.0,1.0,0.0,False,False,player_1_attempted_to_draw_from_empty_library,282,0,23,draw_half_reporting_terminal_only_training,public_decision_frame,1.0,0.0,g00065_C_equalized_40v40_life20_seat0_sp0_r1,900,True,terminal,C_equalized_40v40,Keep pilots fixed but put both shells at forty cards.,"If the target edge collapses here, the 60-card library buffer was doing major work.",cf34_counter_wall_40,pub_threat_overlord,counterwall_jace_proportional40,forty_overlord_impending,counterfactual_ranker_blend_counter_rev0034,threat_rush,mulligan_outcome_ranker_rev0027,land_band_business,40,40,0,1,1.0,1.0,0,target_win,library_out,1,opponent,True,False
rev0058,cf34_counter_wall_40,pub_threat_overlord,counterwall_jace_proportional40,forty_overlord_impending,counterfactual_ranker_blend_counter_rev0034,threat_rush,mulligan_outcome_ranker_rev0027,land_band_business,20,0,5858066,5858066,6858069,0,1.0,0.0,1.0,0.0,False,False,player_1_attempted_to_draw_from_empty_library,284,0,18,draw_half_reporting_terminal_only_training,public_decision_frame,1.0,0.0,g00066_C_equalized_40v40_life20_seat0_sp0_r2,900,True,terminal,C_equalized_40v40,Keep pilots fixed but put both shells at forty cards.,"If the target edge collapses here, the 60-card library buffer was doing major work.",cf34_counter_wall_40,pub_threat_overlord,counterwall_jace_proportional40,forty_overlord_impending,counterfactual_ranker_blend_counter_rev0034,threat_rush,mulligan_outcome_ranker_rev0027,land_band_business,40,40,0,2,1.0,1.0,0,target_win,library_out,1,opponent,True,False
rev0058,cf34_counter_wall_40,pub_threat_overlord,counterwall_jace_proportional40,forty_overlord_impending,counterfactual_ranker_blend_counter_rev0034,threat_rush,mulligan_outcome_ranker_rev0027,land_band_business,20,0,5858067,5858067,6858070,1,0.0,1.0,0.0,1.0,False,False,player_0_attempted_to_draw_from_empty_library,251,0,19,draw_half_reporting_terminal_only_training,public_decision_frame,0.0,1.0,g00067_C_equalized_40v40_life20_seat0_sp0_r3,900,True,terminal,C_equalized_40v40,Keep pilots fixed but put both shells at forty cards.,"If the target edge collapses here, the 60-card library buffer was doing major work.",cf34_counter_wall_40,pub_threat_overlord,counterwall_jace_proportional40,forty_overlord_impending,counterfactual_ranker_blend_counter_rev0034,threat_rush,mulligan_outcome_ranker_rev0027,land_band_business,40,40,0,3,0.0,0.0,0,target_loss,library_out,0,target,False,False
rev0058,cf34_counter_wall_40,pub_threat_overlord,counterwall_jace_proportional40,forty_overlord_impending,counterfactual_ranker_blend_counter_rev0034,threat_rush,mulligan_outcome_ranker_rev0027,land_band_business,20,1,5858068,5858068,6858071,1,0.0,1.0,0.0,1.0,False,False,player_0_attempted_to_draw_from_empty_library,278,0,23,draw_half_reporting_terminal_only_training,public_decision_frame,0.0,1.0,g00068_C_equalized_40v40_life20_seat0_sp1_r0,900,True,terminal,C_equalized_40v40,Keep pilots fixed but put both shells at forty cards.,"If the target edge collapses here, the 60-card library buffer was doing major work.",cf34_counter_wall_40,pub_threat_overlord,counterwall_jace_proportional40,forty_overlord_impending,counterfactual_ranker_blend_counter_rev0034,threat_rush,mulligan_outcome_ranker_rev0027,land_band_business,40,40,0,0,0.0,0.0,0,target_loss,library_out,0,target,False,False
rev0058,cf34_counter_wall_40,pub_threat_overlord,counterwall_jace_proportional40,forty_overlord_impending,counterfactual_ranker_blend_counter_rev0034,threat_rush,mulligan_outcome_ranker_rev0027,land_band_business,20,1,5858069,5858069,6858072,0,1.0,0.0,1.0,0.0,False,False,player_1_attempted_to_draw_from_empty_library,246,0,19,draw_half_reporting_terminal_only_training,public_decision_frame,1.0,0.0,g00069_C_equalized_40v40_life20_seat0_sp1_r1,900,True,terminal,C_equalized_40v40,Keep pilots fixed but put both shells at forty cards.,"If the target edge collapses here, the 60-card library buffer was doing major work.",cf34_counter_wall_40,pub_threat_overlord,counterwall_jace_proportional40,forty_overlord_impending,counterfactual_ranker_blend_counter_rev0034,threat_rush,mulligan_outcome_ranker_rev0027,land_band_business,40,40,0,1,1.0,1.0,0,target_win,library_out,1,opponent,True,False
rev0058,cf34_counter_wall_40,pub_threat_overlord,counterwall_jace_proportional40,forty_overlord_impending,counterfactual_ranker_blend_counter_rev0034,threat_rush,mulligan_outcome_ranker_rev0027,land_band_business,20,1,5858070,5858070,6858073,1,0.0,1.0,0.0,1.0,False,False,player_0_attempted_to_draw_from_empty_library,252,0,18,draw_half_reporting_terminal_only_training,public_decision_frame,0.0,1.0,g00070_C_equalized_40v40_life20_seat0_sp1_r2,900,True,terminal,C_equalized_40v40,Keep pilots fixed but put both shells at forty cards.,"If the target edge collapses here, the 60-card library buffer was doing major work.",cf34_counter_wall_40,pub_threat_overlord,counterwall_jace_proportional40,forty_overlord_impending,counterfactual_ranker_blend_counter_rev0034,threat_rush,mulligan_outcome_ranker_rev0027,land_band_business,40,40,0,2,0.0,0.0,0,target_loss,library_out,0,target,False,False
rev0058,cf34_counter_wall_40,pub_threat_overlord,counterwall_jace_proportional40,forty_overlord_impending,counterfactual_ranker_blend_counter_rev0034,threat_rush,mulligan_outcome_ranker_rev0027,land_band_business,20,1,5858071,5858071,6858074,0,1.0,0.0,1.0,0.0,False,False,player_1_attempted_to_draw_from_empty_library,278,0,19,draw_half_reporting_terminal_only_training,public_decision_frame,1.0,0.0,g00071_C_equalized_40v40_life20_seat0_sp1_r3,900,True,terminal,C_equalized_40v40,Keep pilots fixed but put both shells at forty cards.,"If the target edge collapses here, the 60-card library buffer was doing major work.",cf34_counter_wall_40,pub_threat_overlord,counterwall_jace_proportional40,forty_overlord_impending,counterfactual_ranker_blend_counter_rev0034,threat_rush,mulligan_outcome_ranker_rev0027,land_band_business,40,40,0,3,1.0,1.0,0,target_win,library_out,1,opponent,True,False
rev0058,pub_threat_overlord,cf34_counter_wall_40,forty_overlord_impending,counterwall_jace_proportional40,threat_rush,counterfactual_ranker_blend_counter_rev0034,land_band_business,mulligan_outcome_ranker_rev0027,20,0,5858072,5858072,6858075,0,1.0,0.0,1.0,0.0,False,False,player_1_attempted_to_draw_from_empty_library,232,0,18,draw_half_reporting_terminal_only_training,public_decision_frame,1.0,0.0,g00072_C_equalized_40v40_life20_seat1_sp0_r0,900,True,terminal,C_equalized_40v40,Keep pilots fixed but put both shells at forty cards.,"If the target edge collapses here, the 60-card library buffer was doing major work.",cf34_counter_wall_40,pub_threat_overlord,counterwall_jace_proportional40,forty_overlord_impending,counterfactual_ranker_blend_counter_rev0034,threat_rush,mulligan_outcome_ranker_rev0027,land_band_business,40,40,1,0,0.0,0.0,1,target_loss,library_out,1,target,False,False
rev0058,pub_threat_overlord,cf34_counter_wall_40,forty_overlord_impending,counterwall_jace_proportional40,threat_rush,counterfactual_ranker_blend_counter_rev0034,land_band_business,mulligan_outcome_ranker_rev0027,20,0,5858073,5858073,6858076,0,1.0,0.0,1.0,0.0,False,False,player_1_attempted_to_draw_from_empty_library,225,0,18,draw_half_reporting_terminal_only_training,public_decision_frame,1.0,0.0,g00073_C_equalized_40v40_life20_seat1_sp0_r1,900,True,terminal,C_equalized_40v40,Keep pilots fixed but put both shells at forty cards.,"If the target edge collapses here, the 60-card library buffer was doing major work.",cf34_counter_wall_40,pub_threat_overlord,counterwall_jace_proportional40,forty_overlord_impending,counterfactual_ranker_blend_counter_rev0034,threat_rush,mulligan_outcome_ranker_rev0027,land_band_business,40,40,1,1,0.0,0.0,1,target_loss,library_out,1,target,False,False
rev0058,pub_threat_overlord,cf34_counter_wall_40,forty_overlord_impending,counterwall_jace_proportional40,threat_rush,counterfactual_ranker_blend_counter_rev0034,land_band_business,mulligan_outcome_ranker_rev0027,20,0,5858074,5858074,6858077,0,1.0,0.0,1.0,0.0,False,False,player_1_attempted_to_draw_from_empty_library,248,0,18,draw_half_reporting_terminal_only_training,public_decision_frame,1.0,0.0,g00074_C_equalized_40v40_life20_seat1_sp0_r2,900,True,terminal,C_equalized_40v40,Keep pilots fixed but put both shells at forty cards.,"If the target edge collapses here, the 60-card library buffer was doing major work.",cf34_counter_wall_40,pub_threat_overlord,counterwall_jace_proportional40,forty_overlord_impending,counterfactual_ranker_blend_counter_rev0034,threat_rush,mulligan_outcome_ranker_rev0027,land_band_business,40,40,1,2,0.0,0.0,1,target_loss,library_out,1,target,False,False
rev0058,pub_threat_overlord,cf34_counter_wall_40,forty_overlord_impending,counterwall_jace_proportional40,threat_rush,counterfactual_ranker_blend_counter_rev0034,land_band_business,mulligan_outcome_ranker_rev0027,20,0,5858075,5858075,6858078,0,1.0,0.0,1.0,0.0,False,False,player_1_attempted_to_draw_from_empty_library,244,0,19,draw_half_reporting_terminal_only_training,public_decision_frame,1.0,0.0,g00075_C_equalized_40v40_life20_seat1_sp0_r3,900,True,terminal,C_equalized_40v40,Keep pilots fixed but put both shells at forty cards.,"If the target edge collapses here, the 60-card library buffer was doing major work.",cf34_counter_wall_40,pub_threat_overlord,counterwall_jace_proportional40,forty_overlord_impending,counterfactual_ranker_blend_counter_rev0034,threat_rush,mulligan_outcome_ranker_rev0027,land_band_business,40,40,1,3,0.0,0.0,1,target_loss,library_out,1,target,False,False
rev0058,pub_threat_overlord,cf34_counter_wall_40,forty_overlord_impending,counterwall_jace_proportional40,threat_rush,counterfactual_ranker_blend_counter_rev0034,land_band_business,mulligan_outcome_ranker_rev0027,20,1,5858076,5858076,6858079,1,0.0,1.0,0.0,1.0,False,False,player_0_attempted_to_draw_from_empty_library,263,0,26,draw_half_reporting_terminal_only_training,public_decision_frame,0.0,1.0,g00076_C_equalized_40v40_life20_seat1_sp1_r0,900,True,terminal,C_equalized_40v40,Keep pilots fixed but put both shells at forty cards.,"If the target edge collapses here, the 60-card library buffer was doing major work.",cf34_counter_wall_40,pub_threat_overlord,counterwall_jace_proportional40,forty_overlord_impending,counterfactual_ranker_blend_counter_rev0034,threat_rush,mulligan_outcome_ranker_rev0027,land_band_business,40,40,1,0,1.0,1.0,1,target_win,library_out,0,opponent,True,False
rev0058,pub_threat_overlord,cf34_counter_wall_40,forty_overlord_impending,counterwall_jace_proportional40,threat_rush,counterfactual_ranker_blend_counter_rev0034,land_band_business,mulligan_outcome_ranker_rev0027,20,1,5858077,5858077,6858080,1,0.0,1.0,0.0,1.0,False,False,player_0_attempted_to_draw_from_empty_library,279,0,18,draw_half_reporting_terminal_only_training,public_decision_frame,0.0,1.0,g00077_C_equalized_40v40_life20_seat1_sp1_r1,900,True,terminal,C_equalized_40v40,Keep pilots fixed but put both shells at forty cards.,"If the target edge collapses here, the 60-card library buffer was doing major work.",cf34_counter_wall_40,pub_threat_overlord,counterwall_jace_proportional40,forty_overlord_impending,counterfactual_ranker_blend_counter_rev0034,threat_rush,mulligan_outcome_ranker_rev0027,land_band_business,40,40,1,1,1.0,1.0,1,target_win,library_out,0,opponent,True,False
rev0058,pub_threat_overlord,cf34_counter_wall_40,forty_overlord_impending,counterwall_jace_proportional40,threat_rush,counterfactual_ranker_blend_counter_rev0034,land_band_business,mulligan_outcome_ranker_rev0027,20,1,5858078,5858078,6858081,0,1.0,0.0,1.0,0.0,False,False,player_1_attempted_to_draw_from_empty_library,288,0,18,draw_half_reporting_terminal_only_training,public_decision_frame,1.0,0.0,g00078_C_equalized_40v40_life20_seat1_sp1_r2,900,True,terminal,C_equalized_40v40,Keep pilots fixed but put both shells at forty cards.,"If the target edge collapses here, the 60-card library buffer was doing major work.",cf34_counter_wall_40,pub_threat_overlord,counterwall_jace_proportional40,forty_overlord_impending,counterfactual_ranker_blend_counter_rev0034,threat_rush,mulligan_outcome_ranker_rev0027,land_band_business,40,40,1,2,0.0,0.0,1,target_loss,library_out,1,target,False,False
rev0058,pub_threat_overlord,cf34_counter_wall_40,forty_overlord_impending,counterwall_jace_proportional40,threat_rush,counterfactual_ranker_blend_counter_rev0034,land_band_business,mulligan_outcome_ranker_rev0027,20,1,5858079,5858079,6858082,0,1.0,0.0,1.0,0.0,False,False,player_1_attempted_to_draw_from_empty_library,233,0,18,draw_half_reporting_terminal_only_training,public_decision_frame,1.0,0.0,g00079_C_equalized_40v40_life20_seat1_sp1_r3,900,True,terminal,C_equalized_40v40,Keep pilots fixed but put both shells at forty cards.,"If the target edge collapses here, the 60-card library buffer was doing major work.",cf34_counter_wall_40,pub_threat_overlord,counterwall_jace_proportional40,forty_overlord_impending,counterfactual_ranker_blend_counter_rev0034,threat_rush,mulligan_outcome_ranker_rev0027,land_band_business,40,40,1,3,0.0,0.0,1,target_loss,library_out,1,target,False,False
rev0058,cf34_counter_wall_40,pub_threat_overlord,counterwall_jace_proportional40,forty_overlord_impending,counterfactual_ranker_blend_counter_rev0034,threat_rush,mulligan_outcome_ranker_rev0027,land_band_business,40,0,5858080,5858080,6858083,0,1.0,0.0,1.0,0.0,False,False,player_1_attempted_to_draw_from_empty_library,225,0,17,draw_half_reporting_terminal_only_training,public_decision_frame,1.0,0.0,g00080_C_equalized_40v40_life40_seat0_sp0_r0,900,True,terminal,C_equalized_40v40,Keep pilots fixed but put both shells at forty cards.,"If the target edge collapses here, the 60-card library buffer was doing major work.",cf34_counter_wall_40,pub_threat_overlord,counterwall_jace_proportional40,forty_overlord_impending,counterfactual_ranker_blend_counter_rev0034,threat_rush,mulligan_outcome_ranker_rev0027,land_band_business,40,40,0,0,1.0,1.0,0,target_win,library_out,1,opponent,True,False
rev0058,cf34_counter_wall_40,pub_threat_overlord,counterwall_jace_proportional40,forty_overlord_impending,counterfactual_ranker_blend_counter_rev0034,threat_rush,mulligan_outcome_ranker_rev0027,land_band_business,40,0,5858081,5858081,6858084,1,0.0,1.0,0.0,1.0,False,False,player_0_attempted_to_draw_from_empty_library,236,0,19,draw_half_reporting_terminal_only_training,public_decision_frame,0.0,1.0,g00081_C_equalized_40v40_life40_seat0_sp0_r1,900,True,terminal,C_equalized_40v40,Keep pilots fixed but put both shells at forty cards.,"If the target edge collapses here, the 60-card library buffer was doing major work.",cf34_counter_wall_40,pub_threat_overlord,counterwall_jace_proportional40,forty_overlord_impending,counterfactual_ranker_blend_counter_rev0034,threat_rush,mulligan_outcome_ranker_rev0027,land_band_business,40,40,0,1,0.0,0.0,0,target_loss,library_out,0,target,False,False
rev0058,cf34_counter_wall_40,pub_threat_overlord,counterwall_jace_proportional40,forty_overlord_impending,counterfactual_ranker_blend_counter_rev0034,threat_rush,mulligan_outcome_ranker_rev0027,land_band_business,40,0,5858082,5858082,6858085,1,0.0,1.0,0.0,1.0,False,False,player_0_attempted_to_draw_from_empty_library,277,0,24,draw_half_reporting_terminal_only_training,public_decision_frame,0.0,1.0,g00082_C_equalized_40v40_life40_seat0_sp0_r2,900,True,terminal,C_equalized_40v40,Keep pilots fixed but put both shells at forty cards.,"If the target edge collapses here, the 60-card library buffer was doing major work.",cf34_counter_wall_40,pub_threat_overlord,counterwall_jace_proportional40,forty_overlord_impending,counterfactual_ranker_blend_counter_rev0034,threat_rush,mulligan_outcome_ranker_rev0027,land_band_business,40,40,0,2,0.0,0.0,0,target_loss,library_out,0,target,False,False
rev0058,cf34_counter_wall_40,pub_threat_overlord,counterwall_jace_proportional40,forty_overlord_impending,counterfactual_ranker_blend_counter_rev0034,threat_rush,mulligan_outcome_ranker_rev0027,land_band_business,40,0,5858083,5858083,6858086,1,0.0,1.0,0.0,1.0,False,False,player_0_attempted_to_draw_from_empty_library,270,0,25,draw_half_reporting_terminal_only_training,public_decision_frame,0.0,1.0,g00083_C_equalized_40v40_life40_seat0_sp0_r3,900,True,terminal,C_equalized_40v40,Keep pilots fixed but put both shells at forty cards.,"If the target edge collapses here, the 60-card library buffer was doing major work.",cf34_counter_wall_40,pub_threat_overlord,counterwall_jace_proportional40,forty_overlord_impending,counterfactual_ranker_blend_counter_rev0034,threat_rush,mulligan_outcome_ranker_rev0027,land_band_business,40,40,0,3,0.0,0.0,0,target_loss,library_out,0,target,False,False
rev0058,cf34_counter_wall_40,pub_threat_overlord,counterwall_jace_proportional40,forty_overlord_impending,counterfactual_ranker_blend_counter_rev0034,threat_rush,mulligan_outcome_ranker_rev0027,land_band_business,40,1,5858084,5858084,6858087,1,0.0,1.0,0.0,1.0,False,False,player_0_attempted_to_draw_from_empty_library,266,0,17,draw_half_reporting_terminal_only_training,public_decision_frame,0.0,1.0,g00084_C_equalized_40v40_life40_seat0_sp1_r0,900,True,terminal,C_equalized_40v40,Keep pilots fixed but put both shells at forty cards.,"If the target edge collapses here, the 60-card library buffer was doing major work.",cf34_counter_wall_40,pub_threat_overlord,counterwall_jace_proportional40,forty_overlord_impending,counterfactual_ranker_blend_counter_rev0034,threat_rush,mulligan_outcome_ranker_rev0027,land_band_business,40,40,0,0,0.0,0.0,0,target_loss,library_out,0,target,False,False
rev0058,cf34_counter_wall_40,pub_threat_overlord,counterwall_jace_proportional40,forty_overlord_impending,counterfactual_ranker_blend_counter_rev0034,threat_rush,mulligan_outcome_ranker_rev0027,land_band_business,40,1,5858085,5858085,6858088,0,1.0,0.0,1.0,0.0,False,False,player_1_attempted_to_draw_from_empty_library,258,0,16,draw_half_reporting_terminal_only_training,public_decision_frame,1.0,0.0,g00085_C_equalized_40v40_life40_seat0_sp1_r1,900,True,terminal,C_equalized_40v40,Keep pilots fixed but put both shells at forty cards.,"If the target edge collapses here, the 60-card library buffer was doing major work.",cf34_counter_wall_40,pub_threat_overlord,counterwall_jace_proportional40,forty_overlord_impending,counterfactual_ranker_blend_counter_rev0034,threat_rush,mulligan_outcome_ranker_rev0027,land_band_business,40,40,0,1,1.0,1.0,0,target_win,library_out,1,opponent,True,False
rev0058,cf34_counter_wall_40,pub_threat_overlord,counterwall_jace_proportional40,forty_overlord_impending,counterfactual_ranker_blend_counter_rev0034,threat_rush,mulligan_outcome_ranker_rev0027,land_band_business,40,1,5858086,5858086,6858089,0,1.0,0.0,1.0,0.0,False,False,player_1_attempted_to_draw_from_empty_library,192,0,15,draw_half_reporting_terminal_only_training,public_decision_frame,1.0,0.0,g00086_C_equalized_40v40_life40_seat0_sp1_r2,900,True,terminal,C_equalized_40v40,Keep pilots fixed but put both shells at forty cards.,"If the target edge collapses here, the 60-card library buffer was doing major work.",cf34_counter_wall_40,pub_threat_overlord,counterwall_jace_proportional40,forty_overlord_impending,counterfactual_ranker_blend_counter_rev0034,threat_rush,mulligan_outcome_ranker_rev0027,land_band_business,40,40,0,2,1.0,1.0,0,target_win,library_out,1,opponent,True,False
rev0058,cf34_counter_wall_40,pub_threat_overlord,counterwall_jace_proportional40,forty_overlord_impending,counterfactual_ranker_blend_counter_rev0034,threat_rush,mulligan_outcome_ranker_rev0027,land_band_business,40,1,5858087,5858087,6858090,0,1.0,0.0,1.0,0.0,False,False,player_1_attempted_to_draw_from_empty_library,257,0,25,draw_half_reporting_terminal_only_training,public_decision_frame,1.0,0.0,g00087_C_equalized_40v40_life40_seat0_sp1_r3,900,True,terminal,C_equalized_40v40,Keep pilots fixed but put both shells at forty cards.,"If the target edge collapses here, the 60-card library buffer was doing major work.",cf34_counter_wall_40,pub_threat_overlord,counterwall_jace_proportional40,forty_overlord_impending,counterfactual_ranker_blend_counter_rev0034,threat_rush,mulligan_outcome_ranker_rev0027,land_band_business,40,40,0,3,1.0,1.0,0,target_win,library_out,1,opponent,True,False
rev0058,pub_threat_overlord,cf34_counter_wall_40,forty_overlord_impending,counterwall_jace_proportional40,threat_rush,counterfactual_ranker_blend_counter_rev0034,land_band_business,mulligan_outcome_ranker_rev0027,40,0,5858088,5858088,6858091,0,1.0,0.0,1.0,0.0,False,False,player_1_attempted_to_draw_from_empty_library,254,0,21,draw_half_reporting_terminal_only_training,public_decision_frame,1.0,0.0,g00088_C_equalized_40v40_life40_seat1_sp0_r0,900,True,terminal,C_equalized_40v40,Keep pilots fixed but put both shells at forty cards.,"If the target edge collapses here, the 60-card library buffer was doing major work.",cf34_counter_wall_40,pub_threat_overlord,counterwall_jace_proportional40,forty_overlord_impending,counterfactual_ranker_blend_counter_rev0034,threat_rush,mulligan_outcome_ranker_rev0027,land_band_business,40,40,1,0,0.0,0.0,1,target_loss,library_out,1,target,False,False
rev0058,pub_threat_overlord,cf34_counter_wall_40,forty_overlord_impending,counterwall_jace_proportional40,threat_rush,counterfactual_ranker_blend_counter_rev0034,land_band_business,mulligan_outcome_ranker_rev0027,40,0,5858089,5858089,6858092,0,1.0,0.0,1.0,0.0,False,False,player_1_attempted_to_draw_from_empty_library,234,0,17,draw_half_reporting_terminal_only_training,public_decision_frame,1.0,0.0,g00089_C_equalized_40v40_life40_seat1_sp0_r1,900,True,terminal,C_equalized_40v40,Keep pilots fixed but put both shells at forty cards.,"If the target edge collapses here, the 60-card library buffer was doing major work.",cf34_counter_wall_40,pub_threat_overlord,counterwall_jace_proportional40,forty_overlord_impending,counterfactual_ranker_blend_counter_rev0034,threat_rush,mulligan_outcome_ranker_rev0027,land_band_business,40,40,1,1,0.0,0.0,1,target_loss,library_out,1,target,False,False
rev0058,pub_threat_overlord,cf34_counter_wall_40,forty_overlord_impending,counterwall_jace_proportional40,threat_rush,counterfactual_ranker_blend_counter_rev0034,land_band_business,mulligan_outcome_ranker_rev0027,40,0,5858090,5858090,6858093,1,0.0,1.0,0.0,1.0,False,False,player_0_attempted_to_draw_from_empty_library,195,0,17,draw_half_reporting_terminal_only_training,public_decision_frame,0.0,1.0,g00090_C_equalized_40v40_life40_seat1_sp0_r2,900,True,terminal,C_equalized_40v40,Keep pilots fixed but put both shells at forty cards.,"If the target edge collapses here, the 60-card library buffer was doing major work.",cf34_counter_wall_40,pub_threat_overlord,counterwall_jace_proportional40,forty_overlord_impending,counterfactual_ranker_blend_counter_rev0034,threat_rush,mulligan_outcome_ranker_rev0027,land_band_business,40,40,1,2,1.0,1.0,1,target_win,library_out,0,opponent,True,False
rev0058,pub_threat_overlord,cf34_counter_wall_40,forty_overlord_impending,counterwall_jace_proportional40,threat_rush,counterfactual_ranker_blend_counter_rev0034,land_band_business,mulligan_outcome_ranker_rev0027,40,0,5858091,5858091,6858094,0,1.0,0.0,1.0,0.0,False,False,player_1_attempted_to_draw_from_empty_library,269,0,21,draw_half_reporting_terminal_only_training,public_decision_frame,1.0,0.0,g00091_C_equalized_40v40_life40_seat1_sp0_r3,900,True,terminal,C_equalized_40v40,Keep pilots fixed but put both shells at forty cards.,"If the target edge collapses here, the 60-card library buffer was doing major work.",cf34_counter_wall_40,pub_threat_overlord,counterwall_jace_proportional40,forty_overlord_impending,counterfactual_ranker_blend_counter_rev0034,threat_rush,mulligan_outcome_ranker_rev0027,land_band_business,40,40,1,3,0.0,0.0,1,target_loss,library_out,1,target,False,False
rev0058,pub_threat_overlord,cf34_counter_wall_40,forty_overlord_impending,counterwall_jace_proportional40,threat_rush,counterfactual_ranker_blend_counter_rev0034,land_band_business,mulligan_outcome_ranker_rev0027,40,1,5858092,5858092,6858095,1,0.0,1.0,0.0,1.0,False,False,player_0_attempted_to_draw_from_empty_library,277,0,18,draw_half_reporting_terminal_only_training,public_decision_frame,0.0,1.0,g00092_C_equalized_40v40_life40_seat1_sp1_r0,900,True,terminal,C_equalized_40v40,Keep pilots fixed but put both shells at forty cards.,"If the target edge collapses here, the 60-card library buffer was doing major work.",cf34_counter_wall_40,pub_threat_overlord,counterwall_jace_proportional40,forty_overlord_impending,counterfactual_ranker_blend_counter_rev0034,threat_rush,mulligan_outcome_ranker_rev0027,land_band_business,40,40,1,0,1.0,1.0,1,target_win,library_out,0,opponent,True,False
rev0058,pub_threat_overlord,cf34_counter_wall_40,forty_overlord_impending,counterwall_jace_proportional40,threat_rush,counterfactual_ranker_blend_counter_rev0034,land_band_business,mulligan_outcome_ranker_rev0027,40,1,5858093,5858093,6858096,0,1.0,0.0,1.0,0.0,False,False,player_1_attempted_to_draw_from_empty_library,257,0,20,draw_half_reporting_terminal_only_training,public_decision_frame,1.0,0.0,g00093_C_equalized_40v40_life40_seat1_sp1_r1,900,True,terminal,C_equalized_40v40,Keep pilots fixed but put both shells at forty cards.,"If the target edge collapses here, the 60-card library buffer was doing major work.",cf34_counter_wall_40,pub_threat_overlord,counterwall_jace_proportional40,forty_overlord_impending,counterfactual_ranker_blend_counter_rev0034,threat_rush,mulligan_outcome_ranker_rev0027,land_band_business,40,40,1,1,0.0,0.0,1,target_loss,library_out,1,target,False,False
rev0058,pub_threat_overlord,cf34_counter_wall_40,forty_overlord_impending,counterwall_jace_proportional40,threat_rush,counterfactual_ranker_blend_counter_rev0034,land_band_business,mulligan_outcome_ranker_rev0027,40,1,5858094,5858094,6858097,1,0.0,1.0,0.0,1.0,False,False,player_0_attempted_to_draw_from_empty_library,218,0,18,draw_half_reporting_terminal_only_training,public_decision_frame,0.0,1.0,g00094_C_equalized_40v40_life40_seat1_sp1_r2,900,True,terminal,C_equalized_40v40,Keep pilots fixed but put both shells at forty cards.,"If the target edge collapses here, the 60-card library buffer was doing major work.",cf34_counter_wall_40,pub_threat_overlord,counterwall_jace_proportional40,forty_overlord_impending,counterfactual_ranker_blend_counter_rev0034,threat_rush,mulligan_outcome_ranker_rev0027,land_band_business,40,40,1,2,1.0,1.0,1,target_win,library_out,0,opponent,True,False
rev0058,pub_threat_overlord,cf34_counter_wall_40,forty_overlord_impending,counterwall_jace_proportional40,threat_rush,counterfactual_ranker_blend_counter_rev0034,land_band_business,mulligan_outcome_ranker_rev0027,40,1,5858095,5858095,6858098,0,1.0,0.0,1.0,0.0,False,False,player_1_attempted_to_draw_from_empty_library,245,0,20,draw_half_reporting_terminal_only_training,public_decision_frame,1.0,0.0,g00095_C_equalized_40v40_life40_seat1_sp1_r3,900,True,terminal,C_equalized_40v40,Keep pilots fixed but put both shells at forty cards.,"If the target edge collapses here, the 60-card library buffer was doing major work.",cf34_counter_wall_40,pub_threat_overlord,counterwall_jace_proportional40,forty_overlord_impending,counterfactual_ranker_blend_counter_rev0034,threat_rush,mulligan_outcome_ranker_rev0027,land_band_business,40,40,1,3,0.0,0.0,1,target_loss,library_out,1,target,False,False
rev0058,cf34_counter_wall,pub_threat_overlord_60,sixty_counterwall_jace,overlord_impending_proportional60,counterfactual_ranker_blend_counter_rev0034,threat_rush,mulligan_outcome_ranker_rev0027,land_band_business,20,0,5858096,5858096,6858099,0,1.0,0.0,1.0,0.0,False,False,player_1_attempted_to_draw_from_empty_library,445,0,31,draw_half_reporting_terminal_only_training,public_decision_frame,1.0,0.0,g00096_D_equalized_60v60_life20_seat0_sp0_r0,900,True,terminal,D_equalized_60v60,Keep pilots fixed but put both shells at sixty cards.,"If the target edge weakens here, opponent 40-card self-decking was a major contributor.",cf34_counter_wall,pub_threat_overlord_60,sixty_counterwall_jace,overlord_impending_proportional60,counterfactual_ranker_blend_counter_rev0034,threat_rush,mulligan_outcome_ranker_rev0027,land_band_business,60,60,0,0,1.0,1.0,0,target_win,library_out,1,opponent,True,False
rev0058,cf34_counter_wall,pub_threat_overlord_60,sixty_counterwall_jace,overlord_impending_proportional60,counterfactual_ranker_blend_counter_rev0034,threat_rush,mulligan_outcome_ranker_rev0027,land_band_business,20,0,5858097,5858097,6858100,1,0.0,1.0,0.0,1.0,False,False,player_0_life_total_zero_or_less,118,0,12,draw_half_reporting_terminal_only_training,public_decision_frame,0.0,1.0,g00097_D_equalized_60v60_life20_seat0_sp0_r1,900,True,terminal,D_equalized_60v60,Keep pilots fixed but put both shells at sixty cards.,"If the target edge weakens here, opponent 40-card self-decking was a major contributor.",cf34_counter_wall,pub_threat_overlord_60,sixty_counterwall_jace,overlord_impending_proportional60,counterfactual_ranker_blend_counter_rev0034,threat_rush,mulligan_outcome_ranker_rev0027,land_band_business,60,60,0,1,0.0,0.0,0,target_loss,life_total,0,target,False,False
rev0058,cf34_counter_wall,pub_threat_overlord_60,sixty_counterwall_jace,overlord_impending_proportional60,counterfactual_ranker_blend_counter_rev0034,threat_rush,mulligan_outcome_ranker_rev0027,land_band_business,20,0,5858098,5858098,6858101,1,0.0,1.0,0.0,1.0,False,False,player_0_attempted_to_draw_from_empty_library,351,0,28,draw_half_reporting_terminal_only_training,public_decision_frame,0.0,1.0,g00098_D_equalized_60v60_life20_seat0_sp0_r2,900,True,terminal,D_equalized_60v60,Keep pilots fixed but put both shells at sixty cards.,"If the target edge weakens here, opponent 40-card self-decking was a major contributor.",cf34_counter_wall,pub_threat_overlord_60,sixty_counterwall_jace,overlord_impending_proportional60,counterfactual_ranker_blend_counter_rev0034,threat_rush,mulligan_outcome_ranker_rev0027,land_band_business,60,60,0,2,0.0,0.0,0,target_loss,library_out,0,target,False,False
rev0058,cf34_counter_wall,pub_threat_overlord_60,sixty_counterwall_jace,overlord_impending_proportional60,counterfactual_ranker_blend_counter_rev0034,threat_rush,mulligan_outcome_ranker_rev0027,land_band_business,20,0,5858099,5858099,6858102,1,0.0,1.0,0.0,1.0,False,False,player_0_attempted_to_draw_from_empty_library,460,0,34,draw_half_reporting_terminal_only_training,public_decision_frame,0.0,1.0,g00099_D_equalized_60v60_life20_seat0_sp0_r3,900,True,terminal,D_equalized_60v60,Keep pilots fixed but put both shells at sixty cards.,"If the target edge weakens here, opponent 40-card self-decking was a major contributor.",cf34_counter_wall,pub_threat_overlord_60,sixty_counterwall_jace,overlord_impending_proportional60,counterfactual_ranker_blend_counter_rev0034,threat_rush,mulligan_outcome_ranker_rev0027,land_band_business,60,60,0,3,0.0,0.0,0,target_loss,library_out,0,target,False,False
rev0058,cf34_counter_wall,pub_threat_overlord_60,sixty_counterwall_jace,overlord_impending_proportional60,counterfactual_ranker_blend_counter_rev0034,threat_rush,mulligan_outcome_ranker_rev0027,land_band_business,20,1,5858100,5858100,6858103,0,1.0,0.0,1.0,0.0,False,False,player_1_life_total_zero_or_less,242,0,20,draw_half_reporting_terminal_only_training,public_decision_frame,1.0,0.0,g00100_D_equalized_60v60_life20_seat0_sp1_r0,900,True,terminal,D_equalized_60v60,Keep pilots fixed but put both shells at sixty cards.,"If the target edge weakens here, opponent 40-card self-decking was a major contributor.",cf34_counter_wall,pub_threat_overlord_60,sixty_counterwall_jace,overlord_impending_proportional60,counterfactual_ranker_blend_counter_rev0034,threat_rush,mulligan_outcome_ranker_rev0027,land_band_business,60,60,0,0,1.0,1.0,0,target_win,life_total,1,opponent,False,True
rev0058,cf34_counter_wall,pub_threat_overlord_60,sixty_counterwall_jace,overlord_impending_proportional60,counterfactual_ranker_blend_counter_rev0034,threat_rush,mulligan_outcome_ranker_rev0027,land_band_business,20,1,5858101,5858101,6858104,0,1.0,0.0,1.0,0.0,False,False,player_1_life_total_zero_or_less,128,0,12,draw_half_reporting_terminal_only_training,public_decision_frame,1.0,0.0,g00101_D_equalized_60v60_life20_seat0_sp1_r1,900,True,terminal,D_equalized_60v60,Keep pilots fixed but put both shells at sixty cards.,"If the target edge weakens here, opponent 40-card self-decking was a major contributor.",cf34_counter_wall,pub_threat_overlord_60,sixty_counterwall_jace,overlord_impending_proportional60,counterfactual_ranker_blend_counter_rev0034,threat_rush,mulligan_outcome_ranker_rev0027,land_band_business,60,60,0,1,1.0,1.0,0,target_win,life_total,1,opponent,False,True
rev0058,cf34_counter_wall,pub_threat_overlord_60,sixty_counterwall_jace,overlord_impending_proportional60,counterfactual_ranker_blend_counter_rev0034,threat_rush,mulligan_outcome_ranker_rev0027,land_band_business,20,1,5858102,5858102,6858105,0,1.0,0.0,1.0,0.0,False,False,player_1_attempted_to_draw_from_empty_library,444,0,28,draw_half_reporting_terminal_only_training,public_decision_frame,1.0,0.0,g00102_D_equalized_60v60_life20_seat0_sp1_r2,900,True,terminal,D_equalized_60v60,Keep pilots fixed but put both shells at sixty cards.,"If the target edge weakens here, opponent 40-card self-decking was a major contributor.",cf34_counter_wall,pub_threat_overlord_60,sixty_counterwall_jace,overlord_impending_proportional60,counterfactual_ranker_blend_counter_rev0034,threat_rush,mulligan_outcome_ranker_rev0027,land_band_business,60,60,0,2,1.0,1.0,0,target_win,library_out,1,opponent,True,False
rev0058,cf34_counter_wall,pub_threat_overlord_60,sixty_counterwall_jace,overlord_impending_proportional60,counterfactual_ranker_blend_counter_rev0034,threat_rush,mulligan_outcome_ranker_rev0027,land_band_business,20,1,5858103,5858103,6858106,0,1.0,0.0,1.0,0.0,False,False,player_1_life_total_zero_or_less,118,0,11,draw_half_reporting_terminal_only_training,public_decision_frame,1.0,0.0,g00103_D_equalized_60v60_life20_seat0_sp1_r3,900,True,terminal,D_equalized_60v60,Keep pilots fixed but put both shells at sixty cards.,"If the target edge weakens here, opponent 40-card self-decking was a major contributor.",cf34_counter_wall,pub_threat_overlord_60,sixty_counterwall_jace,overlord_impending_proportional60,counterfactual_ranker_blend_counter_rev0034,threat_rush,mulligan_outcome_ranker_rev0027,land_band_business,60,60,0,3,1.0,1.0,0,target_win,life_total,1,opponent,False,True
rev0058,pub_threat_overlord_60,cf34_counter_wall,overlord_impending_proportional60,sixty_counterwall_jace,threat_rush,counterfactual_ranker_blend_counter_rev0034,land_band_business,mulligan_outcome_ranker_rev0027,20,0,5858104,5858104,6858107,1,0.0,1.0,0.0,1.0,False,False,player_0_attempted_to_draw_from_empty_library,401,0,29,draw_half_reporting_terminal_only_training,public_decision_frame,0.0,1.0,g00104_D_equalized_60v60_life20_seat1_sp0_r0,900,True,terminal,D_equalized_60v60,Keep pilots fixed but put both shells at sixty cards.,"If the target edge weakens here, opponent 40-card self-decking was a major contributor.",cf34_counter_wall,pub_threat_overlord_60,sixty_counterwall_jace,overlord_impending_proportional60,counterfactual_ranker_blend_counter_rev0034,threat_rush,mulligan_outcome_ranker_rev0027,land_band_business,60,60,1,0,1.0,1.0,1,target_win,library_out,0,opponent,True,False
rev0058,pub_threat_overlord_60,cf34_counter_wall,overlord_impending_proportional60,sixty_counterwall_jace,threat_rush,counterfactual_ranker_blend_counter_rev0034,land_band_business,mulligan_outcome_ranker_rev0027,20,0,5858105,5858105,6858108,1,0.0,1.0,0.0,1.0,False,False,player_0_attempted_to_draw_from_empty_library,469,0,47,draw_half_reporting_terminal_only_training,public_decision_frame,0.0,1.0,g00105_D_equalized_60v60_life20_seat1_sp0_r1,900,True,terminal,D_equalized_60v60,Keep pilots fixed but put both shells at sixty cards.,"If the target edge weakens here, opponent 40-card self-decking was a major contributor.",cf34_counter_wall,pub_threat_overlord_60,sixty_counterwall_jace,overlord_impending_proportional60,counterfactual_ranker_blend_counter_rev0034,threat_rush,mulligan_outcome_ranker_rev0027,land_band_business,60,60,1,1,1.0,1.0,1,target_win,library_out,0,opponent,True,False
rev0058,pub_threat_overlord_60,cf34_counter_wall,overlord_impending_proportional60,sixty_counterwall_jace,threat_rush,counterfactual_ranker_blend_counter_rev0034,land_band_business,mulligan_outcome_ranker_rev0027,20,0,5858106,5858106,6858109,1,0.0,1.0,0.0,1.0,False,False,player_0_attempted_to_draw_from_empty_library,423,0,27,draw_half_reporting_terminal_only_training,public_decision_frame,0.0,1.0,g00106_D_equalized_60v60_life20_seat1_sp0_r2,900,True,terminal,D_equalized_60v60,Keep pilots fixed but put both shells at sixty cards.,"If the target edge weakens here, opponent 40-card self-decking was a major contributor.",cf34_counter_wall,pub_threat_overlord_60,sixty_counterwall_jace,overlord_impending_proportional60,counterfactual_ranker_blend_counter_rev0034,threat_rush,mulligan_outcome_ranker_rev0027,land_band_business,60,60,1,2,1.0,1.0,1,target_win,library_out,0,opponent,True,False
rev0058,pub_threat_overlord_60,cf34_counter_wall,overlord_impending_proportional60,sixty_counterwall_jace,threat_rush,counterfactual_ranker_blend_counter_rev0034,land_band_business,mulligan_outcome_ranker_rev0027,20,0,5858107,5858107,6858110,1,0.0,1.0,0.0,1.0,False,False,player_0_attempted_to_draw_from_empty_library,407,0,33,draw_half_reporting_terminal_only_training,public_decision_frame,0.0,1.0,g00107_D_equalized_60v60_life20_seat1_sp0_r3,900,True,terminal,D_equalized_60v60,Keep pilots fixed but put both shells at sixty cards.,"If the target edge weakens here, opponent 40-card self-decking was a major contributor.",cf34_counter_wall,pub_threat_overlord_60,sixty_counterwall_jace,overlord_impending_proportional60,counterfactual_ranker_blend_counter_rev0034,threat_rush,mulligan_outcome_ranker_rev0027,land_band_business,60,60,1,3,1.0,1.0,1,target_win,library_out,0,opponent,True,False
rev0058,pub_threat_overlord_60,cf34_counter_wall,overlord_impending_proportional60,sixty_counterwall_jace,threat_rush,counterfactual_ranker_blend_counter_rev0034,land_band_business,mulligan_outcome_ranker_rev0027,20,1,5858108,5858108,6858111,0,1.0,0.0,1.0,0.0,False,False,player_1_attempted_to_draw_from_empty_library,403,0,31,draw_half_reporting_terminal_only_training,public_decision_frame,1.0,0.0,g00108_D_equalized_60v60_life20_seat1_sp1_r0,900,True,terminal,D_equalized_60v60,Keep pilots fixed but put both shells at sixty cards.,"If the target edge weakens here, opponent 40-card self-decking was a major contributor.",cf34_counter_wall,pub_threat_overlord_60,sixty_counterwall_jace,overlord_impending_proportional60,counterfactual_ranker_blend_counter_rev0034,threat_rush,mulligan_outcome_ranker_rev0027,land_band_business,60,60,1,0,0.0,0.0,1,target_loss,library_out,1,target,False,False
rev0058,pub_threat_overlord_60,cf34_counter_wall,overlord_impending_proportional60,sixty_counterwall_jace,threat_rush,counterfactual_ranker_blend_counter_rev0034,land_band_business,mulligan_outcome_ranker_rev0027,20,1,5858109,5858109,6858112,1,0.0,1.0,0.0,1.0,False,False,player_0_attempted_to_draw_from_empty_library,465,0,30,draw_half_reporting_terminal_only_training,public_decision_frame,0.0,1.0,g00109_D_equalized_60v60_life20_seat1_sp1_r1,900,True,terminal,D_equalized_60v60,Keep pilots fixed but put both shells at sixty cards.,"If the target edge weakens here, opponent 40-card self-decking was a major contributor.",cf34_counter_wall,pub_threat_overlord_60,sixty_counterwall_jace,overlord_impending_proportional60,counterfactual_ranker_blend_counter_rev0034,threat_rush,mulligan_outcome_ranker_rev0027,land_band_business,60,60,1,1,1.0,1.0,1,target_win,library_out,0,opponent,True,False
rev0058,pub_threat_overlord_60,cf34_counter_wall,overlord_impending_proportional60,sixty_counterwall_jace,threat_rush,counterfactual_ranker_blend_counter_rev0034,land_band_business,mulligan_outcome_ranker_rev0027,20,1,5858110,5858110,6858113,1,0.0,1.0,0.0,1.0,False,False,player_0_attempted_to_draw_from_empty_library,394,0,28,draw_half_reporting_terminal_only_training,public_decision_frame,0.0,1.0,g00110_D_equalized_60v60_life20_seat1_sp1_r2,900,True,terminal,D_equalized_60v60,Keep pilots fixed but put both shells at sixty cards.,"If the target edge weakens here, opponent 40-card self-decking was a major contributor.",cf34_counter_wall,pub_threat_overlord_60,sixty_counterwall_jace,overlord_impending_proportional60,counterfactual_ranker_blend_counter_rev0034,threat_rush,mulligan_outcome_ranker_rev0027,land_band_business,60,60,1,2,1.0,1.0,1,target_win,library_out,0,opponent,True,False
rev0058,pub_threat_overlord_60,cf34_counter_wall,overlord_impending_proportional60,sixty_counterwall_jace,threat_rush,counterfactual_ranker_blend_counter_rev0034,land_band_business,mulligan_outcome_ranker_rev0027,20,1,5858111,5858111,6858114,0,1.0,0.0,1.0,0.0,False,False,player_1_attempted_to_draw_from_empty_library,412,0,34,draw_half_reporting_terminal_only_training,public_decision_frame,1.0,0.0,g00111_D_equalized_60v60_life20_seat1_sp1_r3,900,True,terminal,D_equalized_60v60,Keep pilots fixed but put both shells at sixty cards.,"If the target edge weakens here, opponent 40-card self-decking was a major contributor.",cf34_counter_wall,pub_threat_overlord_60,sixty_counterwall_jace,overlord_impending_proportional60,counterfactual_ranker_blend_counter_rev0034,threat_rush,mulligan_outcome_ranker_rev0027,land_band_business,60,60,1,3,0.0,0.0,1,target_loss,library_out,1,target,False,False
rev0058,cf34_counter_wall,pub_threat_overlord_60,sixty_counterwall_jace,overlord_impending_proportional60,counterfactual_ranker_blend_counter_rev0034,threat_rush,mulligan_outcome_ranker_rev0027,land_band_business,40,0,5858112,5858112,6858115,0,1.0,0.0,1.0,0.0,False,False,player_1_attempted_to_draw_from_empty_library,364,0,22,draw_half_reporting_terminal_only_training,public_decision_frame,1.0,0.0,g00112_D_equalized_60v60_life40_seat0_sp0_r0,900,True,terminal,D_equalized_60v60,Keep pilots fixed but put both shells at sixty cards.,"If the target edge weakens here, opponent 40-card self-decking was a major contributor.",cf34_counter_wall,pub_threat_overlord_60,sixty_counterwall_jace,overlord_impending_proportional60,counterfactual_ranker_blend_counter_rev0034,threat_rush,mulligan_outcome_ranker_rev0027,land_band_business,60,60,0,0,1.0,1.0,0,target_win,library_out,1,opponent,True,False
rev0058,cf34_counter_wall,pub_threat_overlord_60,sixty_counterwall_jace,overlord_impending_proportional60,counterfactual_ranker_blend_counter_rev0034,threat_rush,mulligan_outcome_ranker_rev0027,land_band_business,40,0,5858113,5858113,6858116,1,0.0,1.0,0.0,1.0,False,False,player_0_life_total_zero_or_less,293,0,25,draw_half_reporting_terminal_only_training,public_decision_frame,0.0,1.0,g00113_D_equalized_60v60_life40_seat0_sp0_r1,900,True,terminal,D_equalized_60v60,Keep pilots fixed but put both shells at sixty cards.,"If the target edge weakens here, opponent 40-card self-decking was a major contributor.",cf34_counter_wall,pub_threat_overlord_60,sixty_counterwall_jace,overlord_impending_proportional60,counterfactual_ranker_blend_counter_rev0034,threat_rush,mulligan_outcome_ranker_rev0027,land_band_business,60,60,0,1,0.0,0.0,0,target_loss,life_total,0,target,False,False
rev0058,cf34_counter_wall,pub_threat_overlord_60,sixty_counterwall_jace,overlord_impending_proportional60,counterfactual_ranker_blend_counter_rev0034,threat_rush,mulligan_outcome_ranker_rev0027,land_band_business,40,0,5858114,5858114,6858117,1,0.0,1.0,0.0,1.0,False,False,player_0_life_total_zero_or_less,237,0,20,draw_half_reporting_terminal_only_training,public_decision_frame,0.0,1.0,g00114_D_equalized_60v60_life40_seat0_sp0_r2,900,True,terminal,D_equalized_60v60,Keep pilots fixed but put both shells at sixty cards.,"If the target edge weakens here, opponent 40-card self-decking was a major contributor.",cf34_counter_wall,pub_threat_overlord_60,sixty_counterwall_jace,overlord_impending_proportional60,counterfactual_ranker_blend_counter_rev0034,threat_rush,mulligan_outcome_ranker_rev0027,land_band_business,60,60,0,2,0.0,0.0,0,target_loss,life_total,0,target,False,False
rev0058,cf34_counter_wall,pub_threat_overlord_60,sixty_counterwall_jace,overlord_impending_proportional60,counterfactual_ranker_blend_counter_rev0034,threat_rush,mulligan_outcome_ranker_rev0027,land_band_business,40,0,5858115,5858115,6858118,0,1.0,0.0,1.0,0.0,False,False,player_1_attempted_to_draw_from_empty_library,359,0,24,draw_half_reporting_terminal_only_training,public_decision_frame,1.0,0.0,g00115_D_equalized_60v60_life40_seat0_sp0_r3,900,True,terminal,D_equalized_60v60,Keep pilots fixed but put both shells at sixty cards.,"If the target edge weakens here, opponent 40-card self-decking was a major contributor.",cf34_counter_wall,pub_threat_overlord_60,sixty_counterwall_jace,overlord_impending_proportional60,counterfactual_ranker_blend_counter_rev0034,threat_rush,mulligan_outcome_ranker_rev0027,land_band_business,60,60,0,3,1.0,1.0,0,target_win,library_out,1,opponent,True,False
rev0058,cf34_counter_wall,pub_threat_overlord_60,sixty_counterwall_jace,overlord_impending_proportional60,counterfactual_ranker_blend_counter_rev0034,threat_rush,mulligan_outcome_ranker_rev0027,land_band_business,40,1,5858116,5858116,6858119,0,1.0,0.0,1.0,0.0,False,False,player_1_attempted_to_draw_from_empty_library,442,0,26,draw_half_reporting_terminal_only_training,public_decision_frame,1.0,0.0,g00116_D_equalized_60v60_life40_seat0_sp1_r0,900,True,terminal,D_equalized_60v60,Keep pilots fixed but put both shells at sixty cards.,"If the target edge weakens here, opponent 40-card self-decking was a major contributor.",cf34_counter_wall,pub_threat_overlord_60,sixty_counterwall_jace,overlord_impending_proportional60,counterfactual_ranker_blend_counter_rev0034,threat_rush,mulligan_outcome_ranker_rev0027,land_band_business,60,60,0,0,1.0,1.0,0,target_win,library_out,1,opponent,True,False
rev0058,cf34_counter_wall,pub_threat_overlord_60,sixty_counterwall_jace,overlord_impending_proportional60,counterfactual_ranker_blend_counter_rev0034,threat_rush,mulligan_outcome_ranker_rev0027,land_band_business,40,1,5858117,5858117,6858120,1,0.0,1.0,0.0,1.0,False,False,player_0_life_total_zero_or_less,186,0,16,draw_half_reporting_terminal_only_training,public_decision_frame,0.0,1.0,g00117_D_equalized_60v60_life40_seat0_sp1_r1,900,True,terminal,D_equalized_60v60,Keep pilots fixed but put both shells at sixty cards.,"If the target edge weakens here, opponent 40-card self-decking was a major contributor.",cf34_counter_wall,pub_threat_overlord_60,sixty_counterwall_jace,overlord_impending_proportional60,counterfactual_ranker_blend_counter_rev0034,threat_rush,mulligan_outcome_ranker_rev0027,land_band_business,60,60,0,1,0.0,0.0,0,target_loss,life_total,0,target,False,False
rev0058,cf34_counter_wall,pub_threat_overlord_60,sixty_counterwall_jace,overlord_impending_proportional60,counterfactual_ranker_blend_counter_rev0034,threat_rush,mulligan_outcome_ranker_rev0027,land_band_business,40,1,5858118,5858118,6858121,0,1.0,0.0,1.0,0.0,False,False,player_1_attempted_to_draw_from_empty_library,371,0,27,draw_half_reporting_terminal_only_training,public_decision_frame,1.0,0.0,g00118_D_equalized_60v60_life40_seat0_sp1_r2,900,True,terminal,D_equalized_60v60,Keep pilots fixed but put both shells at sixty cards.,"If the target edge weakens here, opponent 40-card self-decking was a major contributor.",cf34_counter_wall,pub_threat_overlord_60,sixty_counterwall_jace,overlord_impending_proportional60,counterfactual_ranker_blend_counter_rev0034,threat_rush,mulligan_outcome_ranker_rev0027,land_band_business,60,60,0,2,1.0,1.0,0,target_win,library_out,1,opponent,True,False
rev0058,cf34_counter_wall,pub_threat_overlord_60,sixty_counterwall_jace,overlord_impending_proportional60,counterfactual_ranker_blend_counter_rev0034,threat_rush,mulligan_outcome_ranker_rev0027,land_band_business,40,1,5858119,5858119,6858122,1,0.0,1.0,0.0,1.0,False,False,player_0_attempted_to_draw_from_empty_library,462,0,41,draw_half_reporting_terminal_only_training,public_decision_frame,0.0,1.0,g00119_D_equalized_60v60_life40_seat0_sp1_r3,900,True,terminal,D_equalized_60v60,Keep pilots fixed but put both shells at sixty cards.,"If the target edge weakens here, opponent 40-card self-decking was a major contributor.",cf34_counter_wall,pub_threat_overlord_60,sixty_counterwall_jace,overlord_impending_proportional60,counterfactual_ranker_blend_counter_rev0034,threat_rush,mulligan_outcome_ranker_rev0027,land_band_business,60,60,0,3,0.0,0.0,0,target_loss,library_out,0,target,False,False
rev0058,pub_threat_overlord_60,cf34_counter_wall,overlord_impending_proportional60,sixty_counterwall_jace,threat_rush,counterfactual_ranker_blend_counter_rev0034,land_band_business,mulligan_outcome_ranker_rev0027,40,0,5858120,5858120,6858123,0,1.0,0.0,1.0,0.0,False,False,player_1_life_total_zero_or_less,206,0,15,draw_half_reporting_terminal_only_training,public_decision_frame,1.0,0.0,g00120_D_equalized_60v60_life40_seat1_sp0_r0,900,True,terminal,D_equalized_60v60,Keep pilots fixed but put both shells at sixty cards.,"If the target edge weakens here, opponent 40-card self-decking was a major contributor.",cf34_counter_wall,pub_threat_overlord_60,sixty_counterwall_jace,overlord_impending_proportional60,counterfactual_ranker_blend_counter_rev0034,threat_rush,mulligan_outcome_ranker_rev0027,land_band_business,60,60,1,0,0.0,0.0,1,target_loss,life_total,1,target,False,False
rev0058,pub_threat_overlord_60,cf34_counter_wall,overlord_impending_proportional60,sixty_counterwall_jace,threat_rush,counterfactual_ranker_blend_counter_rev0034,land_band_business,mulligan_outcome_ranker_rev0027,40,0,5858121,5858121,6858124,0,1.0,0.0,1.0,0.0,False,False,player_1_attempted_to_draw_from_empty_library,380,0,37,draw_half_reporting_terminal_only_training,public_decision_frame,1.0,0.0,g00121_D_equalized_60v60_life40_seat1_sp0_r1,900,True,terminal,D_equalized_60v60,Keep pilots fixed but put both shells at sixty cards.,"If the target edge weakens here, opponent 40-card self-decking was a major contributor.",cf34_counter_wall,pub_threat_overlord_60,sixty_counterwall_jace,overlord_impending_proportional60,counterfactual_ranker_blend_counter_rev0034,threat_rush,mulligan_outcome_ranker_rev0027,land_band_business,60,60,1,1,0.0,0.0,1,target_loss,library_out,1,target,False,False
rev0058,pub_threat_overlord_60,cf34_counter_wall,overlord_impending_proportional60,sixty_counterwall_jace,threat_rush,counterfactual_ranker_blend_counter_rev0034,land_band_business,mulligan_outcome_ranker_rev0027,40,0,5858122,5858122,6858125,1,0.0,1.0,0.0,1.0,False,False,player_0_attempted_to_draw_from_empty_library,432,0,28,draw_half_reporting_terminal_only_training,public_decision_frame,0.0,1.0,g00122_D_equalized_60v60_life40_seat1_sp0_r2,900,True,terminal,D_equalized_60v60,Keep pilots fixed but put both shells at sixty cards.,"If the target edge weakens here, opponent 40-card self-decking was a major contributor.",cf34_counter_wall,pub_threat_overlord_60,sixty_counterwall_jace,overlord_impending_proportional60,counterfactual_ranker_blend_counter_rev0034,threat_rush,mulligan_outcome_ranker_rev0027,land_band_business,60,60,1,2,1.0,1.0,1,target_win,library_out,0,opponent,True,False
rev0058,pub_threat_overlord_60,cf34_counter_wall,overlord_impending_proportional60,sixty_counterwall_jace,threat_rush,counterfactual_ranker_blend_counter_rev0034,land_band_business,mulligan_outcome_ranker_rev0027,40,0,5858123,5858123,6858126,1,0.0,1.0,0.0,1.0,False,False,player_0_attempted_to_draw_from_empty_library,424,0,25,draw_half_reporting_terminal_only_training,public_decision_frame,0.0,1.0,g00123_D_equalized_60v60_life40_seat1_sp0_r3,900,True,terminal,D_equalized_60v60,Keep pilots fixed but put both shells at sixty cards.,"If the target edge weakens here, opponent 40-card self-decking was a major contributor.",cf34_counter_wall,pub_threat_overlord_60,sixty_counterwall_jace,overlord_impending_proportional60,counterfactual_ranker_blend_counter_rev0034,threat_rush,mulligan_outcome_ranker_rev0027,land_band_business,60,60,1,3,1.0,1.0,1,target_win,library_out,0,opponent,True,False
rev0058,pub_threat_overlord_60,cf34_counter_wall,overlord_impending_proportional60,sixty_counterwall_jace,threat_rush,counterfactual_ranker_blend_counter_rev0034,land_band_business,mulligan_outcome_ranker_rev0027,40,1,5858124,5858124,6858127,0,1.0,0.0,1.0,0.0,False,False,player_1_life_total_zero_or_less,307,0,28,draw_half_reporting_terminal_only_training,public_decision_frame,1.0,0.0,g00124_D_equalized_60v60_life40_seat1_sp1_r0,900,True,terminal,D_equalized_60v60,Keep pilots fixed but put both shells at sixty cards.,"If the target edge weakens here, opponent 40-card self-decking was a major contributor.",cf34_counter_wall,pub_threat_overlord_60,sixty_counterwall_jace,overlord_impending_proportional60,counterfactual_ranker_blend_counter_rev0034,threat_rush,mulligan_outcome_ranker_rev0027,land_band_business,60,60,1,0,0.0,0.0,1,target_loss,life_total,1,target,False,False
rev0058,pub_threat_overlord_60,cf34_counter_wall,overlord_impending_proportional60,sixty_counterwall_jace,threat_rush,counterfactual_ranker_blend_counter_rev0034,land_band_business,mulligan_outcome_ranker_rev0027,40,1,5858125,5858125,6858128,0,1.0,0.0,1.0,0.0,False,False,player_1_attempted_to_draw_from_empty_library,409,0,29,draw_half_reporting_terminal_only_training,public_decision_frame,1.0,0.0,g00125_D_equalized_60v60_life40_seat1_sp1_r1,900,True,terminal,D_equalized_60v60,Keep pilots fixed but put both shells at sixty cards.,"If the target edge weakens here, opponent 40-card self-decking was a major contributor.",cf34_counter_wall,pub_threat_overlord_60,sixty_counterwall_jace,overlord_impending_proportional60,counterfactual_ranker_blend_counter_rev0034,threat_rush,mulligan_outcome_ranker_rev0027,land_band_business,60,60,1,1,0.0,0.0,1,target_loss,library_out,1,target,False,False
rev0058,pub_threat_overlord_60,cf34_counter_wall,overlord_impending_proportional60,sixty_counterwall_jace,threat_rush,counterfactual_ranker_blend_counter_rev0034,land_band_business,mulligan_outcome_ranker_rev0027,40,1,5858126,5858126,6858129,1,0.0,1.0,0.0,1.0,False,False,player_0_attempted_to_draw_from_empty_library,432,0,28,draw_half_reporting_terminal_only_training,public_decision_frame,0.0,1.0,g00126_D_equalized_60v60_life40_seat1_sp1_r2,900,True,terminal,D_equalized_60v60,Keep pilots fixed but put both shells at sixty cards.,"If the target edge weakens here, opponent 40-card self-decking was a major contributor.",cf34_counter_wall,pub_threat_overlord_60,sixty_counterwall_jace,overlord_impending_proportional60,counterfactual_ranker_blend_counter_rev0034,threat_rush,mulligan_outcome_ranker_rev0027,land_band_business,60,60,1,2,1.0,1.0,1,target_win,library_out,0,opponent,True,False
rev0058,pub_threat_overlord_60,cf34_counter_wall,overlord_impending_proportional60,sixty_counterwall_jace,threat_rush,counterfactual_ranker_blend_counter_rev0034,land_band_business,mulligan_outcome_ranker_rev0027,40,1,5858127,5858127,6858130,1,0.0,1.0,0.0,1.0,False,False,player_0_attempted_to_draw_from_empty_library,460,0,33,draw_half_reporting_terminal_only_training,public_decision_frame,0.0,1.0,g00127_D_equalized_60v60_life40_seat1_sp1_r3,900,True,terminal,D_equalized_60v60,Keep pilots fixed but put both shells at sixty cards.,"If the target edge weakens here, opponent 40-card self-decking was a major contributor.",cf34_counter_wall,pub_threat_overlord_60,sixty_counterwall_jace,overlord_impending_proportional60,counterfactual_ranker_blend_counter_rev0034,threat_rush,mulligan_outcome_ranker_rev0027,land_band_business,60,60,1,3,1.0,1.0,1,target_win,library_out,0,opponent,True,False
rev0058,cf34pilot_on_counter60,threatpilot_on_counter60,sixty_counterwall_jace,sixty_counterwall_jace,counterfactual_ranker_blend_counter_rev0034,threat_rush,mulligan_outcome_ranker_rev0027,land_band_business,20,0,5858128,5858128,6858131,1,0.0,1.0,0.0,1.0,False,False,player_0_attempted_to_draw_from_empty_library,421,0,42,draw_half_reporting_terminal_only_training,public_decision_frame,0.0,1.0,g00128_E_same_deck_counter60_pilot_life20_seat0_sp0_r0,900,True,terminal,E_same_deck_counter60_pilot,Hold the counter-wall deck fixed on both sides and compare pilots only.,Same-deck pilot-only control for the counter-wall shell.,cf34pilot_on_counter60,threatpilot_on_counter60,sixty_counterwall_jace,sixty_counterwall_jace,counterfactual_ranker_blend_counter_rev0034,threat_rush,mulligan_outcome_ranker_rev0027,land_band_business,60,60,0,0,0.0,0.0,0,target_loss,library_out,0,target,False,False
rev0058,cf34pilot_on_counter60,threatpilot_on_counter60,sixty_counterwall_jace,sixty_counterwall_jace,counterfactual_ranker_blend_counter_rev0034,threat_rush,mulligan_outcome_ranker_rev0027,land_band_business,20,0,5858129,5858129,6858132,1,0.0,1.0,0.0,1.0,False,False,player_0_attempted_to_draw_from_empty_library,435,0,28,draw_half_reporting_terminal_only_training,public_decision_frame,0.0,1.0,g00129_E_same_deck_counter60_pilot_life20_seat0_sp0_r1,900,True,terminal,E_same_deck_counter60_pilot,Hold the counter-wall deck fixed on both sides and compare pilots only.,Same-deck pilot-only control for the counter-wall shell.,cf34pilot_on_counter60,threatpilot_on_counter60,sixty_counterwall_jace,sixty_counterwall_jace,counterfactual_ranker_blend_counter_rev0034,threat_rush,mulligan_outcome_ranker_rev0027,land_band_business,60,60,0,1,0.0,0.0,0,target_loss,library_out,0,target,False,False
rev0058,cf34pilot_on_counter60,threatpilot_on_counter60,sixty_counterwall_jace,sixty_counterwall_jace,counterfactual_ranker_blend_counter_rev0034,threat_rush,mulligan_outcome_ranker_rev0027,land_band_business,20,0,5858130,5858130,6858133,0,1.0,0.0,1.0,0.0,False,False,player_1_attempted_to_draw_from_empty_library,368,0,28,draw_half_reporting_terminal_only_training,public_decision_frame,1.0,0.0,g00130_E_same_deck_counter60_pilot_life20_seat0_sp0_r2,900,True,terminal,E_same_deck_counter60_pilot,Hold the counter-wall deck fixed on both sides and compare pilots only.,Same-deck pilot-only control for the counter-wall shell.,cf34pilot_on_counter60,threatpilot_on_counter60,sixty_counterwall_jace,sixty_counterwall_jace,counterfactual_ranker_blend_counter_rev0034,threat_rush,mulligan_outcome_ranker_rev0027,land_band_business,60,60,0,2,1.0,1.0,0,target_win,library_out,1,opponent,True,False
rev0058,cf34pilot_on_counter60,threatpilot_on_counter60,sixty_counterwall_jace,sixty_counterwall_jace,counterfactual_ranker_blend_counter_rev0034,threat_rush,mulligan_outcome_ranker_rev0027,land_band_business,20,0,5858131,5858131,6858134,0,1.0,0.0,1.0,0.0,False,False,player_1_attempted_to_draw_from_empty_library,385,0,33,draw_half_reporting_terminal_only_training,public_decision_frame,1.0,0.0,g00131_E_same_deck_counter60_pilot_life20_seat0_sp0_r3,900,True,terminal,E_same_deck_counter60_pilot,Hold the counter-wall deck fixed on both sides and compare pilots only.,Same-deck pilot-only control for the counter-wall shell.,cf34pilot_on_counter60,threatpilot_on_counter60,sixty_counterwall_jace,sixty_counterwall_jace,counterfactual_ranker_blend_counter_rev0034,threat_rush,mulligan_outcome_ranker_rev0027,land_band_business,60,60,0,3,1.0,1.0,0,target_win,library_out,1,opponent,True,False
rev0058,cf34pilot_on_counter60,threatpilot_on_counter60,sixty_counterwall_jace,sixty_counterwall_jace,counterfactual_ranker_blend_counter_rev0034,threat_rush,mulligan_outcome_ranker_rev0027,land_band_business,20,1,5858132,5858132,6858135,1,0.0,1.0,0.0,1.0,False,False,player_0_attempted_to_draw_from_empty_library,440,0,44,draw_half_reporting_terminal_only_training,public_decision_frame,0.0,1.0,g00132_E_same_deck_counter60_pilot_life20_seat0_sp1_r0,900,True,terminal,E_same_deck_counter60_pilot,Hold the counter-wall deck fixed on both sides and compare pilots only.,Same-deck pilot-only control for the counter-wall shell.,cf34pilot_on_counter60,threatpilot_on_counter60,sixty_counterwall_jace,sixty_counterwall_jace,counterfactual_ranker_blend_counter_rev0034,threat_rush,mulligan_outcome_ranker_rev0027,land_band_business,60,60,0,0,0.0,0.0,0,target_loss,library_out,0,target,False,False
rev0058,cf34pilot_on_counter60,threatpilot_on_counter60,sixty_counterwall_jace,sixty_counterwall_jace,counterfactual_ranker_blend_counter_rev0034,threat_rush,mulligan_outcome_ranker_rev0027,land_band_business,20,1,5858133,5858133,6858136,1,0.0,1.0,0.0,1.0,False,False,player_0_attempted_to_draw_from_empty_library,416,0,40,draw_half_reporting_terminal_only_training,public_decision_frame,0.0,1.0,g00133_E_same_deck_counter60_pilot_life20_seat0_sp1_r1,900,True,terminal,E_same_deck_counter60_pilot,Hold the counter-wall deck fixed on both sides and compare pilots only.,Same-deck pilot-only control for the counter-wall shell.,cf34pilot_on_counter60,threatpilot_on_counter60,sixty_counterwall_jace,sixty_counterwall_jace,counterfactual_ranker_blend_counter_rev0034,threat_rush,mulligan_outcome_ranker_rev0027,land_band_business,60,60,0,1,0.0,0.0,0,target_loss,library_out,0,target,False,False
rev0058,cf34pilot_on_counter60,threatpilot_on_counter60,sixty_counterwall_jace,sixty_counterwall_jace,counterfactual_ranker_blend_counter_rev0034,threat_rush,mulligan_outcome_ranker_rev0027,land_band_business,20,1,5858134,5858134,6858137,1,0.0,1.0,0.0,1.0,False,False,player_0_attempted_to_draw_from_empty_library,431,0,29,draw_half_reporting_terminal_only_training,public_decision_frame,0.0,1.0,g00134_E_same_deck_counter60_pilot_life20_seat0_sp1_r2,900,True,terminal,E_same_deck_counter60_pilot,Hold the counter-wall deck fixed on both sides and compare pilots only.,Same-deck pilot-only control for the counter-wall shell.,cf34pilot_on_counter60,threatpilot_on_counter60,sixty_counterwall_jace,sixty_counterwall_jace,counterfactual_ranker_blend_counter_rev0034,threat_rush,mulligan_outcome_ranker_rev0027,land_band_business,60,60,0,2,0.0,0.0,0,target_loss,library_out,0,target,False,False
rev0058,cf34pilot_on_counter60,threatpilot_on_counter60,sixty_counterwall_jace,sixty_counterwall_jace,counterfactual_ranker_blend_counter_rev0034,threat_rush,mulligan_outcome_ranker_rev0027,land_band_business,20,1,5858135,5858135,6858138,0,1.0,0.0,1.0,0.0,False,False,player_1_attempted_to_draw_from_empty_library,360,0,28,draw_half_reporting_terminal_only_training,public_decision_frame,1.0,0.0,g00135_E_same_deck_counter60_pilot_life20_seat0_sp1_r3,900,True,terminal,E_same_deck_counter60_pilot,Hold the counter-wall deck fixed on both sides and compare pilots only.,Same-deck pilot-only control for the counter-wall shell.,cf34pilot_on_counter60,threatpilot_on_counter60,sixty_counterwall_jace,sixty_counterwall_jace,counterfactual_ranker_blend_counter_rev0034,threat_rush,mulligan_outcome_ranker_rev0027,land_band_business,60,60,0,3,1.0,1.0,0,target_win,library_out,1,opponent,True,False
rev0058,threatpilot_on_counter60,cf34pilot_on_counter60,sixty_counterwall_jace,sixty_counterwall_jace,threat_rush,counterfactual_ranker_blend_counter_rev0034,land_band_business,mulligan_outcome_ranker_rev0027,20,0,5858136,5858136,6858139,0,1.0,0.0,1.0,0.0,False,False,player_1_attempted_to_draw_from_empty_library,457,0,27,draw_half_reporting_terminal_only_training,public_decision_frame,1.0,0.0,g00136_E_same_deck_counter60_pilot_life20_seat1_sp0_r0,900,True,terminal,E_same_deck_counter60_pilot,Hold the counter-wall deck fixed on both sides and compare pilots only.,Same-deck pilot-only control for the counter-wall shell.,cf34pilot_on_counter60,threatpilot_on_counter60,sixty_counterwall_jace,sixty_counterwall_jace,counterfactual_ranker_blend_counter_rev0034,threat_rush,mulligan_outcome_ranker_rev0027,land_band_business,60,60,1,0,0.0,0.0,1,target_loss,library_out,1,target,False,False
rev0058,threatpilot_on_counter60,cf34pilot_on_counter60,sixty_counterwall_jace,sixty_counterwall_jace,threat_rush,counterfactual_ranker_blend_counter_rev0034,land_band_business,mulligan_outcome_ranker_rev0027,20,0,5858137,5858137,6858140,0,1.0,0.0,1.0,0.0,False,False,player_1_attempted_to_draw_from_empty_library,445,0,28,draw_half_reporting_terminal_only_training,public_decision_frame,1.0,0.0,g00137_E_same_deck_counter60_pilot_life20_seat1_sp0_r1,900,True,terminal,E_same_deck_counter60_pilot,Hold the counter-wall deck fixed on both sides and compare pilots only.,Same-deck pilot-only control for the counter-wall shell.,cf34pilot_on_counter60,threatpilot_on_counter60,sixty_counterwall_jace,sixty_counterwall_jace,counterfactual_ranker_blend_counter_rev0034,threat_rush,mulligan_outcome_ranker_rev0027,land_band_business,60,60,1,1,0.0,0.0,1,target_loss,library_out,1,target,False,False
rev0058,threatpilot_on_counter60,cf34pilot_on_counter60,sixty_counterwall_jace,sixty_counterwall_jace,threat_rush,counterfactual_ranker_blend_counter_rev0034,land_band_business,mulligan_outcome_ranker_rev0027,20,0,5858138,5858138,6858141,1,0.0,1.0,0.0,1.0,False,False,player_0_attempted_to_draw_from_empty_library,344,0,29,draw_half_reporting_terminal_only_training,public_decision_frame,0.0,1.0,g00138_E_same_deck_counter60_pilot_life20_seat1_sp0_r2,900,True,terminal,E_same_deck_counter60_pilot,Hold the counter-wall deck fixed on both sides and compare pilots only.,Same-deck pilot-only control for the counter-wall shell.,cf34pilot_on_counter60,threatpilot_on_counter60,sixty_counterwall_jace,sixty_counterwall_jace,counterfactual_ranker_blend_counter_rev0034,threat_rush,mulligan_outcome_ranker_rev0027,land_band_business,60,60,1,2,1.0,1.0,1,target_win,library_out,0,opponent,True,False
rev0058,threatpilot_on_counter60,cf34pilot_on_counter60,sixty_counterwall_jace,sixty_counterwall_jace,threat_rush,counterfactual_ranker_blend_counter_rev0034,land_band_business,mulligan_outcome_ranker_rev0027,20,0,5858139,5858139,6858142,1,0.0,1.0,0.0,1.0,False,False,player_0_attempted_to_draw_from_empty_library,425,0,29,draw_half_reporting_terminal_only_training,public_decision_frame,0.0,1.0,g00139_E_same_deck_counter60_pilot_life20_seat1_sp0_r3,900,True,terminal,E_same_deck_counter60_pilot,Hold the counter-wall deck fixed on both sides and compare pilots only.,Same-deck pilot-only control for the counter-wall shell.,cf34pilot_on_counter60,threatpilot_on_counter60,sixty_counterwall_jace,sixty_counterwall_jace,counterfactual_ranker_blend_counter_rev0034,threat_rush,mulligan_outcome_ranker_rev0027,land_band_business,60,60,1,3,1.0,1.0,1,target_win,library_out,0,opponent,True,False
rev0058,threatpilot_on_counter60,cf34pilot_on_counter60,sixty_counterwall_jace,sixty_counterwall_jace,threat_rush,counterfactual_ranker_blend_counter_rev0034,land_band_business,mulligan_outcome_ranker_rev0027,20,1,5858140,5858140,6858143,1,0.0,1.0,0.0,1.0,False,False,player_0_attempted_to_draw_from_empty_library,424,0,27,draw_half_reporting_terminal_only_training,public_decision_frame,0.0,1.0,g00140_E_same_deck_counter60_pilot_life20_seat1_sp1_r0,900,True,terminal,E_same_deck_counter60_pilot,Hold the counter-wall deck fixed on both sides and compare pilots only.,Same-deck pilot-only control for the counter-wall shell.,cf34pilot_on_counter60,threatpilot_on_counter60,sixty_counterwall_jace,sixty_counterwall_jace,counterfactual_ranker_blend_counter_rev0034,threat_rush,mulligan_outcome_ranker_rev0027,land_band_business,60,60,1,0,1.0,1.0,1,target_win,library_out,0,opponent,True,False
rev0058,threatpilot_on_counter60,cf34pilot_on_counter60,sixty_counterwall_jace,sixty_counterwall_jace,threat_rush,counterfactual_ranker_blend_counter_rev0034,land_band_business,mulligan_outcome_ranker_rev0027,20,1,5858141,5858141,6858144,1,0.0,1.0,0.0,1.0,False,False,player_0_attempted_to_draw_from_empty_library,419,0,29,draw_half_reporting_terminal_only_training,public_decision_frame,0.0,1.0,g00141_E_same_deck_counter60_pilot_life20_seat1_sp1_r1,900,True,terminal,E_same_deck_counter60_pilot,Hold the counter-wall deck fixed on both sides and compare pilots only.,Same-deck pilot-only control for the counter-wall shell.,cf34pilot_on_counter60,threatpilot_on_counter60,sixty_counterwall_jace,sixty_counterwall_jace,counterfactual_ranker_blend_counter_rev0034,threat_rush,mulligan_outcome_ranker_rev0027,land_band_business,60,60,1,1,1.0,1.0,1,target_win,library_out,0,opponent,True,False
rev0058,threatpilot_on_counter60,cf34pilot_on_counter60,sixty_counterwall_jace,sixty_counterwall_jace,threat_rush,counterfactual_ranker_blend_counter_rev0034,land_band_business,mulligan_outcome_ranker_rev0027,20,1,5858142,5858142,6858145,1,0.0,1.0,0.0,1.0,False,False,player_0_attempted_to_draw_from_empty_library,449,0,28,draw_half_reporting_terminal_only_training,public_decision_frame,0.0,1.0,g00142_E_same_deck_counter60_pilot_life20_seat1_sp1_r2,900,True,terminal,E_same_deck_counter60_pilot,Hold the counter-wall deck fixed on both sides and compare pilots only.,Same-deck pilot-only control for the counter-wall shell.,cf34pilot_on_counter60,threatpilot_on_counter60,sixty_counterwall_jace,sixty_counterwall_jace,counterfactual_ranker_blend_counter_rev0034,threat_rush,mulligan_outcome_ranker_rev0027,land_band_business,60,60,1,2,1.0,1.0,1,target_win,library_out,0,opponent,True,False
rev0058,threatpilot_on_counter60,cf34pilot_on_counter60,sixty_counterwall_jace,sixty_counterwall_jace,threat_rush,counterfactual_ranker_blend_counter_rev0034,land_band_business,mulligan_outcome_ranker_rev0027,20,1,5858143,5858143,6858146,1,0.0,1.0,0.0,1.0,False,False,player_0_attempted_to_draw_from_empty_library,358,0,28,draw_half_reporting_terminal_only_training,public_decision_frame,0.0,1.0,g00143_E_same_deck_counter60_pilot_life20_seat1_sp1_r3,900,True,terminal,E_same_deck_counter60_pilot,Hold the counter-wall deck fixed on both sides and compare pilots only.,Same-deck pilot-only control for the counter-wall shell.,cf34pilot_on_counter60,threatpilot_on_counter60,sixty_counterwall_jace,sixty_counterwall_jace,counterfactual_ranker_blend_counter_rev0034,threat_rush,mulligan_outcome_ranker_rev0027,land_band_business,60,60,1,3,1.0,1.0,1,target_win,library_out,0,opponent,True,False
rev0058,cf34pilot_on_counter60,threatpilot_on_counter60,sixty_counterwall_jace,sixty_counterwall_jace,counterfactual_ranker_blend_counter_rev0034,threat_rush,mulligan_outcome_ranker_rev0027,land_band_business,40,0,5858144,5858144,6858147,0,1.0,0.0,1.0,0.0,False,False,player_1_attempted_to_draw_from_empty_library,360,0,28,draw_half_reporting_terminal_only_training,public_decision_frame,1.0,0.0,g00144_E_same_deck_counter60_pilot_life40_seat0_sp0_r0,900,True,terminal,E_same_deck_counter60_pilot,Hold the counter-wall deck fixed on both sides and compare pilots only.,Same-deck pilot-only control for the counter-wall shell.,cf34pilot_on_counter60,threatpilot_on_counter60,sixty_counterwall_jace,sixty_counterwall_jace,counterfactual_ranker_blend_counter_rev0034,threat_rush,mulligan_outcome_ranker_rev0027,land_band_business,60,60,0,0,1.0,1.0,0,target_win,library_out,1,opponent,True,False
rev0058,cf34pilot_on_counter60,threatpilot_on_counter60,sixty_counterwall_jace,sixty_counterwall_jace,counterfactual_ranker_blend_counter_rev0034,threat_rush,mulligan_outcome_ranker_rev0027,land_band_business,40,0,5858145,5858145,6858148,0,1.0,0.0,1.0,0.0,False,False,player_1_attempted_to_draw_from_empty_library,441,0,28,draw_half_reporting_terminal_only_training,public_decision_frame,1.0,0.0,g00145_E_same_deck_counter60_pilot_life40_seat0_sp0_r1,900,True,terminal,E_same_deck_counter60_pilot,Hold the counter-wall deck fixed on both sides and compare pilots only.,Same-deck pilot-only control for the counter-wall shell.,cf34pilot_on_counter60,threatpilot_on_counter60,sixty_counterwall_jace,sixty_counterwall_jace,counterfactual_ranker_blend_counter_rev0034,threat_rush,mulligan_outcome_ranker_rev0027,land_band_business,60,60,0,1,1.0,1.0,0,target_win,library_out,1,opponent,True,False
rev0058,cf34pilot_on_counter60,threatpilot_on_counter60,sixty_counterwall_jace,sixty_counterwall_jace,counterfactual_ranker_blend_counter_rev0034,threat_rush,mulligan_outcome_ranker_rev0027,land_band_business,40,0,5858146,5858146,6858149,0,1.0,0.0,1.0,0.0,False,False,player_1_attempted_to_draw_from_empty_library,427,0,36,draw_half_reporting_terminal_only_training,public_decision_frame,1.0,0.0,g00146_E_same_deck_counter60_pilot_life40_seat0_sp0_r2,900,True,terminal,E_same_deck_counter60_pilot,Hold the counter-wall deck fixed on both sides and compare pilots only.,Same-deck pilot-only control for the counter-wall shell.,cf34pilot_on_counter60,threatpilot_on_counter60,sixty_counterwall_jace,sixty_counterwall_jace,counterfactual_ranker_blend_counter_rev0034,threat_rush,mulligan_outcome_ranker_rev0027,land_band_business,60,60,0,2,1.0,1.0,0,target_win,library_out,1,opponent,True,False
rev0058,cf34pilot_on_counter60,threatpilot_on_counter60,sixty_counterwall_jace,sixty_counterwall_jace,counterfactual_ranker_blend_counter_rev0034,threat_rush,mulligan_outcome_ranker_rev0027,land_band_business,40,0,5858147,5858147,6858150,1,0.0,1.0,0.0,1.0,False,False,player_0_attempted_to_draw_from_empty_library,478,0,47,draw_half_reporting_terminal_only_training,public_decision_frame,0.0,1.0,g00147_E_same_deck_counter60_pilot_life40_seat0_sp0_r3,900,True,terminal,E_same_deck_counter60_pilot,Hold the counter-wall deck fixed on both sides and compare pilots only.,Same-deck pilot-only control for the counter-wall shell.,cf34pilot_on_counter60,threatpilot_on_counter60,sixty_counterwall_jace,sixty_counterwall_jace,counterfactual_ranker_blend_counter_rev0034,threat_rush,mulligan_outcome_ranker_rev0027,land_band_business,60,60,0,3,0.0,0.0,0,target_loss,library_out,0,target,False,False
rev0058,cf34pilot_on_counter60,threatpilot_on_counter60,sixty_counterwall_jace,sixty_counterwall_jace,counterfactual_ranker_blend_counter_rev0034,threat_rush,mulligan_outcome_ranker_rev0027,land_band_business,40,1,5858148,5858148,6858151,0,1.0,0.0,1.0,0.0,False,False,player_1_attempted_to_draw_from_empty_library,450,0,27,draw_half_reporting_terminal_only_training,public_decision_frame,1.0,0.0,g00148_E_same_deck_counter60_pilot_life40_seat0_sp1_r0,900,True,terminal,E_same_deck_counter60_pilot,Hold the counter-wall deck fixed on both sides and compare pilots only.,Same-deck pilot-only control for the counter-wall shell.,cf34pilot_on_counter60,threatpilot_on_counter60,sixty_counterwall_jace,sixty_counterwall_jace,counterfactual_ranker_blend_counter_rev0034,threat_rush,mulligan_outcome_ranker_rev0027,land_band_business,60,60,0,0,1.0,1.0,0,target_win,library_out,1,opponent,True,False
rev0058,cf34pilot_on_counter60,threatpilot_on_counter60,sixty_counterwall_jace,sixty_counterwall_jace,counterfactual_ranker_blend_counter_rev0034,threat_rush,mulligan_outcome_ranker_rev0027,land_band_business,40,1,5858149,5858149,6858152,1,0.0,1.0,0.0,1.0,False,False,player_0_attempted_to_draw_from_empty_library,350,0,29,draw_half_reporting_terminal_only_training,public_decision_frame,0.0,1.0,g00149_E_same_deck_counter60_pilot_life40_seat0_sp1_r1,900,True,terminal,E_same_deck_counter60_pilot,Hold the counter-wall deck fixed on both sides and compare pilots only.,Same-deck pilot-only control for the counter-wall shell.,cf34pilot_on_counter60,threatpilot_on_counter60,sixty_counterwall_jace,sixty_counterwall_jace,counterfactual_ranker_blend_counter_rev0034,threat_rush,mulligan_outcome_ranker_rev0027,land_band_business,60,60,0,1,0.0,0.0,0,target_loss,library_out,0,target,False,False
rev0058,cf34pilot_on_counter60,threatpilot_on_counter60,sixty_counterwall_jace,sixty_counterwall_jace,counterfactual_ranker_blend_counter_rev0034,threat_rush,mulligan_outcome_ranker_rev0027,land_band_business,40,1,5858150,5858150,6858153,0,1.0,0.0,1.0,0.0,False,False,player_1_attempted_to_draw_from_empty_library,405,0,29,draw_half_reporting_terminal_only_training,public_decision_frame,1.0,0.0,g00150_E_same_deck_counter60_pilot_life40_seat0_sp1_r2,900,True,terminal,E_same_deck_counter60_pilot,Hold the counter-wall deck fixed on both sides and compare pilots only.,Same-deck pilot-only control for the counter-wall shell.,cf34pilot_on_counter60,threatpilot_on_counter60,sixty_counterwall_jace,sixty_counterwall_jace,counterfactual_ranker_blend_counter_rev0034,threat_rush,mulligan_outcome_ranker_rev0027,land_band_business,60,60,0,2,1.0,1.0,0,target_win,library_out,1,opponent,True,False
rev0058,cf34pilot_on_counter60,threatpilot_on_counter60,sixty_counterwall_jace,sixty_counterwall_jace,counterfactual_ranker_blend_counter_rev0034,threat_rush,mulligan_outcome_ranker_rev0027,land_band_business,40,1,5858151,5858151,6858154,0,1.0,0.0,1.0,0.0,False,False,player_1_attempted_to_draw_from_empty_library,406,0,36,draw_half_reporting_terminal_only_training,public_decision_frame,1.0,0.0,g00151_E_same_deck_counter60_pilot_life40_seat0_sp1_r3,900,True,terminal,E_same_deck_counter60_pilot,Hold the counter-wall deck fixed on both sides and compare pilots only.,Same-deck pilot-only control for the counter-wall shell.,cf34pilot_on_counter60,threatpilot_on_counter60,sixty_counterwall_jace,sixty_counterwall_jace,counterfactual_ranker_blend_counter_rev0034,threat_rush,mulligan_outcome_ranker_rev0027,land_band_business,60,60,0,3,1.0,1.0,0,target_win,library_out,1,opponent,True,False
rev0058,threatpilot_on_counter60,cf34pilot_on_counter60,sixty_counterwall_jace,sixty_counterwall_jace,threat_rush,counterfactual_ranker_blend_counter_rev0034,land_band_business,mulligan_outcome_ranker_rev0027,40,0,5858152,5858152,6858155,0,1.0,0.0,1.0,0.0,False,False,player_1_attempted_to_draw_from_empty_library,423,0,44,draw_half_reporting_terminal_only_training,public_decision_frame,1.0,0.0,g00152_E_same_deck_counter60_pilot_life40_seat1_sp0_r0,900,True,terminal,E_same_deck_counter60_pilot,Hold the counter-wall deck fixed on both sides and compare pilots only.,Same-deck pilot-only control for the counter-wall shell.,cf34pilot_on_counter60,threatpilot_on_counter60,sixty_counterwall_jace,sixty_counterwall_jace,counterfactual_ranker_blend_counter_rev0034,threat_rush,mulligan_outcome_ranker_rev0027,land_band_business,60,60,1,0,0.0,0.0,1,target_loss,library_out,1,target,False,False
rev0058,threatpilot_on_counter60,cf34pilot_on_counter60,sixty_counterwall_jace,sixty_counterwall_jace,threat_rush,counterfactual_ranker_blend_counter_rev0034,land_band_business,mulligan_outcome_ranker_rev0027,40,0,5858153,5858153,6858156,1,0.0,1.0,0.0,1.0,False,False,player_0_attempted_to_draw_from_empty_library,423,0,33,draw_half_reporting_terminal_only_training,public_decision_frame,0.0,1.0,g00153_E_same_deck_counter60_pilot_life40_seat1_sp0_r1,900,True,terminal,E_same_deck_counter60_pilot,Hold the counter-wall deck fixed on both sides and compare pilots only.,Same-deck pilot-only control for the counter-wall shell.,cf34pilot_on_counter60,threatpilot_on_counter60,sixty_counterwall_jace,sixty_counterwall_jace,counterfactual_ranker_blend_counter_rev0034,threat_rush,mulligan_outcome_ranker_rev0027,land_band_business,60,60,1,1,1.0,1.0,1,target_win,library_out,0,opponent,True,False
rev0058,threatpilot_on_counter60,cf34pilot_on_counter60,sixty_counterwall_jace,sixty_counterwall_jace,threat_rush,counterfactual_ranker_blend_counter_rev0034,land_band_business,mulligan_outcome_ranker_rev0027,40,0,5858154,5858154,6858157,0,1.0,0.0,1.0,0.0,False,False,player_1_attempted_to_draw_from_empty_library,417,0,27,draw_half_reporting_terminal_only_training,public_decision_frame,1.0,0.0,g00154_E_same_deck_counter60_pilot_life40_seat1_sp0_r2,900,True,terminal,E_same_deck_counter60_pilot,Hold the counter-wall deck fixed on both sides and compare pilots only.,Same-deck pilot-only control for the counter-wall shell.,cf34pilot_on_counter60,threatpilot_on_counter60,sixty_counterwall_jace,sixty_counterwall_jace,counterfactual_ranker_blend_counter_rev0034,threat_rush,mulligan_outcome_ranker_rev0027,land_band_business,60,60,1,2,0.0,0.0,1,target_loss,library_out,1,target,False,False
rev0058,threatpilot_on_counter60,cf34pilot_on_counter60,sixty_counterwall_jace,sixty_counterwall_jace,threat_rush,counterfactual_ranker_blend_counter_rev0034,land_band_business,mulligan_outcome_ranker_rev0027,40,0,5858155,5858155,6858158,1,0.0,1.0,0.0,1.0,False,False,player_0_attempted_to_draw_from_empty_library,370,0,29,draw_half_reporting_terminal_only_training,public_decision_frame,0.0,1.0,g00155_E_same_deck_counter60_pilot_life40_seat1_sp0_r3,900,True,terminal,E_same_deck_counter60_pilot,Hold the counter-wall deck fixed on both sides and compare pilots only.,Same-deck pilot-only control for the counter-wall shell.,cf34pilot_on_counter60,threatpilot_on_counter60,sixty_counterwall_jace,sixty_counterwall_jace,counterfactual_ranker_blend_counter_rev0034,threat_rush,mulligan_outcome_ranker_rev0027,land_band_business,60,60,1,3,1.0,1.0,1,target_win,library_out,0,opponent,True,False
rev0058,threatpilot_on_counter60,cf34pilot_on_counter60,sixty_counterwall_jace,sixty_counterwall_jace,threat_rush,counterfactual_ranker_blend_counter_rev0034,land_band_business,mulligan_outcome_ranker_rev0027,40,1,5858156,5858156,6858159,0,1.0,0.0,1.0,0.0,False,False,player_1_attempted_to_draw_from_empty_library,419,0,31,draw_half_reporting_terminal_only_training,public_decision_frame,1.0,0.0,g00156_E_same_deck_counter60_pilot_life40_seat1_sp1_r0,900,True,terminal,E_same_deck_counter60_pilot,Hold the counter-wall deck fixed on both sides and compare pilots only.,Same-deck pilot-only control for the counter-wall shell.,cf34pilot_on_counter60,threatpilot_on_counter60,sixty_counterwall_jace,sixty_counterwall_jace,counterfactual_ranker_blend_counter_rev0034,threat_rush,mulligan_outcome_ranker_rev0027,land_band_business,60,60,1,0,0.0,0.0,1,target_loss,library_out,1,target,False,False
rev0058,threatpilot_on_counter60,cf34pilot_on_counter60,sixty_counterwall_jace,sixty_counterwall_jace,threat_rush,counterfactual_ranker_blend_counter_rev0034,land_band_business,mulligan_outcome_ranker_rev0027,40,1,5858157,5858157,6858160,1,0.0,1.0,0.0,1.0,False,False,player_0_attempted_to_draw_from_empty_library,370,0,36,draw_half_reporting_terminal_only_training,public_decision_frame,0.0,1.0,g00157_E_same_deck_counter60_pilot_life40_seat1_sp1_r1,900,True,terminal,E_same_deck_counter60_pilot,Hold the counter-wall deck fixed on both sides and compare pilots only.,Same-deck pilot-only control for the counter-wall shell.,cf34pilot_on_counter60,threatpilot_on_counter60,sixty_counterwall_jace,sixty_counterwall_jace,counterfactual_ranker_blend_counter_rev0034,threat_rush,mulligan_outcome_ranker_rev0027,land_band_business,60,60,1,1,1.0,1.0,1,target_win,library_out,0,opponent,True,False
rev0058,threatpilot_on_counter60,cf34pilot_on_counter60,sixty_counterwall_jace,sixty_counterwall_jace,threat_rush,counterfactual_ranker_blend_counter_rev0034,land_band_business,mulligan_outcome_ranker_rev0027,40,1,5858158,5858158,6858161,1,0.0,1.0,0.0,1.0,False,False,player_0_attempted_to_draw_from_empty_library,468,0,46,draw_half_reporting_terminal_only_training,public_decision_frame,0.0,1.0,g00158_E_same_deck_counter60_pilot_life40_seat1_sp1_r2,900,True,terminal,E_same_deck_counter60_pilot,Hold the counter-wall deck fixed on both sides and compare pilots only.,Same-deck pilot-only control for the counter-wall shell.,cf34pilot_on_counter60,threatpilot_on_counter60,sixty_counterwall_jace,sixty_counterwall_jace,counterfactual_ranker_blend_counter_rev0034,threat_rush,mulligan_outcome_ranker_rev0027,land_band_business,60,60,1,2,1.0,1.0,1,target_win,library_out,0,opponent,True,False
rev0058,threatpilot_on_counter60,cf34pilot_on_counter60,sixty_counterwall_jace,sixty_counterwall_jace,threat_rush,counterfactual_ranker_blend_counter_rev0034,land_band_business,mulligan_outcome_ranker_rev0027,40,1,5858159,5858159,6858162,1,0.0,1.0,0.0,1.0,False,False,player_0_attempted_to_draw_from_empty_library,509,0,55,draw_half_reporting_terminal_only_training,public_decision_frame,0.0,1.0,g00159_E_same_deck_counter60_pilot_life40_seat1_sp1_r3,900,True,terminal,E_same_deck_counter60_pilot,Hold the counter-wall deck fixed on both sides and compare pilots only.,Same-deck pilot-only control for the counter-wall shell.,cf34pilot_on_counter60,threatpilot_on_counter60,sixty_counterwall_jace,sixty_counterwall_jace,counterfactual_ranker_blend_counter_rev0034,threat_rush,mulligan_outcome_ranker_rev0027,land_band_business,60,60,1,3,1.0,1.0,1,target_win,library_out,0,opponent,True,False
rev0058,cf34pilot_on_overlord40,threatpilot_on_overlord40,forty_overlord_impending,forty_overlord_impending,counterfactual_ranker_blend_counter_rev0034,threat_rush,mulligan_outcome_ranker_rev0027,land_band_business,20,0,5858160,5858160,6858163,1,0.0,1.0,0.0,1.0,False,False,player_0_attempted_to_draw_from_empty_library,269,0,20,draw_half_reporting_terminal_only_training,public_decision_frame,0.0,1.0,g00160_F_same_deck_overlord40_pilot_life20_seat0_sp0_r0,900,True,terminal,F_same_deck_overlord40_pilot,Hold the Overlord deck fixed on both sides and compare pilots only.,Same-deck pilot-only control for the Overlord shell.,cf34pilot_on_overlord40,threatpilot_on_overlord40,forty_overlord_impending,forty_overlord_impending,counterfactual_ranker_blend_counter_rev0034,threat_rush,mulligan_outcome_ranker_rev0027,land_band_business,40,40,0,0,0.0,0.0,0,target_loss,library_out,0,target,False,False
rev0058,cf34pilot_on_overlord40,threatpilot_on_overlord40,forty_overlord_impending,forty_overlord_impending,counterfactual_ranker_blend_counter_rev0034,threat_rush,mulligan_outcome_ranker_rev0027,land_band_business,20,0,5858161,5858161,6858164,0,1.0,0.0,1.0,0.0,False,False,player_1_attempted_to_draw_from_empty_library,263,0,22,draw_half_reporting_terminal_only_training,public_decision_frame,1.0,0.0,g00161_F_same_deck_overlord40_pilot_life20_seat0_sp0_r1,900,True,terminal,F_same_deck_overlord40_pilot,Hold the Overlord deck fixed on both sides and compare pilots only.,Same-deck pilot-only control for the Overlord shell.,cf34pilot_on_overlord40,threatpilot_on_overlord40,forty_overlord_impending,forty_overlord_impending,counterfactual_ranker_blend_counter_rev0034,threat_rush,mulligan_outcome_ranker_rev0027,land_band_business,40,40,0,1,1.0,1.0,0,target_win,library_out,1,opponent,True,False
rev0058,cf34pilot_on_overlord40,threatpilot_on_overlord40,forty_overlord_impending,forty_overlord_impending,counterfactual_ranker_blend_counter_rev0034,threat_rush,mulligan_outcome_ranker_rev0027,land_band_business,20,0,5858162,5858162,6858165,0,1.0,0.0,1.0,0.0,False,False,player_1_life_total_zero_or_less,198,0,17,draw_half_reporting_terminal_only_training,public_decision_frame,1.0,0.0,g00162_F_same_deck_overlord40_pilot_life20_seat0_sp0_r2,900,True,terminal,F_same_deck_overlord40_pilot,Hold the Overlord deck fixed on both sides and compare pilots only.,Same-deck pilot-only control for the Overlord shell.,cf34pilot_on_overlord40,threatpilot_on_overlord40,forty_overlord_impending,forty_overlord_impending,counterfactual_ranker_blend_counter_rev0034,threat_rush,mulligan_outcome_ranker_rev0027,land_band_business,40,40,0,2,1.0,1.0,0,target_win,life_total,1,opponent,False,True
rev0058,cf34pilot_on_overlord40,threatpilot_on_overlord40,forty_overlord_impending,forty_overlord_impending,counterfactual_ranker_blend_counter_rev0034,threat_rush,mulligan_outcome_ranker_rev0027,land_band_business,20,0,5858163,5858163,6858166,0,1.0,0.0,1.0,0.0,False,False,player_1_attempted_to_draw_from_empty_library,261,0,19,draw_half_reporting_terminal_only_training,public_decision_frame,1.0,0.0,g00163_F_same_deck_overlord40_pilot_life20_seat0_sp0_r3,900,True,terminal,F_same_deck_overlord40_pilot,Hold the Overlord deck fixed on both sides and compare pilots only.,Same-deck pilot-only control for the Overlord shell.,cf34pilot_on_overlord40,threatpilot_on_overlord40,forty_overlord_impending,forty_overlord_impending,counterfactual_ranker_blend_counter_rev0034,threat_rush,mulligan_outcome_ranker_rev0027,land_band_business,40,40,0,3,1.0,1.0,0,target_win,library_out,1,opponent,True,False
rev0058,cf34pilot_on_overlord40,threatpilot_on_overlord40,forty_overlord_impending,forty_overlord_impending,counterfactual_ranker_blend_counter_rev0034,threat_rush,mulligan_outcome_ranker_rev0027,land_band_business,20,1,5858164,5858164,6858167,1,0.0,1.0,0.0,1.0,False,False,player_0_attempted_to_draw_from_empty_library,278,0,24,draw_half_reporting_terminal_only_training,public_decision_frame,0.0,1.0,g00164_F_same_deck_overlord40_pilot_life20_seat0_sp1_r0,900,True,terminal,F_same_deck_overlord40_pilot,Hold the Overlord deck fixed on both sides and compare pilots only.,Same-deck pilot-only control for the Overlord shell.,cf34pilot_on_overlord40,threatpilot_on_overlord40,forty_overlord_impending,forty_overlord_impending,counterfactual_ranker_blend_counter_rev0034,threat_rush,mulligan_outcome_ranker_rev0027,land_band_business,40,40,0,0,0.0,0.0,0,target_loss,library_out,0,target,False,False
rev0058,cf34pilot_on_overlord40,threatpilot_on_overlord40,forty_overlord_impending,forty_overlord_impending,counterfactual_ranker_blend_counter_rev0034,threat_rush,mulligan_outcome_ranker_rev0027,land_band_business,20,1,5858165,5858165,6858168,0,1.0,0.0,1.0,0.0,False,False,player_1_attempted_to_draw_from_empty_library,220,0,16,draw_half_reporting_terminal_only_training,public_decision_frame,1.0,0.0,g00165_F_same_deck_overlord40_pilot_life20_seat0_sp1_r1,900,True,terminal,F_same_deck_overlord40_pilot,Hold the Overlord deck fixed on both sides and compare pilots only.,Same-deck pilot-only control for the Overlord shell.,cf34pilot_on_overlord40,threatpilot_on_overlord40,forty_overlord_impending,forty_overlord_impending,counterfactual_ranker_blend_counter_rev0034,threat_rush,mulligan_outcome_ranker_rev0027,land_band_business,40,40,0,1,1.0,1.0,0,target_win,library_out,1,opponent,True,False
rev0058,cf34pilot_on_overlord40,threatpilot_on_overlord40,forty_overlord_impending,forty_overlord_impending,counterfactual_ranker_blend_counter_rev0034,threat_rush,mulligan_outcome_ranker_rev0027,land_band_business,20,1,5858166,5858166,6858169,1,0.0,1.0,0.0,1.0,False,False,player_0_life_total_zero_or_less,124,0,10,draw_half_reporting_terminal_only_training,public_decision_frame,0.0,1.0,g00166_F_same_deck_overlord40_pilot_life20_seat0_sp1_r2,900,True,terminal,F_same_deck_overlord40_pilot,Hold the Overlord deck fixed on both sides and compare pilots only.,Same-deck pilot-only control for the Overlord shell.,cf34pilot_on_overlord40,threatpilot_on_overlord40,forty_overlord_impending,forty_overlord_impending,counterfactual_ranker_blend_counter_rev0034,threat_rush,mulligan_outcome_ranker_rev0027,land_band_business,40,40,0,2,0.0,0.0,0,target_loss,life_total,0,target,False,False
rev0058,cf34pilot_on_overlord40,threatpilot_on_overlord40,forty_overlord_impending,forty_overlord_impending,counterfactual_ranker_blend_counter_rev0034,threat_rush,mulligan_outcome_ranker_rev0027,land_band_business,20,1,5858167,5858167,6858170,1,0.0,1.0,0.0,1.0,False,False,player_0_life_total_zero_or_less,160,0,11,draw_half_reporting_terminal_only_training,public_decision_frame,0.0,1.0,g00167_F_same_deck_overlord40_pilot_life20_seat0_sp1_r3,900,True,terminal,F_same_deck_overlord40_pilot,Hold the Overlord deck fixed on both sides and compare pilots only.,Same-deck pilot-only control for the Overlord shell.,cf34pilot_on_overlord40,threatpilot_on_overlord40,forty_overlord_impending,forty_overlord_impending,counterfactual_ranker_blend_counter_rev0034,threat_rush,mulligan_outcome_ranker_rev0027,land_band_business,40,40,0,3,0.0,0.0,0,target_loss,life_total,0,target,False,False
rev0058,threatpilot_on_overlord40,cf34pilot_on_overlord40,forty_overlord_impending,forty_overlord_impending,threat_rush,counterfactual_ranker_blend_counter_rev0034,land_band_business,mulligan_outcome_ranker_rev0027,20,0,5858168,5858168,6858171,1,0.0,1.0,0.0,1.0,False,False,player_0_attempted_to_draw_from_empty_library,236,0,15,draw_half_reporting_terminal_only_training,public_decision_frame,0.0,1.0,g00168_F_same_deck_overlord40_pilot_life20_seat1_sp0_r0,900,True,terminal,F_same_deck_overlord40_pilot,Hold the Overlord deck fixed on both sides and compare pilots only.,Same-deck pilot-only control for the Overlord shell.,cf34pilot_on_overlord40,threatpilot_on_overlord40,forty_overlord_impending,forty_overlord_impending,counterfactual_ranker_blend_counter_rev0034,threat_rush,mulligan_outcome_ranker_rev0027,land_band_business,40,40,1,0,1.0,1.0,1,target_win,library_out,0,opponent,True,False
rev0058,threatpilot_on_overlord40,cf34pilot_on_overlord40,forty_overlord_impending,forty_overlord_impending,threat_rush,counterfactual_ranker_blend_counter_rev0034,land_band_business,mulligan_outcome_ranker_rev0027,20,0,5858169,5858169,6858172,1,0.0,1.0,0.0,1.0,False,False,player_0_life_total_zero_or_less,97,0,9,draw_half_reporting_terminal_only_training,public_decision_frame,0.0,1.0,g00169_F_same_deck_overlord40_pilot_life20_seat1_sp0_r1,900,True,terminal,F_same_deck_overlord40_pilot,Hold the Overlord deck fixed on both sides and compare pilots only.,Same-deck pilot-only control for the Overlord shell.,cf34pilot_on_overlord40,threatpilot_on_overlord40,forty_overlord_impending,forty_overlord_impending,counterfactual_ranker_blend_counter_rev0034,threat_rush,mulligan_outcome_ranker_rev0027,land_band_business,40,40,1,1,1.0,1.0,1,target_win,life_total,0,opponent,False,True
rev0058,threatpilot_on_overlord40,cf34pilot_on_overlord40,forty_overlord_impending,forty_overlord_impending,threat_rush,counterfactual_ranker_blend_counter_rev0034,land_band_business,mulligan_outcome_ranker_rev0027,20,0,5858170,5858170,6858173,1,0.0,1.0,0.0,1.0,False,False,player_0_attempted_to_draw_from_empty_library,228,0,17,draw_half_reporting_terminal_only_training,public_decision_frame,0.0,1.0,g00170_F_same_deck_overlord40_pilot_life20_seat1_sp0_r2,900,True,terminal,F_same_deck_overlord40_pilot,Hold the Overlord deck fixed on both sides and compare pilots only.,Same-deck pilot-only control for the Overlord shell.,cf34pilot_on_overlord40,threatpilot_on_overlord40,forty_overlord_impending,forty_overlord_impending,counterfactual_ranker_blend_counter_rev0034,threat_rush,mulligan_outcome_ranker_rev0027,land_band_business,40,40,1,2,1.0,1.0,1,target_win,library_out,0,opponent,True,False
rev0058,threatpilot_on_overlord40,cf34pilot_on_overlord40,forty_overlord_impending,forty_overlord_impending,threat_rush,counterfactual_ranker_blend_counter_rev0034,land_band_business,mulligan_outcome_ranker_rev0027,20,0,5858171,5858171,6858174,1,0.0,1.0,0.0,1.0,False,False,player_0_attempted_to_draw_from_empty_library,253,0,16,draw_half_reporting_terminal_only_training,public_decision_frame,0.0,1.0,g00171_F_same_deck_overlord40_pilot_life20_seat1_sp0_r3,900,True,terminal,F_same_deck_overlord40_pilot,Hold the Overlord deck fixed on both sides and compare pilots only.,Same-deck pilot-only control for the Overlord shell.,cf34pilot_on_overlord40,threatpilot_on_overlord40,forty_overlord_impending,forty_overlord_impending,counterfactual_ranker_blend_counter_rev0034,threat_rush,mulligan_outcome_ranker_rev0027,land_band_business,40,40,1,3,1.0,1.0,1,target_win,library_out,0,opponent,True,False
rev0058,threatpilot_on_overlord40,cf34pilot_on_overlord40,forty_overlord_impending,forty_overlord_impending,threat_rush,counterfactual_ranker_blend_counter_rev0034,land_band_business,mulligan_outcome_ranker_rev0027,20,1,5858172,5858172,6858175,1,0.0,1.0,0.0,1.0,False,False,player_0_attempted_to_draw_from_empty_library,268,0,19,draw_half_reporting_terminal_only_training,public_decision_frame,0.0,1.0,g00172_F_same_deck_overlord40_pilot_life20_seat1_sp1_r0,900,True,terminal,F_same_deck_overlord40_pilot,Hold the Overlord deck fixed on both sides and compare pilots only.,Same-deck pilot-only control for the Overlord shell.,cf34pilot_on_overlord40,threatpilot_on_overlord40,forty_overlord_impending,forty_overlord_impending,counterfactual_ranker_blend_counter_rev0034,threat_rush,mulligan_outcome_ranker_rev0027,land_band_business,40,40,1,0,1.0,1.0,1,target_win,library_out,0,opponent,True,False
rev0058,threatpilot_on_overlord40,cf34pilot_on_overlord40,forty_overlord_impending,forty_overlord_impending,threat_rush,counterfactual_ranker_blend_counter_rev0034,land_band_business,mulligan_outcome_ranker_rev0027,20,1,5858173,5858173,6858176,0,1.0,0.0,1.0,0.0,False,False,player_1_attempted_to_draw_from_empty_library,259,0,19,draw_half_reporting_terminal_only_training,public_decision_frame,1.0,0.0,g00173_F_same_deck_overlord40_pilot_life20_seat1_sp1_r1,900,True,terminal,F_same_deck_overlord40_pilot,Hold the Overlord deck fixed on both sides and compare pilots only.,Same-deck pilot-only control for the Overlord shell.,cf34pilot_on_overlord40,threatpilot_on_overlord40,forty_overlord_impending,forty_overlord_impending,counterfactual_ranker_blend_counter_rev0034,threat_rush,mulligan_outcome_ranker_rev0027,land_band_business,40,40,1,1,0.0,0.0,1,target_loss,library_out,1,target,False,False
rev0058,threatpilot_on_overlord40,cf34pilot_on_overlord40,forty_overlord_impending,forty_overlord_impending,threat_rush,counterfactual_ranker_blend_counter_rev0034,land_band_business,mulligan_outcome_ranker_rev0027,20,1,5858174,5858174,6858177,1,0.0,1.0,0.0,1.0,False,False,player_0_attempted_to_draw_from_empty_library,197,0,16,draw_half_reporting_terminal_only_training,public_decision_frame,0.0,1.0,g00174_F_same_deck_overlord40_pilot_life20_seat1_sp1_r2,900,True,terminal,F_same_deck_overlord40_pilot,Hold the Overlord deck fixed on both sides and compare pilots only.,Same-deck pilot-only control for the Overlord shell.,cf34pilot_on_overlord40,threatpilot_on_overlord40,forty_overlord_impending,forty_overlord_impending,counterfactual_ranker_blend_counter_rev0034,threat_rush,mulligan_outcome_ranker_rev0027,land_band_business,40,40,1,2,1.0,1.0,1,target_win,library_out,0,opponent,True,False
rev0058,threatpilot_on_overlord40,cf34pilot_on_overlord40,forty_overlord_impending,forty_overlord_impending,threat_rush,counterfactual_ranker_blend_counter_rev0034,land_band_business,mulligan_outcome_ranker_rev0027,20,1,5858175,5858175,6858178,1,0.0,1.0,0.0,1.0,False,False,player_0_life_total_zero_or_less,136,0,12,draw_half_reporting_terminal_only_training,public_decision_frame,0.0,1.0,g00175_F_same_deck_overlord40_pilot_life20_seat1_sp1_r3,900,True,terminal,F_same_deck_overlord40_pilot,Hold the Overlord deck fixed on both sides and compare pilots only.,Same-deck pilot-only control for the Overlord shell.,cf34pilot_on_overlord40,threatpilot_on_overlord40,forty_overlord_impending,forty_overlord_impending,counterfactual_ranker_blend_counter_rev0034,threat_rush,mulligan_outcome_ranker_rev0027,land_band_business,40,40,1,3,1.0,1.0,1,target_win,life_total,0,opponent,False,True
rev0058,cf34pilot_on_overlord40,threatpilot_on_overlord40,forty_overlord_impending,forty_overlord_impending,counterfactual_ranker_blend_counter_rev0034,threat_rush,mulligan_outcome_ranker_rev0027,land_band_business,40,0,5858176,5858176,6858179,0,1.0,0.0,1.0,0.0,False,False,player_1_attempted_to_draw_from_empty_library,176,0,12,draw_half_reporting_terminal_only_training,public_decision_frame,1.0,0.0,g00176_F_same_deck_overlord40_pilot_life40_seat0_sp0_r0,900,True,terminal,F_same_deck_overlord40_pilot,Hold the Overlord deck fixed on both sides and compare pilots only.,Same-deck pilot-only control for the Overlord shell.,cf34pilot_on_overlord40,threatpilot_on_overlord40,forty_overlord_impending,forty_overlord_impending,counterfactual_ranker_blend_counter_rev0034,threat_rush,mulligan_outcome_ranker_rev0027,land_band_business,40,40,0,0,1.0,1.0,0,target_win,library_out,1,opponent,True,False
rev0058,cf34pilot_on_overlord40,threatpilot_on_overlord40,forty_overlord_impending,forty_overlord_impending,counterfactual_ranker_blend_counter_rev0034,threat_rush,mulligan_outcome_ranker_rev0027,land_band_business,40,0,5858177,5858177,6858180,0,1.0,0.0,1.0,0.0,False,False,player_1_attempted_to_draw_from_empty_library,209,0,14,draw_half_reporting_terminal_only_training,public_decision_frame,1.0,0.0,g00177_F_same_deck_overlord40_pilot_life40_seat0_sp0_r1,900,True,terminal,F_same_deck_overlord40_pilot,Hold the Overlord deck fixed on both sides and compare pilots only.,Same-deck pilot-only control for the Overlord shell.,cf34pilot_on_overlord40,threatpilot_on_overlord40,forty_overlord_impending,forty_overlord_impending,counterfactual_ranker_blend_counter_rev0034,threat_rush,mulligan_outcome_ranker_rev0027,land_band_business,40,40,0,1,1.0,1.0,0,target_win,library_out,1,opponent,True,False
rev0058,cf34pilot_on_overlord40,threatpilot_on_overlord40,forty_overlord_impending,forty_overlord_impending,counterfactual_ranker_blend_counter_rev0034,threat_rush,mulligan_outcome_ranker_rev0027,land_band_business,40,0,5858178,5858178,6858181,0,1.0,0.0,1.0,0.0,False,False,player_1_attempted_to_draw_from_empty_library,253,0,15,draw_half_reporting_terminal_only_training,public_decision_frame,1.0,0.0,g00178_F_same_deck_overlord40_pilot_life40_seat0_sp0_r2,900,True,terminal,F_same_deck_overlord40_pilot,Hold the Overlord deck fixed on both sides and compare pilots only.,Same-deck pilot-only control for the Overlord shell.,cf34pilot_on_overlord40,threatpilot_on_overlord40,forty_overlord_impending,forty_overlord_impending,counterfactual_ranker_blend_counter_rev0034,threat_rush,mulligan_outcome_ranker_rev0027,land_band_business,40,40,0,2,1.0,1.0,0,target_win,library_out,1,opponent,True,False
rev0058,cf34pilot_on_overlord40,threatpilot_on_overlord40,forty_overlord_impending,forty_overlord_impending,counterfactual_ranker_blend_counter_rev0034,threat_rush,mulligan_outcome_ranker_rev0027,land_band_business,40,0,5858179,5858179,6858182,0,1.0,0.0,1.0,0.0,False,False,player_1_attempted_to_draw_from_empty_library,236,0,17,draw_half_reporting_terminal_only_training,public_decision_frame,1.0,0.0,g00179_F_same_deck_overlord40_pilot_life40_seat0_sp0_r3,900,True,terminal,F_same_deck_overlord40_pilot,Hold the Overlord deck fixed on both sides and compare pilots only.,Same-deck pilot-only control for the Overlord shell.,cf34pilot_on_overlord40,threatpilot_on_overlord40,forty_overlord_impending,forty_overlord_impending,counterfactual_ranker_blend_counter_rev0034,threat_rush,mulligan_outcome_ranker_rev0027,land_band_business,40,40,0,3,1.0,1.0,0,target_win,library_out,1,opponent,True,False
rev0058,cf34pilot_on_overlord40,threatpilot_on_overlord40,forty_overlord_impending,forty_overlord_impending,counterfactual_ranker_blend_counter_rev0034,threat_rush,mulligan_outcome_ranker_rev0027,land_band_business,40,1,5858180,5858180,6858183,1,0.0,1.0,0.0,1.0,False,False,player_0_attempted_to_draw_from_empty_library,223,0,22,draw_half_reporting_terminal_only_training,public_decision_frame,0.0,1.0,g00180_F_same_deck_overlord40_pilot_life40_seat0_sp1_r0,900,True,terminal,F_same_deck_overlord40_pilot,Hold the Overlord deck fixed on both sides and compare pilots only.,Same-deck pilot-only control for the Overlord shell.,cf34pilot_on_overlord40,threatpilot_on_overlord40,forty_overlord_impending,forty_overlord_impending,counterfactual_ranker_blend_counter_rev0034,threat_rush,mulligan_outcome_ranker_rev0027,land_band_business,40,40,0,0,0.0,0.0,0,target_loss,library_out,0,target,False,False
rev0058,cf34pilot_on_overlord40,threatpilot_on_overlord40,forty_overlord_impending,forty_overlord_impending,counterfactual_ranker_blend_counter_rev0034,threat_rush,mulligan_outcome_ranker_rev0027,land_band_business,40,1,5858181,5858181,6858184,1,0.0,1.0,0.0,1.0,False,False,player_0_attempted_to_draw_from_empty_library,244,0,24,draw_half_reporting_terminal_only_training,public_decision_frame,0.0,1.0,g00181_F_same_deck_overlord40_pilot_life40_seat0_sp1_r1,900,True,terminal,F_same_deck_overlord40_pilot,Hold the Overlord deck fixed on both sides and compare pilots only.,Same-deck pilot-only control for the Overlord shell.,cf34pilot_on_overlord40,threatpilot_on_overlord40,forty_overlord_impending,forty_overlord_impending,counterfactual_ranker_blend_counter_rev0034,threat_rush,mulligan_outcome_ranker_rev0027,land_band_business,40,40,0,1,0.0,0.0,0,target_loss,library_out,0,target,False,False
rev0058,cf34pilot_on_overlord40,threatpilot_on_overlord40,forty_overlord_impending,forty_overlord_impending,counterfactual_ranker_blend_counter_rev0034,threat_rush,mulligan_outcome_ranker_rev0027,land_band_business,40,1,5858182,5858182,6858185,0,1.0,0.0,1.0,0.0,False,False,player_1_attempted_to_draw_from_empty_library,261,0,22,draw_half_reporting_terminal_only_training,public_decision_frame,1.0,0.0,g00182_F_same_deck_overlord40_pilot_life40_seat0_sp1_r2,900,True,terminal,F_same_deck_overlord40_pilot,Hold the Overlord deck fixed on both sides and compare pilots only.,Same-deck pilot-only control for the Overlord shell.,cf34pilot_on_overlord40,threatpilot_on_overlord40,forty_overlord_impending,forty_overlord_impending,counterfactual_ranker_blend_counter_rev0034,threat_rush,mulligan_outcome_ranker_rev0027,land_band_business,40,40,0,2,1.0,1.0,0,target_win,library_out,1,opponent,True,False
rev0058,cf34pilot_on_overlord40,threatpilot_on_overlord40,forty_overlord_impending,forty_overlord_impending,counterfactual_ranker_blend_counter_rev0034,threat_rush,mulligan_outcome_ranker_rev0027,land_band_business,40,1,5858183,5858183,6858186,1,0.0,1.0,0.0,1.0,False,False,player_0_attempted_to_draw_from_empty_library,240,0,19,draw_half_reporting_terminal_only_training,public_decision_frame,0.0,1.0,g00183_F_same_deck_overlord40_pilot_life40_seat0_sp1_r3,900,True,terminal,F_same_deck_overlord40_pilot,Hold the Overlord deck fixed on both sides and compare pilots only.,Same-deck pilot-only control for the Overlord shell.,cf34pilot_on_overlord40,threatpilot_on_overlord40,forty_overlord_impending,forty_overlord_impending,counterfactual_ranker_blend_counter_rev0034,threat_rush,mulligan_outcome_ranker_rev0027,land_band_business,40,40,0,3,0.0,0.0,0,target_loss,library_out,0,target,False,False
rev0058,threatpilot_on_overlord40,cf34pilot_on_overlord40,forty_overlord_impending,forty_overlord_impending,threat_rush,counterfactual_ranker_blend_counter_rev0034,land_band_business,mulligan_outcome_ranker_rev0027,40,0,5858184,5858184,6858187,0,1.0,0.0,1.0,0.0,False,False,player_1_attempted_to_draw_from_empty_library,212,0,16,draw_half_reporting_terminal_only_training,public_decision_frame,1.0,0.0,g00184_F_same_deck_overlord40_pilot_life40_seat1_sp0_r0,900,True,terminal,F_same_deck_overlord40_pilot,Hold the Overlord deck fixed on both sides and compare pilots only.,Same-deck pilot-only control for the Overlord shell.,cf34pilot_on_overlord40,threatpilot_on_overlord40,forty_overlord_impending,forty_overlord_impending,counterfactual_ranker_blend_counter_rev0034,threat_rush,mulligan_outcome_ranker_rev0027,land_band_business,40,40,1,0,0.0,0.0,1,target_loss,library_out,1,target,False,False
rev0058,threatpilot_on_overlord40,cf34pilot_on_overlord40,forty_overlord_impending,forty_overlord_impending,threat_rush,counterfactual_ranker_blend_counter_rev0034,land_band_business,mulligan_outcome_ranker_rev0027,40,0,5858185,5858185,6858188,0,1.0,0.0,1.0,0.0,False,False,player_1_attempted_to_draw_from_empty_library,171,0,14,draw_half_reporting_terminal_only_training,public_decision_frame,1.0,0.0,g00185_F_same_deck_overlord40_pilot_life40_seat1_sp0_r1,900,True,terminal,F_same_deck_overlord40_pilot,Hold the Overlord deck fixed on both sides and compare pilots only.,Same-deck pilot-only control for the Overlord shell.,cf34pilot_on_overlord40,threatpilot_on_overlord40,forty_overlord_impending,forty_overlord_impending,counterfactual_ranker_blend_counter_rev0034,threat_rush,mulligan_outcome_ranker_rev0027,land_band_business,40,40,1,1,0.0,0.0,1,target_loss,library_out,1,target,False,False
rev0058,threatpilot_on_overlord40,cf34pilot_on_overlord40,forty_overlord_impending,forty_overlord_impending,threat_rush,counterfactual_ranker_blend_counter_rev0034,land_band_business,mulligan_outcome_ranker_rev0027,40,0,5858186,5858186,6858189,0,1.0,0.0,1.0,0.0,False,False,player_1_attempted_to_draw_from_empty_library,285,0,21,draw_half_reporting_terminal_only_training,public_decision_frame,1.0,0.0,g00186_F_same_deck_overlord40_pilot_life40_seat1_sp0_r2,900,True,terminal,F_same_deck_overlord40_pilot,Hold the Overlord deck fixed on both sides and compare pilots only.,Same-deck pilot-only control for the Overlord shell.,cf34pilot_on_overlord40,threatpilot_on_overlord40,forty_overlord_impending,forty_overlord_impending,counterfactual_ranker_blend_counter_rev0034,threat_rush,mulligan_outcome_ranker_rev0027,land_band_business,40,40,1,2,0.0,0.0,1,target_loss,library_out,1,target,False,False
rev0058,threatpilot_on_overlord40,cf34pilot_on_overlord40,forty_overlord_impending,forty_overlord_impending,threat_rush,counterfactual_ranker_blend_counter_rev0034,land_band_business,mulligan_outcome_ranker_rev0027,40,0,5858187,5858187,6858190,1,0.0,1.0,0.0,1.0,False,False,player_0_life_total_zero_or_less,130,0,11,draw_half_reporting_terminal_only_training,public_decision_frame,0.0,1.0,g00187_F_same_deck_overlord40_pilot_life40_seat1_sp0_r3,900,True,terminal,F_same_deck_overlord40_pilot,Hold the Overlord deck fixed on both sides and compare pilots only.,Same-deck pilot-only control for the Overlord shell.,cf34pilot_on_overlord40,threatpilot_on_overlord40,forty_overlord_impending,forty_overlord_impending,counterfactual_ranker_blend_counter_rev0034,threat_rush,mulligan_outcome_ranker_rev0027,land_band_business,40,40,1,3,1.0,1.0,1,target_win,life_total,0,opponent,False,True
rev0058,threatpilot_on_overlord40,cf34pilot_on_overlord40,forty_overlord_impending,forty_overlord_impending,threat_rush,counterfactual_ranker_blend_counter_rev0034,land_band_business,mulligan_outcome_ranker_rev0027,40,1,5858188,5858188,6858191,0,1.0,0.0,1.0,0.0,False,False,player_1_attempted_to_draw_from_empty_library,166,0,14,draw_half_reporting_terminal_only_training,public_decision_frame,1.0,0.0,g00188_F_same_deck_overlord40_pilot_life40_seat1_sp1_r0,900,True,terminal,F_same_deck_overlord40_pilot,Hold the Overlord deck fixed on both sides and compare pilots only.,Same-deck pilot-only control for the Overlord shell.,cf34pilot_on_overlord40,threatpilot_on_overlord40,forty_overlord_impending,forty_overlord_impending,counterfactual_ranker_blend_counter_rev0034,threat_rush,mulligan_outcome_ranker_rev0027,land_band_business,40,40,1,0,0.0,0.0,1,target_loss,library_out,1,target,False,False
rev0058,threatpilot_on_overlord40,cf34pilot_on_overlord40,forty_overlord_impending,forty_overlord_impending,threat_rush,counterfactual_ranker_blend_counter_rev0034,land_band_business,mulligan_outcome_ranker_rev0027,40,1,5858189,5858189,6858192,0,1.0,0.0,1.0,0.0,False,False,player_1_attempted_to_draw_from_empty_library,238,0,23,draw_half_reporting_terminal_only_training,public_decision_frame,1.0,0.0,g00189_F_same_deck_overlord40_pilot_life40_seat1_sp1_r1,900,True,terminal,F_same_deck_overlord40_pilot,Hold the Overlord deck fixed on both sides and compare pilots only.,Same-deck pilot-only control for the Overlord shell.,cf34pilot_on_overlord40,threatpilot_on_overlord40,forty_overlord_impending,forty_overlord_impending,counterfactual_ranker_blend_counter_rev0034,threat_rush,mulligan_outcome_ranker_rev0027,land_band_business,40,40,1,1,0.0,0.0,1,target_loss,library_out,1,target,False,False
rev0058,threatpilot_on_overlord40,cf34pilot_on_overlord40,forty_overlord_impending,forty_overlord_impending,threat_rush,counterfactual_ranker_blend_counter_rev0034,land_band_business,mulligan_outcome_ranker_rev0027,40,1,5858190,5858190,6858193,0,1.0,0.0,1.0,0.0,False,False,player_1_attempted_to_draw_from_empty_library,243,0,19,draw_half_reporting_terminal_only_training,public_decision_frame,1.0,0.0,g00190_F_same_deck_overlord40_pilot_life40_seat1_sp1_r2,900,True,terminal,F_same_deck_overlord40_pilot,Hold the Overlord deck fixed on both sides and compare pilots only.,Same-deck pilot-only control for the Overlord shell.,cf34pilot_on_overlord40,threatpilot_on_overlord40,forty_overlord_impending,forty_overlord_impending,counterfactual_ranker_blend_counter_rev0034,threat_rush,mulligan_outcome_ranker_rev0027,land_band_business,40,40,1,2,0.0,0.0,1,target_loss,library_out,1,target,False,False
rev0058,threatpilot_on_overlord40,cf34pilot_on_overlord40,forty_overlord_impending,forty_overlord_impending,threat_rush,counterfactual_ranker_blend_counter_rev0034,land_band_business,mulligan_outcome_ranker_rev0027,40,1,5858191,5858191,6858194,1,0.0,1.0,0.0,1.0,False,False,player_0_attempted_to_draw_from_empty_library,166,0,14,draw_half_reporting_terminal_only_training,public_decision_frame,0.0,1.0,g00191_F_same_deck_overlord40_pilot_life40_seat1_sp1_r3,900,True,terminal,F_same_deck_overlord40_pilot,Hold the Overlord deck fixed on both sides and compare pilots only.,Same-deck pilot-only control for the Overlord shell.,cf34pilot_on_overlord40,threatpilot_on_overlord40,forty_overlord_impending,forty_overlord_impending,counterfactual_ranker_blend_counter_rev0034,threat_rush,mulligan_outcome_ranker_rev0027,land_band_business,40,40,1,3,1.0,1.0,1,target_win,library_out,0,opponent,True,False
