decisions,focal_player,focal_strategy,interface,loss_reason,opponent_strategy,orientation,rep,score,seed,stage,starting_life,starting_player,strategy0,strategy1,truncation,turn_number,winner
111,0,guard_counter_wall40,public_decision_frame+information_state,player_0_attempted_to_draw_from_empty_library,guard_counter_wall60,0,0,0.0,1576163653,rev0099_expanded_matrix_refresh,20,0,guard_counter_wall40,guard_counter_wall60,False,12,1
126,0,guard_counter_wall40,public_decision_frame+information_state,player_0_attempted_to_draw_from_empty_library,guard_counter_wall60,0,0,0.0,1235878778,rev0099_expanded_matrix_refresh,20,1,guard_counter_wall40,guard_counter_wall60,False,13,1
300,1,guard_counter_wall40,public_decision_frame+information_state,player_0_attempted_to_draw_from_empty_library,guard_counter_wall60,1,0,1.0,1751951271,rev0099_expanded_matrix_refresh,20,0,guard_counter_wall60,guard_counter_wall40,False,29,1
191,1,guard_counter_wall40,public_decision_frame+information_state,player_1_attempted_to_draw_from_empty_library,guard_counter_wall60,1,0,0.0,101581871,rev0099_expanded_matrix_refresh,20,1,guard_counter_wall60,guard_counter_wall40,False,19,0
237,0,guard_counter_wall40,public_decision_frame+information_state,player_1_life_total_zero_or_less,guard_counter_wall60,0,1,1.0,1549998971,rev0099_expanded_matrix_refresh,20,0,guard_counter_wall40,guard_counter_wall60,False,23,0
133,0,guard_counter_wall40,public_decision_frame+information_state,player_0_attempted_to_draw_from_empty_library,guard_counter_wall60,0,1,0.0,1949954724,rev0099_expanded_matrix_refresh,20,1,guard_counter_wall40,guard_counter_wall60,False,15,1
341,1,guard_counter_wall40,public_decision_frame+information_state,player_1_attempted_to_draw_from_empty_library,guard_counter_wall60,1,1,0.0,1748659027,rev0099_expanded_matrix_refresh,20,0,guard_counter_wall60,guard_counter_wall40,False,34,0
132,1,guard_counter_wall40,public_decision_frame+information_state,player_0_attempted_to_draw_from_empty_library,guard_counter_wall60,1,1,1.0,1390322113,rev0099_expanded_matrix_refresh,20,1,guard_counter_wall60,guard_counter_wall40,False,14,1
183,0,guard_counter_wall40,public_decision_frame+information_state,player_1_attempted_to_draw_from_empty_library,guard_counter_wall60,0,2,1.0,318055050,rev0099_expanded_matrix_refresh,20,0,guard_counter_wall40,guard_counter_wall60,False,17,0
147,0,guard_counter_wall40,public_decision_frame+information_state,player_0_attempted_to_draw_from_empty_library,guard_counter_wall60,0,2,0.0,1331875978,rev0099_expanded_matrix_refresh,20,1,guard_counter_wall40,guard_counter_wall60,False,17,1
269,1,guard_counter_wall40,public_decision_frame+information_state,player_0_attempted_to_draw_from_empty_library,guard_counter_wall60,1,2,1.0,1851325431,rev0099_expanded_matrix_refresh,20,0,guard_counter_wall60,guard_counter_wall40,False,29,1
193,1,guard_counter_wall40,public_decision_frame+information_state,player_0_attempted_to_draw_from_empty_library,guard_counter_wall60,1,2,1.0,1974292519,rev0099_expanded_matrix_refresh,20,1,guard_counter_wall60,guard_counter_wall40,False,20,1
223,0,guard_counter_wall40,public_decision_frame+information_state,player_1_life_total_zero_or_less,guard_counter_wall60,0,3,1.0,39757526,rev0099_expanded_matrix_refresh,20,0,guard_counter_wall40,guard_counter_wall60,False,21,0
263,0,guard_counter_wall40,public_decision_frame+information_state,player_0_attempted_to_draw_from_empty_library,guard_counter_wall60,0,3,0.0,852742204,rev0099_expanded_matrix_refresh,20,1,guard_counter_wall40,guard_counter_wall60,False,29,1
112,1,guard_counter_wall40,public_decision_frame+information_state,player_1_life_total_zero_or_less,guard_counter_wall60,1,3,0.0,443510661,rev0099_expanded_matrix_refresh,20,0,guard_counter_wall60,guard_counter_wall40,False,10,0
331,1,guard_counter_wall40,public_decision_frame+information_state,player_1_attempted_to_draw_from_empty_library,guard_counter_wall60,1,3,0.0,1611804938,rev0099_expanded_matrix_refresh,20,1,guard_counter_wall60,guard_counter_wall40,False,36,0
325,0,guard_counter_wall40,public_decision_frame+information_state,player_0_attempted_to_draw_from_empty_library,guard_counter_wall60,0,4,0.0,1710599890,rev0099_expanded_matrix_refresh,20,0,guard_counter_wall40,guard_counter_wall60,False,35,1
125,0,guard_counter_wall40,public_decision_frame+information_state,player_0_attempted_to_draw_from_empty_library,guard_counter_wall60,0,4,0.0,1846018244,rev0099_expanded_matrix_refresh,20,1,guard_counter_wall40,guard_counter_wall60,False,13,1
207,1,guard_counter_wall40,public_decision_frame+information_state,player_1_attempted_to_draw_from_empty_library,guard_counter_wall60,1,4,0.0,1472468111,rev0099_expanded_matrix_refresh,20,0,guard_counter_wall60,guard_counter_wall40,False,21,0
162,1,guard_counter_wall40,public_decision_frame+information_state,player_1_attempted_to_draw_from_empty_library,guard_counter_wall60,1,4,0.0,147271306,rev0099_expanded_matrix_refresh,20,1,guard_counter_wall60,guard_counter_wall40,False,16,0
253,0,guard_counter_wall40,public_decision_frame+information_state,player_0_life_total_zero_or_less,guard_counter_wall60,0,5,0.0,1221695742,rev0099_expanded_matrix_refresh,20,0,guard_counter_wall40,guard_counter_wall60,False,25,1
274,0,guard_counter_wall40,public_decision_frame+information_state,player_1_attempted_to_draw_from_empty_library,guard_counter_wall60,0,5,1.0,1365699654,rev0099_expanded_matrix_refresh,20,1,guard_counter_wall40,guard_counter_wall60,False,30,0
128,1,guard_counter_wall40,public_decision_frame+information_state,player_0_attempted_to_draw_from_empty_library,guard_counter_wall60,1,5,1.0,354560588,rev0099_expanded_matrix_refresh,20,0,guard_counter_wall60,guard_counter_wall40,False,14,1
285,1,guard_counter_wall40,public_decision_frame+information_state,player_1_attempted_to_draw_from_empty_library,guard_counter_wall60,1,5,0.0,352896913,rev0099_expanded_matrix_refresh,20,1,guard_counter_wall60,guard_counter_wall40,False,30,0
138,0,guard_counter_wall40,public_decision_frame+information_state,player_1_life_total_zero_or_less,guard_counter_wall60,0,6,1.0,1756342626,rev0099_expanded_matrix_refresh,20,0,guard_counter_wall40,guard_counter_wall60,False,12,0
339,0,guard_counter_wall40,public_decision_frame+information_state,player_0_attempted_to_draw_from_empty_library,guard_counter_wall60,0,6,0.0,342920653,rev0099_expanded_matrix_refresh,20,1,guard_counter_wall40,guard_counter_wall60,False,36,1
258,1,guard_counter_wall40,public_decision_frame+information_state,player_0_attempted_to_draw_from_empty_library,guard_counter_wall60,1,6,1.0,1840964507,rev0099_expanded_matrix_refresh,20,0,guard_counter_wall60,guard_counter_wall40,False,28,1
326,1,guard_counter_wall40,public_decision_frame+information_state,player_0_attempted_to_draw_from_empty_library,guard_counter_wall60,1,6,1.0,167238920,rev0099_expanded_matrix_refresh,20,1,guard_counter_wall60,guard_counter_wall40,False,32,1
280,0,guard_counter_wall40,public_decision_frame+information_state,player_1_attempted_to_draw_from_empty_library,guard_counter_wall60,0,7,1.0,1421286097,rev0099_expanded_matrix_refresh,20,0,guard_counter_wall40,guard_counter_wall60,False,29,0
184,0,guard_counter_wall40,public_decision_frame+information_state,player_0_attempted_to_draw_from_empty_library,guard_counter_wall60,0,7,0.0,1123460604,rev0099_expanded_matrix_refresh,20,1,guard_counter_wall40,guard_counter_wall60,False,20,1
196,1,guard_counter_wall40,public_decision_frame+information_state,player_0_attempted_to_draw_from_empty_library,guard_counter_wall60,1,7,1.0,665138368,rev0099_expanded_matrix_refresh,20,0,guard_counter_wall60,guard_counter_wall40,False,20,1
269,1,guard_counter_wall40,public_decision_frame+information_state,player_1_life_total_zero_or_less,guard_counter_wall60,1,7,0.0,1480834663,rev0099_expanded_matrix_refresh,20,1,guard_counter_wall60,guard_counter_wall40,False,26,0
131,0,guard_counter_wall40,public_decision_frame+information_state,player_0_attempted_to_draw_from_empty_library,guard_counter_wall60,0,8,0.0,1186464775,rev0099_expanded_matrix_refresh,20,0,guard_counter_wall40,guard_counter_wall60,False,13,1
119,0,guard_counter_wall40,public_decision_frame+information_state,player_0_attempted_to_draw_from_empty_library,guard_counter_wall60,0,8,0.0,160666883,rev0099_expanded_matrix_refresh,20,1,guard_counter_wall40,guard_counter_wall60,False,11,1
135,1,guard_counter_wall40,public_decision_frame+information_state,player_1_attempted_to_draw_from_empty_library,guard_counter_wall60,1,8,0.0,1485731068,rev0099_expanded_matrix_refresh,20,0,guard_counter_wall60,guard_counter_wall40,False,14,0
281,1,guard_counter_wall40,public_decision_frame+information_state,player_0_attempted_to_draw_from_empty_library,guard_counter_wall60,1,8,1.0,144276164,rev0099_expanded_matrix_refresh,20,1,guard_counter_wall60,guard_counter_wall40,False,29,1
264,0,guard_counter_wall40,public_decision_frame+information_state,player_1_attempted_to_draw_from_empty_library,guard_counter_wall60,0,9,1.0,603903450,rev0099_expanded_matrix_refresh,20,0,guard_counter_wall40,guard_counter_wall60,False,27,0
335,0,guard_counter_wall40,public_decision_frame+information_state,player_0_attempted_to_draw_from_empty_library,guard_counter_wall60,0,9,0.0,842610861,rev0099_expanded_matrix_refresh,20,1,guard_counter_wall40,guard_counter_wall60,False,35,1
138,1,guard_counter_wall40,public_decision_frame+information_state,player_1_attempted_to_draw_from_empty_library,guard_counter_wall60,1,9,0.0,1238189058,rev0099_expanded_matrix_refresh,20,0,guard_counter_wall60,guard_counter_wall40,False,14,0
195,1,guard_counter_wall40,public_decision_frame+information_state,player_1_attempted_to_draw_from_empty_library,guard_counter_wall60,1,9,0.0,894187666,rev0099_expanded_matrix_refresh,20,1,guard_counter_wall60,guard_counter_wall40,False,16,0
133,0,guard_counter_wall40,public_decision_frame+information_state,player_1_attempted_to_draw_from_empty_library,guard_counter_wall60,0,0,1.0,1659243483,rev0099_expanded_matrix_refresh,40,0,guard_counter_wall40,guard_counter_wall60,False,12,0
184,0,guard_counter_wall40,public_decision_frame+information_state,player_0_life_total_zero_or_less,guard_counter_wall60,0,0,0.0,1779339521,rev0099_expanded_matrix_refresh,40,1,guard_counter_wall40,guard_counter_wall60,False,18,1
140,1,guard_counter_wall40,public_decision_frame+information_state,player_1_attempted_to_draw_from_empty_library,guard_counter_wall60,1,0,0.0,1982498028,rev0099_expanded_matrix_refresh,40,0,guard_counter_wall60,guard_counter_wall40,False,13,0
236,1,guard_counter_wall40,public_decision_frame+information_state,player_0_attempted_to_draw_from_empty_library,guard_counter_wall60,1,0,1.0,1598230175,rev0099_expanded_matrix_refresh,40,1,guard_counter_wall60,guard_counter_wall40,False,25,1
118,0,guard_counter_wall40,public_decision_frame+information_state,player_1_attempted_to_draw_from_empty_library,guard_counter_wall60,0,1,1.0,67940343,rev0099_expanded_matrix_refresh,40,0,guard_counter_wall40,guard_counter_wall60,False,9,0
193,0,guard_counter_wall40,public_decision_frame+information_state,player_1_attempted_to_draw_from_empty_library,guard_counter_wall60,0,1,1.0,723476143,rev0099_expanded_matrix_refresh,40,1,guard_counter_wall40,guard_counter_wall60,False,19,0
171,1,guard_counter_wall40,public_decision_frame+information_state,player_0_attempted_to_draw_from_empty_library,guard_counter_wall60,1,1,1.0,1676290718,rev0099_expanded_matrix_refresh,40,0,guard_counter_wall60,guard_counter_wall40,False,17,1
213,1,guard_counter_wall40,public_decision_frame+information_state,player_1_attempted_to_draw_from_empty_library,guard_counter_wall60,1,1,0.0,1886770426,rev0099_expanded_matrix_refresh,40,1,guard_counter_wall60,guard_counter_wall40,False,23,0
234,0,guard_counter_wall40,public_decision_frame+information_state,player_1_attempted_to_draw_from_empty_library,guard_counter_wall60,0,2,1.0,1716043622,rev0099_expanded_matrix_refresh,40,0,guard_counter_wall40,guard_counter_wall60,False,23,0
186,0,guard_counter_wall40,public_decision_frame+information_state,player_1_attempted_to_draw_from_empty_library,guard_counter_wall60,0,2,1.0,46067447,rev0099_expanded_matrix_refresh,40,1,guard_counter_wall40,guard_counter_wall60,False,20,0
174,1,guard_counter_wall40,public_decision_frame+information_state,player_1_life_total_zero_or_less,guard_counter_wall60,1,2,0.0,571408054,rev0099_expanded_matrix_refresh,40,0,guard_counter_wall60,guard_counter_wall40,False,15,0
165,1,guard_counter_wall40,public_decision_frame+information_state,player_0_life_total_zero_or_less,guard_counter_wall60,1,2,1.0,1672557984,rev0099_expanded_matrix_refresh,40,1,guard_counter_wall60,guard_counter_wall40,False,14,1
143,0,guard_counter_wall40,public_decision_frame+information_state,player_0_attempted_to_draw_from_empty_library,guard_counter_wall60,0,3,0.0,257828613,rev0099_expanded_matrix_refresh,40,0,guard_counter_wall40,guard_counter_wall60,False,13,1
133,0,guard_counter_wall40,public_decision_frame+information_state,player_1_attempted_to_draw_from_empty_library,guard_counter_wall60,0,3,1.0,1685961915,rev0099_expanded_matrix_refresh,40,1,guard_counter_wall40,guard_counter_wall60,False,14,0
239,1,guard_counter_wall40,public_decision_frame+information_state,player_0_attempted_to_draw_from_empty_library,guard_counter_wall60,1,3,1.0,87635085,rev0099_expanded_matrix_refresh,40,0,guard_counter_wall60,guard_counter_wall40,False,25,1
136,1,guard_counter_wall40,public_decision_frame+information_state,player_1_attempted_to_draw_from_empty_library,guard_counter_wall60,1,3,0.0,805539987,rev0099_expanded_matrix_refresh,40,1,guard_counter_wall60,guard_counter_wall40,False,15,0
154,0,guard_counter_wall40,public_decision_frame+information_state,player_1_life_total_zero_or_less,guard_counter_wall60,0,4,1.0,1691998869,rev0099_expanded_matrix_refresh,40,0,guard_counter_wall40,guard_counter_wall60,False,14,0
193,0,guard_counter_wall40,public_decision_frame+information_state,player_0_attempted_to_draw_from_empty_library,guard_counter_wall60,0,4,0.0,1776986996,rev0099_expanded_matrix_refresh,40,1,guard_counter_wall40,guard_counter_wall60,False,21,1
246,1,guard_counter_wall40,public_decision_frame+information_state,player_0_attempted_to_draw_from_empty_library,guard_counter_wall60,1,4,1.0,180429940,rev0099_expanded_matrix_refresh,40,0,guard_counter_wall60,guard_counter_wall40,False,26,1
340,1,guard_counter_wall40,public_decision_frame+information_state,player_1_attempted_to_draw_from_empty_library,guard_counter_wall60,1,4,0.0,1323579449,rev0099_expanded_matrix_refresh,40,1,guard_counter_wall60,guard_counter_wall40,False,35,0
172,0,guard_counter_wall40,public_decision_frame+information_state,player_0_attempted_to_draw_from_empty_library,guard_counter_wall60,0,5,0.0,1567217508,rev0099_expanded_matrix_refresh,40,0,guard_counter_wall40,guard_counter_wall60,False,16,1
220,0,guard_counter_wall40,public_decision_frame+information_state,player_0_attempted_to_draw_from_empty_library,guard_counter_wall60,0,5,0.0,1304731345,rev0099_expanded_matrix_refresh,40,1,guard_counter_wall40,guard_counter_wall60,False,23,1
136,1,guard_counter_wall40,public_decision_frame+information_state,player_1_attempted_to_draw_from_empty_library,guard_counter_wall60,1,5,0.0,1711569299,rev0099_expanded_matrix_refresh,40,0,guard_counter_wall60,guard_counter_wall40,False,13,0
204,1,guard_counter_wall40,public_decision_frame+information_state,player_0_attempted_to_draw_from_empty_library,guard_counter_wall60,1,5,1.0,1882164131,rev0099_expanded_matrix_refresh,40,1,guard_counter_wall60,guard_counter_wall40,False,21,1
148,0,guard_counter_wall40,public_decision_frame+information_state,player_1_attempted_to_draw_from_empty_library,guard_counter_wall60,0,6,1.0,58060559,rev0099_expanded_matrix_refresh,40,0,guard_counter_wall40,guard_counter_wall60,False,14,0
111,0,guard_counter_wall40,public_decision_frame+information_state,player_0_attempted_to_draw_from_empty_library,guard_counter_wall60,0,6,0.0,1019778696,rev0099_expanded_matrix_refresh,40,1,guard_counter_wall40,guard_counter_wall60,False,11,1
160,1,guard_counter_wall40,public_decision_frame+information_state,player_1_life_total_zero_or_less,guard_counter_wall60,1,6,0.0,1492985387,rev0099_expanded_matrix_refresh,40,0,guard_counter_wall60,guard_counter_wall40,False,14,0
140,1,guard_counter_wall40,public_decision_frame+information_state,player_0_attempted_to_draw_from_empty_library,guard_counter_wall60,1,6,1.0,42223453,rev0099_expanded_matrix_refresh,40,1,guard_counter_wall60,guard_counter_wall40,False,16,1
260,0,guard_counter_wall40,public_decision_frame+information_state,player_0_attempted_to_draw_from_empty_library,guard_counter_wall60,0,7,0.0,1653449544,rev0099_expanded_matrix_refresh,40,0,guard_counter_wall40,guard_counter_wall60,False,25,1
126,0,guard_counter_wall40,public_decision_frame+information_state,player_1_attempted_to_draw_from_empty_library,guard_counter_wall60,0,7,1.0,374098129,rev0099_expanded_matrix_refresh,40,1,guard_counter_wall40,guard_counter_wall60,False,13,0
144,1,guard_counter_wall40,public_decision_frame+information_state,player_1_attempted_to_draw_from_empty_library,guard_counter_wall60,1,7,0.0,1362409406,rev0099_expanded_matrix_refresh,40,0,guard_counter_wall60,guard_counter_wall40,False,15,0
147,1,guard_counter_wall40,public_decision_frame+information_state,player_1_attempted_to_draw_from_empty_library,guard_counter_wall60,1,7,0.0,668149464,rev0099_expanded_matrix_refresh,40,1,guard_counter_wall60,guard_counter_wall40,False,14,0
185,0,guard_counter_wall40,public_decision_frame+information_state,player_0_life_total_zero_or_less,guard_counter_wall60,0,8,0.0,45976877,rev0099_expanded_matrix_refresh,40,0,guard_counter_wall40,guard_counter_wall60,False,15,1
189,0,guard_counter_wall40,public_decision_frame+information_state,player_1_attempted_to_draw_from_empty_library,guard_counter_wall60,0,8,1.0,298400179,rev0099_expanded_matrix_refresh,40,1,guard_counter_wall40,guard_counter_wall60,False,17,0
135,1,guard_counter_wall40,public_decision_frame+information_state,player_0_attempted_to_draw_from_empty_library,guard_counter_wall60,1,8,1.0,889710002,rev0099_expanded_matrix_refresh,40,0,guard_counter_wall60,guard_counter_wall40,False,13,1
227,1,guard_counter_wall40,public_decision_frame+information_state,player_1_life_total_zero_or_less,guard_counter_wall60,1,8,0.0,547731648,rev0099_expanded_matrix_refresh,40,1,guard_counter_wall60,guard_counter_wall40,False,21,0
163,0,guard_counter_wall40,public_decision_frame+information_state,player_1_attempted_to_draw_from_empty_library,guard_counter_wall60,0,9,1.0,1288257998,rev0099_expanded_matrix_refresh,40,0,guard_counter_wall40,guard_counter_wall60,False,16,0
219,0,guard_counter_wall40,public_decision_frame+information_state,player_0_attempted_to_draw_from_empty_library,guard_counter_wall60,0,9,0.0,503435185,rev0099_expanded_matrix_refresh,40,1,guard_counter_wall40,guard_counter_wall60,False,22,1
173,1,guard_counter_wall40,public_decision_frame+information_state,player_0_life_total_zero_or_less,guard_counter_wall60,1,9,1.0,574886892,rev0099_expanded_matrix_refresh,40,0,guard_counter_wall60,guard_counter_wall40,False,14,1
326,1,guard_counter_wall40,public_decision_frame+information_state,player_1_attempted_to_draw_from_empty_library,guard_counter_wall60,1,9,0.0,247739995,rev0099_expanded_matrix_refresh,40,1,guard_counter_wall60,guard_counter_wall40,False,35,0
184,0,guard_counter_wall40,public_decision_frame+information_state,player_1_attempted_to_draw_from_empty_library,pub_threat40_closure,0,0,1.0,325387686,rev0099_expanded_matrix_refresh,20,0,guard_counter_wall40,pub_threat40_closure,False,16,0
234,0,guard_counter_wall40,public_decision_frame+information_state,player_1_attempted_to_draw_from_empty_library,pub_threat40_closure,0,0,1.0,450211931,rev0099_expanded_matrix_refresh,20,1,guard_counter_wall40,pub_threat40_closure,False,19,0
157,1,guard_counter_wall40,public_decision_frame+information_state,player_0_attempted_to_draw_from_empty_library,pub_threat40_closure,1,0,1.0,542700338,rev0099_expanded_matrix_refresh,20,0,pub_threat40_closure,guard_counter_wall40,False,15,1
285,1,guard_counter_wall40,public_decision_frame+information_state,player_1_attempted_to_draw_from_empty_library,pub_threat40_closure,1,0,0.0,365280374,rev0099_expanded_matrix_refresh,20,1,pub_threat40_closure,guard_counter_wall40,False,27,0
177,0,guard_counter_wall40,public_decision_frame+information_state,player_0_attempted_to_draw_from_empty_library,pub_threat40_closure,0,1,0.0,1535197089,rev0099_expanded_matrix_refresh,20,0,guard_counter_wall40,pub_threat40_closure,False,15,1
134,0,guard_counter_wall40,public_decision_frame+information_state,player_1_life_total_zero_or_less,pub_threat40_closure,0,1,1.0,173417986,rev0099_expanded_matrix_refresh,20,1,guard_counter_wall40,pub_threat40_closure,False,11,0
146,1,guard_counter_wall40,public_decision_frame+information_state,player_1_life_total_zero_or_less,pub_threat40_closure,1,1,0.0,1516006566,rev0099_expanded_matrix_refresh,20,0,pub_threat40_closure,guard_counter_wall40,False,12,0
180,1,guard_counter_wall40,public_decision_frame+information_state,player_0_attempted_to_draw_from_empty_library,pub_threat40_closure,1,1,1.0,1129841203,rev0099_expanded_matrix_refresh,20,1,pub_threat40_closure,guard_counter_wall40,False,16,1
111,0,guard_counter_wall40,public_decision_frame+information_state,player_0_life_total_zero_or_less,pub_threat40_closure,0,2,0.0,386501301,rev0099_expanded_matrix_refresh,20,0,guard_counter_wall40,pub_threat40_closure,False,9,1
118,0,guard_counter_wall40,public_decision_frame+information_state,player_1_attempted_to_draw_from_empty_library,pub_threat40_closure,0,2,1.0,1033637629,rev0099_expanded_matrix_refresh,20,1,guard_counter_wall40,pub_threat40_closure,False,12,0
123,1,guard_counter_wall40,public_decision_frame+information_state,player_1_life_total_zero_or_less,pub_threat40_closure,1,2,0.0,1653299661,rev0099_expanded_matrix_refresh,20,0,pub_threat40_closure,guard_counter_wall40,False,11,0
175,1,guard_counter_wall40,public_decision_frame+information_state,player_1_attempted_to_draw_from_empty_library,pub_threat40_closure,1,2,0.0,1759346856,rev0099_expanded_matrix_refresh,20,1,pub_threat40_closure,guard_counter_wall40,False,17,0
153,0,guard_counter_wall40,public_decision_frame+information_state,player_1_life_total_zero_or_less,pub_threat40_closure,0,3,1.0,1304563483,rev0099_expanded_matrix_refresh,20,0,guard_counter_wall40,pub_threat40_closure,False,14,0
154,0,guard_counter_wall40,public_decision_frame+information_state,player_1_attempted_to_draw_from_empty_library,pub_threat40_closure,0,3,1.0,1761983712,rev0099_expanded_matrix_refresh,20,1,guard_counter_wall40,pub_threat40_closure,False,15,0
185,1,guard_counter_wall40,public_decision_frame+information_state,player_1_attempted_to_draw_from_empty_library,pub_threat40_closure,1,3,0.0,1432180433,rev0099_expanded_matrix_refresh,20,0,pub_threat40_closure,guard_counter_wall40,False,18,0
126,1,guard_counter_wall40,public_decision_frame+information_state,player_0_attempted_to_draw_from_empty_library,pub_threat40_closure,1,3,1.0,354857399,rev0099_expanded_matrix_refresh,20,1,pub_threat40_closure,guard_counter_wall40,False,12,1
160,0,guard_counter_wall40,public_decision_frame+information_state,player_0_life_total_zero_or_less,pub_threat40_closure,0,4,0.0,1961090134,rev0099_expanded_matrix_refresh,20,0,guard_counter_wall40,pub_threat40_closure,False,12,1
188,0,guard_counter_wall40,public_decision_frame+information_state,player_1_life_total_zero_or_less,pub_threat40_closure,0,4,1.0,1696251794,rev0099_expanded_matrix_refresh,20,1,guard_counter_wall40,pub_threat40_closure,False,18,0
125,1,guard_counter_wall40,public_decision_frame+information_state,player_1_life_total_zero_or_less,pub_threat40_closure,1,4,0.0,702361179,rev0099_expanded_matrix_refresh,20,0,pub_threat40_closure,guard_counter_wall40,False,11,0
204,1,guard_counter_wall40,public_decision_frame+information_state,player_0_attempted_to_draw_from_empty_library,pub_threat40_closure,1,4,1.0,1475859552,rev0099_expanded_matrix_refresh,20,1,pub_threat40_closure,guard_counter_wall40,False,19,1
133,0,guard_counter_wall40,public_decision_frame+information_state,player_0_attempted_to_draw_from_empty_library,pub_threat40_closure,0,5,0.0,25767272,rev0099_expanded_matrix_refresh,20,0,guard_counter_wall40,pub_threat40_closure,False,12,1
170,0,guard_counter_wall40,public_decision_frame+information_state,player_1_attempted_to_draw_from_empty_library,pub_threat40_closure,0,5,1.0,1076766496,rev0099_expanded_matrix_refresh,20,1,guard_counter_wall40,pub_threat40_closure,False,13,0
116,1,guard_counter_wall40,public_decision_frame+information_state,player_0_life_total_zero_or_less,pub_threat40_closure,1,5,1.0,1194625324,rev0099_expanded_matrix_refresh,20,0,pub_threat40_closure,guard_counter_wall40,False,9,1
211,1,guard_counter_wall40,public_decision_frame+information_state,player_0_life_total_zero_or_less,pub_threat40_closure,1,5,1.0,173056140,rev0099_expanded_matrix_refresh,20,1,pub_threat40_closure,guard_counter_wall40,False,18,1
135,0,guard_counter_wall40,public_decision_frame+information_state,player_1_attempted_to_draw_from_empty_library,pub_threat40_closure,0,6,1.0,1227450140,rev0099_expanded_matrix_refresh,20,0,guard_counter_wall40,pub_threat40_closure,False,13,0
155,0,guard_counter_wall40,public_decision_frame+information_state,player_0_attempted_to_draw_from_empty_library,pub_threat40_closure,0,6,0.0,1785054074,rev0099_expanded_matrix_refresh,20,1,guard_counter_wall40,pub_threat40_closure,False,12,1
146,1,guard_counter_wall40,public_decision_frame+information_state,player_1_life_total_zero_or_less,pub_threat40_closure,1,6,0.0,1900741886,rev0099_expanded_matrix_refresh,20,0,pub_threat40_closure,guard_counter_wall40,False,13,0
177,1,guard_counter_wall40,public_decision_frame+information_state,player_1_life_total_zero_or_less,pub_threat40_closure,1,6,0.0,1420154325,rev0099_expanded_matrix_refresh,20,1,pub_threat40_closure,guard_counter_wall40,False,14,0
223,0,guard_counter_wall40,public_decision_frame+information_state,player_1_attempted_to_draw_from_empty_library,pub_threat40_closure,0,7,1.0,1423053096,rev0099_expanded_matrix_refresh,20,0,guard_counter_wall40,pub_threat40_closure,False,20,0
144,0,guard_counter_wall40,public_decision_frame+information_state,player_1_life_total_zero_or_less,pub_threat40_closure,0,7,1.0,1072620982,rev0099_expanded_matrix_refresh,20,1,guard_counter_wall40,pub_threat40_closure,False,11,0
155,1,guard_counter_wall40,public_decision_frame+information_state,player_0_attempted_to_draw_from_empty_library,pub_threat40_closure,1,7,1.0,303123153,rev0099_expanded_matrix_refresh,20,0,pub_threat40_closure,guard_counter_wall40,False,16,1
142,1,guard_counter_wall40,public_decision_frame+information_state,player_1_attempted_to_draw_from_empty_library,pub_threat40_closure,1,7,0.0,967326760,rev0099_expanded_matrix_refresh,20,1,pub_threat40_closure,guard_counter_wall40,False,13,0
124,0,guard_counter_wall40,public_decision_frame+information_state,player_0_life_total_zero_or_less,pub_threat40_closure,0,8,0.0,1850302507,rev0099_expanded_matrix_refresh,20,0,guard_counter_wall40,pub_threat40_closure,False,10,1
150,0,guard_counter_wall40,public_decision_frame+information_state,player_1_attempted_to_draw_from_empty_library,pub_threat40_closure,0,8,1.0,13809502,rev0099_expanded_matrix_refresh,20,1,guard_counter_wall40,pub_threat40_closure,False,14,0
103,1,guard_counter_wall40,public_decision_frame+information_state,player_1_life_total_zero_or_less,pub_threat40_closure,1,8,0.0,1233495356,rev0099_expanded_matrix_refresh,20,0,pub_threat40_closure,guard_counter_wall40,False,9,0
127,1,guard_counter_wall40,public_decision_frame+information_state,player_1_attempted_to_draw_from_empty_library,pub_threat40_closure,1,8,0.0,1155846104,rev0099_expanded_matrix_refresh,20,1,pub_threat40_closure,guard_counter_wall40,False,12,0
101,0,guard_counter_wall40,public_decision_frame+information_state,player_0_life_total_zero_or_less,pub_threat40_closure,0,9,0.0,289861904,rev0099_expanded_matrix_refresh,20,0,guard_counter_wall40,pub_threat40_closure,False,9,1
151,0,guard_counter_wall40,public_decision_frame+information_state,player_1_life_total_zero_or_less,pub_threat40_closure,0,9,1.0,989656120,rev0099_expanded_matrix_refresh,20,1,guard_counter_wall40,pub_threat40_closure,False,12,0
140,1,guard_counter_wall40,public_decision_frame+information_state,player_0_life_total_zero_or_less,pub_threat40_closure,1,9,1.0,1877712240,rev0099_expanded_matrix_refresh,20,0,pub_threat40_closure,guard_counter_wall40,False,10,1
118,1,guard_counter_wall40,public_decision_frame+information_state,player_0_attempted_to_draw_from_empty_library,pub_threat40_closure,1,9,1.0,1547813982,rev0099_expanded_matrix_refresh,20,1,pub_threat40_closure,guard_counter_wall40,False,13,1
188,0,guard_counter_wall40,public_decision_frame+information_state,player_1_attempted_to_draw_from_empty_library,pub_threat40_closure,0,0,1.0,1187080093,rev0099_expanded_matrix_refresh,40,0,guard_counter_wall40,pub_threat40_closure,False,16,0
148,0,guard_counter_wall40,public_decision_frame+information_state,player_0_life_total_zero_or_less,pub_threat40_closure,0,0,0.0,1622979704,rev0099_expanded_matrix_refresh,40,1,guard_counter_wall40,pub_threat40_closure,False,14,1
153,1,guard_counter_wall40,public_decision_frame+information_state,player_1_attempted_to_draw_from_empty_library,pub_threat40_closure,1,0,0.0,804469494,rev0099_expanded_matrix_refresh,40,0,pub_threat40_closure,guard_counter_wall40,False,13,0
110,1,guard_counter_wall40,public_decision_frame+information_state,player_0_attempted_to_draw_from_empty_library,pub_threat40_closure,1,0,1.0,1441665849,rev0099_expanded_matrix_refresh,40,1,pub_threat40_closure,guard_counter_wall40,False,11,1
127,0,guard_counter_wall40,public_decision_frame+information_state,player_0_life_total_zero_or_less,pub_threat40_closure,0,1,0.0,746202432,rev0099_expanded_matrix_refresh,40,0,guard_counter_wall40,pub_threat40_closure,False,9,1
124,0,guard_counter_wall40,public_decision_frame+information_state,player_1_attempted_to_draw_from_empty_library,pub_threat40_closure,0,1,1.0,1495499220,rev0099_expanded_matrix_refresh,40,1,guard_counter_wall40,pub_threat40_closure,False,12,0
146,1,guard_counter_wall40,public_decision_frame+information_state,player_1_life_total_zero_or_less,pub_threat40_closure,1,1,0.0,283185822,rev0099_expanded_matrix_refresh,40,0,pub_threat40_closure,guard_counter_wall40,False,12,0
138,1,guard_counter_wall40,public_decision_frame+information_state,player_1_attempted_to_draw_from_empty_library,pub_threat40_closure,1,1,0.0,1622271508,rev0099_expanded_matrix_refresh,40,1,pub_threat40_closure,guard_counter_wall40,False,14,0
151,0,guard_counter_wall40,public_decision_frame+information_state,player_0_life_total_zero_or_less,pub_threat40_closure,0,2,0.0,630075232,rev0099_expanded_matrix_refresh,40,0,guard_counter_wall40,pub_threat40_closure,False,15,1
135,0,guard_counter_wall40,public_decision_frame+information_state,player_1_attempted_to_draw_from_empty_library,pub_threat40_closure,0,2,1.0,1021032041,rev0099_expanded_matrix_refresh,40,1,guard_counter_wall40,pub_threat40_closure,False,12,0
206,1,guard_counter_wall40,public_decision_frame+information_state,player_0_attempted_to_draw_from_empty_library,pub_threat40_closure,1,2,1.0,747350029,rev0099_expanded_matrix_refresh,40,0,pub_threat40_closure,guard_counter_wall40,False,20,1
198,1,guard_counter_wall40,public_decision_frame+information_state,player_0_attempted_to_draw_from_empty_library,pub_threat40_closure,1,2,1.0,1190313439,rev0099_expanded_matrix_refresh,40,1,pub_threat40_closure,guard_counter_wall40,False,19,1
152,0,guard_counter_wall40,public_decision_frame+information_state,player_0_attempted_to_draw_from_empty_library,pub_threat40_closure,0,3,0.0,902910428,rev0099_expanded_matrix_refresh,40,0,guard_counter_wall40,pub_threat40_closure,False,16,1
141,0,guard_counter_wall40,public_decision_frame+information_state,player_1_attempted_to_draw_from_empty_library,pub_threat40_closure,0,3,1.0,1682426564,rev0099_expanded_matrix_refresh,40,1,guard_counter_wall40,pub_threat40_closure,False,15,0
204,1,guard_counter_wall40,public_decision_frame+information_state,player_0_attempted_to_draw_from_empty_library,pub_threat40_closure,1,3,1.0,431655710,rev0099_expanded_matrix_refresh,40,0,pub_threat40_closure,guard_counter_wall40,False,17,1
189,1,guard_counter_wall40,public_decision_frame+information_state,player_0_attempted_to_draw_from_empty_library,pub_threat40_closure,1,3,1.0,906595642,rev0099_expanded_matrix_refresh,40,1,pub_threat40_closure,guard_counter_wall40,False,16,1
139,0,guard_counter_wall40,public_decision_frame+information_state,player_1_attempted_to_draw_from_empty_library,pub_threat40_closure,0,4,1.0,1914419327,rev0099_expanded_matrix_refresh,40,0,guard_counter_wall40,pub_threat40_closure,False,13,0
234,0,guard_counter_wall40,public_decision_frame+information_state,player_0_attempted_to_draw_from_empty_library,pub_threat40_closure,0,4,0.0,1393548635,rev0099_expanded_matrix_refresh,40,1,guard_counter_wall40,pub_threat40_closure,False,22,1
171,1,guard_counter_wall40,public_decision_frame+information_state,player_0_life_total_zero_or_less,pub_threat40_closure,1,4,1.0,260534480,rev0099_expanded_matrix_refresh,40,0,pub_threat40_closure,guard_counter_wall40,False,14,1
235,1,guard_counter_wall40,public_decision_frame+information_state,player_0_attempted_to_draw_from_empty_library,pub_threat40_closure,1,4,1.0,609958462,rev0099_expanded_matrix_refresh,40,1,pub_threat40_closure,guard_counter_wall40,False,19,1
142,0,guard_counter_wall40,public_decision_frame+information_state,player_1_attempted_to_draw_from_empty_library,pub_threat40_closure,0,5,1.0,1717399764,rev0099_expanded_matrix_refresh,40,0,guard_counter_wall40,pub_threat40_closure,False,14,0
109,0,guard_counter_wall40,public_decision_frame+information_state,player_0_life_total_zero_or_less,pub_threat40_closure,0,5,0.0,1979498146,rev0099_expanded_matrix_refresh,40,1,guard_counter_wall40,pub_threat40_closure,False,9,1
107,1,guard_counter_wall40,public_decision_frame+information_state,player_1_life_total_zero_or_less,pub_threat40_closure,1,5,0.0,1693269172,rev0099_expanded_matrix_refresh,40,0,pub_threat40_closure,guard_counter_wall40,False,10,0
162,1,guard_counter_wall40,public_decision_frame+information_state,player_0_life_total_zero_or_less,pub_threat40_closure,1,5,1.0,1755470018,rev0099_expanded_matrix_refresh,40,1,pub_threat40_closure,guard_counter_wall40,False,15,1
187,0,guard_counter_wall40,public_decision_frame+information_state,player_1_attempted_to_draw_from_empty_library,pub_threat40_closure,0,6,1.0,712102786,rev0099_expanded_matrix_refresh,40,0,guard_counter_wall40,pub_threat40_closure,False,16,0
156,0,guard_counter_wall40,public_decision_frame+information_state,player_1_attempted_to_draw_from_empty_library,pub_threat40_closure,0,6,1.0,876234764,rev0099_expanded_matrix_refresh,40,1,guard_counter_wall40,pub_threat40_closure,False,13,0
249,1,guard_counter_wall40,public_decision_frame+information_state,player_1_attempted_to_draw_from_empty_library,pub_threat40_closure,1,6,0.0,1637422145,rev0099_expanded_matrix_refresh,40,0,pub_threat40_closure,guard_counter_wall40,False,18,0
181,1,guard_counter_wall40,public_decision_frame+information_state,player_0_life_total_zero_or_less,pub_threat40_closure,1,6,1.0,982000500,rev0099_expanded_matrix_refresh,40,1,pub_threat40_closure,guard_counter_wall40,False,15,1
233,0,guard_counter_wall40,public_decision_frame+information_state,player_1_attempted_to_draw_from_empty_library,pub_threat40_closure,0,7,1.0,565858202,rev0099_expanded_matrix_refresh,40,0,guard_counter_wall40,pub_threat40_closure,False,23,0
169,0,guard_counter_wall40,public_decision_frame+information_state,player_0_attempted_to_draw_from_empty_library,pub_threat40_closure,0,7,0.0,1866580414,rev0099_expanded_matrix_refresh,40,1,guard_counter_wall40,pub_threat40_closure,False,16,1
264,1,guard_counter_wall40,public_decision_frame+information_state,player_1_attempted_to_draw_from_empty_library,pub_threat40_closure,1,7,0.0,681858850,rev0099_expanded_matrix_refresh,40,0,pub_threat40_closure,guard_counter_wall40,False,23,0
173,1,guard_counter_wall40,public_decision_frame+information_state,player_0_attempted_to_draw_from_empty_library,pub_threat40_closure,1,7,1.0,1444558132,rev0099_expanded_matrix_refresh,40,1,pub_threat40_closure,guard_counter_wall40,False,17,1
125,0,guard_counter_wall40,public_decision_frame+information_state,player_0_life_total_zero_or_less,pub_threat40_closure,0,8,0.0,1216723539,rev0099_expanded_matrix_refresh,40,0,guard_counter_wall40,pub_threat40_closure,False,11,1
153,0,guard_counter_wall40,public_decision_frame+information_state,player_1_attempted_to_draw_from_empty_library,pub_threat40_closure,0,8,1.0,72940374,rev0099_expanded_matrix_refresh,40,1,guard_counter_wall40,pub_threat40_closure,False,13,0
131,1,guard_counter_wall40,public_decision_frame+information_state,player_1_attempted_to_draw_from_empty_library,pub_threat40_closure,1,8,0.0,294328976,rev0099_expanded_matrix_refresh,40,0,pub_threat40_closure,guard_counter_wall40,False,12,0
180,1,guard_counter_wall40,public_decision_frame+information_state,player_0_attempted_to_draw_from_empty_library,pub_threat40_closure,1,8,1.0,1514412992,rev0099_expanded_matrix_refresh,40,1,pub_threat40_closure,guard_counter_wall40,False,15,1
216,0,guard_counter_wall40,public_decision_frame+information_state,player_1_attempted_to_draw_from_empty_library,pub_threat40_closure,0,9,1.0,1760012363,rev0099_expanded_matrix_refresh,40,0,guard_counter_wall40,pub_threat40_closure,False,18,0
216,0,guard_counter_wall40,public_decision_frame+information_state,player_1_attempted_to_draw_from_empty_library,pub_threat40_closure,0,9,1.0,1630596426,rev0099_expanded_matrix_refresh,40,1,guard_counter_wall40,pub_threat40_closure,False,19,0
154,1,guard_counter_wall40,public_decision_frame+information_state,player_1_attempted_to_draw_from_empty_library,pub_threat40_closure,1,9,0.0,539856868,rev0099_expanded_matrix_refresh,40,0,pub_threat40_closure,guard_counter_wall40,False,12,0
191,1,guard_counter_wall40,public_decision_frame+information_state,player_0_attempted_to_draw_from_empty_library,pub_threat40_closure,1,9,1.0,655906845,rev0099_expanded_matrix_refresh,40,1,pub_threat40_closure,guard_counter_wall40,False,18,1
213,0,guard_counter_wall40,public_decision_frame+information_state,player_1_attempted_to_draw_from_empty_library,pub_threat40_pressure,0,0,1.0,717665609,rev0099_expanded_matrix_refresh,20,0,guard_counter_wall40,pub_threat40_pressure,False,17,0
119,0,guard_counter_wall40,public_decision_frame+information_state,player_1_attempted_to_draw_from_empty_library,pub_threat40_pressure,0,0,1.0,1885717462,rev0099_expanded_matrix_refresh,20,1,guard_counter_wall40,pub_threat40_pressure,False,12,0
298,1,guard_counter_wall40,public_decision_frame+information_state,player_1_attempted_to_draw_from_empty_library,pub_threat40_pressure,1,0,0.0,556888407,rev0099_expanded_matrix_refresh,20,0,pub_threat40_pressure,guard_counter_wall40,False,30,0
130,1,guard_counter_wall40,public_decision_frame+information_state,player_1_life_total_zero_or_less,pub_threat40_pressure,1,0,0.0,104595224,rev0099_expanded_matrix_refresh,20,1,pub_threat40_pressure,guard_counter_wall40,False,12,0
126,0,guard_counter_wall40,public_decision_frame+information_state,player_0_life_total_zero_or_less,pub_threat40_pressure,0,1,0.0,449304596,rev0099_expanded_matrix_refresh,20,0,guard_counter_wall40,pub_threat40_pressure,False,11,1
194,0,guard_counter_wall40,public_decision_frame+information_state,player_1_life_total_zero_or_less,pub_threat40_pressure,0,1,1.0,1703886063,rev0099_expanded_matrix_refresh,20,1,guard_counter_wall40,pub_threat40_pressure,False,19,0
119,1,guard_counter_wall40,public_decision_frame+information_state,player_1_life_total_zero_or_less,pub_threat40_pressure,1,1,0.0,1157674541,rev0099_expanded_matrix_refresh,20,0,pub_threat40_pressure,guard_counter_wall40,False,12,0
122,1,guard_counter_wall40,public_decision_frame+information_state,player_0_attempted_to_draw_from_empty_library,pub_threat40_pressure,1,1,1.0,444873485,rev0099_expanded_matrix_refresh,20,1,pub_threat40_pressure,guard_counter_wall40,False,14,1
212,0,guard_counter_wall40,public_decision_frame+information_state,player_1_attempted_to_draw_from_empty_library,pub_threat40_pressure,0,2,1.0,65179461,rev0099_expanded_matrix_refresh,20,0,guard_counter_wall40,pub_threat40_pressure,False,16,0
152,0,guard_counter_wall40,public_decision_frame+information_state,player_0_life_total_zero_or_less,pub_threat40_pressure,0,2,0.0,1392941568,rev0099_expanded_matrix_refresh,20,1,guard_counter_wall40,pub_threat40_pressure,False,15,1
132,1,guard_counter_wall40,public_decision_frame+information_state,player_0_life_total_zero_or_less,pub_threat40_pressure,1,2,1.0,939864866,rev0099_expanded_matrix_refresh,20,0,pub_threat40_pressure,guard_counter_wall40,False,10,1
116,1,guard_counter_wall40,public_decision_frame+information_state,player_1_life_total_zero_or_less,pub_threat40_pressure,1,2,0.0,1932486216,rev0099_expanded_matrix_refresh,20,1,pub_threat40_pressure,guard_counter_wall40,False,10,0
83,0,guard_counter_wall40,public_decision_frame+information_state,player_0_life_total_zero_or_less,pub_threat40_pressure,0,3,0.0,620398934,rev0099_expanded_matrix_refresh,20,0,guard_counter_wall40,pub_threat40_pressure,False,7,1
120,0,guard_counter_wall40,public_decision_frame+information_state,player_1_life_total_zero_or_less,pub_threat40_pressure,0,3,1.0,1771273758,rev0099_expanded_matrix_refresh,20,1,guard_counter_wall40,pub_threat40_pressure,False,10,0
109,1,guard_counter_wall40,public_decision_frame+information_state,player_1_life_total_zero_or_less,pub_threat40_pressure,1,3,0.0,1161865070,rev0099_expanded_matrix_refresh,20,0,pub_threat40_pressure,guard_counter_wall40,False,10,0
91,1,guard_counter_wall40,public_decision_frame+information_state,player_1_life_total_zero_or_less,pub_threat40_pressure,1,3,0.0,187236452,rev0099_expanded_matrix_refresh,20,1,pub_threat40_pressure,guard_counter_wall40,False,9,0
261,0,guard_counter_wall40,public_decision_frame+information_state,player_1_attempted_to_draw_from_empty_library,pub_threat40_pressure,0,4,1.0,173895284,rev0099_expanded_matrix_refresh,20,0,guard_counter_wall40,pub_threat40_pressure,False,25,0
133,0,guard_counter_wall40,public_decision_frame+information_state,player_0_life_total_zero_or_less,pub_threat40_pressure,0,4,0.0,1031033325,rev0099_expanded_matrix_refresh,20,1,guard_counter_wall40,pub_threat40_pressure,False,11,1
154,1,guard_counter_wall40,public_decision_frame+information_state,player_1_life_total_zero_or_less,pub_threat40_pressure,1,4,0.0,1186987677,rev0099_expanded_matrix_refresh,20,0,pub_threat40_pressure,guard_counter_wall40,False,14,0
99,1,guard_counter_wall40,public_decision_frame+information_state,player_1_life_total_zero_or_less,pub_threat40_pressure,1,4,0.0,1225735442,rev0099_expanded_matrix_refresh,20,1,pub_threat40_pressure,guard_counter_wall40,False,10,0
158,0,guard_counter_wall40,public_decision_frame+information_state,player_0_life_total_zero_or_less,pub_threat40_pressure,0,5,0.0,61469195,rev0099_expanded_matrix_refresh,20,0,guard_counter_wall40,pub_threat40_pressure,False,13,1
100,0,guard_counter_wall40,public_decision_frame+information_state,player_0_life_total_zero_or_less,pub_threat40_pressure,0,5,0.0,1303736803,rev0099_expanded_matrix_refresh,20,1,guard_counter_wall40,pub_threat40_pressure,False,9,1
175,1,guard_counter_wall40,public_decision_frame+information_state,player_0_life_total_zero_or_less,pub_threat40_pressure,1,5,1.0,956966595,rev0099_expanded_matrix_refresh,20,0,pub_threat40_pressure,guard_counter_wall40,False,15,1
184,1,guard_counter_wall40,public_decision_frame+information_state,player_1_life_total_zero_or_less,pub_threat40_pressure,1,5,0.0,1968655874,rev0099_expanded_matrix_refresh,20,1,pub_threat40_pressure,guard_counter_wall40,False,13,0
165,0,guard_counter_wall40,public_decision_frame+information_state,player_0_life_total_zero_or_less,pub_threat40_pressure,0,6,0.0,1142700275,rev0099_expanded_matrix_refresh,20,0,guard_counter_wall40,pub_threat40_pressure,False,15,1
206,0,guard_counter_wall40,public_decision_frame+information_state,player_0_life_total_zero_or_less,pub_threat40_pressure,0,6,0.0,188164311,rev0099_expanded_matrix_refresh,20,1,guard_counter_wall40,pub_threat40_pressure,False,20,1
153,1,guard_counter_wall40,public_decision_frame+information_state,player_0_attempted_to_draw_from_empty_library,pub_threat40_pressure,1,6,1.0,45548275,rev0099_expanded_matrix_refresh,20,0,pub_threat40_pressure,guard_counter_wall40,False,14,1
171,1,guard_counter_wall40,public_decision_frame+information_state,player_0_attempted_to_draw_from_empty_library,pub_threat40_pressure,1,6,1.0,824586645,rev0099_expanded_matrix_refresh,20,1,pub_threat40_pressure,guard_counter_wall40,False,17,1
125,0,guard_counter_wall40,public_decision_frame+information_state,player_0_attempted_to_draw_from_empty_library,pub_threat40_pressure,0,7,0.0,1417059355,rev0099_expanded_matrix_refresh,20,0,guard_counter_wall40,pub_threat40_pressure,False,11,1
231,0,guard_counter_wall40,public_decision_frame+information_state,player_1_attempted_to_draw_from_empty_library,pub_threat40_pressure,0,7,1.0,1771664842,rev0099_expanded_matrix_refresh,20,1,guard_counter_wall40,pub_threat40_pressure,False,23,0
91,1,guard_counter_wall40,public_decision_frame+information_state,player_1_life_total_zero_or_less,pub_threat40_pressure,1,7,0.0,100594462,rev0099_expanded_matrix_refresh,20,0,pub_threat40_pressure,guard_counter_wall40,False,9,0
144,1,guard_counter_wall40,public_decision_frame+information_state,player_1_life_total_zero_or_less,pub_threat40_pressure,1,7,0.0,1697592960,rev0099_expanded_matrix_refresh,20,1,pub_threat40_pressure,guard_counter_wall40,False,11,0
114,0,guard_counter_wall40,public_decision_frame+information_state,player_1_life_total_zero_or_less,pub_threat40_pressure,0,8,1.0,522980237,rev0099_expanded_matrix_refresh,20,0,guard_counter_wall40,pub_threat40_pressure,False,10,0
88,0,guard_counter_wall40,public_decision_frame+information_state,player_0_life_total_zero_or_less,pub_threat40_pressure,0,8,0.0,1251653127,rev0099_expanded_matrix_refresh,20,1,guard_counter_wall40,pub_threat40_pressure,False,9,1
120,1,guard_counter_wall40,public_decision_frame+information_state,player_0_attempted_to_draw_from_empty_library,pub_threat40_pressure,1,8,1.0,707280439,rev0099_expanded_matrix_refresh,20,0,pub_threat40_pressure,guard_counter_wall40,False,12,1
167,1,guard_counter_wall40,public_decision_frame+information_state,player_1_attempted_to_draw_from_empty_library,pub_threat40_pressure,1,8,0.0,857780197,rev0099_expanded_matrix_refresh,20,1,pub_threat40_pressure,guard_counter_wall40,False,16,0
113,0,guard_counter_wall40,public_decision_frame+information_state,player_0_attempted_to_draw_from_empty_library,pub_threat40_pressure,0,9,0.0,1256815241,rev0099_expanded_matrix_refresh,20,0,guard_counter_wall40,pub_threat40_pressure,False,10,1
102,0,guard_counter_wall40,public_decision_frame+information_state,player_0_life_total_zero_or_less,pub_threat40_pressure,0,9,0.0,1762016110,rev0099_expanded_matrix_refresh,20,1,guard_counter_wall40,pub_threat40_pressure,False,9,1
186,1,guard_counter_wall40,public_decision_frame+information_state,player_0_attempted_to_draw_from_empty_library,pub_threat40_pressure,1,9,1.0,781338698,rev0099_expanded_matrix_refresh,20,0,pub_threat40_pressure,guard_counter_wall40,False,18,1
120,1,guard_counter_wall40,public_decision_frame+information_state,player_1_attempted_to_draw_from_empty_library,pub_threat40_pressure,1,9,0.0,975761532,rev0099_expanded_matrix_refresh,20,1,pub_threat40_pressure,guard_counter_wall40,False,10,0
160,0,guard_counter_wall40,public_decision_frame+information_state,player_1_attempted_to_draw_from_empty_library,pub_threat40_pressure,0,0,1.0,463259501,rev0099_expanded_matrix_refresh,40,0,guard_counter_wall40,pub_threat40_pressure,False,14,0
218,0,guard_counter_wall40,public_decision_frame+information_state,player_1_attempted_to_draw_from_empty_library,pub_threat40_pressure,0,0,1.0,1465230061,rev0099_expanded_matrix_refresh,40,1,guard_counter_wall40,pub_threat40_pressure,False,22,0
145,1,guard_counter_wall40,public_decision_frame+information_state,player_1_life_total_zero_or_less,pub_threat40_pressure,1,0,0.0,1335573930,rev0099_expanded_matrix_refresh,40,0,pub_threat40_pressure,guard_counter_wall40,False,12,0
146,1,guard_counter_wall40,public_decision_frame+information_state,player_1_attempted_to_draw_from_empty_library,pub_threat40_pressure,1,0,0.0,1003983502,rev0099_expanded_matrix_refresh,40,1,pub_threat40_pressure,guard_counter_wall40,False,13,0
145,0,guard_counter_wall40,public_decision_frame+information_state,player_1_attempted_to_draw_from_empty_library,pub_threat40_pressure,0,1,1.0,1622728647,rev0099_expanded_matrix_refresh,40,0,guard_counter_wall40,pub_threat40_pressure,False,12,0
211,0,guard_counter_wall40,public_decision_frame+information_state,player_1_attempted_to_draw_from_empty_library,pub_threat40_pressure,0,1,1.0,982616137,rev0099_expanded_matrix_refresh,40,1,guard_counter_wall40,pub_threat40_pressure,False,21,0
185,1,guard_counter_wall40,public_decision_frame+information_state,player_0_life_total_zero_or_less,pub_threat40_pressure,1,1,1.0,392115890,rev0099_expanded_matrix_refresh,40,0,pub_threat40_pressure,guard_counter_wall40,False,14,1
242,1,guard_counter_wall40,public_decision_frame+information_state,player_0_attempted_to_draw_from_empty_library,pub_threat40_pressure,1,1,1.0,1748588756,rev0099_expanded_matrix_refresh,40,1,pub_threat40_pressure,guard_counter_wall40,False,23,1
263,0,guard_counter_wall40,public_decision_frame+information_state,player_1_attempted_to_draw_from_empty_library,pub_threat40_pressure,0,2,1.0,569530339,rev0099_expanded_matrix_refresh,40,0,guard_counter_wall40,pub_threat40_pressure,False,22,0
153,0,guard_counter_wall40,public_decision_frame+information_state,player_1_attempted_to_draw_from_empty_library,pub_threat40_pressure,0,2,1.0,116944604,rev0099_expanded_matrix_refresh,40,1,guard_counter_wall40,pub_threat40_pressure,False,14,0
124,1,guard_counter_wall40,public_decision_frame+information_state,player_0_attempted_to_draw_from_empty_library,pub_threat40_pressure,1,2,1.0,336074101,rev0099_expanded_matrix_refresh,40,0,pub_threat40_pressure,guard_counter_wall40,False,12,1
126,1,guard_counter_wall40,public_decision_frame+information_state,player_1_attempted_to_draw_from_empty_library,pub_threat40_pressure,1,2,0.0,929103719,rev0099_expanded_matrix_refresh,40,1,pub_threat40_pressure,guard_counter_wall40,False,11,0
168,0,guard_counter_wall40,public_decision_frame+information_state,player_0_life_total_zero_or_less,pub_threat40_pressure,0,3,0.0,1825505707,rev0099_expanded_matrix_refresh,40,0,guard_counter_wall40,pub_threat40_pressure,False,15,1
220,0,guard_counter_wall40,public_decision_frame+information_state,player_0_attempted_to_draw_from_empty_library,pub_threat40_pressure,0,3,0.0,622990534,rev0099_expanded_matrix_refresh,40,1,guard_counter_wall40,pub_threat40_pressure,False,17,1
142,1,guard_counter_wall40,public_decision_frame+information_state,player_0_attempted_to_draw_from_empty_library,pub_threat40_pressure,1,3,1.0,23891179,rev0099_expanded_matrix_refresh,40,0,pub_threat40_pressure,guard_counter_wall40,False,13,1
122,1,guard_counter_wall40,public_decision_frame+information_state,player_0_attempted_to_draw_from_empty_library,pub_threat40_pressure,1,3,1.0,1117389865,rev0099_expanded_matrix_refresh,40,1,pub_threat40_pressure,guard_counter_wall40,False,13,1
144,0,guard_counter_wall40,public_decision_frame+information_state,player_0_life_total_zero_or_less,pub_threat40_pressure,0,4,0.0,121605733,rev0099_expanded_matrix_refresh,40,0,guard_counter_wall40,pub_threat40_pressure,False,12,1
172,0,guard_counter_wall40,public_decision_frame+information_state,player_1_attempted_to_draw_from_empty_library,pub_threat40_pressure,0,4,1.0,936505604,rev0099_expanded_matrix_refresh,40,1,guard_counter_wall40,pub_threat40_pressure,False,12,0
170,1,guard_counter_wall40,public_decision_frame+information_state,player_0_attempted_to_draw_from_empty_library,pub_threat40_pressure,1,4,1.0,1616305879,rev0099_expanded_matrix_refresh,40,0,pub_threat40_pressure,guard_counter_wall40,False,15,1
227,1,guard_counter_wall40,public_decision_frame+information_state,player_0_attempted_to_draw_from_empty_library,pub_threat40_pressure,1,4,1.0,233515417,rev0099_expanded_matrix_refresh,40,1,pub_threat40_pressure,guard_counter_wall40,False,23,1
163,0,guard_counter_wall40,public_decision_frame+information_state,player_1_attempted_to_draw_from_empty_library,pub_threat40_pressure,0,5,1.0,573329796,rev0099_expanded_matrix_refresh,40,0,guard_counter_wall40,pub_threat40_pressure,False,14,0
195,0,guard_counter_wall40,public_decision_frame+information_state,player_1_attempted_to_draw_from_empty_library,pub_threat40_pressure,0,5,1.0,596538668,rev0099_expanded_matrix_refresh,40,1,guard_counter_wall40,pub_threat40_pressure,False,15,0
200,1,guard_counter_wall40,public_decision_frame+information_state,player_0_attempted_to_draw_from_empty_library,pub_threat40_pressure,1,5,1.0,1428278737,rev0099_expanded_matrix_refresh,40,0,pub_threat40_pressure,guard_counter_wall40,False,19,1
149,1,guard_counter_wall40,public_decision_frame+information_state,player_1_attempted_to_draw_from_empty_library,pub_threat40_pressure,1,5,0.0,1224343194,rev0099_expanded_matrix_refresh,40,1,pub_threat40_pressure,guard_counter_wall40,False,12,0
260,0,guard_counter_wall40,public_decision_frame+information_state,player_0_attempted_to_draw_from_empty_library,pub_threat40_pressure,0,6,0.0,632271489,rev0099_expanded_matrix_refresh,40,0,guard_counter_wall40,pub_threat40_pressure,False,26,1
213,0,guard_counter_wall40,public_decision_frame+information_state,player_1_attempted_to_draw_from_empty_library,pub_threat40_pressure,0,6,1.0,336957137,rev0099_expanded_matrix_refresh,40,1,guard_counter_wall40,pub_threat40_pressure,False,21,0
293,1,guard_counter_wall40,public_decision_frame+information_state,player_1_attempted_to_draw_from_empty_library,pub_threat40_pressure,1,6,0.0,915449686,rev0099_expanded_matrix_refresh,40,0,pub_threat40_pressure,guard_counter_wall40,False,28,0
189,1,guard_counter_wall40,public_decision_frame+information_state,player_1_attempted_to_draw_from_empty_library,pub_threat40_pressure,1,6,0.0,771640972,rev0099_expanded_matrix_refresh,40,1,pub_threat40_pressure,guard_counter_wall40,False,14,0
121,0,guard_counter_wall40,public_decision_frame+information_state,player_0_life_total_zero_or_less,pub_threat40_pressure,0,7,0.0,93635218,rev0099_expanded_matrix_refresh,40,0,guard_counter_wall40,pub_threat40_pressure,False,10,1
245,0,guard_counter_wall40,public_decision_frame+information_state,player_1_attempted_to_draw_from_empty_library,pub_threat40_pressure,0,7,1.0,762675510,rev0099_expanded_matrix_refresh,40,1,guard_counter_wall40,pub_threat40_pressure,False,25,0
133,1,guard_counter_wall40,public_decision_frame+information_state,player_0_attempted_to_draw_from_empty_library,pub_threat40_pressure,1,7,1.0,1325668492,rev0099_expanded_matrix_refresh,40,0,pub_threat40_pressure,guard_counter_wall40,False,12,1
189,1,guard_counter_wall40,public_decision_frame+information_state,player_0_attempted_to_draw_from_empty_library,pub_threat40_pressure,1,7,1.0,1480149144,rev0099_expanded_matrix_refresh,40,1,pub_threat40_pressure,guard_counter_wall40,False,19,1
151,0,guard_counter_wall40,public_decision_frame+information_state,player_0_life_total_zero_or_less,pub_threat40_pressure,0,8,0.0,1380381677,rev0099_expanded_matrix_refresh,40,0,guard_counter_wall40,pub_threat40_pressure,False,14,1
134,0,guard_counter_wall40,public_decision_frame+information_state,player_1_attempted_to_draw_from_empty_library,pub_threat40_pressure,0,8,1.0,550158044,rev0099_expanded_matrix_refresh,40,1,guard_counter_wall40,pub_threat40_pressure,False,14,0
108,1,guard_counter_wall40,public_decision_frame+information_state,player_1_life_total_zero_or_less,pub_threat40_pressure,1,8,0.0,853192362,rev0099_expanded_matrix_refresh,40,0,pub_threat40_pressure,guard_counter_wall40,False,9,0
254,1,guard_counter_wall40,public_decision_frame+information_state,player_0_attempted_to_draw_from_empty_library,pub_threat40_pressure,1,8,1.0,93482297,rev0099_expanded_matrix_refresh,40,1,pub_threat40_pressure,guard_counter_wall40,False,25,1
128,0,guard_counter_wall40,public_decision_frame+information_state,player_0_attempted_to_draw_from_empty_library,pub_threat40_pressure,0,9,0.0,1376678823,rev0099_expanded_matrix_refresh,40,0,guard_counter_wall40,pub_threat40_pressure,False,11,1
193,0,guard_counter_wall40,public_decision_frame+information_state,player_1_attempted_to_draw_from_empty_library,pub_threat40_pressure,0,9,1.0,670336301,rev0099_expanded_matrix_refresh,40,1,guard_counter_wall40,pub_threat40_pressure,False,19,0
213,1,guard_counter_wall40,public_decision_frame+information_state,player_1_attempted_to_draw_from_empty_library,pub_threat40_pressure,1,9,0.0,210963628,rev0099_expanded_matrix_refresh,40,0,pub_threat40_pressure,guard_counter_wall40,False,22,0
167,1,guard_counter_wall40,public_decision_frame+information_state,player_1_attempted_to_draw_from_empty_library,pub_threat40_pressure,1,9,0.0,345849380,rev0099_expanded_matrix_refresh,40,1,pub_threat40_pressure,guard_counter_wall40,False,17,0
155,0,guard_counter_wall40,public_decision_frame+information_state,player_1_attempted_to_draw_from_empty_library,pub_threat40_surge,0,0,1.0,138948995,rev0099_expanded_matrix_refresh,20,0,guard_counter_wall40,pub_threat40_surge,False,14,0
194,0,guard_counter_wall40,public_decision_frame+information_state,player_0_life_total_zero_or_less,pub_threat40_surge,0,0,0.0,1849945747,rev0099_expanded_matrix_refresh,20,1,guard_counter_wall40,pub_threat40_surge,False,20,1
118,1,guard_counter_wall40,public_decision_frame+information_state,player_0_attempted_to_draw_from_empty_library,pub_threat40_surge,1,0,1.0,1152647462,rev0099_expanded_matrix_refresh,20,0,pub_threat40_surge,guard_counter_wall40,False,12,1
109,1,guard_counter_wall40,public_decision_frame+information_state,player_1_life_total_zero_or_less,pub_threat40_surge,1,0,0.0,703714119,rev0099_expanded_matrix_refresh,20,1,pub_threat40_surge,guard_counter_wall40,False,11,0
187,0,guard_counter_wall40,public_decision_frame+information_state,player_1_attempted_to_draw_from_empty_library,pub_threat40_surge,0,1,1.0,1816500913,rev0099_expanded_matrix_refresh,20,0,guard_counter_wall40,pub_threat40_surge,False,15,0
233,0,guard_counter_wall40,public_decision_frame+information_state,player_1_attempted_to_draw_from_empty_library,pub_threat40_surge,0,1,1.0,927339973,rev0099_expanded_matrix_refresh,20,1,guard_counter_wall40,pub_threat40_surge,False,18,0
232,1,guard_counter_wall40,public_decision_frame+information_state,player_0_attempted_to_draw_from_empty_library,pub_threat40_surge,1,1,1.0,1358541744,rev0099_expanded_matrix_refresh,20,0,pub_threat40_surge,guard_counter_wall40,False,19,1
158,1,guard_counter_wall40,public_decision_frame+information_state,player_0_attempted_to_draw_from_empty_library,pub_threat40_surge,1,1,1.0,1026469845,rev0099_expanded_matrix_refresh,20,1,pub_threat40_surge,guard_counter_wall40,False,17,1
193,0,guard_counter_wall40,public_decision_frame+information_state,player_1_attempted_to_draw_from_empty_library,pub_threat40_surge,0,2,1.0,863185176,rev0099_expanded_matrix_refresh,20,0,guard_counter_wall40,pub_threat40_surge,False,18,0
108,0,guard_counter_wall40,public_decision_frame+information_state,player_0_life_total_zero_or_less,pub_threat40_surge,0,2,0.0,900363825,rev0099_expanded_matrix_refresh,20,1,guard_counter_wall40,pub_threat40_surge,False,9,1
131,1,guard_counter_wall40,public_decision_frame+information_state,player_0_attempted_to_draw_from_empty_library,pub_threat40_surge,1,2,1.0,697270747,rev0099_expanded_matrix_refresh,20,0,pub_threat40_surge,guard_counter_wall40,False,12,1
156,1,guard_counter_wall40,public_decision_frame+information_state,player_0_attempted_to_draw_from_empty_library,pub_threat40_surge,1,2,1.0,1135942456,rev0099_expanded_matrix_refresh,20,1,pub_threat40_surge,guard_counter_wall40,False,17,1
126,0,guard_counter_wall40,public_decision_frame+information_state,player_1_attempted_to_draw_from_empty_library,pub_threat40_surge,0,3,1.0,1631261346,rev0099_expanded_matrix_refresh,20,0,guard_counter_wall40,pub_threat40_surge,False,11,0
105,0,guard_counter_wall40,public_decision_frame+information_state,player_0_life_total_zero_or_less,pub_threat40_surge,0,3,0.0,1308737521,rev0099_expanded_matrix_refresh,20,1,guard_counter_wall40,pub_threat40_surge,False,10,1
147,1,guard_counter_wall40,public_decision_frame+information_state,player_0_attempted_to_draw_from_empty_library,pub_threat40_surge,1,3,1.0,139736251,rev0099_expanded_matrix_refresh,20,0,pub_threat40_surge,guard_counter_wall40,False,14,1
183,1,guard_counter_wall40,public_decision_frame+information_state,player_0_attempted_to_draw_from_empty_library,pub_threat40_surge,1,3,1.0,188167577,rev0099_expanded_matrix_refresh,20,1,pub_threat40_surge,guard_counter_wall40,False,15,1
119,0,guard_counter_wall40,public_decision_frame+information_state,player_1_attempted_to_draw_from_empty_library,pub_threat40_surge,0,4,1.0,517410243,rev0099_expanded_matrix_refresh,20,0,guard_counter_wall40,pub_threat40_surge,False,11,0
128,0,guard_counter_wall40,public_decision_frame+information_state,player_1_attempted_to_draw_from_empty_library,pub_threat40_surge,0,4,1.0,105894343,rev0099_expanded_matrix_refresh,20,1,guard_counter_wall40,pub_threat40_surge,False,14,0
228,1,guard_counter_wall40,public_decision_frame+information_state,player_0_life_total_zero_or_less,pub_threat40_surge,1,4,1.0,647012197,rev0099_expanded_matrix_refresh,20,0,pub_threat40_surge,guard_counter_wall40,False,17,1
123,1,guard_counter_wall40,public_decision_frame+information_state,player_1_life_total_zero_or_less,pub_threat40_surge,1,4,0.0,319597170,rev0099_expanded_matrix_refresh,20,1,pub_threat40_surge,guard_counter_wall40,False,11,0
125,0,guard_counter_wall40,public_decision_frame+information_state,player_0_life_total_zero_or_less,pub_threat40_surge,0,5,0.0,800130808,rev0099_expanded_matrix_refresh,20,0,guard_counter_wall40,pub_threat40_surge,False,11,1
177,0,guard_counter_wall40,public_decision_frame+information_state,player_1_attempted_to_draw_from_empty_library,pub_threat40_surge,0,5,1.0,838055643,rev0099_expanded_matrix_refresh,20,1,guard_counter_wall40,pub_threat40_surge,False,15,0
114,1,guard_counter_wall40,public_decision_frame+information_state,player_1_attempted_to_draw_from_empty_library,pub_threat40_surge,1,5,0.0,1915718133,rev0099_expanded_matrix_refresh,20,0,pub_threat40_surge,guard_counter_wall40,False,10,0
90,1,guard_counter_wall40,public_decision_frame+information_state,player_1_life_total_zero_or_less,pub_threat40_surge,1,5,0.0,653584529,rev0099_expanded_matrix_refresh,20,1,pub_threat40_surge,guard_counter_wall40,False,9,0
173,0,guard_counter_wall40,public_decision_frame+information_state,player_1_attempted_to_draw_from_empty_library,pub_threat40_surge,0,6,1.0,563954101,rev0099_expanded_matrix_refresh,20,0,guard_counter_wall40,pub_threat40_surge,False,16,0
142,0,guard_counter_wall40,public_decision_frame+information_state,player_1_attempted_to_draw_from_empty_library,pub_threat40_surge,0,6,1.0,290680936,rev0099_expanded_matrix_refresh,20,1,guard_counter_wall40,pub_threat40_surge,False,13,0
173,1,guard_counter_wall40,public_decision_frame+information_state,player_0_attempted_to_draw_from_empty_library,pub_threat40_surge,1,6,1.0,1849582465,rev0099_expanded_matrix_refresh,20,0,pub_threat40_surge,guard_counter_wall40,False,15,1
118,1,guard_counter_wall40,public_decision_frame+information_state,player_1_life_total_zero_or_less,pub_threat40_surge,1,6,0.0,1261327128,rev0099_expanded_matrix_refresh,20,1,pub_threat40_surge,guard_counter_wall40,False,12,0
135,0,guard_counter_wall40,public_decision_frame+information_state,player_0_attempted_to_draw_from_empty_library,pub_threat40_surge,0,7,0.0,781804690,rev0099_expanded_matrix_refresh,20,0,guard_counter_wall40,pub_threat40_surge,False,13,1
149,0,guard_counter_wall40,public_decision_frame+information_state,player_1_attempted_to_draw_from_empty_library,pub_threat40_surge,0,7,1.0,1189067503,rev0099_expanded_matrix_refresh,20,1,guard_counter_wall40,pub_threat40_surge,False,14,0
112,1,guard_counter_wall40,public_decision_frame+information_state,player_1_life_total_zero_or_less,pub_threat40_surge,1,7,0.0,1863768063,rev0099_expanded_matrix_refresh,20,0,pub_threat40_surge,guard_counter_wall40,False,10,0
129,1,guard_counter_wall40,public_decision_frame+information_state,player_0_life_total_zero_or_less,pub_threat40_surge,1,7,1.0,930774450,rev0099_expanded_matrix_refresh,20,1,pub_threat40_surge,guard_counter_wall40,False,10,1
202,0,guard_counter_wall40,public_decision_frame+information_state,player_1_attempted_to_draw_from_empty_library,pub_threat40_surge,0,8,1.0,916317400,rev0099_expanded_matrix_refresh,20,0,guard_counter_wall40,pub_threat40_surge,False,20,0
150,0,guard_counter_wall40,public_decision_frame+information_state,player_1_attempted_to_draw_from_empty_library,pub_threat40_surge,0,8,1.0,1722190158,rev0099_expanded_matrix_refresh,20,1,guard_counter_wall40,pub_threat40_surge,False,14,0
94,1,guard_counter_wall40,public_decision_frame+information_state,player_1_life_total_zero_or_less,pub_threat40_surge,1,8,0.0,83719109,rev0099_expanded_matrix_refresh,20,0,pub_threat40_surge,guard_counter_wall40,False,10,0
153,1,guard_counter_wall40,public_decision_frame+information_state,player_0_attempted_to_draw_from_empty_library,pub_threat40_surge,1,8,1.0,1396605779,rev0099_expanded_matrix_refresh,20,1,pub_threat40_surge,guard_counter_wall40,False,13,1
132,0,guard_counter_wall40,public_decision_frame+information_state,player_0_life_total_zero_or_less,pub_threat40_surge,0,9,0.0,1210145587,rev0099_expanded_matrix_refresh,20,0,guard_counter_wall40,pub_threat40_surge,False,10,1
158,0,guard_counter_wall40,public_decision_frame+information_state,player_0_life_total_zero_or_less,pub_threat40_surge,0,9,0.0,116112458,rev0099_expanded_matrix_refresh,20,1,guard_counter_wall40,pub_threat40_surge,False,13,1
144,1,guard_counter_wall40,public_decision_frame+information_state,player_1_life_total_zero_or_less,pub_threat40_surge,1,9,0.0,768422811,rev0099_expanded_matrix_refresh,20,0,pub_threat40_surge,guard_counter_wall40,False,12,0
162,1,guard_counter_wall40,public_decision_frame+information_state,player_0_attempted_to_draw_from_empty_library,pub_threat40_surge,1,9,1.0,639907919,rev0099_expanded_matrix_refresh,20,1,pub_threat40_surge,guard_counter_wall40,False,16,1
192,0,guard_counter_wall40,public_decision_frame+information_state,player_1_attempted_to_draw_from_empty_library,pub_threat40_surge,0,0,1.0,562172032,rev0099_expanded_matrix_refresh,40,0,guard_counter_wall40,pub_threat40_surge,False,18,0
150,0,guard_counter_wall40,public_decision_frame+information_state,player_0_life_total_zero_or_less,pub_threat40_surge,0,0,0.0,721142136,rev0099_expanded_matrix_refresh,40,1,guard_counter_wall40,pub_threat40_surge,False,13,1
124,1,guard_counter_wall40,public_decision_frame+information_state,player_0_attempted_to_draw_from_empty_library,pub_threat40_surge,1,0,1.0,1613659695,rev0099_expanded_matrix_refresh,40,0,pub_threat40_surge,guard_counter_wall40,False,12,1
168,1,guard_counter_wall40,public_decision_frame+information_state,player_0_life_total_zero_or_less,pub_threat40_surge,1,0,1.0,1989020311,rev0099_expanded_matrix_refresh,40,1,pub_threat40_surge,guard_counter_wall40,False,14,1
137,0,guard_counter_wall40,public_decision_frame+information_state,player_1_attempted_to_draw_from_empty_library,pub_threat40_surge,0,1,1.0,616366946,rev0099_expanded_matrix_refresh,40,0,guard_counter_wall40,pub_threat40_surge,False,13,0
197,0,guard_counter_wall40,public_decision_frame+information_state,player_0_attempted_to_draw_from_empty_library,pub_threat40_surge,0,1,0.0,1609707948,rev0099_expanded_matrix_refresh,40,1,guard_counter_wall40,pub_threat40_surge,False,21,1
143,1,guard_counter_wall40,public_decision_frame+information_state,player_0_attempted_to_draw_from_empty_library,pub_threat40_surge,1,1,1.0,634709777,rev0099_expanded_matrix_refresh,40,0,pub_threat40_surge,guard_counter_wall40,False,13,1
206,1,guard_counter_wall40,public_decision_frame+information_state,player_0_attempted_to_draw_from_empty_library,pub_threat40_surge,1,1,1.0,650262022,rev0099_expanded_matrix_refresh,40,1,pub_threat40_surge,guard_counter_wall40,False,21,1
120,0,guard_counter_wall40,public_decision_frame+information_state,player_0_life_total_zero_or_less,pub_threat40_surge,0,2,0.0,1090119729,rev0099_expanded_matrix_refresh,40,0,guard_counter_wall40,pub_threat40_surge,False,10,1
167,0,guard_counter_wall40,public_decision_frame+information_state,player_1_attempted_to_draw_from_empty_library,pub_threat40_surge,0,2,1.0,1758280044,rev0099_expanded_matrix_refresh,40,1,guard_counter_wall40,pub_threat40_surge,False,15,0
172,1,guard_counter_wall40,public_decision_frame+information_state,player_1_attempted_to_draw_from_empty_library,pub_threat40_surge,1,2,0.0,1927389544,rev0099_expanded_matrix_refresh,40,0,pub_threat40_surge,guard_counter_wall40,False,15,0
134,1,guard_counter_wall40,public_decision_frame+information_state,player_1_life_total_zero_or_less,pub_threat40_surge,1,2,0.0,660474309,rev0099_expanded_matrix_refresh,40,1,pub_threat40_surge,guard_counter_wall40,False,13,0
147,0,guard_counter_wall40,public_decision_frame+information_state,player_1_attempted_to_draw_from_empty_library,pub_threat40_surge,0,3,1.0,440694009,rev0099_expanded_matrix_refresh,40,0,guard_counter_wall40,pub_threat40_surge,False,14,0
134,0,guard_counter_wall40,public_decision_frame+information_state,player_0_attempted_to_draw_from_empty_library,pub_threat40_surge,0,3,0.0,46450495,rev0099_expanded_matrix_refresh,40,1,guard_counter_wall40,pub_threat40_surge,False,13,1
176,1,guard_counter_wall40,public_decision_frame+information_state,player_0_attempted_to_draw_from_empty_library,pub_threat40_surge,1,3,1.0,181636911,rev0099_expanded_matrix_refresh,40,0,pub_threat40_surge,guard_counter_wall40,False,17,1
205,1,guard_counter_wall40,public_decision_frame+information_state,player_0_attempted_to_draw_from_empty_library,pub_threat40_surge,1,3,1.0,182378211,rev0099_expanded_matrix_refresh,40,1,pub_threat40_surge,guard_counter_wall40,False,17,1
173,0,guard_counter_wall40,public_decision_frame+information_state,player_1_attempted_to_draw_from_empty_library,pub_threat40_surge,0,4,1.0,1054346535,rev0099_expanded_matrix_refresh,40,0,guard_counter_wall40,pub_threat40_surge,False,16,0
242,0,guard_counter_wall40,public_decision_frame+information_state,player_1_attempted_to_draw_from_empty_library,pub_threat40_surge,0,4,1.0,284777572,rev0099_expanded_matrix_refresh,40,1,guard_counter_wall40,pub_threat40_surge,False,21,0
143,1,guard_counter_wall40,public_decision_frame+information_state,player_0_attempted_to_draw_from_empty_library,pub_threat40_surge,1,4,1.0,293283647,rev0099_expanded_matrix_refresh,40,0,pub_threat40_surge,guard_counter_wall40,False,15,1
148,1,guard_counter_wall40,public_decision_frame+information_state,player_0_attempted_to_draw_from_empty_library,pub_threat40_surge,1,4,1.0,1414382920,rev0099_expanded_matrix_refresh,40,1,pub_threat40_surge,guard_counter_wall40,False,16,1
131,0,guard_counter_wall40,public_decision_frame+information_state,player_0_life_total_zero_or_less,pub_threat40_surge,0,5,0.0,1207696187,rev0099_expanded_matrix_refresh,40,0,guard_counter_wall40,pub_threat40_surge,False,11,1
162,0,guard_counter_wall40,public_decision_frame+information_state,player_1_attempted_to_draw_from_empty_library,pub_threat40_surge,0,5,1.0,1459242365,rev0099_expanded_matrix_refresh,40,1,guard_counter_wall40,pub_threat40_surge,False,15,0
180,1,guard_counter_wall40,public_decision_frame+information_state,player_0_attempted_to_draw_from_empty_library,pub_threat40_surge,1,5,1.0,497525999,rev0099_expanded_matrix_refresh,40,0,pub_threat40_surge,guard_counter_wall40,False,15,1
142,1,guard_counter_wall40,public_decision_frame+information_state,player_1_attempted_to_draw_from_empty_library,pub_threat40_surge,1,5,0.0,1668978576,rev0099_expanded_matrix_refresh,40,1,pub_threat40_surge,guard_counter_wall40,False,13,0
211,0,guard_counter_wall40,public_decision_frame+information_state,player_1_attempted_to_draw_from_empty_library,pub_threat40_surge,0,6,1.0,4277919,rev0099_expanded_matrix_refresh,40,0,guard_counter_wall40,pub_threat40_surge,False,18,0
141,0,guard_counter_wall40,public_decision_frame+information_state,player_0_attempted_to_draw_from_empty_library,pub_threat40_surge,0,6,0.0,399997463,rev0099_expanded_matrix_refresh,40,1,guard_counter_wall40,pub_threat40_surge,False,14,1
110,1,guard_counter_wall40,public_decision_frame+information_state,player_1_life_total_zero_or_less,pub_threat40_surge,1,6,0.0,158722299,rev0099_expanded_matrix_refresh,40,0,pub_threat40_surge,guard_counter_wall40,False,10,0
150,1,guard_counter_wall40,public_decision_frame+information_state,player_1_attempted_to_draw_from_empty_library,pub_threat40_surge,1,6,0.0,291783928,rev0099_expanded_matrix_refresh,40,1,pub_threat40_surge,guard_counter_wall40,False,14,0
202,0,guard_counter_wall40,public_decision_frame+information_state,player_1_attempted_to_draw_from_empty_library,pub_threat40_surge,0,7,1.0,1861681211,rev0099_expanded_matrix_refresh,40,0,guard_counter_wall40,pub_threat40_surge,False,19,0
129,0,guard_counter_wall40,public_decision_frame+information_state,player_1_attempted_to_draw_from_empty_library,pub_threat40_surge,0,7,1.0,737762745,rev0099_expanded_matrix_refresh,40,1,guard_counter_wall40,pub_threat40_surge,False,13,0
107,1,guard_counter_wall40,public_decision_frame+information_state,player_0_attempted_to_draw_from_empty_library,pub_threat40_surge,1,7,1.0,472681190,rev0099_expanded_matrix_refresh,40,0,pub_threat40_surge,guard_counter_wall40,False,11,1
215,1,guard_counter_wall40,public_decision_frame+information_state,player_1_attempted_to_draw_from_empty_library,pub_threat40_surge,1,7,0.0,1713240020,rev0099_expanded_matrix_refresh,40,1,pub_threat40_surge,guard_counter_wall40,False,19,0
153,0,guard_counter_wall40,public_decision_frame+information_state,player_1_attempted_to_draw_from_empty_library,pub_threat40_surge,0,8,1.0,674151270,rev0099_expanded_matrix_refresh,40,0,guard_counter_wall40,pub_threat40_surge,False,13,0
135,0,guard_counter_wall40,public_decision_frame+information_state,player_1_attempted_to_draw_from_empty_library,pub_threat40_surge,0,8,1.0,1094404781,rev0099_expanded_matrix_refresh,40,1,guard_counter_wall40,pub_threat40_surge,False,13,0
213,1,guard_counter_wall40,public_decision_frame+information_state,player_0_attempted_to_draw_from_empty_library,pub_threat40_surge,1,8,1.0,1452680604,rev0099_expanded_matrix_refresh,40,0,pub_threat40_surge,guard_counter_wall40,False,17,1
221,1,guard_counter_wall40,public_decision_frame+information_state,player_0_attempted_to_draw_from_empty_library,pub_threat40_surge,1,8,1.0,608204540,rev0099_expanded_matrix_refresh,40,1,pub_threat40_surge,guard_counter_wall40,False,17,1
111,0,guard_counter_wall40,public_decision_frame+information_state,player_0_life_total_zero_or_less,pub_threat40_surge,0,9,0.0,204038575,rev0099_expanded_matrix_refresh,40,0,guard_counter_wall40,pub_threat40_surge,False,9,1
137,0,guard_counter_wall40,public_decision_frame+information_state,player_0_life_total_zero_or_less,pub_threat40_surge,0,9,0.0,411400064,rev0099_expanded_matrix_refresh,40,1,guard_counter_wall40,pub_threat40_surge,False,13,1
115,1,guard_counter_wall40,public_decision_frame+information_state,player_0_attempted_to_draw_from_empty_library,pub_threat40_surge,1,9,1.0,106872238,rev0099_expanded_matrix_refresh,40,0,pub_threat40_surge,guard_counter_wall40,False,11,1
218,1,guard_counter_wall40,public_decision_frame+information_state,player_0_attempted_to_draw_from_empty_library,pub_threat40_surge,1,9,1.0,1937395635,rev0099_expanded_matrix_refresh,40,1,pub_threat40_surge,guard_counter_wall40,False,17,1
118,0,guard_counter_wall40,public_decision_frame+information_state,player_0_life_total_zero_or_less,pub_threat60_closure,0,0,0.0,1721207290,rev0099_expanded_matrix_refresh,20,0,guard_counter_wall40,pub_threat60_closure,False,10,1
215,0,guard_counter_wall40,public_decision_frame+information_state,player_1_attempted_to_draw_from_empty_library,pub_threat60_closure,0,0,1.0,845692086,rev0099_expanded_matrix_refresh,20,1,guard_counter_wall40,pub_threat60_closure,False,17,0
115,1,guard_counter_wall40,public_decision_frame+information_state,player_1_life_total_zero_or_less,pub_threat60_closure,1,0,0.0,773953818,rev0099_expanded_matrix_refresh,20,0,pub_threat60_closure,guard_counter_wall40,False,9,0
103,1,guard_counter_wall40,public_decision_frame+information_state,player_1_life_total_zero_or_less,pub_threat60_closure,1,0,0.0,997724292,rev0099_expanded_matrix_refresh,20,1,pub_threat60_closure,guard_counter_wall40,False,10,0
154,0,guard_counter_wall40,public_decision_frame+information_state,player_1_life_total_zero_or_less,pub_threat60_closure,0,1,1.0,1052528936,rev0099_expanded_matrix_refresh,20,0,guard_counter_wall40,pub_threat60_closure,False,14,0
79,0,guard_counter_wall40,public_decision_frame+information_state,player_0_life_total_zero_or_less,pub_threat60_closure,0,1,0.0,76245956,rev0099_expanded_matrix_refresh,20,1,guard_counter_wall40,pub_threat60_closure,False,8,1
156,1,guard_counter_wall40,public_decision_frame+information_state,player_0_attempted_to_draw_from_empty_library,pub_threat60_closure,1,1,1.0,1837161574,rev0099_expanded_matrix_refresh,20,0,pub_threat60_closure,guard_counter_wall40,False,13,1
143,1,guard_counter_wall40,public_decision_frame+information_state,player_1_life_total_zero_or_less,pub_threat60_closure,1,1,0.0,540069309,rev0099_expanded_matrix_refresh,20,1,pub_threat60_closure,guard_counter_wall40,False,11,0
137,0,guard_counter_wall40,public_decision_frame+information_state,player_0_life_total_zero_or_less,pub_threat60_closure,0,2,0.0,1962805688,rev0099_expanded_matrix_refresh,20,0,guard_counter_wall40,pub_threat60_closure,False,13,1
204,0,guard_counter_wall40,public_decision_frame+information_state,player_1_attempted_to_draw_from_empty_library,pub_threat60_closure,0,2,1.0,1782719118,rev0099_expanded_matrix_refresh,20,1,guard_counter_wall40,pub_threat60_closure,False,19,0
168,1,guard_counter_wall40,public_decision_frame+information_state,player_1_life_total_zero_or_less,pub_threat60_closure,1,2,0.0,119536810,rev0099_expanded_matrix_refresh,20,0,pub_threat60_closure,guard_counter_wall40,False,12,0
167,1,guard_counter_wall40,public_decision_frame+information_state,player_1_life_total_zero_or_less,pub_threat60_closure,1,2,0.0,1667554372,rev0099_expanded_matrix_refresh,20,1,pub_threat60_closure,guard_counter_wall40,False,13,0
219,0,guard_counter_wall40,public_decision_frame+information_state,player_0_life_total_zero_or_less,pub_threat60_closure,0,3,0.0,1416280669,rev0099_expanded_matrix_refresh,20,0,guard_counter_wall40,pub_threat60_closure,False,21,1
219,0,guard_counter_wall40,public_decision_frame+information_state,player_0_life_total_zero_or_less,pub_threat60_closure,0,3,0.0,1768729686,rev0099_expanded_matrix_refresh,20,1,guard_counter_wall40,pub_threat60_closure,False,16,1
146,1,guard_counter_wall40,public_decision_frame+information_state,player_1_life_total_zero_or_less,pub_threat60_closure,1,3,0.0,911853892,rev0099_expanded_matrix_refresh,20,0,pub_threat60_closure,guard_counter_wall40,False,14,0
248,1,guard_counter_wall40,public_decision_frame+information_state,player_1_life_total_zero_or_less,pub_threat60_closure,1,3,0.0,612370960,rev0099_expanded_matrix_refresh,20,1,pub_threat60_closure,guard_counter_wall40,False,24,0
92,0,guard_counter_wall40,public_decision_frame+information_state,player_0_life_total_zero_or_less,pub_threat60_closure,0,4,0.0,1865188978,rev0099_expanded_matrix_refresh,20,0,guard_counter_wall40,pub_threat60_closure,False,8,1
153,0,guard_counter_wall40,public_decision_frame+information_state,player_0_life_total_zero_or_less,pub_threat60_closure,0,4,0.0,775217336,rev0099_expanded_matrix_refresh,20,1,guard_counter_wall40,pub_threat60_closure,False,12,1
219,1,guard_counter_wall40,public_decision_frame+information_state,player_0_life_total_zero_or_less,pub_threat60_closure,1,4,1.0,1372751631,rev0099_expanded_matrix_refresh,20,0,pub_threat60_closure,guard_counter_wall40,False,20,1
157,1,guard_counter_wall40,public_decision_frame+information_state,player_1_attempted_to_draw_from_empty_library,pub_threat60_closure,1,4,0.0,1353870352,rev0099_expanded_matrix_refresh,20,1,pub_threat60_closure,guard_counter_wall40,False,15,0
113,0,guard_counter_wall40,public_decision_frame+information_state,player_0_life_total_zero_or_less,pub_threat60_closure,0,5,0.0,1990859648,rev0099_expanded_matrix_refresh,20,0,guard_counter_wall40,pub_threat60_closure,False,9,1
194,0,guard_counter_wall40,public_decision_frame+information_state,player_0_life_total_zero_or_less,pub_threat60_closure,0,5,0.0,1905216524,rev0099_expanded_matrix_refresh,20,1,guard_counter_wall40,pub_threat60_closure,False,18,1
192,1,guard_counter_wall40,public_decision_frame+information_state,player_0_attempted_to_draw_from_empty_library,pub_threat60_closure,1,5,1.0,1419164804,rev0099_expanded_matrix_refresh,20,0,pub_threat60_closure,guard_counter_wall40,False,20,1
102,1,guard_counter_wall40,public_decision_frame+information_state,player_1_life_total_zero_or_less,pub_threat60_closure,1,5,0.0,1357007779,rev0099_expanded_matrix_refresh,20,1,pub_threat60_closure,guard_counter_wall40,False,11,0
176,0,guard_counter_wall40,public_decision_frame+information_state,player_0_life_total_zero_or_less,pub_threat60_closure,0,6,0.0,1737586854,rev0099_expanded_matrix_refresh,20,0,guard_counter_wall40,pub_threat60_closure,False,16,1
142,0,guard_counter_wall40,public_decision_frame+information_state,player_1_life_total_zero_or_less,pub_threat60_closure,0,6,1.0,1126641901,rev0099_expanded_matrix_refresh,20,1,guard_counter_wall40,pub_threat60_closure,False,11,0
212,1,guard_counter_wall40,public_decision_frame+information_state,player_0_attempted_to_draw_from_empty_library,pub_threat60_closure,1,6,1.0,1329747782,rev0099_expanded_matrix_refresh,20,0,pub_threat60_closure,guard_counter_wall40,False,20,1
124,1,guard_counter_wall40,public_decision_frame+information_state,player_0_attempted_to_draw_from_empty_library,pub_threat60_closure,1,6,1.0,1548005621,rev0099_expanded_matrix_refresh,20,1,pub_threat60_closure,guard_counter_wall40,False,13,1
148,0,guard_counter_wall40,public_decision_frame+information_state,player_0_life_total_zero_or_less,pub_threat60_closure,0,7,0.0,1531693202,rev0099_expanded_matrix_refresh,20,0,guard_counter_wall40,pub_threat60_closure,False,13,1
149,0,guard_counter_wall40,public_decision_frame+information_state,player_0_life_total_zero_or_less,pub_threat60_closure,0,7,0.0,1903703183,rev0099_expanded_matrix_refresh,20,1,guard_counter_wall40,pub_threat60_closure,False,13,1
125,1,guard_counter_wall40,public_decision_frame+information_state,player_0_attempted_to_draw_from_empty_library,pub_threat60_closure,1,7,1.0,688708398,rev0099_expanded_matrix_refresh,20,0,pub_threat60_closure,guard_counter_wall40,False,13,1
236,1,guard_counter_wall40,public_decision_frame+information_state,player_1_life_total_zero_or_less,pub_threat60_closure,1,7,0.0,840106992,rev0099_expanded_matrix_refresh,20,1,pub_threat60_closure,guard_counter_wall40,False,20,0
207,0,guard_counter_wall40,public_decision_frame+information_state,player_0_life_total_zero_or_less,pub_threat60_closure,0,8,0.0,1789849204,rev0099_expanded_matrix_refresh,20,0,guard_counter_wall40,pub_threat60_closure,False,15,1
232,0,guard_counter_wall40,public_decision_frame+information_state,player_1_attempted_to_draw_from_empty_library,pub_threat60_closure,0,8,1.0,1951651032,rev0099_expanded_matrix_refresh,20,1,guard_counter_wall40,pub_threat60_closure,False,24,0
111,1,guard_counter_wall40,public_decision_frame+information_state,player_1_life_total_zero_or_less,pub_threat60_closure,1,8,0.0,557394774,rev0099_expanded_matrix_refresh,20,0,pub_threat60_closure,guard_counter_wall40,False,10,0
185,1,guard_counter_wall40,public_decision_frame+information_state,player_1_attempted_to_draw_from_empty_library,pub_threat60_closure,1,8,0.0,250237352,rev0099_expanded_matrix_refresh,20,1,pub_threat60_closure,guard_counter_wall40,False,17,0
217,0,guard_counter_wall40,public_decision_frame+information_state,player_1_life_total_zero_or_less,pub_threat60_closure,0,9,1.0,440172751,rev0099_expanded_matrix_refresh,20,0,guard_counter_wall40,pub_threat60_closure,False,20,0
115,0,guard_counter_wall40,public_decision_frame+information_state,player_0_life_total_zero_or_less,pub_threat60_closure,0,9,0.0,623399222,rev0099_expanded_matrix_refresh,20,1,guard_counter_wall40,pub_threat60_closure,False,10,1
144,1,guard_counter_wall40,public_decision_frame+information_state,player_1_life_total_zero_or_less,pub_threat60_closure,1,9,0.0,1511082110,rev0099_expanded_matrix_refresh,20,0,pub_threat60_closure,guard_counter_wall40,False,14,0
184,1,guard_counter_wall40,public_decision_frame+information_state,player_1_life_total_zero_or_less,pub_threat60_closure,1,9,0.0,24571815,rev0099_expanded_matrix_refresh,20,1,pub_threat60_closure,guard_counter_wall40,False,17,0
143,0,guard_counter_wall40,public_decision_frame+information_state,player_1_attempted_to_draw_from_empty_library,pub_threat60_closure,0,0,1.0,1567859955,rev0099_expanded_matrix_refresh,40,0,guard_counter_wall40,pub_threat60_closure,False,10,0
182,0,guard_counter_wall40,public_decision_frame+information_state,player_1_attempted_to_draw_from_empty_library,pub_threat60_closure,0,0,1.0,1219934705,rev0099_expanded_matrix_refresh,40,1,guard_counter_wall40,pub_threat60_closure,False,17,0
152,1,guard_counter_wall40,public_decision_frame+information_state,player_1_life_total_zero_or_less,pub_threat60_closure,1,0,0.0,134903816,rev0099_expanded_matrix_refresh,40,0,pub_threat60_closure,guard_counter_wall40,False,13,0
115,1,guard_counter_wall40,public_decision_frame+information_state,player_0_attempted_to_draw_from_empty_library,pub_threat60_closure,1,0,1.0,158537089,rev0099_expanded_matrix_refresh,40,1,pub_threat60_closure,guard_counter_wall40,False,13,1
153,0,guard_counter_wall40,public_decision_frame+information_state,player_0_life_total_zero_or_less,pub_threat60_closure,0,1,0.0,972790319,rev0099_expanded_matrix_refresh,40,0,guard_counter_wall40,pub_threat60_closure,False,12,1
191,0,guard_counter_wall40,public_decision_frame+information_state,player_0_life_total_zero_or_less,pub_threat60_closure,0,1,0.0,419849615,rev0099_expanded_matrix_refresh,40,1,guard_counter_wall40,pub_threat60_closure,False,13,1
234,1,guard_counter_wall40,public_decision_frame+information_state,player_1_life_total_zero_or_less,pub_threat60_closure,1,1,0.0,1163219656,rev0099_expanded_matrix_refresh,40,0,pub_threat60_closure,guard_counter_wall40,False,20,0
301,1,guard_counter_wall40,public_decision_frame+information_state,player_0_attempted_to_draw_from_empty_library,pub_threat60_closure,1,1,1.0,724648304,rev0099_expanded_matrix_refresh,40,1,pub_threat60_closure,guard_counter_wall40,False,21,1
238,0,guard_counter_wall40,public_decision_frame+information_state,player_1_attempted_to_draw_from_empty_library,pub_threat60_closure,0,2,1.0,1854362785,rev0099_expanded_matrix_refresh,40,0,guard_counter_wall40,pub_threat60_closure,False,21,0
186,0,guard_counter_wall40,public_decision_frame+information_state,player_0_life_total_zero_or_less,pub_threat60_closure,0,2,0.0,146370306,rev0099_expanded_matrix_refresh,40,1,guard_counter_wall40,pub_threat60_closure,False,14,1
213,1,guard_counter_wall40,public_decision_frame+information_state,player_0_attempted_to_draw_from_empty_library,pub_threat60_closure,1,2,1.0,460013547,rev0099_expanded_matrix_refresh,40,0,pub_threat60_closure,guard_counter_wall40,False,19,1
210,1,guard_counter_wall40,public_decision_frame+information_state,player_1_life_total_zero_or_less,pub_threat60_closure,1,2,0.0,554066280,rev0099_expanded_matrix_refresh,40,1,pub_threat60_closure,guard_counter_wall40,False,20,0
130,0,guard_counter_wall40,public_decision_frame+information_state,player_1_attempted_to_draw_from_empty_library,pub_threat60_closure,0,3,1.0,1961339582,rev0099_expanded_matrix_refresh,40,0,guard_counter_wall40,pub_threat60_closure,False,11,0
155,0,guard_counter_wall40,public_decision_frame+information_state,player_0_life_total_zero_or_less,pub_threat60_closure,0,3,0.0,1150231844,rev0099_expanded_matrix_refresh,40,1,guard_counter_wall40,pub_threat60_closure,False,12,1
135,1,guard_counter_wall40,public_decision_frame+information_state,player_1_life_total_zero_or_less,pub_threat60_closure,1,3,0.0,777973431,rev0099_expanded_matrix_refresh,40,0,pub_threat60_closure,guard_counter_wall40,False,12,0
157,1,guard_counter_wall40,public_decision_frame+information_state,player_1_life_total_zero_or_less,pub_threat60_closure,1,3,0.0,650311942,rev0099_expanded_matrix_refresh,40,1,pub_threat60_closure,guard_counter_wall40,False,12,0
129,0,guard_counter_wall40,public_decision_frame+information_state,player_0_life_total_zero_or_less,pub_threat60_closure,0,4,0.0,1931850195,rev0099_expanded_matrix_refresh,40,0,guard_counter_wall40,pub_threat60_closure,False,11,1
139,0,guard_counter_wall40,public_decision_frame+information_state,player_0_attempted_to_draw_from_empty_library,pub_threat60_closure,0,4,0.0,1552722881,rev0099_expanded_matrix_refresh,40,1,guard_counter_wall40,pub_threat60_closure,False,12,1
149,1,guard_counter_wall40,public_decision_frame+information_state,player_0_attempted_to_draw_from_empty_library,pub_threat60_closure,1,4,1.0,1828614814,rev0099_expanded_matrix_refresh,40,0,pub_threat60_closure,guard_counter_wall40,False,15,1
258,1,guard_counter_wall40,public_decision_frame+information_state,player_1_life_total_zero_or_less,pub_threat60_closure,1,4,0.0,681396846,rev0099_expanded_matrix_refresh,40,1,pub_threat60_closure,guard_counter_wall40,False,25,0
174,0,guard_counter_wall40,public_decision_frame+information_state,player_1_attempted_to_draw_from_empty_library,pub_threat60_closure,0,5,1.0,1385621928,rev0099_expanded_matrix_refresh,40,0,guard_counter_wall40,pub_threat60_closure,False,14,0
148,0,guard_counter_wall40,public_decision_frame+information_state,player_0_life_total_zero_or_less,pub_threat60_closure,0,5,0.0,1749203276,rev0099_expanded_matrix_refresh,40,1,guard_counter_wall40,pub_threat60_closure,False,13,1
210,1,guard_counter_wall40,public_decision_frame+information_state,player_0_attempted_to_draw_from_empty_library,pub_threat60_closure,1,5,1.0,448512160,rev0099_expanded_matrix_refresh,40,0,pub_threat60_closure,guard_counter_wall40,False,22,1
176,1,guard_counter_wall40,public_decision_frame+information_state,player_1_life_total_zero_or_less,pub_threat60_closure,1,5,0.0,1975616229,rev0099_expanded_matrix_refresh,40,1,pub_threat60_closure,guard_counter_wall40,False,14,0
165,0,guard_counter_wall40,public_decision_frame+information_state,player_0_life_total_zero_or_less,pub_threat60_closure,0,6,0.0,848416677,rev0099_expanded_matrix_refresh,40,0,guard_counter_wall40,pub_threat60_closure,False,12,1
231,0,guard_counter_wall40,public_decision_frame+information_state,player_0_life_total_zero_or_less,pub_threat60_closure,0,6,0.0,1071164451,rev0099_expanded_matrix_refresh,40,1,guard_counter_wall40,pub_threat60_closure,False,16,1
249,1,guard_counter_wall40,public_decision_frame+information_state,player_1_attempted_to_draw_from_empty_library,pub_threat60_closure,1,6,0.0,1079347667,rev0099_expanded_matrix_refresh,40,0,pub_threat60_closure,guard_counter_wall40,False,24,0
147,1,guard_counter_wall40,public_decision_frame+information_state,player_1_life_total_zero_or_less,pub_threat60_closure,1,6,0.0,1291738478,rev0099_expanded_matrix_refresh,40,1,pub_threat60_closure,guard_counter_wall40,False,13,0
363,0,guard_counter_wall40,public_decision_frame+information_state,player_1_attempted_to_draw_from_empty_library,pub_threat60_closure,0,7,1.0,310418031,rev0099_expanded_matrix_refresh,40,0,guard_counter_wall40,pub_threat60_closure,False,30,0
295,0,guard_counter_wall40,public_decision_frame+information_state,player_0_attempted_to_draw_from_empty_library,pub_threat60_closure,0,7,0.0,323189840,rev0099_expanded_matrix_refresh,40,1,guard_counter_wall40,pub_threat60_closure,False,31,1
126,1,guard_counter_wall40,public_decision_frame+information_state,player_1_life_total_zero_or_less,pub_threat60_closure,1,7,0.0,1914477607,rev0099_expanded_matrix_refresh,40,0,pub_threat60_closure,guard_counter_wall40,False,10,0
124,1,guard_counter_wall40,public_decision_frame+information_state,player_1_life_total_zero_or_less,pub_threat60_closure,1,7,0.0,1724683389,rev0099_expanded_matrix_refresh,40,1,pub_threat60_closure,guard_counter_wall40,False,11,0
115,0,guard_counter_wall40,public_decision_frame+information_state,player_0_life_total_zero_or_less,pub_threat60_closure,0,8,0.0,1978910871,rev0099_expanded_matrix_refresh,40,0,guard_counter_wall40,pub_threat60_closure,False,9,1
173,0,guard_counter_wall40,public_decision_frame+information_state,player_1_attempted_to_draw_from_empty_library,pub_threat60_closure,0,8,1.0,254364592,rev0099_expanded_matrix_refresh,40,1,guard_counter_wall40,pub_threat60_closure,False,16,0
131,1,guard_counter_wall40,public_decision_frame+information_state,player_1_life_total_zero_or_less,pub_threat60_closure,1,8,0.0,1290525601,rev0099_expanded_matrix_refresh,40,0,pub_threat60_closure,guard_counter_wall40,False,11,0
160,1,guard_counter_wall40,public_decision_frame+information_state,player_1_attempted_to_draw_from_empty_library,pub_threat60_closure,1,8,0.0,124902557,rev0099_expanded_matrix_refresh,40,1,pub_threat60_closure,guard_counter_wall40,False,12,0
120,0,guard_counter_wall40,public_decision_frame+information_state,player_0_life_total_zero_or_less,pub_threat60_closure,0,9,0.0,403398923,rev0099_expanded_matrix_refresh,40,0,guard_counter_wall40,pub_threat60_closure,False,9,1
167,0,guard_counter_wall40,public_decision_frame+information_state,player_1_life_total_zero_or_less,pub_threat60_closure,0,9,1.0,1079000759,rev0099_expanded_matrix_refresh,40,1,guard_counter_wall40,pub_threat60_closure,False,15,0
285,1,guard_counter_wall40,public_decision_frame+information_state,player_0_attempted_to_draw_from_empty_library,pub_threat60_closure,1,9,1.0,743932229,rev0099_expanded_matrix_refresh,40,0,pub_threat60_closure,guard_counter_wall40,False,23,1
190,1,guard_counter_wall40,public_decision_frame+information_state,player_1_life_total_zero_or_less,pub_threat60_closure,1,9,0.0,395257208,rev0099_expanded_matrix_refresh,40,1,pub_threat60_closure,guard_counter_wall40,False,18,0
209,0,guard_counter_wall40,public_decision_frame+information_state,player_0_life_total_zero_or_less,pub_threat60_pressure,0,0,0.0,417741403,rev0099_expanded_matrix_refresh,20,0,guard_counter_wall40,pub_threat60_pressure,False,14,1
185,0,guard_counter_wall40,public_decision_frame+information_state,player_0_life_total_zero_or_less,pub_threat60_pressure,0,0,0.0,268612300,rev0099_expanded_matrix_refresh,20,1,guard_counter_wall40,pub_threat60_pressure,False,17,1
335,1,guard_counter_wall40,public_decision_frame+information_state,player_1_attempted_to_draw_from_empty_library,pub_threat60_pressure,1,0,0.0,1842952683,rev0099_expanded_matrix_refresh,20,0,pub_threat60_pressure,guard_counter_wall40,False,32,0
100,1,guard_counter_wall40,public_decision_frame+information_state,player_1_life_total_zero_or_less,pub_threat60_pressure,1,0,0.0,954089299,rev0099_expanded_matrix_refresh,20,1,pub_threat60_pressure,guard_counter_wall40,False,9,0
242,0,guard_counter_wall40,public_decision_frame+information_state,player_1_attempted_to_draw_from_empty_library,pub_threat60_pressure,0,1,1.0,558488017,rev0099_expanded_matrix_refresh,20,0,guard_counter_wall40,pub_threat60_pressure,False,22,0
205,0,guard_counter_wall40,public_decision_frame+information_state,player_0_life_total_zero_or_less,pub_threat60_pressure,0,1,0.0,1293822389,rev0099_expanded_matrix_refresh,20,1,guard_counter_wall40,pub_threat60_pressure,False,20,1
151,1,guard_counter_wall40,public_decision_frame+information_state,player_1_attempted_to_draw_from_empty_library,pub_threat60_pressure,1,1,0.0,866860676,rev0099_expanded_matrix_refresh,20,0,pub_threat60_pressure,guard_counter_wall40,False,15,0
126,1,guard_counter_wall40,public_decision_frame+information_state,player_1_attempted_to_draw_from_empty_library,pub_threat60_pressure,1,1,0.0,1116516697,rev0099_expanded_matrix_refresh,20,1,pub_threat60_pressure,guard_counter_wall40,False,10,0
292,0,guard_counter_wall40,public_decision_frame+information_state,player_0_life_total_zero_or_less,pub_threat60_pressure,0,2,0.0,1726111623,rev0099_expanded_matrix_refresh,20,0,guard_counter_wall40,pub_threat60_pressure,False,27,1
248,0,guard_counter_wall40,public_decision_frame+information_state,player_1_attempted_to_draw_from_empty_library,pub_threat60_pressure,0,2,1.0,787352544,rev0099_expanded_matrix_refresh,20,1,guard_counter_wall40,pub_threat60_pressure,False,26,0
114,1,guard_counter_wall40,public_decision_frame+information_state,player_1_life_total_zero_or_less,pub_threat60_pressure,1,2,0.0,547102750,rev0099_expanded_matrix_refresh,20,0,pub_threat60_pressure,guard_counter_wall40,False,10,0
124,1,guard_counter_wall40,public_decision_frame+information_state,player_1_attempted_to_draw_from_empty_library,pub_threat60_pressure,1,2,0.0,1147163434,rev0099_expanded_matrix_refresh,20,1,pub_threat60_pressure,guard_counter_wall40,False,11,0
132,0,guard_counter_wall40,public_decision_frame+information_state,player_1_life_total_zero_or_less,pub_threat60_pressure,0,3,1.0,1424299009,rev0099_expanded_matrix_refresh,20,0,guard_counter_wall40,pub_threat60_pressure,False,10,0
130,0,guard_counter_wall40,public_decision_frame+information_state,player_1_attempted_to_draw_from_empty_library,pub_threat60_pressure,0,3,1.0,680236579,rev0099_expanded_matrix_refresh,20,1,guard_counter_wall40,pub_threat60_pressure,False,12,0
103,1,guard_counter_wall40,public_decision_frame+information_state,player_1_life_total_zero_or_less,pub_threat60_pressure,1,3,0.0,1713719602,rev0099_expanded_matrix_refresh,20,0,pub_threat60_pressure,guard_counter_wall40,False,8,0
153,1,guard_counter_wall40,public_decision_frame+information_state,player_0_attempted_to_draw_from_empty_library,pub_threat60_pressure,1,3,1.0,1704083334,rev0099_expanded_matrix_refresh,20,1,pub_threat60_pressure,guard_counter_wall40,False,16,1
126,0,guard_counter_wall40,public_decision_frame+information_state,player_1_attempted_to_draw_from_empty_library,pub_threat60_pressure,0,4,1.0,1521394986,rev0099_expanded_matrix_refresh,20,0,guard_counter_wall40,pub_threat60_pressure,False,13,0
142,0,guard_counter_wall40,public_decision_frame+information_state,player_1_attempted_to_draw_from_empty_library,pub_threat60_pressure,0,4,1.0,812766779,rev0099_expanded_matrix_refresh,20,1,guard_counter_wall40,pub_threat60_pressure,False,14,0
131,1,guard_counter_wall40,public_decision_frame+information_state,player_0_attempted_to_draw_from_empty_library,pub_threat60_pressure,1,4,1.0,1877242460,rev0099_expanded_matrix_refresh,20,0,pub_threat60_pressure,guard_counter_wall40,False,13,1
148,1,guard_counter_wall40,public_decision_frame+information_state,player_1_life_total_zero_or_less,pub_threat60_pressure,1,4,0.0,168998065,rev0099_expanded_matrix_refresh,20,1,pub_threat60_pressure,guard_counter_wall40,False,14,0
225,0,guard_counter_wall40,public_decision_frame+information_state,player_1_attempted_to_draw_from_empty_library,pub_threat60_pressure,0,5,1.0,1968198144,rev0099_expanded_matrix_refresh,20,0,guard_counter_wall40,pub_threat60_pressure,False,22,0
228,0,guard_counter_wall40,public_decision_frame+information_state,player_0_life_total_zero_or_less,pub_threat60_pressure,0,5,0.0,1527520652,rev0099_expanded_matrix_refresh,20,1,guard_counter_wall40,pub_threat60_pressure,False,18,1
187,1,guard_counter_wall40,public_decision_frame+information_state,player_0_attempted_to_draw_from_empty_library,pub_threat60_pressure,1,5,1.0,1032157223,rev0099_expanded_matrix_refresh,20,0,pub_threat60_pressure,guard_counter_wall40,False,19,1
119,1,guard_counter_wall40,public_decision_frame+information_state,player_1_life_total_zero_or_less,pub_threat60_pressure,1,5,0.0,361640084,rev0099_expanded_matrix_refresh,20,1,pub_threat60_pressure,guard_counter_wall40,False,10,0
96,0,guard_counter_wall40,public_decision_frame+information_state,player_0_life_total_zero_or_less,pub_threat60_pressure,0,6,0.0,1411833068,rev0099_expanded_matrix_refresh,20,0,guard_counter_wall40,pub_threat60_pressure,False,8,1
177,0,guard_counter_wall40,public_decision_frame+information_state,player_1_attempted_to_draw_from_empty_library,pub_threat60_pressure,0,6,1.0,1902317793,rev0099_expanded_matrix_refresh,20,1,guard_counter_wall40,pub_threat60_pressure,False,18,0
133,1,guard_counter_wall40,public_decision_frame+information_state,player_0_attempted_to_draw_from_empty_library,pub_threat60_pressure,1,6,1.0,1581741450,rev0099_expanded_matrix_refresh,20,0,pub_threat60_pressure,guard_counter_wall40,False,13,1
193,1,guard_counter_wall40,public_decision_frame+information_state,player_0_attempted_to_draw_from_empty_library,pub_threat60_pressure,1,6,1.0,1753035761,rev0099_expanded_matrix_refresh,20,1,pub_threat60_pressure,guard_counter_wall40,False,22,1
166,0,guard_counter_wall40,public_decision_frame+information_state,player_1_attempted_to_draw_from_empty_library,pub_threat60_pressure,0,7,1.0,437580467,rev0099_expanded_matrix_refresh,20,0,guard_counter_wall40,pub_threat60_pressure,False,15,0
131,0,guard_counter_wall40,public_decision_frame+information_state,player_0_attempted_to_draw_from_empty_library,pub_threat60_pressure,0,7,0.0,1533612332,rev0099_expanded_matrix_refresh,20,1,guard_counter_wall40,pub_threat60_pressure,False,14,1
106,1,guard_counter_wall40,public_decision_frame+information_state,player_1_life_total_zero_or_less,pub_threat60_pressure,1,7,0.0,1478399057,rev0099_expanded_matrix_refresh,20,0,pub_threat60_pressure,guard_counter_wall40,False,10,0
97,1,guard_counter_wall40,public_decision_frame+information_state,player_1_life_total_zero_or_less,pub_threat60_pressure,1,7,0.0,644956653,rev0099_expanded_matrix_refresh,20,1,pub_threat60_pressure,guard_counter_wall40,False,9,0
249,0,guard_counter_wall40,public_decision_frame+information_state,player_1_attempted_to_draw_from_empty_library,pub_threat60_pressure,0,8,1.0,1104720950,rev0099_expanded_matrix_refresh,20,0,guard_counter_wall40,pub_threat60_pressure,False,24,0
154,0,guard_counter_wall40,public_decision_frame+information_state,player_0_life_total_zero_or_less,pub_threat60_pressure,0,8,0.0,1868332489,rev0099_expanded_matrix_refresh,20,1,guard_counter_wall40,pub_threat60_pressure,False,13,1
104,1,guard_counter_wall40,public_decision_frame+information_state,player_1_life_total_zero_or_less,pub_threat60_pressure,1,8,0.0,1892953662,rev0099_expanded_matrix_refresh,20,0,pub_threat60_pressure,guard_counter_wall40,False,9,0
132,1,guard_counter_wall40,public_decision_frame+information_state,player_0_attempted_to_draw_from_empty_library,pub_threat60_pressure,1,8,1.0,567420263,rev0099_expanded_matrix_refresh,20,1,pub_threat60_pressure,guard_counter_wall40,False,14,1
230,0,guard_counter_wall40,public_decision_frame+information_state,player_1_attempted_to_draw_from_empty_library,pub_threat60_pressure,0,9,1.0,397539649,rev0099_expanded_matrix_refresh,20,0,guard_counter_wall40,pub_threat60_pressure,False,21,0
124,0,guard_counter_wall40,public_decision_frame+information_state,player_0_attempted_to_draw_from_empty_library,pub_threat60_pressure,0,9,0.0,1037744791,rev0099_expanded_matrix_refresh,20,1,guard_counter_wall40,pub_threat60_pressure,False,12,1
188,1,guard_counter_wall40,public_decision_frame+information_state,player_1_life_total_zero_or_less,pub_threat60_pressure,1,9,0.0,1860473738,rev0099_expanded_matrix_refresh,20,0,pub_threat60_pressure,guard_counter_wall40,False,16,0
132,1,guard_counter_wall40,public_decision_frame+information_state,player_0_life_total_zero_or_less,pub_threat60_pressure,1,9,1.0,1842688455,rev0099_expanded_matrix_refresh,20,1,pub_threat60_pressure,guard_counter_wall40,False,10,1
214,0,guard_counter_wall40,public_decision_frame+information_state,player_0_life_total_zero_or_less,pub_threat60_pressure,0,0,0.0,1821351617,rev0099_expanded_matrix_refresh,40,0,guard_counter_wall40,pub_threat60_pressure,False,14,1
160,0,guard_counter_wall40,public_decision_frame+information_state,player_0_life_total_zero_or_less,pub_threat60_pressure,0,0,0.0,837416938,rev0099_expanded_matrix_refresh,40,1,guard_counter_wall40,pub_threat60_pressure,False,13,1
148,1,guard_counter_wall40,public_decision_frame+information_state,player_1_life_total_zero_or_less,pub_threat60_pressure,1,0,0.0,1413898546,rev0099_expanded_matrix_refresh,40,0,pub_threat60_pressure,guard_counter_wall40,False,12,0
166,1,guard_counter_wall40,public_decision_frame+information_state,player_0_attempted_to_draw_from_empty_library,pub_threat60_pressure,1,0,1.0,618779400,rev0099_expanded_matrix_refresh,40,1,pub_threat60_pressure,guard_counter_wall40,False,17,1
292,0,guard_counter_wall40,public_decision_frame+information_state,player_0_life_total_zero_or_less,pub_threat60_pressure,0,1,0.0,1598417977,rev0099_expanded_matrix_refresh,40,0,guard_counter_wall40,pub_threat60_pressure,False,27,1
149,0,guard_counter_wall40,public_decision_frame+information_state,player_0_life_total_zero_or_less,pub_threat60_pressure,0,1,0.0,803107909,rev0099_expanded_matrix_refresh,40,1,guard_counter_wall40,pub_threat60_pressure,False,12,1
164,1,guard_counter_wall40,public_decision_frame+information_state,player_0_attempted_to_draw_from_empty_library,pub_threat60_pressure,1,1,1.0,478641120,rev0099_expanded_matrix_refresh,40,0,pub_threat60_pressure,guard_counter_wall40,False,17,1
122,1,guard_counter_wall40,public_decision_frame+information_state,player_1_attempted_to_draw_from_empty_library,pub_threat60_pressure,1,1,0.0,1613287333,rev0099_expanded_matrix_refresh,40,1,pub_threat60_pressure,guard_counter_wall40,False,11,0
107,0,guard_counter_wall40,public_decision_frame+information_state,player_1_attempted_to_draw_from_empty_library,pub_threat60_pressure,0,2,1.0,29237331,rev0099_expanded_matrix_refresh,40,0,guard_counter_wall40,pub_threat60_pressure,False,10,0
161,0,guard_counter_wall40,public_decision_frame+information_state,player_0_attempted_to_draw_from_empty_library,pub_threat60_pressure,0,2,0.0,168198868,rev0099_expanded_matrix_refresh,40,1,guard_counter_wall40,pub_threat60_pressure,False,15,1
146,1,guard_counter_wall40,public_decision_frame+information_state,player_0_attempted_to_draw_from_empty_library,pub_threat60_pressure,1,2,1.0,827499682,rev0099_expanded_matrix_refresh,40,0,pub_threat60_pressure,guard_counter_wall40,False,14,1
190,1,guard_counter_wall40,public_decision_frame+information_state,player_1_life_total_zero_or_less,pub_threat60_pressure,1,2,0.0,384654149,rev0099_expanded_matrix_refresh,40,1,pub_threat60_pressure,guard_counter_wall40,False,16,0
139,0,guard_counter_wall40,public_decision_frame+information_state,player_1_attempted_to_draw_from_empty_library,pub_threat60_pressure,0,3,1.0,1341221964,rev0099_expanded_matrix_refresh,40,0,guard_counter_wall40,pub_threat60_pressure,False,12,0
151,0,guard_counter_wall40,public_decision_frame+information_state,player_0_attempted_to_draw_from_empty_library,pub_threat60_pressure,0,3,0.0,138644226,rev0099_expanded_matrix_refresh,40,1,guard_counter_wall40,pub_threat60_pressure,False,16,1
120,1,guard_counter_wall40,public_decision_frame+information_state,player_0_attempted_to_draw_from_empty_library,pub_threat60_pressure,1,3,1.0,1206431174,rev0099_expanded_matrix_refresh,40,0,pub_threat60_pressure,guard_counter_wall40,False,12,1
261,1,guard_counter_wall40,public_decision_frame+information_state,player_0_attempted_to_draw_from_empty_library,pub_threat60_pressure,1,3,1.0,1665890710,rev0099_expanded_matrix_refresh,40,1,pub_threat60_pressure,guard_counter_wall40,False,23,1
220,0,guard_counter_wall40,public_decision_frame+information_state,player_0_life_total_zero_or_less,pub_threat60_pressure,0,4,0.0,988984414,rev0099_expanded_matrix_refresh,40,0,guard_counter_wall40,pub_threat60_pressure,False,19,1
198,0,guard_counter_wall40,public_decision_frame+information_state,player_0_attempted_to_draw_from_empty_library,pub_threat60_pressure,0,4,0.0,374250337,rev0099_expanded_matrix_refresh,40,1,guard_counter_wall40,pub_threat60_pressure,False,18,1
136,1,guard_counter_wall40,public_decision_frame+information_state,player_0_attempted_to_draw_from_empty_library,pub_threat60_pressure,1,4,1.0,1127647446,rev0099_expanded_matrix_refresh,40,0,pub_threat60_pressure,guard_counter_wall40,False,15,1
169,1,guard_counter_wall40,public_decision_frame+information_state,player_1_life_total_zero_or_less,pub_threat60_pressure,1,4,0.0,1386511976,rev0099_expanded_matrix_refresh,40,1,pub_threat60_pressure,guard_counter_wall40,False,12,0
140,0,guard_counter_wall40,public_decision_frame+information_state,player_0_life_total_zero_or_less,pub_threat60_pressure,0,5,0.0,45392970,rev0099_expanded_matrix_refresh,40,0,guard_counter_wall40,pub_threat60_pressure,False,11,1
301,0,guard_counter_wall40,public_decision_frame+information_state,player_0_attempted_to_draw_from_empty_library,pub_threat60_pressure,0,5,0.0,1146938529,rev0099_expanded_matrix_refresh,40,1,guard_counter_wall40,pub_threat60_pressure,False,23,1
172,1,guard_counter_wall40,public_decision_frame+information_state,player_1_life_total_zero_or_less,pub_threat60_pressure,1,5,0.0,886342180,rev0099_expanded_matrix_refresh,40,0,pub_threat60_pressure,guard_counter_wall40,False,15,0
129,1,guard_counter_wall40,public_decision_frame+information_state,player_1_attempted_to_draw_from_empty_library,pub_threat60_pressure,1,5,0.0,1696311165,rev0099_expanded_matrix_refresh,40,1,pub_threat60_pressure,guard_counter_wall40,False,12,0
143,0,guard_counter_wall40,public_decision_frame+information_state,player_0_attempted_to_draw_from_empty_library,pub_threat60_pressure,0,6,0.0,1840387637,rev0099_expanded_matrix_refresh,40,0,guard_counter_wall40,pub_threat60_pressure,False,15,1
189,0,guard_counter_wall40,public_decision_frame+information_state,player_1_attempted_to_draw_from_empty_library,pub_threat60_pressure,0,6,1.0,1836047413,rev0099_expanded_matrix_refresh,40,1,guard_counter_wall40,pub_threat60_pressure,False,17,0
167,1,guard_counter_wall40,public_decision_frame+information_state,player_0_attempted_to_draw_from_empty_library,pub_threat60_pressure,1,6,1.0,983486221,rev0099_expanded_matrix_refresh,40,0,pub_threat60_pressure,guard_counter_wall40,False,14,1
154,1,guard_counter_wall40,public_decision_frame+information_state,player_1_attempted_to_draw_from_empty_library,pub_threat60_pressure,1,6,0.0,256932201,rev0099_expanded_matrix_refresh,40,1,pub_threat60_pressure,guard_counter_wall40,False,14,0
139,0,guard_counter_wall40,public_decision_frame+information_state,player_1_attempted_to_draw_from_empty_library,pub_threat60_pressure,0,7,1.0,1624578156,rev0099_expanded_matrix_refresh,40,0,guard_counter_wall40,pub_threat60_pressure,False,14,0
141,0,guard_counter_wall40,public_decision_frame+information_state,player_0_life_total_zero_or_less,pub_threat60_pressure,0,7,0.0,1529571715,rev0099_expanded_matrix_refresh,40,1,guard_counter_wall40,pub_threat60_pressure,False,12,1
129,1,guard_counter_wall40,public_decision_frame+information_state,player_1_life_total_zero_or_less,pub_threat60_pressure,1,7,0.0,122153246,rev0099_expanded_matrix_refresh,40,0,pub_threat60_pressure,guard_counter_wall40,False,10,0
147,1,guard_counter_wall40,public_decision_frame+information_state,player_1_life_total_zero_or_less,pub_threat60_pressure,1,7,0.0,1683701496,rev0099_expanded_matrix_refresh,40,1,pub_threat60_pressure,guard_counter_wall40,False,11,0
132,0,guard_counter_wall40,public_decision_frame+information_state,player_1_attempted_to_draw_from_empty_library,pub_threat60_pressure,0,8,1.0,606699591,rev0099_expanded_matrix_refresh,40,0,guard_counter_wall40,pub_threat60_pressure,False,13,0
134,0,guard_counter_wall40,public_decision_frame+information_state,player_0_life_total_zero_or_less,pub_threat60_pressure,0,8,0.0,1308088281,rev0099_expanded_matrix_refresh,40,1,guard_counter_wall40,pub_threat60_pressure,False,10,1
160,1,guard_counter_wall40,public_decision_frame+information_state,player_1_life_total_zero_or_less,pub_threat60_pressure,1,8,0.0,567058271,rev0099_expanded_matrix_refresh,40,0,pub_threat60_pressure,guard_counter_wall40,False,14,0
190,1,guard_counter_wall40,public_decision_frame+information_state,player_0_attempted_to_draw_from_empty_library,pub_threat60_pressure,1,8,1.0,1706925163,rev0099_expanded_matrix_refresh,40,1,pub_threat60_pressure,guard_counter_wall40,False,17,1
114,0,guard_counter_wall40,public_decision_frame+information_state,player_1_attempted_to_draw_from_empty_library,pub_threat60_pressure,0,9,1.0,56797292,rev0099_expanded_matrix_refresh,40,0,guard_counter_wall40,pub_threat60_pressure,False,10,0
165,0,guard_counter_wall40,public_decision_frame+information_state,player_0_life_total_zero_or_less,pub_threat60_pressure,0,9,0.0,1617810298,rev0099_expanded_matrix_refresh,40,1,guard_counter_wall40,pub_threat60_pressure,False,14,1
221,1,guard_counter_wall40,public_decision_frame+information_state,player_1_life_total_zero_or_less,pub_threat60_pressure,1,9,0.0,983133036,rev0099_expanded_matrix_refresh,40,0,pub_threat60_pressure,guard_counter_wall40,False,20,0
291,1,guard_counter_wall40,public_decision_frame+information_state,player_0_attempted_to_draw_from_empty_library,pub_threat60_pressure,1,9,1.0,1763094093,rev0099_expanded_matrix_refresh,40,1,pub_threat60_pressure,guard_counter_wall40,False,27,1
136,0,guard_counter_wall40,public_decision_frame+information_state,player_1_attempted_to_draw_from_empty_library,pub_threat60_surge,0,0,1.0,38925929,rev0099_expanded_matrix_refresh,20,0,guard_counter_wall40,pub_threat60_surge,False,13,0
159,0,guard_counter_wall40,public_decision_frame+information_state,player_0_life_total_zero_or_less,pub_threat60_surge,0,0,0.0,256035040,rev0099_expanded_matrix_refresh,20,1,guard_counter_wall40,pub_threat60_surge,False,14,1
161,1,guard_counter_wall40,public_decision_frame+information_state,player_1_attempted_to_draw_from_empty_library,pub_threat60_surge,1,0,0.0,1557546703,rev0099_expanded_matrix_refresh,20,0,pub_threat60_surge,guard_counter_wall40,False,12,0
163,1,guard_counter_wall40,public_decision_frame+information_state,player_1_life_total_zero_or_less,pub_threat60_surge,1,0,0.0,935155909,rev0099_expanded_matrix_refresh,20,1,pub_threat60_surge,guard_counter_wall40,False,15,0
134,0,guard_counter_wall40,public_decision_frame+information_state,player_0_life_total_zero_or_less,pub_threat60_surge,0,1,0.0,1882747917,rev0099_expanded_matrix_refresh,20,0,guard_counter_wall40,pub_threat60_surge,False,11,1
87,0,guard_counter_wall40,public_decision_frame+information_state,player_0_life_total_zero_or_less,pub_threat60_surge,0,1,0.0,1982041251,rev0099_expanded_matrix_refresh,20,1,guard_counter_wall40,pub_threat60_surge,False,8,1
96,1,guard_counter_wall40,public_decision_frame+information_state,player_1_life_total_zero_or_less,pub_threat60_surge,1,1,0.0,1953832301,rev0099_expanded_matrix_refresh,20,0,pub_threat60_surge,guard_counter_wall40,False,9,0
217,1,guard_counter_wall40,public_decision_frame+information_state,player_1_life_total_zero_or_less,pub_threat60_surge,1,1,0.0,60156526,rev0099_expanded_matrix_refresh,20,1,pub_threat60_surge,guard_counter_wall40,False,21,0
108,0,guard_counter_wall40,public_decision_frame+information_state,player_1_life_total_zero_or_less,pub_threat60_surge,0,2,1.0,1450477824,rev0099_expanded_matrix_refresh,20,0,guard_counter_wall40,pub_threat60_surge,False,10,0
253,0,guard_counter_wall40,public_decision_frame+information_state,player_0_life_total_zero_or_less,pub_threat60_surge,0,2,0.0,942127421,rev0099_expanded_matrix_refresh,20,1,guard_counter_wall40,pub_threat60_surge,False,18,1
190,1,guard_counter_wall40,public_decision_frame+information_state,player_0_attempted_to_draw_from_empty_library,pub_threat60_surge,1,2,1.0,728095125,rev0099_expanded_matrix_refresh,20,0,pub_threat60_surge,guard_counter_wall40,False,16,1
113,1,guard_counter_wall40,public_decision_frame+information_state,player_1_life_total_zero_or_less,pub_threat60_surge,1,2,0.0,1630219283,rev0099_expanded_matrix_refresh,20,1,pub_threat60_surge,guard_counter_wall40,False,11,0
181,0,guard_counter_wall40,public_decision_frame+information_state,player_0_attempted_to_draw_from_empty_library,pub_threat60_surge,0,3,0.0,56811470,rev0099_expanded_matrix_refresh,20,0,guard_counter_wall40,pub_threat60_surge,False,17,1
173,0,guard_counter_wall40,public_decision_frame+information_state,player_0_life_total_zero_or_less,pub_threat60_surge,0,3,0.0,339140468,rev0099_expanded_matrix_refresh,20,1,guard_counter_wall40,pub_threat60_surge,False,17,1
131,1,guard_counter_wall40,public_decision_frame+information_state,player_0_attempted_to_draw_from_empty_library,pub_threat60_surge,1,3,1.0,1345961263,rev0099_expanded_matrix_refresh,20,0,pub_threat60_surge,guard_counter_wall40,False,14,1
308,1,guard_counter_wall40,public_decision_frame+information_state,player_0_attempted_to_draw_from_empty_library,pub_threat60_surge,1,3,1.0,1460112284,rev0099_expanded_matrix_refresh,20,1,pub_threat60_surge,guard_counter_wall40,False,34,1
204,0,guard_counter_wall40,public_decision_frame+information_state,player_0_life_total_zero_or_less,pub_threat60_surge,0,4,0.0,913928409,rev0099_expanded_matrix_refresh,20,0,guard_counter_wall40,pub_threat60_surge,False,14,1
138,0,guard_counter_wall40,public_decision_frame+information_state,player_1_life_total_zero_or_less,pub_threat60_surge,0,4,1.0,1903091139,rev0099_expanded_matrix_refresh,20,1,guard_counter_wall40,pub_threat60_surge,False,12,0
110,1,guard_counter_wall40,public_decision_frame+information_state,player_1_life_total_zero_or_less,pub_threat60_surge,1,4,0.0,801302059,rev0099_expanded_matrix_refresh,20,0,pub_threat60_surge,guard_counter_wall40,False,10,0
145,1,guard_counter_wall40,public_decision_frame+information_state,player_0_attempted_to_draw_from_empty_library,pub_threat60_surge,1,4,1.0,1773472986,rev0099_expanded_matrix_refresh,20,1,pub_threat60_surge,guard_counter_wall40,False,16,1
169,0,guard_counter_wall40,public_decision_frame+information_state,player_0_life_total_zero_or_less,pub_threat60_surge,0,5,0.0,91305335,rev0099_expanded_matrix_refresh,20,0,guard_counter_wall40,pub_threat60_surge,False,13,1
123,0,guard_counter_wall40,public_decision_frame+information_state,player_1_attempted_to_draw_from_empty_library,pub_threat60_surge,0,5,1.0,1604501548,rev0099_expanded_matrix_refresh,20,1,guard_counter_wall40,pub_threat60_surge,False,11,0
184,1,guard_counter_wall40,public_decision_frame+information_state,player_0_attempted_to_draw_from_empty_library,pub_threat60_surge,1,5,1.0,547057957,rev0099_expanded_matrix_refresh,20,0,pub_threat60_surge,guard_counter_wall40,False,18,1
274,1,guard_counter_wall40,public_decision_frame+information_state,player_0_attempted_to_draw_from_empty_library,pub_threat60_surge,1,5,1.0,424389818,rev0099_expanded_matrix_refresh,20,1,pub_threat60_surge,guard_counter_wall40,False,23,1
229,0,guard_counter_wall40,public_decision_frame+information_state,player_0_life_total_zero_or_less,pub_threat60_surge,0,6,0.0,337844168,rev0099_expanded_matrix_refresh,20,0,guard_counter_wall40,pub_threat60_surge,False,22,1
146,0,guard_counter_wall40,public_decision_frame+information_state,player_1_attempted_to_draw_from_empty_library,pub_threat60_surge,0,6,1.0,1327167343,rev0099_expanded_matrix_refresh,20,1,guard_counter_wall40,pub_threat60_surge,False,14,0
113,1,guard_counter_wall40,public_decision_frame+information_state,player_1_life_total_zero_or_less,pub_threat60_surge,1,6,0.0,1106686571,rev0099_expanded_matrix_refresh,20,0,pub_threat60_surge,guard_counter_wall40,False,11,0
116,1,guard_counter_wall40,public_decision_frame+information_state,player_0_attempted_to_draw_from_empty_library,pub_threat60_surge,1,6,1.0,1736613544,rev0099_expanded_matrix_refresh,20,1,pub_threat60_surge,guard_counter_wall40,False,12,1
216,0,guard_counter_wall40,public_decision_frame+information_state,player_0_attempted_to_draw_from_empty_library,pub_threat60_surge,0,7,0.0,717216411,rev0099_expanded_matrix_refresh,20,0,guard_counter_wall40,pub_threat60_surge,False,21,1
144,0,guard_counter_wall40,public_decision_frame+information_state,player_0_life_total_zero_or_less,pub_threat60_surge,0,7,0.0,1194478571,rev0099_expanded_matrix_refresh,20,1,guard_counter_wall40,pub_threat60_surge,False,12,1
216,1,guard_counter_wall40,public_decision_frame+information_state,player_1_attempted_to_draw_from_empty_library,pub_threat60_surge,1,7,0.0,526794960,rev0099_expanded_matrix_refresh,20,0,pub_threat60_surge,guard_counter_wall40,False,20,0
118,1,guard_counter_wall40,public_decision_frame+information_state,player_1_life_total_zero_or_less,pub_threat60_surge,1,7,0.0,88415182,rev0099_expanded_matrix_refresh,20,1,pub_threat60_surge,guard_counter_wall40,False,11,0
131,0,guard_counter_wall40,public_decision_frame+information_state,player_1_attempted_to_draw_from_empty_library,pub_threat60_surge,0,8,1.0,1269331665,rev0099_expanded_matrix_refresh,20,0,guard_counter_wall40,pub_threat60_surge,False,11,0
171,0,guard_counter_wall40,public_decision_frame+information_state,player_1_life_total_zero_or_less,pub_threat60_surge,0,8,1.0,1337069088,rev0099_expanded_matrix_refresh,20,1,guard_counter_wall40,pub_threat60_surge,False,15,0
194,1,guard_counter_wall40,public_decision_frame+information_state,player_1_life_total_zero_or_less,pub_threat60_surge,1,8,0.0,1599372777,rev0099_expanded_matrix_refresh,20,0,pub_threat60_surge,guard_counter_wall40,False,17,0
212,1,guard_counter_wall40,public_decision_frame+information_state,player_0_attempted_to_draw_from_empty_library,pub_threat60_surge,1,8,1.0,1160959111,rev0099_expanded_matrix_refresh,20,1,pub_threat60_surge,guard_counter_wall40,False,23,1
123,0,guard_counter_wall40,public_decision_frame+information_state,player_0_attempted_to_draw_from_empty_library,pub_threat60_surge,0,9,0.0,1164941587,rev0099_expanded_matrix_refresh,20,0,guard_counter_wall40,pub_threat60_surge,False,11,1
133,0,guard_counter_wall40,public_decision_frame+information_state,player_1_attempted_to_draw_from_empty_library,pub_threat60_surge,0,9,1.0,663844443,rev0099_expanded_matrix_refresh,20,1,guard_counter_wall40,pub_threat60_surge,False,14,0
178,1,guard_counter_wall40,public_decision_frame+information_state,player_1_attempted_to_draw_from_empty_library,pub_threat60_surge,1,9,0.0,887131846,rev0099_expanded_matrix_refresh,20,0,pub_threat60_surge,guard_counter_wall40,False,17,0
187,1,guard_counter_wall40,public_decision_frame+information_state,player_1_life_total_zero_or_less,pub_threat60_surge,1,9,0.0,481180220,rev0099_expanded_matrix_refresh,20,1,pub_threat60_surge,guard_counter_wall40,False,14,0
144,0,guard_counter_wall40,public_decision_frame+information_state,player_0_attempted_to_draw_from_empty_library,pub_threat60_surge,0,0,0.0,819552564,rev0099_expanded_matrix_refresh,40,0,guard_counter_wall40,pub_threat60_surge,False,12,1
188,0,guard_counter_wall40,public_decision_frame+information_state,player_0_life_total_zero_or_less,pub_threat60_surge,0,0,0.0,1173588418,rev0099_expanded_matrix_refresh,40,1,guard_counter_wall40,pub_threat60_surge,False,13,1
114,1,guard_counter_wall40,public_decision_frame+information_state,player_0_attempted_to_draw_from_empty_library,pub_threat60_surge,1,0,1.0,709420187,rev0099_expanded_matrix_refresh,40,0,pub_threat60_surge,guard_counter_wall40,False,11,1
303,1,guard_counter_wall40,public_decision_frame+information_state,player_0_attempted_to_draw_from_empty_library,pub_threat60_surge,1,0,1.0,977567824,rev0099_expanded_matrix_refresh,40,1,pub_threat60_surge,guard_counter_wall40,False,21,1
167,0,guard_counter_wall40,public_decision_frame+information_state,player_1_life_total_zero_or_less,pub_threat60_surge,0,1,1.0,1975135952,rev0099_expanded_matrix_refresh,40,0,guard_counter_wall40,pub_threat60_surge,False,13,0
162,0,guard_counter_wall40,public_decision_frame+information_state,player_1_attempted_to_draw_from_empty_library,pub_threat60_surge,0,1,1.0,1430454691,rev0099_expanded_matrix_refresh,40,1,guard_counter_wall40,pub_threat60_surge,False,16,0
196,1,guard_counter_wall40,public_decision_frame+information_state,player_1_attempted_to_draw_from_empty_library,pub_threat60_surge,1,1,0.0,93105381,rev0099_expanded_matrix_refresh,40,0,pub_threat60_surge,guard_counter_wall40,False,20,0
181,1,guard_counter_wall40,public_decision_frame+information_state,player_1_life_total_zero_or_less,pub_threat60_surge,1,1,0.0,1362940542,rev0099_expanded_matrix_refresh,40,1,pub_threat60_surge,guard_counter_wall40,False,17,0
177,0,guard_counter_wall40,public_decision_frame+information_state,player_1_attempted_to_draw_from_empty_library,pub_threat60_surge,0,2,1.0,1103433356,rev0099_expanded_matrix_refresh,40,0,guard_counter_wall40,pub_threat60_surge,False,16,0
210,0,guard_counter_wall40,public_decision_frame+information_state,player_0_life_total_zero_or_less,pub_threat60_surge,0,2,0.0,360083137,rev0099_expanded_matrix_refresh,40,1,guard_counter_wall40,pub_threat60_surge,False,17,1
177,1,guard_counter_wall40,public_decision_frame+information_state,player_0_life_total_zero_or_less,pub_threat60_surge,1,2,1.0,1046940040,rev0099_expanded_matrix_refresh,40,0,pub_threat60_surge,guard_counter_wall40,False,14,1
134,1,guard_counter_wall40,public_decision_frame+information_state,player_0_attempted_to_draw_from_empty_library,pub_threat60_surge,1,2,1.0,955870380,rev0099_expanded_matrix_refresh,40,1,pub_threat60_surge,guard_counter_wall40,False,14,1
357,0,guard_counter_wall40,public_decision_frame+information_state,player_1_attempted_to_draw_from_empty_library,pub_threat60_surge,0,3,1.0,19475461,rev0099_expanded_matrix_refresh,40,0,guard_counter_wall40,pub_threat60_surge,False,34,0
137,0,guard_counter_wall40,public_decision_frame+information_state,player_0_attempted_to_draw_from_empty_library,pub_threat60_surge,0,3,0.0,1894879620,rev0099_expanded_matrix_refresh,40,1,guard_counter_wall40,pub_threat60_surge,False,12,1
151,1,guard_counter_wall40,public_decision_frame+information_state,player_1_life_total_zero_or_less,pub_threat60_surge,1,3,0.0,1387618674,rev0099_expanded_matrix_refresh,40,0,pub_threat60_surge,guard_counter_wall40,False,13,0
169,1,guard_counter_wall40,public_decision_frame+information_state,player_0_attempted_to_draw_from_empty_library,pub_threat60_surge,1,3,1.0,371691320,rev0099_expanded_matrix_refresh,40,1,pub_threat60_surge,guard_counter_wall40,False,16,1
197,0,guard_counter_wall40,public_decision_frame+information_state,player_0_life_total_zero_or_less,pub_threat60_surge,0,4,0.0,776321672,rev0099_expanded_matrix_refresh,40,0,guard_counter_wall40,pub_threat60_surge,False,14,1
170,0,guard_counter_wall40,public_decision_frame+information_state,player_0_life_total_zero_or_less,pub_threat60_surge,0,4,0.0,940464018,rev0099_expanded_matrix_refresh,40,1,guard_counter_wall40,pub_threat60_surge,False,16,1
150,1,guard_counter_wall40,public_decision_frame+information_state,player_1_life_total_zero_or_less,pub_threat60_surge,1,4,0.0,1703330677,rev0099_expanded_matrix_refresh,40,0,pub_threat60_surge,guard_counter_wall40,False,13,0
140,1,guard_counter_wall40,public_decision_frame+information_state,player_1_attempted_to_draw_from_empty_library,pub_threat60_surge,1,4,0.0,1028475332,rev0099_expanded_matrix_refresh,40,1,pub_threat60_surge,guard_counter_wall40,False,11,0
134,0,guard_counter_wall40,public_decision_frame+information_state,player_0_attempted_to_draw_from_empty_library,pub_threat60_surge,0,5,0.0,1132697195,rev0099_expanded_matrix_refresh,40,0,guard_counter_wall40,pub_threat60_surge,False,12,1
109,0,guard_counter_wall40,public_decision_frame+information_state,player_0_life_total_zero_or_less,pub_threat60_surge,0,5,0.0,261813615,rev0099_expanded_matrix_refresh,40,1,guard_counter_wall40,pub_threat60_surge,False,10,1
201,1,guard_counter_wall40,public_decision_frame+information_state,player_0_life_total_zero_or_less,pub_threat60_surge,1,5,1.0,126607325,rev0099_expanded_matrix_refresh,40,0,pub_threat60_surge,guard_counter_wall40,False,14,1
128,1,guard_counter_wall40,public_decision_frame+information_state,player_0_attempted_to_draw_from_empty_library,pub_threat60_surge,1,5,1.0,302356837,rev0099_expanded_matrix_refresh,40,1,pub_threat60_surge,guard_counter_wall40,False,13,1
145,0,guard_counter_wall40,public_decision_frame+information_state,player_1_attempted_to_draw_from_empty_library,pub_threat60_surge,0,6,1.0,879660874,rev0099_expanded_matrix_refresh,40,0,guard_counter_wall40,pub_threat60_surge,False,15,0
303,0,guard_counter_wall40,public_decision_frame+information_state,player_1_attempted_to_draw_from_empty_library,pub_threat60_surge,0,6,1.0,534380128,rev0099_expanded_matrix_refresh,40,1,guard_counter_wall40,pub_threat60_surge,False,31,0
138,1,guard_counter_wall40,public_decision_frame+information_state,player_1_attempted_to_draw_from_empty_library,pub_threat60_surge,1,6,0.0,388872478,rev0099_expanded_matrix_refresh,40,0,pub_threat60_surge,guard_counter_wall40,False,12,0
132,1,guard_counter_wall40,public_decision_frame+information_state,player_1_life_total_zero_or_less,pub_threat60_surge,1,6,0.0,1182569502,rev0099_expanded_matrix_refresh,40,1,pub_threat60_surge,guard_counter_wall40,False,11,0
193,0,guard_counter_wall40,public_decision_frame+information_state,player_0_life_total_zero_or_less,pub_threat60_surge,0,7,0.0,338892269,rev0099_expanded_matrix_refresh,40,0,guard_counter_wall40,pub_threat60_surge,False,14,1
187,0,guard_counter_wall40,public_decision_frame+information_state,player_0_life_total_zero_or_less,pub_threat60_surge,0,7,0.0,1384283954,rev0099_expanded_matrix_refresh,40,1,guard_counter_wall40,pub_threat60_surge,False,14,1
257,1,guard_counter_wall40,public_decision_frame+information_state,player_0_attempted_to_draw_from_empty_library,pub_threat60_surge,1,7,1.0,35753068,rev0099_expanded_matrix_refresh,40,0,pub_threat60_surge,guard_counter_wall40,False,20,1
128,1,guard_counter_wall40,public_decision_frame+information_state,player_1_life_total_zero_or_less,pub_threat60_surge,1,7,0.0,549286702,rev0099_expanded_matrix_refresh,40,1,pub_threat60_surge,guard_counter_wall40,False,12,0
112,0,guard_counter_wall40,public_decision_frame+information_state,player_1_attempted_to_draw_from_empty_library,pub_threat60_surge,0,8,1.0,1692202083,rev0099_expanded_matrix_refresh,40,0,guard_counter_wall40,pub_threat60_surge,False,10,0
308,0,guard_counter_wall40,public_decision_frame+information_state,player_0_attempted_to_draw_from_empty_library,pub_threat60_surge,0,8,0.0,508820766,rev0099_expanded_matrix_refresh,40,1,guard_counter_wall40,pub_threat60_surge,False,27,1
136,1,guard_counter_wall40,public_decision_frame+information_state,player_1_life_total_zero_or_less,pub_threat60_surge,1,8,0.0,186738874,rev0099_expanded_matrix_refresh,40,0,pub_threat60_surge,guard_counter_wall40,False,11,0
177,1,guard_counter_wall40,public_decision_frame+information_state,player_1_attempted_to_draw_from_empty_library,pub_threat60_surge,1,8,0.0,752066013,rev0099_expanded_matrix_refresh,40,1,pub_threat60_surge,guard_counter_wall40,False,16,0
174,0,guard_counter_wall40,public_decision_frame+information_state,player_0_life_total_zero_or_less,pub_threat60_surge,0,9,0.0,113877570,rev0099_expanded_matrix_refresh,40,0,guard_counter_wall40,pub_threat60_surge,False,15,1
175,0,guard_counter_wall40,public_decision_frame+information_state,player_1_life_total_zero_or_less,pub_threat60_surge,0,9,1.0,183192312,rev0099_expanded_matrix_refresh,40,1,guard_counter_wall40,pub_threat60_surge,False,15,0
286,1,guard_counter_wall40,public_decision_frame+information_state,player_0_attempted_to_draw_from_empty_library,pub_threat60_surge,1,9,1.0,699481753,rev0099_expanded_matrix_refresh,40,0,pub_threat60_surge,guard_counter_wall40,False,28,1
181,1,guard_counter_wall40,public_decision_frame+information_state,player_1_life_total_zero_or_less,pub_threat60_surge,1,9,0.0,1733276770,rev0099_expanded_matrix_refresh,40,1,pub_threat60_surge,guard_counter_wall40,False,17,0
340,0,guard_counter_wall40,public_decision_frame+information_state,player_0_attempted_to_draw_from_empty_library,oracle_map_08_60_mixed_threats_counter_wall,0,0,0.0,914638755,rev0099_expanded_matrix_refresh,20,0,guard_counter_wall40,oracle_map_08_60_mixed_threats_counter_wall,False,35,1
128,0,guard_counter_wall40,public_decision_frame+information_state,player_0_life_total_zero_or_less,oracle_map_08_60_mixed_threats_counter_wall,0,0,0.0,1278893077,rev0099_expanded_matrix_refresh,20,1,guard_counter_wall40,oracle_map_08_60_mixed_threats_counter_wall,False,11,1
139,1,guard_counter_wall40,public_decision_frame+information_state,player_1_life_total_zero_or_less,oracle_map_08_60_mixed_threats_counter_wall,1,0,0.0,1686490169,rev0099_expanded_matrix_refresh,20,0,oracle_map_08_60_mixed_threats_counter_wall,guard_counter_wall40,False,12,0
227,1,guard_counter_wall40,public_decision_frame+information_state,player_0_attempted_to_draw_from_empty_library,oracle_map_08_60_mixed_threats_counter_wall,1,0,1.0,1408441908,rev0099_expanded_matrix_refresh,20,1,oracle_map_08_60_mixed_threats_counter_wall,guard_counter_wall40,False,23,1
106,0,guard_counter_wall40,public_decision_frame+information_state,player_1_life_total_zero_or_less,oracle_map_08_60_mixed_threats_counter_wall,0,1,1.0,1080373366,rev0099_expanded_matrix_refresh,20,0,guard_counter_wall40,oracle_map_08_60_mixed_threats_counter_wall,False,10,0
189,0,guard_counter_wall40,public_decision_frame+information_state,player_1_attempted_to_draw_from_empty_library,oracle_map_08_60_mixed_threats_counter_wall,0,1,1.0,1033403560,rev0099_expanded_matrix_refresh,20,1,guard_counter_wall40,oracle_map_08_60_mixed_threats_counter_wall,False,17,0
147,1,guard_counter_wall40,public_decision_frame+information_state,player_1_life_total_zero_or_less,oracle_map_08_60_mixed_threats_counter_wall,1,1,0.0,187195942,rev0099_expanded_matrix_refresh,20,0,oracle_map_08_60_mixed_threats_counter_wall,guard_counter_wall40,False,13,0
195,1,guard_counter_wall40,public_decision_frame+information_state,player_1_attempted_to_draw_from_empty_library,oracle_map_08_60_mixed_threats_counter_wall,1,1,0.0,1511446153,rev0099_expanded_matrix_refresh,20,1,oracle_map_08_60_mixed_threats_counter_wall,guard_counter_wall40,False,14,0
103,0,guard_counter_wall40,public_decision_frame+information_state,player_0_attempted_to_draw_from_empty_library,oracle_map_08_60_mixed_threats_counter_wall,0,2,0.0,1798686777,rev0099_expanded_matrix_refresh,20,0,guard_counter_wall40,oracle_map_08_60_mixed_threats_counter_wall,False,10,1
211,0,guard_counter_wall40,public_decision_frame+information_state,player_1_attempted_to_draw_from_empty_library,oracle_map_08_60_mixed_threats_counter_wall,0,2,1.0,238006653,rev0099_expanded_matrix_refresh,20,1,guard_counter_wall40,oracle_map_08_60_mixed_threats_counter_wall,False,20,0
317,1,guard_counter_wall40,public_decision_frame+information_state,player_1_attempted_to_draw_from_empty_library,oracle_map_08_60_mixed_threats_counter_wall,1,2,0.0,617903376,rev0099_expanded_matrix_refresh,20,0,oracle_map_08_60_mixed_threats_counter_wall,guard_counter_wall40,False,23,0
189,1,guard_counter_wall40,public_decision_frame+information_state,player_1_attempted_to_draw_from_empty_library,oracle_map_08_60_mixed_threats_counter_wall,1,2,0.0,842366865,rev0099_expanded_matrix_refresh,20,1,oracle_map_08_60_mixed_threats_counter_wall,guard_counter_wall40,False,20,0
152,0,guard_counter_wall40,public_decision_frame+information_state,player_1_attempted_to_draw_from_empty_library,oracle_map_08_60_mixed_threats_counter_wall,0,3,1.0,1794836292,rev0099_expanded_matrix_refresh,20,0,guard_counter_wall40,oracle_map_08_60_mixed_threats_counter_wall,False,13,0
188,0,guard_counter_wall40,public_decision_frame+information_state,player_1_attempted_to_draw_from_empty_library,oracle_map_08_60_mixed_threats_counter_wall,0,3,1.0,298730346,rev0099_expanded_matrix_refresh,20,1,guard_counter_wall40,oracle_map_08_60_mixed_threats_counter_wall,False,17,0
107,1,guard_counter_wall40,public_decision_frame+information_state,player_1_life_total_zero_or_less,oracle_map_08_60_mixed_threats_counter_wall,1,3,0.0,185212551,rev0099_expanded_matrix_refresh,20,0,oracle_map_08_60_mixed_threats_counter_wall,guard_counter_wall40,False,11,0
122,1,guard_counter_wall40,public_decision_frame+information_state,player_1_life_total_zero_or_less,oracle_map_08_60_mixed_threats_counter_wall,1,3,0.0,733442614,rev0099_expanded_matrix_refresh,20,1,oracle_map_08_60_mixed_threats_counter_wall,guard_counter_wall40,False,11,0
252,0,guard_counter_wall40,public_decision_frame+information_state,player_0_life_total_zero_or_less,oracle_map_08_60_mixed_threats_counter_wall,0,4,0.0,886082984,rev0099_expanded_matrix_refresh,20,0,guard_counter_wall40,oracle_map_08_60_mixed_threats_counter_wall,False,24,1
266,0,guard_counter_wall40,public_decision_frame+information_state,player_0_attempted_to_draw_from_empty_library,oracle_map_08_60_mixed_threats_counter_wall,0,4,0.0,2738846,rev0099_expanded_matrix_refresh,20,1,guard_counter_wall40,oracle_map_08_60_mixed_threats_counter_wall,False,28,1
179,1,guard_counter_wall40,public_decision_frame+information_state,player_1_attempted_to_draw_from_empty_library,oracle_map_08_60_mixed_threats_counter_wall,1,4,0.0,1966135285,rev0099_expanded_matrix_refresh,20,0,oracle_map_08_60_mixed_threats_counter_wall,guard_counter_wall40,False,18,0
205,1,guard_counter_wall40,public_decision_frame+information_state,player_0_life_total_zero_or_less,oracle_map_08_60_mixed_threats_counter_wall,1,4,1.0,145763291,rev0099_expanded_matrix_refresh,20,1,oracle_map_08_60_mixed_threats_counter_wall,guard_counter_wall40,False,19,1
144,0,guard_counter_wall40,public_decision_frame+information_state,player_1_attempted_to_draw_from_empty_library,oracle_map_08_60_mixed_threats_counter_wall,0,5,1.0,808815489,rev0099_expanded_matrix_refresh,20,0,guard_counter_wall40,oracle_map_08_60_mixed_threats_counter_wall,False,12,0
308,0,guard_counter_wall40,public_decision_frame+information_state,player_1_attempted_to_draw_from_empty_library,oracle_map_08_60_mixed_threats_counter_wall,0,5,1.0,376524111,rev0099_expanded_matrix_refresh,20,1,guard_counter_wall40,oracle_map_08_60_mixed_threats_counter_wall,False,32,0
151,1,guard_counter_wall40,public_decision_frame+information_state,player_1_attempted_to_draw_from_empty_library,oracle_map_08_60_mixed_threats_counter_wall,1,5,0.0,675526361,rev0099_expanded_matrix_refresh,20,0,oracle_map_08_60_mixed_threats_counter_wall,guard_counter_wall40,False,11,0
127,1,guard_counter_wall40,public_decision_frame+information_state,player_1_attempted_to_draw_from_empty_library,oracle_map_08_60_mixed_threats_counter_wall,1,5,0.0,1409570792,rev0099_expanded_matrix_refresh,20,1,oracle_map_08_60_mixed_threats_counter_wall,guard_counter_wall40,False,12,0
131,0,guard_counter_wall40,public_decision_frame+information_state,player_0_life_total_zero_or_less,oracle_map_08_60_mixed_threats_counter_wall,0,6,0.0,496882332,rev0099_expanded_matrix_refresh,20,0,guard_counter_wall40,oracle_map_08_60_mixed_threats_counter_wall,False,11,1
280,0,guard_counter_wall40,public_decision_frame+information_state,player_1_attempted_to_draw_from_empty_library,oracle_map_08_60_mixed_threats_counter_wall,0,6,1.0,1247034509,rev0099_expanded_matrix_refresh,20,1,guard_counter_wall40,oracle_map_08_60_mixed_threats_counter_wall,False,28,0
121,1,guard_counter_wall40,public_decision_frame+information_state,player_1_life_total_zero_or_less,oracle_map_08_60_mixed_threats_counter_wall,1,6,0.0,1957479909,rev0099_expanded_matrix_refresh,20,0,oracle_map_08_60_mixed_threats_counter_wall,guard_counter_wall40,False,13,0
130,1,guard_counter_wall40,public_decision_frame+information_state,player_1_attempted_to_draw_from_empty_library,oracle_map_08_60_mixed_threats_counter_wall,1,6,0.0,139906714,rev0099_expanded_matrix_refresh,20,1,oracle_map_08_60_mixed_threats_counter_wall,guard_counter_wall40,False,13,0
98,0,guard_counter_wall40,public_decision_frame+information_state,player_1_life_total_zero_or_less,oracle_map_08_60_mixed_threats_counter_wall,0,7,1.0,264719045,rev0099_expanded_matrix_refresh,20,0,guard_counter_wall40,oracle_map_08_60_mixed_threats_counter_wall,False,10,0
208,0,guard_counter_wall40,public_decision_frame+information_state,player_0_attempted_to_draw_from_empty_library,oracle_map_08_60_mixed_threats_counter_wall,0,7,0.0,41456014,rev0099_expanded_matrix_refresh,20,1,guard_counter_wall40,oracle_map_08_60_mixed_threats_counter_wall,False,23,1
133,1,guard_counter_wall40,public_decision_frame+information_state,player_0_attempted_to_draw_from_empty_library,oracle_map_08_60_mixed_threats_counter_wall,1,7,1.0,1669828093,rev0099_expanded_matrix_refresh,20,0,oracle_map_08_60_mixed_threats_counter_wall,guard_counter_wall40,False,13,1
325,1,guard_counter_wall40,public_decision_frame+information_state,player_0_attempted_to_draw_from_empty_library,oracle_map_08_60_mixed_threats_counter_wall,1,7,1.0,428891375,rev0099_expanded_matrix_refresh,20,1,oracle_map_08_60_mixed_threats_counter_wall,guard_counter_wall40,False,33,1
118,0,guard_counter_wall40,public_decision_frame+information_state,player_0_life_total_zero_or_less,oracle_map_08_60_mixed_threats_counter_wall,0,8,0.0,1911814070,rev0099_expanded_matrix_refresh,20,0,guard_counter_wall40,oracle_map_08_60_mixed_threats_counter_wall,False,11,1
230,0,guard_counter_wall40,public_decision_frame+information_state,player_0_life_total_zero_or_less,oracle_map_08_60_mixed_threats_counter_wall,0,8,0.0,1186829104,rev0099_expanded_matrix_refresh,20,1,guard_counter_wall40,oracle_map_08_60_mixed_threats_counter_wall,False,21,1
212,1,guard_counter_wall40,public_decision_frame+information_state,player_1_life_total_zero_or_less,oracle_map_08_60_mixed_threats_counter_wall,1,8,0.0,1107982302,rev0099_expanded_matrix_refresh,20,0,oracle_map_08_60_mixed_threats_counter_wall,guard_counter_wall40,False,21,0
127,1,guard_counter_wall40,public_decision_frame+information_state,player_0_attempted_to_draw_from_empty_library,oracle_map_08_60_mixed_threats_counter_wall,1,8,1.0,21018316,rev0099_expanded_matrix_refresh,20,1,oracle_map_08_60_mixed_threats_counter_wall,guard_counter_wall40,False,12,1
144,0,guard_counter_wall40,public_decision_frame+information_state,player_0_attempted_to_draw_from_empty_library,oracle_map_08_60_mixed_threats_counter_wall,0,9,0.0,1738913409,rev0099_expanded_matrix_refresh,20,0,guard_counter_wall40,oracle_map_08_60_mixed_threats_counter_wall,False,14,1
131,0,guard_counter_wall40,public_decision_frame+information_state,player_0_attempted_to_draw_from_empty_library,oracle_map_08_60_mixed_threats_counter_wall,0,9,0.0,1491954451,rev0099_expanded_matrix_refresh,20,1,guard_counter_wall40,oracle_map_08_60_mixed_threats_counter_wall,False,13,1
153,1,guard_counter_wall40,public_decision_frame+information_state,player_1_life_total_zero_or_less,oracle_map_08_60_mixed_threats_counter_wall,1,9,0.0,465924680,rev0099_expanded_matrix_refresh,20,0,oracle_map_08_60_mixed_threats_counter_wall,guard_counter_wall40,False,14,0
139,1,guard_counter_wall40,public_decision_frame+information_state,player_1_attempted_to_draw_from_empty_library,oracle_map_08_60_mixed_threats_counter_wall,1,9,0.0,854533396,rev0099_expanded_matrix_refresh,20,1,oracle_map_08_60_mixed_threats_counter_wall,guard_counter_wall40,False,15,0
148,0,guard_counter_wall40,public_decision_frame+information_state,player_0_attempted_to_draw_from_empty_library,oracle_map_08_60_mixed_threats_counter_wall,0,0,0.0,315271999,rev0099_expanded_matrix_refresh,40,0,guard_counter_wall40,oracle_map_08_60_mixed_threats_counter_wall,False,14,1
331,0,guard_counter_wall40,public_decision_frame+information_state,player_0_attempted_to_draw_from_empty_library,oracle_map_08_60_mixed_threats_counter_wall,0,0,0.0,82276637,rev0099_expanded_matrix_refresh,40,1,guard_counter_wall40,oracle_map_08_60_mixed_threats_counter_wall,False,35,1
350,1,guard_counter_wall40,public_decision_frame+information_state,player_1_attempted_to_draw_from_empty_library,oracle_map_08_60_mixed_threats_counter_wall,1,0,0.0,126319886,rev0099_expanded_matrix_refresh,40,0,oracle_map_08_60_mixed_threats_counter_wall,guard_counter_wall40,False,27,0
154,1,guard_counter_wall40,public_decision_frame+information_state,player_1_attempted_to_draw_from_empty_library,oracle_map_08_60_mixed_threats_counter_wall,1,0,0.0,402432900,rev0099_expanded_matrix_refresh,40,1,oracle_map_08_60_mixed_threats_counter_wall,guard_counter_wall40,False,16,0
178,0,guard_counter_wall40,public_decision_frame+information_state,player_1_life_total_zero_or_less,oracle_map_08_60_mixed_threats_counter_wall,0,1,1.0,1508408286,rev0099_expanded_matrix_refresh,40,0,guard_counter_wall40,oracle_map_08_60_mixed_threats_counter_wall,False,14,0
155,0,guard_counter_wall40,public_decision_frame+information_state,player_1_life_total_zero_or_less,oracle_map_08_60_mixed_threats_counter_wall,0,1,1.0,215301011,rev0099_expanded_matrix_refresh,40,1,guard_counter_wall40,oracle_map_08_60_mixed_threats_counter_wall,False,15,0
158,1,guard_counter_wall40,public_decision_frame+information_state,player_0_attempted_to_draw_from_empty_library,oracle_map_08_60_mixed_threats_counter_wall,1,1,1.0,201799520,rev0099_expanded_matrix_refresh,40,0,oracle_map_08_60_mixed_threats_counter_wall,guard_counter_wall40,False,17,1
367,1,guard_counter_wall40,public_decision_frame+information_state,player_1_attempted_to_draw_from_empty_library,oracle_map_08_60_mixed_threats_counter_wall,1,1,0.0,1163887313,rev0099_expanded_matrix_refresh,40,1,oracle_map_08_60_mixed_threats_counter_wall,guard_counter_wall40,False,34,0
259,0,guard_counter_wall40,public_decision_frame+information_state,player_1_attempted_to_draw_from_empty_library,oracle_map_08_60_mixed_threats_counter_wall,0,2,1.0,430697513,rev0099_expanded_matrix_refresh,40,0,guard_counter_wall40,oracle_map_08_60_mixed_threats_counter_wall,False,25,0
334,0,guard_counter_wall40,public_decision_frame+information_state,player_0_attempted_to_draw_from_empty_library,oracle_map_08_60_mixed_threats_counter_wall,0,2,0.0,447846172,rev0099_expanded_matrix_refresh,40,1,guard_counter_wall40,oracle_map_08_60_mixed_threats_counter_wall,False,35,1
165,1,guard_counter_wall40,public_decision_frame+information_state,player_1_attempted_to_draw_from_empty_library,oracle_map_08_60_mixed_threats_counter_wall,1,2,0.0,1971612974,rev0099_expanded_matrix_refresh,40,0,oracle_map_08_60_mixed_threats_counter_wall,guard_counter_wall40,False,16,0
135,1,guard_counter_wall40,public_decision_frame+information_state,player_0_attempted_to_draw_from_empty_library,oracle_map_08_60_mixed_threats_counter_wall,1,2,1.0,336839649,rev0099_expanded_matrix_refresh,40,1,oracle_map_08_60_mixed_threats_counter_wall,guard_counter_wall40,False,13,1
309,0,guard_counter_wall40,public_decision_frame+information_state,player_0_attempted_to_draw_from_empty_library,oracle_map_08_60_mixed_threats_counter_wall,0,3,0.0,594715119,rev0099_expanded_matrix_refresh,40,0,guard_counter_wall40,oracle_map_08_60_mixed_threats_counter_wall,False,31,1
166,0,guard_counter_wall40,public_decision_frame+information_state,player_0_life_total_zero_or_less,oracle_map_08_60_mixed_threats_counter_wall,0,3,0.0,1962376714,rev0099_expanded_matrix_refresh,40,1,guard_counter_wall40,oracle_map_08_60_mixed_threats_counter_wall,False,13,1
149,1,guard_counter_wall40,public_decision_frame+information_state,player_1_life_total_zero_or_less,oracle_map_08_60_mixed_threats_counter_wall,1,3,0.0,1727070399,rev0099_expanded_matrix_refresh,40,0,oracle_map_08_60_mixed_threats_counter_wall,guard_counter_wall40,False,12,0
220,1,guard_counter_wall40,public_decision_frame+information_state,player_1_life_total_zero_or_less,oracle_map_08_60_mixed_threats_counter_wall,1,3,0.0,1072652486,rev0099_expanded_matrix_refresh,40,1,oracle_map_08_60_mixed_threats_counter_wall,guard_counter_wall40,False,20,0
189,0,guard_counter_wall40,public_decision_frame+information_state,player_0_life_total_zero_or_less,oracle_map_08_60_mixed_threats_counter_wall,0,4,0.0,17434187,rev0099_expanded_matrix_refresh,40,0,guard_counter_wall40,oracle_map_08_60_mixed_threats_counter_wall,False,14,1
256,0,guard_counter_wall40,public_decision_frame+information_state,player_0_attempted_to_draw_from_empty_library,oracle_map_08_60_mixed_threats_counter_wall,0,4,0.0,1267096831,rev0099_expanded_matrix_refresh,40,1,guard_counter_wall40,oracle_map_08_60_mixed_threats_counter_wall,False,25,1
307,1,guard_counter_wall40,public_decision_frame+information_state,player_0_attempted_to_draw_from_empty_library,oracle_map_08_60_mixed_threats_counter_wall,1,4,1.0,584065769,rev0099_expanded_matrix_refresh,40,0,oracle_map_08_60_mixed_threats_counter_wall,guard_counter_wall40,False,31,1
209,1,guard_counter_wall40,public_decision_frame+information_state,player_1_attempted_to_draw_from_empty_library,oracle_map_08_60_mixed_threats_counter_wall,1,4,0.0,1823197763,rev0099_expanded_matrix_refresh,40,1,oracle_map_08_60_mixed_threats_counter_wall,guard_counter_wall40,False,21,0
167,0,guard_counter_wall40,public_decision_frame+information_state,player_0_life_total_zero_or_less,oracle_map_08_60_mixed_threats_counter_wall,0,5,0.0,1500639725,rev0099_expanded_matrix_refresh,40,0,guard_counter_wall40,oracle_map_08_60_mixed_threats_counter_wall,False,14,1
158,0,guard_counter_wall40,public_decision_frame+information_state,player_0_attempted_to_draw_from_empty_library,oracle_map_08_60_mixed_threats_counter_wall,0,5,0.0,238023006,rev0099_expanded_matrix_refresh,40,1,guard_counter_wall40,oracle_map_08_60_mixed_threats_counter_wall,False,16,1
233,1,guard_counter_wall40,public_decision_frame+information_state,player_1_attempted_to_draw_from_empty_library,oracle_map_08_60_mixed_threats_counter_wall,1,5,0.0,329735098,rev0099_expanded_matrix_refresh,40,0,oracle_map_08_60_mixed_threats_counter_wall,guard_counter_wall40,False,23,0
292,1,guard_counter_wall40,public_decision_frame+information_state,player_0_attempted_to_draw_from_empty_library,oracle_map_08_60_mixed_threats_counter_wall,1,5,1.0,703570595,rev0099_expanded_matrix_refresh,40,1,oracle_map_08_60_mixed_threats_counter_wall,guard_counter_wall40,False,29,1
172,0,guard_counter_wall40,public_decision_frame+information_state,player_1_life_total_zero_or_less,oracle_map_08_60_mixed_threats_counter_wall,0,6,1.0,1545918856,rev0099_expanded_matrix_refresh,40,0,guard_counter_wall40,oracle_map_08_60_mixed_threats_counter_wall,False,14,0
242,0,guard_counter_wall40,public_decision_frame+information_state,player_0_attempted_to_draw_from_empty_library,oracle_map_08_60_mixed_threats_counter_wall,0,6,0.0,326089402,rev0099_expanded_matrix_refresh,40,1,guard_counter_wall40,oracle_map_08_60_mixed_threats_counter_wall,False,24,1
140,1,guard_counter_wall40,public_decision_frame+information_state,player_1_attempted_to_draw_from_empty_library,oracle_map_08_60_mixed_threats_counter_wall,1,6,0.0,1883485438,rev0099_expanded_matrix_refresh,40,0,oracle_map_08_60_mixed_threats_counter_wall,guard_counter_wall40,False,12,0
321,1,guard_counter_wall40,public_decision_frame+information_state,player_1_attempted_to_draw_from_empty_library,oracle_map_08_60_mixed_threats_counter_wall,1,6,0.0,212380440,rev0099_expanded_matrix_refresh,40,1,oracle_map_08_60_mixed_threats_counter_wall,guard_counter_wall40,False,33,0
402,0,guard_counter_wall40,public_decision_frame+information_state,player_1_attempted_to_draw_from_empty_library,oracle_map_08_60_mixed_threats_counter_wall,0,7,1.0,1740416393,rev0099_expanded_matrix_refresh,40,0,guard_counter_wall40,oracle_map_08_60_mixed_threats_counter_wall,False,28,0
146,0,guard_counter_wall40,public_decision_frame+information_state,player_0_attempted_to_draw_from_empty_library,oracle_map_08_60_mixed_threats_counter_wall,0,7,0.0,1551072979,rev0099_expanded_matrix_refresh,40,1,guard_counter_wall40,oracle_map_08_60_mixed_threats_counter_wall,False,14,1
199,1,guard_counter_wall40,public_decision_frame+information_state,player_1_attempted_to_draw_from_empty_library,oracle_map_08_60_mixed_threats_counter_wall,1,7,0.0,1371793960,rev0099_expanded_matrix_refresh,40,0,oracle_map_08_60_mixed_threats_counter_wall,guard_counter_wall40,False,21,0
157,1,guard_counter_wall40,public_decision_frame+information_state,player_1_life_total_zero_or_less,oracle_map_08_60_mixed_threats_counter_wall,1,7,0.0,69726375,rev0099_expanded_matrix_refresh,40,1,oracle_map_08_60_mixed_threats_counter_wall,guard_counter_wall40,False,12,0
152,0,guard_counter_wall40,public_decision_frame+information_state,player_0_attempted_to_draw_from_empty_library,oracle_map_08_60_mixed_threats_counter_wall,0,8,0.0,1997710833,rev0099_expanded_matrix_refresh,40,0,guard_counter_wall40,oracle_map_08_60_mixed_threats_counter_wall,False,14,1
168,0,guard_counter_wall40,public_decision_frame+information_state,player_0_attempted_to_draw_from_empty_library,oracle_map_08_60_mixed_threats_counter_wall,0,8,0.0,406707609,rev0099_expanded_matrix_refresh,40,1,guard_counter_wall40,oracle_map_08_60_mixed_threats_counter_wall,False,18,1
137,1,guard_counter_wall40,public_decision_frame+information_state,player_1_attempted_to_draw_from_empty_library,oracle_map_08_60_mixed_threats_counter_wall,1,8,0.0,1134003366,rev0099_expanded_matrix_refresh,40,0,oracle_map_08_60_mixed_threats_counter_wall,guard_counter_wall40,False,13,0
135,1,guard_counter_wall40,public_decision_frame+information_state,player_0_attempted_to_draw_from_empty_library,oracle_map_08_60_mixed_threats_counter_wall,1,8,1.0,248235295,rev0099_expanded_matrix_refresh,40,1,oracle_map_08_60_mixed_threats_counter_wall,guard_counter_wall40,False,14,1
206,0,guard_counter_wall40,public_decision_frame+information_state,player_0_attempted_to_draw_from_empty_library,oracle_map_08_60_mixed_threats_counter_wall,0,9,0.0,584352735,rev0099_expanded_matrix_refresh,40,0,guard_counter_wall40,oracle_map_08_60_mixed_threats_counter_wall,False,21,1
146,0,guard_counter_wall40,public_decision_frame+information_state,player_0_attempted_to_draw_from_empty_library,oracle_map_08_60_mixed_threats_counter_wall,0,9,0.0,1368977687,rev0099_expanded_matrix_refresh,40,1,guard_counter_wall40,oracle_map_08_60_mixed_threats_counter_wall,False,15,1
227,1,guard_counter_wall40,public_decision_frame+information_state,player_1_attempted_to_draw_from_empty_library,oracle_map_08_60_mixed_threats_counter_wall,1,9,0.0,1999916564,rev0099_expanded_matrix_refresh,40,0,oracle_map_08_60_mixed_threats_counter_wall,guard_counter_wall40,False,22,0
149,1,guard_counter_wall40,public_decision_frame+information_state,player_1_life_total_zero_or_less,oracle_map_08_60_mixed_threats_counter_wall,1,9,0.0,1693700965,rev0099_expanded_matrix_refresh,40,1,oracle_map_08_60_mixed_threats_counter_wall,guard_counter_wall40,False,14,0
191,0,guard_counter_wall60,public_decision_frame+information_state,player_0_life_total_zero_or_less,pub_threat40_closure,0,0,0.0,1921297888,rev0099_expanded_matrix_refresh,20,0,guard_counter_wall60,pub_threat40_closure,False,17,1
116,0,guard_counter_wall60,public_decision_frame+information_state,player_0_life_total_zero_or_less,pub_threat40_closure,0,0,0.0,1544905429,rev0099_expanded_matrix_refresh,20,1,guard_counter_wall60,pub_threat40_closure,False,10,1
205,1,guard_counter_wall60,public_decision_frame+information_state,player_1_life_total_zero_or_less,pub_threat40_closure,1,0,0.0,740738863,rev0099_expanded_matrix_refresh,20,0,pub_threat40_closure,guard_counter_wall60,False,20,0
133,1,guard_counter_wall60,public_decision_frame+information_state,player_0_attempted_to_draw_from_empty_library,pub_threat40_closure,1,0,1.0,1312156048,rev0099_expanded_matrix_refresh,20,1,pub_threat40_closure,guard_counter_wall60,False,14,1
193,0,guard_counter_wall60,public_decision_frame+information_state,player_0_life_total_zero_or_less,pub_threat40_closure,0,1,0.0,1361501649,rev0099_expanded_matrix_refresh,20,0,guard_counter_wall60,pub_threat40_closure,False,18,1
208,0,guard_counter_wall60,public_decision_frame+information_state,player_1_attempted_to_draw_from_empty_library,pub_threat40_closure,0,1,1.0,1193506049,rev0099_expanded_matrix_refresh,20,1,guard_counter_wall60,pub_threat40_closure,False,17,0
192,1,guard_counter_wall60,public_decision_frame+information_state,player_0_attempted_to_draw_from_empty_library,pub_threat40_closure,1,1,1.0,1301251204,rev0099_expanded_matrix_refresh,20,0,pub_threat40_closure,guard_counter_wall60,False,19,1
101,1,guard_counter_wall60,public_decision_frame+information_state,player_0_life_total_zero_or_less,pub_threat40_closure,1,1,1.0,1885246971,rev0099_expanded_matrix_refresh,20,1,pub_threat40_closure,guard_counter_wall60,False,9,1
128,0,guard_counter_wall60,public_decision_frame+information_state,player_1_attempted_to_draw_from_empty_library,pub_threat40_closure,0,2,1.0,1209682873,rev0099_expanded_matrix_refresh,20,0,guard_counter_wall60,pub_threat40_closure,False,12,0
171,0,guard_counter_wall60,public_decision_frame+information_state,player_1_attempted_to_draw_from_empty_library,pub_threat40_closure,0,2,1.0,1498091662,rev0099_expanded_matrix_refresh,20,1,guard_counter_wall60,pub_threat40_closure,False,13,0
168,1,guard_counter_wall60,public_decision_frame+information_state,player_1_life_total_zero_or_less,pub_threat40_closure,1,2,0.0,111521218,rev0099_expanded_matrix_refresh,20,0,pub_threat40_closure,guard_counter_wall60,False,14,0
144,1,guard_counter_wall60,public_decision_frame+information_state,player_1_life_total_zero_or_less,pub_threat40_closure,1,2,0.0,1991699718,rev0099_expanded_matrix_refresh,20,1,pub_threat40_closure,guard_counter_wall60,False,12,0
110,0,guard_counter_wall60,public_decision_frame+information_state,player_0_life_total_zero_or_less,pub_threat40_closure,0,3,0.0,1215884864,rev0099_expanded_matrix_refresh,20,0,guard_counter_wall60,pub_threat40_closure,False,10,1
188,0,guard_counter_wall60,public_decision_frame+information_state,player_1_attempted_to_draw_from_empty_library,pub_threat40_closure,0,3,1.0,1508547997,rev0099_expanded_matrix_refresh,20,1,guard_counter_wall60,pub_threat40_closure,False,18,0
106,1,guard_counter_wall60,public_decision_frame+information_state,player_1_life_total_zero_or_less,pub_threat40_closure,1,3,0.0,1517631146,rev0099_expanded_matrix_refresh,20,0,pub_threat40_closure,guard_counter_wall60,False,9,0
136,1,guard_counter_wall60,public_decision_frame+information_state,player_0_attempted_to_draw_from_empty_library,pub_threat40_closure,1,3,1.0,677487092,rev0099_expanded_matrix_refresh,20,1,pub_threat40_closure,guard_counter_wall60,False,13,1
145,0,guard_counter_wall60,public_decision_frame+information_state,player_0_attempted_to_draw_from_empty_library,pub_threat40_closure,0,4,0.0,240818640,rev0099_expanded_matrix_refresh,20,0,guard_counter_wall60,pub_threat40_closure,False,14,1
142,0,guard_counter_wall60,public_decision_frame+information_state,player_1_attempted_to_draw_from_empty_library,pub_threat40_closure,0,4,1.0,1066361981,rev0099_expanded_matrix_refresh,20,1,guard_counter_wall60,pub_threat40_closure,False,14,0
164,1,guard_counter_wall60,public_decision_frame+information_state,player_1_life_total_zero_or_less,pub_threat40_closure,1,4,0.0,1426793734,rev0099_expanded_matrix_refresh,20,0,pub_threat40_closure,guard_counter_wall60,False,12,0
161,1,guard_counter_wall60,public_decision_frame+information_state,player_1_life_total_zero_or_less,pub_threat40_closure,1,4,0.0,473517001,rev0099_expanded_matrix_refresh,20,1,pub_threat40_closure,guard_counter_wall60,False,12,0
127,0,guard_counter_wall60,public_decision_frame+information_state,player_1_attempted_to_draw_from_empty_library,pub_threat40_closure,0,5,1.0,644330754,rev0099_expanded_matrix_refresh,20,0,guard_counter_wall60,pub_threat40_closure,False,13,0
79,0,guard_counter_wall60,public_decision_frame+information_state,player_0_life_total_zero_or_less,pub_threat40_closure,0,5,0.0,1489403542,rev0099_expanded_matrix_refresh,20,1,guard_counter_wall60,pub_threat40_closure,False,8,1
161,1,guard_counter_wall60,public_decision_frame+information_state,player_1_life_total_zero_or_less,pub_threat40_closure,1,5,0.0,1232304211,rev0099_expanded_matrix_refresh,20,0,pub_threat40_closure,guard_counter_wall60,False,16,0
183,1,guard_counter_wall60,public_decision_frame+information_state,player_0_attempted_to_draw_from_empty_library,pub_threat40_closure,1,5,1.0,333015315,rev0099_expanded_matrix_refresh,20,1,pub_threat40_closure,guard_counter_wall60,False,15,1
223,0,guard_counter_wall60,public_decision_frame+information_state,player_1_attempted_to_draw_from_empty_library,pub_threat40_closure,0,6,1.0,1644664851,rev0099_expanded_matrix_refresh,20,0,guard_counter_wall60,pub_threat40_closure,False,18,0
105,0,guard_counter_wall60,public_decision_frame+information_state,player_1_life_total_zero_or_less,pub_threat40_closure,0,6,1.0,907832692,rev0099_expanded_matrix_refresh,20,1,guard_counter_wall60,pub_threat40_closure,False,11,0
144,1,guard_counter_wall60,public_decision_frame+information_state,player_1_life_total_zero_or_less,pub_threat40_closure,1,6,0.0,1970652403,rev0099_expanded_matrix_refresh,20,0,pub_threat40_closure,guard_counter_wall60,False,14,0
142,1,guard_counter_wall60,public_decision_frame+information_state,player_1_attempted_to_draw_from_empty_library,pub_threat40_closure,1,6,0.0,1589644290,rev0099_expanded_matrix_refresh,20,1,pub_threat40_closure,guard_counter_wall60,False,12,0
115,0,guard_counter_wall60,public_decision_frame+information_state,player_0_attempted_to_draw_from_empty_library,pub_threat40_closure,0,7,0.0,511621304,rev0099_expanded_matrix_refresh,20,0,guard_counter_wall60,pub_threat40_closure,False,11,1
200,0,guard_counter_wall60,public_decision_frame+information_state,player_1_attempted_to_draw_from_empty_library,pub_threat40_closure,0,7,1.0,1989482223,rev0099_expanded_matrix_refresh,20,1,guard_counter_wall60,pub_threat40_closure,False,20,0
108,1,guard_counter_wall60,public_decision_frame+information_state,player_0_life_total_zero_or_less,pub_threat40_closure,1,7,1.0,1538864377,rev0099_expanded_matrix_refresh,20,0,pub_threat40_closure,guard_counter_wall60,False,9,1
168,1,guard_counter_wall60,public_decision_frame+information_state,player_0_attempted_to_draw_from_empty_library,pub_threat40_closure,1,7,1.0,817952421,rev0099_expanded_matrix_refresh,20,1,pub_threat40_closure,guard_counter_wall60,False,16,1
176,0,guard_counter_wall60,public_decision_frame+information_state,player_1_attempted_to_draw_from_empty_library,pub_threat40_closure,0,8,1.0,189305483,rev0099_expanded_matrix_refresh,20,0,guard_counter_wall60,pub_threat40_closure,False,19,0
153,0,guard_counter_wall60,public_decision_frame+information_state,player_0_life_total_zero_or_less,pub_threat40_closure,0,8,0.0,872477066,rev0099_expanded_matrix_refresh,20,1,guard_counter_wall60,pub_threat40_closure,False,15,1
117,1,guard_counter_wall60,public_decision_frame+information_state,player_1_life_total_zero_or_less,pub_threat40_closure,1,8,0.0,1681751280,rev0099_expanded_matrix_refresh,20,0,pub_threat40_closure,guard_counter_wall60,False,9,0
123,1,guard_counter_wall60,public_decision_frame+information_state,player_0_life_total_zero_or_less,pub_threat40_closure,1,8,1.0,568800599,rev0099_expanded_matrix_refresh,20,1,pub_threat40_closure,guard_counter_wall60,False,10,1
179,0,guard_counter_wall60,public_decision_frame+information_state,player_0_attempted_to_draw_from_empty_library,pub_threat40_closure,0,9,0.0,1211609203,rev0099_expanded_matrix_refresh,20,0,guard_counter_wall60,pub_threat40_closure,False,16,1
90,0,guard_counter_wall60,public_decision_frame+information_state,player_0_life_total_zero_or_less,pub_threat40_closure,0,9,0.0,1800503377,rev0099_expanded_matrix_refresh,20,1,guard_counter_wall60,pub_threat40_closure,False,8,1
82,1,guard_counter_wall60,public_decision_frame+information_state,player_1_life_total_zero_or_less,pub_threat40_closure,1,9,0.0,1669831148,rev0099_expanded_matrix_refresh,20,0,pub_threat40_closure,guard_counter_wall60,False,8,0
112,1,guard_counter_wall60,public_decision_frame+information_state,player_1_life_total_zero_or_less,pub_threat40_closure,1,9,0.0,1588726801,rev0099_expanded_matrix_refresh,20,1,pub_threat40_closure,guard_counter_wall60,False,12,0
143,0,guard_counter_wall60,public_decision_frame+information_state,player_1_attempted_to_draw_from_empty_library,pub_threat40_closure,0,0,1.0,1169566001,rev0099_expanded_matrix_refresh,40,0,guard_counter_wall60,pub_threat40_closure,False,14,0
109,0,guard_counter_wall60,public_decision_frame+information_state,player_0_life_total_zero_or_less,pub_threat40_closure,0,0,0.0,1936024357,rev0099_expanded_matrix_refresh,40,1,guard_counter_wall60,pub_threat40_closure,False,10,1
149,1,guard_counter_wall60,public_decision_frame+information_state,player_0_attempted_to_draw_from_empty_library,pub_threat40_closure,1,0,1.0,1499549304,rev0099_expanded_matrix_refresh,40,0,pub_threat40_closure,guard_counter_wall60,False,16,1
140,1,guard_counter_wall60,public_decision_frame+information_state,player_0_attempted_to_draw_from_empty_library,pub_threat40_closure,1,0,1.0,153187869,rev0099_expanded_matrix_refresh,40,1,pub_threat40_closure,guard_counter_wall60,False,14,1
132,0,guard_counter_wall60,public_decision_frame+information_state,player_0_life_total_zero_or_less,pub_threat40_closure,0,1,0.0,1713173008,rev0099_expanded_matrix_refresh,40,0,guard_counter_wall60,pub_threat40_closure,False,11,1
230,0,guard_counter_wall60,public_decision_frame+information_state,player_1_attempted_to_draw_from_empty_library,pub_threat40_closure,0,1,1.0,1828952637,rev0099_expanded_matrix_refresh,40,1,guard_counter_wall60,pub_threat40_closure,False,23,0
198,1,guard_counter_wall60,public_decision_frame+information_state,player_0_attempted_to_draw_from_empty_library,pub_threat40_closure,1,1,1.0,1777241195,rev0099_expanded_matrix_refresh,40,0,pub_threat40_closure,guard_counter_wall60,False,15,1
167,1,guard_counter_wall60,public_decision_frame+information_state,player_1_life_total_zero_or_less,pub_threat40_closure,1,1,0.0,1959744138,rev0099_expanded_matrix_refresh,40,1,pub_threat40_closure,guard_counter_wall60,False,16,0
130,0,guard_counter_wall60,public_decision_frame+information_state,player_0_attempted_to_draw_from_empty_library,pub_threat40_closure,0,2,0.0,431668900,rev0099_expanded_matrix_refresh,40,0,guard_counter_wall60,pub_threat40_closure,False,11,1
121,0,guard_counter_wall60,public_decision_frame+information_state,player_1_attempted_to_draw_from_empty_library,pub_threat40_closure,0,2,1.0,1892422765,rev0099_expanded_matrix_refresh,40,1,guard_counter_wall60,pub_threat40_closure,False,11,0
286,1,guard_counter_wall60,public_decision_frame+information_state,player_1_attempted_to_draw_from_empty_library,pub_threat40_closure,1,2,0.0,1776387713,rev0099_expanded_matrix_refresh,40,0,pub_threat40_closure,guard_counter_wall60,False,26,0
145,1,guard_counter_wall60,public_decision_frame+information_state,player_0_attempted_to_draw_from_empty_library,pub_threat40_closure,1,2,1.0,104463689,rev0099_expanded_matrix_refresh,40,1,pub_threat40_closure,guard_counter_wall60,False,14,1
163,0,guard_counter_wall60,public_decision_frame+information_state,player_0_life_total_zero_or_less,pub_threat40_closure,0,3,0.0,1216384458,rev0099_expanded_matrix_refresh,40,0,guard_counter_wall60,pub_threat40_closure,False,13,1
152,0,guard_counter_wall60,public_decision_frame+information_state,player_0_life_total_zero_or_less,pub_threat40_closure,0,3,0.0,686273412,rev0099_expanded_matrix_refresh,40,1,guard_counter_wall60,pub_threat40_closure,False,14,1
227,1,guard_counter_wall60,public_decision_frame+information_state,player_0_attempted_to_draw_from_empty_library,pub_threat40_closure,1,3,1.0,468663303,rev0099_expanded_matrix_refresh,40,0,pub_threat40_closure,guard_counter_wall60,False,21,1
131,1,guard_counter_wall60,public_decision_frame+information_state,player_1_life_total_zero_or_less,pub_threat40_closure,1,3,0.0,34762646,rev0099_expanded_matrix_refresh,40,1,pub_threat40_closure,guard_counter_wall60,False,12,0
129,0,guard_counter_wall60,public_decision_frame+information_state,player_0_life_total_zero_or_less,pub_threat40_closure,0,4,0.0,18731686,rev0099_expanded_matrix_refresh,40,0,guard_counter_wall60,pub_threat40_closure,False,11,1
240,0,guard_counter_wall60,public_decision_frame+information_state,player_1_attempted_to_draw_from_empty_library,pub_threat40_closure,0,4,1.0,588828373,rev0099_expanded_matrix_refresh,40,1,guard_counter_wall60,pub_threat40_closure,False,25,0
223,1,guard_counter_wall60,public_decision_frame+information_state,player_0_attempted_to_draw_from_empty_library,pub_threat40_closure,1,4,1.0,1382015464,rev0099_expanded_matrix_refresh,40,0,pub_threat40_closure,guard_counter_wall60,False,18,1
126,1,guard_counter_wall60,public_decision_frame+information_state,player_0_attempted_to_draw_from_empty_library,pub_threat40_closure,1,4,1.0,1825750034,rev0099_expanded_matrix_refresh,40,1,pub_threat40_closure,guard_counter_wall60,False,12,1
163,0,guard_counter_wall60,public_decision_frame+information_state,player_1_attempted_to_draw_from_empty_library,pub_threat40_closure,0,5,1.0,1698557754,rev0099_expanded_matrix_refresh,40,0,guard_counter_wall60,pub_threat40_closure,False,16,0
136,0,guard_counter_wall60,public_decision_frame+information_state,player_1_attempted_to_draw_from_empty_library,pub_threat40_closure,0,5,1.0,1749694807,rev0099_expanded_matrix_refresh,40,1,guard_counter_wall60,pub_threat40_closure,False,13,0
153,1,guard_counter_wall60,public_decision_frame+information_state,player_1_attempted_to_draw_from_empty_library,pub_threat40_closure,1,5,0.0,787883364,rev0099_expanded_matrix_refresh,40,0,pub_threat40_closure,guard_counter_wall60,False,12,0
132,1,guard_counter_wall60,public_decision_frame+information_state,player_0_attempted_to_draw_from_empty_library,pub_threat40_closure,1,5,1.0,717870156,rev0099_expanded_matrix_refresh,40,1,pub_threat40_closure,guard_counter_wall60,False,15,1
145,0,guard_counter_wall60,public_decision_frame+information_state,player_1_attempted_to_draw_from_empty_library,pub_threat40_closure,0,6,1.0,1756013558,rev0099_expanded_matrix_refresh,40,0,guard_counter_wall60,pub_threat40_closure,False,14,0
149,0,guard_counter_wall60,public_decision_frame+information_state,player_1_attempted_to_draw_from_empty_library,pub_threat40_closure,0,6,1.0,511431577,rev0099_expanded_matrix_refresh,40,1,guard_counter_wall60,pub_threat40_closure,False,14,0
127,1,guard_counter_wall60,public_decision_frame+information_state,player_1_attempted_to_draw_from_empty_library,pub_threat40_closure,1,6,0.0,467863339,rev0099_expanded_matrix_refresh,40,0,pub_threat40_closure,guard_counter_wall60,False,11,0
166,1,guard_counter_wall60,public_decision_frame+information_state,player_0_attempted_to_draw_from_empty_library,pub_threat40_closure,1,6,1.0,1657353455,rev0099_expanded_matrix_refresh,40,1,pub_threat40_closure,guard_counter_wall60,False,17,1
134,0,guard_counter_wall60,public_decision_frame+information_state,player_1_attempted_to_draw_from_empty_library,pub_threat40_closure,0,7,1.0,1080765931,rev0099_expanded_matrix_refresh,40,0,guard_counter_wall60,pub_threat40_closure,False,13,0
221,0,guard_counter_wall60,public_decision_frame+information_state,player_1_life_total_zero_or_less,pub_threat40_closure,0,7,1.0,1633983542,rev0099_expanded_matrix_refresh,40,1,guard_counter_wall60,pub_threat40_closure,False,20,0
142,1,guard_counter_wall60,public_decision_frame+information_state,player_0_attempted_to_draw_from_empty_library,pub_threat40_closure,1,7,1.0,944499300,rev0099_expanded_matrix_refresh,40,0,pub_threat40_closure,guard_counter_wall60,False,13,1
139,1,guard_counter_wall60,public_decision_frame+information_state,player_0_attempted_to_draw_from_empty_library,pub_threat40_closure,1,7,1.0,1885509751,rev0099_expanded_matrix_refresh,40,1,pub_threat40_closure,guard_counter_wall60,False,15,1
159,0,guard_counter_wall60,public_decision_frame+information_state,player_0_life_total_zero_or_less,pub_threat40_closure,0,8,0.0,879650584,rev0099_expanded_matrix_refresh,40,0,guard_counter_wall60,pub_threat40_closure,False,14,1
191,0,guard_counter_wall60,public_decision_frame+information_state,player_0_attempted_to_draw_from_empty_library,pub_threat40_closure,0,8,0.0,363409092,rev0099_expanded_matrix_refresh,40,1,guard_counter_wall60,pub_threat40_closure,False,18,1
172,1,guard_counter_wall60,public_decision_frame+information_state,player_0_attempted_to_draw_from_empty_library,pub_threat40_closure,1,8,1.0,1219960962,rev0099_expanded_matrix_refresh,40,0,pub_threat40_closure,guard_counter_wall60,False,12,1
133,1,guard_counter_wall60,public_decision_frame+information_state,player_0_attempted_to_draw_from_empty_library,pub_threat40_closure,1,8,1.0,775975963,rev0099_expanded_matrix_refresh,40,1,pub_threat40_closure,guard_counter_wall60,False,11,1
155,0,guard_counter_wall60,public_decision_frame+information_state,player_1_attempted_to_draw_from_empty_library,pub_threat40_closure,0,9,1.0,1872253556,rev0099_expanded_matrix_refresh,40,0,guard_counter_wall60,pub_threat40_closure,False,16,0
252,0,guard_counter_wall60,public_decision_frame+information_state,player_0_attempted_to_draw_from_empty_library,pub_threat40_closure,0,9,0.0,287229857,rev0099_expanded_matrix_refresh,40,1,guard_counter_wall60,pub_threat40_closure,False,25,1
297,1,guard_counter_wall60,public_decision_frame+information_state,player_0_attempted_to_draw_from_empty_library,pub_threat40_closure,1,9,1.0,1884952372,rev0099_expanded_matrix_refresh,40,0,pub_threat40_closure,guard_counter_wall60,False,31,1
258,1,guard_counter_wall60,public_decision_frame+information_state,player_1_attempted_to_draw_from_empty_library,pub_threat40_closure,1,9,0.0,894312226,rev0099_expanded_matrix_refresh,40,1,pub_threat40_closure,guard_counter_wall60,False,24,0
118,0,guard_counter_wall60,public_decision_frame+information_state,player_0_life_total_zero_or_less,pub_threat40_pressure,0,0,0.0,1580799372,rev0099_expanded_matrix_refresh,20,0,guard_counter_wall60,pub_threat40_pressure,False,10,1
138,0,guard_counter_wall60,public_decision_frame+information_state,player_0_attempted_to_draw_from_empty_library,pub_threat40_pressure,0,0,0.0,447504769,rev0099_expanded_matrix_refresh,20,1,guard_counter_wall60,pub_threat40_pressure,False,13,1
136,1,guard_counter_wall60,public_decision_frame+information_state,player_1_life_total_zero_or_less,pub_threat40_pressure,1,0,0.0,882881896,rev0099_expanded_matrix_refresh,20,0,pub_threat40_pressure,guard_counter_wall60,False,11,0
306,1,guard_counter_wall60,public_decision_frame+information_state,player_0_attempted_to_draw_from_empty_library,pub_threat40_pressure,1,0,1.0,1256490386,rev0099_expanded_matrix_refresh,20,1,pub_threat40_pressure,guard_counter_wall60,False,31,1
146,0,guard_counter_wall60,public_decision_frame+information_state,player_0_life_total_zero_or_less,pub_threat40_pressure,0,1,0.0,624105147,rev0099_expanded_matrix_refresh,20,0,guard_counter_wall60,pub_threat40_pressure,False,12,1
264,0,guard_counter_wall60,public_decision_frame+information_state,player_1_attempted_to_draw_from_empty_library,pub_threat40_pressure,0,1,1.0,999073290,rev0099_expanded_matrix_refresh,20,1,guard_counter_wall60,pub_threat40_pressure,False,23,0
119,1,guard_counter_wall60,public_decision_frame+information_state,player_0_attempted_to_draw_from_empty_library,pub_threat40_pressure,1,1,1.0,127238717,rev0099_expanded_matrix_refresh,20,0,pub_threat40_pressure,guard_counter_wall60,False,12,1
114,1,guard_counter_wall60,public_decision_frame+information_state,player_1_life_total_zero_or_less,pub_threat40_pressure,1,1,0.0,612836975,rev0099_expanded_matrix_refresh,20,1,pub_threat40_pressure,guard_counter_wall60,False,12,0
131,0,guard_counter_wall60,public_decision_frame+information_state,player_1_attempted_to_draw_from_empty_library,pub_threat40_pressure,0,2,1.0,1770189761,rev0099_expanded_matrix_refresh,20,0,guard_counter_wall60,pub_threat40_pressure,False,13,0
82,0,guard_counter_wall60,public_decision_frame+information_state,player_0_life_total_zero_or_less,pub_threat40_pressure,0,2,0.0,843958746,rev0099_expanded_matrix_refresh,20,1,guard_counter_wall60,pub_threat40_pressure,False,8,1
190,1,guard_counter_wall60,public_decision_frame+information_state,player_1_life_total_zero_or_less,pub_threat40_pressure,1,2,0.0,1903798418,rev0099_expanded_matrix_refresh,20,0,pub_threat40_pressure,guard_counter_wall60,False,19,0
137,1,guard_counter_wall60,public_decision_frame+information_state,player_1_life_total_zero_or_less,pub_threat40_pressure,1,2,0.0,70066739,rev0099_expanded_matrix_refresh,20,1,pub_threat40_pressure,guard_counter_wall60,False,13,0
131,0,guard_counter_wall60,public_decision_frame+information_state,player_0_attempted_to_draw_from_empty_library,pub_threat40_pressure,0,3,0.0,1743488578,rev0099_expanded_matrix_refresh,20,0,guard_counter_wall60,pub_threat40_pressure,False,13,1
100,0,guard_counter_wall60,public_decision_frame+information_state,player_0_life_total_zero_or_less,pub_threat40_pressure,0,3,0.0,188487130,rev0099_expanded_matrix_refresh,20,1,guard_counter_wall60,pub_threat40_pressure,False,9,1
172,1,guard_counter_wall60,public_decision_frame+information_state,player_0_attempted_to_draw_from_empty_library,pub_threat40_pressure,1,3,1.0,723339215,rev0099_expanded_matrix_refresh,20,0,pub_threat40_pressure,guard_counter_wall60,False,14,1
209,1,guard_counter_wall60,public_decision_frame+information_state,player_0_attempted_to_draw_from_empty_library,pub_threat40_pressure,1,3,1.0,1294440906,rev0099_expanded_matrix_refresh,20,1,pub_threat40_pressure,guard_counter_wall60,False,21,1
119,0,guard_counter_wall60,public_decision_frame+information_state,player_0_life_total_zero_or_less,pub_threat40_pressure,0,4,0.0,5519753,rev0099_expanded_matrix_refresh,20,0,guard_counter_wall60,pub_threat40_pressure,False,11,1
133,0,guard_counter_wall60,public_decision_frame+information_state,player_0_attempted_to_draw_from_empty_library,pub_threat40_pressure,0,4,0.0,1174719356,rev0099_expanded_matrix_refresh,20,1,guard_counter_wall60,pub_threat40_pressure,False,12,1
194,1,guard_counter_wall60,public_decision_frame+information_state,player_0_attempted_to_draw_from_empty_library,pub_threat40_pressure,1,4,1.0,584279074,rev0099_expanded_matrix_refresh,20,0,pub_threat40_pressure,guard_counter_wall60,False,17,1
176,1,guard_counter_wall60,public_decision_frame+information_state,player_0_attempted_to_draw_from_empty_library,pub_threat40_pressure,1,4,1.0,1867716890,rev0099_expanded_matrix_refresh,20,1,pub_threat40_pressure,guard_counter_wall60,False,15,1
134,0,guard_counter_wall60,public_decision_frame+information_state,player_1_attempted_to_draw_from_empty_library,pub_threat40_pressure,0,5,1.0,940598356,rev0099_expanded_matrix_refresh,20,0,guard_counter_wall60,pub_threat40_pressure,False,11,0
142,0,guard_counter_wall60,public_decision_frame+information_state,player_1_life_total_zero_or_less,pub_threat40_pressure,0,5,1.0,512422974,rev0099_expanded_matrix_refresh,20,1,guard_counter_wall60,pub_threat40_pressure,False,13,0
92,1,guard_counter_wall60,public_decision_frame+information_state,player_1_life_total_zero_or_less,pub_threat40_pressure,1,5,0.0,1901300656,rev0099_expanded_matrix_refresh,20,0,pub_threat40_pressure,guard_counter_wall60,False,9,0
127,1,guard_counter_wall60,public_decision_frame+information_state,player_1_life_total_zero_or_less,pub_threat40_pressure,1,5,0.0,870933119,rev0099_expanded_matrix_refresh,20,1,pub_threat40_pressure,guard_counter_wall60,False,11,0
121,0,guard_counter_wall60,public_decision_frame+information_state,player_0_life_total_zero_or_less,pub_threat40_pressure,0,6,0.0,775069054,rev0099_expanded_matrix_refresh,20,0,guard_counter_wall60,pub_threat40_pressure,False,10,1
168,0,guard_counter_wall60,public_decision_frame+information_state,player_1_attempted_to_draw_from_empty_library,pub_threat40_pressure,0,6,1.0,1980438123,rev0099_expanded_matrix_refresh,20,1,guard_counter_wall60,pub_threat40_pressure,False,17,0
126,1,guard_counter_wall60,public_decision_frame+information_state,player_0_attempted_to_draw_from_empty_library,pub_threat40_pressure,1,6,1.0,1226443025,rev0099_expanded_matrix_refresh,20,0,pub_threat40_pressure,guard_counter_wall60,False,13,1
144,1,guard_counter_wall60,public_decision_frame+information_state,player_1_life_total_zero_or_less,pub_threat40_pressure,1,6,0.0,1687537638,rev0099_expanded_matrix_refresh,20,1,pub_threat40_pressure,guard_counter_wall60,False,14,0
166,0,guard_counter_wall60,public_decision_frame+information_state,player_0_life_total_zero_or_less,pub_threat40_pressure,0,7,0.0,565591192,rev0099_expanded_matrix_refresh,20,0,guard_counter_wall60,pub_threat40_pressure,False,14,1
113,0,guard_counter_wall60,public_decision_frame+information_state,player_0_life_total_zero_or_less,pub_threat40_pressure,0,7,0.0,23813357,rev0099_expanded_matrix_refresh,20,1,guard_counter_wall60,pub_threat40_pressure,False,10,1
119,1,guard_counter_wall60,public_decision_frame+information_state,player_1_life_total_zero_or_less,pub_threat40_pressure,1,7,0.0,132277747,rev0099_expanded_matrix_refresh,20,0,pub_threat40_pressure,guard_counter_wall60,False,10,0
167,1,guard_counter_wall60,public_decision_frame+information_state,player_1_attempted_to_draw_from_empty_library,pub_threat40_pressure,1,7,0.0,1700419800,rev0099_expanded_matrix_refresh,20,1,pub_threat40_pressure,guard_counter_wall60,False,15,0
94,0,guard_counter_wall60,public_decision_frame+information_state,player_0_life_total_zero_or_less,pub_threat40_pressure,0,8,0.0,1318904014,rev0099_expanded_matrix_refresh,20,0,guard_counter_wall60,pub_threat40_pressure,False,8,1
243,0,guard_counter_wall60,public_decision_frame+information_state,player_1_attempted_to_draw_from_empty_library,pub_threat40_pressure,0,8,1.0,1955027137,rev0099_expanded_matrix_refresh,20,1,guard_counter_wall60,pub_threat40_pressure,False,23,0
102,1,guard_counter_wall60,public_decision_frame+information_state,player_1_life_total_zero_or_less,pub_threat40_pressure,1,8,0.0,1241832258,rev0099_expanded_matrix_refresh,20,0,pub_threat40_pressure,guard_counter_wall60,False,9,0
167,1,guard_counter_wall60,public_decision_frame+information_state,player_0_attempted_to_draw_from_empty_library,pub_threat40_pressure,1,8,1.0,340042448,rev0099_expanded_matrix_refresh,20,1,pub_threat40_pressure,guard_counter_wall60,False,16,1
170,0,guard_counter_wall60,public_decision_frame+information_state,player_1_attempted_to_draw_from_empty_library,pub_threat40_pressure,0,9,1.0,1862649226,rev0099_expanded_matrix_refresh,20,0,guard_counter_wall60,pub_threat40_pressure,False,16,0
166,0,guard_counter_wall60,public_decision_frame+information_state,player_0_life_total_zero_or_less,pub_threat40_pressure,0,9,0.0,261739763,rev0099_expanded_matrix_refresh,20,1,guard_counter_wall60,pub_threat40_pressure,False,14,1
142,1,guard_counter_wall60,public_decision_frame+information_state,player_1_life_total_zero_or_less,pub_threat40_pressure,1,9,0.0,1213569531,rev0099_expanded_matrix_refresh,20,0,pub_threat40_pressure,guard_counter_wall60,False,13,0
129,1,guard_counter_wall60,public_decision_frame+information_state,player_0_life_total_zero_or_less,pub_threat40_pressure,1,9,1.0,1100593109,rev0099_expanded_matrix_refresh,20,1,pub_threat40_pressure,guard_counter_wall60,False,10,1
284,0,guard_counter_wall60,public_decision_frame+information_state,player_1_attempted_to_draw_from_empty_library,pub_threat40_pressure,0,0,1.0,1810068473,rev0099_expanded_matrix_refresh,40,0,guard_counter_wall60,pub_threat40_pressure,False,22,0
115,0,guard_counter_wall60,public_decision_frame+information_state,player_0_life_total_zero_or_less,pub_threat40_pressure,0,0,0.0,473739396,rev0099_expanded_matrix_refresh,40,1,guard_counter_wall60,pub_threat40_pressure,False,10,1
144,1,guard_counter_wall60,public_decision_frame+information_state,player_1_attempted_to_draw_from_empty_library,pub_threat40_pressure,1,0,0.0,12971858,rev0099_expanded_matrix_refresh,40,0,pub_threat40_pressure,guard_counter_wall60,False,12,0
162,1,guard_counter_wall60,public_decision_frame+information_state,player_0_attempted_to_draw_from_empty_library,pub_threat40_pressure,1,0,1.0,1332154620,rev0099_expanded_matrix_refresh,40,1,pub_threat40_pressure,guard_counter_wall60,False,15,1
143,0,guard_counter_wall60,public_decision_frame+information_state,player_0_attempted_to_draw_from_empty_library,pub_threat40_pressure,0,1,0.0,1814880637,rev0099_expanded_matrix_refresh,40,0,guard_counter_wall60,pub_threat40_pressure,False,13,1
156,0,guard_counter_wall60,public_decision_frame+information_state,player_0_attempted_to_draw_from_empty_library,pub_threat40_pressure,0,1,0.0,1884019792,rev0099_expanded_matrix_refresh,40,1,guard_counter_wall60,pub_threat40_pressure,False,14,1
143,1,guard_counter_wall60,public_decision_frame+information_state,player_0_attempted_to_draw_from_empty_library,pub_threat40_pressure,1,1,1.0,613599427,rev0099_expanded_matrix_refresh,40,0,pub_threat40_pressure,guard_counter_wall60,False,13,1
191,1,guard_counter_wall60,public_decision_frame+information_state,player_0_attempted_to_draw_from_empty_library,pub_threat40_pressure,1,1,1.0,1999125550,rev0099_expanded_matrix_refresh,40,1,pub_threat40_pressure,guard_counter_wall60,False,17,1
151,0,guard_counter_wall60,public_decision_frame+information_state,player_0_attempted_to_draw_from_empty_library,pub_threat40_pressure,0,2,0.0,252545708,rev0099_expanded_matrix_refresh,40,0,guard_counter_wall60,pub_threat40_pressure,False,13,1
245,0,guard_counter_wall60,public_decision_frame+information_state,player_1_attempted_to_draw_from_empty_library,pub_threat40_pressure,0,2,1.0,730073611,rev0099_expanded_matrix_refresh,40,1,guard_counter_wall60,pub_threat40_pressure,False,16,0
318,1,guard_counter_wall60,public_decision_frame+information_state,player_0_attempted_to_draw_from_empty_library,pub_threat40_pressure,1,2,1.0,1241558365,rev0099_expanded_matrix_refresh,40,0,pub_threat40_pressure,guard_counter_wall60,False,31,1
117,1,guard_counter_wall60,public_decision_frame+information_state,player_0_attempted_to_draw_from_empty_library,pub_threat40_pressure,1,2,1.0,1524689724,rev0099_expanded_matrix_refresh,40,1,pub_threat40_pressure,guard_counter_wall60,False,11,1
213,0,guard_counter_wall60,public_decision_frame+information_state,player_1_attempted_to_draw_from_empty_library,pub_threat40_pressure,0,3,1.0,1255013194,rev0099_expanded_matrix_refresh,40,0,guard_counter_wall60,pub_threat40_pressure,False,22,0
132,0,guard_counter_wall60,public_decision_frame+information_state,player_1_attempted_to_draw_from_empty_library,pub_threat40_pressure,0,3,1.0,596020997,rev0099_expanded_matrix_refresh,40,1,guard_counter_wall60,pub_threat40_pressure,False,14,0
177,1,guard_counter_wall60,public_decision_frame+information_state,player_0_attempted_to_draw_from_empty_library,pub_threat40_pressure,1,3,1.0,99708486,rev0099_expanded_matrix_refresh,40,0,pub_threat40_pressure,guard_counter_wall60,False,15,1
123,1,guard_counter_wall60,public_decision_frame+information_state,player_1_attempted_to_draw_from_empty_library,pub_threat40_pressure,1,3,0.0,1368799500,rev0099_expanded_matrix_refresh,40,1,pub_threat40_pressure,guard_counter_wall60,False,11,0
161,0,guard_counter_wall60,public_decision_frame+information_state,player_1_attempted_to_draw_from_empty_library,pub_threat40_pressure,0,4,1.0,807580138,rev0099_expanded_matrix_refresh,40,0,guard_counter_wall60,pub_threat40_pressure,False,12,0
249,0,guard_counter_wall60,public_decision_frame+information_state,player_1_attempted_to_draw_from_empty_library,pub_threat40_pressure,0,4,1.0,1457794756,rev0099_expanded_matrix_refresh,40,1,guard_counter_wall60,pub_threat40_pressure,False,25,0
219,1,guard_counter_wall60,public_decision_frame+information_state,player_0_life_total_zero_or_less,pub_threat40_pressure,1,4,1.0,567856704,rev0099_expanded_matrix_refresh,40,0,pub_threat40_pressure,guard_counter_wall60,False,15,1
172,1,guard_counter_wall60,public_decision_frame+information_state,player_1_attempted_to_draw_from_empty_library,pub_threat40_pressure,1,4,0.0,261522349,rev0099_expanded_matrix_refresh,40,1,pub_threat40_pressure,guard_counter_wall60,False,16,0
146,0,guard_counter_wall60,public_decision_frame+information_state,player_0_attempted_to_draw_from_empty_library,pub_threat40_pressure,0,5,0.0,313126424,rev0099_expanded_matrix_refresh,40,0,guard_counter_wall60,pub_threat40_pressure,False,14,1
137,0,guard_counter_wall60,public_decision_frame+information_state,player_1_attempted_to_draw_from_empty_library,pub_threat40_pressure,0,5,1.0,1438502643,rev0099_expanded_matrix_refresh,40,1,guard_counter_wall60,pub_threat40_pressure,False,13,0
237,1,guard_counter_wall60,public_decision_frame+information_state,player_0_attempted_to_draw_from_empty_library,pub_threat40_pressure,1,5,1.0,834818740,rev0099_expanded_matrix_refresh,40,0,pub_threat40_pressure,guard_counter_wall60,False,24,1
156,1,guard_counter_wall60,public_decision_frame+information_state,player_0_attempted_to_draw_from_empty_library,pub_threat40_pressure,1,5,1.0,156132468,rev0099_expanded_matrix_refresh,40,1,pub_threat40_pressure,guard_counter_wall60,False,14,1
113,0,guard_counter_wall60,public_decision_frame+information_state,player_0_life_total_zero_or_less,pub_threat40_pressure,0,6,0.0,1538304073,rev0099_expanded_matrix_refresh,40,0,guard_counter_wall60,pub_threat40_pressure,False,10,1
145,0,guard_counter_wall60,public_decision_frame+information_state,player_0_life_total_zero_or_less,pub_threat40_pressure,0,6,0.0,1643261109,rev0099_expanded_matrix_refresh,40,1,guard_counter_wall60,pub_threat40_pressure,False,14,1
128,1,guard_counter_wall60,public_decision_frame+information_state,player_0_attempted_to_draw_from_empty_library,pub_threat40_pressure,1,6,1.0,858030052,rev0099_expanded_matrix_refresh,40,0,pub_threat40_pressure,guard_counter_wall60,False,11,1
216,1,guard_counter_wall60,public_decision_frame+information_state,player_0_attempted_to_draw_from_empty_library,pub_threat40_pressure,1,6,1.0,558373535,rev0099_expanded_matrix_refresh,40,1,pub_threat40_pressure,guard_counter_wall60,False,19,1
144,0,guard_counter_wall60,public_decision_frame+information_state,player_0_life_total_zero_or_less,pub_threat40_pressure,0,7,0.0,1917946268,rev0099_expanded_matrix_refresh,40,0,guard_counter_wall60,pub_threat40_pressure,False,12,1
210,0,guard_counter_wall60,public_decision_frame+information_state,player_1_attempted_to_draw_from_empty_library,pub_threat40_pressure,0,7,1.0,917565142,rev0099_expanded_matrix_refresh,40,1,guard_counter_wall60,pub_threat40_pressure,False,21,0
150,1,guard_counter_wall60,public_decision_frame+information_state,player_0_attempted_to_draw_from_empty_library,pub_threat40_pressure,1,7,1.0,883145605,rev0099_expanded_matrix_refresh,40,0,pub_threat40_pressure,guard_counter_wall60,False,16,1
128,1,guard_counter_wall60,public_decision_frame+information_state,player_1_attempted_to_draw_from_empty_library,pub_threat40_pressure,1,7,0.0,1791807181,rev0099_expanded_matrix_refresh,40,1,pub_threat40_pressure,guard_counter_wall60,False,11,0
104,0,guard_counter_wall60,public_decision_frame+information_state,player_0_life_total_zero_or_less,pub_threat40_pressure,0,8,0.0,679215143,rev0099_expanded_matrix_refresh,40,0,guard_counter_wall60,pub_threat40_pressure,False,9,1
185,0,guard_counter_wall60,public_decision_frame+information_state,player_1_attempted_to_draw_from_empty_library,pub_threat40_pressure,0,8,1.0,1045932560,rev0099_expanded_matrix_refresh,40,1,guard_counter_wall60,pub_threat40_pressure,False,18,0
211,1,guard_counter_wall60,public_decision_frame+information_state,player_0_attempted_to_draw_from_empty_library,pub_threat40_pressure,1,8,1.0,1743568551,rev0099_expanded_matrix_refresh,40,0,pub_threat40_pressure,guard_counter_wall60,False,19,1
126,1,guard_counter_wall60,public_decision_frame+information_state,player_1_attempted_to_draw_from_empty_library,pub_threat40_pressure,1,8,0.0,1656123763,rev0099_expanded_matrix_refresh,40,1,pub_threat40_pressure,guard_counter_wall60,False,12,0
121,0,guard_counter_wall60,public_decision_frame+information_state,player_0_attempted_to_draw_from_empty_library,pub_threat40_pressure,0,9,0.0,1805253449,rev0099_expanded_matrix_refresh,40,0,guard_counter_wall60,pub_threat40_pressure,False,11,1
269,0,guard_counter_wall60,public_decision_frame+information_state,player_0_attempted_to_draw_from_empty_library,pub_threat40_pressure,0,9,0.0,1104195811,rev0099_expanded_matrix_refresh,40,1,guard_counter_wall60,pub_threat40_pressure,False,25,1
267,1,guard_counter_wall60,public_decision_frame+information_state,player_1_attempted_to_draw_from_empty_library,pub_threat40_pressure,1,9,0.0,1331898362,rev0099_expanded_matrix_refresh,40,0,pub_threat40_pressure,guard_counter_wall60,False,28,0
125,1,guard_counter_wall60,public_decision_frame+information_state,player_1_life_total_zero_or_less,pub_threat40_pressure,1,9,0.0,1210218231,rev0099_expanded_matrix_refresh,40,1,pub_threat40_pressure,guard_counter_wall60,False,12,0
158,0,guard_counter_wall60,public_decision_frame+information_state,player_1_attempted_to_draw_from_empty_library,pub_threat40_surge,0,0,1.0,1158116730,rev0099_expanded_matrix_refresh,20,0,guard_counter_wall60,pub_threat40_surge,False,14,0
203,0,guard_counter_wall60,public_decision_frame+information_state,player_1_life_total_zero_or_less,pub_threat40_surge,0,0,1.0,256260390,rev0099_expanded_matrix_refresh,20,1,guard_counter_wall60,pub_threat40_surge,False,20,0
127,1,guard_counter_wall60,public_decision_frame+information_state,player_0_attempted_to_draw_from_empty_library,pub_threat40_surge,1,0,1.0,1984974548,rev0099_expanded_matrix_refresh,20,0,pub_threat40_surge,guard_counter_wall60,False,12,1
235,1,guard_counter_wall60,public_decision_frame+information_state,player_1_attempted_to_draw_from_empty_library,pub_threat40_surge,1,0,0.0,1489379673,rev0099_expanded_matrix_refresh,20,1,pub_threat40_surge,guard_counter_wall60,False,20,0
176,0,guard_counter_wall60,public_decision_frame+information_state,player_1_attempted_to_draw_from_empty_library,pub_threat40_surge,0,1,1.0,873446693,rev0099_expanded_matrix_refresh,20,0,guard_counter_wall60,pub_threat40_surge,False,16,0
91,0,guard_counter_wall60,public_decision_frame+information_state,player_0_life_total_zero_or_less,pub_threat40_surge,0,1,0.0,1326649546,rev0099_expanded_matrix_refresh,20,1,guard_counter_wall60,pub_threat40_surge,False,9,1
214,1,guard_counter_wall60,public_decision_frame+information_state,player_1_attempted_to_draw_from_empty_library,pub_threat40_surge,1,1,0.0,1839710456,rev0099_expanded_matrix_refresh,20,0,pub_threat40_surge,guard_counter_wall60,False,20,0
133,1,guard_counter_wall60,public_decision_frame+information_state,player_0_attempted_to_draw_from_empty_library,pub_threat40_surge,1,1,1.0,1672078475,rev0099_expanded_matrix_refresh,20,1,pub_threat40_surge,guard_counter_wall60,False,12,1
205,0,guard_counter_wall60,public_decision_frame+information_state,player_0_attempted_to_draw_from_empty_library,pub_threat40_surge,0,2,0.0,574475685,rev0099_expanded_matrix_refresh,20,0,guard_counter_wall60,pub_threat40_surge,False,19,1
107,0,guard_counter_wall60,public_decision_frame+information_state,player_0_life_total_zero_or_less,pub_threat40_surge,0,2,0.0,190977681,rev0099_expanded_matrix_refresh,20,1,guard_counter_wall60,pub_threat40_surge,False,9,1
190,1,guard_counter_wall60,public_decision_frame+information_state,player_0_attempted_to_draw_from_empty_library,pub_threat40_surge,1,2,1.0,517839259,rev0099_expanded_matrix_refresh,20,0,pub_threat40_surge,guard_counter_wall60,False,19,1
137,1,guard_counter_wall60,public_decision_frame+information_state,player_0_attempted_to_draw_from_empty_library,pub_threat40_surge,1,2,1.0,1800789582,rev0099_expanded_matrix_refresh,20,1,pub_threat40_surge,guard_counter_wall60,False,13,1
171,0,guard_counter_wall60,public_decision_frame+information_state,player_1_life_total_zero_or_less,pub_threat40_surge,0,3,1.0,1400668468,rev0099_expanded_matrix_refresh,20,0,guard_counter_wall60,pub_threat40_surge,False,12,0
223,0,guard_counter_wall60,public_decision_frame+information_state,player_1_attempted_to_draw_from_empty_library,pub_threat40_surge,0,3,1.0,903618806,rev0099_expanded_matrix_refresh,20,1,guard_counter_wall60,pub_threat40_surge,False,19,0
142,1,guard_counter_wall60,public_decision_frame+information_state,player_1_life_total_zero_or_less,pub_threat40_surge,1,3,0.0,611828666,rev0099_expanded_matrix_refresh,20,0,pub_threat40_surge,guard_counter_wall60,False,12,0
116,1,guard_counter_wall60,public_decision_frame+information_state,player_0_life_total_zero_or_less,pub_threat40_surge,1,3,1.0,106845011,rev0099_expanded_matrix_refresh,20,1,pub_threat40_surge,guard_counter_wall60,False,11,1
288,0,guard_counter_wall60,public_decision_frame+information_state,player_1_attempted_to_draw_from_empty_library,pub_threat40_surge,0,4,1.0,1178362978,rev0099_expanded_matrix_refresh,20,0,guard_counter_wall60,pub_threat40_surge,False,30,0
201,0,guard_counter_wall60,public_decision_frame+information_state,player_0_life_total_zero_or_less,pub_threat40_surge,0,4,0.0,442105822,rev0099_expanded_matrix_refresh,20,1,guard_counter_wall60,pub_threat40_surge,False,19,1
86,1,guard_counter_wall60,public_decision_frame+information_state,player_1_life_total_zero_or_less,pub_threat40_surge,1,4,0.0,1534749006,rev0099_expanded_matrix_refresh,20,0,pub_threat40_surge,guard_counter_wall60,False,8,0
197,1,guard_counter_wall60,public_decision_frame+information_state,player_1_life_total_zero_or_less,pub_threat40_surge,1,4,0.0,536419761,rev0099_expanded_matrix_refresh,20,1,pub_threat40_surge,guard_counter_wall60,False,20,0
230,0,guard_counter_wall60,public_decision_frame+information_state,player_1_attempted_to_draw_from_empty_library,pub_threat40_surge,0,5,1.0,1714065414,rev0099_expanded_matrix_refresh,20,0,guard_counter_wall60,pub_threat40_surge,False,18,0
236,0,guard_counter_wall60,public_decision_frame+information_state,player_1_attempted_to_draw_from_empty_library,pub_threat40_surge,0,5,1.0,598539859,rev0099_expanded_matrix_refresh,20,1,guard_counter_wall60,pub_threat40_surge,False,23,0
129,1,guard_counter_wall60,public_decision_frame+information_state,player_1_life_total_zero_or_less,pub_threat40_surge,1,5,0.0,791411992,rev0099_expanded_matrix_refresh,20,0,pub_threat40_surge,guard_counter_wall60,False,10,0
116,1,guard_counter_wall60,public_decision_frame+information_state,player_1_life_total_zero_or_less,pub_threat40_surge,1,5,0.0,354015708,rev0099_expanded_matrix_refresh,20,1,pub_threat40_surge,guard_counter_wall60,False,11,0
115,0,guard_counter_wall60,public_decision_frame+information_state,player_0_life_total_zero_or_less,pub_threat40_surge,0,6,0.0,356512197,rev0099_expanded_matrix_refresh,20,0,guard_counter_wall60,pub_threat40_surge,False,10,1
223,0,guard_counter_wall60,public_decision_frame+information_state,player_0_life_total_zero_or_less,pub_threat40_surge,0,6,0.0,1161675267,rev0099_expanded_matrix_refresh,20,1,guard_counter_wall60,pub_threat40_surge,False,23,1
219,1,guard_counter_wall60,public_decision_frame+information_state,player_1_attempted_to_draw_from_empty_library,pub_threat40_surge,1,6,0.0,1913715036,rev0099_expanded_matrix_refresh,20,0,pub_threat40_surge,guard_counter_wall60,False,21,0
140,1,guard_counter_wall60,public_decision_frame+information_state,player_0_attempted_to_draw_from_empty_library,pub_threat40_surge,1,6,1.0,673046612,rev0099_expanded_matrix_refresh,20,1,pub_threat40_surge,guard_counter_wall60,False,14,1
142,0,guard_counter_wall60,public_decision_frame+information_state,player_1_attempted_to_draw_from_empty_library,pub_threat40_surge,0,7,1.0,399381824,rev0099_expanded_matrix_refresh,20,0,guard_counter_wall60,pub_threat40_surge,False,13,0
225,0,guard_counter_wall60,public_decision_frame+information_state,player_1_attempted_to_draw_from_empty_library,pub_threat40_surge,0,7,1.0,249220149,rev0099_expanded_matrix_refresh,20,1,guard_counter_wall60,pub_threat40_surge,False,17,0
142,1,guard_counter_wall60,public_decision_frame+information_state,player_1_life_total_zero_or_less,pub_threat40_surge,1,7,0.0,594546420,rev0099_expanded_matrix_refresh,20,0,pub_threat40_surge,guard_counter_wall60,False,12,0
115,1,guard_counter_wall60,public_decision_frame+information_state,player_1_life_total_zero_or_less,pub_threat40_surge,1,7,0.0,376451338,rev0099_expanded_matrix_refresh,20,1,pub_threat40_surge,guard_counter_wall60,False,11,0
180,0,guard_counter_wall60,public_decision_frame+information_state,player_1_attempted_to_draw_from_empty_library,pub_threat40_surge,0,8,1.0,1271444599,rev0099_expanded_matrix_refresh,20,0,guard_counter_wall60,pub_threat40_surge,False,18,0
136,0,guard_counter_wall60,public_decision_frame+information_state,player_0_life_total_zero_or_less,pub_threat40_surge,0,8,0.0,740450948,rev0099_expanded_matrix_refresh,20,1,guard_counter_wall60,pub_threat40_surge,False,13,1
198,1,guard_counter_wall60,public_decision_frame+information_state,player_0_attempted_to_draw_from_empty_library,pub_threat40_surge,1,8,1.0,458137178,rev0099_expanded_matrix_refresh,20,0,pub_threat40_surge,guard_counter_wall60,False,17,1
143,1,guard_counter_wall60,public_decision_frame+information_state,player_0_attempted_to_draw_from_empty_library,pub_threat40_surge,1,8,1.0,481169303,rev0099_expanded_matrix_refresh,20,1,pub_threat40_surge,guard_counter_wall60,False,14,1
83,0,guard_counter_wall60,public_decision_frame+information_state,player_0_life_total_zero_or_less,pub_threat40_surge,0,9,0.0,1088171172,rev0099_expanded_matrix_refresh,20,0,guard_counter_wall60,pub_threat40_surge,False,8,1
139,0,guard_counter_wall60,public_decision_frame+information_state,player_1_attempted_to_draw_from_empty_library,pub_threat40_surge,0,9,1.0,113234431,rev0099_expanded_matrix_refresh,20,1,guard_counter_wall60,pub_threat40_surge,False,13,0
111,1,guard_counter_wall60,public_decision_frame+information_state,player_1_life_total_zero_or_less,pub_threat40_surge,1,9,0.0,1867052538,rev0099_expanded_matrix_refresh,20,0,pub_threat40_surge,guard_counter_wall60,False,9,0
122,1,guard_counter_wall60,public_decision_frame+information_state,player_1_life_total_zero_or_less,pub_threat40_surge,1,9,0.0,1301532053,rev0099_expanded_matrix_refresh,20,1,pub_threat40_surge,guard_counter_wall60,False,10,0
197,0,guard_counter_wall60,public_decision_frame+information_state,player_0_attempted_to_draw_from_empty_library,pub_threat40_surge,0,0,0.0,1224345123,rev0099_expanded_matrix_refresh,40,0,guard_counter_wall60,pub_threat40_surge,False,19,1
253,0,guard_counter_wall60,public_decision_frame+information_state,player_1_attempted_to_draw_from_empty_library,pub_threat40_surge,0,0,1.0,327085978,rev0099_expanded_matrix_refresh,40,1,guard_counter_wall60,pub_threat40_surge,False,21,0
217,1,guard_counter_wall60,public_decision_frame+information_state,player_0_attempted_to_draw_from_empty_library,pub_threat40_surge,1,0,1.0,815035784,rev0099_expanded_matrix_refresh,40,0,pub_threat40_surge,guard_counter_wall60,False,22,1
218,1,guard_counter_wall60,public_decision_frame+information_state,player_0_attempted_to_draw_from_empty_library,pub_threat40_surge,1,0,1.0,705045754,rev0099_expanded_matrix_refresh,40,1,pub_threat40_surge,guard_counter_wall60,False,19,1
131,0,guard_counter_wall60,public_decision_frame+information_state,player_1_attempted_to_draw_from_empty_library,pub_threat40_surge,0,1,1.0,608838280,rev0099_expanded_matrix_refresh,40,0,guard_counter_wall60,pub_threat40_surge,False,12,0
147,0,guard_counter_wall60,public_decision_frame+information_state,player_0_attempted_to_draw_from_empty_library,pub_threat40_surge,0,1,0.0,1830282253,rev0099_expanded_matrix_refresh,40,1,guard_counter_wall60,pub_threat40_surge,False,13,1
136,1,guard_counter_wall60,public_decision_frame+information_state,player_1_attempted_to_draw_from_empty_library,pub_threat40_surge,1,1,0.0,715874332,rev0099_expanded_matrix_refresh,40,0,pub_threat40_surge,guard_counter_wall60,False,10,0
145,1,guard_counter_wall60,public_decision_frame+information_state,player_0_attempted_to_draw_from_empty_library,pub_threat40_surge,1,1,1.0,1096489889,rev0099_expanded_matrix_refresh,40,1,pub_threat40_surge,guard_counter_wall60,False,14,1
258,0,guard_counter_wall60,public_decision_frame+information_state,player_1_attempted_to_draw_from_empty_library,pub_threat40_surge,0,2,1.0,1733092355,rev0099_expanded_matrix_refresh,40,0,guard_counter_wall60,pub_threat40_surge,False,16,0
118,0,guard_counter_wall60,public_decision_frame+information_state,player_1_attempted_to_draw_from_empty_library,pub_threat40_surge,0,2,1.0,986150786,rev0099_expanded_matrix_refresh,40,1,guard_counter_wall60,pub_threat40_surge,False,11,0
162,1,guard_counter_wall60,public_decision_frame+information_state,player_0_attempted_to_draw_from_empty_library,pub_threat40_surge,1,2,1.0,643674876,rev0099_expanded_matrix_refresh,40,0,pub_threat40_surge,guard_counter_wall60,False,15,1
219,1,guard_counter_wall60,public_decision_frame+information_state,player_0_attempted_to_draw_from_empty_library,pub_threat40_surge,1,2,1.0,1461074545,rev0099_expanded_matrix_refresh,40,1,pub_threat40_surge,guard_counter_wall60,False,17,1
221,0,guard_counter_wall60,public_decision_frame+information_state,player_0_attempted_to_draw_from_empty_library,pub_threat40_surge,0,3,0.0,1764533730,rev0099_expanded_matrix_refresh,40,0,guard_counter_wall60,pub_threat40_surge,False,21,1
199,0,guard_counter_wall60,public_decision_frame+information_state,player_1_attempted_to_draw_from_empty_library,pub_threat40_surge,0,3,1.0,1252167916,rev0099_expanded_matrix_refresh,40,1,guard_counter_wall60,pub_threat40_surge,False,19,0
126,1,guard_counter_wall60,public_decision_frame+information_state,player_0_attempted_to_draw_from_empty_library,pub_threat40_surge,1,3,1.0,1363345861,rev0099_expanded_matrix_refresh,40,0,pub_threat40_surge,guard_counter_wall60,False,13,1
155,1,guard_counter_wall60,public_decision_frame+information_state,player_1_attempted_to_draw_from_empty_library,pub_threat40_surge,1,3,0.0,1549122783,rev0099_expanded_matrix_refresh,40,1,pub_threat40_surge,guard_counter_wall60,False,15,0
278,0,guard_counter_wall60,public_decision_frame+information_state,player_1_attempted_to_draw_from_empty_library,pub_threat40_surge,0,4,1.0,1868454145,rev0099_expanded_matrix_refresh,40,0,guard_counter_wall60,pub_threat40_surge,False,28,0
159,0,guard_counter_wall60,public_decision_frame+information_state,player_0_attempted_to_draw_from_empty_library,pub_threat40_surge,0,4,0.0,1349482371,rev0099_expanded_matrix_refresh,40,1,guard_counter_wall60,pub_threat40_surge,False,16,1
159,1,guard_counter_wall60,public_decision_frame+information_state,player_0_attempted_to_draw_from_empty_library,pub_threat40_surge,1,4,1.0,1984903689,rev0099_expanded_matrix_refresh,40,0,pub_threat40_surge,guard_counter_wall60,False,15,1
206,1,guard_counter_wall60,public_decision_frame+information_state,player_0_attempted_to_draw_from_empty_library,pub_threat40_surge,1,4,1.0,1012328734,rev0099_expanded_matrix_refresh,40,1,pub_threat40_surge,guard_counter_wall60,False,19,1
236,0,guard_counter_wall60,public_decision_frame+information_state,player_1_attempted_to_draw_from_empty_library,pub_threat40_surge,0,5,1.0,1426423002,rev0099_expanded_matrix_refresh,40,0,guard_counter_wall60,pub_threat40_surge,False,22,0
163,0,guard_counter_wall60,public_decision_frame+information_state,player_0_life_total_zero_or_less,pub_threat40_surge,0,5,0.0,341476280,rev0099_expanded_matrix_refresh,40,1,guard_counter_wall60,pub_threat40_surge,False,14,1
139,1,guard_counter_wall60,public_decision_frame+information_state,player_1_attempted_to_draw_from_empty_library,pub_threat40_surge,1,5,0.0,1573048712,rev0099_expanded_matrix_refresh,40,0,pub_threat40_surge,guard_counter_wall60,False,13,0
217,1,guard_counter_wall60,public_decision_frame+information_state,player_0_attempted_to_draw_from_empty_library,pub_threat40_surge,1,5,1.0,586343555,rev0099_expanded_matrix_refresh,40,1,pub_threat40_surge,guard_counter_wall60,False,20,1
248,0,guard_counter_wall60,public_decision_frame+information_state,player_1_attempted_to_draw_from_empty_library,pub_threat40_surge,0,6,1.0,1419323917,rev0099_expanded_matrix_refresh,40,0,guard_counter_wall60,pub_threat40_surge,False,22,0
129,0,guard_counter_wall60,public_decision_frame+information_state,player_1_attempted_to_draw_from_empty_library,pub_threat40_surge,0,6,1.0,1107367530,rev0099_expanded_matrix_refresh,40,1,guard_counter_wall60,pub_threat40_surge,False,11,0
144,1,guard_counter_wall60,public_decision_frame+information_state,player_1_attempted_to_draw_from_empty_library,pub_threat40_surge,1,6,0.0,1881138647,rev0099_expanded_matrix_refresh,40,0,pub_threat40_surge,guard_counter_wall60,False,13,0
186,1,guard_counter_wall60,public_decision_frame+information_state,player_0_attempted_to_draw_from_empty_library,pub_threat40_surge,1,6,1.0,599350399,rev0099_expanded_matrix_refresh,40,1,pub_threat40_surge,guard_counter_wall60,False,17,1
152,0,guard_counter_wall60,public_decision_frame+information_state,player_1_attempted_to_draw_from_empty_library,pub_threat40_surge,0,7,1.0,804694671,rev0099_expanded_matrix_refresh,40,0,guard_counter_wall60,pub_threat40_surge,False,15,0
141,0,guard_counter_wall60,public_decision_frame+information_state,player_0_life_total_zero_or_less,pub_threat40_surge,0,7,0.0,278534960,rev0099_expanded_matrix_refresh,40,1,guard_counter_wall60,pub_threat40_surge,False,12,1
149,1,guard_counter_wall60,public_decision_frame+information_state,player_0_attempted_to_draw_from_empty_library,pub_threat40_surge,1,7,1.0,839442252,rev0099_expanded_matrix_refresh,40,0,pub_threat40_surge,guard_counter_wall60,False,13,1
182,1,guard_counter_wall60,public_decision_frame+information_state,player_0_attempted_to_draw_from_empty_library,pub_threat40_surge,1,7,1.0,1872176950,rev0099_expanded_matrix_refresh,40,1,pub_threat40_surge,guard_counter_wall60,False,15,1
135,0,guard_counter_wall60,public_decision_frame+information_state,player_1_attempted_to_draw_from_empty_library,pub_threat40_surge,0,8,1.0,1992477741,rev0099_expanded_matrix_refresh,40,0,guard_counter_wall60,pub_threat40_surge,False,12,0
178,0,guard_counter_wall60,public_decision_frame+information_state,player_1_attempted_to_draw_from_empty_library,pub_threat40_surge,0,8,1.0,701026909,rev0099_expanded_matrix_refresh,40,1,guard_counter_wall60,pub_threat40_surge,False,17,0
184,1,guard_counter_wall60,public_decision_frame+information_state,player_1_attempted_to_draw_from_empty_library,pub_threat40_surge,1,8,0.0,439908623,rev0099_expanded_matrix_refresh,40,0,pub_threat40_surge,guard_counter_wall60,False,17,0
290,1,guard_counter_wall60,public_decision_frame+information_state,player_0_attempted_to_draw_from_empty_library,pub_threat40_surge,1,8,1.0,1670349342,rev0099_expanded_matrix_refresh,40,1,pub_threat40_surge,guard_counter_wall60,False,25,1
179,0,guard_counter_wall60,public_decision_frame+information_state,player_1_attempted_to_draw_from_empty_library,pub_threat40_surge,0,9,1.0,1791820618,rev0099_expanded_matrix_refresh,40,0,guard_counter_wall60,pub_threat40_surge,False,18,0
111,0,guard_counter_wall60,public_decision_frame+information_state,player_0_attempted_to_draw_from_empty_library,pub_threat40_surge,0,9,0.0,220377847,rev0099_expanded_matrix_refresh,40,1,guard_counter_wall60,pub_threat40_surge,False,11,1
278,1,guard_counter_wall60,public_decision_frame+information_state,player_0_attempted_to_draw_from_empty_library,pub_threat40_surge,1,9,1.0,1539871196,rev0099_expanded_matrix_refresh,40,0,pub_threat40_surge,guard_counter_wall60,False,22,1
148,1,guard_counter_wall60,public_decision_frame+information_state,player_0_attempted_to_draw_from_empty_library,pub_threat40_surge,1,9,1.0,116219057,rev0099_expanded_matrix_refresh,40,1,pub_threat40_surge,guard_counter_wall60,False,14,1
158,0,guard_counter_wall60,public_decision_frame+information_state,player_0_attempted_to_draw_from_empty_library,pub_threat60_closure,0,0,0.0,472879536,rev0099_expanded_matrix_refresh,20,0,guard_counter_wall60,pub_threat60_closure,False,15,1
125,0,guard_counter_wall60,public_decision_frame+information_state,player_1_attempted_to_draw_from_empty_library,pub_threat60_closure,0,0,1.0,1977695135,rev0099_expanded_matrix_refresh,20,1,guard_counter_wall60,pub_threat60_closure,False,11,0
138,1,guard_counter_wall60,public_decision_frame+information_state,player_0_attempted_to_draw_from_empty_library,pub_threat60_closure,1,0,1.0,955145742,rev0099_expanded_matrix_refresh,20,0,pub_threat60_closure,guard_counter_wall60,False,13,1
98,1,guard_counter_wall60,public_decision_frame+information_state,player_1_life_total_zero_or_less,pub_threat60_closure,1,0,0.0,268001960,rev0099_expanded_matrix_refresh,20,1,pub_threat60_closure,guard_counter_wall60,False,9,0
136,0,guard_counter_wall60,public_decision_frame+information_state,player_0_life_total_zero_or_less,pub_threat60_closure,0,1,0.0,94885085,rev0099_expanded_matrix_refresh,20,0,guard_counter_wall60,pub_threat60_closure,False,12,1
227,0,guard_counter_wall60,public_decision_frame+information_state,player_1_life_total_zero_or_less,pub_threat60_closure,0,1,1.0,1017879872,rev0099_expanded_matrix_refresh,20,1,guard_counter_wall60,pub_threat60_closure,False,23,0
142,1,guard_counter_wall60,public_decision_frame+information_state,player_0_life_total_zero_or_less,pub_threat60_closure,1,1,1.0,1818693452,rev0099_expanded_matrix_refresh,20,0,pub_threat60_closure,guard_counter_wall60,False,14,1
162,1,guard_counter_wall60,public_decision_frame+information_state,player_1_life_total_zero_or_less,pub_threat60_closure,1,1,0.0,742216044,rev0099_expanded_matrix_refresh,20,1,pub_threat60_closure,guard_counter_wall60,False,12,0
124,0,guard_counter_wall60,public_decision_frame+information_state,player_0_attempted_to_draw_from_empty_library,pub_threat60_closure,0,2,0.0,720618832,rev0099_expanded_matrix_refresh,20,0,guard_counter_wall60,pub_threat60_closure,False,11,1
113,0,guard_counter_wall60,public_decision_frame+information_state,player_0_life_total_zero_or_less,pub_threat60_closure,0,2,0.0,903766267,rev0099_expanded_matrix_refresh,20,1,guard_counter_wall60,pub_threat60_closure,False,10,1
124,1,guard_counter_wall60,public_decision_frame+information_state,player_0_attempted_to_draw_from_empty_library,pub_threat60_closure,1,2,1.0,1912716468,rev0099_expanded_matrix_refresh,20,0,pub_threat60_closure,guard_counter_wall60,False,11,1
180,1,guard_counter_wall60,public_decision_frame+information_state,player_1_attempted_to_draw_from_empty_library,pub_threat60_closure,1,2,0.0,300223171,rev0099_expanded_matrix_refresh,20,1,pub_threat60_closure,guard_counter_wall60,False,20,0
169,0,guard_counter_wall60,public_decision_frame+information_state,player_0_attempted_to_draw_from_empty_library,pub_threat60_closure,0,3,0.0,1717488713,rev0099_expanded_matrix_refresh,20,0,guard_counter_wall60,pub_threat60_closure,False,17,1
194,0,guard_counter_wall60,public_decision_frame+information_state,player_1_attempted_to_draw_from_empty_library,pub_threat60_closure,0,3,1.0,1902810607,rev0099_expanded_matrix_refresh,20,1,guard_counter_wall60,pub_threat60_closure,False,20,0
120,1,guard_counter_wall60,public_decision_frame+information_state,player_0_life_total_zero_or_less,pub_threat60_closure,1,3,1.0,752896435,rev0099_expanded_matrix_refresh,20,0,pub_threat60_closure,guard_counter_wall60,False,11,1
137,1,guard_counter_wall60,public_decision_frame+information_state,player_1_life_total_zero_or_less,pub_threat60_closure,1,3,0.0,1384502979,rev0099_expanded_matrix_refresh,20,1,pub_threat60_closure,guard_counter_wall60,False,12,0
114,0,guard_counter_wall60,public_decision_frame+information_state,player_0_life_total_zero_or_less,pub_threat60_closure,0,4,0.0,1729205764,rev0099_expanded_matrix_refresh,20,0,guard_counter_wall60,pub_threat60_closure,False,10,1
133,0,guard_counter_wall60,public_decision_frame+information_state,player_1_attempted_to_draw_from_empty_library,pub_threat60_closure,0,4,1.0,773433718,rev0099_expanded_matrix_refresh,20,1,guard_counter_wall60,pub_threat60_closure,False,14,0
351,1,guard_counter_wall60,public_decision_frame+information_state,player_0_attempted_to_draw_from_empty_library,pub_threat60_closure,1,4,1.0,615990077,rev0099_expanded_matrix_refresh,20,0,pub_threat60_closure,guard_counter_wall60,False,36,1
118,1,guard_counter_wall60,public_decision_frame+information_state,player_0_attempted_to_draw_from_empty_library,pub_threat60_closure,1,4,1.0,696461440,rev0099_expanded_matrix_refresh,20,1,pub_threat60_closure,guard_counter_wall60,False,13,1
143,0,guard_counter_wall60,public_decision_frame+information_state,player_1_attempted_to_draw_from_empty_library,pub_threat60_closure,0,5,1.0,795874937,rev0099_expanded_matrix_refresh,20,0,guard_counter_wall60,pub_threat60_closure,False,13,0
227,0,guard_counter_wall60,public_decision_frame+information_state,player_1_attempted_to_draw_from_empty_library,pub_threat60_closure,0,5,1.0,759907483,rev0099_expanded_matrix_refresh,20,1,guard_counter_wall60,pub_threat60_closure,False,20,0
143,1,guard_counter_wall60,public_decision_frame+information_state,player_1_life_total_zero_or_less,pub_threat60_closure,1,5,0.0,1402377042,rev0099_expanded_matrix_refresh,20,0,pub_threat60_closure,guard_counter_wall60,False,12,0
132,1,guard_counter_wall60,public_decision_frame+information_state,player_0_life_total_zero_or_less,pub_threat60_closure,1,5,1.0,1619168357,rev0099_expanded_matrix_refresh,20,1,pub_threat60_closure,guard_counter_wall60,False,10,1
117,0,guard_counter_wall60,public_decision_frame+information_state,player_1_life_total_zero_or_less,pub_threat60_closure,0,6,1.0,414396428,rev0099_expanded_matrix_refresh,20,0,guard_counter_wall60,pub_threat60_closure,False,10,0
142,0,guard_counter_wall60,public_decision_frame+information_state,player_1_attempted_to_draw_from_empty_library,pub_threat60_closure,0,6,1.0,1395140421,rev0099_expanded_matrix_refresh,20,1,guard_counter_wall60,pub_threat60_closure,False,14,0
133,1,guard_counter_wall60,public_decision_frame+information_state,player_0_attempted_to_draw_from_empty_library,pub_threat60_closure,1,6,1.0,1401219923,rev0099_expanded_matrix_refresh,20,0,pub_threat60_closure,guard_counter_wall60,False,12,1
113,1,guard_counter_wall60,public_decision_frame+information_state,player_1_life_total_zero_or_less,pub_threat60_closure,1,6,0.0,985089012,rev0099_expanded_matrix_refresh,20,1,pub_threat60_closure,guard_counter_wall60,False,11,0
96,0,guard_counter_wall60,public_decision_frame+information_state,player_0_life_total_zero_or_less,pub_threat60_closure,0,7,0.0,455780422,rev0099_expanded_matrix_refresh,20,0,guard_counter_wall60,pub_threat60_closure,False,8,1
205,0,guard_counter_wall60,public_decision_frame+information_state,player_0_life_total_zero_or_less,pub_threat60_closure,0,7,0.0,509752281,rev0099_expanded_matrix_refresh,20,1,guard_counter_wall60,pub_threat60_closure,False,19,1
174,1,guard_counter_wall60,public_decision_frame+information_state,player_0_attempted_to_draw_from_empty_library,pub_threat60_closure,1,7,1.0,94612364,rev0099_expanded_matrix_refresh,20,0,pub_threat60_closure,guard_counter_wall60,False,16,1
185,1,guard_counter_wall60,public_decision_frame+information_state,player_1_life_total_zero_or_less,pub_threat60_closure,1,7,0.0,1927107260,rev0099_expanded_matrix_refresh,20,1,pub_threat60_closure,guard_counter_wall60,False,13,0
108,0,guard_counter_wall60,public_decision_frame+information_state,player_0_life_total_zero_or_less,pub_threat60_closure,0,8,0.0,775753605,rev0099_expanded_matrix_refresh,20,0,guard_counter_wall60,pub_threat60_closure,False,10,1
173,0,guard_counter_wall60,public_decision_frame+information_state,player_1_attempted_to_draw_from_empty_library,pub_threat60_closure,0,8,1.0,619326289,rev0099_expanded_matrix_refresh,20,1,guard_counter_wall60,pub_threat60_closure,False,14,0
388,1,guard_counter_wall60,public_decision_frame+information_state,player_1_attempted_to_draw_from_empty_library,pub_threat60_closure,1,8,0.0,440993039,rev0099_expanded_matrix_refresh,20,0,pub_threat60_closure,guard_counter_wall60,False,36,0
159,1,guard_counter_wall60,public_decision_frame+information_state,player_0_attempted_to_draw_from_empty_library,pub_threat60_closure,1,8,1.0,1600112500,rev0099_expanded_matrix_refresh,20,1,pub_threat60_closure,guard_counter_wall60,False,16,1
149,0,guard_counter_wall60,public_decision_frame+information_state,player_1_attempted_to_draw_from_empty_library,pub_threat60_closure,0,9,1.0,1893013219,rev0099_expanded_matrix_refresh,20,0,guard_counter_wall60,pub_threat60_closure,False,13,0
126,0,guard_counter_wall60,public_decision_frame+information_state,player_0_life_total_zero_or_less,pub_threat60_closure,0,9,0.0,1834214291,rev0099_expanded_matrix_refresh,20,1,guard_counter_wall60,pub_threat60_closure,False,11,1
119,1,guard_counter_wall60,public_decision_frame+information_state,player_1_life_total_zero_or_less,pub_threat60_closure,1,9,0.0,525604740,rev0099_expanded_matrix_refresh,20,0,pub_threat60_closure,guard_counter_wall60,False,9,0
203,1,guard_counter_wall60,public_decision_frame+information_state,player_1_attempted_to_draw_from_empty_library,pub_threat60_closure,1,9,0.0,1925316488,rev0099_expanded_matrix_refresh,20,1,pub_threat60_closure,guard_counter_wall60,False,16,0
139,0,guard_counter_wall60,public_decision_frame+information_state,player_0_life_total_zero_or_less,pub_threat60_closure,0,0,0.0,1652980779,rev0099_expanded_matrix_refresh,40,0,guard_counter_wall60,pub_threat60_closure,False,11,1
275,0,guard_counter_wall60,public_decision_frame+information_state,player_1_attempted_to_draw_from_empty_library,pub_threat60_closure,0,0,1.0,936735559,rev0099_expanded_matrix_refresh,40,1,guard_counter_wall60,pub_threat60_closure,False,28,0
156,1,guard_counter_wall60,public_decision_frame+information_state,player_0_attempted_to_draw_from_empty_library,pub_threat60_closure,1,0,1.0,1362814631,rev0099_expanded_matrix_refresh,40,0,pub_threat60_closure,guard_counter_wall60,False,15,1
179,1,guard_counter_wall60,public_decision_frame+information_state,player_0_attempted_to_draw_from_empty_library,pub_threat60_closure,1,0,1.0,279433166,rev0099_expanded_matrix_refresh,40,1,pub_threat60_closure,guard_counter_wall60,False,20,1
124,0,guard_counter_wall60,public_decision_frame+information_state,player_0_life_total_zero_or_less,pub_threat60_closure,0,1,0.0,1667679831,rev0099_expanded_matrix_refresh,40,0,guard_counter_wall60,pub_threat60_closure,False,10,1
157,0,guard_counter_wall60,public_decision_frame+information_state,player_0_attempted_to_draw_from_empty_library,pub_threat60_closure,0,1,0.0,91281771,rev0099_expanded_matrix_refresh,40,1,guard_counter_wall60,pub_threat60_closure,False,17,1
167,1,guard_counter_wall60,public_decision_frame+information_state,player_1_life_total_zero_or_less,pub_threat60_closure,1,1,0.0,1456882594,rev0099_expanded_matrix_refresh,40,0,pub_threat60_closure,guard_counter_wall60,False,15,0
186,1,guard_counter_wall60,public_decision_frame+information_state,player_0_attempted_to_draw_from_empty_library,pub_threat60_closure,1,1,1.0,828886031,rev0099_expanded_matrix_refresh,40,1,pub_threat60_closure,guard_counter_wall60,False,18,1
187,0,guard_counter_wall60,public_decision_frame+information_state,player_0_life_total_zero_or_less,pub_threat60_closure,0,2,0.0,1965263396,rev0099_expanded_matrix_refresh,40,0,guard_counter_wall60,pub_threat60_closure,False,15,1
133,0,guard_counter_wall60,public_decision_frame+information_state,player_0_life_total_zero_or_less,pub_threat60_closure,0,2,0.0,1353934325,rev0099_expanded_matrix_refresh,40,1,guard_counter_wall60,pub_threat60_closure,False,11,1
132,1,guard_counter_wall60,public_decision_frame+information_state,player_1_attempted_to_draw_from_empty_library,pub_threat60_closure,1,2,0.0,143198922,rev0099_expanded_matrix_refresh,40,0,pub_threat60_closure,guard_counter_wall60,False,13,0
212,1,guard_counter_wall60,public_decision_frame+information_state,player_0_attempted_to_draw_from_empty_library,pub_threat60_closure,1,2,1.0,757968589,rev0099_expanded_matrix_refresh,40,1,pub_threat60_closure,guard_counter_wall60,False,21,1
198,0,guard_counter_wall60,public_decision_frame+information_state,player_0_life_total_zero_or_less,pub_threat60_closure,0,3,0.0,1951452700,rev0099_expanded_matrix_refresh,40,0,guard_counter_wall60,pub_threat60_closure,False,14,1
158,0,guard_counter_wall60,public_decision_frame+information_state,player_0_life_total_zero_or_less,pub_threat60_closure,0,3,0.0,1212944899,rev0099_expanded_matrix_refresh,40,1,guard_counter_wall60,pub_threat60_closure,False,14,1
404,1,guard_counter_wall60,public_decision_frame+information_state,player_0_attempted_to_draw_from_empty_library,pub_threat60_closure,1,3,1.0,1661348594,rev0099_expanded_matrix_refresh,40,0,pub_threat60_closure,guard_counter_wall60,False,41,1
154,1,guard_counter_wall60,public_decision_frame+information_state,player_0_attempted_to_draw_from_empty_library,pub_threat60_closure,1,3,1.0,512856359,rev0099_expanded_matrix_refresh,40,1,pub_threat60_closure,guard_counter_wall60,False,15,1
132,0,guard_counter_wall60,public_decision_frame+information_state,player_1_attempted_to_draw_from_empty_library,pub_threat60_closure,0,4,1.0,933838268,rev0099_expanded_matrix_refresh,40,0,guard_counter_wall60,pub_threat60_closure,False,12,0
119,0,guard_counter_wall60,public_decision_frame+information_state,player_0_attempted_to_draw_from_empty_library,pub_threat60_closure,0,4,0.0,1069894491,rev0099_expanded_matrix_refresh,40,1,guard_counter_wall60,pub_threat60_closure,False,13,1
138,1,guard_counter_wall60,public_decision_frame+information_state,player_0_attempted_to_draw_from_empty_library,pub_threat60_closure,1,4,1.0,841230704,rev0099_expanded_matrix_refresh,40,0,pub_threat60_closure,guard_counter_wall60,False,14,1
166,1,guard_counter_wall60,public_decision_frame+information_state,player_1_life_total_zero_or_less,pub_threat60_closure,1,4,0.0,1321087916,rev0099_expanded_matrix_refresh,40,1,pub_threat60_closure,guard_counter_wall60,False,15,0
181,0,guard_counter_wall60,public_decision_frame+information_state,player_1_attempted_to_draw_from_empty_library,pub_threat60_closure,0,5,1.0,1059824720,rev0099_expanded_matrix_refresh,40,0,guard_counter_wall60,pub_threat60_closure,False,17,0
145,0,guard_counter_wall60,public_decision_frame+information_state,player_0_life_total_zero_or_less,pub_threat60_closure,0,5,0.0,733367399,rev0099_expanded_matrix_refresh,40,1,guard_counter_wall60,pub_threat60_closure,False,13,1
147,1,guard_counter_wall60,public_decision_frame+information_state,player_0_attempted_to_draw_from_empty_library,pub_threat60_closure,1,5,1.0,1616951223,rev0099_expanded_matrix_refresh,40,0,pub_threat60_closure,guard_counter_wall60,False,14,1
149,1,guard_counter_wall60,public_decision_frame+information_state,player_0_attempted_to_draw_from_empty_library,pub_threat60_closure,1,5,1.0,678577656,rev0099_expanded_matrix_refresh,40,1,pub_threat60_closure,guard_counter_wall60,False,15,1
267,0,guard_counter_wall60,public_decision_frame+information_state,player_1_attempted_to_draw_from_empty_library,pub_threat60_closure,0,6,1.0,535823187,rev0099_expanded_matrix_refresh,40,0,guard_counter_wall60,pub_threat60_closure,False,19,0
128,0,guard_counter_wall60,public_decision_frame+information_state,player_0_life_total_zero_or_less,pub_threat60_closure,0,6,0.0,1349486223,rev0099_expanded_matrix_refresh,40,1,guard_counter_wall60,pub_threat60_closure,False,10,1
165,1,guard_counter_wall60,public_decision_frame+information_state,player_0_life_total_zero_or_less,pub_threat60_closure,1,6,1.0,321822908,rev0099_expanded_matrix_refresh,40,0,pub_threat60_closure,guard_counter_wall60,False,14,1
156,1,guard_counter_wall60,public_decision_frame+information_state,player_0_attempted_to_draw_from_empty_library,pub_threat60_closure,1,6,1.0,541489892,rev0099_expanded_matrix_refresh,40,1,pub_threat60_closure,guard_counter_wall60,False,13,1
124,0,guard_counter_wall60,public_decision_frame+information_state,player_0_attempted_to_draw_from_empty_library,pub_threat60_closure,0,7,0.0,668409338,rev0099_expanded_matrix_refresh,40,0,guard_counter_wall60,pub_threat60_closure,False,11,1
223,0,guard_counter_wall60,public_decision_frame+information_state,player_0_life_total_zero_or_less,pub_threat60_closure,0,7,0.0,1558922149,rev0099_expanded_matrix_refresh,40,1,guard_counter_wall60,pub_threat60_closure,False,22,1
143,1,guard_counter_wall60,public_decision_frame+information_state,player_0_attempted_to_draw_from_empty_library,pub_threat60_closure,1,7,1.0,1816509878,rev0099_expanded_matrix_refresh,40,0,pub_threat60_closure,guard_counter_wall60,False,13,1
128,1,guard_counter_wall60,public_decision_frame+information_state,player_0_attempted_to_draw_from_empty_library,pub_threat60_closure,1,7,1.0,331681274,rev0099_expanded_matrix_refresh,40,1,pub_threat60_closure,guard_counter_wall60,False,12,1
147,0,guard_counter_wall60,public_decision_frame+information_state,player_1_attempted_to_draw_from_empty_library,pub_threat60_closure,0,8,1.0,1725531771,rev0099_expanded_matrix_refresh,40,0,guard_counter_wall60,pub_threat60_closure,False,12,0
156,0,guard_counter_wall60,public_decision_frame+information_state,player_1_attempted_to_draw_from_empty_library,pub_threat60_closure,0,8,1.0,1648281123,rev0099_expanded_matrix_refresh,40,1,guard_counter_wall60,pub_threat60_closure,False,15,0
232,1,guard_counter_wall60,public_decision_frame+information_state,player_1_life_total_zero_or_less,pub_threat60_closure,1,8,0.0,1234413074,rev0099_expanded_matrix_refresh,40,0,pub_threat60_closure,guard_counter_wall60,False,21,0
148,1,guard_counter_wall60,public_decision_frame+information_state,player_0_attempted_to_draw_from_empty_library,pub_threat60_closure,1,8,1.0,700708909,rev0099_expanded_matrix_refresh,40,1,pub_threat60_closure,guard_counter_wall60,False,13,1
162,0,guard_counter_wall60,public_decision_frame+information_state,player_1_attempted_to_draw_from_empty_library,pub_threat60_closure,0,9,1.0,632827376,rev0099_expanded_matrix_refresh,40,0,guard_counter_wall60,pub_threat60_closure,False,15,0
147,0,guard_counter_wall60,public_decision_frame+information_state,player_0_life_total_zero_or_less,pub_threat60_closure,0,9,0.0,1321868320,rev0099_expanded_matrix_refresh,40,1,guard_counter_wall60,pub_threat60_closure,False,14,1
225,1,guard_counter_wall60,public_decision_frame+information_state,player_1_life_total_zero_or_less,pub_threat60_closure,1,9,0.0,275212256,rev0099_expanded_matrix_refresh,40,0,pub_threat60_closure,guard_counter_wall60,False,15,0
141,1,guard_counter_wall60,public_decision_frame+information_state,player_1_life_total_zero_or_less,pub_threat60_closure,1,9,0.0,1698849201,rev0099_expanded_matrix_refresh,40,1,pub_threat60_closure,guard_counter_wall60,False,13,0
173,0,guard_counter_wall60,public_decision_frame+information_state,player_1_attempted_to_draw_from_empty_library,pub_threat60_pressure,0,0,1.0,1342841876,rev0099_expanded_matrix_refresh,20,0,guard_counter_wall60,pub_threat60_pressure,False,17,0
173,0,guard_counter_wall60,public_decision_frame+information_state,player_0_life_total_zero_or_less,pub_threat60_pressure,0,0,0.0,1335137723,rev0099_expanded_matrix_refresh,20,1,guard_counter_wall60,pub_threat60_pressure,False,18,1
151,1,guard_counter_wall60,public_decision_frame+information_state,player_1_life_total_zero_or_less,pub_threat60_pressure,1,0,0.0,991675072,rev0099_expanded_matrix_refresh,20,0,pub_threat60_pressure,guard_counter_wall60,False,14,0
122,1,guard_counter_wall60,public_decision_frame+information_state,player_1_life_total_zero_or_less,pub_threat60_pressure,1,0,0.0,1218124233,rev0099_expanded_matrix_refresh,20,1,pub_threat60_pressure,guard_counter_wall60,False,12,0
232,0,guard_counter_wall60,public_decision_frame+information_state,player_1_attempted_to_draw_from_empty_library,pub_threat60_pressure,0,1,1.0,139783995,rev0099_expanded_matrix_refresh,20,0,guard_counter_wall60,pub_threat60_pressure,False,20,0
133,0,guard_counter_wall60,public_decision_frame+information_state,player_0_life_total_zero_or_less,pub_threat60_pressure,0,1,0.0,130176996,rev0099_expanded_matrix_refresh,20,1,guard_counter_wall60,pub_threat60_pressure,False,10,1
224,1,guard_counter_wall60,public_decision_frame+information_state,player_1_life_total_zero_or_less,pub_threat60_pressure,1,1,0.0,1572477181,rev0099_expanded_matrix_refresh,20,0,pub_threat60_pressure,guard_counter_wall60,False,18,0
104,1,guard_counter_wall60,public_decision_frame+information_state,player_1_life_total_zero_or_less,pub_threat60_pressure,1,1,0.0,265426795,rev0099_expanded_matrix_refresh,20,1,pub_threat60_pressure,guard_counter_wall60,False,10,0
174,0,guard_counter_wall60,public_decision_frame+information_state,player_1_attempted_to_draw_from_empty_library,pub_threat60_pressure,0,2,1.0,667745696,rev0099_expanded_matrix_refresh,20,0,guard_counter_wall60,pub_threat60_pressure,False,13,0
212,0,guard_counter_wall60,public_decision_frame+information_state,player_1_attempted_to_draw_from_empty_library,pub_threat60_pressure,0,2,1.0,1196999704,rev0099_expanded_matrix_refresh,20,1,guard_counter_wall60,pub_threat60_pressure,False,20,0
82,1,guard_counter_wall60,public_decision_frame+information_state,player_1_life_total_zero_or_less,pub_threat60_pressure,1,2,0.0,999745529,rev0099_expanded_matrix_refresh,20,0,pub_threat60_pressure,guard_counter_wall60,False,8,0
171,1,guard_counter_wall60,public_decision_frame+information_state,player_0_attempted_to_draw_from_empty_library,pub_threat60_pressure,1,2,1.0,1283479084,rev0099_expanded_matrix_refresh,20,1,pub_threat60_pressure,guard_counter_wall60,False,16,1
154,0,guard_counter_wall60,public_decision_frame+information_state,player_1_attempted_to_draw_from_empty_library,pub_threat60_pressure,0,3,1.0,1068175266,rev0099_expanded_matrix_refresh,20,0,guard_counter_wall60,pub_threat60_pressure,False,16,0
145,0,guard_counter_wall60,public_decision_frame+information_state,player_1_attempted_to_draw_from_empty_library,pub_threat60_pressure,0,3,1.0,736550967,rev0099_expanded_matrix_refresh,20,1,guard_counter_wall60,pub_threat60_pressure,False,12,0
285,1,guard_counter_wall60,public_decision_frame+information_state,player_1_life_total_zero_or_less,pub_threat60_pressure,1,3,0.0,262699122,rev0099_expanded_matrix_refresh,20,0,pub_threat60_pressure,guard_counter_wall60,False,26,0
127,1,guard_counter_wall60,public_decision_frame+information_state,player_1_life_total_zero_or_less,pub_threat60_pressure,1,3,0.0,146848235,rev0099_expanded_matrix_refresh,20,1,pub_threat60_pressure,guard_counter_wall60,False,12,0
121,0,guard_counter_wall60,public_decision_frame+information_state,player_0_attempted_to_draw_from_empty_library,pub_threat60_pressure,0,4,0.0,364916663,rev0099_expanded_matrix_refresh,20,0,guard_counter_wall60,pub_threat60_pressure,False,12,1
94,0,guard_counter_wall60,public_decision_frame+information_state,player_0_life_total_zero_or_less,pub_threat60_pressure,0,4,0.0,770417985,rev0099_expanded_matrix_refresh,20,1,guard_counter_wall60,pub_threat60_pressure,False,10,1
163,1,guard_counter_wall60,public_decision_frame+information_state,player_1_life_total_zero_or_less,pub_threat60_pressure,1,4,0.0,493450398,rev0099_expanded_matrix_refresh,20,0,pub_threat60_pressure,guard_counter_wall60,False,15,0
331,1,guard_counter_wall60,public_decision_frame+information_state,player_1_attempted_to_draw_from_empty_library,pub_threat60_pressure,1,4,0.0,1205588516,rev0099_expanded_matrix_refresh,20,1,pub_threat60_pressure,guard_counter_wall60,False,29,0
172,0,guard_counter_wall60,public_decision_frame+information_state,player_0_life_total_zero_or_less,pub_threat60_pressure,0,5,0.0,119007146,rev0099_expanded_matrix_refresh,20,0,guard_counter_wall60,pub_threat60_pressure,False,12,1
110,0,guard_counter_wall60,public_decision_frame+information_state,player_0_life_total_zero_or_less,pub_threat60_pressure,0,5,0.0,1553593542,rev0099_expanded_matrix_refresh,20,1,guard_counter_wall60,pub_threat60_pressure,False,11,1
162,1,guard_counter_wall60,public_decision_frame+information_state,player_1_attempted_to_draw_from_empty_library,pub_threat60_pressure,1,5,0.0,587679639,rev0099_expanded_matrix_refresh,20,0,pub_threat60_pressure,guard_counter_wall60,False,17,0
226,1,guard_counter_wall60,public_decision_frame+information_state,player_1_life_total_zero_or_less,pub_threat60_pressure,1,5,0.0,904974806,rev0099_expanded_matrix_refresh,20,1,pub_threat60_pressure,guard_counter_wall60,False,21,0
114,0,guard_counter_wall60,public_decision_frame+information_state,player_1_attempted_to_draw_from_empty_library,pub_threat60_pressure,0,6,1.0,1778710726,rev0099_expanded_matrix_refresh,20,0,guard_counter_wall60,pub_threat60_pressure,False,10,0
88,0,guard_counter_wall60,public_decision_frame+information_state,player_0_life_total_zero_or_less,pub_threat60_pressure,0,6,0.0,284152575,rev0099_expanded_matrix_refresh,20,1,guard_counter_wall60,pub_threat60_pressure,False,9,1
189,1,guard_counter_wall60,public_decision_frame+information_state,player_0_life_total_zero_or_less,pub_threat60_pressure,1,6,1.0,1134580259,rev0099_expanded_matrix_refresh,20,0,pub_threat60_pressure,guard_counter_wall60,False,14,1
179,1,guard_counter_wall60,public_decision_frame+information_state,player_0_attempted_to_draw_from_empty_library,pub_threat60_pressure,1,6,1.0,979247221,rev0099_expanded_matrix_refresh,20,1,pub_threat60_pressure,guard_counter_wall60,False,18,1
125,0,guard_counter_wall60,public_decision_frame+information_state,player_1_attempted_to_draw_from_empty_library,pub_threat60_pressure,0,7,1.0,1710352560,rev0099_expanded_matrix_refresh,20,0,guard_counter_wall60,pub_threat60_pressure,False,12,0
148,0,guard_counter_wall60,public_decision_frame+information_state,player_0_life_total_zero_or_less,pub_threat60_pressure,0,7,0.0,1565944566,rev0099_expanded_matrix_refresh,20,1,guard_counter_wall60,pub_threat60_pressure,False,14,1
183,1,guard_counter_wall60,public_decision_frame+information_state,player_0_attempted_to_draw_from_empty_library,pub_threat60_pressure,1,7,1.0,694891997,rev0099_expanded_matrix_refresh,20,0,pub_threat60_pressure,guard_counter_wall60,False,18,1
126,1,guard_counter_wall60,public_decision_frame+information_state,player_1_life_total_zero_or_less,pub_threat60_pressure,1,7,0.0,1019917803,rev0099_expanded_matrix_refresh,20,1,pub_threat60_pressure,guard_counter_wall60,False,12,0
162,0,guard_counter_wall60,public_decision_frame+information_state,player_1_life_total_zero_or_less,pub_threat60_pressure,0,8,1.0,1783449817,rev0099_expanded_matrix_refresh,20,0,guard_counter_wall60,pub_threat60_pressure,False,14,0
194,0,guard_counter_wall60,public_decision_frame+information_state,player_0_life_total_zero_or_less,pub_threat60_pressure,0,8,0.0,1953641453,rev0099_expanded_matrix_refresh,20,1,guard_counter_wall60,pub_threat60_pressure,False,19,1
123,1,guard_counter_wall60,public_decision_frame+information_state,player_0_life_total_zero_or_less,pub_threat60_pressure,1,8,1.0,281627387,rev0099_expanded_matrix_refresh,20,0,pub_threat60_pressure,guard_counter_wall60,False,10,1
146,1,guard_counter_wall60,public_decision_frame+information_state,player_0_attempted_to_draw_from_empty_library,pub_threat60_pressure,1,8,1.0,171826644,rev0099_expanded_matrix_refresh,20,1,pub_threat60_pressure,guard_counter_wall60,False,13,1
138,0,guard_counter_wall60,public_decision_frame+information_state,player_1_attempted_to_draw_from_empty_library,pub_threat60_pressure,0,9,1.0,196557662,rev0099_expanded_matrix_refresh,20,0,guard_counter_wall60,pub_threat60_pressure,False,13,0
191,0,guard_counter_wall60,public_decision_frame+information_state,player_0_life_total_zero_or_less,pub_threat60_pressure,0,9,0.0,1163362194,rev0099_expanded_matrix_refresh,20,1,guard_counter_wall60,pub_threat60_pressure,False,13,1
94,1,guard_counter_wall60,public_decision_frame+information_state,player_1_life_total_zero_or_less,pub_threat60_pressure,1,9,0.0,1222245903,rev0099_expanded_matrix_refresh,20,0,pub_threat60_pressure,guard_counter_wall60,False,8,0
136,1,guard_counter_wall60,public_decision_frame+information_state,player_0_attempted_to_draw_from_empty_library,pub_threat60_pressure,1,9,1.0,99290733,rev0099_expanded_matrix_refresh,20,1,pub_threat60_pressure,guard_counter_wall60,False,12,1
133,0,guard_counter_wall60,public_decision_frame+information_state,player_0_life_total_zero_or_less,pub_threat60_pressure,0,0,0.0,1844579657,rev0099_expanded_matrix_refresh,40,0,guard_counter_wall60,pub_threat60_pressure,False,11,1
137,0,guard_counter_wall60,public_decision_frame+information_state,player_1_attempted_to_draw_from_empty_library,pub_threat60_pressure,0,0,1.0,109862100,rev0099_expanded_matrix_refresh,40,1,guard_counter_wall60,pub_threat60_pressure,False,13,0
171,1,guard_counter_wall60,public_decision_frame+information_state,player_1_life_total_zero_or_less,pub_threat60_pressure,1,0,0.0,1437881063,rev0099_expanded_matrix_refresh,40,0,pub_threat60_pressure,guard_counter_wall60,False,14,0
305,1,guard_counter_wall60,public_decision_frame+information_state,player_0_attempted_to_draw_from_empty_library,pub_threat60_pressure,1,0,1.0,1466397242,rev0099_expanded_matrix_refresh,40,1,pub_threat60_pressure,guard_counter_wall60,False,32,1
157,0,guard_counter_wall60,public_decision_frame+information_state,player_0_life_total_zero_or_less,pub_threat60_pressure,0,1,0.0,1548573246,rev0099_expanded_matrix_refresh,40,0,guard_counter_wall60,pub_threat60_pressure,False,14,1
124,0,guard_counter_wall60,public_decision_frame+information_state,player_1_attempted_to_draw_from_empty_library,pub_threat60_pressure,0,1,1.0,467817385,rev0099_expanded_matrix_refresh,40,1,guard_counter_wall60,pub_threat60_pressure,False,10,0
215,1,guard_counter_wall60,public_decision_frame+information_state,player_0_attempted_to_draw_from_empty_library,pub_threat60_pressure,1,1,1.0,916592336,rev0099_expanded_matrix_refresh,40,0,pub_threat60_pressure,guard_counter_wall60,False,21,1
278,1,guard_counter_wall60,public_decision_frame+information_state,player_1_life_total_zero_or_less,pub_threat60_pressure,1,1,0.0,806558006,rev0099_expanded_matrix_refresh,40,1,pub_threat60_pressure,guard_counter_wall60,False,26,0
282,0,guard_counter_wall60,public_decision_frame+information_state,player_1_attempted_to_draw_from_empty_library,pub_threat60_pressure,0,2,1.0,544451401,rev0099_expanded_matrix_refresh,40,0,guard_counter_wall60,pub_threat60_pressure,False,22,0
140,0,guard_counter_wall60,public_decision_frame+information_state,player_1_attempted_to_draw_from_empty_library,pub_threat60_pressure,0,2,1.0,1068940217,rev0099_expanded_matrix_refresh,40,1,guard_counter_wall60,pub_threat60_pressure,False,14,0
160,1,guard_counter_wall60,public_decision_frame+information_state,player_0_attempted_to_draw_from_empty_library,pub_threat60_pressure,1,2,1.0,1027226193,rev0099_expanded_matrix_refresh,40,0,pub_threat60_pressure,guard_counter_wall60,False,15,1
147,1,guard_counter_wall60,public_decision_frame+information_state,player_1_attempted_to_draw_from_empty_library,pub_threat60_pressure,1,2,0.0,1541492641,rev0099_expanded_matrix_refresh,40,1,pub_threat60_pressure,guard_counter_wall60,False,14,0
124,0,guard_counter_wall60,public_decision_frame+information_state,player_0_life_total_zero_or_less,pub_threat60_pressure,0,3,0.0,102828081,rev0099_expanded_matrix_refresh,40,0,guard_counter_wall60,pub_threat60_pressure,False,9,1
147,0,guard_counter_wall60,public_decision_frame+information_state,player_1_attempted_to_draw_from_empty_library,pub_threat60_pressure,0,3,1.0,906468563,rev0099_expanded_matrix_refresh,40,1,guard_counter_wall60,pub_threat60_pressure,False,14,0
150,1,guard_counter_wall60,public_decision_frame+information_state,player_0_attempted_to_draw_from_empty_library,pub_threat60_pressure,1,3,1.0,1688573453,rev0099_expanded_matrix_refresh,40,0,pub_threat60_pressure,guard_counter_wall60,False,12,1
169,1,guard_counter_wall60,public_decision_frame+information_state,player_1_life_total_zero_or_less,pub_threat60_pressure,1,3,0.0,587886543,rev0099_expanded_matrix_refresh,40,1,pub_threat60_pressure,guard_counter_wall60,False,16,0
133,0,guard_counter_wall60,public_decision_frame+information_state,player_1_attempted_to_draw_from_empty_library,pub_threat60_pressure,0,4,1.0,536082290,rev0099_expanded_matrix_refresh,40,0,guard_counter_wall60,pub_threat60_pressure,False,14,0
216,0,guard_counter_wall60,public_decision_frame+information_state,player_1_attempted_to_draw_from_empty_library,pub_threat60_pressure,0,4,1.0,461781475,rev0099_expanded_matrix_refresh,40,1,guard_counter_wall60,pub_threat60_pressure,False,17,0
154,1,guard_counter_wall60,public_decision_frame+information_state,player_1_life_total_zero_or_less,pub_threat60_pressure,1,4,0.0,444917432,rev0099_expanded_matrix_refresh,40,0,pub_threat60_pressure,guard_counter_wall60,False,12,0
337,1,guard_counter_wall60,public_decision_frame+information_state,player_1_attempted_to_draw_from_empty_library,pub_threat60_pressure,1,4,0.0,1694336224,rev0099_expanded_matrix_refresh,40,1,pub_threat60_pressure,guard_counter_wall60,False,35,0
301,0,guard_counter_wall60,public_decision_frame+information_state,player_1_attempted_to_draw_from_empty_library,pub_threat60_pressure,0,5,1.0,182766633,rev0099_expanded_matrix_refresh,40,0,guard_counter_wall60,pub_threat60_pressure,False,24,0
190,0,guard_counter_wall60,public_decision_frame+information_state,player_1_attempted_to_draw_from_empty_library,pub_threat60_pressure,0,5,1.0,1174658656,rev0099_expanded_matrix_refresh,40,1,guard_counter_wall60,pub_threat60_pressure,False,17,0
191,1,guard_counter_wall60,public_decision_frame+information_state,player_0_attempted_to_draw_from_empty_library,pub_threat60_pressure,1,5,1.0,1672202500,rev0099_expanded_matrix_refresh,40,0,pub_threat60_pressure,guard_counter_wall60,False,20,1
250,1,guard_counter_wall60,public_decision_frame+information_state,player_0_attempted_to_draw_from_empty_library,pub_threat60_pressure,1,5,1.0,949149371,rev0099_expanded_matrix_refresh,40,1,pub_threat60_pressure,guard_counter_wall60,False,24,1
142,0,guard_counter_wall60,public_decision_frame+information_state,player_1_attempted_to_draw_from_empty_library,pub_threat60_pressure,0,6,1.0,1327091441,rev0099_expanded_matrix_refresh,40,0,guard_counter_wall60,pub_threat60_pressure,False,13,0
174,0,guard_counter_wall60,public_decision_frame+information_state,player_1_attempted_to_draw_from_empty_library,pub_threat60_pressure,0,6,1.0,728885675,rev0099_expanded_matrix_refresh,40,1,guard_counter_wall60,pub_threat60_pressure,False,15,0
135,1,guard_counter_wall60,public_decision_frame+information_state,player_1_attempted_to_draw_from_empty_library,pub_threat60_pressure,1,6,0.0,1675931681,rev0099_expanded_matrix_refresh,40,0,pub_threat60_pressure,guard_counter_wall60,False,12,0
130,1,guard_counter_wall60,public_decision_frame+information_state,player_1_life_total_zero_or_less,pub_threat60_pressure,1,6,0.0,1284259559,rev0099_expanded_matrix_refresh,40,1,pub_threat60_pressure,guard_counter_wall60,False,11,0
156,0,guard_counter_wall60,public_decision_frame+information_state,player_1_attempted_to_draw_from_empty_library,pub_threat60_pressure,0,7,1.0,589802606,rev0099_expanded_matrix_refresh,40,0,guard_counter_wall60,pub_threat60_pressure,False,14,0
151,0,guard_counter_wall60,public_decision_frame+information_state,player_0_attempted_to_draw_from_empty_library,pub_threat60_pressure,0,7,0.0,1686697154,rev0099_expanded_matrix_refresh,40,1,guard_counter_wall60,pub_threat60_pressure,False,13,1
165,1,guard_counter_wall60,public_decision_frame+information_state,player_0_attempted_to_draw_from_empty_library,pub_threat60_pressure,1,7,1.0,877215048,rev0099_expanded_matrix_refresh,40,0,pub_threat60_pressure,guard_counter_wall60,False,13,1
228,1,guard_counter_wall60,public_decision_frame+information_state,player_1_attempted_to_draw_from_empty_library,pub_threat60_pressure,1,7,0.0,1064931623,rev0099_expanded_matrix_refresh,40,1,pub_threat60_pressure,guard_counter_wall60,False,21,0
241,0,guard_counter_wall60,public_decision_frame+information_state,player_1_life_total_zero_or_less,pub_threat60_pressure,0,8,1.0,1740681014,rev0099_expanded_matrix_refresh,40,0,guard_counter_wall60,pub_threat60_pressure,False,19,0
169,0,guard_counter_wall60,public_decision_frame+information_state,player_0_life_total_zero_or_less,pub_threat60_pressure,0,8,0.0,34260061,rev0099_expanded_matrix_refresh,40,1,guard_counter_wall60,pub_threat60_pressure,False,15,1
189,1,guard_counter_wall60,public_decision_frame+information_state,player_1_life_total_zero_or_less,pub_threat60_pressure,1,8,0.0,1576395047,rev0099_expanded_matrix_refresh,40,0,pub_threat60_pressure,guard_counter_wall60,False,17,0
173,1,guard_counter_wall60,public_decision_frame+information_state,player_0_attempted_to_draw_from_empty_library,pub_threat60_pressure,1,8,1.0,1776050335,rev0099_expanded_matrix_refresh,40,1,pub_threat60_pressure,guard_counter_wall60,False,17,1
180,0,guard_counter_wall60,public_decision_frame+information_state,player_0_life_total_zero_or_less,pub_threat60_pressure,0,9,0.0,1507551707,rev0099_expanded_matrix_refresh,40,0,guard_counter_wall60,pub_threat60_pressure,False,14,1
192,0,guard_counter_wall60,public_decision_frame+information_state,player_1_attempted_to_draw_from_empty_library,pub_threat60_pressure,0,9,1.0,1706063265,rev0099_expanded_matrix_refresh,40,1,guard_counter_wall60,pub_threat60_pressure,False,18,0
396,1,guard_counter_wall60,public_decision_frame+information_state,player_0_attempted_to_draw_from_empty_library,pub_threat60_pressure,1,9,1.0,54541480,rev0099_expanded_matrix_refresh,40,0,pub_threat60_pressure,guard_counter_wall60,False,40,1
142,1,guard_counter_wall60,public_decision_frame+information_state,player_0_attempted_to_draw_from_empty_library,pub_threat60_pressure,1,9,1.0,75055229,rev0099_expanded_matrix_refresh,40,1,pub_threat60_pressure,guard_counter_wall60,False,16,1
247,0,guard_counter_wall60,public_decision_frame+information_state,player_0_life_total_zero_or_less,pub_threat60_surge,0,0,0.0,1961278024,rev0099_expanded_matrix_refresh,20,0,guard_counter_wall60,pub_threat60_surge,False,22,1
113,0,guard_counter_wall60,public_decision_frame+information_state,player_0_life_total_zero_or_less,pub_threat60_surge,0,0,0.0,965672897,rev0099_expanded_matrix_refresh,20,1,guard_counter_wall60,pub_threat60_surge,False,10,1
267,1,guard_counter_wall60,public_decision_frame+information_state,player_1_life_total_zero_or_less,pub_threat60_surge,1,0,0.0,426846250,rev0099_expanded_matrix_refresh,20,0,pub_threat60_surge,guard_counter_wall60,False,27,0
116,1,guard_counter_wall60,public_decision_frame+information_state,player_1_life_total_zero_or_less,pub_threat60_surge,1,0,0.0,1415529325,rev0099_expanded_matrix_refresh,20,1,pub_threat60_surge,guard_counter_wall60,False,11,0
159,0,guard_counter_wall60,public_decision_frame+information_state,player_0_attempted_to_draw_from_empty_library,pub_threat60_surge,0,1,0.0,1065148724,rev0099_expanded_matrix_refresh,20,0,guard_counter_wall60,pub_threat60_surge,False,14,1
163,0,guard_counter_wall60,public_decision_frame+information_state,player_1_attempted_to_draw_from_empty_library,pub_threat60_surge,0,1,1.0,1289970652,rev0099_expanded_matrix_refresh,20,1,guard_counter_wall60,pub_threat60_surge,False,15,0
151,1,guard_counter_wall60,public_decision_frame+information_state,player_1_attempted_to_draw_from_empty_library,pub_threat60_surge,1,1,0.0,868848669,rev0099_expanded_matrix_refresh,20,0,pub_threat60_surge,guard_counter_wall60,False,15,0
129,1,guard_counter_wall60,public_decision_frame+information_state,player_0_attempted_to_draw_from_empty_library,pub_threat60_surge,1,1,1.0,727675730,rev0099_expanded_matrix_refresh,20,1,pub_threat60_surge,guard_counter_wall60,False,15,1
241,0,guard_counter_wall60,public_decision_frame+information_state,player_0_life_total_zero_or_less,pub_threat60_surge,0,2,0.0,1050757985,rev0099_expanded_matrix_refresh,20,0,guard_counter_wall60,pub_threat60_surge,False,23,1
112,0,guard_counter_wall60,public_decision_frame+information_state,player_0_life_total_zero_or_less,pub_threat60_surge,0,2,0.0,1362564704,rev0099_expanded_matrix_refresh,20,1,guard_counter_wall60,pub_threat60_surge,False,9,1
116,1,guard_counter_wall60,public_decision_frame+information_state,player_0_attempted_to_draw_from_empty_library,pub_threat60_surge,1,2,1.0,1411881292,rev0099_expanded_matrix_refresh,20,0,pub_threat60_surge,guard_counter_wall60,False,11,1
168,1,guard_counter_wall60,public_decision_frame+information_state,player_0_attempted_to_draw_from_empty_library,pub_threat60_surge,1,2,1.0,653224040,rev0099_expanded_matrix_refresh,20,1,pub_threat60_surge,guard_counter_wall60,False,17,1
160,0,guard_counter_wall60,public_decision_frame+information_state,player_0_attempted_to_draw_from_empty_library,pub_threat60_surge,0,3,0.0,744639536,rev0099_expanded_matrix_refresh,20,0,guard_counter_wall60,pub_threat60_surge,False,15,1
146,0,guard_counter_wall60,public_decision_frame+information_state,player_0_life_total_zero_or_less,pub_threat60_surge,0,3,0.0,959626076,rev0099_expanded_matrix_refresh,20,1,guard_counter_wall60,pub_threat60_surge,False,10,1
91,1,guard_counter_wall60,public_decision_frame+information_state,player_1_life_total_zero_or_less,pub_threat60_surge,1,3,0.0,1012374372,rev0099_expanded_matrix_refresh,20,0,pub_threat60_surge,guard_counter_wall60,False,8,0
124,1,guard_counter_wall60,public_decision_frame+information_state,player_0_life_total_zero_or_less,pub_threat60_surge,1,3,1.0,1811675982,rev0099_expanded_matrix_refresh,20,1,pub_threat60_surge,guard_counter_wall60,False,10,1
209,0,guard_counter_wall60,public_decision_frame+information_state,player_0_life_total_zero_or_less,pub_threat60_surge,0,4,0.0,1376730732,rev0099_expanded_matrix_refresh,20,0,guard_counter_wall60,pub_threat60_surge,False,19,1
194,0,guard_counter_wall60,public_decision_frame+information_state,player_0_attempted_to_draw_from_empty_library,pub_threat60_surge,0,4,0.0,246929951,rev0099_expanded_matrix_refresh,20,1,guard_counter_wall60,pub_threat60_surge,False,20,1
98,1,guard_counter_wall60,public_decision_frame+information_state,player_1_life_total_zero_or_less,pub_threat60_surge,1,4,0.0,292620227,rev0099_expanded_matrix_refresh,20,0,pub_threat60_surge,guard_counter_wall60,False,9,0
186,1,guard_counter_wall60,public_decision_frame+information_state,player_0_attempted_to_draw_from_empty_library,pub_threat60_surge,1,4,1.0,671951563,rev0099_expanded_matrix_refresh,20,1,pub_threat60_surge,guard_counter_wall60,False,18,1
292,0,guard_counter_wall60,public_decision_frame+information_state,player_1_attempted_to_draw_from_empty_library,pub_threat60_surge,0,5,1.0,1607081038,rev0099_expanded_matrix_refresh,20,0,guard_counter_wall60,pub_threat60_surge,False,29,0
85,0,guard_counter_wall60,public_decision_frame+information_state,player_0_life_total_zero_or_less,pub_threat60_surge,0,5,0.0,1765822258,rev0099_expanded_matrix_refresh,20,1,guard_counter_wall60,pub_threat60_surge,False,9,1
155,1,guard_counter_wall60,public_decision_frame+information_state,player_1_life_total_zero_or_less,pub_threat60_surge,1,5,0.0,1278936528,rev0099_expanded_matrix_refresh,20,0,pub_threat60_surge,guard_counter_wall60,False,13,0
188,1,guard_counter_wall60,public_decision_frame+information_state,player_1_life_total_zero_or_less,pub_threat60_surge,1,5,0.0,719739601,rev0099_expanded_matrix_refresh,20,1,pub_threat60_surge,guard_counter_wall60,False,17,0
205,0,guard_counter_wall60,public_decision_frame+information_state,player_0_life_total_zero_or_less,pub_threat60_surge,0,6,0.0,997755642,rev0099_expanded_matrix_refresh,20,0,guard_counter_wall60,pub_threat60_surge,False,18,1
199,0,guard_counter_wall60,public_decision_frame+information_state,player_0_attempted_to_draw_from_empty_library,pub_threat60_surge,0,6,0.0,1367391065,rev0099_expanded_matrix_refresh,20,1,guard_counter_wall60,pub_threat60_surge,False,20,1
186,1,guard_counter_wall60,public_decision_frame+information_state,player_1_attempted_to_draw_from_empty_library,pub_threat60_surge,1,6,0.0,1789448718,rev0099_expanded_matrix_refresh,20,0,pub_threat60_surge,guard_counter_wall60,False,18,0
156,1,guard_counter_wall60,public_decision_frame+information_state,player_0_attempted_to_draw_from_empty_library,pub_threat60_surge,1,6,1.0,459300233,rev0099_expanded_matrix_refresh,20,1,pub_threat60_surge,guard_counter_wall60,False,14,1
275,0,guard_counter_wall60,public_decision_frame+information_state,player_1_attempted_to_draw_from_empty_library,pub_threat60_surge,0,7,1.0,138791301,rev0099_expanded_matrix_refresh,20,0,guard_counter_wall60,pub_threat60_surge,False,20,0
158,0,guard_counter_wall60,public_decision_frame+information_state,player_0_life_total_zero_or_less,pub_threat60_surge,0,7,0.0,76883581,rev0099_expanded_matrix_refresh,20,1,guard_counter_wall60,pub_threat60_surge,False,13,1
125,1,guard_counter_wall60,public_decision_frame+information_state,player_0_attempted_to_draw_from_empty_library,pub_threat60_surge,1,7,1.0,633814498,rev0099_expanded_matrix_refresh,20,0,pub_threat60_surge,guard_counter_wall60,False,12,1
108,1,guard_counter_wall60,public_decision_frame+information_state,player_1_life_total_zero_or_less,pub_threat60_surge,1,7,0.0,1434419897,rev0099_expanded_matrix_refresh,20,1,pub_threat60_surge,guard_counter_wall60,False,11,0
136,0,guard_counter_wall60,public_decision_frame+information_state,player_1_attempted_to_draw_from_empty_library,pub_threat60_surge,0,8,1.0,121546224,rev0099_expanded_matrix_refresh,20,0,guard_counter_wall60,pub_threat60_surge,False,12,0
132,0,guard_counter_wall60,public_decision_frame+information_state,player_0_attempted_to_draw_from_empty_library,pub_threat60_surge,0,8,0.0,1371579937,rev0099_expanded_matrix_refresh,20,1,guard_counter_wall60,pub_threat60_surge,False,14,1
117,1,guard_counter_wall60,public_decision_frame+information_state,player_1_life_total_zero_or_less,pub_threat60_surge,1,8,0.0,213297396,rev0099_expanded_matrix_refresh,20,0,pub_threat60_surge,guard_counter_wall60,False,11,0
135,1,guard_counter_wall60,public_decision_frame+information_state,player_1_life_total_zero_or_less,pub_threat60_surge,1,8,0.0,382156621,rev0099_expanded_matrix_refresh,20,1,pub_threat60_surge,guard_counter_wall60,False,14,0
142,0,guard_counter_wall60,public_decision_frame+information_state,player_1_attempted_to_draw_from_empty_library,pub_threat60_surge,0,9,1.0,1314738645,rev0099_expanded_matrix_refresh,20,0,guard_counter_wall60,pub_threat60_surge,False,13,0
301,0,guard_counter_wall60,public_decision_frame+information_state,player_1_attempted_to_draw_from_empty_library,pub_threat60_surge,0,9,1.0,992740112,rev0099_expanded_matrix_refresh,20,1,guard_counter_wall60,pub_threat60_surge,False,26,0
144,1,guard_counter_wall60,public_decision_frame+information_state,player_1_life_total_zero_or_less,pub_threat60_surge,1,9,0.0,1534281681,rev0099_expanded_matrix_refresh,20,0,pub_threat60_surge,guard_counter_wall60,False,14,0
99,1,guard_counter_wall60,public_decision_frame+information_state,player_1_life_total_zero_or_less,pub_threat60_surge,1,9,0.0,1998805745,rev0099_expanded_matrix_refresh,20,1,pub_threat60_surge,guard_counter_wall60,False,10,0
172,0,guard_counter_wall60,public_decision_frame+information_state,player_1_attempted_to_draw_from_empty_library,pub_threat60_surge,0,0,1.0,339141765,rev0099_expanded_matrix_refresh,40,0,guard_counter_wall60,pub_threat60_surge,False,16,0
140,0,guard_counter_wall60,public_decision_frame+information_state,player_0_life_total_zero_or_less,pub_threat60_surge,0,0,0.0,1428297534,rev0099_expanded_matrix_refresh,40,1,guard_counter_wall60,pub_threat60_surge,False,10,1
143,1,guard_counter_wall60,public_decision_frame+information_state,player_0_attempted_to_draw_from_empty_library,pub_threat60_surge,1,0,1.0,100999778,rev0099_expanded_matrix_refresh,40,0,pub_threat60_surge,guard_counter_wall60,False,14,1
161,1,guard_counter_wall60,public_decision_frame+information_state,player_1_life_total_zero_or_less,pub_threat60_surge,1,0,0.0,1672580976,rev0099_expanded_matrix_refresh,40,1,pub_threat60_surge,guard_counter_wall60,False,15,0
246,0,guard_counter_wall60,public_decision_frame+information_state,player_1_attempted_to_draw_from_empty_library,pub_threat60_surge,0,1,1.0,350557388,rev0099_expanded_matrix_refresh,40,0,guard_counter_wall60,pub_threat60_surge,False,20,0
295,0,guard_counter_wall60,public_decision_frame+information_state,player_0_attempted_to_draw_from_empty_library,pub_threat60_surge,0,1,0.0,1998946816,rev0099_expanded_matrix_refresh,40,1,guard_counter_wall60,pub_threat60_surge,False,28,1
257,1,guard_counter_wall60,public_decision_frame+information_state,player_0_attempted_to_draw_from_empty_library,pub_threat60_surge,1,1,1.0,811339087,rev0099_expanded_matrix_refresh,40,0,pub_threat60_surge,guard_counter_wall60,False,21,1
155,1,guard_counter_wall60,public_decision_frame+information_state,player_1_life_total_zero_or_less,pub_threat60_surge,1,1,0.0,1710857150,rev0099_expanded_matrix_refresh,40,1,pub_threat60_surge,guard_counter_wall60,False,14,0
125,0,guard_counter_wall60,public_decision_frame+information_state,player_1_attempted_to_draw_from_empty_library,pub_threat60_surge,0,2,1.0,1410364995,rev0099_expanded_matrix_refresh,40,0,guard_counter_wall60,pub_threat60_surge,False,13,0
139,0,guard_counter_wall60,public_decision_frame+information_state,player_0_life_total_zero_or_less,pub_threat60_surge,0,2,0.0,483346366,rev0099_expanded_matrix_refresh,40,1,guard_counter_wall60,pub_threat60_surge,False,12,1
162,1,guard_counter_wall60,public_decision_frame+information_state,player_1_life_total_zero_or_less,pub_threat60_surge,1,2,0.0,1383579542,rev0099_expanded_matrix_refresh,40,0,pub_threat60_surge,guard_counter_wall60,False,13,0
150,1,guard_counter_wall60,public_decision_frame+information_state,player_1_attempted_to_draw_from_empty_library,pub_threat60_surge,1,2,0.0,628222685,rev0099_expanded_matrix_refresh,40,1,pub_threat60_surge,guard_counter_wall60,False,13,0
118,0,guard_counter_wall60,public_decision_frame+information_state,player_0_life_total_zero_or_less,pub_threat60_surge,0,3,0.0,398562418,rev0099_expanded_matrix_refresh,40,0,guard_counter_wall60,pub_threat60_surge,False,9,1
147,0,guard_counter_wall60,public_decision_frame+information_state,player_0_attempted_to_draw_from_empty_library,pub_threat60_surge,0,3,0.0,1794854967,rev0099_expanded_matrix_refresh,40,1,guard_counter_wall60,pub_threat60_surge,False,13,1
212,1,guard_counter_wall60,public_decision_frame+information_state,player_1_life_total_zero_or_less,pub_threat60_surge,1,3,0.0,1484544325,rev0099_expanded_matrix_refresh,40,0,pub_threat60_surge,guard_counter_wall60,False,16,0
131,1,guard_counter_wall60,public_decision_frame+information_state,player_1_attempted_to_draw_from_empty_library,pub_threat60_surge,1,3,0.0,1540982578,rev0099_expanded_matrix_refresh,40,1,pub_threat60_surge,guard_counter_wall60,False,12,0
150,0,guard_counter_wall60,public_decision_frame+information_state,player_1_attempted_to_draw_from_empty_library,pub_threat60_surge,0,4,1.0,501776983,rev0099_expanded_matrix_refresh,40,0,guard_counter_wall60,pub_threat60_surge,False,12,0
278,0,guard_counter_wall60,public_decision_frame+information_state,player_0_life_total_zero_or_less,pub_threat60_surge,0,4,0.0,781964979,rev0099_expanded_matrix_refresh,40,1,guard_counter_wall60,pub_threat60_surge,False,26,1
170,1,guard_counter_wall60,public_decision_frame+information_state,player_1_life_total_zero_or_less,pub_threat60_surge,1,4,0.0,1542057554,rev0099_expanded_matrix_refresh,40,0,pub_threat60_surge,guard_counter_wall60,False,16,0
148,1,guard_counter_wall60,public_decision_frame+information_state,player_1_life_total_zero_or_less,pub_threat60_surge,1,4,0.0,1202128188,rev0099_expanded_matrix_refresh,40,1,pub_threat60_surge,guard_counter_wall60,False,12,0
195,0,guard_counter_wall60,public_decision_frame+information_state,player_0_attempted_to_draw_from_empty_library,pub_threat60_surge,0,5,0.0,1830262093,rev0099_expanded_matrix_refresh,40,0,guard_counter_wall60,pub_threat60_surge,False,19,1
120,0,guard_counter_wall60,public_decision_frame+information_state,player_1_attempted_to_draw_from_empty_library,pub_threat60_surge,0,5,1.0,1788447508,rev0099_expanded_matrix_refresh,40,1,guard_counter_wall60,pub_threat60_surge,False,11,0
165,1,guard_counter_wall60,public_decision_frame+information_state,player_0_attempted_to_draw_from_empty_library,pub_threat60_surge,1,5,1.0,905675122,rev0099_expanded_matrix_refresh,40,0,pub_threat60_surge,guard_counter_wall60,False,15,1
178,1,guard_counter_wall60,public_decision_frame+information_state,player_1_life_total_zero_or_less,pub_threat60_surge,1,5,0.0,696529174,rev0099_expanded_matrix_refresh,40,1,pub_threat60_surge,guard_counter_wall60,False,14,0
146,0,guard_counter_wall60,public_decision_frame+information_state,player_0_life_total_zero_or_less,pub_threat60_surge,0,6,0.0,1132676811,rev0099_expanded_matrix_refresh,40,0,guard_counter_wall60,pub_threat60_surge,False,12,1
188,0,guard_counter_wall60,public_decision_frame+information_state,player_1_attempted_to_draw_from_empty_library,pub_threat60_surge,0,6,1.0,1056035352,rev0099_expanded_matrix_refresh,40,1,guard_counter_wall60,pub_threat60_surge,False,18,0
144,1,guard_counter_wall60,public_decision_frame+information_state,player_0_attempted_to_draw_from_empty_library,pub_threat60_surge,1,6,1.0,652604526,rev0099_expanded_matrix_refresh,40,0,pub_threat60_surge,guard_counter_wall60,False,15,1
156,1,guard_counter_wall60,public_decision_frame+information_state,player_1_attempted_to_draw_from_empty_library,pub_threat60_surge,1,6,0.0,1283793960,rev0099_expanded_matrix_refresh,40,1,pub_threat60_surge,guard_counter_wall60,False,15,0
224,0,guard_counter_wall60,public_decision_frame+information_state,player_0_attempted_to_draw_from_empty_library,pub_threat60_surge,0,7,0.0,59289053,rev0099_expanded_matrix_refresh,40,0,guard_counter_wall60,pub_threat60_surge,False,19,1
237,0,guard_counter_wall60,public_decision_frame+information_state,player_1_life_total_zero_or_less,pub_threat60_surge,0,7,1.0,1564416842,rev0099_expanded_matrix_refresh,40,1,guard_counter_wall60,pub_threat60_surge,False,23,0
248,1,guard_counter_wall60,public_decision_frame+information_state,player_0_attempted_to_draw_from_empty_library,pub_threat60_surge,1,7,1.0,1181387997,rev0099_expanded_matrix_refresh,40,0,pub_threat60_surge,guard_counter_wall60,False,24,1
136,1,guard_counter_wall60,public_decision_frame+information_state,player_0_attempted_to_draw_from_empty_library,pub_threat60_surge,1,7,1.0,1329094199,rev0099_expanded_matrix_refresh,40,1,pub_threat60_surge,guard_counter_wall60,False,14,1
174,0,guard_counter_wall60,public_decision_frame+information_state,player_0_life_total_zero_or_less,pub_threat60_surge,0,8,0.0,1971683468,rev0099_expanded_matrix_refresh,40,0,guard_counter_wall60,pub_threat60_surge,False,14,1
244,0,guard_counter_wall60,public_decision_frame+information_state,player_1_attempted_to_draw_from_empty_library,pub_threat60_surge,0,8,1.0,138138904,rev0099_expanded_matrix_refresh,40,1,guard_counter_wall60,pub_threat60_surge,False,19,0
237,1,guard_counter_wall60,public_decision_frame+information_state,player_1_attempted_to_draw_from_empty_library,pub_threat60_surge,1,8,0.0,1913147315,rev0099_expanded_matrix_refresh,40,0,pub_threat60_surge,guard_counter_wall60,False,23,0
128,1,guard_counter_wall60,public_decision_frame+information_state,player_0_attempted_to_draw_from_empty_library,pub_threat60_surge,1,8,1.0,1504301192,rev0099_expanded_matrix_refresh,40,1,pub_threat60_surge,guard_counter_wall60,False,14,1
144,0,guard_counter_wall60,public_decision_frame+information_state,player_1_attempted_to_draw_from_empty_library,pub_threat60_surge,0,9,1.0,1864235747,rev0099_expanded_matrix_refresh,40,0,guard_counter_wall60,pub_threat60_surge,False,13,0
167,0,guard_counter_wall60,public_decision_frame+information_state,player_0_life_total_zero_or_less,pub_threat60_surge,0,9,0.0,746827168,rev0099_expanded_matrix_refresh,40,1,guard_counter_wall60,pub_threat60_surge,False,12,1
177,1,guard_counter_wall60,public_decision_frame+information_state,player_0_attempted_to_draw_from_empty_library,pub_threat60_surge,1,9,1.0,482072356,rev0099_expanded_matrix_refresh,40,0,pub_threat60_surge,guard_counter_wall60,False,15,1
149,1,guard_counter_wall60,public_decision_frame+information_state,player_0_attempted_to_draw_from_empty_library,pub_threat60_surge,1,9,1.0,1214557105,rev0099_expanded_matrix_refresh,40,1,pub_threat60_surge,guard_counter_wall60,False,15,1
117,0,guard_counter_wall60,public_decision_frame+information_state,player_0_attempted_to_draw_from_empty_library,oracle_map_08_60_mixed_threats_counter_wall,0,0,0.0,1571415265,rev0099_expanded_matrix_refresh,20,0,guard_counter_wall60,oracle_map_08_60_mixed_threats_counter_wall,False,11,1
171,0,guard_counter_wall60,public_decision_frame+information_state,player_0_life_total_zero_or_less,oracle_map_08_60_mixed_threats_counter_wall,0,0,0.0,1061903112,rev0099_expanded_matrix_refresh,20,1,guard_counter_wall60,oracle_map_08_60_mixed_threats_counter_wall,False,14,1
143,1,guard_counter_wall60,public_decision_frame+information_state,player_0_attempted_to_draw_from_empty_library,oracle_map_08_60_mixed_threats_counter_wall,1,0,1.0,942521771,rev0099_expanded_matrix_refresh,20,0,oracle_map_08_60_mixed_threats_counter_wall,guard_counter_wall60,False,15,1
143,1,guard_counter_wall60,public_decision_frame+information_state,player_1_attempted_to_draw_from_empty_library,oracle_map_08_60_mixed_threats_counter_wall,1,0,0.0,371184729,rev0099_expanded_matrix_refresh,20,1,oracle_map_08_60_mixed_threats_counter_wall,guard_counter_wall60,False,15,0
145,0,guard_counter_wall60,public_decision_frame+information_state,player_1_attempted_to_draw_from_empty_library,oracle_map_08_60_mixed_threats_counter_wall,0,1,1.0,592042443,rev0099_expanded_matrix_refresh,20,0,guard_counter_wall60,oracle_map_08_60_mixed_threats_counter_wall,False,13,0
160,0,guard_counter_wall60,public_decision_frame+information_state,player_0_attempted_to_draw_from_empty_library,oracle_map_08_60_mixed_threats_counter_wall,0,1,0.0,1488954473,rev0099_expanded_matrix_refresh,20,1,guard_counter_wall60,oracle_map_08_60_mixed_threats_counter_wall,False,14,1
229,1,guard_counter_wall60,public_decision_frame+information_state,player_0_life_total_zero_or_less,oracle_map_08_60_mixed_threats_counter_wall,1,1,1.0,1573364575,rev0099_expanded_matrix_refresh,20,0,oracle_map_08_60_mixed_threats_counter_wall,guard_counter_wall60,False,22,1
99,1,guard_counter_wall60,public_decision_frame+information_state,player_1_attempted_to_draw_from_empty_library,oracle_map_08_60_mixed_threats_counter_wall,1,1,0.0,372561666,rev0099_expanded_matrix_refresh,20,1,oracle_map_08_60_mixed_threats_counter_wall,guard_counter_wall60,False,10,0
182,0,guard_counter_wall60,public_decision_frame+information_state,player_0_life_total_zero_or_less,oracle_map_08_60_mixed_threats_counter_wall,0,2,0.0,1932728926,rev0099_expanded_matrix_refresh,20,0,guard_counter_wall60,oracle_map_08_60_mixed_threats_counter_wall,False,17,1
132,0,guard_counter_wall60,public_decision_frame+information_state,player_0_life_total_zero_or_less,oracle_map_08_60_mixed_threats_counter_wall,0,2,0.0,683799850,rev0099_expanded_matrix_refresh,20,1,guard_counter_wall60,oracle_map_08_60_mixed_threats_counter_wall,False,11,1
369,1,guard_counter_wall60,public_decision_frame+information_state,player_1_life_total_zero_or_less,oracle_map_08_60_mixed_threats_counter_wall,1,2,0.0,1534399826,rev0099_expanded_matrix_refresh,20,0,oracle_map_08_60_mixed_threats_counter_wall,guard_counter_wall60,False,37,0
148,1,guard_counter_wall60,public_decision_frame+information_state,player_1_attempted_to_draw_from_empty_library,oracle_map_08_60_mixed_threats_counter_wall,1,2,0.0,1955198494,rev0099_expanded_matrix_refresh,20,1,oracle_map_08_60_mixed_threats_counter_wall,guard_counter_wall60,False,15,0
459,0,guard_counter_wall60,public_decision_frame+information_state,player_1_attempted_to_draw_from_empty_library,oracle_map_08_60_mixed_threats_counter_wall,0,3,1.0,968177862,rev0099_expanded_matrix_refresh,20,0,guard_counter_wall60,oracle_map_08_60_mixed_threats_counter_wall,False,48,0
104,0,guard_counter_wall60,public_decision_frame+information_state,player_0_attempted_to_draw_from_empty_library,oracle_map_08_60_mixed_threats_counter_wall,0,3,0.0,234011539,rev0099_expanded_matrix_refresh,20,1,guard_counter_wall60,oracle_map_08_60_mixed_threats_counter_wall,False,10,1
117,1,guard_counter_wall60,public_decision_frame+information_state,player_1_life_total_zero_or_less,oracle_map_08_60_mixed_threats_counter_wall,1,3,0.0,1387688580,rev0099_expanded_matrix_refresh,20,0,oracle_map_08_60_mixed_threats_counter_wall,guard_counter_wall60,False,10,0
346,1,guard_counter_wall60,public_decision_frame+information_state,player_1_life_total_zero_or_less,oracle_map_08_60_mixed_threats_counter_wall,1,3,0.0,1307730322,rev0099_expanded_matrix_refresh,20,1,oracle_map_08_60_mixed_threats_counter_wall,guard_counter_wall60,False,35,0
103,0,guard_counter_wall60,public_decision_frame+information_state,player_0_life_total_zero_or_less,oracle_map_08_60_mixed_threats_counter_wall,0,4,0.0,1225546979,rev0099_expanded_matrix_refresh,20,0,guard_counter_wall60,oracle_map_08_60_mixed_threats_counter_wall,False,9,1
190,0,guard_counter_wall60,public_decision_frame+information_state,player_0_life_total_zero_or_less,oracle_map_08_60_mixed_threats_counter_wall,0,4,0.0,1991418453,rev0099_expanded_matrix_refresh,20,1,guard_counter_wall60,oracle_map_08_60_mixed_threats_counter_wall,False,18,1
258,1,guard_counter_wall60,public_decision_frame+information_state,player_1_attempted_to_draw_from_empty_library,oracle_map_08_60_mixed_threats_counter_wall,1,4,0.0,1511172714,rev0099_expanded_matrix_refresh,20,0,oracle_map_08_60_mixed_threats_counter_wall,guard_counter_wall60,False,27,0
145,1,guard_counter_wall60,public_decision_frame+information_state,player_1_attempted_to_draw_from_empty_library,oracle_map_08_60_mixed_threats_counter_wall,1,4,0.0,755087162,rev0099_expanded_matrix_refresh,20,1,oracle_map_08_60_mixed_threats_counter_wall,guard_counter_wall60,False,12,0
172,0,guard_counter_wall60,public_decision_frame+information_state,player_1_attempted_to_draw_from_empty_library,oracle_map_08_60_mixed_threats_counter_wall,0,5,1.0,902319381,rev0099_expanded_matrix_refresh,20,0,guard_counter_wall60,oracle_map_08_60_mixed_threats_counter_wall,False,19,0
197,0,guard_counter_wall60,public_decision_frame+information_state,player_0_life_total_zero_or_less,oracle_map_08_60_mixed_threats_counter_wall,0,5,0.0,288836478,rev0099_expanded_matrix_refresh,20,1,guard_counter_wall60,oracle_map_08_60_mixed_threats_counter_wall,False,19,1
148,1,guard_counter_wall60,public_decision_frame+information_state,player_1_attempted_to_draw_from_empty_library,oracle_map_08_60_mixed_threats_counter_wall,1,5,0.0,1869238893,rev0099_expanded_matrix_refresh,20,0,oracle_map_08_60_mixed_threats_counter_wall,guard_counter_wall60,False,14,0
118,1,guard_counter_wall60,public_decision_frame+information_state,player_1_attempted_to_draw_from_empty_library,oracle_map_08_60_mixed_threats_counter_wall,1,5,0.0,363436841,rev0099_expanded_matrix_refresh,20,1,oracle_map_08_60_mixed_threats_counter_wall,guard_counter_wall60,False,12,0
126,0,guard_counter_wall60,public_decision_frame+information_state,player_0_life_total_zero_or_less,oracle_map_08_60_mixed_threats_counter_wall,0,6,0.0,785345376,rev0099_expanded_matrix_refresh,20,0,guard_counter_wall60,oracle_map_08_60_mixed_threats_counter_wall,False,10,1
106,0,guard_counter_wall60,public_decision_frame+information_state,player_0_life_total_zero_or_less,oracle_map_08_60_mixed_threats_counter_wall,0,6,0.0,1303234404,rev0099_expanded_matrix_refresh,20,1,guard_counter_wall60,oracle_map_08_60_mixed_threats_counter_wall,False,10,1
288,1,guard_counter_wall60,public_decision_frame+information_state,player_1_attempted_to_draw_from_empty_library,oracle_map_08_60_mixed_threats_counter_wall,1,6,0.0,996841549,rev0099_expanded_matrix_refresh,20,0,oracle_map_08_60_mixed_threats_counter_wall,guard_counter_wall60,False,28,0
160,1,guard_counter_wall60,public_decision_frame+information_state,player_1_life_total_zero_or_less,oracle_map_08_60_mixed_threats_counter_wall,1,6,0.0,1236770838,rev0099_expanded_matrix_refresh,20,1,oracle_map_08_60_mixed_threats_counter_wall,guard_counter_wall60,False,15,0
136,0,guard_counter_wall60,public_decision_frame+information_state,player_0_life_total_zero_or_less,oracle_map_08_60_mixed_threats_counter_wall,0,7,0.0,987778728,rev0099_expanded_matrix_refresh,20,0,guard_counter_wall60,oracle_map_08_60_mixed_threats_counter_wall,False,14,1
253,0,guard_counter_wall60,public_decision_frame+information_state,player_1_life_total_zero_or_less,oracle_map_08_60_mixed_threats_counter_wall,0,7,1.0,744739909,rev0099_expanded_matrix_refresh,20,1,guard_counter_wall60,oracle_map_08_60_mixed_threats_counter_wall,False,27,0
221,1,guard_counter_wall60,public_decision_frame+information_state,player_1_life_total_zero_or_less,oracle_map_08_60_mixed_threats_counter_wall,1,7,0.0,969945805,rev0099_expanded_matrix_refresh,20,0,oracle_map_08_60_mixed_threats_counter_wall,guard_counter_wall60,False,21,0
124,1,guard_counter_wall60,public_decision_frame+information_state,player_1_attempted_to_draw_from_empty_library,oracle_map_08_60_mixed_threats_counter_wall,1,7,0.0,922262565,rev0099_expanded_matrix_refresh,20,1,oracle_map_08_60_mixed_threats_counter_wall,guard_counter_wall60,False,11,0
172,0,guard_counter_wall60,public_decision_frame+information_state,player_0_life_total_zero_or_less,oracle_map_08_60_mixed_threats_counter_wall,0,8,0.0,875457904,rev0099_expanded_matrix_refresh,20,0,guard_counter_wall60,oracle_map_08_60_mixed_threats_counter_wall,False,16,1
140,0,guard_counter_wall60,public_decision_frame+information_state,player_0_life_total_zero_or_less,oracle_map_08_60_mixed_threats_counter_wall,0,8,0.0,1072330672,rev0099_expanded_matrix_refresh,20,1,guard_counter_wall60,oracle_map_08_60_mixed_threats_counter_wall,False,13,1
382,1,guard_counter_wall60,public_decision_frame+information_state,player_1_attempted_to_draw_from_empty_library,oracle_map_08_60_mixed_threats_counter_wall,1,8,0.0,1880310563,rev0099_expanded_matrix_refresh,20,0,oracle_map_08_60_mixed_threats_counter_wall,guard_counter_wall60,False,36,0
140,1,guard_counter_wall60,public_decision_frame+information_state,player_1_attempted_to_draw_from_empty_library,oracle_map_08_60_mixed_threats_counter_wall,1,8,0.0,1081394018,rev0099_expanded_matrix_refresh,20,1,oracle_map_08_60_mixed_threats_counter_wall,guard_counter_wall60,False,13,0
152,0,guard_counter_wall60,public_decision_frame+information_state,player_1_attempted_to_draw_from_empty_library,oracle_map_08_60_mixed_threats_counter_wall,0,9,1.0,187727722,rev0099_expanded_matrix_refresh,20,0,guard_counter_wall60,oracle_map_08_60_mixed_threats_counter_wall,False,14,0
130,0,guard_counter_wall60,public_decision_frame+information_state,player_0_life_total_zero_or_less,oracle_map_08_60_mixed_threats_counter_wall,0,9,0.0,1975980985,rev0099_expanded_matrix_refresh,20,1,guard_counter_wall60,oracle_map_08_60_mixed_threats_counter_wall,False,12,1
289,1,guard_counter_wall60,public_decision_frame+information_state,player_1_attempted_to_draw_from_empty_library,oracle_map_08_60_mixed_threats_counter_wall,1,9,0.0,1268156790,rev0099_expanded_matrix_refresh,20,0,oracle_map_08_60_mixed_threats_counter_wall,guard_counter_wall60,False,27,0
121,1,guard_counter_wall60,public_decision_frame+information_state,player_1_attempted_to_draw_from_empty_library,oracle_map_08_60_mixed_threats_counter_wall,1,9,0.0,1639416083,rev0099_expanded_matrix_refresh,20,1,oracle_map_08_60_mixed_threats_counter_wall,guard_counter_wall60,False,13,0
131,0,guard_counter_wall60,public_decision_frame+information_state,player_0_attempted_to_draw_from_empty_library,oracle_map_08_60_mixed_threats_counter_wall,0,0,0.0,241041748,rev0099_expanded_matrix_refresh,40,0,guard_counter_wall60,oracle_map_08_60_mixed_threats_counter_wall,False,12,1
170,0,guard_counter_wall60,public_decision_frame+information_state,player_0_attempted_to_draw_from_empty_library,oracle_map_08_60_mixed_threats_counter_wall,0,0,0.0,1767555011,rev0099_expanded_matrix_refresh,40,1,guard_counter_wall60,oracle_map_08_60_mixed_threats_counter_wall,False,17,1
142,1,guard_counter_wall60,public_decision_frame+information_state,player_1_life_total_zero_or_less,oracle_map_08_60_mixed_threats_counter_wall,1,0,0.0,690103031,rev0099_expanded_matrix_refresh,40,0,oracle_map_08_60_mixed_threats_counter_wall,guard_counter_wall60,False,13,0
285,1,guard_counter_wall60,public_decision_frame+information_state,player_1_life_total_zero_or_less,oracle_map_08_60_mixed_threats_counter_wall,1,0,0.0,1815815215,rev0099_expanded_matrix_refresh,40,1,oracle_map_08_60_mixed_threats_counter_wall,guard_counter_wall60,False,28,0
162,0,guard_counter_wall60,public_decision_frame+information_state,player_1_life_total_zero_or_less,oracle_map_08_60_mixed_threats_counter_wall,0,1,1.0,571024195,rev0099_expanded_matrix_refresh,40,0,guard_counter_wall60,oracle_map_08_60_mixed_threats_counter_wall,False,14,0
455,0,guard_counter_wall60,public_decision_frame+information_state,player_0_attempted_to_draw_from_empty_library,oracle_map_08_60_mixed_threats_counter_wall,0,1,0.0,239133775,rev0099_expanded_matrix_refresh,40,1,guard_counter_wall60,oracle_map_08_60_mixed_threats_counter_wall,False,49,1
324,1,guard_counter_wall60,public_decision_frame+information_state,player_1_life_total_zero_or_less,oracle_map_08_60_mixed_threats_counter_wall,1,1,0.0,1290354820,rev0099_expanded_matrix_refresh,40,0,oracle_map_08_60_mixed_threats_counter_wall,guard_counter_wall60,False,31,0
146,1,guard_counter_wall60,public_decision_frame+information_state,player_1_attempted_to_draw_from_empty_library,oracle_map_08_60_mixed_threats_counter_wall,1,1,0.0,726596494,rev0099_expanded_matrix_refresh,40,1,oracle_map_08_60_mixed_threats_counter_wall,guard_counter_wall60,False,15,0
155,0,guard_counter_wall60,public_decision_frame+information_state,player_0_attempted_to_draw_from_empty_library,oracle_map_08_60_mixed_threats_counter_wall,0,2,0.0,1838713289,rev0099_expanded_matrix_refresh,40,0,guard_counter_wall60,oracle_map_08_60_mixed_threats_counter_wall,False,16,1
147,0,guard_counter_wall60,public_decision_frame+information_state,player_1_attempted_to_draw_from_empty_library,oracle_map_08_60_mixed_threats_counter_wall,0,2,1.0,1118977395,rev0099_expanded_matrix_refresh,40,1,guard_counter_wall60,oracle_map_08_60_mixed_threats_counter_wall,False,14,0
160,1,guard_counter_wall60,public_decision_frame+information_state,player_0_attempted_to_draw_from_empty_library,oracle_map_08_60_mixed_threats_counter_wall,1,2,1.0,1793674201,rev0099_expanded_matrix_refresh,40,0,oracle_map_08_60_mixed_threats_counter_wall,guard_counter_wall60,False,16,1
119,1,guard_counter_wall60,public_decision_frame+information_state,player_0_attempted_to_draw_from_empty_library,oracle_map_08_60_mixed_threats_counter_wall,1,2,1.0,560169617,rev0099_expanded_matrix_refresh,40,1,oracle_map_08_60_mixed_threats_counter_wall,guard_counter_wall60,False,12,1
172,0,guard_counter_wall60,public_decision_frame+information_state,player_1_attempted_to_draw_from_empty_library,oracle_map_08_60_mixed_threats_counter_wall,0,3,1.0,1917880756,rev0099_expanded_matrix_refresh,40,0,guard_counter_wall60,oracle_map_08_60_mixed_threats_counter_wall,False,15,0
343,0,guard_counter_wall60,public_decision_frame+information_state,player_0_attempted_to_draw_from_empty_library,oracle_map_08_60_mixed_threats_counter_wall,0,3,0.0,788664127,rev0099_expanded_matrix_refresh,40,1,guard_counter_wall60,oracle_map_08_60_mixed_threats_counter_wall,False,30,1
271,1,guard_counter_wall60,public_decision_frame+information_state,player_1_life_total_zero_or_less,oracle_map_08_60_mixed_threats_counter_wall,1,3,0.0,1858095143,rev0099_expanded_matrix_refresh,40,0,oracle_map_08_60_mixed_threats_counter_wall,guard_counter_wall60,False,23,0
225,1,guard_counter_wall60,public_decision_frame+information_state,player_0_life_total_zero_or_less,oracle_map_08_60_mixed_threats_counter_wall,1,3,1.0,645301354,rev0099_expanded_matrix_refresh,40,1,oracle_map_08_60_mixed_threats_counter_wall,guard_counter_wall60,False,22,1
455,0,guard_counter_wall60,public_decision_frame+information_state,player_1_attempted_to_draw_from_empty_library,oracle_map_08_60_mixed_threats_counter_wall,0,4,1.0,1444468922,rev0099_expanded_matrix_refresh,40,0,guard_counter_wall60,oracle_map_08_60_mixed_threats_counter_wall,False,47,0
156,0,guard_counter_wall60,public_decision_frame+information_state,player_1_attempted_to_draw_from_empty_library,oracle_map_08_60_mixed_threats_counter_wall,0,4,1.0,215550951,rev0099_expanded_matrix_refresh,40,1,guard_counter_wall60,oracle_map_08_60_mixed_threats_counter_wall,False,15,0
133,1,guard_counter_wall60,public_decision_frame+information_state,player_0_attempted_to_draw_from_empty_library,oracle_map_08_60_mixed_threats_counter_wall,1,4,1.0,1722747117,rev0099_expanded_matrix_refresh,40,0,oracle_map_08_60_mixed_threats_counter_wall,guard_counter_wall60,False,14,1
225,1,guard_counter_wall60,public_decision_frame+information_state,player_1_life_total_zero_or_less,oracle_map_08_60_mixed_threats_counter_wall,1,4,0.0,142176074,rev0099_expanded_matrix_refresh,40,1,oracle_map_08_60_mixed_threats_counter_wall,guard_counter_wall60,False,20,0
495,0,guard_counter_wall60,public_decision_frame+information_state,player_0_attempted_to_draw_from_empty_library,oracle_map_08_60_mixed_threats_counter_wall,0,5,0.0,1797101067,rev0099_expanded_matrix_refresh,40,0,guard_counter_wall60,oracle_map_08_60_mixed_threats_counter_wall,False,55,1
129,0,guard_counter_wall60,public_decision_frame+information_state,player_1_attempted_to_draw_from_empty_library,oracle_map_08_60_mixed_threats_counter_wall,0,5,1.0,255551007,rev0099_expanded_matrix_refresh,40,1,guard_counter_wall60,oracle_map_08_60_mixed_threats_counter_wall,False,14,0
269,1,guard_counter_wall60,public_decision_frame+information_state,player_1_life_total_zero_or_less,oracle_map_08_60_mixed_threats_counter_wall,1,5,0.0,806349147,rev0099_expanded_matrix_refresh,40,0,oracle_map_08_60_mixed_threats_counter_wall,guard_counter_wall60,False,25,0
284,1,guard_counter_wall60,public_decision_frame+information_state,player_1_attempted_to_draw_from_empty_library,oracle_map_08_60_mixed_threats_counter_wall,1,5,0.0,1895081311,rev0099_expanded_matrix_refresh,40,1,oracle_map_08_60_mixed_threats_counter_wall,guard_counter_wall60,False,26,0
395,0,guard_counter_wall60,public_decision_frame+information_state,player_1_attempted_to_draw_from_empty_library,oracle_map_08_60_mixed_threats_counter_wall,0,6,1.0,595837075,rev0099_expanded_matrix_refresh,40,0,guard_counter_wall60,oracle_map_08_60_mixed_threats_counter_wall,False,38,0
179,0,guard_counter_wall60,public_decision_frame+information_state,player_1_attempted_to_draw_from_empty_library,oracle_map_08_60_mixed_threats_counter_wall,0,6,1.0,636536528,rev0099_expanded_matrix_refresh,40,1,guard_counter_wall60,oracle_map_08_60_mixed_threats_counter_wall,False,15,0
149,1,guard_counter_wall60,public_decision_frame+information_state,player_1_attempted_to_draw_from_empty_library,oracle_map_08_60_mixed_threats_counter_wall,1,6,0.0,556961072,rev0099_expanded_matrix_refresh,40,0,oracle_map_08_60_mixed_threats_counter_wall,guard_counter_wall60,False,14,0
131,1,guard_counter_wall60,public_decision_frame+information_state,player_1_attempted_to_draw_from_empty_library,oracle_map_08_60_mixed_threats_counter_wall,1,6,0.0,1425506351,rev0099_expanded_matrix_refresh,40,1,oracle_map_08_60_mixed_threats_counter_wall,guard_counter_wall60,False,11,0
196,0,guard_counter_wall60,public_decision_frame+information_state,player_0_attempted_to_draw_from_empty_library,oracle_map_08_60_mixed_threats_counter_wall,0,7,0.0,4310661,rev0099_expanded_matrix_refresh,40,0,guard_counter_wall60,oracle_map_08_60_mixed_threats_counter_wall,False,19,1
152,0,guard_counter_wall60,public_decision_frame+information_state,player_0_attempted_to_draw_from_empty_library,oracle_map_08_60_mixed_threats_counter_wall,0,7,0.0,1548627525,rev0099_expanded_matrix_refresh,40,1,guard_counter_wall60,oracle_map_08_60_mixed_threats_counter_wall,False,14,1
175,1,guard_counter_wall60,public_decision_frame+information_state,player_0_attempted_to_draw_from_empty_library,oracle_map_08_60_mixed_threats_counter_wall,1,7,1.0,197346385,rev0099_expanded_matrix_refresh,40,0,oracle_map_08_60_mixed_threats_counter_wall,guard_counter_wall60,False,18,1
434,1,guard_counter_wall60,public_decision_frame+information_state,player_1_attempted_to_draw_from_empty_library,oracle_map_08_60_mixed_threats_counter_wall,1,7,0.0,1516388108,rev0099_expanded_matrix_refresh,40,1,oracle_map_08_60_mixed_threats_counter_wall,guard_counter_wall60,False,41,0
185,0,guard_counter_wall60,public_decision_frame+information_state,player_0_attempted_to_draw_from_empty_library,oracle_map_08_60_mixed_threats_counter_wall,0,8,0.0,1470140947,rev0099_expanded_matrix_refresh,40,0,guard_counter_wall60,oracle_map_08_60_mixed_threats_counter_wall,False,18,1
173,0,guard_counter_wall60,public_decision_frame+information_state,player_1_attempted_to_draw_from_empty_library,oracle_map_08_60_mixed_threats_counter_wall,0,8,1.0,804534095,rev0099_expanded_matrix_refresh,40,1,guard_counter_wall60,oracle_map_08_60_mixed_threats_counter_wall,False,20,0
349,1,guard_counter_wall60,public_decision_frame+information_state,player_1_life_total_zero_or_less,oracle_map_08_60_mixed_threats_counter_wall,1,8,0.0,658442029,rev0099_expanded_matrix_refresh,40,0,oracle_map_08_60_mixed_threats_counter_wall,guard_counter_wall60,False,33,0
366,1,guard_counter_wall60,public_decision_frame+information_state,player_1_attempted_to_draw_from_empty_library,oracle_map_08_60_mixed_threats_counter_wall,1,8,0.0,304037592,rev0099_expanded_matrix_refresh,40,1,oracle_map_08_60_mixed_threats_counter_wall,guard_counter_wall60,False,38,0
159,0,guard_counter_wall60,public_decision_frame+information_state,player_0_attempted_to_draw_from_empty_library,oracle_map_08_60_mixed_threats_counter_wall,0,9,0.0,1159058152,rev0099_expanded_matrix_refresh,40,0,guard_counter_wall60,oracle_map_08_60_mixed_threats_counter_wall,False,17,1
129,0,guard_counter_wall60,public_decision_frame+information_state,player_0_attempted_to_draw_from_empty_library,oracle_map_08_60_mixed_threats_counter_wall,0,9,0.0,1866186290,rev0099_expanded_matrix_refresh,40,1,guard_counter_wall60,oracle_map_08_60_mixed_threats_counter_wall,False,13,1
385,1,guard_counter_wall60,public_decision_frame+information_state,player_0_attempted_to_draw_from_empty_library,oracle_map_08_60_mixed_threats_counter_wall,1,9,1.0,321867260,rev0099_expanded_matrix_refresh,40,0,oracle_map_08_60_mixed_threats_counter_wall,guard_counter_wall60,False,33,1
187,1,guard_counter_wall60,public_decision_frame+information_state,player_0_attempted_to_draw_from_empty_library,oracle_map_08_60_mixed_threats_counter_wall,1,9,1.0,1090150928,rev0099_expanded_matrix_refresh,40,1,oracle_map_08_60_mixed_threats_counter_wall,guard_counter_wall60,False,19,1
108,0,pub_threat40_closure,public_decision_frame+information_state,player_1_life_total_zero_or_less,pub_threat40_pressure,0,0,1.0,1144293819,rev0099_expanded_matrix_refresh,20,0,pub_threat40_closure,pub_threat40_pressure,False,10,0
142,0,pub_threat40_closure,public_decision_frame+information_state,player_1_life_total_zero_or_less,pub_threat40_pressure,0,0,1.0,1940801197,rev0099_expanded_matrix_refresh,20,1,pub_threat40_closure,pub_threat40_pressure,False,12,0
166,1,pub_threat40_closure,public_decision_frame+information_state,player_1_life_total_zero_or_less,pub_threat40_pressure,1,0,0.0,1244162728,rev0099_expanded_matrix_refresh,20,0,pub_threat40_pressure,pub_threat40_closure,False,13,0
155,1,pub_threat40_closure,public_decision_frame+information_state,player_0_life_total_zero_or_less,pub_threat40_pressure,1,0,1.0,337039534,rev0099_expanded_matrix_refresh,20,1,pub_threat40_pressure,pub_threat40_closure,False,13,1
92,0,pub_threat40_closure,public_decision_frame+information_state,player_1_life_total_zero_or_less,pub_threat40_pressure,0,1,1.0,1724252828,rev0099_expanded_matrix_refresh,20,0,pub_threat40_closure,pub_threat40_pressure,False,8,0
120,0,pub_threat40_closure,public_decision_frame+information_state,player_1_life_total_zero_or_less,pub_threat40_pressure,0,1,1.0,653423299,rev0099_expanded_matrix_refresh,20,1,pub_threat40_closure,pub_threat40_pressure,False,10,0
104,1,pub_threat40_closure,public_decision_frame+information_state,player_1_life_total_zero_or_less,pub_threat40_pressure,1,1,0.0,1598954694,rev0099_expanded_matrix_refresh,20,0,pub_threat40_pressure,pub_threat40_closure,False,8,0
107,1,pub_threat40_closure,public_decision_frame+information_state,player_1_life_total_zero_or_less,pub_threat40_pressure,1,1,0.0,828278609,rev0099_expanded_matrix_refresh,20,1,pub_threat40_pressure,pub_threat40_closure,False,11,0
119,0,pub_threat40_closure,public_decision_frame+information_state,player_0_life_total_zero_or_less,pub_threat40_pressure,0,2,0.0,1384267107,rev0099_expanded_matrix_refresh,20,0,pub_threat40_closure,pub_threat40_pressure,False,9,1
122,0,pub_threat40_closure,public_decision_frame+information_state,player_0_life_total_zero_or_less,pub_threat40_pressure,0,2,0.0,302477937,rev0099_expanded_matrix_refresh,20,1,pub_threat40_closure,pub_threat40_pressure,False,10,1
123,1,pub_threat40_closure,public_decision_frame+information_state,player_1_life_total_zero_or_less,pub_threat40_pressure,1,2,0.0,1931881794,rev0099_expanded_matrix_refresh,20,0,pub_threat40_pressure,pub_threat40_closure,False,10,0
151,1,pub_threat40_closure,public_decision_frame+information_state,player_1_life_total_zero_or_less,pub_threat40_pressure,1,2,0.0,576006735,rev0099_expanded_matrix_refresh,20,1,pub_threat40_pressure,pub_threat40_closure,False,12,0
109,0,pub_threat40_closure,public_decision_frame+information_state,player_1_life_total_zero_or_less,pub_threat40_pressure,0,3,1.0,247712663,rev0099_expanded_matrix_refresh,20,0,pub_threat40_closure,pub_threat40_pressure,False,9,0
130,0,pub_threat40_closure,public_decision_frame+information_state,player_1_life_total_zero_or_less,pub_threat40_pressure,0,3,1.0,334306818,rev0099_expanded_matrix_refresh,20,1,pub_threat40_closure,pub_threat40_pressure,False,11,0
131,1,pub_threat40_closure,public_decision_frame+information_state,player_0_life_total_zero_or_less,pub_threat40_pressure,1,3,1.0,552140477,rev0099_expanded_matrix_refresh,20,0,pub_threat40_pressure,pub_threat40_closure,False,10,1
233,1,pub_threat40_closure,public_decision_frame+information_state,player_0_attempted_to_draw_from_empty_library,pub_threat40_pressure,1,3,1.0,1538019481,rev0099_expanded_matrix_refresh,20,1,pub_threat40_pressure,pub_threat40_closure,False,21,1
105,0,pub_threat40_closure,public_decision_frame+information_state,player_1_life_total_zero_or_less,pub_threat40_pressure,0,4,1.0,1482218581,rev0099_expanded_matrix_refresh,20,0,pub_threat40_closure,pub_threat40_pressure,False,9,0
156,0,pub_threat40_closure,public_decision_frame+information_state,player_0_life_total_zero_or_less,pub_threat40_pressure,0,4,0.0,1958987600,rev0099_expanded_matrix_refresh,20,1,pub_threat40_closure,pub_threat40_pressure,False,13,1
246,1,pub_threat40_closure,public_decision_frame+information_state,player_1_attempted_to_draw_from_empty_library,pub_threat40_pressure,1,4,0.0,946071042,rev0099_expanded_matrix_refresh,20,0,pub_threat40_pressure,pub_threat40_closure,False,21,0
105,1,pub_threat40_closure,public_decision_frame+information_state,player_0_life_total_zero_or_less,pub_threat40_pressure,1,4,1.0,1399897570,rev0099_expanded_matrix_refresh,20,1,pub_threat40_pressure,pub_threat40_closure,False,8,1
110,0,pub_threat40_closure,public_decision_frame+information_state,player_1_life_total_zero_or_less,pub_threat40_pressure,0,5,1.0,1131432232,rev0099_expanded_matrix_refresh,20,0,pub_threat40_closure,pub_threat40_pressure,False,9,0
201,0,pub_threat40_closure,public_decision_frame+information_state,player_0_life_total_zero_or_less,pub_threat40_pressure,0,5,0.0,1821864076,rev0099_expanded_matrix_refresh,20,1,pub_threat40_closure,pub_threat40_pressure,False,18,1
116,1,pub_threat40_closure,public_decision_frame+information_state,player_0_life_total_zero_or_less,pub_threat40_pressure,1,5,1.0,70258106,rev0099_expanded_matrix_refresh,20,0,pub_threat40_pressure,pub_threat40_closure,False,10,1
143,1,pub_threat40_closure,public_decision_frame+information_state,player_1_life_total_zero_or_less,pub_threat40_pressure,1,5,0.0,304139266,rev0099_expanded_matrix_refresh,20,1,pub_threat40_pressure,pub_threat40_closure,False,14,0
118,0,pub_threat40_closure,public_decision_frame+information_state,player_1_life_total_zero_or_less,pub_threat40_pressure,0,6,1.0,1444749063,rev0099_expanded_matrix_refresh,20,0,pub_threat40_closure,pub_threat40_pressure,False,9,0
98,0,pub_threat40_closure,public_decision_frame+information_state,player_0_life_total_zero_or_less,pub_threat40_pressure,0,6,0.0,1049770661,rev0099_expanded_matrix_refresh,20,1,pub_threat40_closure,pub_threat40_pressure,False,8,1
108,1,pub_threat40_closure,public_decision_frame+information_state,player_1_life_total_zero_or_less,pub_threat40_pressure,1,6,0.0,576837824,rev0099_expanded_matrix_refresh,20,0,pub_threat40_pressure,pub_threat40_closure,False,9,0
112,1,pub_threat40_closure,public_decision_frame+information_state,player_1_life_total_zero_or_less,pub_threat40_pressure,1,6,0.0,926456414,rev0099_expanded_matrix_refresh,20,1,pub_threat40_pressure,pub_threat40_closure,False,10,0
113,0,pub_threat40_closure,public_decision_frame+information_state,player_0_life_total_zero_or_less,pub_threat40_pressure,0,7,0.0,230008325,rev0099_expanded_matrix_refresh,20,0,pub_threat40_closure,pub_threat40_pressure,False,9,1
118,0,pub_threat40_closure,public_decision_frame+information_state,player_0_life_total_zero_or_less,pub_threat40_pressure,0,7,0.0,1428631410,rev0099_expanded_matrix_refresh,20,1,pub_threat40_closure,pub_threat40_pressure,False,11,1
160,1,pub_threat40_closure,public_decision_frame+information_state,player_1_life_total_zero_or_less,pub_threat40_pressure,1,7,0.0,1088871189,rev0099_expanded_matrix_refresh,20,0,pub_threat40_pressure,pub_threat40_closure,False,14,0
134,1,pub_threat40_closure,public_decision_frame+information_state,player_1_life_total_zero_or_less,pub_threat40_pressure,1,7,0.0,984660849,rev0099_expanded_matrix_refresh,20,1,pub_threat40_pressure,pub_threat40_closure,False,11,0
121,0,pub_threat40_closure,public_decision_frame+information_state,player_0_life_total_zero_or_less,pub_threat40_pressure,0,8,0.0,425801834,rev0099_expanded_matrix_refresh,20,0,pub_threat40_closure,pub_threat40_pressure,False,9,1
128,0,pub_threat40_closure,public_decision_frame+information_state,player_0_life_total_zero_or_less,pub_threat40_pressure,0,8,0.0,1901064619,rev0099_expanded_matrix_refresh,20,1,pub_threat40_closure,pub_threat40_pressure,False,11,1
107,1,pub_threat40_closure,public_decision_frame+information_state,player_1_life_total_zero_or_less,pub_threat40_pressure,1,8,0.0,710370742,rev0099_expanded_matrix_refresh,20,0,pub_threat40_pressure,pub_threat40_closure,False,10,0
120,1,pub_threat40_closure,public_decision_frame+information_state,player_1_life_total_zero_or_less,pub_threat40_pressure,1,8,0.0,296485585,rev0099_expanded_matrix_refresh,20,1,pub_threat40_pressure,pub_threat40_closure,False,10,0
204,0,pub_threat40_closure,public_decision_frame+information_state,player_0_life_total_zero_or_less,pub_threat40_pressure,0,9,0.0,709744835,rev0099_expanded_matrix_refresh,20,0,pub_threat40_closure,pub_threat40_pressure,False,13,1
176,0,pub_threat40_closure,public_decision_frame+information_state,player_0_life_total_zero_or_less,pub_threat40_pressure,0,9,0.0,1079728040,rev0099_expanded_matrix_refresh,20,1,pub_threat40_closure,pub_threat40_pressure,False,12,1
179,1,pub_threat40_closure,public_decision_frame+information_state,player_1_attempted_to_draw_from_empty_library,pub_threat40_pressure,1,9,0.0,124092949,rev0099_expanded_matrix_refresh,20,0,pub_threat40_pressure,pub_threat40_closure,False,15,0
207,1,pub_threat40_closure,public_decision_frame+information_state,player_0_attempted_to_draw_from_empty_library,pub_threat40_pressure,1,9,1.0,135231037,rev0099_expanded_matrix_refresh,20,1,pub_threat40_pressure,pub_threat40_closure,False,17,1
122,0,pub_threat40_closure,public_decision_frame+information_state,player_0_life_total_zero_or_less,pub_threat40_pressure,0,0,0.0,687546254,rev0099_expanded_matrix_refresh,40,0,pub_threat40_closure,pub_threat40_pressure,False,10,1
148,0,pub_threat40_closure,public_decision_frame+information_state,player_0_life_total_zero_or_less,pub_threat40_pressure,0,0,0.0,1476486467,rev0099_expanded_matrix_refresh,40,1,pub_threat40_closure,pub_threat40_pressure,False,10,1
200,1,pub_threat40_closure,public_decision_frame+information_state,player_0_attempted_to_draw_from_empty_library,pub_threat40_pressure,1,0,1.0,695239081,rev0099_expanded_matrix_refresh,40,0,pub_threat40_pressure,pub_threat40_closure,False,19,1
177,1,pub_threat40_closure,public_decision_frame+information_state,player_0_attempted_to_draw_from_empty_library,pub_threat40_pressure,1,0,1.0,1066002941,rev0099_expanded_matrix_refresh,40,1,pub_threat40_pressure,pub_threat40_closure,False,15,1
194,0,pub_threat40_closure,public_decision_frame+information_state,player_0_attempted_to_draw_from_empty_library,pub_threat40_pressure,0,1,0.0,716839657,rev0099_expanded_matrix_refresh,40,0,pub_threat40_closure,pub_threat40_pressure,False,14,1
122,0,pub_threat40_closure,public_decision_frame+information_state,player_1_life_total_zero_or_less,pub_threat40_pressure,0,1,1.0,788584198,rev0099_expanded_matrix_refresh,40,1,pub_threat40_closure,pub_threat40_pressure,False,10,0
175,1,pub_threat40_closure,public_decision_frame+information_state,player_1_attempted_to_draw_from_empty_library,pub_threat40_pressure,1,1,0.0,1115336056,rev0099_expanded_matrix_refresh,40,0,pub_threat40_pressure,pub_threat40_closure,False,12,0
239,1,pub_threat40_closure,public_decision_frame+information_state,player_0_attempted_to_draw_from_empty_library,pub_threat40_pressure,1,1,1.0,1376798104,rev0099_expanded_matrix_refresh,40,1,pub_threat40_pressure,pub_threat40_closure,False,21,1
190,0,pub_threat40_closure,public_decision_frame+information_state,player_0_attempted_to_draw_from_empty_library,pub_threat40_pressure,0,2,0.0,1918559749,rev0099_expanded_matrix_refresh,40,0,pub_threat40_closure,pub_threat40_pressure,False,17,1
170,0,pub_threat40_closure,public_decision_frame+information_state,player_0_attempted_to_draw_from_empty_library,pub_threat40_pressure,0,2,0.0,1653290531,rev0099_expanded_matrix_refresh,40,1,pub_threat40_closure,pub_threat40_pressure,False,15,1
229,1,pub_threat40_closure,public_decision_frame+information_state,player_1_attempted_to_draw_from_empty_library,pub_threat40_pressure,1,2,0.0,873728269,rev0099_expanded_matrix_refresh,40,0,pub_threat40_pressure,pub_threat40_closure,False,20,0
209,1,pub_threat40_closure,public_decision_frame+information_state,player_0_attempted_to_draw_from_empty_library,pub_threat40_pressure,1,2,1.0,246640419,rev0099_expanded_matrix_refresh,40,1,pub_threat40_pressure,pub_threat40_closure,False,19,1
126,0,pub_threat40_closure,public_decision_frame+information_state,player_1_life_total_zero_or_less,pub_threat40_pressure,0,3,1.0,1463016387,rev0099_expanded_matrix_refresh,40,0,pub_threat40_closure,pub_threat40_pressure,False,10,0
232,0,pub_threat40_closure,public_decision_frame+information_state,player_1_attempted_to_draw_from_empty_library,pub_threat40_pressure,0,3,1.0,374849650,rev0099_expanded_matrix_refresh,40,1,pub_threat40_closure,pub_threat40_pressure,False,19,0
179,1,pub_threat40_closure,public_decision_frame+information_state,player_1_attempted_to_draw_from_empty_library,pub_threat40_pressure,1,3,0.0,583531133,rev0099_expanded_matrix_refresh,40,0,pub_threat40_pressure,pub_threat40_closure,False,14,0
179,1,pub_threat40_closure,public_decision_frame+information_state,player_0_life_total_zero_or_less,pub_threat40_pressure,1,3,1.0,1940701932,rev0099_expanded_matrix_refresh,40,1,pub_threat40_pressure,pub_threat40_closure,False,16,1
179,0,pub_threat40_closure,public_decision_frame+information_state,player_0_attempted_to_draw_from_empty_library,pub_threat40_pressure,0,4,0.0,1242748742,rev0099_expanded_matrix_refresh,40,0,pub_threat40_closure,pub_threat40_pressure,False,17,1
164,0,pub_threat40_closure,public_decision_frame+information_state,player_0_attempted_to_draw_from_empty_library,pub_threat40_pressure,0,4,0.0,1932979265,rev0099_expanded_matrix_refresh,40,1,pub_threat40_closure,pub_threat40_pressure,False,13,1
198,1,pub_threat40_closure,public_decision_frame+information_state,player_0_attempted_to_draw_from_empty_library,pub_threat40_pressure,1,4,1.0,779995094,rev0099_expanded_matrix_refresh,40,0,pub_threat40_pressure,pub_threat40_closure,False,17,1
164,1,pub_threat40_closure,public_decision_frame+information_state,player_0_attempted_to_draw_from_empty_library,pub_threat40_pressure,1,4,1.0,25787727,rev0099_expanded_matrix_refresh,40,1,pub_threat40_pressure,pub_threat40_closure,False,15,1
139,0,pub_threat40_closure,public_decision_frame+information_state,player_0_life_total_zero_or_less,pub_threat40_pressure,0,5,0.0,864181441,rev0099_expanded_matrix_refresh,40,0,pub_threat40_closure,pub_threat40_pressure,False,11,1
211,0,pub_threat40_closure,public_decision_frame+information_state,player_1_attempted_to_draw_from_empty_library,pub_threat40_pressure,0,5,1.0,266431073,rev0099_expanded_matrix_refresh,40,1,pub_threat40_closure,pub_threat40_pressure,False,17,0
124,1,pub_threat40_closure,public_decision_frame+information_state,player_1_life_total_zero_or_less,pub_threat40_pressure,1,5,0.0,829362968,rev0099_expanded_matrix_refresh,40,0,pub_threat40_pressure,pub_threat40_closure,False,10,0
106,1,pub_threat40_closure,public_decision_frame+information_state,player_1_attempted_to_draw_from_empty_library,pub_threat40_pressure,1,5,0.0,1936563602,rev0099_expanded_matrix_refresh,40,1,pub_threat40_pressure,pub_threat40_closure,False,10,0
213,0,pub_threat40_closure,public_decision_frame+information_state,player_1_attempted_to_draw_from_empty_library,pub_threat40_pressure,0,6,1.0,1358632793,rev0099_expanded_matrix_refresh,40,0,pub_threat40_closure,pub_threat40_pressure,False,16,0
169,0,pub_threat40_closure,public_decision_frame+information_state,player_0_attempted_to_draw_from_empty_library,pub_threat40_pressure,0,6,0.0,1824649409,rev0099_expanded_matrix_refresh,40,1,pub_threat40_closure,pub_threat40_pressure,False,13,1
209,1,pub_threat40_closure,public_decision_frame+information_state,player_1_attempted_to_draw_from_empty_library,pub_threat40_pressure,1,6,0.0,1313186653,rev0099_expanded_matrix_refresh,40,0,pub_threat40_pressure,pub_threat40_closure,False,18,0
187,1,pub_threat40_closure,public_decision_frame+information_state,player_0_attempted_to_draw_from_empty_library,pub_threat40_pressure,1,6,1.0,235049070,rev0099_expanded_matrix_refresh,40,1,pub_threat40_pressure,pub_threat40_closure,False,17,1
153,0,pub_threat40_closure,public_decision_frame+information_state,player_0_attempted_to_draw_from_empty_library,pub_threat40_pressure,0,7,0.0,168829365,rev0099_expanded_matrix_refresh,40,0,pub_threat40_closure,pub_threat40_pressure,False,13,1
161,0,pub_threat40_closure,public_decision_frame+information_state,player_0_attempted_to_draw_from_empty_library,pub_threat40_pressure,0,7,0.0,967229066,rev0099_expanded_matrix_refresh,40,1,pub_threat40_closure,pub_threat40_pressure,False,12,1
191,1,pub_threat40_closure,public_decision_frame+information_state,player_1_attempted_to_draw_from_empty_library,pub_threat40_pressure,1,7,0.0,20969704,rev0099_expanded_matrix_refresh,40,0,pub_threat40_pressure,pub_threat40_closure,False,14,0
121,1,pub_threat40_closure,public_decision_frame+information_state,player_0_attempted_to_draw_from_empty_library,pub_threat40_pressure,1,7,1.0,1963098584,rev0099_expanded_matrix_refresh,40,1,pub_threat40_pressure,pub_threat40_closure,False,11,1
163,0,pub_threat40_closure,public_decision_frame+information_state,player_0_attempted_to_draw_from_empty_library,pub_threat40_pressure,0,8,0.0,601300767,rev0099_expanded_matrix_refresh,40,0,pub_threat40_closure,pub_threat40_pressure,False,11,1
118,0,pub_threat40_closure,public_decision_frame+information_state,player_0_life_total_zero_or_less,pub_threat40_pressure,0,8,0.0,107638964,rev0099_expanded_matrix_refresh,40,1,pub_threat40_closure,pub_threat40_pressure,False,10,1
134,1,pub_threat40_closure,public_decision_frame+information_state,player_1_life_total_zero_or_less,pub_threat40_pressure,1,8,0.0,516121943,rev0099_expanded_matrix_refresh,40,0,pub_threat40_pressure,pub_threat40_closure,False,12,0
187,1,pub_threat40_closure,public_decision_frame+information_state,player_1_attempted_to_draw_from_empty_library,pub_threat40_pressure,1,8,0.0,222722972,rev0099_expanded_matrix_refresh,40,1,pub_threat40_pressure,pub_threat40_closure,False,13,0
184,0,pub_threat40_closure,public_decision_frame+information_state,player_1_attempted_to_draw_from_empty_library,pub_threat40_pressure,0,9,1.0,522709084,rev0099_expanded_matrix_refresh,40,0,pub_threat40_closure,pub_threat40_pressure,False,14,0
158,0,pub_threat40_closure,public_decision_frame+information_state,player_0_attempted_to_draw_from_empty_library,pub_threat40_pressure,0,9,0.0,1483820927,rev0099_expanded_matrix_refresh,40,1,pub_threat40_closure,pub_threat40_pressure,False,12,1
168,1,pub_threat40_closure,public_decision_frame+information_state,player_1_life_total_zero_or_less,pub_threat40_pressure,1,9,0.0,1132800468,rev0099_expanded_matrix_refresh,40,0,pub_threat40_pressure,pub_threat40_closure,False,12,0
132,1,pub_threat40_closure,public_decision_frame+information_state,player_0_attempted_to_draw_from_empty_library,pub_threat40_pressure,1,9,1.0,1556507695,rev0099_expanded_matrix_refresh,40,1,pub_threat40_pressure,pub_threat40_closure,False,12,1
121,0,pub_threat40_closure,public_decision_frame+information_state,player_1_life_total_zero_or_less,pub_threat40_surge,0,0,1.0,1929988155,rev0099_expanded_matrix_refresh,20,0,pub_threat40_closure,pub_threat40_surge,False,11,0
149,0,pub_threat40_closure,public_decision_frame+information_state,player_0_life_total_zero_or_less,pub_threat40_surge,0,0,0.0,833714314,rev0099_expanded_matrix_refresh,20,1,pub_threat40_closure,pub_threat40_surge,False,12,1
132,1,pub_threat40_closure,public_decision_frame+information_state,player_0_life_total_zero_or_less,pub_threat40_surge,1,0,1.0,569300173,rev0099_expanded_matrix_refresh,20,0,pub_threat40_surge,pub_threat40_closure,False,10,1
140,1,pub_threat40_closure,public_decision_frame+information_state,player_1_life_total_zero_or_less,pub_threat40_surge,1,0,0.0,1259092384,rev0099_expanded_matrix_refresh,20,1,pub_threat40_surge,pub_threat40_closure,False,11,0
123,0,pub_threat40_closure,public_decision_frame+information_state,player_0_life_total_zero_or_less,pub_threat40_surge,0,1,0.0,1021994810,rev0099_expanded_matrix_refresh,20,0,pub_threat40_closure,pub_threat40_surge,False,10,1
124,0,pub_threat40_closure,public_decision_frame+information_state,player_1_life_total_zero_or_less,pub_threat40_surge,0,1,1.0,1797323777,rev0099_expanded_matrix_refresh,20,1,pub_threat40_closure,pub_threat40_surge,False,10,0
124,1,pub_threat40_closure,public_decision_frame+information_state,player_1_life_total_zero_or_less,pub_threat40_surge,1,1,0.0,639529927,rev0099_expanded_matrix_refresh,20,0,pub_threat40_surge,pub_threat40_closure,False,11,0
123,1,pub_threat40_closure,public_decision_frame+information_state,player_1_life_total_zero_or_less,pub_threat40_surge,1,1,0.0,67903124,rev0099_expanded_matrix_refresh,20,1,pub_threat40_surge,pub_threat40_closure,False,11,0
147,0,pub_threat40_closure,public_decision_frame+information_state,player_0_life_total_zero_or_less,pub_threat40_surge,0,2,0.0,1790385795,rev0099_expanded_matrix_refresh,20,0,pub_threat40_closure,pub_threat40_surge,False,12,1
160,0,pub_threat40_closure,public_decision_frame+information_state,player_0_life_total_zero_or_less,pub_threat40_surge,0,2,0.0,344815194,rev0099_expanded_matrix_refresh,20,1,pub_threat40_closure,pub_threat40_surge,False,11,1
117,1,pub_threat40_closure,public_decision_frame+information_state,player_0_life_total_zero_or_less,pub_threat40_surge,1,2,1.0,1442318531,rev0099_expanded_matrix_refresh,20,0,pub_threat40_surge,pub_threat40_closure,False,11,1
181,1,pub_threat40_closure,public_decision_frame+information_state,player_0_life_total_zero_or_less,pub_threat40_surge,1,2,1.0,220444608,rev0099_expanded_matrix_refresh,20,1,pub_threat40_surge,pub_threat40_closure,False,16,1
115,0,pub_threat40_closure,public_decision_frame+information_state,player_0_life_total_zero_or_less,pub_threat40_surge,0,3,0.0,1108192222,rev0099_expanded_matrix_refresh,20,0,pub_threat40_closure,pub_threat40_surge,False,8,1
222,0,pub_threat40_closure,public_decision_frame+information_state,player_1_attempted_to_draw_from_empty_library,pub_threat40_surge,0,3,1.0,609186476,rev0099_expanded_matrix_refresh,20,1,pub_threat40_closure,pub_threat40_surge,False,17,0
195,1,pub_threat40_closure,public_decision_frame+information_state,player_1_attempted_to_draw_from_empty_library,pub_threat40_surge,1,3,0.0,193625163,rev0099_expanded_matrix_refresh,20,0,pub_threat40_surge,pub_threat40_closure,False,14,0
121,1,pub_threat40_closure,public_decision_frame+information_state,player_1_life_total_zero_or_less,pub_threat40_surge,1,3,0.0,742875645,rev0099_expanded_matrix_refresh,20,1,pub_threat40_surge,pub_threat40_closure,False,11,0
130,0,pub_threat40_closure,public_decision_frame+information_state,player_1_life_total_zero_or_less,pub_threat40_surge,0,4,1.0,1244635041,rev0099_expanded_matrix_refresh,20,0,pub_threat40_closure,pub_threat40_surge,False,11,0
161,0,pub_threat40_closure,public_decision_frame+information_state,player_0_life_total_zero_or_less,pub_threat40_surge,0,4,0.0,492788687,rev0099_expanded_matrix_refresh,20,1,pub_threat40_closure,pub_threat40_surge,False,11,1
176,1,pub_threat40_closure,public_decision_frame+information_state,player_1_attempted_to_draw_from_empty_library,pub_threat40_surge,1,4,0.0,261600557,rev0099_expanded_matrix_refresh,20,0,pub_threat40_surge,pub_threat40_closure,False,12,0
121,1,pub_threat40_closure,public_decision_frame+information_state,player_0_life_total_zero_or_less,pub_threat40_surge,1,4,1.0,961175078,rev0099_expanded_matrix_refresh,20,1,pub_threat40_surge,pub_threat40_closure,False,10,1
160,0,pub_threat40_closure,public_decision_frame+information_state,player_1_life_total_zero_or_less,pub_threat40_surge,0,5,1.0,772403443,rev0099_expanded_matrix_refresh,20,0,pub_threat40_closure,pub_threat40_surge,False,11,0
136,0,pub_threat40_closure,public_decision_frame+information_state,player_0_life_total_zero_or_less,pub_threat40_surge,0,5,0.0,1855585361,rev0099_expanded_matrix_refresh,20,1,pub_threat40_closure,pub_threat40_surge,False,11,1
106,1,pub_threat40_closure,public_decision_frame+information_state,player_0_life_total_zero_or_less,pub_threat40_surge,1,5,1.0,944470478,rev0099_expanded_matrix_refresh,20,0,pub_threat40_surge,pub_threat40_closure,False,9,1
113,1,pub_threat40_closure,public_decision_frame+information_state,player_0_life_total_zero_or_less,pub_threat40_surge,1,5,1.0,588812021,rev0099_expanded_matrix_refresh,20,1,pub_threat40_surge,pub_threat40_closure,False,9,1
105,0,pub_threat40_closure,public_decision_frame+information_state,player_0_life_total_zero_or_less,pub_threat40_surge,0,6,0.0,771786637,rev0099_expanded_matrix_refresh,20,0,pub_threat40_closure,pub_threat40_surge,False,9,1
95,0,pub_threat40_closure,public_decision_frame+information_state,player_0_life_total_zero_or_less,pub_threat40_surge,0,6,0.0,115957788,rev0099_expanded_matrix_refresh,20,1,pub_threat40_closure,pub_threat40_surge,False,8,1
119,1,pub_threat40_closure,public_decision_frame+information_state,player_0_life_total_zero_or_less,pub_threat40_surge,1,6,1.0,1659475326,rev0099_expanded_matrix_refresh,20,0,pub_threat40_surge,pub_threat40_closure,False,11,1
102,1,pub_threat40_closure,public_decision_frame+information_state,player_0_life_total_zero_or_less,pub_threat40_surge,1,6,1.0,1788915699,rev0099_expanded_matrix_refresh,20,1,pub_threat40_surge,pub_threat40_closure,False,10,1
127,0,pub_threat40_closure,public_decision_frame+information_state,player_0_life_total_zero_or_less,pub_threat40_surge,0,7,0.0,206811200,rev0099_expanded_matrix_refresh,20,0,pub_threat40_closure,pub_threat40_surge,False,9,1
226,0,pub_threat40_closure,public_decision_frame+information_state,player_1_attempted_to_draw_from_empty_library,pub_threat40_surge,0,7,1.0,1221809588,rev0099_expanded_matrix_refresh,20,1,pub_threat40_closure,pub_threat40_surge,False,17,0
111,1,pub_threat40_closure,public_decision_frame+information_state,player_1_life_total_zero_or_less,pub_threat40_surge,1,7,0.0,279132714,rev0099_expanded_matrix_refresh,20,0,pub_threat40_surge,pub_threat40_closure,False,9,0
108,1,pub_threat40_closure,public_decision_frame+information_state,player_1_life_total_zero_or_less,pub_threat40_surge,1,7,0.0,1179020954,rev0099_expanded_matrix_refresh,20,1,pub_threat40_surge,pub_threat40_closure,False,11,0
104,0,pub_threat40_closure,public_decision_frame+information_state,player_1_life_total_zero_or_less,pub_threat40_surge,0,8,1.0,350412530,rev0099_expanded_matrix_refresh,20,0,pub_threat40_closure,pub_threat40_surge,False,9,0
211,0,pub_threat40_closure,public_decision_frame+information_state,player_0_attempted_to_draw_from_empty_library,pub_threat40_surge,0,8,0.0,1874416151,rev0099_expanded_matrix_refresh,20,1,pub_threat40_closure,pub_threat40_surge,False,17,1
255,1,pub_threat40_closure,public_decision_frame+information_state,player_1_attempted_to_draw_from_empty_library,pub_threat40_surge,1,8,0.0,4792286,rev0099_expanded_matrix_refresh,20,0,pub_threat40_surge,pub_threat40_closure,False,24,0
146,1,pub_threat40_closure,public_decision_frame+information_state,player_0_life_total_zero_or_less,pub_threat40_surge,1,8,1.0,547927531,rev0099_expanded_matrix_refresh,20,1,pub_threat40_surge,pub_threat40_closure,False,13,1
152,0,pub_threat40_closure,public_decision_frame+information_state,player_1_life_total_zero_or_less,pub_threat40_surge,0,9,1.0,235426800,rev0099_expanded_matrix_refresh,20,0,pub_threat40_closure,pub_threat40_surge,False,11,0
164,0,pub_threat40_closure,public_decision_frame+information_state,player_0_life_total_zero_or_less,pub_threat40_surge,0,9,0.0,669792032,rev0099_expanded_matrix_refresh,20,1,pub_threat40_closure,pub_threat40_surge,False,15,1
166,1,pub_threat40_closure,public_decision_frame+information_state,player_0_life_total_zero_or_less,pub_threat40_surge,1,9,1.0,501216090,rev0099_expanded_matrix_refresh,20,0,pub_threat40_surge,pub_threat40_closure,False,14,1
222,1,pub_threat40_closure,public_decision_frame+information_state,player_0_attempted_to_draw_from_empty_library,pub_threat40_surge,1,9,1.0,1772269660,rev0099_expanded_matrix_refresh,20,1,pub_threat40_surge,pub_threat40_closure,False,19,1
114,0,pub_threat40_closure,public_decision_frame+information_state,player_0_life_total_zero_or_less,pub_threat40_surge,0,0,0.0,253070402,rev0099_expanded_matrix_refresh,40,0,pub_threat40_closure,pub_threat40_surge,False,9,1
240,0,pub_threat40_closure,public_decision_frame+information_state,player_1_attempted_to_draw_from_empty_library,pub_threat40_surge,0,0,1.0,1985199226,rev0099_expanded_matrix_refresh,40,1,pub_threat40_closure,pub_threat40_surge,False,21,0
150,1,pub_threat40_closure,public_decision_frame+information_state,player_0_life_total_zero_or_less,pub_threat40_surge,1,0,1.0,982738884,rev0099_expanded_matrix_refresh,40,0,pub_threat40_surge,pub_threat40_closure,False,11,1
159,1,pub_threat40_closure,public_decision_frame+information_state,player_1_attempted_to_draw_from_empty_library,pub_threat40_surge,1,0,0.0,149726776,rev0099_expanded_matrix_refresh,40,1,pub_threat40_surge,pub_threat40_closure,False,12,0
174,0,pub_threat40_closure,public_decision_frame+information_state,player_1_attempted_to_draw_from_empty_library,pub_threat40_surge,0,1,1.0,1014928987,rev0099_expanded_matrix_refresh,40,0,pub_threat40_closure,pub_threat40_surge,False,16,0
218,0,pub_threat40_closure,public_decision_frame+information_state,player_1_attempted_to_draw_from_empty_library,pub_threat40_surge,0,1,1.0,719427633,rev0099_expanded_matrix_refresh,40,1,pub_threat40_closure,pub_threat40_surge,False,15,0
178,1,pub_threat40_closure,public_decision_frame+information_state,player_1_attempted_to_draw_from_empty_library,pub_threat40_surge,1,1,0.0,146126807,rev0099_expanded_matrix_refresh,40,0,pub_threat40_surge,pub_threat40_closure,False,13,0
185,1,pub_threat40_closure,public_decision_frame+information_state,player_0_attempted_to_draw_from_empty_library,pub_threat40_surge,1,1,1.0,599078531,rev0099_expanded_matrix_refresh,40,1,pub_threat40_surge,pub_threat40_closure,False,17,1
195,0,pub_threat40_closure,public_decision_frame+information_state,player_0_attempted_to_draw_from_empty_library,pub_threat40_surge,0,2,0.0,1860222824,rev0099_expanded_matrix_refresh,40,0,pub_threat40_closure,pub_threat40_surge,False,16,1
124,0,pub_threat40_closure,public_decision_frame+information_state,player_0_life_total_zero_or_less,pub_threat40_surge,0,2,0.0,1578117245,rev0099_expanded_matrix_refresh,40,1,pub_threat40_closure,pub_threat40_surge,False,10,1
245,1,pub_threat40_closure,public_decision_frame+information_state,player_1_attempted_to_draw_from_empty_library,pub_threat40_surge,1,2,0.0,622744372,rev0099_expanded_matrix_refresh,40,0,pub_threat40_surge,pub_threat40_closure,False,18,0
159,1,pub_threat40_closure,public_decision_frame+information_state,player_0_life_total_zero_or_less,pub_threat40_surge,1,2,1.0,599295598,rev0099_expanded_matrix_refresh,40,1,pub_threat40_surge,pub_threat40_closure,False,13,1
196,0,pub_threat40_closure,public_decision_frame+information_state,player_1_attempted_to_draw_from_empty_library,pub_threat40_surge,0,3,1.0,128976822,rev0099_expanded_matrix_refresh,40,0,pub_threat40_closure,pub_threat40_surge,False,17,0
188,0,pub_threat40_closure,public_decision_frame+information_state,player_1_attempted_to_draw_from_empty_library,pub_threat40_surge,0,3,1.0,931777586,rev0099_expanded_matrix_refresh,40,1,pub_threat40_closure,pub_threat40_surge,False,15,0
117,1,pub_threat40_closure,public_decision_frame+information_state,player_0_attempted_to_draw_from_empty_library,pub_threat40_surge,1,3,1.0,502759229,rev0099_expanded_matrix_refresh,40,0,pub_threat40_surge,pub_threat40_closure,False,12,1
188,1,pub_threat40_closure,public_decision_frame+information_state,player_1_attempted_to_draw_from_empty_library,pub_threat40_surge,1,3,0.0,675737908,rev0099_expanded_matrix_refresh,40,1,pub_threat40_surge,pub_threat40_closure,False,15,0
177,0,pub_threat40_closure,public_decision_frame+information_state,player_1_attempted_to_draw_from_empty_library,pub_threat40_surge,0,4,1.0,1540403403,rev0099_expanded_matrix_refresh,40,0,pub_threat40_closure,pub_threat40_surge,False,14,0
186,0,pub_threat40_closure,public_decision_frame+information_state,player_1_attempted_to_draw_from_empty_library,pub_threat40_surge,0,4,1.0,894041770,rev0099_expanded_matrix_refresh,40,1,pub_threat40_closure,pub_threat40_surge,False,13,0
168,1,pub_threat40_closure,public_decision_frame+information_state,player_0_attempted_to_draw_from_empty_library,pub_threat40_surge,1,4,1.0,778308972,rev0099_expanded_matrix_refresh,40,0,pub_threat40_surge,pub_threat40_closure,False,15,1
142,1,pub_threat40_closure,public_decision_frame+information_state,player_1_life_total_zero_or_less,pub_threat40_surge,1,4,0.0,988360949,rev0099_expanded_matrix_refresh,40,1,pub_threat40_surge,pub_threat40_closure,False,13,0
195,0,pub_threat40_closure,public_decision_frame+information_state,player_1_attempted_to_draw_from_empty_library,pub_threat40_surge,0,5,1.0,999612912,rev0099_expanded_matrix_refresh,40,0,pub_threat40_closure,pub_threat40_surge,False,16,0
130,0,pub_threat40_closure,public_decision_frame+information_state,player_1_life_total_zero_or_less,pub_threat40_surge,0,5,1.0,591358145,rev0099_expanded_matrix_refresh,40,1,pub_threat40_closure,pub_threat40_surge,False,11,0
175,1,pub_threat40_closure,public_decision_frame+information_state,player_0_attempted_to_draw_from_empty_library,pub_threat40_surge,1,5,1.0,415225776,rev0099_expanded_matrix_refresh,40,0,pub_threat40_surge,pub_threat40_closure,False,15,1
151,1,pub_threat40_closure,public_decision_frame+information_state,player_1_attempted_to_draw_from_empty_library,pub_threat40_surge,1,5,0.0,1143677111,rev0099_expanded_matrix_refresh,40,1,pub_threat40_surge,pub_threat40_closure,False,11,0
183,0,pub_threat40_closure,public_decision_frame+information_state,player_0_attempted_to_draw_from_empty_library,pub_threat40_surge,0,6,0.0,1971628824,rev0099_expanded_matrix_refresh,40,0,pub_threat40_closure,pub_threat40_surge,False,15,1
163,0,pub_threat40_closure,public_decision_frame+information_state,player_0_attempted_to_draw_from_empty_library,pub_threat40_surge,0,6,0.0,1088058640,rev0099_expanded_matrix_refresh,40,1,pub_threat40_closure,pub_threat40_surge,False,16,1
152,1,pub_threat40_closure,public_decision_frame+information_state,player_1_life_total_zero_or_less,pub_threat40_surge,1,6,0.0,1036032936,rev0099_expanded_matrix_refresh,40,0,pub_threat40_surge,pub_threat40_closure,False,14,0
201,1,pub_threat40_closure,public_decision_frame+information_state,player_0_attempted_to_draw_from_empty_library,pub_threat40_surge,1,6,1.0,1437111304,rev0099_expanded_matrix_refresh,40,1,pub_threat40_surge,pub_threat40_closure,False,20,1
178,0,pub_threat40_closure,public_decision_frame+information_state,player_0_attempted_to_draw_from_empty_library,pub_threat40_surge,0,7,0.0,192734206,rev0099_expanded_matrix_refresh,40,0,pub_threat40_closure,pub_threat40_surge,False,13,1
135,0,pub_threat40_closure,public_decision_frame+information_state,player_1_attempted_to_draw_from_empty_library,pub_threat40_surge,0,7,1.0,1050302608,rev0099_expanded_matrix_refresh,40,1,pub_threat40_closure,pub_threat40_surge,False,12,0
116,1,pub_threat40_closure,public_decision_frame+information_state,player_1_life_total_zero_or_less,pub_threat40_surge,1,7,0.0,119985281,rev0099_expanded_matrix_refresh,40,0,pub_threat40_surge,pub_threat40_closure,False,9,0
174,1,pub_threat40_closure,public_decision_frame+information_state,player_0_attempted_to_draw_from_empty_library,pub_threat40_surge,1,7,1.0,958666717,rev0099_expanded_matrix_refresh,40,1,pub_threat40_surge,pub_threat40_closure,False,15,1
161,0,pub_threat40_closure,public_decision_frame+information_state,player_0_life_total_zero_or_less,pub_threat40_surge,0,8,0.0,1641091367,rev0099_expanded_matrix_refresh,40,0,pub_threat40_closure,pub_threat40_surge,False,11,1
191,0,pub_threat40_closure,public_decision_frame+information_state,player_0_attempted_to_draw_from_empty_library,pub_threat40_surge,0,8,0.0,915630384,rev0099_expanded_matrix_refresh,40,1,pub_threat40_closure,pub_threat40_surge,False,17,1
186,1,pub_threat40_closure,public_decision_frame+information_state,player_1_attempted_to_draw_from_empty_library,pub_threat40_surge,1,8,0.0,560555512,rev0099_expanded_matrix_refresh,40,0,pub_threat40_surge,pub_threat40_closure,False,16,0
155,1,pub_threat40_closure,public_decision_frame+information_state,player_0_attempted_to_draw_from_empty_library,pub_threat40_surge,1,8,1.0,1905468484,rev0099_expanded_matrix_refresh,40,1,pub_threat40_surge,pub_threat40_closure,False,14,1
186,0,pub_threat40_closure,public_decision_frame+information_state,player_1_attempted_to_draw_from_empty_library,pub_threat40_surge,0,9,1.0,1648585758,rev0099_expanded_matrix_refresh,40,0,pub_threat40_closure,pub_threat40_surge,False,16,0
157,0,pub_threat40_closure,public_decision_frame+information_state,player_0_life_total_zero_or_less,pub_threat40_surge,0,9,0.0,1049419599,rev0099_expanded_matrix_refresh,40,1,pub_threat40_closure,pub_threat40_surge,False,10,1
158,1,pub_threat40_closure,public_decision_frame+information_state,player_1_life_total_zero_or_less,pub_threat40_surge,1,9,0.0,91267441,rev0099_expanded_matrix_refresh,40,0,pub_threat40_surge,pub_threat40_closure,False,10,0
207,1,pub_threat40_closure,public_decision_frame+information_state,player_0_attempted_to_draw_from_empty_library,pub_threat40_surge,1,9,1.0,1141216424,rev0099_expanded_matrix_refresh,40,1,pub_threat40_surge,pub_threat40_closure,False,15,1
123,0,pub_threat40_closure,public_decision_frame+information_state,player_1_life_total_zero_or_less,pub_threat60_closure,0,0,1.0,312528246,rev0099_expanded_matrix_refresh,20,0,pub_threat40_closure,pub_threat60_closure,False,11,0
86,0,pub_threat40_closure,public_decision_frame+information_state,player_1_life_total_zero_or_less,pub_threat60_closure,0,0,1.0,775925462,rev0099_expanded_matrix_refresh,20,1,pub_threat40_closure,pub_threat60_closure,False,8,0
165,1,pub_threat40_closure,public_decision_frame+information_state,player_0_life_total_zero_or_less,pub_threat60_closure,1,0,1.0,1329693895,rev0099_expanded_matrix_refresh,20,0,pub_threat60_closure,pub_threat40_closure,False,14,1
113,1,pub_threat40_closure,public_decision_frame+information_state,player_1_life_total_zero_or_less,pub_threat60_closure,1,0,0.0,278075626,rev0099_expanded_matrix_refresh,20,1,pub_threat60_closure,pub_threat40_closure,False,11,0
176,0,pub_threat40_closure,public_decision_frame+information_state,player_1_life_total_zero_or_less,pub_threat60_closure,0,1,1.0,929524707,rev0099_expanded_matrix_refresh,20,0,pub_threat40_closure,pub_threat60_closure,False,11,0
121,0,pub_threat40_closure,public_decision_frame+information_state,player_0_life_total_zero_or_less,pub_threat60_closure,0,1,0.0,1917187881,rev0099_expanded_matrix_refresh,20,1,pub_threat40_closure,pub_threat60_closure,False,11,1
178,1,pub_threat40_closure,public_decision_frame+information_state,player_1_life_total_zero_or_less,pub_threat60_closure,1,1,0.0,1613600966,rev0099_expanded_matrix_refresh,20,0,pub_threat60_closure,pub_threat40_closure,False,13,0
95,1,pub_threat40_closure,public_decision_frame+information_state,player_0_life_total_zero_or_less,pub_threat60_closure,1,1,1.0,1380045849,rev0099_expanded_matrix_refresh,20,1,pub_threat60_closure,pub_threat40_closure,False,8,1
115,0,pub_threat40_closure,public_decision_frame+information_state,player_0_life_total_zero_or_less,pub_threat60_closure,0,2,0.0,1253369310,rev0099_expanded_matrix_refresh,20,0,pub_threat40_closure,pub_threat60_closure,False,9,1
195,0,pub_threat40_closure,public_decision_frame+information_state,player_1_attempted_to_draw_from_empty_library,pub_threat60_closure,0,2,1.0,1311030108,rev0099_expanded_matrix_refresh,20,1,pub_threat40_closure,pub_threat60_closure,False,19,0
243,1,pub_threat40_closure,public_decision_frame+information_state,player_1_life_total_zero_or_less,pub_threat60_closure,1,2,0.0,632972372,rev0099_expanded_matrix_refresh,20,0,pub_threat60_closure,pub_threat40_closure,False,20,0
275,1,pub_threat40_closure,public_decision_frame+information_state,player_1_attempted_to_draw_from_empty_library,pub_threat60_closure,1,2,0.0,222882952,rev0099_expanded_matrix_refresh,20,1,pub_threat60_closure,pub_threat40_closure,False,27,0
173,0,pub_threat40_closure,public_decision_frame+information_state,player_1_life_total_zero_or_less,pub_threat60_closure,0,3,1.0,1329680484,rev0099_expanded_matrix_refresh,20,0,pub_threat40_closure,pub_threat60_closure,False,12,0
96,0,pub_threat40_closure,public_decision_frame+information_state,player_1_life_total_zero_or_less,pub_threat60_closure,0,3,1.0,1306990570,rev0099_expanded_matrix_refresh,20,1,pub_threat40_closure,pub_threat60_closure,False,9,0
178,1,pub_threat40_closure,public_decision_frame+information_state,player_1_life_total_zero_or_less,pub_threat60_closure,1,3,0.0,1864953700,rev0099_expanded_matrix_refresh,20,0,pub_threat60_closure,pub_threat40_closure,False,13,0
112,1,pub_threat40_closure,public_decision_frame+information_state,player_1_life_total_zero_or_less,pub_threat60_closure,1,3,0.0,603229574,rev0099_expanded_matrix_refresh,20,1,pub_threat60_closure,pub_threat40_closure,False,11,0
145,0,pub_threat40_closure,public_decision_frame+information_state,player_0_life_total_zero_or_less,pub_threat60_closure,0,4,0.0,1165150271,rev0099_expanded_matrix_refresh,20,0,pub_threat40_closure,pub_threat60_closure,False,13,1
202,0,pub_threat40_closure,public_decision_frame+information_state,player_0_life_total_zero_or_less,pub_threat60_closure,0,4,0.0,1187650575,rev0099_expanded_matrix_refresh,20,1,pub_threat40_closure,pub_threat60_closure,False,15,1
119,1,pub_threat40_closure,public_decision_frame+information_state,player_0_life_total_zero_or_less,pub_threat60_closure,1,4,1.0,512120266,rev0099_expanded_matrix_refresh,20,0,pub_threat60_closure,pub_threat40_closure,False,10,1
136,1,pub_threat40_closure,public_decision_frame+information_state,player_1_life_total_zero_or_less,pub_threat60_closure,1,4,0.0,598007111,rev0099_expanded_matrix_refresh,20,1,pub_threat60_closure,pub_threat40_closure,False,10,0
183,0,pub_threat40_closure,public_decision_frame+information_state,player_1_life_total_zero_or_less,pub_threat60_closure,0,5,1.0,658162306,rev0099_expanded_matrix_refresh,20,0,pub_threat40_closure,pub_threat60_closure,False,15,0
140,0,pub_threat40_closure,public_decision_frame+information_state,player_0_life_total_zero_or_less,pub_threat60_closure,0,5,0.0,90275551,rev0099_expanded_matrix_refresh,20,1,pub_threat40_closure,pub_threat60_closure,False,11,1
131,1,pub_threat40_closure,public_decision_frame+information_state,player_1_life_total_zero_or_less,pub_threat60_closure,1,5,0.0,1039849243,rev0099_expanded_matrix_refresh,20,0,pub_threat60_closure,pub_threat40_closure,False,11,0
150,1,pub_threat40_closure,public_decision_frame+information_state,player_0_life_total_zero_or_less,pub_threat60_closure,1,5,1.0,253744101,rev0099_expanded_matrix_refresh,20,1,pub_threat60_closure,pub_threat40_closure,False,11,1
183,0,pub_threat40_closure,public_decision_frame+information_state,player_0_life_total_zero_or_less,pub_threat60_closure,0,6,0.0,740551673,rev0099_expanded_matrix_refresh,20,0,pub_threat40_closure,pub_threat60_closure,False,13,1
127,0,pub_threat40_closure,public_decision_frame+information_state,player_1_life_total_zero_or_less,pub_threat60_closure,0,6,1.0,749156335,rev0099_expanded_matrix_refresh,20,1,pub_threat40_closure,pub_threat60_closure,False,12,0
165,1,pub_threat40_closure,public_decision_frame+information_state,player_1_life_total_zero_or_less,pub_threat60_closure,1,6,0.0,256554262,rev0099_expanded_matrix_refresh,20,0,pub_threat60_closure,pub_threat40_closure,False,11,0
109,1,pub_threat40_closure,public_decision_frame+information_state,player_1_life_total_zero_or_less,pub_threat60_closure,1,6,0.0,1130147322,rev0099_expanded_matrix_refresh,20,1,pub_threat60_closure,pub_threat40_closure,False,10,0
161,0,pub_threat40_closure,public_decision_frame+information_state,player_0_life_total_zero_or_less,pub_threat60_closure,0,7,0.0,830578579,rev0099_expanded_matrix_refresh,20,0,pub_threat40_closure,pub_threat60_closure,False,15,1
110,0,pub_threat40_closure,public_decision_frame+information_state,player_0_life_total_zero_or_less,pub_threat60_closure,0,7,0.0,77981475,rev0099_expanded_matrix_refresh,20,1,pub_threat40_closure,pub_threat60_closure,False,10,1
114,1,pub_threat40_closure,public_decision_frame+information_state,player_0_life_total_zero_or_less,pub_threat60_closure,1,7,1.0,1145158695,rev0099_expanded_matrix_refresh,20,0,pub_threat60_closure,pub_threat40_closure,False,9,1
147,1,pub_threat40_closure,public_decision_frame+information_state,player_1_life_total_zero_or_less,pub_threat60_closure,1,7,0.0,791300999,rev0099_expanded_matrix_refresh,20,1,pub_threat60_closure,pub_threat40_closure,False,11,0
161,0,pub_threat40_closure,public_decision_frame+information_state,player_0_life_total_zero_or_less,pub_threat60_closure,0,8,0.0,1380752784,rev0099_expanded_matrix_refresh,20,0,pub_threat40_closure,pub_threat60_closure,False,10,1
159,0,pub_threat40_closure,public_decision_frame+information_state,player_1_life_total_zero_or_less,pub_threat60_closure,0,8,1.0,1438064857,rev0099_expanded_matrix_refresh,20,1,pub_threat40_closure,pub_threat60_closure,False,11,0
118,1,pub_threat40_closure,public_decision_frame+information_state,player_0_life_total_zero_or_less,pub_threat60_closure,1,8,1.0,1043102744,rev0099_expanded_matrix_refresh,20,0,pub_threat60_closure,pub_threat40_closure,False,10,1
125,1,pub_threat40_closure,public_decision_frame+information_state,player_1_life_total_zero_or_less,pub_threat60_closure,1,8,0.0,1906704494,rev0099_expanded_matrix_refresh,20,1,pub_threat60_closure,pub_threat40_closure,False,10,0
137,0,pub_threat40_closure,public_decision_frame+information_state,player_1_life_total_zero_or_less,pub_threat60_closure,0,9,1.0,1260705674,rev0099_expanded_matrix_refresh,20,0,pub_threat40_closure,pub_threat60_closure,False,9,0
168,0,pub_threat40_closure,public_decision_frame+information_state,player_0_attempted_to_draw_from_empty_library,pub_threat60_closure,0,9,0.0,858043159,rev0099_expanded_matrix_refresh,20,1,pub_threat40_closure,pub_threat60_closure,False,17,1
208,1,pub_threat40_closure,public_decision_frame+information_state,player_1_attempted_to_draw_from_empty_library,pub_threat60_closure,1,9,0.0,1429652073,rev0099_expanded_matrix_refresh,20,0,pub_threat60_closure,pub_threat40_closure,False,16,0
123,1,pub_threat40_closure,public_decision_frame+information_state,player_1_life_total_zero_or_less,pub_threat60_closure,1,9,0.0,1960621870,rev0099_expanded_matrix_refresh,20,1,pub_threat60_closure,pub_threat40_closure,False,12,0
248,0,pub_threat40_closure,public_decision_frame+information_state,player_0_attempted_to_draw_from_empty_library,pub_threat60_closure,0,0,0.0,1207318869,rev0099_expanded_matrix_refresh,40,0,pub_threat40_closure,pub_threat60_closure,False,21,1
195,0,pub_threat40_closure,public_decision_frame+information_state,player_0_life_total_zero_or_less,pub_threat60_closure,0,0,0.0,873600149,rev0099_expanded_matrix_refresh,40,1,pub_threat40_closure,pub_threat60_closure,False,13,1
128,1,pub_threat40_closure,public_decision_frame+information_state,player_1_life_total_zero_or_less,pub_threat60_closure,1,0,0.0,673332119,rev0099_expanded_matrix_refresh,40,0,pub_threat60_closure,pub_threat40_closure,False,10,0
116,1,pub_threat40_closure,public_decision_frame+information_state,player_1_life_total_zero_or_less,pub_threat60_closure,1,0,0.0,1177935232,rev0099_expanded_matrix_refresh,40,1,pub_threat60_closure,pub_threat40_closure,False,10,0
145,0,pub_threat40_closure,public_decision_frame+information_state,player_1_life_total_zero_or_less,pub_threat60_closure,0,1,1.0,1813361765,rev0099_expanded_matrix_refresh,40,0,pub_threat40_closure,pub_threat60_closure,False,13,0
167,0,pub_threat40_closure,public_decision_frame+information_state,player_0_attempted_to_draw_from_empty_library,pub_threat60_closure,0,1,0.0,664985480,rev0099_expanded_matrix_refresh,40,1,pub_threat40_closure,pub_threat60_closure,False,13,1
150,1,pub_threat40_closure,public_decision_frame+information_state,player_0_attempted_to_draw_from_empty_library,pub_threat60_closure,1,1,1.0,223062649,rev0099_expanded_matrix_refresh,40,0,pub_threat60_closure,pub_threat40_closure,False,13,1
155,1,pub_threat40_closure,public_decision_frame+information_state,player_1_attempted_to_draw_from_empty_library,pub_threat60_closure,1,1,0.0,961550768,rev0099_expanded_matrix_refresh,40,1,pub_threat60_closure,pub_threat40_closure,False,13,0
124,0,pub_threat40_closure,public_decision_frame+information_state,player_0_life_total_zero_or_less,pub_threat60_closure,0,2,0.0,1605102824,rev0099_expanded_matrix_refresh,40,0,pub_threat40_closure,pub_threat60_closure,False,9,1
141,0,pub_threat40_closure,public_decision_frame+information_state,player_0_life_total_zero_or_less,pub_threat60_closure,0,2,0.0,667339245,rev0099_expanded_matrix_refresh,40,1,pub_threat40_closure,pub_threat60_closure,False,11,1
164,1,pub_threat40_closure,public_decision_frame+information_state,player_1_life_total_zero_or_less,pub_threat60_closure,1,2,0.0,1237912138,rev0099_expanded_matrix_refresh,40,0,pub_threat60_closure,pub_threat40_closure,False,13,0
128,1,pub_threat40_closure,public_decision_frame+information_state,player_1_life_total_zero_or_less,pub_threat60_closure,1,2,0.0,1509677833,rev0099_expanded_matrix_refresh,40,1,pub_threat60_closure,pub_threat40_closure,False,10,0
209,0,pub_threat40_closure,public_decision_frame+information_state,player_0_life_total_zero_or_less,pub_threat60_closure,0,3,0.0,623824903,rev0099_expanded_matrix_refresh,40,0,pub_threat40_closure,pub_threat60_closure,False,17,1
151,0,pub_threat40_closure,public_decision_frame+information_state,player_0_attempted_to_draw_from_empty_library,pub_threat60_closure,0,3,0.0,868694405,rev0099_expanded_matrix_refresh,40,1,pub_threat40_closure,pub_threat60_closure,False,12,1
215,1,pub_threat40_closure,public_decision_frame+information_state,player_1_life_total_zero_or_less,pub_threat60_closure,1,3,0.0,523045326,rev0099_expanded_matrix_refresh,40,0,pub_threat60_closure,pub_threat40_closure,False,13,0
130,1,pub_threat40_closure,public_decision_frame+information_state,player_0_attempted_to_draw_from_empty_library,pub_threat60_closure,1,3,1.0,1464687546,rev0099_expanded_matrix_refresh,40,1,pub_threat60_closure,pub_threat40_closure,False,11,1
188,0,pub_threat40_closure,public_decision_frame+information_state,player_0_attempted_to_draw_from_empty_library,pub_threat60_closure,0,4,0.0,426691637,rev0099_expanded_matrix_refresh,40,0,pub_threat40_closure,pub_threat60_closure,False,13,1
273,0,pub_threat40_closure,public_decision_frame+information_state,player_0_attempted_to_draw_from_empty_library,pub_threat60_closure,0,4,0.0,74575025,rev0099_expanded_matrix_refresh,40,1,pub_threat40_closure,pub_threat60_closure,False,16,1
203,1,pub_threat40_closure,public_decision_frame+information_state,player_1_attempted_to_draw_from_empty_library,pub_threat60_closure,1,4,0.0,656468399,rev0099_expanded_matrix_refresh,40,0,pub_threat60_closure,pub_threat40_closure,False,14,0
134,1,pub_threat40_closure,public_decision_frame+information_state,player_0_life_total_zero_or_less,pub_threat60_closure,1,4,1.0,1554284867,rev0099_expanded_matrix_refresh,40,1,pub_threat60_closure,pub_threat40_closure,False,11,1
130,0,pub_threat40_closure,public_decision_frame+information_state,player_0_life_total_zero_or_less,pub_threat60_closure,0,5,0.0,649625738,rev0099_expanded_matrix_refresh,40,0,pub_threat40_closure,pub_threat60_closure,False,9,1
147,0,pub_threat40_closure,public_decision_frame+information_state,player_0_life_total_zero_or_less,pub_threat60_closure,0,5,0.0,57672087,rev0099_expanded_matrix_refresh,40,1,pub_threat40_closure,pub_threat60_closure,False,10,1
165,1,pub_threat40_closure,public_decision_frame+information_state,player_1_attempted_to_draw_from_empty_library,pub_threat60_closure,1,5,0.0,828924135,rev0099_expanded_matrix_refresh,40,0,pub_threat60_closure,pub_threat40_closure,False,14,0
256,1,pub_threat40_closure,public_decision_frame+information_state,player_1_attempted_to_draw_from_empty_library,pub_threat60_closure,1,5,0.0,1947658158,rev0099_expanded_matrix_refresh,40,1,pub_threat60_closure,pub_threat40_closure,False,16,0
228,0,pub_threat40_closure,public_decision_frame+information_state,player_0_attempted_to_draw_from_empty_library,pub_threat60_closure,0,6,0.0,1032050317,rev0099_expanded_matrix_refresh,40,0,pub_threat40_closure,pub_threat60_closure,False,15,1
274,0,pub_threat40_closure,public_decision_frame+information_state,player_0_attempted_to_draw_from_empty_library,pub_threat60_closure,0,6,0.0,552075112,rev0099_expanded_matrix_refresh,40,1,pub_threat40_closure,pub_threat60_closure,False,23,1
182,1,pub_threat40_closure,public_decision_frame+information_state,player_0_attempted_to_draw_from_empty_library,pub_threat60_closure,1,6,1.0,1348645612,rev0099_expanded_matrix_refresh,40,0,pub_threat60_closure,pub_threat40_closure,False,13,1
173,1,pub_threat40_closure,public_decision_frame+information_state,player_1_attempted_to_draw_from_empty_library,pub_threat60_closure,1,6,0.0,1446498272,rev0099_expanded_matrix_refresh,40,1,pub_threat60_closure,pub_threat40_closure,False,13,0
121,0,pub_threat40_closure,public_decision_frame+information_state,player_1_attempted_to_draw_from_empty_library,pub_threat60_closure,0,7,1.0,684187250,rev0099_expanded_matrix_refresh,40,0,pub_threat40_closure,pub_threat60_closure,False,11,0
268,0,pub_threat40_closure,public_decision_frame+information_state,player_0_life_total_zero_or_less,pub_threat60_closure,0,7,0.0,242920776,rev0099_expanded_matrix_refresh,40,1,pub_threat40_closure,pub_threat60_closure,False,22,1
124,1,pub_threat40_closure,public_decision_frame+information_state,player_0_life_total_zero_or_less,pub_threat60_closure,1,7,1.0,1504525199,rev0099_expanded_matrix_refresh,40,0,pub_threat60_closure,pub_threat40_closure,False,11,1
145,1,pub_threat40_closure,public_decision_frame+information_state,player_1_life_total_zero_or_less,pub_threat60_closure,1,7,0.0,1578845824,rev0099_expanded_matrix_refresh,40,1,pub_threat60_closure,pub_threat40_closure,False,11,0
215,0,pub_threat40_closure,public_decision_frame+information_state,player_0_attempted_to_draw_from_empty_library,pub_threat60_closure,0,8,0.0,1214264803,rev0099_expanded_matrix_refresh,40,0,pub_threat40_closure,pub_threat60_closure,False,17,1
149,0,pub_threat40_closure,public_decision_frame+information_state,player_1_attempted_to_draw_from_empty_library,pub_threat60_closure,0,8,1.0,1640759736,rev0099_expanded_matrix_refresh,40,1,pub_threat40_closure,pub_threat60_closure,False,12,0
263,1,pub_threat40_closure,public_decision_frame+information_state,player_1_attempted_to_draw_from_empty_library,pub_threat60_closure,1,8,0.0,228413013,rev0099_expanded_matrix_refresh,40,0,pub_threat60_closure,pub_threat40_closure,False,22,0
149,1,pub_threat40_closure,public_decision_frame+information_state,player_0_life_total_zero_or_less,pub_threat60_closure,1,8,1.0,1140595077,rev0099_expanded_matrix_refresh,40,1,pub_threat60_closure,pub_threat40_closure,False,12,1
148,0,pub_threat40_closure,public_decision_frame+information_state,player_0_life_total_zero_or_less,pub_threat60_closure,0,9,0.0,1560664728,rev0099_expanded_matrix_refresh,40,0,pub_threat40_closure,pub_threat60_closure,False,11,1
211,0,pub_threat40_closure,public_decision_frame+information_state,player_0_attempted_to_draw_from_empty_library,pub_threat60_closure,0,9,0.0,765588100,rev0099_expanded_matrix_refresh,40,1,pub_threat40_closure,pub_threat60_closure,False,16,1
142,1,pub_threat40_closure,public_decision_frame+information_state,player_0_life_total_zero_or_less,pub_threat60_closure,1,9,1.0,750297655,rev0099_expanded_matrix_refresh,40,0,pub_threat60_closure,pub_threat40_closure,False,10,1
155,1,pub_threat40_closure,public_decision_frame+information_state,player_0_attempted_to_draw_from_empty_library,pub_threat60_closure,1,9,1.0,938381720,rev0099_expanded_matrix_refresh,40,1,pub_threat60_closure,pub_threat40_closure,False,15,1
127,0,pub_threat40_closure,public_decision_frame+information_state,player_1_life_total_zero_or_less,pub_threat60_pressure,0,0,1.0,841600730,rev0099_expanded_matrix_refresh,20,0,pub_threat40_closure,pub_threat60_pressure,False,11,0
128,0,pub_threat40_closure,public_decision_frame+information_state,player_1_life_total_zero_or_less,pub_threat60_pressure,0,0,1.0,237397292,rev0099_expanded_matrix_refresh,20,1,pub_threat40_closure,pub_threat60_pressure,False,11,0
136,1,pub_threat40_closure,public_decision_frame+information_state,player_0_life_total_zero_or_less,pub_threat60_pressure,1,0,1.0,1183026419,rev0099_expanded_matrix_refresh,20,0,pub_threat60_pressure,pub_threat40_closure,False,10,1
121,1,pub_threat40_closure,public_decision_frame+information_state,player_0_life_total_zero_or_less,pub_threat60_pressure,1,0,1.0,675425973,rev0099_expanded_matrix_refresh,20,1,pub_threat60_pressure,pub_threat40_closure,False,10,1
208,0,pub_threat40_closure,public_decision_frame+information_state,player_1_attempted_to_draw_from_empty_library,pub_threat60_pressure,0,1,1.0,1729533838,rev0099_expanded_matrix_refresh,20,0,pub_threat40_closure,pub_threat60_pressure,False,16,0
111,0,pub_threat40_closure,public_decision_frame+information_state,player_0_life_total_zero_or_less,pub_threat60_pressure,0,1,0.0,1026452237,rev0099_expanded_matrix_refresh,20,1,pub_threat40_closure,pub_threat60_pressure,False,11,1
119,1,pub_threat40_closure,public_decision_frame+information_state,player_0_life_total_zero_or_less,pub_threat60_pressure,1,1,1.0,117101062,rev0099_expanded_matrix_refresh,20,0,pub_threat60_pressure,pub_threat40_closure,False,9,1
143,1,pub_threat40_closure,public_decision_frame+information_state,player_1_life_total_zero_or_less,pub_threat60_pressure,1,1,0.0,1394597578,rev0099_expanded_matrix_refresh,20,1,pub_threat60_pressure,pub_threat40_closure,False,11,0
151,0,pub_threat40_closure,public_decision_frame+information_state,player_1_life_total_zero_or_less,pub_threat60_pressure,0,2,1.0,1663637774,rev0099_expanded_matrix_refresh,20,0,pub_threat40_closure,pub_threat60_pressure,False,11,0
135,0,pub_threat40_closure,public_decision_frame+information_state,player_1_life_total_zero_or_less,pub_threat60_pressure,0,2,1.0,248331188,rev0099_expanded_matrix_refresh,20,1,pub_threat40_closure,pub_threat60_pressure,False,12,0
101,1,pub_threat40_closure,public_decision_frame+information_state,player_1_life_total_zero_or_less,pub_threat60_pressure,1,2,0.0,1822216536,rev0099_expanded_matrix_refresh,20,0,pub_threat60_pressure,pub_threat40_closure,False,9,0
148,1,pub_threat40_closure,public_decision_frame+information_state,player_0_life_total_zero_or_less,pub_threat60_pressure,1,2,1.0,771585742,rev0099_expanded_matrix_refresh,20,1,pub_threat60_pressure,pub_threat40_closure,False,11,1
112,0,pub_threat40_closure,public_decision_frame+information_state,player_1_life_total_zero_or_less,pub_threat60_pressure,0,3,1.0,1820807342,rev0099_expanded_matrix_refresh,20,0,pub_threat40_closure,pub_threat60_pressure,False,11,0
91,0,pub_threat40_closure,public_decision_frame+information_state,player_1_life_total_zero_or_less,pub_threat60_pressure,0,3,1.0,1489144994,rev0099_expanded_matrix_refresh,20,1,pub_threat40_closure,pub_threat60_pressure,False,9,0
194,1,pub_threat40_closure,public_decision_frame+information_state,player_1_attempted_to_draw_from_empty_library,pub_threat60_pressure,1,3,0.0,890281317,rev0099_expanded_matrix_refresh,20,0,pub_threat60_pressure,pub_threat40_closure,False,17,0
183,1,pub_threat40_closure,public_decision_frame+information_state,player_0_attempted_to_draw_from_empty_library,pub_threat60_pressure,1,3,1.0,147854501,rev0099_expanded_matrix_refresh,20,1,pub_threat60_pressure,pub_threat40_closure,False,17,1
134,0,pub_threat40_closure,public_decision_frame+information_state,player_0_life_total_zero_or_less,pub_threat60_pressure,0,4,0.0,1357402940,rev0099_expanded_matrix_refresh,20,0,pub_threat40_closure,pub_threat60_pressure,False,10,1
145,0,pub_threat40_closure,public_decision_frame+information_state,player_1_life_total_zero_or_less,pub_threat60_pressure,0,4,1.0,387232715,rev0099_expanded_matrix_refresh,20,1,pub_threat40_closure,pub_threat60_pressure,False,12,0
94,1,pub_threat40_closure,public_decision_frame+information_state,player_0_life_total_zero_or_less,pub_threat60_pressure,1,4,1.0,207557622,rev0099_expanded_matrix_refresh,20,0,pub_threat60_pressure,pub_threat40_closure,False,9,1
105,1,pub_threat40_closure,public_decision_frame+information_state,player_0_life_total_zero_or_less,pub_threat60_pressure,1,4,1.0,1356968418,rev0099_expanded_matrix_refresh,20,1,pub_threat60_pressure,pub_threat40_closure,False,9,1
145,0,pub_threat40_closure,public_decision_frame+information_state,player_0_life_total_zero_or_less,pub_threat60_pressure,0,5,0.0,1401931412,rev0099_expanded_matrix_refresh,20,0,pub_threat40_closure,pub_threat60_pressure,False,12,1
108,0,pub_threat40_closure,public_decision_frame+information_state,player_0_life_total_zero_or_less,pub_threat60_pressure,0,5,0.0,445982222,rev0099_expanded_matrix_refresh,20,1,pub_threat40_closure,pub_threat60_pressure,False,11,1
143,1,pub_threat40_closure,public_decision_frame+information_state,player_1_life_total_zero_or_less,pub_threat60_pressure,1,5,0.0,1078565708,rev0099_expanded_matrix_refresh,20,0,pub_threat60_pressure,pub_threat40_closure,False,12,0
144,1,pub_threat40_closure,public_decision_frame+information_state,player_0_attempted_to_draw_from_empty_library,pub_threat60_pressure,1,5,1.0,544137183,rev0099_expanded_matrix_refresh,20,1,pub_threat60_pressure,pub_threat40_closure,False,13,1
155,0,pub_threat40_closure,public_decision_frame+information_state,player_1_life_total_zero_or_less,pub_threat60_pressure,0,6,1.0,540834251,rev0099_expanded_matrix_refresh,20,0,pub_threat40_closure,pub_threat60_pressure,False,11,0
135,0,pub_threat40_closure,public_decision_frame+information_state,player_1_life_total_zero_or_less,pub_threat60_pressure,0,6,1.0,991422778,rev0099_expanded_matrix_refresh,20,1,pub_threat40_closure,pub_threat60_pressure,False,12,0
129,1,pub_threat40_closure,public_decision_frame+information_state,player_0_life_total_zero_or_less,pub_threat60_pressure,1,6,1.0,1844489433,rev0099_expanded_matrix_refresh,20,0,pub_threat60_pressure,pub_threat40_closure,False,10,1
121,1,pub_threat40_closure,public_decision_frame+information_state,player_1_life_total_zero_or_less,pub_threat60_pressure,1,6,0.0,1755226546,rev0099_expanded_matrix_refresh,20,1,pub_threat60_pressure,pub_threat40_closure,False,9,0
133,0,pub_threat40_closure,public_decision_frame+information_state,player_0_life_total_zero_or_less,pub_threat60_pressure,0,7,0.0,661293207,rev0099_expanded_matrix_refresh,20,0,pub_threat40_closure,pub_threat60_pressure,False,10,1
110,0,pub_threat40_closure,public_decision_frame+information_state,player_1_attempted_to_draw_from_empty_library,pub_threat60_pressure,0,7,1.0,710925784,rev0099_expanded_matrix_refresh,20,1,pub_threat40_closure,pub_threat60_pressure,False,10,0
192,1,pub_threat40_closure,public_decision_frame+information_state,player_0_life_total_zero_or_less,pub_threat60_pressure,1,7,1.0,1733998318,rev0099_expanded_matrix_refresh,20,0,pub_threat60_pressure,pub_threat40_closure,False,17,1
129,1,pub_threat40_closure,public_decision_frame+information_state,player_1_life_total_zero_or_less,pub_threat60_pressure,1,7,0.0,251968829,rev0099_expanded_matrix_refresh,20,1,pub_threat60_pressure,pub_threat40_closure,False,11,0
130,0,pub_threat40_closure,public_decision_frame+information_state,player_1_life_total_zero_or_less,pub_threat60_pressure,0,8,1.0,792664375,rev0099_expanded_matrix_refresh,20,0,pub_threat40_closure,pub_threat60_pressure,False,9,0
134,0,pub_threat40_closure,public_decision_frame+information_state,player_1_life_total_zero_or_less,pub_threat60_pressure,0,8,1.0,471490758,rev0099_expanded_matrix_refresh,20,1,pub_threat40_closure,pub_threat60_pressure,False,11,0
120,1,pub_threat40_closure,public_decision_frame+information_state,player_1_life_total_zero_or_less,pub_threat60_pressure,1,8,0.0,1927771331,rev0099_expanded_matrix_refresh,20,0,pub_threat60_pressure,pub_threat40_closure,False,10,0
109,1,pub_threat40_closure,public_decision_frame+information_state,player_1_life_total_zero_or_less,pub_threat60_pressure,1,8,0.0,1193110227,rev0099_expanded_matrix_refresh,20,1,pub_threat60_pressure,pub_threat40_closure,False,10,0
109,0,pub_threat40_closure,public_decision_frame+information_state,player_1_life_total_zero_or_less,pub_threat60_pressure,0,9,1.0,425267644,rev0099_expanded_matrix_refresh,20,0,pub_threat40_closure,pub_threat60_pressure,False,9,0
120,0,pub_threat40_closure,public_decision_frame+information_state,player_1_attempted_to_draw_from_empty_library,pub_threat60_pressure,0,9,1.0,1737038419,rev0099_expanded_matrix_refresh,20,1,pub_threat40_closure,pub_threat60_pressure,False,11,0
254,1,pub_threat40_closure,public_decision_frame+information_state,player_1_attempted_to_draw_from_empty_library,pub_threat60_pressure,1,9,0.0,852882593,rev0099_expanded_matrix_refresh,20,0,pub_threat60_pressure,pub_threat40_closure,False,18,0
187,1,pub_threat40_closure,public_decision_frame+information_state,player_1_attempted_to_draw_from_empty_library,pub_threat60_pressure,1,9,0.0,1093667076,rev0099_expanded_matrix_refresh,20,1,pub_threat60_pressure,pub_threat40_closure,False,13,0
148,0,pub_threat40_closure,public_decision_frame+information_state,player_0_life_total_zero_or_less,pub_threat60_pressure,0,0,0.0,528567655,rev0099_expanded_matrix_refresh,40,0,pub_threat40_closure,pub_threat60_pressure,False,12,1
218,0,pub_threat40_closure,public_decision_frame+information_state,player_0_attempted_to_draw_from_empty_library,pub_threat60_pressure,0,0,0.0,136057339,rev0099_expanded_matrix_refresh,40,1,pub_threat40_closure,pub_threat60_pressure,False,17,1
159,1,pub_threat40_closure,public_decision_frame+information_state,player_1_life_total_zero_or_less,pub_threat60_pressure,1,0,0.0,161597311,rev0099_expanded_matrix_refresh,40,0,pub_threat60_pressure,pub_threat40_closure,False,12,0
111,1,pub_threat40_closure,public_decision_frame+information_state,player_0_life_total_zero_or_less,pub_threat60_pressure,1,0,1.0,945278054,rev0099_expanded_matrix_refresh,40,1,pub_threat60_pressure,pub_threat40_closure,False,9,1
153,0,pub_threat40_closure,public_decision_frame+information_state,player_0_life_total_zero_or_less,pub_threat60_pressure,0,1,0.0,1650318231,rev0099_expanded_matrix_refresh,40,0,pub_threat40_closure,pub_threat60_pressure,False,10,1
226,0,pub_threat40_closure,public_decision_frame+information_state,player_0_attempted_to_draw_from_empty_library,pub_threat60_pressure,0,1,0.0,621856507,rev0099_expanded_matrix_refresh,40,1,pub_threat40_closure,pub_threat60_pressure,False,19,1
132,1,pub_threat40_closure,public_decision_frame+information_state,player_1_attempted_to_draw_from_empty_library,pub_threat60_pressure,1,1,0.0,115619433,rev0099_expanded_matrix_refresh,40,0,pub_threat60_pressure,pub_threat40_closure,False,12,0
195,1,pub_threat40_closure,public_decision_frame+information_state,player_1_attempted_to_draw_from_empty_library,pub_threat60_pressure,1,1,0.0,1544671832,rev0099_expanded_matrix_refresh,40,1,pub_threat60_pressure,pub_threat40_closure,False,13,0
180,0,pub_threat40_closure,public_decision_frame+information_state,player_0_attempted_to_draw_from_empty_library,pub_threat60_pressure,0,2,0.0,1029776555,rev0099_expanded_matrix_refresh,40,0,pub_threat40_closure,pub_threat60_pressure,False,13,1
210,0,pub_threat40_closure,public_decision_frame+information_state,player_0_life_total_zero_or_less,pub_threat60_pressure,0,2,0.0,1958396080,rev0099_expanded_matrix_refresh,40,1,pub_threat40_closure,pub_threat60_pressure,False,17,1
127,1,pub_threat40_closure,public_decision_frame+information_state,player_1_life_total_zero_or_less,pub_threat60_pressure,1,2,0.0,150356000,rev0099_expanded_matrix_refresh,40,0,pub_threat60_pressure,pub_threat40_closure,False,10,0
171,1,pub_threat40_closure,public_decision_frame+information_state,player_1_life_total_zero_or_less,pub_threat60_pressure,1,2,0.0,36141785,rev0099_expanded_matrix_refresh,40,1,pub_threat60_pressure,pub_threat40_closure,False,11,0
173,0,pub_threat40_closure,public_decision_frame+information_state,player_0_life_total_zero_or_less,pub_threat60_pressure,0,3,0.0,737262823,rev0099_expanded_matrix_refresh,40,0,pub_threat40_closure,pub_threat60_pressure,False,13,1
180,0,pub_threat40_closure,public_decision_frame+information_state,player_0_life_total_zero_or_less,pub_threat60_pressure,0,3,0.0,1462811432,rev0099_expanded_matrix_refresh,40,1,pub_threat40_closure,pub_threat60_pressure,False,12,1
158,1,pub_threat40_closure,public_decision_frame+information_state,player_1_life_total_zero_or_less,pub_threat60_pressure,1,3,0.0,1953547299,rev0099_expanded_matrix_refresh,40,0,pub_threat60_pressure,pub_threat40_closure,False,11,0
198,1,pub_threat40_closure,public_decision_frame+information_state,player_1_life_total_zero_or_less,pub_threat60_pressure,1,3,0.0,1543974479,rev0099_expanded_matrix_refresh,40,1,pub_threat60_pressure,pub_threat40_closure,False,16,0
155,0,pub_threat40_closure,public_decision_frame+information_state,player_0_attempted_to_draw_from_empty_library,pub_threat60_pressure,0,4,0.0,1525189580,rev0099_expanded_matrix_refresh,40,0,pub_threat40_closure,pub_threat60_pressure,False,15,1
238,0,pub_threat40_closure,public_decision_frame+information_state,player_0_attempted_to_draw_from_empty_library,pub_threat60_pressure,0,4,0.0,1295028117,rev0099_expanded_matrix_refresh,40,1,pub_threat40_closure,pub_threat60_pressure,False,16,1
180,1,pub_threat40_closure,public_decision_frame+information_state,player_1_life_total_zero_or_less,pub_threat60_pressure,1,4,0.0,661052039,rev0099_expanded_matrix_refresh,40,0,pub_threat60_pressure,pub_threat40_closure,False,13,0
126,1,pub_threat40_closure,public_decision_frame+information_state,player_1_life_total_zero_or_less,pub_threat60_pressure,1,4,0.0,1323641525,rev0099_expanded_matrix_refresh,40,1,pub_threat60_pressure,pub_threat40_closure,False,10,0
152,0,pub_threat40_closure,public_decision_frame+information_state,player_0_attempted_to_draw_from_empty_library,pub_threat60_pressure,0,5,0.0,1574708162,rev0099_expanded_matrix_refresh,40,0,pub_threat40_closure,pub_threat60_pressure,False,13,1
135,0,pub_threat40_closure,public_decision_frame+information_state,player_0_life_total_zero_or_less,pub_threat60_pressure,0,5,0.0,1372341479,rev0099_expanded_matrix_refresh,40,1,pub_threat40_closure,pub_threat60_pressure,False,10,1
204,1,pub_threat40_closure,public_decision_frame+information_state,player_1_attempted_to_draw_from_empty_library,pub_threat60_pressure,1,5,0.0,1508265103,rev0099_expanded_matrix_refresh,40,0,pub_threat60_pressure,pub_threat40_closure,False,18,0
193,1,pub_threat40_closure,public_decision_frame+information_state,player_1_attempted_to_draw_from_empty_library,pub_threat60_pressure,1,5,0.0,1240966614,rev0099_expanded_matrix_refresh,40,1,pub_threat60_pressure,pub_threat40_closure,False,14,0
177,0,pub_threat40_closure,public_decision_frame+information_state,player_0_attempted_to_draw_from_empty_library,pub_threat60_pressure,0,6,0.0,1685862841,rev0099_expanded_matrix_refresh,40,0,pub_threat40_closure,pub_threat60_pressure,False,13,1
137,0,pub_threat40_closure,public_decision_frame+information_state,player_0_attempted_to_draw_from_empty_library,pub_threat60_pressure,0,6,0.0,1570156931,rev0099_expanded_matrix_refresh,40,1,pub_threat40_closure,pub_threat60_pressure,False,13,1
125,1,pub_threat40_closure,public_decision_frame+information_state,player_1_life_total_zero_or_less,pub_threat60_pressure,1,6,0.0,1544376969,rev0099_expanded_matrix_refresh,40,0,pub_threat60_pressure,pub_threat40_closure,False,11,0
152,1,pub_threat40_closure,public_decision_frame+information_state,player_1_attempted_to_draw_from_empty_library,pub_threat60_pressure,1,6,0.0,1314251907,rev0099_expanded_matrix_refresh,40,1,pub_threat60_pressure,pub_threat40_closure,False,13,0
186,0,pub_threat40_closure,public_decision_frame+information_state,player_0_attempted_to_draw_from_empty_library,pub_threat60_pressure,0,7,0.0,266538127,rev0099_expanded_matrix_refresh,40,0,pub_threat40_closure,pub_threat60_pressure,False,17,1
167,0,pub_threat40_closure,public_decision_frame+information_state,player_0_life_total_zero_or_less,pub_threat60_pressure,0,7,0.0,1530623552,rev0099_expanded_matrix_refresh,40,1,pub_threat40_closure,pub_threat60_pressure,False,12,1
125,1,pub_threat40_closure,public_decision_frame+information_state,player_0_life_total_zero_or_less,pub_threat60_pressure,1,7,1.0,1842957588,rev0099_expanded_matrix_refresh,40,0,pub_threat60_pressure,pub_threat40_closure,False,10,1
150,1,pub_threat40_closure,public_decision_frame+information_state,player_1_life_total_zero_or_less,pub_threat60_pressure,1,7,0.0,230266492,rev0099_expanded_matrix_refresh,40,1,pub_threat60_pressure,pub_threat40_closure,False,13,0
147,0,pub_threat40_closure,public_decision_frame+information_state,player_1_attempted_to_draw_from_empty_library,pub_threat60_pressure,0,8,1.0,1820353854,rev0099_expanded_matrix_refresh,40,0,pub_threat40_closure,pub_threat60_pressure,False,12,0
162,0,pub_threat40_closure,public_decision_frame+information_state,player_0_life_total_zero_or_less,pub_threat60_pressure,0,8,0.0,1481906529,rev0099_expanded_matrix_refresh,40,1,pub_threat40_closure,pub_threat60_pressure,False,10,1
197,1,pub_threat40_closure,public_decision_frame+information_state,player_1_life_total_zero_or_less,pub_threat60_pressure,1,8,0.0,1122077425,rev0099_expanded_matrix_refresh,40,0,pub_threat60_pressure,pub_threat40_closure,False,17,0
142,1,pub_threat40_closure,public_decision_frame+information_state,player_1_life_total_zero_or_less,pub_threat60_pressure,1,8,0.0,211095259,rev0099_expanded_matrix_refresh,40,1,pub_threat60_pressure,pub_threat40_closure,False,13,0
132,0,pub_threat40_closure,public_decision_frame+information_state,player_0_life_total_zero_or_less,pub_threat60_pressure,0,9,0.0,1150387384,rev0099_expanded_matrix_refresh,40,0,pub_threat40_closure,pub_threat60_pressure,False,9,1
257,0,pub_threat40_closure,public_decision_frame+information_state,player_0_attempted_to_draw_from_empty_library,pub_threat60_pressure,0,9,0.0,173922453,rev0099_expanded_matrix_refresh,40,1,pub_threat40_closure,pub_threat60_pressure,False,19,1
164,1,pub_threat40_closure,public_decision_frame+information_state,player_1_attempted_to_draw_from_empty_library,pub_threat60_pressure,1,9,0.0,1256053371,rev0099_expanded_matrix_refresh,40,0,pub_threat60_pressure,pub_threat40_closure,False,14,0
166,1,pub_threat40_closure,public_decision_frame+information_state,player_1_attempted_to_draw_from_empty_library,pub_threat60_pressure,1,9,0.0,595942954,rev0099_expanded_matrix_refresh,40,1,pub_threat60_pressure,pub_threat40_closure,False,15,0
90,0,pub_threat40_closure,public_decision_frame+information_state,player_1_life_total_zero_or_less,pub_threat60_surge,0,0,1.0,1725393248,rev0099_expanded_matrix_refresh,20,0,pub_threat40_closure,pub_threat60_surge,False,8,0
109,0,pub_threat40_closure,public_decision_frame+information_state,player_0_life_total_zero_or_less,pub_threat60_surge,0,0,0.0,1684443461,rev0099_expanded_matrix_refresh,20,1,pub_threat40_closure,pub_threat60_surge,False,9,1
109,1,pub_threat40_closure,public_decision_frame+information_state,player_0_life_total_zero_or_less,pub_threat60_surge,1,0,1.0,1990742507,rev0099_expanded_matrix_refresh,20,0,pub_threat60_surge,pub_threat40_closure,False,9,1
133,1,pub_threat40_closure,public_decision_frame+information_state,player_1_life_total_zero_or_less,pub_threat60_surge,1,0,0.0,12033142,rev0099_expanded_matrix_refresh,20,1,pub_threat60_surge,pub_threat40_closure,False,10,0
120,0,pub_threat40_closure,public_decision_frame+information_state,player_0_life_total_zero_or_less,pub_threat60_surge,0,1,0.0,1263552662,rev0099_expanded_matrix_refresh,20,0,pub_threat40_closure,pub_threat60_surge,False,8,1
119,0,pub_threat40_closure,public_decision_frame+information_state,player_1_life_total_zero_or_less,pub_threat60_surge,0,1,1.0,352141744,rev0099_expanded_matrix_refresh,20,1,pub_threat40_closure,pub_threat60_surge,False,11,0
128,1,pub_threat40_closure,public_decision_frame+information_state,player_0_life_total_zero_or_less,pub_threat60_surge,1,1,1.0,755009728,rev0099_expanded_matrix_refresh,20,0,pub_threat60_surge,pub_threat40_closure,False,9,1
120,1,pub_threat40_closure,public_decision_frame+information_state,player_0_life_total_zero_or_less,pub_threat60_surge,1,1,1.0,1983570450,rev0099_expanded_matrix_refresh,20,1,pub_threat60_surge,pub_threat40_closure,False,11,1
219,0,pub_threat40_closure,public_decision_frame+information_state,player_0_life_total_zero_or_less,pub_threat60_surge,0,2,0.0,343803914,rev0099_expanded_matrix_refresh,20,0,pub_threat40_closure,pub_threat60_surge,False,19,1
214,0,pub_threat40_closure,public_decision_frame+information_state,player_0_life_total_zero_or_less,pub_threat60_surge,0,2,0.0,963949767,rev0099_expanded_matrix_refresh,20,1,pub_threat40_closure,pub_threat60_surge,False,20,1
201,1,pub_threat40_closure,public_decision_frame+information_state,player_1_attempted_to_draw_from_empty_library,pub_threat60_surge,1,2,0.0,616643489,rev0099_expanded_matrix_refresh,20,0,pub_threat60_surge,pub_threat40_closure,False,15,0
124,1,pub_threat40_closure,public_decision_frame+information_state,player_0_life_total_zero_or_less,pub_threat60_surge,1,2,1.0,1253962675,rev0099_expanded_matrix_refresh,20,1,pub_threat60_surge,pub_threat40_closure,False,9,1
130,0,pub_threat40_closure,public_decision_frame+information_state,player_0_life_total_zero_or_less,pub_threat60_surge,0,3,0.0,1715176035,rev0099_expanded_matrix_refresh,20,0,pub_threat40_closure,pub_threat60_surge,False,10,1
102,0,pub_threat40_closure,public_decision_frame+information_state,player_0_life_total_zero_or_less,pub_threat60_surge,0,3,0.0,1155075002,rev0099_expanded_matrix_refresh,20,1,pub_threat40_closure,pub_threat60_surge,False,8,1
126,1,pub_threat40_closure,public_decision_frame+information_state,player_1_life_total_zero_or_less,pub_threat60_surge,1,3,0.0,347253459,rev0099_expanded_matrix_refresh,20,0,pub_threat60_surge,pub_threat40_closure,False,9,0
107,1,pub_threat40_closure,public_decision_frame+information_state,player_1_life_total_zero_or_less,pub_threat60_surge,1,3,0.0,1484860644,rev0099_expanded_matrix_refresh,20,1,pub_threat60_surge,pub_threat40_closure,False,10,0
147,0,pub_threat40_closure,public_decision_frame+information_state,player_1_life_total_zero_or_less,pub_threat60_surge,0,4,1.0,1328969510,rev0099_expanded_matrix_refresh,20,0,pub_threat40_closure,pub_threat60_surge,False,13,0
177,0,pub_threat40_closure,public_decision_frame+information_state,player_0_attempted_to_draw_from_empty_library,pub_threat60_surge,0,4,0.0,1124034573,rev0099_expanded_matrix_refresh,20,1,pub_threat40_closure,pub_threat60_surge,False,17,1
182,1,pub_threat40_closure,public_decision_frame+information_state,player_1_attempted_to_draw_from_empty_library,pub_threat60_surge,1,4,0.0,1996569527,rev0099_expanded_matrix_refresh,20,0,pub_threat60_surge,pub_threat40_closure,False,14,0
202,1,pub_threat40_closure,public_decision_frame+information_state,player_1_attempted_to_draw_from_empty_library,pub_threat60_surge,1,4,0.0,1502274581,rev0099_expanded_matrix_refresh,20,1,pub_threat60_surge,pub_threat40_closure,False,17,0
156,0,pub_threat40_closure,public_decision_frame+information_state,player_0_life_total_zero_or_less,pub_threat60_surge,0,5,0.0,1392375487,rev0099_expanded_matrix_refresh,20,0,pub_threat40_closure,pub_threat60_surge,False,10,1
137,0,pub_threat40_closure,public_decision_frame+information_state,player_1_life_total_zero_or_less,pub_threat60_surge,0,5,1.0,1688344780,rev0099_expanded_matrix_refresh,20,1,pub_threat40_closure,pub_threat60_surge,False,13,0
108,1,pub_threat40_closure,public_decision_frame+information_state,player_0_life_total_zero_or_less,pub_threat60_surge,1,5,1.0,938738240,rev0099_expanded_matrix_refresh,20,0,pub_threat60_surge,pub_threat40_closure,False,9,1
93,1,pub_threat40_closure,public_decision_frame+information_state,player_0_life_total_zero_or_less,pub_threat60_surge,1,5,1.0,1206769015,rev0099_expanded_matrix_refresh,20,1,pub_threat60_surge,pub_threat40_closure,False,8,1
120,0,pub_threat40_closure,public_decision_frame+information_state,player_1_life_total_zero_or_less,pub_threat60_surge,0,6,1.0,386313239,rev0099_expanded_matrix_refresh,20,0,pub_threat40_closure,pub_threat60_surge,False,10,0
168,0,pub_threat40_closure,public_decision_frame+information_state,player_0_life_total_zero_or_less,pub_threat60_surge,0,6,0.0,1956428135,rev0099_expanded_matrix_refresh,20,1,pub_threat40_closure,pub_threat60_surge,False,12,1
157,1,pub_threat40_closure,public_decision_frame+information_state,player_0_life_total_zero_or_less,pub_threat60_surge,1,6,1.0,69297072,rev0099_expanded_matrix_refresh,20,0,pub_threat60_surge,pub_threat40_closure,False,10,1
111,1,pub_threat40_closure,public_decision_frame+information_state,player_1_life_total_zero_or_less,pub_threat60_surge,1,6,0.0,407769724,rev0099_expanded_matrix_refresh,20,1,pub_threat60_surge,pub_threat40_closure,False,11,0
119,0,pub_threat40_closure,public_decision_frame+information_state,player_1_life_total_zero_or_less,pub_threat60_surge,0,7,1.0,1967642478,rev0099_expanded_matrix_refresh,20,0,pub_threat40_closure,pub_threat60_surge,False,10,0
228,0,pub_threat40_closure,public_decision_frame+information_state,player_1_life_total_zero_or_less,pub_threat60_surge,0,7,1.0,1239397817,rev0099_expanded_matrix_refresh,20,1,pub_threat40_closure,pub_threat60_surge,False,19,0
105,1,pub_threat40_closure,public_decision_frame+information_state,player_0_life_total_zero_or_less,pub_threat60_surge,1,7,1.0,594648517,rev0099_expanded_matrix_refresh,20,0,pub_threat60_surge,pub_threat40_closure,False,9,1
229,1,pub_threat40_closure,public_decision_frame+information_state,player_1_attempted_to_draw_from_empty_library,pub_threat60_surge,1,7,0.0,121562449,rev0099_expanded_matrix_refresh,20,1,pub_threat60_surge,pub_threat40_closure,False,19,0
155,0,pub_threat40_closure,public_decision_frame+information_state,player_0_life_total_zero_or_less,pub_threat60_surge,0,8,0.0,1242522427,rev0099_expanded_matrix_refresh,20,0,pub_threat40_closure,pub_threat60_surge,False,11,1
119,0,pub_threat40_closure,public_decision_frame+information_state,player_0_life_total_zero_or_less,pub_threat60_surge,0,8,0.0,1222520762,rev0099_expanded_matrix_refresh,20,1,pub_threat40_closure,pub_threat60_surge,False,8,1
123,1,pub_threat40_closure,public_decision_frame+information_state,player_0_life_total_zero_or_less,pub_threat60_surge,1,8,1.0,1314005665,rev0099_expanded_matrix_refresh,20,0,pub_threat60_surge,pub_threat40_closure,False,9,1
203,1,pub_threat40_closure,public_decision_frame+information_state,player_1_life_total_zero_or_less,pub_threat60_surge,1,8,0.0,175963071,rev0099_expanded_matrix_refresh,20,1,pub_threat60_surge,pub_threat40_closure,False,15,0
105,0,pub_threat40_closure,public_decision_frame+information_state,player_0_life_total_zero_or_less,pub_threat60_surge,0,9,0.0,1763253925,rev0099_expanded_matrix_refresh,20,0,pub_threat40_closure,pub_threat60_surge,False,8,1
87,0,pub_threat40_closure,public_decision_frame+information_state,player_0_life_total_zero_or_less,pub_threat60_surge,0,9,0.0,131223913,rev0099_expanded_matrix_refresh,20,1,pub_threat40_closure,pub_threat60_surge,False,8,1
171,1,pub_threat40_closure,public_decision_frame+information_state,player_0_attempted_to_draw_from_empty_library,pub_threat60_surge,1,9,1.0,507438917,rev0099_expanded_matrix_refresh,20,0,pub_threat60_surge,pub_threat40_closure,False,14,1
153,1,pub_threat40_closure,public_decision_frame+information_state,player_0_attempted_to_draw_from_empty_library,pub_threat60_surge,1,9,1.0,1504750332,rev0099_expanded_matrix_refresh,20,1,pub_threat60_surge,pub_threat40_closure,False,14,1
287,0,pub_threat40_closure,public_decision_frame+information_state,player_1_attempted_to_draw_from_empty_library,pub_threat60_surge,0,0,1.0,960299787,rev0099_expanded_matrix_refresh,40,0,pub_threat40_closure,pub_threat60_surge,False,22,0
119,0,pub_threat40_closure,public_decision_frame+information_state,player_1_life_total_zero_or_less,pub_threat60_surge,0,0,1.0,33621674,rev0099_expanded_matrix_refresh,40,1,pub_threat40_closure,pub_threat60_surge,False,11,0
155,1,pub_threat40_closure,public_decision_frame+information_state,player_1_life_total_zero_or_less,pub_threat60_surge,1,0,0.0,446101794,rev0099_expanded_matrix_refresh,40,0,pub_threat60_surge,pub_threat40_closure,False,13,0
187,1,pub_threat40_closure,public_decision_frame+information_state,player_1_life_total_zero_or_less,pub_threat60_surge,1,0,0.0,718420037,rev0099_expanded_matrix_refresh,40,1,pub_threat60_surge,pub_threat40_closure,False,14,0
188,0,pub_threat40_closure,public_decision_frame+information_state,player_0_attempted_to_draw_from_empty_library,pub_threat60_surge,0,1,0.0,936388025,rev0099_expanded_matrix_refresh,40,0,pub_threat40_closure,pub_threat60_surge,False,15,1
147,0,pub_threat40_closure,public_decision_frame+information_state,player_1_life_total_zero_or_less,pub_threat60_surge,0,1,1.0,192065214,rev0099_expanded_matrix_refresh,40,1,pub_threat40_closure,pub_threat60_surge,False,12,0
136,1,pub_threat40_closure,public_decision_frame+information_state,player_0_attempted_to_draw_from_empty_library,pub_threat60_surge,1,1,1.0,134813429,rev0099_expanded_matrix_refresh,40,0,pub_threat60_surge,pub_threat40_closure,False,10,1
165,1,pub_threat40_closure,public_decision_frame+information_state,player_1_life_total_zero_or_less,pub_threat60_surge,1,1,0.0,799176661,rev0099_expanded_matrix_refresh,40,1,pub_threat60_surge,pub_threat40_closure,False,12,0
130,0,pub_threat40_closure,public_decision_frame+information_state,player_0_life_total_zero_or_less,pub_threat60_surge,0,2,0.0,164277526,rev0099_expanded_matrix_refresh,40,0,pub_threat40_closure,pub_threat60_surge,False,9,1
103,0,pub_threat40_closure,public_decision_frame+information_state,player_0_life_total_zero_or_less,pub_threat60_surge,0,2,0.0,27915459,rev0099_expanded_matrix_refresh,40,1,pub_threat40_closure,pub_threat60_surge,False,9,1
157,1,pub_threat40_closure,public_decision_frame+information_state,player_1_life_total_zero_or_less,pub_threat60_surge,1,2,0.0,1471694281,rev0099_expanded_matrix_refresh,40,0,pub_threat60_surge,pub_threat40_closure,False,12,0
253,1,pub_threat40_closure,public_decision_frame+information_state,player_0_attempted_to_draw_from_empty_library,pub_threat60_surge,1,2,1.0,195188616,rev0099_expanded_matrix_refresh,40,1,pub_threat60_surge,pub_threat40_closure,False,17,1
169,0,pub_threat40_closure,public_decision_frame+information_state,player_0_attempted_to_draw_from_empty_library,pub_threat60_surge,0,3,0.0,1543052713,rev0099_expanded_matrix_refresh,40,0,pub_threat40_closure,pub_threat60_surge,False,13,1
182,0,pub_threat40_closure,public_decision_frame+information_state,player_1_attempted_to_draw_from_empty_library,pub_threat60_surge,0,3,1.0,1739270773,rev0099_expanded_matrix_refresh,40,1,pub_threat40_closure,pub_threat60_surge,False,16,0
195,1,pub_threat40_closure,public_decision_frame+information_state,player_1_attempted_to_draw_from_empty_library,pub_threat60_surge,1,3,0.0,963743108,rev0099_expanded_matrix_refresh,40,0,pub_threat60_surge,pub_threat40_closure,False,18,0
164,1,pub_threat40_closure,public_decision_frame+information_state,player_1_attempted_to_draw_from_empty_library,pub_threat60_surge,1,3,0.0,403991495,rev0099_expanded_matrix_refresh,40,1,pub_threat60_surge,pub_threat40_closure,False,14,0
191,0,pub_threat40_closure,public_decision_frame+information_state,player_0_attempted_to_draw_from_empty_library,pub_threat60_surge,0,4,0.0,334876128,rev0099_expanded_matrix_refresh,40,0,pub_threat40_closure,pub_threat60_surge,False,13,1
181,0,pub_threat40_closure,public_decision_frame+information_state,player_0_life_total_zero_or_less,pub_threat60_surge,0,4,0.0,203445074,rev0099_expanded_matrix_refresh,40,1,pub_threat40_closure,pub_threat60_surge,False,11,1
184,1,pub_threat40_closure,public_decision_frame+information_state,player_1_attempted_to_draw_from_empty_library,pub_threat60_surge,1,4,0.0,1780531898,rev0099_expanded_matrix_refresh,40,0,pub_threat60_surge,pub_threat40_closure,False,16,0
134,1,pub_threat40_closure,public_decision_frame+information_state,player_0_attempted_to_draw_from_empty_library,pub_threat60_surge,1,4,1.0,1127511803,rev0099_expanded_matrix_refresh,40,1,pub_threat60_surge,pub_threat40_closure,False,12,1
136,0,pub_threat40_closure,public_decision_frame+information_state,player_0_life_total_zero_or_less,pub_threat60_surge,0,5,0.0,1122105861,rev0099_expanded_matrix_refresh,40,0,pub_threat40_closure,pub_threat60_surge,False,11,1
186,0,pub_threat40_closure,public_decision_frame+information_state,player_0_life_total_zero_or_less,pub_threat60_surge,0,5,0.0,989737596,rev0099_expanded_matrix_refresh,40,1,pub_threat40_closure,pub_threat60_surge,False,13,1
176,1,pub_threat40_closure,public_decision_frame+information_state,player_1_life_total_zero_or_less,pub_threat60_surge,1,5,0.0,127058195,rev0099_expanded_matrix_refresh,40,0,pub_threat60_surge,pub_threat40_closure,False,14,0
172,1,pub_threat40_closure,public_decision_frame+information_state,player_1_attempted_to_draw_from_empty_library,pub_threat60_surge,1,5,0.0,1354109265,rev0099_expanded_matrix_refresh,40,1,pub_threat60_surge,pub_threat40_closure,False,15,0
125,0,pub_threat40_closure,public_decision_frame+information_state,player_1_life_total_zero_or_less,pub_threat60_surge,0,6,1.0,752183034,rev0099_expanded_matrix_refresh,40,0,pub_threat40_closure,pub_threat60_surge,False,10,0
181,0,pub_threat40_closure,public_decision_frame+information_state,player_0_attempted_to_draw_from_empty_library,pub_threat60_surge,0,6,0.0,1264439808,rev0099_expanded_matrix_refresh,40,1,pub_threat40_closure,pub_threat60_surge,False,17,1
161,1,pub_threat40_closure,public_decision_frame+information_state,player_1_life_total_zero_or_less,pub_threat60_surge,1,6,0.0,1521037013,rev0099_expanded_matrix_refresh,40,0,pub_threat60_surge,pub_threat40_closure,False,12,0
123,1,pub_threat40_closure,public_decision_frame+information_state,player_0_attempted_to_draw_from_empty_library,pub_threat60_surge,1,6,1.0,1089188048,rev0099_expanded_matrix_refresh,40,1,pub_threat60_surge,pub_threat40_closure,False,12,1
155,0,pub_threat40_closure,public_decision_frame+information_state,player_0_life_total_zero_or_less,pub_threat60_surge,0,7,0.0,181707426,rev0099_expanded_matrix_refresh,40,0,pub_threat40_closure,pub_threat60_surge,False,11,1
182,0,pub_threat40_closure,public_decision_frame+information_state,player_0_life_total_zero_or_less,pub_threat60_surge,0,7,0.0,255560437,rev0099_expanded_matrix_refresh,40,1,pub_threat40_closure,pub_threat60_surge,False,14,1
142,1,pub_threat40_closure,public_decision_frame+information_state,player_1_life_total_zero_or_less,pub_threat60_surge,1,7,0.0,741189845,rev0099_expanded_matrix_refresh,40,0,pub_threat60_surge,pub_threat40_closure,False,13,0
128,1,pub_threat40_closure,public_decision_frame+information_state,player_0_life_total_zero_or_less,pub_threat60_surge,1,7,1.0,968806852,rev0099_expanded_matrix_refresh,40,1,pub_threat60_surge,pub_threat40_closure,False,9,1
126,0,pub_threat40_closure,public_decision_frame+information_state,player_0_life_total_zero_or_less,pub_threat60_surge,0,8,0.0,874340623,rev0099_expanded_matrix_refresh,40,0,pub_threat40_closure,pub_threat60_surge,False,11,1
174,0,pub_threat40_closure,public_decision_frame+information_state,player_0_attempted_to_draw_from_empty_library,pub_threat60_surge,0,8,0.0,226553099,rev0099_expanded_matrix_refresh,40,1,pub_threat40_closure,pub_threat60_surge,False,17,1
177,1,pub_threat40_closure,public_decision_frame+information_state,player_1_life_total_zero_or_less,pub_threat60_surge,1,8,0.0,587365969,rev0099_expanded_matrix_refresh,40,0,pub_threat60_surge,pub_threat40_closure,False,12,0
164,1,pub_threat40_closure,public_decision_frame+information_state,player_1_life_total_zero_or_less,pub_threat60_surge,1,8,0.0,1623812875,rev0099_expanded_matrix_refresh,40,1,pub_threat60_surge,pub_threat40_closure,False,14,0
166,0,pub_threat40_closure,public_decision_frame+information_state,player_1_life_total_zero_or_less,pub_threat60_surge,0,9,1.0,1978677855,rev0099_expanded_matrix_refresh,40,0,pub_threat40_closure,pub_threat60_surge,False,13,0
173,0,pub_threat40_closure,public_decision_frame+information_state,player_0_life_total_zero_or_less,pub_threat60_surge,0,9,0.0,1651586934,rev0099_expanded_matrix_refresh,40,1,pub_threat40_closure,pub_threat60_surge,False,12,1
236,1,pub_threat40_closure,public_decision_frame+information_state,player_1_attempted_to_draw_from_empty_library,pub_threat60_surge,1,9,0.0,681838101,rev0099_expanded_matrix_refresh,40,0,pub_threat60_surge,pub_threat40_closure,False,18,0
249,1,pub_threat40_closure,public_decision_frame+information_state,player_1_attempted_to_draw_from_empty_library,pub_threat60_surge,1,9,0.0,1520654875,rev0099_expanded_matrix_refresh,40,1,pub_threat60_surge,pub_threat40_closure,False,17,0
149,0,pub_threat40_closure,public_decision_frame+information_state,player_0_life_total_zero_or_less,oracle_map_08_60_mixed_threats_counter_wall,0,0,0.0,1352532607,rev0099_expanded_matrix_refresh,20,0,pub_threat40_closure,oracle_map_08_60_mixed_threats_counter_wall,False,9,1
209,0,pub_threat40_closure,public_decision_frame+information_state,player_0_attempted_to_draw_from_empty_library,oracle_map_08_60_mixed_threats_counter_wall,0,0,0.0,1704473905,rev0099_expanded_matrix_refresh,20,1,pub_threat40_closure,oracle_map_08_60_mixed_threats_counter_wall,False,20,1
112,1,pub_threat40_closure,public_decision_frame+information_state,player_0_life_total_zero_or_less,oracle_map_08_60_mixed_threats_counter_wall,1,0,1.0,591134898,rev0099_expanded_matrix_refresh,20,0,oracle_map_08_60_mixed_threats_counter_wall,pub_threat40_closure,False,9,1
184,1,pub_threat40_closure,public_decision_frame+information_state,player_1_life_total_zero_or_less,oracle_map_08_60_mixed_threats_counter_wall,1,0,0.0,61021897,rev0099_expanded_matrix_refresh,20,1,oracle_map_08_60_mixed_threats_counter_wall,pub_threat40_closure,False,16,0
289,0,pub_threat40_closure,public_decision_frame+information_state,player_0_life_total_zero_or_less,oracle_map_08_60_mixed_threats_counter_wall,0,1,0.0,1160947522,rev0099_expanded_matrix_refresh,20,0,pub_threat40_closure,oracle_map_08_60_mixed_threats_counter_wall,False,17,1
197,0,pub_threat40_closure,public_decision_frame+information_state,player_0_attempted_to_draw_from_empty_library,oracle_map_08_60_mixed_threats_counter_wall,0,1,0.0,8772621,rev0099_expanded_matrix_refresh,20,1,pub_threat40_closure,oracle_map_08_60_mixed_threats_counter_wall,False,16,1
142,1,pub_threat40_closure,public_decision_frame+information_state,player_1_attempted_to_draw_from_empty_library,oracle_map_08_60_mixed_threats_counter_wall,1,1,0.0,256330632,rev0099_expanded_matrix_refresh,20,0,oracle_map_08_60_mixed_threats_counter_wall,pub_threat40_closure,False,14,0
120,1,pub_threat40_closure,public_decision_frame+information_state,player_1_life_total_zero_or_less,oracle_map_08_60_mixed_threats_counter_wall,1,1,0.0,1203694958,rev0099_expanded_matrix_refresh,20,1,oracle_map_08_60_mixed_threats_counter_wall,pub_threat40_closure,False,11,0
212,0,pub_threat40_closure,public_decision_frame+information_state,player_0_attempted_to_draw_from_empty_library,oracle_map_08_60_mixed_threats_counter_wall,0,2,0.0,947188453,rev0099_expanded_matrix_refresh,20,0,pub_threat40_closure,oracle_map_08_60_mixed_threats_counter_wall,False,18,1
138,0,pub_threat40_closure,public_decision_frame+information_state,player_0_attempted_to_draw_from_empty_library,oracle_map_08_60_mixed_threats_counter_wall,0,2,0.0,1547211704,rev0099_expanded_matrix_refresh,20,1,pub_threat40_closure,oracle_map_08_60_mixed_threats_counter_wall,False,15,1
319,1,pub_threat40_closure,public_decision_frame+information_state,player_1_attempted_to_draw_from_empty_library,oracle_map_08_60_mixed_threats_counter_wall,1,2,0.0,1580124319,rev0099_expanded_matrix_refresh,20,0,oracle_map_08_60_mixed_threats_counter_wall,pub_threat40_closure,False,32,0
123,1,pub_threat40_closure,public_decision_frame+information_state,player_1_life_total_zero_or_less,oracle_map_08_60_mixed_threats_counter_wall,1,2,0.0,1172404525,rev0099_expanded_matrix_refresh,20,1,oracle_map_08_60_mixed_threats_counter_wall,pub_threat40_closure,False,11,0
125,0,pub_threat40_closure,public_decision_frame+information_state,player_0_life_total_zero_or_less,oracle_map_08_60_mixed_threats_counter_wall,0,3,0.0,656017784,rev0099_expanded_matrix_refresh,20,0,pub_threat40_closure,oracle_map_08_60_mixed_threats_counter_wall,False,10,1
328,0,pub_threat40_closure,public_decision_frame+information_state,player_0_attempted_to_draw_from_empty_library,oracle_map_08_60_mixed_threats_counter_wall,0,3,0.0,807815056,rev0099_expanded_matrix_refresh,20,1,pub_threat40_closure,oracle_map_08_60_mixed_threats_counter_wall,False,31,1
241,1,pub_threat40_closure,public_decision_frame+information_state,player_1_life_total_zero_or_less,oracle_map_08_60_mixed_threats_counter_wall,1,3,0.0,1133306838,rev0099_expanded_matrix_refresh,20,0,oracle_map_08_60_mixed_threats_counter_wall,pub_threat40_closure,False,18,0
152,1,pub_threat40_closure,public_decision_frame+information_state,player_1_attempted_to_draw_from_empty_library,oracle_map_08_60_mixed_threats_counter_wall,1,3,0.0,95606316,rev0099_expanded_matrix_refresh,20,1,oracle_map_08_60_mixed_threats_counter_wall,pub_threat40_closure,False,15,0
130,0,pub_threat40_closure,public_decision_frame+information_state,player_1_life_total_zero_or_less,oracle_map_08_60_mixed_threats_counter_wall,0,4,1.0,1915200230,rev0099_expanded_matrix_refresh,20,0,pub_threat40_closure,oracle_map_08_60_mixed_threats_counter_wall,False,11,0
201,0,pub_threat40_closure,public_decision_frame+information_state,player_0_attempted_to_draw_from_empty_library,oracle_map_08_60_mixed_threats_counter_wall,0,4,0.0,527026881,rev0099_expanded_matrix_refresh,20,1,pub_threat40_closure,oracle_map_08_60_mixed_threats_counter_wall,False,18,1
114,1,pub_threat40_closure,public_decision_frame+information_state,player_0_life_total_zero_or_less,oracle_map_08_60_mixed_threats_counter_wall,1,4,1.0,1778837751,rev0099_expanded_matrix_refresh,20,0,oracle_map_08_60_mixed_threats_counter_wall,pub_threat40_closure,False,9,1
154,1,pub_threat40_closure,public_decision_frame+information_state,player_1_life_total_zero_or_less,oracle_map_08_60_mixed_threats_counter_wall,1,4,0.0,1308621826,rev0099_expanded_matrix_refresh,20,1,oracle_map_08_60_mixed_threats_counter_wall,pub_threat40_closure,False,11,0
188,0,pub_threat40_closure,public_decision_frame+information_state,player_1_attempted_to_draw_from_empty_library,oracle_map_08_60_mixed_threats_counter_wall,0,5,1.0,1894948649,rev0099_expanded_matrix_refresh,20,0,pub_threat40_closure,oracle_map_08_60_mixed_threats_counter_wall,False,17,0
181,0,pub_threat40_closure,public_decision_frame+information_state,player_0_attempted_to_draw_from_empty_library,oracle_map_08_60_mixed_threats_counter_wall,0,5,0.0,563687549,rev0099_expanded_matrix_refresh,20,1,pub_threat40_closure,oracle_map_08_60_mixed_threats_counter_wall,False,19,1
131,1,pub_threat40_closure,public_decision_frame+information_state,player_1_life_total_zero_or_less,oracle_map_08_60_mixed_threats_counter_wall,1,5,0.0,1488232580,rev0099_expanded_matrix_refresh,20,0,oracle_map_08_60_mixed_threats_counter_wall,pub_threat40_closure,False,10,0
123,1,pub_threat40_closure,public_decision_frame+information_state,player_0_attempted_to_draw_from_empty_library,oracle_map_08_60_mixed_threats_counter_wall,1,5,1.0,583422648,rev0099_expanded_matrix_refresh,20,1,oracle_map_08_60_mixed_threats_counter_wall,pub_threat40_closure,False,11,1
174,0,pub_threat40_closure,public_decision_frame+information_state,player_0_life_total_zero_or_less,oracle_map_08_60_mixed_threats_counter_wall,0,6,0.0,1223955346,rev0099_expanded_matrix_refresh,20,0,pub_threat40_closure,oracle_map_08_60_mixed_threats_counter_wall,False,12,1
268,0,pub_threat40_closure,public_decision_frame+information_state,player_0_attempted_to_draw_from_empty_library,oracle_map_08_60_mixed_threats_counter_wall,0,6,0.0,919535840,rev0099_expanded_matrix_refresh,20,1,pub_threat40_closure,oracle_map_08_60_mixed_threats_counter_wall,False,26,1
131,1,pub_threat40_closure,public_decision_frame+information_state,player_1_attempted_to_draw_from_empty_library,oracle_map_08_60_mixed_threats_counter_wall,1,6,0.0,827341415,rev0099_expanded_matrix_refresh,20,0,oracle_map_08_60_mixed_threats_counter_wall,pub_threat40_closure,False,11,0
228,1,pub_threat40_closure,public_decision_frame+information_state,player_1_life_total_zero_or_less,oracle_map_08_60_mixed_threats_counter_wall,1,6,0.0,542271734,rev0099_expanded_matrix_refresh,20,1,oracle_map_08_60_mixed_threats_counter_wall,pub_threat40_closure,False,21,0
220,0,pub_threat40_closure,public_decision_frame+information_state,player_1_life_total_zero_or_less,oracle_map_08_60_mixed_threats_counter_wall,0,7,1.0,1416500973,rev0099_expanded_matrix_refresh,20,0,pub_threat40_closure,oracle_map_08_60_mixed_threats_counter_wall,False,15,0
147,0,pub_threat40_closure,public_decision_frame+information_state,player_1_life_total_zero_or_less,oracle_map_08_60_mixed_threats_counter_wall,0,7,1.0,1696527745,rev0099_expanded_matrix_refresh,20,1,pub_threat40_closure,oracle_map_08_60_mixed_threats_counter_wall,False,12,0
189,1,pub_threat40_closure,public_decision_frame+information_state,player_1_life_total_zero_or_less,oracle_map_08_60_mixed_threats_counter_wall,1,7,0.0,954457809,rev0099_expanded_matrix_refresh,20,0,oracle_map_08_60_mixed_threats_counter_wall,pub_threat40_closure,False,15,0
163,1,pub_threat40_closure,public_decision_frame+information_state,player_1_life_total_zero_or_less,oracle_map_08_60_mixed_threats_counter_wall,1,7,0.0,1689477475,rev0099_expanded_matrix_refresh,20,1,oracle_map_08_60_mixed_threats_counter_wall,pub_threat40_closure,False,14,0
174,0,pub_threat40_closure,public_decision_frame+information_state,player_0_life_total_zero_or_less,oracle_map_08_60_mixed_threats_counter_wall,0,8,0.0,911203320,rev0099_expanded_matrix_refresh,20,0,pub_threat40_closure,oracle_map_08_60_mixed_threats_counter_wall,False,12,1
146,0,pub_threat40_closure,public_decision_frame+information_state,player_0_attempted_to_draw_from_empty_library,oracle_map_08_60_mixed_threats_counter_wall,0,8,0.0,1444920361,rev0099_expanded_matrix_refresh,20,1,pub_threat40_closure,oracle_map_08_60_mixed_threats_counter_wall,False,13,1
226,1,pub_threat40_closure,public_decision_frame+information_state,player_1_attempted_to_draw_from_empty_library,oracle_map_08_60_mixed_threats_counter_wall,1,8,0.0,1024572989,rev0099_expanded_matrix_refresh,20,0,oracle_map_08_60_mixed_threats_counter_wall,pub_threat40_closure,False,22,0
175,1,pub_threat40_closure,public_decision_frame+information_state,player_1_life_total_zero_or_less,oracle_map_08_60_mixed_threats_counter_wall,1,8,0.0,1449384561,rev0099_expanded_matrix_refresh,20,1,oracle_map_08_60_mixed_threats_counter_wall,pub_threat40_closure,False,16,0
139,0,pub_threat40_closure,public_decision_frame+information_state,player_0_attempted_to_draw_from_empty_library,oracle_map_08_60_mixed_threats_counter_wall,0,9,0.0,331110322,rev0099_expanded_matrix_refresh,20,0,pub_threat40_closure,oracle_map_08_60_mixed_threats_counter_wall,False,12,1
213,0,pub_threat40_closure,public_decision_frame+information_state,player_0_attempted_to_draw_from_empty_library,oracle_map_08_60_mixed_threats_counter_wall,0,9,0.0,546871859,rev0099_expanded_matrix_refresh,20,1,pub_threat40_closure,oracle_map_08_60_mixed_threats_counter_wall,False,22,1
151,1,pub_threat40_closure,public_decision_frame+information_state,player_1_attempted_to_draw_from_empty_library,oracle_map_08_60_mixed_threats_counter_wall,1,9,0.0,1170547121,rev0099_expanded_matrix_refresh,20,0,oracle_map_08_60_mixed_threats_counter_wall,pub_threat40_closure,False,14,0
115,1,pub_threat40_closure,public_decision_frame+information_state,player_1_life_total_zero_or_less,oracle_map_08_60_mixed_threats_counter_wall,1,9,0.0,747185782,rev0099_expanded_matrix_refresh,20,1,oracle_map_08_60_mixed_threats_counter_wall,pub_threat40_closure,False,10,0
213,0,pub_threat40_closure,public_decision_frame+information_state,player_0_attempted_to_draw_from_empty_library,oracle_map_08_60_mixed_threats_counter_wall,0,0,0.0,73198871,rev0099_expanded_matrix_refresh,40,0,pub_threat40_closure,oracle_map_08_60_mixed_threats_counter_wall,False,21,1
228,0,pub_threat40_closure,public_decision_frame+information_state,player_0_attempted_to_draw_from_empty_library,oracle_map_08_60_mixed_threats_counter_wall,0,0,0.0,1704372391,rev0099_expanded_matrix_refresh,40,1,pub_threat40_closure,oracle_map_08_60_mixed_threats_counter_wall,False,17,1
240,1,pub_threat40_closure,public_decision_frame+information_state,player_1_attempted_to_draw_from_empty_library,oracle_map_08_60_mixed_threats_counter_wall,1,0,0.0,328970818,rev0099_expanded_matrix_refresh,40,0,oracle_map_08_60_mixed_threats_counter_wall,pub_threat40_closure,False,20,0
176,1,pub_threat40_closure,public_decision_frame+information_state,player_1_attempted_to_draw_from_empty_library,oracle_map_08_60_mixed_threats_counter_wall,1,0,0.0,289318497,rev0099_expanded_matrix_refresh,40,1,oracle_map_08_60_mixed_threats_counter_wall,pub_threat40_closure,False,15,0
207,0,pub_threat40_closure,public_decision_frame+information_state,player_0_attempted_to_draw_from_empty_library,oracle_map_08_60_mixed_threats_counter_wall,0,1,0.0,764089516,rev0099_expanded_matrix_refresh,40,0,pub_threat40_closure,oracle_map_08_60_mixed_threats_counter_wall,False,17,1
216,0,pub_threat40_closure,public_decision_frame+information_state,player_0_life_total_zero_or_less,oracle_map_08_60_mixed_threats_counter_wall,0,1,0.0,280226254,rev0099_expanded_matrix_refresh,40,1,pub_threat40_closure,oracle_map_08_60_mixed_threats_counter_wall,False,16,1
304,1,pub_threat40_closure,public_decision_frame+information_state,player_1_attempted_to_draw_from_empty_library,oracle_map_08_60_mixed_threats_counter_wall,1,1,0.0,1430544851,rev0099_expanded_matrix_refresh,40,0,oracle_map_08_60_mixed_threats_counter_wall,pub_threat40_closure,False,28,0
216,1,pub_threat40_closure,public_decision_frame+information_state,player_1_life_total_zero_or_less,oracle_map_08_60_mixed_threats_counter_wall,1,1,0.0,1108645311,rev0099_expanded_matrix_refresh,40,1,oracle_map_08_60_mixed_threats_counter_wall,pub_threat40_closure,False,20,0
171,0,pub_threat40_closure,public_decision_frame+information_state,player_0_attempted_to_draw_from_empty_library,oracle_map_08_60_mixed_threats_counter_wall,0,2,0.0,282798150,rev0099_expanded_matrix_refresh,40,0,pub_threat40_closure,oracle_map_08_60_mixed_threats_counter_wall,False,15,1
182,0,pub_threat40_closure,public_decision_frame+information_state,player_0_attempted_to_draw_from_empty_library,oracle_map_08_60_mixed_threats_counter_wall,0,2,0.0,1648500701,rev0099_expanded_matrix_refresh,40,1,pub_threat40_closure,oracle_map_08_60_mixed_threats_counter_wall,False,18,1
191,1,pub_threat40_closure,public_decision_frame+information_state,player_1_attempted_to_draw_from_empty_library,oracle_map_08_60_mixed_threats_counter_wall,1,2,0.0,690036280,rev0099_expanded_matrix_refresh,40,0,oracle_map_08_60_mixed_threats_counter_wall,pub_threat40_closure,False,16,0
224,1,pub_threat40_closure,public_decision_frame+information_state,player_1_attempted_to_draw_from_empty_library,oracle_map_08_60_mixed_threats_counter_wall,1,2,0.0,1364932921,rev0099_expanded_matrix_refresh,40,1,oracle_map_08_60_mixed_threats_counter_wall,pub_threat40_closure,False,16,0
182,0,pub_threat40_closure,public_decision_frame+information_state,player_0_life_total_zero_or_less,oracle_map_08_60_mixed_threats_counter_wall,0,3,0.0,563001909,rev0099_expanded_matrix_refresh,40,0,pub_threat40_closure,oracle_map_08_60_mixed_threats_counter_wall,False,14,1
199,0,pub_threat40_closure,public_decision_frame+information_state,player_0_attempted_to_draw_from_empty_library,oracle_map_08_60_mixed_threats_counter_wall,0,3,0.0,196908184,rev0099_expanded_matrix_refresh,40,1,pub_threat40_closure,oracle_map_08_60_mixed_threats_counter_wall,False,15,1
157,1,pub_threat40_closure,public_decision_frame+information_state,player_1_life_total_zero_or_less,oracle_map_08_60_mixed_threats_counter_wall,1,3,0.0,9361729,rev0099_expanded_matrix_refresh,40,0,oracle_map_08_60_mixed_threats_counter_wall,pub_threat40_closure,False,12,0
160,1,pub_threat40_closure,public_decision_frame+information_state,player_1_attempted_to_draw_from_empty_library,oracle_map_08_60_mixed_threats_counter_wall,1,3,0.0,1207843757,rev0099_expanded_matrix_refresh,40,1,oracle_map_08_60_mixed_threats_counter_wall,pub_threat40_closure,False,13,0
143,0,pub_threat40_closure,public_decision_frame+information_state,player_1_attempted_to_draw_from_empty_library,oracle_map_08_60_mixed_threats_counter_wall,0,4,1.0,746976166,rev0099_expanded_matrix_refresh,40,0,pub_threat40_closure,oracle_map_08_60_mixed_threats_counter_wall,False,11,0
191,0,pub_threat40_closure,public_decision_frame+information_state,player_0_attempted_to_draw_from_empty_library,oracle_map_08_60_mixed_threats_counter_wall,0,4,0.0,868396750,rev0099_expanded_matrix_refresh,40,1,pub_threat40_closure,oracle_map_08_60_mixed_threats_counter_wall,False,17,1
201,1,pub_threat40_closure,public_decision_frame+information_state,player_1_life_total_zero_or_less,oracle_map_08_60_mixed_threats_counter_wall,1,4,0.0,1029699007,rev0099_expanded_matrix_refresh,40,0,oracle_map_08_60_mixed_threats_counter_wall,pub_threat40_closure,False,16,0
134,1,pub_threat40_closure,public_decision_frame+information_state,player_1_attempted_to_draw_from_empty_library,oracle_map_08_60_mixed_threats_counter_wall,1,4,0.0,1949214880,rev0099_expanded_matrix_refresh,40,1,oracle_map_08_60_mixed_threats_counter_wall,pub_threat40_closure,False,12,0
151,0,pub_threat40_closure,public_decision_frame+information_state,player_0_attempted_to_draw_from_empty_library,oracle_map_08_60_mixed_threats_counter_wall,0,5,0.0,1683014667,rev0099_expanded_matrix_refresh,40,0,pub_threat40_closure,oracle_map_08_60_mixed_threats_counter_wall,False,15,1
207,0,pub_threat40_closure,public_decision_frame+information_state,player_0_attempted_to_draw_from_empty_library,oracle_map_08_60_mixed_threats_counter_wall,0,5,0.0,406903146,rev0099_expanded_matrix_refresh,40,1,pub_threat40_closure,oracle_map_08_60_mixed_threats_counter_wall,False,22,1
150,1,pub_threat40_closure,public_decision_frame+information_state,player_1_life_total_zero_or_less,oracle_map_08_60_mixed_threats_counter_wall,1,5,0.0,1011674170,rev0099_expanded_matrix_refresh,40,0,oracle_map_08_60_mixed_threats_counter_wall,pub_threat40_closure,False,11,0
184,1,pub_threat40_closure,public_decision_frame+information_state,player_1_attempted_to_draw_from_empty_library,oracle_map_08_60_mixed_threats_counter_wall,1,5,0.0,1308812745,rev0099_expanded_matrix_refresh,40,1,oracle_map_08_60_mixed_threats_counter_wall,pub_threat40_closure,False,17,0
166,0,pub_threat40_closure,public_decision_frame+information_state,player_0_life_total_zero_or_less,oracle_map_08_60_mixed_threats_counter_wall,0,6,0.0,1890007026,rev0099_expanded_matrix_refresh,40,0,pub_threat40_closure,oracle_map_08_60_mixed_threats_counter_wall,False,14,1
136,0,pub_threat40_closure,public_decision_frame+information_state,player_0_attempted_to_draw_from_empty_library,oracle_map_08_60_mixed_threats_counter_wall,0,6,0.0,709651042,rev0099_expanded_matrix_refresh,40,1,pub_threat40_closure,oracle_map_08_60_mixed_threats_counter_wall,False,13,1
200,1,pub_threat40_closure,public_decision_frame+information_state,player_1_attempted_to_draw_from_empty_library,oracle_map_08_60_mixed_threats_counter_wall,1,6,0.0,513776333,rev0099_expanded_matrix_refresh,40,0,oracle_map_08_60_mixed_threats_counter_wall,pub_threat40_closure,False,16,0
200,1,pub_threat40_closure,public_decision_frame+information_state,player_1_life_total_zero_or_less,oracle_map_08_60_mixed_threats_counter_wall,1,6,0.0,98667043,rev0099_expanded_matrix_refresh,40,1,oracle_map_08_60_mixed_threats_counter_wall,pub_threat40_closure,False,15,0
130,0,pub_threat40_closure,public_decision_frame+information_state,player_1_attempted_to_draw_from_empty_library,oracle_map_08_60_mixed_threats_counter_wall,0,7,1.0,390992624,rev0099_expanded_matrix_refresh,40,0,pub_threat40_closure,oracle_map_08_60_mixed_threats_counter_wall,False,10,0
121,0,pub_threat40_closure,public_decision_frame+information_state,player_0_attempted_to_draw_from_empty_library,oracle_map_08_60_mixed_threats_counter_wall,0,7,0.0,634059646,rev0099_expanded_matrix_refresh,40,1,pub_threat40_closure,oracle_map_08_60_mixed_threats_counter_wall,False,12,1
176,1,pub_threat40_closure,public_decision_frame+information_state,player_1_life_total_zero_or_less,oracle_map_08_60_mixed_threats_counter_wall,1,7,0.0,21545342,rev0099_expanded_matrix_refresh,40,0,oracle_map_08_60_mixed_threats_counter_wall,pub_threat40_closure,False,17,0
234,1,pub_threat40_closure,public_decision_frame+information_state,player_1_life_total_zero_or_less,oracle_map_08_60_mixed_threats_counter_wall,1,7,0.0,1829592856,rev0099_expanded_matrix_refresh,40,1,oracle_map_08_60_mixed_threats_counter_wall,pub_threat40_closure,False,19,0
145,0,pub_threat40_closure,public_decision_frame+information_state,player_0_attempted_to_draw_from_empty_library,oracle_map_08_60_mixed_threats_counter_wall,0,8,0.0,1666763188,rev0099_expanded_matrix_refresh,40,0,pub_threat40_closure,oracle_map_08_60_mixed_threats_counter_wall,False,13,1
150,0,pub_threat40_closure,public_decision_frame+information_state,player_1_attempted_to_draw_from_empty_library,oracle_map_08_60_mixed_threats_counter_wall,0,8,1.0,1029493341,rev0099_expanded_matrix_refresh,40,1,pub_threat40_closure,oracle_map_08_60_mixed_threats_counter_wall,False,12,0
162,1,pub_threat40_closure,public_decision_frame+information_state,player_1_life_total_zero_or_less,oracle_map_08_60_mixed_threats_counter_wall,1,8,0.0,360856466,rev0099_expanded_matrix_refresh,40,0,oracle_map_08_60_mixed_threats_counter_wall,pub_threat40_closure,False,13,0
277,1,pub_threat40_closure,public_decision_frame+information_state,player_1_attempted_to_draw_from_empty_library,oracle_map_08_60_mixed_threats_counter_wall,1,8,0.0,1157514184,rev0099_expanded_matrix_refresh,40,1,oracle_map_08_60_mixed_threats_counter_wall,pub_threat40_closure,False,28,0
199,0,pub_threat40_closure,public_decision_frame+information_state,player_0_attempted_to_draw_from_empty_library,oracle_map_08_60_mixed_threats_counter_wall,0,9,0.0,678329265,rev0099_expanded_matrix_refresh,40,0,pub_threat40_closure,oracle_map_08_60_mixed_threats_counter_wall,False,18,1
177,0,pub_threat40_closure,public_decision_frame+information_state,player_0_attempted_to_draw_from_empty_library,oracle_map_08_60_mixed_threats_counter_wall,0,9,0.0,1837981638,rev0099_expanded_matrix_refresh,40,1,pub_threat40_closure,oracle_map_08_60_mixed_threats_counter_wall,False,17,1
191,1,pub_threat40_closure,public_decision_frame+information_state,player_1_attempted_to_draw_from_empty_library,oracle_map_08_60_mixed_threats_counter_wall,1,9,0.0,1131587851,rev0099_expanded_matrix_refresh,40,0,oracle_map_08_60_mixed_threats_counter_wall,pub_threat40_closure,False,16,0
158,1,pub_threat40_closure,public_decision_frame+information_state,player_1_life_total_zero_or_less,oracle_map_08_60_mixed_threats_counter_wall,1,9,0.0,1522523090,rev0099_expanded_matrix_refresh,40,1,oracle_map_08_60_mixed_threats_counter_wall,pub_threat40_closure,False,13,0
115,0,pub_threat40_pressure,public_decision_frame+information_state,player_1_life_total_zero_or_less,pub_threat40_surge,0,0,1.0,1067505465,rev0099_expanded_matrix_refresh,20,0,pub_threat40_pressure,pub_threat40_surge,False,10,0
105,0,pub_threat40_pressure,public_decision_frame+information_state,player_0_life_total_zero_or_less,pub_threat40_surge,0,0,0.0,1686962325,rev0099_expanded_matrix_refresh,20,1,pub_threat40_pressure,pub_threat40_surge,False,10,1
113,1,pub_threat40_pressure,public_decision_frame+information_state,player_0_life_total_zero_or_less,pub_threat40_surge,1,0,1.0,1316150568,rev0099_expanded_matrix_refresh,20,0,pub_threat40_surge,pub_threat40_pressure,False,9,1
157,1,pub_threat40_pressure,public_decision_frame+information_state,player_0_attempted_to_draw_from_empty_library,pub_threat40_surge,1,0,1.0,27846887,rev0099_expanded_matrix_refresh,20,1,pub_threat40_surge,pub_threat40_pressure,False,14,1
126,0,pub_threat40_pressure,public_decision_frame+information_state,player_0_life_total_zero_or_less,pub_threat40_surge,0,1,0.0,366514354,rev0099_expanded_matrix_refresh,20,0,pub_threat40_pressure,pub_threat40_surge,False,11,1
208,0,pub_threat40_pressure,public_decision_frame+information_state,player_1_life_total_zero_or_less,pub_threat40_surge,0,1,1.0,1151716009,rev0099_expanded_matrix_refresh,20,1,pub_threat40_pressure,pub_threat40_surge,False,15,0
130,1,pub_threat40_pressure,public_decision_frame+information_state,player_0_life_total_zero_or_less,pub_threat40_surge,1,1,1.0,1409898448,rev0099_expanded_matrix_refresh,20,0,pub_threat40_surge,pub_threat40_pressure,False,9,1
101,1,pub_threat40_pressure,public_decision_frame+information_state,player_0_life_total_zero_or_less,pub_threat40_surge,1,1,1.0,756751709,rev0099_expanded_matrix_refresh,20,1,pub_threat40_surge,pub_threat40_pressure,False,8,1
123,0,pub_threat40_pressure,public_decision_frame+information_state,player_0_life_total_zero_or_less,pub_threat40_surge,0,2,0.0,41022328,rev0099_expanded_matrix_refresh,20,0,pub_threat40_pressure,pub_threat40_surge,False,10,1
173,0,pub_threat40_pressure,public_decision_frame+information_state,player_1_attempted_to_draw_from_empty_library,pub_threat40_surge,0,2,1.0,1722596344,rev0099_expanded_matrix_refresh,20,1,pub_threat40_pressure,pub_threat40_surge,False,15,0
164,1,pub_threat40_pressure,public_decision_frame+information_state,player_1_life_total_zero_or_less,pub_threat40_surge,1,2,0.0,997351479,rev0099_expanded_matrix_refresh,20,0,pub_threat40_surge,pub_threat40_pressure,False,12,0
139,1,pub_threat40_pressure,public_decision_frame+information_state,player_0_life_total_zero_or_less,pub_threat40_surge,1,2,1.0,194103421,rev0099_expanded_matrix_refresh,20,1,pub_threat40_surge,pub_threat40_pressure,False,10,1
117,0,pub_threat40_pressure,public_decision_frame+information_state,player_0_life_total_zero_or_less,pub_threat40_surge,0,3,0.0,1006658837,rev0099_expanded_matrix_refresh,20,0,pub_threat40_pressure,pub_threat40_surge,False,8,1
229,0,pub_threat40_pressure,public_decision_frame+information_state,player_1_attempted_to_draw_from_empty_library,pub_threat40_surge,0,3,1.0,1489543748,rev0099_expanded_matrix_refresh,20,1,pub_threat40_pressure,pub_threat40_surge,False,19,0
124,1,pub_threat40_pressure,public_decision_frame+information_state,player_0_life_total_zero_or_less,pub_threat40_surge,1,3,1.0,1749912325,rev0099_expanded_matrix_refresh,20,0,pub_threat40_surge,pub_threat40_pressure,False,11,1
147,1,pub_threat40_pressure,public_decision_frame+information_state,player_0_attempted_to_draw_from_empty_library,pub_threat40_surge,1,3,1.0,586658725,rev0099_expanded_matrix_refresh,20,1,pub_threat40_surge,pub_threat40_pressure,False,11,1
158,0,pub_threat40_pressure,public_decision_frame+information_state,player_0_life_total_zero_or_less,pub_threat40_surge,0,4,0.0,1482183854,rev0099_expanded_matrix_refresh,20,0,pub_threat40_pressure,pub_threat40_surge,False,11,1
130,0,pub_threat40_pressure,public_decision_frame+information_state,player_0_life_total_zero_or_less,pub_threat40_surge,0,4,0.0,1239756720,rev0099_expanded_matrix_refresh,20,1,pub_threat40_pressure,pub_threat40_surge,False,10,1
81,1,pub_threat40_pressure,public_decision_frame+information_state,player_0_life_total_zero_or_less,pub_threat40_surge,1,4,1.0,1470189646,rev0099_expanded_matrix_refresh,20,0,pub_threat40_surge,pub_threat40_pressure,False,7,1
199,1,pub_threat40_pressure,public_decision_frame+information_state,player_1_life_total_zero_or_less,pub_threat40_surge,1,4,0.0,1273959442,rev0099_expanded_matrix_refresh,20,1,pub_threat40_surge,pub_threat40_pressure,False,19,0
113,0,pub_threat40_pressure,public_decision_frame+information_state,player_1_life_total_zero_or_less,pub_threat40_surge,0,5,1.0,1565799941,rev0099_expanded_matrix_refresh,20,0,pub_threat40_pressure,pub_threat40_surge,False,11,0
115,0,pub_threat40_pressure,public_decision_frame+information_state,player_1_attempted_to_draw_from_empty_library,pub_threat40_surge,0,5,1.0,1971828317,rev0099_expanded_matrix_refresh,20,1,pub_threat40_pressure,pub_threat40_surge,False,11,0
167,1,pub_threat40_pressure,public_decision_frame+information_state,player_0_life_total_zero_or_less,pub_threat40_surge,1,5,1.0,708024426,rev0099_expanded_matrix_refresh,20,0,pub_threat40_surge,pub_threat40_pressure,False,11,1
225,1,pub_threat40_pressure,public_decision_frame+information_state,player_1_life_total_zero_or_less,pub_threat40_surge,1,5,0.0,1760695002,rev0099_expanded_matrix_refresh,20,1,pub_threat40_surge,pub_threat40_pressure,False,22,0
132,0,pub_threat40_pressure,public_decision_frame+information_state,player_0_life_total_zero_or_less,pub_threat40_surge,0,6,0.0,41395026,rev0099_expanded_matrix_refresh,20,0,pub_threat40_pressure,pub_threat40_surge,False,10,1
119,0,pub_threat40_pressure,public_decision_frame+information_state,player_1_attempted_to_draw_from_empty_library,pub_threat40_surge,0,6,1.0,1731455349,rev0099_expanded_matrix_refresh,20,1,pub_threat40_pressure,pub_threat40_surge,False,11,0
109,1,pub_threat40_pressure,public_decision_frame+information_state,player_0_life_total_zero_or_less,pub_threat40_surge,1,6,1.0,907732910,rev0099_expanded_matrix_refresh,20,0,pub_threat40_surge,pub_threat40_pressure,False,9,1
90,1,pub_threat40_pressure,public_decision_frame+information_state,player_1_life_total_zero_or_less,pub_threat40_surge,1,6,0.0,900565859,rev0099_expanded_matrix_refresh,20,1,pub_threat40_surge,pub_threat40_pressure,False,8,0
133,0,pub_threat40_pressure,public_decision_frame+information_state,player_0_life_total_zero_or_less,pub_threat40_surge,0,7,0.0,1081529272,rev0099_expanded_matrix_refresh,20,0,pub_threat40_pressure,pub_threat40_surge,False,11,1
173,0,pub_threat40_pressure,public_decision_frame+information_state,player_1_life_total_zero_or_less,pub_threat40_surge,0,7,1.0,1776191981,rev0099_expanded_matrix_refresh,20,1,pub_threat40_pressure,pub_threat40_surge,False,11,0
127,1,pub_threat40_pressure,public_decision_frame+information_state,player_0_life_total_zero_or_less,pub_threat40_surge,1,7,1.0,658275023,rev0099_expanded_matrix_refresh,20,0,pub_threat40_surge,pub_threat40_pressure,False,9,1
197,1,pub_threat40_pressure,public_decision_frame+information_state,player_0_life_total_zero_or_less,pub_threat40_surge,1,7,1.0,1550892885,rev0099_expanded_matrix_refresh,20,1,pub_threat40_surge,pub_threat40_pressure,False,15,1
132,0,pub_threat40_pressure,public_decision_frame+information_state,player_0_life_total_zero_or_less,pub_threat40_surge,0,8,0.0,45232754,rev0099_expanded_matrix_refresh,20,0,pub_threat40_pressure,pub_threat40_surge,False,10,1
126,0,pub_threat40_pressure,public_decision_frame+information_state,player_0_life_total_zero_or_less,pub_threat40_surge,0,8,0.0,1127971272,rev0099_expanded_matrix_refresh,20,1,pub_threat40_pressure,pub_threat40_surge,False,10,1
123,1,pub_threat40_pressure,public_decision_frame+information_state,player_1_life_total_zero_or_less,pub_threat40_surge,1,8,0.0,1240612964,rev0099_expanded_matrix_refresh,20,0,pub_threat40_surge,pub_threat40_pressure,False,10,0
168,1,pub_threat40_pressure,public_decision_frame+information_state,player_0_life_total_zero_or_less,pub_threat40_surge,1,8,1.0,386428820,rev0099_expanded_matrix_refresh,20,1,pub_threat40_surge,pub_threat40_pressure,False,12,1
189,0,pub_threat40_pressure,public_decision_frame+information_state,player_1_life_total_zero_or_less,pub_threat40_surge,0,9,1.0,765469760,rev0099_expanded_matrix_refresh,20,0,pub_threat40_pressure,pub_threat40_surge,False,17,0
91,0,pub_threat40_pressure,public_decision_frame+information_state,player_1_life_total_zero_or_less,pub_threat40_surge,0,9,1.0,993914286,rev0099_expanded_matrix_refresh,20,1,pub_threat40_pressure,pub_threat40_surge,False,9,0
100,1,pub_threat40_pressure,public_decision_frame+information_state,player_0_life_total_zero_or_less,pub_threat40_surge,1,9,1.0,31710277,rev0099_expanded_matrix_refresh,20,0,pub_threat40_surge,pub_threat40_pressure,False,8,1
115,1,pub_threat40_pressure,public_decision_frame+information_state,player_1_life_total_zero_or_less,pub_threat40_surge,1,9,0.0,1577312820,rev0099_expanded_matrix_refresh,20,1,pub_threat40_surge,pub_threat40_pressure,False,10,0
132,0,pub_threat40_pressure,public_decision_frame+information_state,player_0_life_total_zero_or_less,pub_threat40_surge,0,0,0.0,1288101952,rev0099_expanded_matrix_refresh,40,0,pub_threat40_pressure,pub_threat40_surge,False,11,1
232,0,pub_threat40_pressure,public_decision_frame+information_state,player_0_attempted_to_draw_from_empty_library,pub_threat40_surge,0,0,0.0,564456883,rev0099_expanded_matrix_refresh,40,1,pub_threat40_pressure,pub_threat40_surge,False,19,1
195,1,pub_threat40_pressure,public_decision_frame+information_state,player_0_attempted_to_draw_from_empty_library,pub_threat40_surge,1,0,1.0,1761232921,rev0099_expanded_matrix_refresh,40,0,pub_threat40_surge,pub_threat40_pressure,False,15,1
170,1,pub_threat40_pressure,public_decision_frame+information_state,player_0_attempted_to_draw_from_empty_library,pub_threat40_surge,1,0,1.0,452831750,rev0099_expanded_matrix_refresh,40,1,pub_threat40_surge,pub_threat40_pressure,False,15,1
205,0,pub_threat40_pressure,public_decision_frame+information_state,player_1_attempted_to_draw_from_empty_library,pub_threat40_surge,0,1,1.0,1892529217,rev0099_expanded_matrix_refresh,40,0,pub_threat40_pressure,pub_threat40_surge,False,16,0
187,0,pub_threat40_pressure,public_decision_frame+information_state,player_1_attempted_to_draw_from_empty_library,pub_threat40_surge,0,1,1.0,1038982827,rev0099_expanded_matrix_refresh,40,1,pub_threat40_pressure,pub_threat40_surge,False,15,0
119,1,pub_threat40_pressure,public_decision_frame+information_state,player_0_life_total_zero_or_less,pub_threat40_surge,1,1,1.0,272239469,rev0099_expanded_matrix_refresh,40,0,pub_threat40_surge,pub_threat40_pressure,False,10,1
170,1,pub_threat40_pressure,public_decision_frame+information_state,player_0_attempted_to_draw_from_empty_library,pub_threat40_surge,1,1,1.0,1641273500,rev0099_expanded_matrix_refresh,40,1,pub_threat40_surge,pub_threat40_pressure,False,16,1
156,0,pub_threat40_pressure,public_decision_frame+information_state,player_0_attempted_to_draw_from_empty_library,pub_threat40_surge,0,2,0.0,61464681,rev0099_expanded_matrix_refresh,40,0,pub_threat40_pressure,pub_threat40_surge,False,13,1
186,0,pub_threat40_pressure,public_decision_frame+information_state,player_0_attempted_to_draw_from_empty_library,pub_threat40_surge,0,2,0.0,1489268397,rev0099_expanded_matrix_refresh,40,1,pub_threat40_pressure,pub_threat40_surge,False,15,1
124,1,pub_threat40_pressure,public_decision_frame+information_state,player_0_life_total_zero_or_less,pub_threat40_surge,1,2,1.0,1450121135,rev0099_expanded_matrix_refresh,40,0,pub_threat40_surge,pub_threat40_pressure,False,11,1
166,1,pub_threat40_pressure,public_decision_frame+information_state,player_0_life_total_zero_or_less,pub_threat40_surge,1,2,1.0,78225988,rev0099_expanded_matrix_refresh,40,1,pub_threat40_surge,pub_threat40_pressure,False,11,1
202,0,pub_threat40_pressure,public_decision_frame+information_state,player_1_attempted_to_draw_from_empty_library,pub_threat40_surge,0,3,1.0,1189572904,rev0099_expanded_matrix_refresh,40,0,pub_threat40_pressure,pub_threat40_surge,False,18,0
173,0,pub_threat40_pressure,public_decision_frame+information_state,player_0_attempted_to_draw_from_empty_library,pub_threat40_surge,0,3,0.0,1601874861,rev0099_expanded_matrix_refresh,40,1,pub_threat40_pressure,pub_threat40_surge,False,16,1
121,1,pub_threat40_pressure,public_decision_frame+information_state,player_1_life_total_zero_or_less,pub_threat40_surge,1,3,0.0,536024643,rev0099_expanded_matrix_refresh,40,0,pub_threat40_surge,pub_threat40_pressure,False,10,0
159,1,pub_threat40_pressure,public_decision_frame+information_state,player_1_life_total_zero_or_less,pub_threat40_surge,1,3,0.0,1074743671,rev0099_expanded_matrix_refresh,40,1,pub_threat40_surge,pub_threat40_pressure,False,12,0
161,0,pub_threat40_pressure,public_decision_frame+information_state,player_1_life_total_zero_or_less,pub_threat40_surge,0,4,1.0,718208056,rev0099_expanded_matrix_refresh,40,0,pub_threat40_pressure,pub_threat40_surge,False,11,0
149,0,pub_threat40_pressure,public_decision_frame+information_state,player_0_life_total_zero_or_less,pub_threat40_surge,0,4,0.0,737451315,rev0099_expanded_matrix_refresh,40,1,pub_threat40_pressure,pub_threat40_surge,False,11,1
182,1,pub_threat40_pressure,public_decision_frame+information_state,player_0_attempted_to_draw_from_empty_library,pub_threat40_surge,1,4,1.0,1924866571,rev0099_expanded_matrix_refresh,40,0,pub_threat40_surge,pub_threat40_pressure,False,15,1
140,1,pub_threat40_pressure,public_decision_frame+information_state,player_0_attempted_to_draw_from_empty_library,pub_threat40_surge,1,4,1.0,1623616636,rev0099_expanded_matrix_refresh,40,1,pub_threat40_surge,pub_threat40_pressure,False,14,1
162,0,pub_threat40_pressure,public_decision_frame+information_state,player_1_attempted_to_draw_from_empty_library,pub_threat40_surge,0,5,1.0,1717907680,rev0099_expanded_matrix_refresh,40,0,pub_threat40_pressure,pub_threat40_surge,False,14,0
184,0,pub_threat40_pressure,public_decision_frame+information_state,player_0_attempted_to_draw_from_empty_library,pub_threat40_surge,0,5,0.0,681384311,rev0099_expanded_matrix_refresh,40,1,pub_threat40_pressure,pub_threat40_surge,False,15,1
272,1,pub_threat40_pressure,public_decision_frame+information_state,player_1_attempted_to_draw_from_empty_library,pub_threat40_surge,1,5,0.0,1842327174,rev0099_expanded_matrix_refresh,40,0,pub_threat40_surge,pub_threat40_pressure,False,21,0
123,1,pub_threat40_pressure,public_decision_frame+information_state,player_1_life_total_zero_or_less,pub_threat40_surge,1,5,0.0,1439394271,rev0099_expanded_matrix_refresh,40,1,pub_threat40_surge,pub_threat40_pressure,False,10,0
184,0,pub_threat40_pressure,public_decision_frame+information_state,player_0_attempted_to_draw_from_empty_library,pub_threat40_surge,0,6,0.0,139540963,rev0099_expanded_matrix_refresh,40,0,pub_threat40_pressure,pub_threat40_surge,False,15,1
228,0,pub_threat40_pressure,public_decision_frame+information_state,player_0_attempted_to_draw_from_empty_library,pub_threat40_surge,0,6,0.0,967845249,rev0099_expanded_matrix_refresh,40,1,pub_threat40_pressure,pub_threat40_surge,False,19,1
236,1,pub_threat40_pressure,public_decision_frame+information_state,player_1_attempted_to_draw_from_empty_library,pub_threat40_surge,1,6,0.0,926940685,rev0099_expanded_matrix_refresh,40,0,pub_threat40_surge,pub_threat40_pressure,False,20,0
153,1,pub_threat40_pressure,public_decision_frame+information_state,player_1_life_total_zero_or_less,pub_threat40_surge,1,6,0.0,1878812385,rev0099_expanded_matrix_refresh,40,1,pub_threat40_surge,pub_threat40_pressure,False,13,0
162,0,pub_threat40_pressure,public_decision_frame+information_state,player_0_attempted_to_draw_from_empty_library,pub_threat40_surge,0,7,0.0,1051052254,rev0099_expanded_matrix_refresh,40,0,pub_threat40_pressure,pub_threat40_surge,False,13,1
143,0,pub_threat40_pressure,public_decision_frame+information_state,player_0_life_total_zero_or_less,pub_threat40_surge,0,7,0.0,220645298,rev0099_expanded_matrix_refresh,40,1,pub_threat40_pressure,pub_threat40_surge,False,11,1
218,1,pub_threat40_pressure,public_decision_frame+information_state,player_1_attempted_to_draw_from_empty_library,pub_threat40_surge,1,7,0.0,1119868157,rev0099_expanded_matrix_refresh,40,0,pub_threat40_surge,pub_threat40_pressure,False,18,0
190,1,pub_threat40_pressure,public_decision_frame+information_state,player_1_attempted_to_draw_from_empty_library,pub_threat40_surge,1,7,0.0,886681191,rev0099_expanded_matrix_refresh,40,1,pub_threat40_surge,pub_threat40_pressure,False,17,0
210,0,pub_threat40_pressure,public_decision_frame+information_state,player_1_attempted_to_draw_from_empty_library,pub_threat40_surge,0,8,1.0,1381642224,rev0099_expanded_matrix_refresh,40,0,pub_threat40_pressure,pub_threat40_surge,False,14,0
142,0,pub_threat40_pressure,public_decision_frame+information_state,player_0_life_total_zero_or_less,pub_threat40_surge,0,8,0.0,824883791,rev0099_expanded_matrix_refresh,40,1,pub_threat40_pressure,pub_threat40_surge,False,11,1
148,1,pub_threat40_pressure,public_decision_frame+information_state,player_1_life_total_zero_or_less,pub_threat40_surge,1,8,0.0,888382449,rev0099_expanded_matrix_refresh,40,0,pub_threat40_surge,pub_threat40_pressure,False,10,0
236,1,pub_threat40_pressure,public_decision_frame+information_state,player_0_attempted_to_draw_from_empty_library,pub_threat40_surge,1,8,1.0,1085861796,rev0099_expanded_matrix_refresh,40,1,pub_threat40_surge,pub_threat40_pressure,False,21,1
201,0,pub_threat40_pressure,public_decision_frame+information_state,player_1_attempted_to_draw_from_empty_library,pub_threat40_surge,0,9,1.0,191062189,rev0099_expanded_matrix_refresh,40,0,pub_threat40_pressure,pub_threat40_surge,False,17,0
179,0,pub_threat40_pressure,public_decision_frame+information_state,player_0_attempted_to_draw_from_empty_library,pub_threat40_surge,0,9,0.0,706968034,rev0099_expanded_matrix_refresh,40,1,pub_threat40_pressure,pub_threat40_surge,False,17,1
150,1,pub_threat40_pressure,public_decision_frame+information_state,player_1_life_total_zero_or_less,pub_threat40_surge,1,9,0.0,1849011832,rev0099_expanded_matrix_refresh,40,0,pub_threat40_surge,pub_threat40_pressure,False,13,0
113,1,pub_threat40_pressure,public_decision_frame+information_state,player_0_life_total_zero_or_less,pub_threat40_surge,1,9,1.0,89306216,rev0099_expanded_matrix_refresh,40,1,pub_threat40_surge,pub_threat40_pressure,False,9,1
153,0,pub_threat40_pressure,public_decision_frame+information_state,player_1_attempted_to_draw_from_empty_library,pub_threat60_closure,0,0,1.0,725665193,rev0099_expanded_matrix_refresh,20,0,pub_threat40_pressure,pub_threat60_closure,False,13,0
136,0,pub_threat40_pressure,public_decision_frame+information_state,player_0_life_total_zero_or_less,pub_threat60_closure,0,0,0.0,784957743,rev0099_expanded_matrix_refresh,20,1,pub_threat40_pressure,pub_threat60_closure,False,12,1
192,1,pub_threat40_pressure,public_decision_frame+information_state,player_1_attempted_to_draw_from_empty_library,pub_threat60_closure,1,0,0.0,1070625820,rev0099_expanded_matrix_refresh,20,0,pub_threat60_closure,pub_threat40_pressure,False,17,0
205,1,pub_threat40_pressure,public_decision_frame+information_state,player_1_life_total_zero_or_less,pub_threat60_closure,1,0,0.0,883850541,rev0099_expanded_matrix_refresh,20,1,pub_threat60_closure,pub_threat40_pressure,False,15,0
126,0,pub_threat40_pressure,public_decision_frame+information_state,player_1_life_total_zero_or_less,pub_threat60_closure,0,1,1.0,809930034,rev0099_expanded_matrix_refresh,20,0,pub_threat40_pressure,pub_threat60_closure,False,9,0
116,0,pub_threat40_pressure,public_decision_frame+information_state,player_0_life_total_zero_or_less,pub_threat60_closure,0,1,0.0,1116058345,rev0099_expanded_matrix_refresh,20,1,pub_threat40_pressure,pub_threat60_closure,False,9,1
121,1,pub_threat40_pressure,public_decision_frame+information_state,player_1_life_total_zero_or_less,pub_threat60_closure,1,1,0.0,1211708318,rev0099_expanded_matrix_refresh,20,0,pub_threat60_closure,pub_threat40_pressure,False,10,0
180,1,pub_threat40_pressure,public_decision_frame+information_state,player_1_life_total_zero_or_less,pub_threat60_closure,1,1,0.0,1709021137,rev0099_expanded_matrix_refresh,20,1,pub_threat60_closure,pub_threat40_pressure,False,13,0
165,0,pub_threat40_pressure,public_decision_frame+information_state,player_0_life_total_zero_or_less,pub_threat60_closure,0,2,0.0,1138402048,rev0099_expanded_matrix_refresh,20,0,pub_threat40_pressure,pub_threat60_closure,False,14,1
143,0,pub_threat40_pressure,public_decision_frame+information_state,player_1_life_total_zero_or_less,pub_threat60_closure,0,2,1.0,425196624,rev0099_expanded_matrix_refresh,20,1,pub_threat40_pressure,pub_threat60_closure,False,10,0
126,1,pub_threat40_pressure,public_decision_frame+information_state,player_1_life_total_zero_or_less,pub_threat60_closure,1,2,0.0,555113350,rev0099_expanded_matrix_refresh,20,0,pub_threat60_closure,pub_threat40_pressure,False,9,0
127,1,pub_threat40_pressure,public_decision_frame+information_state,player_1_life_total_zero_or_less,pub_threat60_closure,1,2,0.0,675618519,rev0099_expanded_matrix_refresh,20,1,pub_threat60_closure,pub_threat40_pressure,False,12,0
246,0,pub_threat40_pressure,public_decision_frame+information_state,player_0_life_total_zero_or_less,pub_threat60_closure,0,3,0.0,710078446,rev0099_expanded_matrix_refresh,20,0,pub_threat40_pressure,pub_threat60_closure,False,21,1
146,0,pub_threat40_pressure,public_decision_frame+information_state,player_0_attempted_to_draw_from_empty_library,pub_threat60_closure,0,3,0.0,921945764,rev0099_expanded_matrix_refresh,20,1,pub_threat40_pressure,pub_threat60_closure,False,15,1
112,1,pub_threat40_pressure,public_decision_frame+information_state,player_1_life_total_zero_or_less,pub_threat60_closure,1,3,0.0,331879587,rev0099_expanded_matrix_refresh,20,0,pub_threat60_closure,pub_threat40_pressure,False,9,0
171,1,pub_threat40_pressure,public_decision_frame+information_state,player_1_life_total_zero_or_less,pub_threat60_closure,1,3,0.0,1771211042,rev0099_expanded_matrix_refresh,20,1,pub_threat60_closure,pub_threat40_pressure,False,12,0
172,0,pub_threat40_pressure,public_decision_frame+information_state,player_0_attempted_to_draw_from_empty_library,pub_threat60_closure,0,4,0.0,1975084402,rev0099_expanded_matrix_refresh,20,0,pub_threat40_pressure,pub_threat60_closure,False,13,1
149,0,pub_threat40_pressure,public_decision_frame+information_state,player_0_life_total_zero_or_less,pub_threat60_closure,0,4,0.0,298042141,rev0099_expanded_matrix_refresh,20,1,pub_threat40_pressure,pub_threat60_closure,False,13,1
117,1,pub_threat40_pressure,public_decision_frame+information_state,player_0_life_total_zero_or_less,pub_threat60_closure,1,4,1.0,1553649456,rev0099_expanded_matrix_refresh,20,0,pub_threat60_closure,pub_threat40_pressure,False,10,1
123,1,pub_threat40_pressure,public_decision_frame+information_state,player_1_life_total_zero_or_less,pub_threat60_closure,1,4,0.0,335612951,rev0099_expanded_matrix_refresh,20,1,pub_threat60_closure,pub_threat40_pressure,False,11,0
130,0,pub_threat40_pressure,public_decision_frame+information_state,player_0_life_total_zero_or_less,pub_threat60_closure,0,5,0.0,1946402940,rev0099_expanded_matrix_refresh,20,0,pub_threat40_pressure,pub_threat60_closure,False,10,1
167,0,pub_threat40_pressure,public_decision_frame+information_state,player_1_life_total_zero_or_less,pub_threat60_closure,0,5,1.0,1282912447,rev0099_expanded_matrix_refresh,20,1,pub_threat40_pressure,pub_threat60_closure,False,14,0
193,1,pub_threat40_pressure,public_decision_frame+information_state,player_1_life_total_zero_or_less,pub_threat60_closure,1,5,0.0,716227496,rev0099_expanded_matrix_refresh,20,0,pub_threat60_closure,pub_threat40_pressure,False,14,0
211,1,pub_threat40_pressure,public_decision_frame+information_state,player_1_life_total_zero_or_less,pub_threat60_closure,1,5,0.0,170593015,rev0099_expanded_matrix_refresh,20,1,pub_threat60_closure,pub_threat40_pressure,False,16,0
100,0,pub_threat40_pressure,public_decision_frame+information_state,player_1_life_total_zero_or_less,pub_threat60_closure,0,6,1.0,678913249,rev0099_expanded_matrix_refresh,20,0,pub_threat40_pressure,pub_threat60_closure,False,8,0
97,0,pub_threat40_pressure,public_decision_frame+information_state,player_1_life_total_zero_or_less,pub_threat60_closure,0,6,1.0,402082182,rev0099_expanded_matrix_refresh,20,1,pub_threat40_pressure,pub_threat60_closure,False,9,0
131,1,pub_threat40_pressure,public_decision_frame+information_state,player_0_life_total_zero_or_less,pub_threat60_closure,1,6,1.0,141310580,rev0099_expanded_matrix_refresh,20,0,pub_threat60_closure,pub_threat40_pressure,False,10,1
262,1,pub_threat40_pressure,public_decision_frame+information_state,player_1_life_total_zero_or_less,pub_threat60_closure,1,6,0.0,412230255,rev0099_expanded_matrix_refresh,20,1,pub_threat60_closure,pub_threat40_pressure,False,18,0
128,0,pub_threat40_pressure,public_decision_frame+information_state,player_0_life_total_zero_or_less,pub_threat60_closure,0,7,0.0,1559839533,rev0099_expanded_matrix_refresh,20,0,pub_threat40_pressure,pub_threat60_closure,False,9,1
156,0,pub_threat40_pressure,public_decision_frame+information_state,player_0_life_total_zero_or_less,pub_threat60_closure,0,7,0.0,24397140,rev0099_expanded_matrix_refresh,20,1,pub_threat40_pressure,pub_threat60_closure,False,14,1
113,1,pub_threat40_pressure,public_decision_frame+information_state,player_0_life_total_zero_or_less,pub_threat60_closure,1,7,1.0,487489499,rev0099_expanded_matrix_refresh,20,0,pub_threat60_closure,pub_threat40_pressure,False,9,1
127,1,pub_threat40_pressure,public_decision_frame+information_state,player_1_life_total_zero_or_less,pub_threat60_closure,1,7,0.0,92631281,rev0099_expanded_matrix_refresh,20,1,pub_threat60_closure,pub_threat40_pressure,False,12,0
144,0,pub_threat40_pressure,public_decision_frame+information_state,player_0_life_total_zero_or_less,pub_threat60_closure,0,8,0.0,175814614,rev0099_expanded_matrix_refresh,20,0,pub_threat40_pressure,pub_threat60_closure,False,11,1
128,0,pub_threat40_pressure,public_decision_frame+information_state,player_0_life_total_zero_or_less,pub_threat60_closure,0,8,0.0,223643564,rev0099_expanded_matrix_refresh,20,1,pub_threat40_pressure,pub_threat60_closure,False,9,1
92,1,pub_threat40_pressure,public_decision_frame+information_state,player_1_life_total_zero_or_less,pub_threat60_closure,1,8,0.0,1050605236,rev0099_expanded_matrix_refresh,20,0,pub_threat60_closure,pub_threat40_pressure,False,8,0
90,1,pub_threat40_pressure,public_decision_frame+information_state,player_0_life_total_zero_or_less,pub_threat60_closure,1,8,1.0,1893758441,rev0099_expanded_matrix_refresh,20,1,pub_threat60_closure,pub_threat40_pressure,False,8,1
137,0,pub_threat40_pressure,public_decision_frame+information_state,player_1_life_total_zero_or_less,pub_threat60_closure,0,9,1.0,175295210,rev0099_expanded_matrix_refresh,20,0,pub_threat40_pressure,pub_threat60_closure,False,10,0
211,0,pub_threat40_pressure,public_decision_frame+information_state,player_0_life_total_zero_or_less,pub_threat60_closure,0,9,0.0,254902457,rev0099_expanded_matrix_refresh,20,1,pub_threat40_pressure,pub_threat60_closure,False,12,1
122,1,pub_threat40_pressure,public_decision_frame+information_state,player_1_life_total_zero_or_less,pub_threat60_closure,1,9,0.0,1245059668,rev0099_expanded_matrix_refresh,20,0,pub_threat60_closure,pub_threat40_pressure,False,10,0
128,1,pub_threat40_pressure,public_decision_frame+information_state,player_1_life_total_zero_or_less,pub_threat60_closure,1,9,0.0,1781582264,rev0099_expanded_matrix_refresh,20,1,pub_threat60_closure,pub_threat40_pressure,False,11,0
182,0,pub_threat40_pressure,public_decision_frame+information_state,player_0_attempted_to_draw_from_empty_library,pub_threat60_closure,0,0,0.0,1755487341,rev0099_expanded_matrix_refresh,40,0,pub_threat40_pressure,pub_threat60_closure,False,15,1
204,0,pub_threat40_pressure,public_decision_frame+information_state,player_0_life_total_zero_or_less,pub_threat60_closure,0,0,0.0,1721598881,rev0099_expanded_matrix_refresh,40,1,pub_threat40_pressure,pub_threat60_closure,False,16,1
139,1,pub_threat40_pressure,public_decision_frame+information_state,player_0_life_total_zero_or_less,pub_threat60_closure,1,0,1.0,301450955,rev0099_expanded_matrix_refresh,40,0,pub_threat60_closure,pub_threat40_pressure,False,11,1
161,1,pub_threat40_pressure,public_decision_frame+information_state,player_1_life_total_zero_or_less,pub_threat60_closure,1,0,0.0,616686239,rev0099_expanded_matrix_refresh,40,1,pub_threat60_closure,pub_threat40_pressure,False,13,0
164,0,pub_threat40_pressure,public_decision_frame+information_state,player_1_life_total_zero_or_less,pub_threat60_closure,0,1,1.0,1838385933,rev0099_expanded_matrix_refresh,40,0,pub_threat40_pressure,pub_threat60_closure,False,11,0
230,0,pub_threat40_pressure,public_decision_frame+information_state,player_0_life_total_zero_or_less,pub_threat60_closure,0,1,0.0,1794819841,rev0099_expanded_matrix_refresh,40,1,pub_threat40_pressure,pub_threat60_closure,False,15,1
177,1,pub_threat40_pressure,public_decision_frame+information_state,player_1_life_total_zero_or_less,pub_threat60_closure,1,1,0.0,1259587888,rev0099_expanded_matrix_refresh,40,0,pub_threat60_closure,pub_threat40_pressure,False,13,0
190,1,pub_threat40_pressure,public_decision_frame+information_state,player_1_life_total_zero_or_less,pub_threat60_closure,1,1,0.0,354854383,rev0099_expanded_matrix_refresh,40,1,pub_threat60_closure,pub_threat40_pressure,False,12,0
128,0,pub_threat40_pressure,public_decision_frame+information_state,player_1_attempted_to_draw_from_empty_library,pub_threat60_closure,0,2,1.0,376027977,rev0099_expanded_matrix_refresh,40,0,pub_threat40_pressure,pub_threat60_closure,False,12,0
148,0,pub_threat40_pressure,public_decision_frame+information_state,player_0_attempted_to_draw_from_empty_library,pub_threat60_closure,0,2,0.0,1170220093,rev0099_expanded_matrix_refresh,40,1,pub_threat40_pressure,pub_threat60_closure,False,15,1
264,1,pub_threat40_pressure,public_decision_frame+information_state,player_1_attempted_to_draw_from_empty_library,pub_threat60_closure,1,2,0.0,1429644930,rev0099_expanded_matrix_refresh,40,0,pub_threat60_closure,pub_threat40_pressure,False,18,0
205,1,pub_threat40_pressure,public_decision_frame+information_state,player_1_life_total_zero_or_less,pub_threat60_closure,1,2,0.0,1037110438,rev0099_expanded_matrix_refresh,40,1,pub_threat60_closure,pub_threat40_pressure,False,15,0
131,0,pub_threat40_pressure,public_decision_frame+information_state,player_1_life_total_zero_or_less,pub_threat60_closure,0,3,1.0,369816341,rev0099_expanded_matrix_refresh,40,0,pub_threat40_pressure,pub_threat60_closure,False,11,0
160,0,pub_threat40_pressure,public_decision_frame+information_state,player_0_life_total_zero_or_less,pub_threat60_closure,0,3,0.0,1335472064,rev0099_expanded_matrix_refresh,40,1,pub_threat40_pressure,pub_threat60_closure,False,10,1
179,1,pub_threat40_pressure,public_decision_frame+information_state,player_1_life_total_zero_or_less,pub_threat60_closure,1,3,0.0,120733335,rev0099_expanded_matrix_refresh,40,0,pub_threat60_closure,pub_threat40_pressure,False,12,0
200,1,pub_threat40_pressure,public_decision_frame+information_state,player_1_attempted_to_draw_from_empty_library,pub_threat60_closure,1,3,0.0,42705303,rev0099_expanded_matrix_refresh,40,1,pub_threat60_closure,pub_threat40_pressure,False,19,0
205,0,pub_threat40_pressure,public_decision_frame+information_state,player_0_life_total_zero_or_less,pub_threat60_closure,0,4,0.0,585585253,rev0099_expanded_matrix_refresh,40,0,pub_threat40_pressure,pub_threat60_closure,False,13,1
176,0,pub_threat40_pressure,public_decision_frame+information_state,player_0_life_total_zero_or_less,pub_threat60_closure,0,4,0.0,1647243909,rev0099_expanded_matrix_refresh,40,1,pub_threat40_pressure,pub_threat60_closure,False,12,1
201,1,pub_threat40_pressure,public_decision_frame+information_state,player_1_life_total_zero_or_less,pub_threat60_closure,1,4,0.0,1615829481,rev0099_expanded_matrix_refresh,40,0,pub_threat60_closure,pub_threat40_pressure,False,16,0
134,1,pub_threat40_pressure,public_decision_frame+information_state,player_1_life_total_zero_or_less,pub_threat60_closure,1,4,0.0,1908245643,rev0099_expanded_matrix_refresh,40,1,pub_threat60_closure,pub_threat40_pressure,False,10,0
179,0,pub_threat40_pressure,public_decision_frame+information_state,player_0_life_total_zero_or_less,pub_threat60_closure,0,5,0.0,765349990,rev0099_expanded_matrix_refresh,40,0,pub_threat40_pressure,pub_threat60_closure,False,12,1
268,0,pub_threat40_pressure,public_decision_frame+information_state,player_1_attempted_to_draw_from_empty_library,pub_threat60_closure,0,5,1.0,1660712648,rev0099_expanded_matrix_refresh,40,1,pub_threat40_pressure,pub_threat60_closure,False,17,0
159,1,pub_threat40_pressure,public_decision_frame+information_state,player_0_life_total_zero_or_less,pub_threat60_closure,1,5,1.0,1786988783,rev0099_expanded_matrix_refresh,40,0,pub_threat60_closure,pub_threat40_pressure,False,14,1
147,1,pub_threat40_pressure,public_decision_frame+information_state,player_1_life_total_zero_or_less,pub_threat60_closure,1,5,0.0,895906002,rev0099_expanded_matrix_refresh,40,1,pub_threat60_closure,pub_threat40_pressure,False,12,0
188,0,pub_threat40_pressure,public_decision_frame+information_state,player_0_life_total_zero_or_less,pub_threat60_closure,0,6,0.0,90783959,rev0099_expanded_matrix_refresh,40,0,pub_threat40_pressure,pub_threat60_closure,False,12,1
232,0,pub_threat40_pressure,public_decision_frame+information_state,player_0_life_total_zero_or_less,pub_threat60_closure,0,6,0.0,555377521,rev0099_expanded_matrix_refresh,40,1,pub_threat40_pressure,pub_threat60_closure,False,16,1
159,1,pub_threat40_pressure,public_decision_frame+information_state,player_1_attempted_to_draw_from_empty_library,pub_threat60_closure,1,6,0.0,164410393,rev0099_expanded_matrix_refresh,40,0,pub_threat60_closure,pub_threat40_pressure,False,14,0
206,1,pub_threat40_pressure,public_decision_frame+information_state,player_1_attempted_to_draw_from_empty_library,pub_threat60_closure,1,6,0.0,1929321977,rev0099_expanded_matrix_refresh,40,1,pub_threat60_closure,pub_threat40_pressure,False,18,0
232,0,pub_threat40_pressure,public_decision_frame+information_state,player_0_life_total_zero_or_less,pub_threat60_closure,0,7,0.0,1483169047,rev0099_expanded_matrix_refresh,40,0,pub_threat40_pressure,pub_threat60_closure,False,16,1
120,0,pub_threat40_pressure,public_decision_frame+information_state,player_1_life_total_zero_or_less,pub_threat60_closure,0,7,1.0,1427257710,rev0099_expanded_matrix_refresh,40,1,pub_threat40_pressure,pub_threat60_closure,False,11,0
143,1,pub_threat40_pressure,public_decision_frame+information_state,player_0_life_total_zero_or_less,pub_threat60_closure,1,7,1.0,1865996511,rev0099_expanded_matrix_refresh,40,0,pub_threat60_closure,pub_threat40_pressure,False,10,1
256,1,pub_threat40_pressure,public_decision_frame+information_state,player_1_attempted_to_draw_from_empty_library,pub_threat60_closure,1,7,0.0,1732847178,rev0099_expanded_matrix_refresh,40,1,pub_threat60_closure,pub_threat40_pressure,False,17,0
238,0,pub_threat40_pressure,public_decision_frame+information_state,player_1_attempted_to_draw_from_empty_library,pub_threat60_closure,0,8,1.0,329287868,rev0099_expanded_matrix_refresh,40,0,pub_threat40_pressure,pub_threat60_closure,False,20,0
154,0,pub_threat40_pressure,public_decision_frame+information_state,player_0_life_total_zero_or_less,pub_threat60_closure,0,8,0.0,171737105,rev0099_expanded_matrix_refresh,40,1,pub_threat40_pressure,pub_threat60_closure,False,10,1
171,1,pub_threat40_pressure,public_decision_frame+information_state,player_1_life_total_zero_or_less,pub_threat60_closure,1,8,0.0,323324965,rev0099_expanded_matrix_refresh,40,0,pub_threat60_closure,pub_threat40_pressure,False,12,0
187,1,pub_threat40_pressure,public_decision_frame+information_state,player_1_life_total_zero_or_less,pub_threat60_closure,1,8,0.0,1138220430,rev0099_expanded_matrix_refresh,40,1,pub_threat60_closure,pub_threat40_pressure,False,14,0
184,0,pub_threat40_pressure,public_decision_frame+information_state,player_0_life_total_zero_or_less,pub_threat60_closure,0,9,0.0,954288187,rev0099_expanded_matrix_refresh,40,0,pub_threat40_pressure,pub_threat60_closure,False,14,1
185,0,pub_threat40_pressure,public_decision_frame+information_state,player_0_attempted_to_draw_from_empty_library,pub_threat60_closure,0,9,0.0,1634725919,rev0099_expanded_matrix_refresh,40,1,pub_threat40_pressure,pub_threat60_closure,False,17,1
210,1,pub_threat40_pressure,public_decision_frame+information_state,player_1_life_total_zero_or_less,pub_threat60_closure,1,9,0.0,1279982660,rev0099_expanded_matrix_refresh,40,0,pub_threat60_closure,pub_threat40_pressure,False,17,0
173,1,pub_threat40_pressure,public_decision_frame+information_state,player_0_life_total_zero_or_less,pub_threat60_closure,1,9,1.0,552934625,rev0099_expanded_matrix_refresh,40,1,pub_threat60_closure,pub_threat40_pressure,False,12,1
110,0,pub_threat40_pressure,public_decision_frame+information_state,player_1_life_total_zero_or_less,pub_threat60_pressure,0,0,1.0,1868900720,rev0099_expanded_matrix_refresh,20,0,pub_threat40_pressure,pub_threat60_pressure,False,9,0
131,0,pub_threat40_pressure,public_decision_frame+information_state,player_0_attempted_to_draw_from_empty_library,pub_threat60_pressure,0,0,0.0,885718316,rev0099_expanded_matrix_refresh,20,1,pub_threat40_pressure,pub_threat60_pressure,False,12,1
131,1,pub_threat40_pressure,public_decision_frame+information_state,player_1_life_total_zero_or_less,pub_threat60_pressure,1,0,0.0,1652881826,rev0099_expanded_matrix_refresh,20,0,pub_threat60_pressure,pub_threat40_pressure,False,11,0
111,1,pub_threat40_pressure,public_decision_frame+information_state,player_0_life_total_zero_or_less,pub_threat60_pressure,1,0,1.0,363161324,rev0099_expanded_matrix_refresh,20,1,pub_threat60_pressure,pub_threat40_pressure,False,9,1
120,0,pub_threat40_pressure,public_decision_frame+information_state,player_1_life_total_zero_or_less,pub_threat60_pressure,0,1,1.0,1023870511,rev0099_expanded_matrix_refresh,20,0,pub_threat40_pressure,pub_threat60_pressure,False,9,0
126,0,pub_threat40_pressure,public_decision_frame+information_state,player_0_life_total_zero_or_less,pub_threat60_pressure,0,1,0.0,1038166113,rev0099_expanded_matrix_refresh,20,1,pub_threat40_pressure,pub_threat60_pressure,False,10,1
116,1,pub_threat40_pressure,public_decision_frame+information_state,player_1_life_total_zero_or_less,pub_threat60_pressure,1,1,0.0,826791167,rev0099_expanded_matrix_refresh,20,0,pub_threat60_pressure,pub_threat40_pressure,False,9,0
142,1,pub_threat40_pressure,public_decision_frame+information_state,player_1_life_total_zero_or_less,pub_threat60_pressure,1,1,0.0,1083954446,rev0099_expanded_matrix_refresh,20,1,pub_threat60_pressure,pub_threat40_pressure,False,10,0
120,0,pub_threat40_pressure,public_decision_frame+information_state,player_0_life_total_zero_or_less,pub_threat60_pressure,0,2,0.0,764026488,rev0099_expanded_matrix_refresh,20,0,pub_threat40_pressure,pub_threat60_pressure,False,10,1
251,0,pub_threat40_pressure,public_decision_frame+information_state,player_0_life_total_zero_or_less,pub_threat60_pressure,0,2,0.0,185050928,rev0099_expanded_matrix_refresh,20,1,pub_threat40_pressure,pub_threat60_pressure,False,22,1
107,1,pub_threat40_pressure,public_decision_frame+information_state,player_0_life_total_zero_or_less,pub_threat60_pressure,1,2,1.0,1330496450,rev0099_expanded_matrix_refresh,20,0,pub_threat60_pressure,pub_threat40_pressure,False,10,1
135,1,pub_threat40_pressure,public_decision_frame+information_state,player_1_life_total_zero_or_less,pub_threat60_pressure,1,2,0.0,668300085,rev0099_expanded_matrix_refresh,20,1,pub_threat60_pressure,pub_threat40_pressure,False,11,0
130,0,pub_threat40_pressure,public_decision_frame+information_state,player_0_life_total_zero_or_less,pub_threat60_pressure,0,3,0.0,1771995731,rev0099_expanded_matrix_refresh,20,0,pub_threat40_pressure,pub_threat60_pressure,False,10,1
114,0,pub_threat40_pressure,public_decision_frame+information_state,player_0_life_total_zero_or_less,pub_threat60_pressure,0,3,0.0,1847245378,rev0099_expanded_matrix_refresh,20,1,pub_threat40_pressure,pub_threat60_pressure,False,9,1
143,1,pub_threat40_pressure,public_decision_frame+information_state,player_1_life_total_zero_or_less,pub_threat60_pressure,1,3,0.0,267115106,rev0099_expanded_matrix_refresh,20,0,pub_threat60_pressure,pub_threat40_pressure,False,11,0
105,1,pub_threat40_pressure,public_decision_frame+information_state,player_0_life_total_zero_or_less,pub_threat60_pressure,1,3,1.0,269648035,rev0099_expanded_matrix_refresh,20,1,pub_threat60_pressure,pub_threat40_pressure,False,9,1
120,0,pub_threat40_pressure,public_decision_frame+information_state,player_1_life_total_zero_or_less,pub_threat60_pressure,0,4,1.0,575731214,rev0099_expanded_matrix_refresh,20,0,pub_threat40_pressure,pub_threat60_pressure,False,9,0
133,0,pub_threat40_pressure,public_decision_frame+information_state,player_1_life_total_zero_or_less,pub_threat60_pressure,0,4,1.0,1001108027,rev0099_expanded_matrix_refresh,20,1,pub_threat40_pressure,pub_threat60_pressure,False,10,0
117,1,pub_threat40_pressure,public_decision_frame+information_state,player_1_life_total_zero_or_less,pub_threat60_pressure,1,4,0.0,1922569374,rev0099_expanded_matrix_refresh,20,0,pub_threat60_pressure,pub_threat40_pressure,False,8,0
85,1,pub_threat40_pressure,public_decision_frame+information_state,player_1_life_total_zero_or_less,pub_threat60_pressure,1,4,0.0,134404171,rev0099_expanded_matrix_refresh,20,1,pub_threat60_pressure,pub_threat40_pressure,False,9,0
115,0,pub_threat40_pressure,public_decision_frame+information_state,player_1_life_total_zero_or_less,pub_threat60_pressure,0,5,1.0,708113573,rev0099_expanded_matrix_refresh,20,0,pub_threat40_pressure,pub_threat60_pressure,False,9,0
123,0,pub_threat40_pressure,public_decision_frame+information_state,player_1_life_total_zero_or_less,pub_threat60_pressure,0,5,1.0,507218653,rev0099_expanded_matrix_refresh,20,1,pub_threat40_pressure,pub_threat60_pressure,False,11,0
128,1,pub_threat40_pressure,public_decision_frame+information_state,player_1_life_total_zero_or_less,pub_threat60_pressure,1,5,0.0,1182532302,rev0099_expanded_matrix_refresh,20,0,pub_threat60_pressure,pub_threat40_pressure,False,9,0
124,1,pub_threat40_pressure,public_decision_frame+information_state,player_0_attempted_to_draw_from_empty_library,pub_threat60_pressure,1,5,1.0,1341708315,rev0099_expanded_matrix_refresh,20,1,pub_threat60_pressure,pub_threat40_pressure,False,10,1
130,0,pub_threat40_pressure,public_decision_frame+information_state,player_1_life_total_zero_or_less,pub_threat60_pressure,0,6,1.0,1233769239,rev0099_expanded_matrix_refresh,20,0,pub_threat40_pressure,pub_threat60_pressure,False,12,0
112,0,pub_threat40_pressure,public_decision_frame+information_state,player_0_life_total_zero_or_less,pub_threat60_pressure,0,6,0.0,733141812,rev0099_expanded_matrix_refresh,20,1,pub_threat40_pressure,pub_threat60_pressure,False,11,1
132,1,pub_threat40_pressure,public_decision_frame+information_state,player_0_life_total_zero_or_less,pub_threat60_pressure,1,6,1.0,1244416582,rev0099_expanded_matrix_refresh,20,0,pub_threat60_pressure,pub_threat40_pressure,False,10,1
179,1,pub_threat40_pressure,public_decision_frame+information_state,player_0_attempted_to_draw_from_empty_library,pub_threat60_pressure,1,6,1.0,1401461823,rev0099_expanded_matrix_refresh,20,1,pub_threat60_pressure,pub_threat40_pressure,False,15,1
146,0,pub_threat40_pressure,public_decision_frame+information_state,player_1_attempted_to_draw_from_empty_library,pub_threat60_pressure,0,7,1.0,1785036440,rev0099_expanded_matrix_refresh,20,0,pub_threat40_pressure,pub_threat60_pressure,False,14,0
129,0,pub_threat40_pressure,public_decision_frame+information_state,player_1_life_total_zero_or_less,pub_threat60_pressure,0,7,1.0,256030144,rev0099_expanded_matrix_refresh,20,1,pub_threat40_pressure,pub_threat60_pressure,False,10,0
129,1,pub_threat40_pressure,public_decision_frame+information_state,player_0_life_total_zero_or_less,pub_threat60_pressure,1,7,1.0,964801719,rev0099_expanded_matrix_refresh,20,0,pub_threat60_pressure,pub_threat40_pressure,False,10,1
92,1,pub_threat40_pressure,public_decision_frame+information_state,player_0_life_total_zero_or_less,pub_threat60_pressure,1,7,1.0,1782059890,rev0099_expanded_matrix_refresh,20,1,pub_threat60_pressure,pub_threat40_pressure,False,7,1
168,0,pub_threat40_pressure,public_decision_frame+information_state,player_0_life_total_zero_or_less,pub_threat60_pressure,0,8,0.0,1544022773,rev0099_expanded_matrix_refresh,20,0,pub_threat40_pressure,pub_threat60_pressure,False,13,1
154,0,pub_threat40_pressure,public_decision_frame+information_state,player_1_life_total_zero_or_less,pub_threat60_pressure,0,8,1.0,896419249,rev0099_expanded_matrix_refresh,20,1,pub_threat40_pressure,pub_threat60_pressure,False,14,0
114,1,pub_threat40_pressure,public_decision_frame+information_state,player_1_life_total_zero_or_less,pub_threat60_pressure,1,8,0.0,980646369,rev0099_expanded_matrix_refresh,20,0,pub_threat60_pressure,pub_threat40_pressure,False,11,0
136,1,pub_threat40_pressure,public_decision_frame+information_state,player_1_life_total_zero_or_less,pub_threat60_pressure,1,8,0.0,284859016,rev0099_expanded_matrix_refresh,20,1,pub_threat60_pressure,pub_threat40_pressure,False,11,0
216,0,pub_threat40_pressure,public_decision_frame+information_state,player_0_attempted_to_draw_from_empty_library,pub_threat60_pressure,0,9,0.0,354903039,rev0099_expanded_matrix_refresh,20,0,pub_threat40_pressure,pub_threat60_pressure,False,17,1
94,0,pub_threat40_pressure,public_decision_frame+information_state,player_1_life_total_zero_or_less,pub_threat60_pressure,0,9,1.0,1387086118,rev0099_expanded_matrix_refresh,20,1,pub_threat40_pressure,pub_threat60_pressure,False,10,0
117,1,pub_threat40_pressure,public_decision_frame+information_state,player_0_life_total_zero_or_less,pub_threat60_pressure,1,9,1.0,1794834064,rev0099_expanded_matrix_refresh,20,0,pub_threat60_pressure,pub_threat40_pressure,False,8,1
140,1,pub_threat40_pressure,public_decision_frame+information_state,player_1_life_total_zero_or_less,pub_threat60_pressure,1,9,0.0,1732199007,rev0099_expanded_matrix_refresh,20,1,pub_threat60_pressure,pub_threat40_pressure,False,11,0
150,0,pub_threat40_pressure,public_decision_frame+information_state,player_0_life_total_zero_or_less,pub_threat60_pressure,0,0,0.0,423428150,rev0099_expanded_matrix_refresh,40,0,pub_threat40_pressure,pub_threat60_pressure,False,9,1
142,0,pub_threat40_pressure,public_decision_frame+information_state,player_1_attempted_to_draw_from_empty_library,pub_threat60_pressure,0,0,1.0,972746439,rev0099_expanded_matrix_refresh,40,1,pub_threat40_pressure,pub_threat60_pressure,False,12,0
128,1,pub_threat40_pressure,public_decision_frame+information_state,player_0_life_total_zero_or_less,pub_threat60_pressure,1,0,1.0,1413749010,rev0099_expanded_matrix_refresh,40,0,pub_threat60_pressure,pub_threat40_pressure,False,10,1
188,1,pub_threat40_pressure,public_decision_frame+information_state,player_1_life_total_zero_or_less,pub_threat60_pressure,1,0,0.0,1390885727,rev0099_expanded_matrix_refresh,40,1,pub_threat60_pressure,pub_threat40_pressure,False,16,0
163,0,pub_threat40_pressure,public_decision_frame+information_state,player_0_life_total_zero_or_less,pub_threat60_pressure,0,1,0.0,75135356,rev0099_expanded_matrix_refresh,40,0,pub_threat40_pressure,pub_threat60_pressure,False,12,1
141,0,pub_threat40_pressure,public_decision_frame+information_state,player_1_life_total_zero_or_less,pub_threat60_pressure,0,1,1.0,926144434,rev0099_expanded_matrix_refresh,40,1,pub_threat40_pressure,pub_threat60_pressure,False,13,0
213,1,pub_threat40_pressure,public_decision_frame+information_state,player_1_attempted_to_draw_from_empty_library,pub_threat60_pressure,1,1,0.0,914303252,rev0099_expanded_matrix_refresh,40,0,pub_threat60_pressure,pub_threat40_pressure,False,16,0
252,1,pub_threat40_pressure,public_decision_frame+information_state,player_1_life_total_zero_or_less,pub_threat60_pressure,1,1,0.0,572161340,rev0099_expanded_matrix_refresh,40,1,pub_threat60_pressure,pub_threat40_pressure,False,19,0
110,0,pub_threat40_pressure,public_decision_frame+information_state,player_1_life_total_zero_or_less,pub_threat60_pressure,0,2,1.0,1514658855,rev0099_expanded_matrix_refresh,40,0,pub_threat40_pressure,pub_threat60_pressure,False,9,0
147,0,pub_threat40_pressure,public_decision_frame+information_state,player_1_life_total_zero_or_less,pub_threat60_pressure,0,2,1.0,520297136,rev0099_expanded_matrix_refresh,40,1,pub_threat40_pressure,pub_threat60_pressure,False,12,0
185,1,pub_threat40_pressure,public_decision_frame+information_state,player_1_attempted_to_draw_from_empty_library,pub_threat60_pressure,1,2,0.0,399950583,rev0099_expanded_matrix_refresh,40,0,pub_threat60_pressure,pub_threat40_pressure,False,14,0
163,1,pub_threat40_pressure,public_decision_frame+information_state,player_0_life_total_zero_or_less,pub_threat60_pressure,1,2,1.0,602729436,rev0099_expanded_matrix_refresh,40,1,pub_threat60_pressure,pub_threat40_pressure,False,14,1
153,0,pub_threat40_pressure,public_decision_frame+information_state,player_0_life_total_zero_or_less,pub_threat60_pressure,0,3,0.0,854836012,rev0099_expanded_matrix_refresh,40,0,pub_threat40_pressure,pub_threat60_pressure,False,10,1
131,0,pub_threat40_pressure,public_decision_frame+information_state,player_1_attempted_to_draw_from_empty_library,pub_threat60_pressure,0,3,1.0,230691588,rev0099_expanded_matrix_refresh,40,1,pub_threat40_pressure,pub_threat60_pressure,False,11,0
210,1,pub_threat40_pressure,public_decision_frame+information_state,player_1_attempted_to_draw_from_empty_library,pub_threat60_pressure,1,3,0.0,358845532,rev0099_expanded_matrix_refresh,40,0,pub_threat60_pressure,pub_threat40_pressure,False,16,0
146,1,pub_threat40_pressure,public_decision_frame+information_state,player_1_life_total_zero_or_less,pub_threat60_pressure,1,3,0.0,1174626639,rev0099_expanded_matrix_refresh,40,1,pub_threat60_pressure,pub_threat40_pressure,False,12,0
112,0,pub_threat40_pressure,public_decision_frame+information_state,player_1_life_total_zero_or_less,pub_threat60_pressure,0,4,1.0,1664118756,rev0099_expanded_matrix_refresh,40,0,pub_threat40_pressure,pub_threat60_pressure,False,10,0
157,0,pub_threat40_pressure,public_decision_frame+information_state,player_1_life_total_zero_or_less,pub_threat60_pressure,0,4,1.0,1286977535,rev0099_expanded_matrix_refresh,40,1,pub_threat40_pressure,pub_threat60_pressure,False,12,0
139,1,pub_threat40_pressure,public_decision_frame+information_state,player_1_life_total_zero_or_less,pub_threat60_pressure,1,4,0.0,336406198,rev0099_expanded_matrix_refresh,40,0,pub_threat60_pressure,pub_threat40_pressure,False,10,0
216,1,pub_threat40_pressure,public_decision_frame+information_state,player_1_attempted_to_draw_from_empty_library,pub_threat60_pressure,1,4,0.0,1418169161,rev0099_expanded_matrix_refresh,40,1,pub_threat60_pressure,pub_threat40_pressure,False,19,0
277,0,pub_threat40_pressure,public_decision_frame+information_state,player_0_attempted_to_draw_from_empty_library,pub_threat60_pressure,0,5,0.0,1978571613,rev0099_expanded_matrix_refresh,40,0,pub_threat40_pressure,pub_threat60_pressure,False,25,1
260,0,pub_threat40_pressure,public_decision_frame+information_state,player_0_attempted_to_draw_from_empty_library,pub_threat60_pressure,0,5,0.0,1490797824,rev0099_expanded_matrix_refresh,40,1,pub_threat40_pressure,pub_threat60_pressure,False,17,1
136,1,pub_threat40_pressure,public_decision_frame+information_state,player_1_life_total_zero_or_less,pub_threat60_pressure,1,5,0.0,433091311,rev0099_expanded_matrix_refresh,40,0,pub_threat60_pressure,pub_threat40_pressure,False,11,0
190,1,pub_threat40_pressure,public_decision_frame+information_state,player_1_attempted_to_draw_from_empty_library,pub_threat60_pressure,1,5,0.0,1310472682,rev0099_expanded_matrix_refresh,40,1,pub_threat60_pressure,pub_threat40_pressure,False,15,0
161,0,pub_threat40_pressure,public_decision_frame+information_state,player_1_life_total_zero_or_less,pub_threat60_pressure,0,6,1.0,344873152,rev0099_expanded_matrix_refresh,40,0,pub_threat40_pressure,pub_threat60_pressure,False,12,0
169,0,pub_threat40_pressure,public_decision_frame+information_state,player_1_life_total_zero_or_less,pub_threat60_pressure,0,6,1.0,1026650043,rev0099_expanded_matrix_refresh,40,1,pub_threat40_pressure,pub_threat60_pressure,False,14,0
192,1,pub_threat40_pressure,public_decision_frame+information_state,player_1_life_total_zero_or_less,pub_threat60_pressure,1,6,0.0,1911560474,rev0099_expanded_matrix_refresh,40,0,pub_threat60_pressure,pub_threat40_pressure,False,15,0
251,1,pub_threat40_pressure,public_decision_frame+information_state,player_1_life_total_zero_or_less,pub_threat60_pressure,1,6,0.0,1224359439,rev0099_expanded_matrix_refresh,40,1,pub_threat60_pressure,pub_threat40_pressure,False,21,0
206,0,pub_threat40_pressure,public_decision_frame+information_state,player_0_life_total_zero_or_less,pub_threat60_pressure,0,7,0.0,852056990,rev0099_expanded_matrix_refresh,40,0,pub_threat40_pressure,pub_threat60_pressure,False,13,1
212,0,pub_threat40_pressure,public_decision_frame+information_state,player_0_attempted_to_draw_from_empty_library,pub_threat60_pressure,0,7,0.0,1304690595,rev0099_expanded_matrix_refresh,40,1,pub_threat40_pressure,pub_threat60_pressure,False,15,1
142,1,pub_threat40_pressure,public_decision_frame+information_state,player_0_life_total_zero_or_less,pub_threat60_pressure,1,7,1.0,52716903,rev0099_expanded_matrix_refresh,40,0,pub_threat60_pressure,pub_threat40_pressure,False,10,1
139,1,pub_threat40_pressure,public_decision_frame+information_state,player_0_life_total_zero_or_less,pub_threat60_pressure,1,7,1.0,1863893958,rev0099_expanded_matrix_refresh,40,1,pub_threat60_pressure,pub_threat40_pressure,False,13,1
154,0,pub_threat40_pressure,public_decision_frame+information_state,player_0_life_total_zero_or_less,pub_threat60_pressure,0,8,0.0,515492690,rev0099_expanded_matrix_refresh,40,0,pub_threat40_pressure,pub_threat60_pressure,False,11,1
218,0,pub_threat40_pressure,public_decision_frame+information_state,player_0_attempted_to_draw_from_empty_library,pub_threat60_pressure,0,8,0.0,196001220,rev0099_expanded_matrix_refresh,40,1,pub_threat40_pressure,pub_threat60_pressure,False,17,1
196,1,pub_threat40_pressure,public_decision_frame+information_state,player_1_life_total_zero_or_less,pub_threat60_pressure,1,8,0.0,668261988,rev0099_expanded_matrix_refresh,40,0,pub_threat60_pressure,pub_threat40_pressure,False,16,0
109,1,pub_threat40_pressure,public_decision_frame+information_state,player_1_life_total_zero_or_less,pub_threat60_pressure,1,8,0.0,1576768674,rev0099_expanded_matrix_refresh,40,1,pub_threat60_pressure,pub_threat40_pressure,False,10,0
190,0,pub_threat40_pressure,public_decision_frame+information_state,player_0_life_total_zero_or_less,pub_threat60_pressure,0,9,0.0,440609971,rev0099_expanded_matrix_refresh,40,0,pub_threat40_pressure,pub_threat60_pressure,False,14,1
208,0,pub_threat40_pressure,public_decision_frame+information_state,player_0_life_total_zero_or_less,pub_threat60_pressure,0,9,0.0,1976958413,rev0099_expanded_matrix_refresh,40,1,pub_threat40_pressure,pub_threat60_pressure,False,15,1
218,1,pub_threat40_pressure,public_decision_frame+information_state,player_1_attempted_to_draw_from_empty_library,pub_threat60_pressure,1,9,0.0,1636369898,rev0099_expanded_matrix_refresh,40,0,pub_threat60_pressure,pub_threat40_pressure,False,16,0
139,1,pub_threat40_pressure,public_decision_frame+information_state,player_1_life_total_zero_or_less,pub_threat60_pressure,1,9,0.0,1093500212,rev0099_expanded_matrix_refresh,40,1,pub_threat60_pressure,pub_threat40_pressure,False,12,0
139,0,pub_threat40_pressure,public_decision_frame+information_state,player_0_life_total_zero_or_less,pub_threat60_surge,0,0,0.0,509378547,rev0099_expanded_matrix_refresh,20,0,pub_threat40_pressure,pub_threat60_surge,False,9,1
192,0,pub_threat40_pressure,public_decision_frame+information_state,player_1_attempted_to_draw_from_empty_library,pub_threat60_surge,0,0,1.0,1568237046,rev0099_expanded_matrix_refresh,20,1,pub_threat40_pressure,pub_threat60_surge,False,14,0
106,1,pub_threat40_pressure,public_decision_frame+information_state,player_0_life_total_zero_or_less,pub_threat60_surge,1,0,1.0,1057117681,rev0099_expanded_matrix_refresh,20,0,pub_threat60_surge,pub_threat40_pressure,False,8,1
150,1,pub_threat40_pressure,public_decision_frame+information_state,player_1_life_total_zero_or_less,pub_threat60_surge,1,0,0.0,927261340,rev0099_expanded_matrix_refresh,20,1,pub_threat60_surge,pub_threat40_pressure,False,11,0
198,0,pub_threat40_pressure,public_decision_frame+information_state,player_0_attempted_to_draw_from_empty_library,pub_threat60_surge,0,1,0.0,932797965,rev0099_expanded_matrix_refresh,20,0,pub_threat40_pressure,pub_threat60_surge,False,15,1
117,0,pub_threat40_pressure,public_decision_frame+information_state,player_1_life_total_zero_or_less,pub_threat60_surge,0,1,1.0,471611510,rev0099_expanded_matrix_refresh,20,1,pub_threat40_pressure,pub_threat60_surge,False,9,0
144,1,pub_threat40_pressure,public_decision_frame+information_state,player_0_life_total_zero_or_less,pub_threat60_surge,1,1,1.0,1856154273,rev0099_expanded_matrix_refresh,20,0,pub_threat60_surge,pub_threat40_pressure,False,13,1
122,1,pub_threat40_pressure,public_decision_frame+information_state,player_0_life_total_zero_or_less,pub_threat60_surge,1,1,1.0,570103219,rev0099_expanded_matrix_refresh,20,1,pub_threat60_surge,pub_threat40_pressure,False,11,1
113,0,pub_threat40_pressure,public_decision_frame+information_state,player_1_life_total_zero_or_less,pub_threat60_surge,0,2,1.0,305696763,rev0099_expanded_matrix_refresh,20,0,pub_threat40_pressure,pub_threat60_surge,False,9,0
115,0,pub_threat40_pressure,public_decision_frame+information_state,player_0_life_total_zero_or_less,pub_threat60_surge,0,2,0.0,1312602860,rev0099_expanded_matrix_refresh,20,1,pub_threat40_pressure,pub_threat60_surge,False,10,1
117,1,pub_threat40_pressure,public_decision_frame+information_state,player_1_attempted_to_draw_from_empty_library,pub_threat60_surge,1,2,0.0,1518977470,rev0099_expanded_matrix_refresh,20,0,pub_threat60_surge,pub_threat40_pressure,False,11,0
114,1,pub_threat40_pressure,public_decision_frame+information_state,player_1_life_total_zero_or_less,pub_threat60_surge,1,2,0.0,1157731789,rev0099_expanded_matrix_refresh,20,1,pub_threat60_surge,pub_threat40_pressure,False,10,0
146,0,pub_threat40_pressure,public_decision_frame+information_state,player_0_attempted_to_draw_from_empty_library,pub_threat60_surge,0,3,0.0,112272415,rev0099_expanded_matrix_refresh,20,0,pub_threat40_pressure,pub_threat60_surge,False,12,1
167,0,pub_threat40_pressure,public_decision_frame+information_state,player_1_attempted_to_draw_from_empty_library,pub_threat60_surge,0,3,1.0,1192685517,rev0099_expanded_matrix_refresh,20,1,pub_threat40_pressure,pub_threat60_surge,False,13,0
152,1,pub_threat40_pressure,public_decision_frame+information_state,player_0_life_total_zero_or_less,pub_threat60_surge,1,3,1.0,231433542,rev0099_expanded_matrix_refresh,20,0,pub_threat60_surge,pub_threat40_pressure,False,10,1
110,1,pub_threat40_pressure,public_decision_frame+information_state,player_0_life_total_zero_or_less,pub_threat60_surge,1,3,1.0,1264148806,rev0099_expanded_matrix_refresh,20,1,pub_threat60_surge,pub_threat40_pressure,False,9,1
115,0,pub_threat40_pressure,public_decision_frame+information_state,player_0_life_total_zero_or_less,pub_threat60_surge,0,4,0.0,216528022,rev0099_expanded_matrix_refresh,20,0,pub_threat40_pressure,pub_threat60_surge,False,9,1
129,0,pub_threat40_pressure,public_decision_frame+information_state,player_1_life_total_zero_or_less,pub_threat60_surge,0,4,1.0,341248658,rev0099_expanded_matrix_refresh,20,1,pub_threat40_pressure,pub_threat60_surge,False,13,0
106,1,pub_threat40_pressure,public_decision_frame+information_state,player_1_attempted_to_draw_from_empty_library,pub_threat60_surge,1,4,0.0,1047439523,rev0099_expanded_matrix_refresh,20,0,pub_threat60_surge,pub_threat40_pressure,False,9,0
156,1,pub_threat40_pressure,public_decision_frame+information_state,player_0_life_total_zero_or_less,pub_threat60_surge,1,4,1.0,721411138,rev0099_expanded_matrix_refresh,20,1,pub_threat60_surge,pub_threat40_pressure,False,13,1
158,0,pub_threat40_pressure,public_decision_frame+information_state,player_0_life_total_zero_or_less,pub_threat60_surge,0,5,0.0,1534216750,rev0099_expanded_matrix_refresh,20,0,pub_threat40_pressure,pub_threat60_surge,False,11,1
117,0,pub_threat40_pressure,public_decision_frame+information_state,player_0_attempted_to_draw_from_empty_library,pub_threat60_surge,0,5,0.0,1321750215,rev0099_expanded_matrix_refresh,20,1,pub_threat40_pressure,pub_threat60_surge,False,12,1
99,1,pub_threat40_pressure,public_decision_frame+information_state,player_0_life_total_zero_or_less,pub_threat60_surge,1,5,1.0,1744286370,rev0099_expanded_matrix_refresh,20,0,pub_threat60_surge,pub_threat40_pressure,False,8,1
158,1,pub_threat40_pressure,public_decision_frame+information_state,player_1_attempted_to_draw_from_empty_library,pub_threat60_surge,1,5,0.0,818658576,rev0099_expanded_matrix_refresh,20,1,pub_threat60_surge,pub_threat40_pressure,False,11,0
129,0,pub_threat40_pressure,public_decision_frame+information_state,player_0_life_total_zero_or_less,pub_threat60_surge,0,6,0.0,225920685,rev0099_expanded_matrix_refresh,20,0,pub_threat40_pressure,pub_threat60_surge,False,9,1
120,0,pub_threat40_pressure,public_decision_frame+information_state,player_0_life_total_zero_or_less,pub_threat60_surge,0,6,0.0,1626709513,rev0099_expanded_matrix_refresh,20,1,pub_threat40_pressure,pub_threat60_surge,False,11,1
166,1,pub_threat40_pressure,public_decision_frame+information_state,player_1_life_total_zero_or_less,pub_threat60_surge,1,6,0.0,1697537396,rev0099_expanded_matrix_refresh,20,0,pub_threat60_surge,pub_threat40_pressure,False,14,0
118,1,pub_threat40_pressure,public_decision_frame+information_state,player_0_life_total_zero_or_less,pub_threat60_surge,1,6,1.0,1446511524,rev0099_expanded_matrix_refresh,20,1,pub_threat60_surge,pub_threat40_pressure,False,10,1
139,0,pub_threat40_pressure,public_decision_frame+information_state,player_0_life_total_zero_or_less,pub_threat60_surge,0,7,0.0,1770013212,rev0099_expanded_matrix_refresh,20,0,pub_threat40_pressure,pub_threat60_surge,False,10,1
288,0,pub_threat40_pressure,public_decision_frame+information_state,player_0_life_total_zero_or_less,pub_threat60_surge,0,7,0.0,85770228,rev0099_expanded_matrix_refresh,20,1,pub_threat40_pressure,pub_threat60_surge,False,19,1
263,1,pub_threat40_pressure,public_decision_frame+information_state,player_1_attempted_to_draw_from_empty_library,pub_threat60_surge,1,7,0.0,1223514834,rev0099_expanded_matrix_refresh,20,0,pub_threat60_surge,pub_threat40_pressure,False,24,0
157,1,pub_threat40_pressure,public_decision_frame+information_state,player_1_life_total_zero_or_less,pub_threat60_surge,1,7,0.0,830158156,rev0099_expanded_matrix_refresh,20,1,pub_threat60_surge,pub_threat40_pressure,False,14,0
114,0,pub_threat40_pressure,public_decision_frame+information_state,player_0_life_total_zero_or_less,pub_threat60_surge,0,8,0.0,330108274,rev0099_expanded_matrix_refresh,20,0,pub_threat40_pressure,pub_threat60_surge,False,8,1
213,0,pub_threat40_pressure,public_decision_frame+information_state,player_1_life_total_zero_or_less,pub_threat60_surge,0,8,1.0,1907627829,rev0099_expanded_matrix_refresh,20,1,pub_threat40_pressure,pub_threat60_surge,False,14,0
204,1,pub_threat40_pressure,public_decision_frame+information_state,player_1_life_total_zero_or_less,pub_threat60_surge,1,8,0.0,1133572068,rev0099_expanded_matrix_refresh,20,0,pub_threat60_surge,pub_threat40_pressure,False,16,0
175,1,pub_threat40_pressure,public_decision_frame+information_state,player_1_life_total_zero_or_less,pub_threat60_surge,1,8,0.0,1867930714,rev0099_expanded_matrix_refresh,20,1,pub_threat60_surge,pub_threat40_pressure,False,14,0
222,0,pub_threat40_pressure,public_decision_frame+information_state,player_0_attempted_to_draw_from_empty_library,pub_threat60_surge,0,9,0.0,244788786,rev0099_expanded_matrix_refresh,20,0,pub_threat40_pressure,pub_threat60_surge,False,17,1
142,0,pub_threat40_pressure,public_decision_frame+information_state,player_1_life_total_zero_or_less,pub_threat60_surge,0,9,1.0,1857489650,rev0099_expanded_matrix_refresh,20,1,pub_threat40_pressure,pub_threat60_surge,False,10,0
119,1,pub_threat40_pressure,public_decision_frame+information_state,player_0_life_total_zero_or_less,pub_threat60_surge,1,9,1.0,1753267895,rev0099_expanded_matrix_refresh,20,0,pub_threat60_surge,pub_threat40_pressure,False,9,1
128,1,pub_threat40_pressure,public_decision_frame+information_state,player_1_attempted_to_draw_from_empty_library,pub_threat60_surge,1,9,0.0,1189653236,rev0099_expanded_matrix_refresh,20,1,pub_threat60_surge,pub_threat40_pressure,False,11,0
209,0,pub_threat40_pressure,public_decision_frame+information_state,player_0_attempted_to_draw_from_empty_library,pub_threat60_surge,0,0,0.0,1963127046,rev0099_expanded_matrix_refresh,40,0,pub_threat40_pressure,pub_threat60_surge,False,19,1
233,0,pub_threat40_pressure,public_decision_frame+information_state,player_0_attempted_to_draw_from_empty_library,pub_threat60_surge,0,0,0.0,1029234115,rev0099_expanded_matrix_refresh,40,1,pub_threat40_pressure,pub_threat60_surge,False,19,1
155,1,pub_threat40_pressure,public_decision_frame+information_state,player_1_attempted_to_draw_from_empty_library,pub_threat60_surge,1,0,0.0,961935855,rev0099_expanded_matrix_refresh,40,0,pub_threat60_surge,pub_threat40_pressure,False,14,0
141,1,pub_threat40_pressure,public_decision_frame+information_state,player_1_life_total_zero_or_less,pub_threat60_surge,1,0,0.0,1190676535,rev0099_expanded_matrix_refresh,40,1,pub_threat60_surge,pub_threat40_pressure,False,12,0
233,0,pub_threat40_pressure,public_decision_frame+information_state,player_0_attempted_to_draw_from_empty_library,pub_threat60_surge,0,1,0.0,996391908,rev0099_expanded_matrix_refresh,40,0,pub_threat40_pressure,pub_threat60_surge,False,21,1
226,0,pub_threat40_pressure,public_decision_frame+information_state,player_0_life_total_zero_or_less,pub_threat60_surge,0,1,0.0,448195471,rev0099_expanded_matrix_refresh,40,1,pub_threat40_pressure,pub_threat60_surge,False,16,1
230,1,pub_threat40_pressure,public_decision_frame+information_state,player_1_life_total_zero_or_less,pub_threat60_surge,1,1,0.0,948393760,rev0099_expanded_matrix_refresh,40,0,pub_threat60_surge,pub_threat40_pressure,False,16,0
125,1,pub_threat40_pressure,public_decision_frame+information_state,player_1_life_total_zero_or_less,pub_threat60_surge,1,1,0.0,1794449971,rev0099_expanded_matrix_refresh,40,1,pub_threat60_surge,pub_threat40_pressure,False,10,0
223,0,pub_threat40_pressure,public_decision_frame+information_state,player_0_life_total_zero_or_less,pub_threat60_surge,0,2,0.0,362851854,rev0099_expanded_matrix_refresh,40,0,pub_threat40_pressure,pub_threat60_surge,False,17,1
216,0,pub_threat40_pressure,public_decision_frame+information_state,player_0_life_total_zero_or_less,pub_threat60_surge,0,2,0.0,646267176,rev0099_expanded_matrix_refresh,40,1,pub_threat40_pressure,pub_threat60_surge,False,16,1
280,1,pub_threat40_pressure,public_decision_frame+information_state,player_1_attempted_to_draw_from_empty_library,pub_threat60_surge,1,2,0.0,372293863,rev0099_expanded_matrix_refresh,40,0,pub_threat60_surge,pub_threat40_pressure,False,22,0
254,1,pub_threat40_pressure,public_decision_frame+information_state,player_1_attempted_to_draw_from_empty_library,pub_threat60_surge,1,2,0.0,1526026063,rev0099_expanded_matrix_refresh,40,1,pub_threat60_surge,pub_threat40_pressure,False,27,0
193,0,pub_threat40_pressure,public_decision_frame+information_state,player_0_attempted_to_draw_from_empty_library,pub_threat60_surge,0,3,0.0,562740675,rev0099_expanded_matrix_refresh,40,0,pub_threat40_pressure,pub_threat60_surge,False,15,1
205,0,pub_threat40_pressure,public_decision_frame+information_state,player_0_attempted_to_draw_from_empty_library,pub_threat60_surge,0,3,0.0,920928427,rev0099_expanded_matrix_refresh,40,1,pub_threat40_pressure,pub_threat60_surge,False,15,1
246,1,pub_threat40_pressure,public_decision_frame+information_state,player_1_life_total_zero_or_less,pub_threat60_surge,1,3,0.0,57889333,rev0099_expanded_matrix_refresh,40,0,pub_threat60_surge,pub_threat40_pressure,False,22,0
192,1,pub_threat40_pressure,public_decision_frame+information_state,player_1_life_total_zero_or_less,pub_threat60_surge,1,3,0.0,58901036,rev0099_expanded_matrix_refresh,40,1,pub_threat60_surge,pub_threat40_pressure,False,15,0
223,0,pub_threat40_pressure,public_decision_frame+information_state,player_0_life_total_zero_or_less,pub_threat60_surge,0,4,0.0,1703084020,rev0099_expanded_matrix_refresh,40,0,pub_threat40_pressure,pub_threat60_surge,False,17,1
181,0,pub_threat40_pressure,public_decision_frame+information_state,player_0_life_total_zero_or_less,pub_threat60_surge,0,4,0.0,1870329410,rev0099_expanded_matrix_refresh,40,1,pub_threat40_pressure,pub_threat60_surge,False,12,1
250,1,pub_threat40_pressure,public_decision_frame+information_state,player_0_attempted_to_draw_from_empty_library,pub_threat60_surge,1,4,1.0,188956081,rev0099_expanded_matrix_refresh,40,0,pub_threat60_surge,pub_threat40_pressure,False,26,1
155,1,pub_threat40_pressure,public_decision_frame+information_state,player_1_life_total_zero_or_less,pub_threat60_surge,1,4,0.0,1288365312,rev0099_expanded_matrix_refresh,40,1,pub_threat60_surge,pub_threat40_pressure,False,14,0
170,0,pub_threat40_pressure,public_decision_frame+information_state,player_0_life_total_zero_or_less,pub_threat60_surge,0,5,0.0,87550018,rev0099_expanded_matrix_refresh,40,0,pub_threat40_pressure,pub_threat60_surge,False,12,1
150,0,pub_threat40_pressure,public_decision_frame+information_state,player_0_life_total_zero_or_less,pub_threat60_surge,0,5,0.0,1373085900,rev0099_expanded_matrix_refresh,40,1,pub_threat40_pressure,pub_threat60_surge,False,10,1
130,1,pub_threat40_pressure,public_decision_frame+information_state,player_0_life_total_zero_or_less,pub_threat60_surge,1,5,1.0,1744523463,rev0099_expanded_matrix_refresh,40,0,pub_threat60_surge,pub_threat40_pressure,False,11,1
288,1,pub_threat40_pressure,public_decision_frame+information_state,player_0_attempted_to_draw_from_empty_library,pub_threat60_surge,1,5,1.0,194856622,rev0099_expanded_matrix_refresh,40,1,pub_threat60_surge,pub_threat40_pressure,False,21,1
133,0,pub_threat40_pressure,public_decision_frame+information_state,player_1_attempted_to_draw_from_empty_library,pub_threat60_surge,0,6,1.0,940588368,rev0099_expanded_matrix_refresh,40,0,pub_threat40_pressure,pub_threat60_surge,False,12,0
259,0,pub_threat40_pressure,public_decision_frame+information_state,player_0_attempted_to_draw_from_empty_library,pub_threat60_surge,0,6,0.0,471458249,rev0099_expanded_matrix_refresh,40,1,pub_threat40_pressure,pub_threat60_surge,False,23,1
129,1,pub_threat40_pressure,public_decision_frame+information_state,player_0_life_total_zero_or_less,pub_threat60_surge,1,6,1.0,1367921088,rev0099_expanded_matrix_refresh,40,0,pub_threat60_surge,pub_threat40_pressure,False,10,1
148,1,pub_threat40_pressure,public_decision_frame+information_state,player_0_life_total_zero_or_less,pub_threat60_surge,1,6,1.0,62764758,rev0099_expanded_matrix_refresh,40,1,pub_threat60_surge,pub_threat40_pressure,False,12,1
164,0,pub_threat40_pressure,public_decision_frame+information_state,player_0_attempted_to_draw_from_empty_library,pub_threat60_surge,0,7,0.0,1680527006,rev0099_expanded_matrix_refresh,40,0,pub_threat40_pressure,pub_threat60_surge,False,15,1
151,0,pub_threat40_pressure,public_decision_frame+information_state,player_0_life_total_zero_or_less,pub_threat60_surge,0,7,0.0,1034961329,rev0099_expanded_matrix_refresh,40,1,pub_threat40_pressure,pub_threat60_surge,False,10,1
142,1,pub_threat40_pressure,public_decision_frame+information_state,player_0_life_total_zero_or_less,pub_threat60_surge,1,7,1.0,689317218,rev0099_expanded_matrix_refresh,40,0,pub_threat60_surge,pub_threat40_pressure,False,12,1
105,1,pub_threat40_pressure,public_decision_frame+information_state,player_0_life_total_zero_or_less,pub_threat60_surge,1,7,1.0,835416213,rev0099_expanded_matrix_refresh,40,1,pub_threat60_surge,pub_threat40_pressure,False,9,1
155,0,pub_threat40_pressure,public_decision_frame+information_state,player_1_life_total_zero_or_less,pub_threat60_surge,0,8,1.0,1810125665,rev0099_expanded_matrix_refresh,40,0,pub_threat40_pressure,pub_threat60_surge,False,14,0
226,0,pub_threat40_pressure,public_decision_frame+information_state,player_0_attempted_to_draw_from_empty_library,pub_threat60_surge,0,8,0.0,1183754098,rev0099_expanded_matrix_refresh,40,1,pub_threat40_pressure,pub_threat60_surge,False,19,1
232,1,pub_threat40_pressure,public_decision_frame+information_state,player_1_attempted_to_draw_from_empty_library,pub_threat60_surge,1,8,0.0,971160535,rev0099_expanded_matrix_refresh,40,0,pub_threat60_surge,pub_threat40_pressure,False,20,0
163,1,pub_threat40_pressure,public_decision_frame+information_state,player_1_attempted_to_draw_from_empty_library,pub_threat60_surge,1,8,0.0,42547317,rev0099_expanded_matrix_refresh,40,1,pub_threat60_surge,pub_threat40_pressure,False,15,0
160,0,pub_threat40_pressure,public_decision_frame+information_state,player_0_life_total_zero_or_less,pub_threat60_surge,0,9,0.0,6135828,rev0099_expanded_matrix_refresh,40,0,pub_threat40_pressure,pub_threat60_surge,False,11,1
153,0,pub_threat40_pressure,public_decision_frame+information_state,player_0_life_total_zero_or_less,pub_threat60_surge,0,9,0.0,63838076,rev0099_expanded_matrix_refresh,40,1,pub_threat40_pressure,pub_threat60_surge,False,10,1
136,1,pub_threat40_pressure,public_decision_frame+information_state,player_1_life_total_zero_or_less,pub_threat60_surge,1,9,0.0,1376851248,rev0099_expanded_matrix_refresh,40,0,pub_threat60_surge,pub_threat40_pressure,False,10,0
210,1,pub_threat40_pressure,public_decision_frame+information_state,player_1_life_total_zero_or_less,pub_threat60_surge,1,9,0.0,77766139,rev0099_expanded_matrix_refresh,40,1,pub_threat60_surge,pub_threat40_pressure,False,15,0
166,0,pub_threat40_pressure,public_decision_frame+information_state,player_0_life_total_zero_or_less,oracle_map_08_60_mixed_threats_counter_wall,0,0,0.0,1776574596,rev0099_expanded_matrix_refresh,20,0,pub_threat40_pressure,oracle_map_08_60_mixed_threats_counter_wall,False,12,1
140,0,pub_threat40_pressure,public_decision_frame+information_state,player_1_attempted_to_draw_from_empty_library,oracle_map_08_60_mixed_threats_counter_wall,0,0,1.0,759902311,rev0099_expanded_matrix_refresh,20,1,pub_threat40_pressure,oracle_map_08_60_mixed_threats_counter_wall,False,13,0
257,1,pub_threat40_pressure,public_decision_frame+information_state,player_1_attempted_to_draw_from_empty_library,oracle_map_08_60_mixed_threats_counter_wall,1,0,0.0,358582641,rev0099_expanded_matrix_refresh,20,0,oracle_map_08_60_mixed_threats_counter_wall,pub_threat40_pressure,False,25,0
156,1,pub_threat40_pressure,public_decision_frame+information_state,player_1_life_total_zero_or_less,oracle_map_08_60_mixed_threats_counter_wall,1,0,0.0,1772809015,rev0099_expanded_matrix_refresh,20,1,oracle_map_08_60_mixed_threats_counter_wall,pub_threat40_pressure,False,10,0
116,0,pub_threat40_pressure,public_decision_frame+information_state,player_1_life_total_zero_or_less,oracle_map_08_60_mixed_threats_counter_wall,0,1,1.0,31729609,rev0099_expanded_matrix_refresh,20,0,pub_threat40_pressure,oracle_map_08_60_mixed_threats_counter_wall,False,10,0
201,0,pub_threat40_pressure,public_decision_frame+information_state,player_0_attempted_to_draw_from_empty_library,oracle_map_08_60_mixed_threats_counter_wall,0,1,0.0,607505574,rev0099_expanded_matrix_refresh,20,1,pub_threat40_pressure,oracle_map_08_60_mixed_threats_counter_wall,False,19,1
233,1,pub_threat40_pressure,public_decision_frame+information_state,player_1_attempted_to_draw_from_empty_library,oracle_map_08_60_mixed_threats_counter_wall,1,1,0.0,897132412,rev0099_expanded_matrix_refresh,20,0,oracle_map_08_60_mixed_threats_counter_wall,pub_threat40_pressure,False,16,0
96,1,pub_threat40_pressure,public_decision_frame+information_state,player_0_life_total_zero_or_less,oracle_map_08_60_mixed_threats_counter_wall,1,1,1.0,1791519054,rev0099_expanded_matrix_refresh,20,1,oracle_map_08_60_mixed_threats_counter_wall,pub_threat40_pressure,False,8,1
182,0,pub_threat40_pressure,public_decision_frame+information_state,player_0_attempted_to_draw_from_empty_library,oracle_map_08_60_mixed_threats_counter_wall,0,2,0.0,220609531,rev0099_expanded_matrix_refresh,20,0,pub_threat40_pressure,oracle_map_08_60_mixed_threats_counter_wall,False,14,1
97,0,pub_threat40_pressure,public_decision_frame+information_state,player_1_life_total_zero_or_less,oracle_map_08_60_mixed_threats_counter_wall,0,2,1.0,581902127,rev0099_expanded_matrix_refresh,20,1,pub_threat40_pressure,oracle_map_08_60_mixed_threats_counter_wall,False,10,0
119,1,pub_threat40_pressure,public_decision_frame+information_state,player_1_life_total_zero_or_less,oracle_map_08_60_mixed_threats_counter_wall,1,2,0.0,53683526,rev0099_expanded_matrix_refresh,20,0,oracle_map_08_60_mixed_threats_counter_wall,pub_threat40_pressure,False,13,0
125,1,pub_threat40_pressure,public_decision_frame+information_state,player_0_life_total_zero_or_less,oracle_map_08_60_mixed_threats_counter_wall,1,2,1.0,841544413,rev0099_expanded_matrix_refresh,20,1,oracle_map_08_60_mixed_threats_counter_wall,pub_threat40_pressure,False,9,1
128,0,pub_threat40_pressure,public_decision_frame+information_state,player_0_attempted_to_draw_from_empty_library,oracle_map_08_60_mixed_threats_counter_wall,0,3,0.0,3641814,rev0099_expanded_matrix_refresh,20,0,pub_threat40_pressure,oracle_map_08_60_mixed_threats_counter_wall,False,14,1
198,0,pub_threat40_pressure,public_decision_frame+information_state,player_0_attempted_to_draw_from_empty_library,oracle_map_08_60_mixed_threats_counter_wall,0,3,0.0,928580439,rev0099_expanded_matrix_refresh,20,1,pub_threat40_pressure,oracle_map_08_60_mixed_threats_counter_wall,False,17,1
136,1,pub_threat40_pressure,public_decision_frame+information_state,player_1_life_total_zero_or_less,oracle_map_08_60_mixed_threats_counter_wall,1,3,0.0,1283307464,rev0099_expanded_matrix_refresh,20,0,oracle_map_08_60_mixed_threats_counter_wall,pub_threat40_pressure,False,11,0
126,1,pub_threat40_pressure,public_decision_frame+information_state,player_1_life_total_zero_or_less,oracle_map_08_60_mixed_threats_counter_wall,1,3,0.0,1190108586,rev0099_expanded_matrix_refresh,20,1,oracle_map_08_60_mixed_threats_counter_wall,pub_threat40_pressure,False,11,0
116,0,pub_threat40_pressure,public_decision_frame+information_state,player_0_attempted_to_draw_from_empty_library,oracle_map_08_60_mixed_threats_counter_wall,0,4,0.0,465226284,rev0099_expanded_matrix_refresh,20,0,pub_threat40_pressure,oracle_map_08_60_mixed_threats_counter_wall,False,12,1
129,0,pub_threat40_pressure,public_decision_frame+information_state,player_1_life_total_zero_or_less,oracle_map_08_60_mixed_threats_counter_wall,0,4,1.0,1664759611,rev0099_expanded_matrix_refresh,20,1,pub_threat40_pressure,oracle_map_08_60_mixed_threats_counter_wall,False,10,0
144,1,pub_threat40_pressure,public_decision_frame+information_state,player_1_life_total_zero_or_less,oracle_map_08_60_mixed_threats_counter_wall,1,4,0.0,271067147,rev0099_expanded_matrix_refresh,20,0,oracle_map_08_60_mixed_threats_counter_wall,pub_threat40_pressure,False,10,0
287,1,pub_threat40_pressure,public_decision_frame+information_state,player_1_attempted_to_draw_from_empty_library,oracle_map_08_60_mixed_threats_counter_wall,1,4,0.0,527711760,rev0099_expanded_matrix_refresh,20,1,oracle_map_08_60_mixed_threats_counter_wall,pub_threat40_pressure,False,29,0
143,0,pub_threat40_pressure,public_decision_frame+information_state,player_0_life_total_zero_or_less,oracle_map_08_60_mixed_threats_counter_wall,0,5,0.0,112937416,rev0099_expanded_matrix_refresh,20,0,pub_threat40_pressure,oracle_map_08_60_mixed_threats_counter_wall,False,10,1
123,0,pub_threat40_pressure,public_decision_frame+information_state,player_1_life_total_zero_or_less,oracle_map_08_60_mixed_threats_counter_wall,0,5,1.0,1138284975,rev0099_expanded_matrix_refresh,20,1,pub_threat40_pressure,oracle_map_08_60_mixed_threats_counter_wall,False,11,0
230,1,pub_threat40_pressure,public_decision_frame+information_state,player_1_attempted_to_draw_from_empty_library,oracle_map_08_60_mixed_threats_counter_wall,1,5,0.0,231343043,rev0099_expanded_matrix_refresh,20,0,oracle_map_08_60_mixed_threats_counter_wall,pub_threat40_pressure,False,18,0
131,1,pub_threat40_pressure,public_decision_frame+information_state,player_1_attempted_to_draw_from_empty_library,oracle_map_08_60_mixed_threats_counter_wall,1,5,0.0,453063095,rev0099_expanded_matrix_refresh,20,1,oracle_map_08_60_mixed_threats_counter_wall,pub_threat40_pressure,False,10,0
227,0,pub_threat40_pressure,public_decision_frame+information_state,player_0_attempted_to_draw_from_empty_library,oracle_map_08_60_mixed_threats_counter_wall,0,6,0.0,532160857,rev0099_expanded_matrix_refresh,20,0,pub_threat40_pressure,oracle_map_08_60_mixed_threats_counter_wall,False,24,1
193,0,pub_threat40_pressure,public_decision_frame+information_state,player_0_attempted_to_draw_from_empty_library,oracle_map_08_60_mixed_threats_counter_wall,0,6,0.0,1067341866,rev0099_expanded_matrix_refresh,20,1,pub_threat40_pressure,oracle_map_08_60_mixed_threats_counter_wall,False,20,1
139,1,pub_threat40_pressure,public_decision_frame+information_state,player_1_life_total_zero_or_less,oracle_map_08_60_mixed_threats_counter_wall,1,6,0.0,1877823861,rev0099_expanded_matrix_refresh,20,0,oracle_map_08_60_mixed_threats_counter_wall,pub_threat40_pressure,False,10,0
125,1,pub_threat40_pressure,public_decision_frame+information_state,player_1_attempted_to_draw_from_empty_library,oracle_map_08_60_mixed_threats_counter_wall,1,6,0.0,499918224,rev0099_expanded_matrix_refresh,20,1,oracle_map_08_60_mixed_threats_counter_wall,pub_threat40_pressure,False,12,0
160,0,pub_threat40_pressure,public_decision_frame+information_state,player_0_attempted_to_draw_from_empty_library,oracle_map_08_60_mixed_threats_counter_wall,0,7,0.0,1446922460,rev0099_expanded_matrix_refresh,20,0,pub_threat40_pressure,oracle_map_08_60_mixed_threats_counter_wall,False,11,1
174,0,pub_threat40_pressure,public_decision_frame+information_state,player_1_life_total_zero_or_less,oracle_map_08_60_mixed_threats_counter_wall,0,7,1.0,950211387,rev0099_expanded_matrix_refresh,20,1,pub_threat40_pressure,oracle_map_08_60_mixed_threats_counter_wall,False,14,0
105,1,pub_threat40_pressure,public_decision_frame+information_state,player_0_life_total_zero_or_less,oracle_map_08_60_mixed_threats_counter_wall,1,7,1.0,1887370501,rev0099_expanded_matrix_refresh,20,0,oracle_map_08_60_mixed_threats_counter_wall,pub_threat40_pressure,False,8,1
172,1,pub_threat40_pressure,public_decision_frame+information_state,player_1_life_total_zero_or_less,oracle_map_08_60_mixed_threats_counter_wall,1,7,0.0,768656750,rev0099_expanded_matrix_refresh,20,1,oracle_map_08_60_mixed_threats_counter_wall,pub_threat40_pressure,False,17,0
122,0,pub_threat40_pressure,public_decision_frame+information_state,player_0_attempted_to_draw_from_empty_library,oracle_map_08_60_mixed_threats_counter_wall,0,8,0.0,1013412171,rev0099_expanded_matrix_refresh,20,0,pub_threat40_pressure,oracle_map_08_60_mixed_threats_counter_wall,False,13,1
97,0,pub_threat40_pressure,public_decision_frame+information_state,player_1_life_total_zero_or_less,oracle_map_08_60_mixed_threats_counter_wall,0,8,1.0,27207478,rev0099_expanded_matrix_refresh,20,1,pub_threat40_pressure,oracle_map_08_60_mixed_threats_counter_wall,False,9,0
106,1,pub_threat40_pressure,public_decision_frame+information_state,player_0_life_total_zero_or_less,oracle_map_08_60_mixed_threats_counter_wall,1,8,1.0,1536289323,rev0099_expanded_matrix_refresh,20,0,oracle_map_08_60_mixed_threats_counter_wall,pub_threat40_pressure,False,9,1
186,1,pub_threat40_pressure,public_decision_frame+information_state,player_0_life_total_zero_or_less,oracle_map_08_60_mixed_threats_counter_wall,1,8,1.0,1407554893,rev0099_expanded_matrix_refresh,20,1,oracle_map_08_60_mixed_threats_counter_wall,pub_threat40_pressure,False,16,1
137,0,pub_threat40_pressure,public_decision_frame+information_state,player_0_life_total_zero_or_less,oracle_map_08_60_mixed_threats_counter_wall,0,9,0.0,1397439407,rev0099_expanded_matrix_refresh,20,0,pub_threat40_pressure,oracle_map_08_60_mixed_threats_counter_wall,False,12,1
152,0,pub_threat40_pressure,public_decision_frame+information_state,player_1_life_total_zero_or_less,oracle_map_08_60_mixed_threats_counter_wall,0,9,1.0,296785856,rev0099_expanded_matrix_refresh,20,1,pub_threat40_pressure,oracle_map_08_60_mixed_threats_counter_wall,False,13,0
123,1,pub_threat40_pressure,public_decision_frame+information_state,player_1_attempted_to_draw_from_empty_library,oracle_map_08_60_mixed_threats_counter_wall,1,9,0.0,800710942,rev0099_expanded_matrix_refresh,20,0,oracle_map_08_60_mixed_threats_counter_wall,pub_threat40_pressure,False,11,0
144,1,pub_threat40_pressure,public_decision_frame+information_state,player_0_attempted_to_draw_from_empty_library,oracle_map_08_60_mixed_threats_counter_wall,1,9,1.0,668683779,rev0099_expanded_matrix_refresh,20,1,oracle_map_08_60_mixed_threats_counter_wall,pub_threat40_pressure,False,12,1
124,0,pub_threat40_pressure,public_decision_frame+information_state,player_1_life_total_zero_or_less,oracle_map_08_60_mixed_threats_counter_wall,0,0,1.0,288053922,rev0099_expanded_matrix_refresh,40,0,pub_threat40_pressure,oracle_map_08_60_mixed_threats_counter_wall,False,11,0
220,0,pub_threat40_pressure,public_decision_frame+information_state,player_0_attempted_to_draw_from_empty_library,oracle_map_08_60_mixed_threats_counter_wall,0,0,0.0,945544681,rev0099_expanded_matrix_refresh,40,1,pub_threat40_pressure,oracle_map_08_60_mixed_threats_counter_wall,False,17,1
221,1,pub_threat40_pressure,public_decision_frame+information_state,player_1_life_total_zero_or_less,oracle_map_08_60_mixed_threats_counter_wall,1,0,0.0,778741554,rev0099_expanded_matrix_refresh,40,0,oracle_map_08_60_mixed_threats_counter_wall,pub_threat40_pressure,False,17,0
186,1,pub_threat40_pressure,public_decision_frame+information_state,player_1_life_total_zero_or_less,oracle_map_08_60_mixed_threats_counter_wall,1,0,0.0,1667841306,rev0099_expanded_matrix_refresh,40,1,oracle_map_08_60_mixed_threats_counter_wall,pub_threat40_pressure,False,17,0
130,0,pub_threat40_pressure,public_decision_frame+information_state,player_0_attempted_to_draw_from_empty_library,oracle_map_08_60_mixed_threats_counter_wall,0,1,0.0,841457354,rev0099_expanded_matrix_refresh,40,0,pub_threat40_pressure,oracle_map_08_60_mixed_threats_counter_wall,False,12,1
214,0,pub_threat40_pressure,public_decision_frame+information_state,player_0_attempted_to_draw_from_empty_library,oracle_map_08_60_mixed_threats_counter_wall,0,1,0.0,1205845416,rev0099_expanded_matrix_refresh,40,1,pub_threat40_pressure,oracle_map_08_60_mixed_threats_counter_wall,False,19,1
155,1,pub_threat40_pressure,public_decision_frame+information_state,player_1_attempted_to_draw_from_empty_library,oracle_map_08_60_mixed_threats_counter_wall,1,1,0.0,1652867342,rev0099_expanded_matrix_refresh,40,0,oracle_map_08_60_mixed_threats_counter_wall,pub_threat40_pressure,False,15,0
210,1,pub_threat40_pressure,public_decision_frame+information_state,player_1_attempted_to_draw_from_empty_library,oracle_map_08_60_mixed_threats_counter_wall,1,1,0.0,1544112422,rev0099_expanded_matrix_refresh,40,1,oracle_map_08_60_mixed_threats_counter_wall,pub_threat40_pressure,False,19,0
179,0,pub_threat40_pressure,public_decision_frame+information_state,player_0_life_total_zero_or_less,oracle_map_08_60_mixed_threats_counter_wall,0,2,0.0,320916527,rev0099_expanded_matrix_refresh,40,0,pub_threat40_pressure,oracle_map_08_60_mixed_threats_counter_wall,False,11,1
247,0,pub_threat40_pressure,public_decision_frame+information_state,player_0_attempted_to_draw_from_empty_library,oracle_map_08_60_mixed_threats_counter_wall,0,2,0.0,1824755424,rev0099_expanded_matrix_refresh,40,1,pub_threat40_pressure,oracle_map_08_60_mixed_threats_counter_wall,False,23,1
197,1,pub_threat40_pressure,public_decision_frame+information_state,player_1_attempted_to_draw_from_empty_library,oracle_map_08_60_mixed_threats_counter_wall,1,2,0.0,395762364,rev0099_expanded_matrix_refresh,40,0,oracle_map_08_60_mixed_threats_counter_wall,pub_threat40_pressure,False,16,0
206,1,pub_threat40_pressure,public_decision_frame+information_state,player_1_life_total_zero_or_less,oracle_map_08_60_mixed_threats_counter_wall,1,2,0.0,278836969,rev0099_expanded_matrix_refresh,40,1,oracle_map_08_60_mixed_threats_counter_wall,pub_threat40_pressure,False,16,0
139,0,pub_threat40_pressure,public_decision_frame+information_state,player_0_attempted_to_draw_from_empty_library,oracle_map_08_60_mixed_threats_counter_wall,0,3,0.0,1774947107,rev0099_expanded_matrix_refresh,40,0,pub_threat40_pressure,oracle_map_08_60_mixed_threats_counter_wall,False,12,1
194,0,pub_threat40_pressure,public_decision_frame+information_state,player_0_attempted_to_draw_from_empty_library,oracle_map_08_60_mixed_threats_counter_wall,0,3,0.0,968867937,rev0099_expanded_matrix_refresh,40,1,pub_threat40_pressure,oracle_map_08_60_mixed_threats_counter_wall,False,17,1
284,1,pub_threat40_pressure,public_decision_frame+information_state,player_1_attempted_to_draw_from_empty_library,oracle_map_08_60_mixed_threats_counter_wall,1,3,0.0,1619518478,rev0099_expanded_matrix_refresh,40,0,oracle_map_08_60_mixed_threats_counter_wall,pub_threat40_pressure,False,17,0
153,1,pub_threat40_pressure,public_decision_frame+information_state,player_1_attempted_to_draw_from_empty_library,oracle_map_08_60_mixed_threats_counter_wall,1,3,0.0,538893663,rev0099_expanded_matrix_refresh,40,1,oracle_map_08_60_mixed_threats_counter_wall,pub_threat40_pressure,False,14,0
172,0,pub_threat40_pressure,public_decision_frame+information_state,player_0_attempted_to_draw_from_empty_library,oracle_map_08_60_mixed_threats_counter_wall,0,4,0.0,1979838166,rev0099_expanded_matrix_refresh,40,0,pub_threat40_pressure,oracle_map_08_60_mixed_threats_counter_wall,False,13,1
141,0,pub_threat40_pressure,public_decision_frame+information_state,player_0_attempted_to_draw_from_empty_library,oracle_map_08_60_mixed_threats_counter_wall,0,4,0.0,1148450779,rev0099_expanded_matrix_refresh,40,1,pub_threat40_pressure,oracle_map_08_60_mixed_threats_counter_wall,False,14,1
252,1,pub_threat40_pressure,public_decision_frame+information_state,player_1_attempted_to_draw_from_empty_library,oracle_map_08_60_mixed_threats_counter_wall,1,4,0.0,1619419562,rev0099_expanded_matrix_refresh,40,0,oracle_map_08_60_mixed_threats_counter_wall,pub_threat40_pressure,False,22,0
188,1,pub_threat40_pressure,public_decision_frame+information_state,player_1_attempted_to_draw_from_empty_library,oracle_map_08_60_mixed_threats_counter_wall,1,4,0.0,1268987230,rev0099_expanded_matrix_refresh,40,1,oracle_map_08_60_mixed_threats_counter_wall,pub_threat40_pressure,False,18,0
160,0,pub_threat40_pressure,public_decision_frame+information_state,player_1_life_total_zero_or_less,oracle_map_08_60_mixed_threats_counter_wall,0,5,1.0,1197024707,rev0099_expanded_matrix_refresh,40,0,pub_threat40_pressure,oracle_map_08_60_mixed_threats_counter_wall,False,14,0
247,0,pub_threat40_pressure,public_decision_frame+information_state,player_0_attempted_to_draw_from_empty_library,oracle_map_08_60_mixed_threats_counter_wall,0,5,0.0,890186858,rev0099_expanded_matrix_refresh,40,1,pub_threat40_pressure,oracle_map_08_60_mixed_threats_counter_wall,False,25,1
119,1,pub_threat40_pressure,public_decision_frame+information_state,player_0_attempted_to_draw_from_empty_library,oracle_map_08_60_mixed_threats_counter_wall,1,5,1.0,1574756412,rev0099_expanded_matrix_refresh,40,0,oracle_map_08_60_mixed_threats_counter_wall,pub_threat40_pressure,False,11,1
180,1,pub_threat40_pressure,public_decision_frame+information_state,player_0_attempted_to_draw_from_empty_library,oracle_map_08_60_mixed_threats_counter_wall,1,5,1.0,1996399642,rev0099_expanded_matrix_refresh,40,1,oracle_map_08_60_mixed_threats_counter_wall,pub_threat40_pressure,False,18,1
215,0,pub_threat40_pressure,public_decision_frame+information_state,player_0_life_total_zero_or_less,oracle_map_08_60_mixed_threats_counter_wall,0,6,0.0,1170925157,rev0099_expanded_matrix_refresh,40,0,pub_threat40_pressure,oracle_map_08_60_mixed_threats_counter_wall,False,17,1
254,0,pub_threat40_pressure,public_decision_frame+information_state,player_0_life_total_zero_or_less,oracle_map_08_60_mixed_threats_counter_wall,0,6,0.0,1758773260,rev0099_expanded_matrix_refresh,40,1,pub_threat40_pressure,oracle_map_08_60_mixed_threats_counter_wall,False,16,1
173,1,pub_threat40_pressure,public_decision_frame+information_state,player_1_life_total_zero_or_less,oracle_map_08_60_mixed_threats_counter_wall,1,6,0.0,777399569,rev0099_expanded_matrix_refresh,40,0,oracle_map_08_60_mixed_threats_counter_wall,pub_threat40_pressure,False,12,0
159,1,pub_threat40_pressure,public_decision_frame+information_state,player_1_attempted_to_draw_from_empty_library,oracle_map_08_60_mixed_threats_counter_wall,1,6,0.0,601189346,rev0099_expanded_matrix_refresh,40,1,oracle_map_08_60_mixed_threats_counter_wall,pub_threat40_pressure,False,15,0
176,0,pub_threat40_pressure,public_decision_frame+information_state,player_0_life_total_zero_or_less,oracle_map_08_60_mixed_threats_counter_wall,0,7,0.0,629303402,rev0099_expanded_matrix_refresh,40,0,pub_threat40_pressure,oracle_map_08_60_mixed_threats_counter_wall,False,14,1
155,0,pub_threat40_pressure,public_decision_frame+information_state,player_1_life_total_zero_or_less,oracle_map_08_60_mixed_threats_counter_wall,0,7,1.0,813737003,rev0099_expanded_matrix_refresh,40,1,pub_threat40_pressure,oracle_map_08_60_mixed_threats_counter_wall,False,14,0
155,1,pub_threat40_pressure,public_decision_frame+information_state,player_0_life_total_zero_or_less,oracle_map_08_60_mixed_threats_counter_wall,1,7,1.0,1138111353,rev0099_expanded_matrix_refresh,40,0,oracle_map_08_60_mixed_threats_counter_wall,pub_threat40_pressure,False,15,1
197,1,pub_threat40_pressure,public_decision_frame+information_state,player_1_life_total_zero_or_less,oracle_map_08_60_mixed_threats_counter_wall,1,7,0.0,692391041,rev0099_expanded_matrix_refresh,40,1,oracle_map_08_60_mixed_threats_counter_wall,pub_threat40_pressure,False,14,0
171,0,pub_threat40_pressure,public_decision_frame+information_state,player_1_life_total_zero_or_less,oracle_map_08_60_mixed_threats_counter_wall,0,8,1.0,675153844,rev0099_expanded_matrix_refresh,40,0,pub_threat40_pressure,oracle_map_08_60_mixed_threats_counter_wall,False,14,0
180,0,pub_threat40_pressure,public_decision_frame+information_state,player_0_attempted_to_draw_from_empty_library,oracle_map_08_60_mixed_threats_counter_wall,0,8,0.0,1109951533,rev0099_expanded_matrix_refresh,40,1,pub_threat40_pressure,oracle_map_08_60_mixed_threats_counter_wall,False,16,1
197,1,pub_threat40_pressure,public_decision_frame+information_state,player_0_attempted_to_draw_from_empty_library,oracle_map_08_60_mixed_threats_counter_wall,1,8,1.0,1658654910,rev0099_expanded_matrix_refresh,40,0,oracle_map_08_60_mixed_threats_counter_wall,pub_threat40_pressure,False,17,1
143,1,pub_threat40_pressure,public_decision_frame+information_state,player_1_attempted_to_draw_from_empty_library,oracle_map_08_60_mixed_threats_counter_wall,1,8,0.0,1670679187,rev0099_expanded_matrix_refresh,40,1,oracle_map_08_60_mixed_threats_counter_wall,pub_threat40_pressure,False,13,0
175,0,pub_threat40_pressure,public_decision_frame+information_state,player_1_attempted_to_draw_from_empty_library,oracle_map_08_60_mixed_threats_counter_wall,0,9,1.0,1416966901,rev0099_expanded_matrix_refresh,40,0,pub_threat40_pressure,oracle_map_08_60_mixed_threats_counter_wall,False,13,0
147,0,pub_threat40_pressure,public_decision_frame+information_state,player_1_attempted_to_draw_from_empty_library,oracle_map_08_60_mixed_threats_counter_wall,0,9,1.0,953568266,rev0099_expanded_matrix_refresh,40,1,pub_threat40_pressure,oracle_map_08_60_mixed_threats_counter_wall,False,15,0
152,1,pub_threat40_pressure,public_decision_frame+information_state,player_1_attempted_to_draw_from_empty_library,oracle_map_08_60_mixed_threats_counter_wall,1,9,0.0,1328736407,rev0099_expanded_matrix_refresh,40,0,oracle_map_08_60_mixed_threats_counter_wall,pub_threat40_pressure,False,13,0
168,1,pub_threat40_pressure,public_decision_frame+information_state,player_1_life_total_zero_or_less,oracle_map_08_60_mixed_threats_counter_wall,1,9,0.0,688696726,rev0099_expanded_matrix_refresh,40,1,oracle_map_08_60_mixed_threats_counter_wall,pub_threat40_pressure,False,15,0
134,0,pub_threat40_surge,public_decision_frame+information_state,player_1_life_total_zero_or_less,pub_threat60_closure,0,0,1.0,1250367769,rev0099_expanded_matrix_refresh,20,0,pub_threat40_surge,pub_threat60_closure,False,10,0
191,0,pub_threat40_surge,public_decision_frame+information_state,player_0_life_total_zero_or_less,pub_threat60_closure,0,0,0.0,185443419,rev0099_expanded_matrix_refresh,20,1,pub_threat40_surge,pub_threat60_closure,False,12,1
108,1,pub_threat40_surge,public_decision_frame+information_state,player_0_life_total_zero_or_less,pub_threat60_closure,1,0,1.0,1192018193,rev0099_expanded_matrix_refresh,20,0,pub_threat60_closure,pub_threat40_surge,False,10,1
136,1,pub_threat40_surge,public_decision_frame+information_state,player_1_life_total_zero_or_less,pub_threat60_closure,1,0,0.0,1223284991,rev0099_expanded_matrix_refresh,20,1,pub_threat60_closure,pub_threat40_surge,False,11,0
164,0,pub_threat40_surge,public_decision_frame+information_state,player_1_life_total_zero_or_less,pub_threat60_closure,0,1,1.0,1882466023,rev0099_expanded_matrix_refresh,20,0,pub_threat40_surge,pub_threat60_closure,False,15,0
239,0,pub_threat40_surge,public_decision_frame+information_state,player_0_attempted_to_draw_from_empty_library,pub_threat60_closure,0,1,0.0,1017243625,rev0099_expanded_matrix_refresh,20,1,pub_threat40_surge,pub_threat60_closure,False,23,1
140,1,pub_threat40_surge,public_decision_frame+information_state,player_0_life_total_zero_or_less,pub_threat60_closure,1,1,1.0,823185403,rev0099_expanded_matrix_refresh,20,0,pub_threat60_closure,pub_threat40_surge,False,10,1
218,1,pub_threat40_surge,public_decision_frame+information_state,player_0_life_total_zero_or_less,pub_threat60_closure,1,1,1.0,1163342410,rev0099_expanded_matrix_refresh,20,1,pub_threat60_closure,pub_threat40_surge,False,21,1
197,0,pub_threat40_surge,public_decision_frame+information_state,player_1_life_total_zero_or_less,pub_threat60_closure,0,2,1.0,624803746,rev0099_expanded_matrix_refresh,20,0,pub_threat40_surge,pub_threat60_closure,False,16,0
156,0,pub_threat40_surge,public_decision_frame+information_state,player_1_life_total_zero_or_less,pub_threat60_closure,0,2,1.0,125498334,rev0099_expanded_matrix_refresh,20,1,pub_threat40_surge,pub_threat60_closure,False,15,0
133,1,pub_threat40_surge,public_decision_frame+information_state,player_0_life_total_zero_or_less,pub_threat60_closure,1,2,1.0,1081343643,rev0099_expanded_matrix_refresh,20,0,pub_threat60_closure,pub_threat40_surge,False,9,1
145,1,pub_threat40_surge,public_decision_frame+information_state,player_0_life_total_zero_or_less,pub_threat60_closure,1,2,1.0,1711817940,rev0099_expanded_matrix_refresh,20,1,pub_threat60_closure,pub_threat40_surge,False,13,1
232,0,pub_threat40_surge,public_decision_frame+information_state,player_0_life_total_zero_or_less,pub_threat60_closure,0,3,0.0,1444985111,rev0099_expanded_matrix_refresh,20,0,pub_threat40_surge,pub_threat60_closure,False,19,1
118,0,pub_threat40_surge,public_decision_frame+information_state,player_1_life_total_zero_or_less,pub_threat60_closure,0,3,1.0,280490095,rev0099_expanded_matrix_refresh,20,1,pub_threat40_surge,pub_threat60_closure,False,10,0
159,1,pub_threat40_surge,public_decision_frame+information_state,player_1_life_total_zero_or_less,pub_threat60_closure,1,3,0.0,1977784793,rev0099_expanded_matrix_refresh,20,0,pub_threat60_closure,pub_threat40_surge,False,14,0
138,1,pub_threat40_surge,public_decision_frame+information_state,player_1_life_total_zero_or_less,pub_threat60_closure,1,3,0.0,443790386,rev0099_expanded_matrix_refresh,20,1,pub_threat60_closure,pub_threat40_surge,False,13,0
103,0,pub_threat40_surge,public_decision_frame+information_state,player_1_life_total_zero_or_less,pub_threat60_closure,0,4,1.0,1144026524,rev0099_expanded_matrix_refresh,20,0,pub_threat40_surge,pub_threat60_closure,False,8,0
261,0,pub_threat40_surge,public_decision_frame+information_state,player_0_life_total_zero_or_less,pub_threat60_closure,0,4,0.0,690777547,rev0099_expanded_matrix_refresh,20,1,pub_threat40_surge,pub_threat60_closure,False,20,1
188,1,pub_threat40_surge,public_decision_frame+information_state,player_1_attempted_to_draw_from_empty_library,pub_threat60_closure,1,4,0.0,96030334,rev0099_expanded_matrix_refresh,20,0,pub_threat60_closure,pub_threat40_surge,False,16,0
104,1,pub_threat40_surge,public_decision_frame+information_state,player_0_life_total_zero_or_less,pub_threat60_closure,1,4,1.0,1785077868,rev0099_expanded_matrix_refresh,20,1,pub_threat60_closure,pub_threat40_surge,False,8,1
248,0,pub_threat40_surge,public_decision_frame+information_state,player_0_life_total_zero_or_less,pub_threat60_closure,0,5,0.0,1984441099,rev0099_expanded_matrix_refresh,20,0,pub_threat40_surge,pub_threat60_closure,False,23,1
125,0,pub_threat40_surge,public_decision_frame+information_state,player_1_life_total_zero_or_less,pub_threat60_closure,0,5,1.0,812570324,rev0099_expanded_matrix_refresh,20,1,pub_threat40_surge,pub_threat60_closure,False,11,0
136,1,pub_threat40_surge,public_decision_frame+information_state,player_0_life_total_zero_or_less,pub_threat60_closure,1,5,1.0,181112443,rev0099_expanded_matrix_refresh,20,0,pub_threat60_closure,pub_threat40_surge,False,12,1
245,1,pub_threat40_surge,public_decision_frame+information_state,player_1_life_total_zero_or_less,pub_threat60_closure,1,5,0.0,1412490883,rev0099_expanded_matrix_refresh,20,1,pub_threat60_closure,pub_threat40_surge,False,17,0
112,0,pub_threat40_surge,public_decision_frame+information_state,player_1_life_total_zero_or_less,pub_threat60_closure,0,6,1.0,180289301,rev0099_expanded_matrix_refresh,20,0,pub_threat40_surge,pub_threat60_closure,False,9,0
140,0,pub_threat40_surge,public_decision_frame+information_state,player_0_life_total_zero_or_less,pub_threat60_closure,0,6,0.0,1504042772,rev0099_expanded_matrix_refresh,20,1,pub_threat40_surge,pub_threat60_closure,False,10,1
110,1,pub_threat40_surge,public_decision_frame+information_state,player_0_life_total_zero_or_less,pub_threat60_closure,1,6,1.0,1696041783,rev0099_expanded_matrix_refresh,20,0,pub_threat60_closure,pub_threat40_surge,False,9,1
163,1,pub_threat40_surge,public_decision_frame+information_state,player_1_life_total_zero_or_less,pub_threat60_closure,1,6,0.0,1500358409,rev0099_expanded_matrix_refresh,20,1,pub_threat60_closure,pub_threat40_surge,False,14,0
164,0,pub_threat40_surge,public_decision_frame+information_state,player_0_life_total_zero_or_less,pub_threat60_closure,0,7,0.0,810641538,rev0099_expanded_matrix_refresh,20,0,pub_threat40_surge,pub_threat60_closure,False,11,1
130,0,pub_threat40_surge,public_decision_frame+information_state,player_1_life_total_zero_or_less,pub_threat60_closure,0,7,1.0,1692256526,rev0099_expanded_matrix_refresh,20,1,pub_threat40_surge,pub_threat60_closure,False,12,0
119,1,pub_threat40_surge,public_decision_frame+information_state,player_0_life_total_zero_or_less,pub_threat60_closure,1,7,1.0,1446651763,rev0099_expanded_matrix_refresh,20,0,pub_threat60_closure,pub_threat40_surge,False,8,1
136,1,pub_threat40_surge,public_decision_frame+information_state,player_0_life_total_zero_or_less,pub_threat60_closure,1,7,1.0,1189330455,rev0099_expanded_matrix_refresh,20,1,pub_threat60_closure,pub_threat40_surge,False,11,1
240,0,pub_threat40_surge,public_decision_frame+information_state,player_0_life_total_zero_or_less,pub_threat60_closure,0,8,0.0,1635840127,rev0099_expanded_matrix_refresh,20,0,pub_threat40_surge,pub_threat60_closure,False,16,1
123,0,pub_threat40_surge,public_decision_frame+information_state,player_0_life_total_zero_or_less,pub_threat60_closure,0,8,0.0,996436716,rev0099_expanded_matrix_refresh,20,1,pub_threat40_surge,pub_threat60_closure,False,10,1
127,1,pub_threat40_surge,public_decision_frame+information_state,player_1_life_total_zero_or_less,pub_threat60_closure,1,8,0.0,935407293,rev0099_expanded_matrix_refresh,20,0,pub_threat60_closure,pub_threat40_surge,False,9,0
127,1,pub_threat40_surge,public_decision_frame+information_state,player_0_life_total_zero_or_less,pub_threat60_closure,1,8,1.0,1055788755,rev0099_expanded_matrix_refresh,20,1,pub_threat60_closure,pub_threat40_surge,False,10,1
207,0,pub_threat40_surge,public_decision_frame+information_state,player_1_life_total_zero_or_less,pub_threat60_closure,0,9,1.0,1061240376,rev0099_expanded_matrix_refresh,20,0,pub_threat40_surge,pub_threat60_closure,False,19,0
248,0,pub_threat40_surge,public_decision_frame+information_state,player_0_life_total_zero_or_less,pub_threat60_closure,0,9,0.0,836849174,rev0099_expanded_matrix_refresh,20,1,pub_threat40_surge,pub_threat60_closure,False,21,1
120,1,pub_threat40_surge,public_decision_frame+information_state,player_0_life_total_zero_or_less,pub_threat60_closure,1,9,1.0,1666970751,rev0099_expanded_matrix_refresh,20,0,pub_threat60_closure,pub_threat40_surge,False,10,1
109,1,pub_threat40_surge,public_decision_frame+information_state,player_1_life_total_zero_or_less,pub_threat60_closure,1,9,0.0,1112570454,rev0099_expanded_matrix_refresh,20,1,pub_threat60_closure,pub_threat40_surge,False,10,0
120,0,pub_threat40_surge,public_decision_frame+information_state,player_1_life_total_zero_or_less,pub_threat60_closure,0,0,1.0,1198972845,rev0099_expanded_matrix_refresh,40,0,pub_threat40_surge,pub_threat60_closure,False,10,0
217,0,pub_threat40_surge,public_decision_frame+information_state,player_0_life_total_zero_or_less,pub_threat60_closure,0,0,0.0,229750028,rev0099_expanded_matrix_refresh,40,1,pub_threat40_surge,pub_threat60_closure,False,14,1
195,1,pub_threat40_surge,public_decision_frame+information_state,player_1_attempted_to_draw_from_empty_library,pub_threat60_closure,1,0,0.0,184717825,rev0099_expanded_matrix_refresh,40,0,pub_threat60_closure,pub_threat40_surge,False,16,0
181,1,pub_threat40_surge,public_decision_frame+information_state,player_1_attempted_to_draw_from_empty_library,pub_threat60_closure,1,0,0.0,1620495902,rev0099_expanded_matrix_refresh,40,1,pub_threat60_closure,pub_threat40_surge,False,15,0
230,0,pub_threat40_surge,public_decision_frame+information_state,player_0_life_total_zero_or_less,pub_threat60_closure,0,1,0.0,385501928,rev0099_expanded_matrix_refresh,40,0,pub_threat40_surge,pub_threat60_closure,False,15,1
146,0,pub_threat40_surge,public_decision_frame+information_state,player_0_life_total_zero_or_less,pub_threat60_closure,0,1,0.0,1497743842,rev0099_expanded_matrix_refresh,40,1,pub_threat40_surge,pub_threat60_closure,False,10,1
165,1,pub_threat40_surge,public_decision_frame+information_state,player_1_attempted_to_draw_from_empty_library,pub_threat60_closure,1,1,0.0,902536147,rev0099_expanded_matrix_refresh,40,0,pub_threat60_closure,pub_threat40_surge,False,14,0
185,1,pub_threat40_surge,public_decision_frame+information_state,player_1_life_total_zero_or_less,pub_threat60_closure,1,1,0.0,1118601703,rev0099_expanded_matrix_refresh,40,1,pub_threat60_closure,pub_threat40_surge,False,14,0
216,0,pub_threat40_surge,public_decision_frame+information_state,player_0_attempted_to_draw_from_empty_library,pub_threat60_closure,0,2,0.0,1751444740,rev0099_expanded_matrix_refresh,40,0,pub_threat40_surge,pub_threat60_closure,False,15,1
228,0,pub_threat40_surge,public_decision_frame+information_state,player_0_life_total_zero_or_less,pub_threat60_closure,0,2,0.0,1766230028,rev0099_expanded_matrix_refresh,40,1,pub_threat40_surge,pub_threat60_closure,False,19,1
216,1,pub_threat40_surge,public_decision_frame+information_state,player_1_attempted_to_draw_from_empty_library,pub_threat60_closure,1,2,0.0,73237254,rev0099_expanded_matrix_refresh,40,0,pub_threat60_closure,pub_threat40_surge,False,15,0
183,1,pub_threat40_surge,public_decision_frame+information_state,player_1_attempted_to_draw_from_empty_library,pub_threat60_closure,1,2,0.0,288275676,rev0099_expanded_matrix_refresh,40,1,pub_threat60_closure,pub_threat40_surge,False,15,0
176,0,pub_threat40_surge,public_decision_frame+information_state,player_0_life_total_zero_or_less,pub_threat60_closure,0,3,0.0,1029468551,rev0099_expanded_matrix_refresh,40,0,pub_threat40_surge,pub_threat60_closure,False,12,1
254,0,pub_threat40_surge,public_decision_frame+information_state,player_0_attempted_to_draw_from_empty_library,pub_threat60_closure,0,3,0.0,610150481,rev0099_expanded_matrix_refresh,40,1,pub_threat40_surge,pub_threat60_closure,False,23,1
143,1,pub_threat40_surge,public_decision_frame+information_state,player_0_life_total_zero_or_less,pub_threat60_closure,1,3,1.0,1787309308,rev0099_expanded_matrix_refresh,40,0,pub_threat60_closure,pub_threat40_surge,False,9,1
280,1,pub_threat40_surge,public_decision_frame+information_state,player_1_attempted_to_draw_from_empty_library,pub_threat60_closure,1,3,0.0,647642250,rev0099_expanded_matrix_refresh,40,1,pub_threat60_closure,pub_threat40_surge,False,27,0
248,0,pub_threat40_surge,public_decision_frame+information_state,player_0_attempted_to_draw_from_empty_library,pub_threat60_closure,0,4,0.0,1987574713,rev0099_expanded_matrix_refresh,40,0,pub_threat40_surge,pub_threat60_closure,False,19,1
133,0,pub_threat40_surge,public_decision_frame+information_state,player_0_life_total_zero_or_less,pub_threat60_closure,0,4,0.0,1882501842,rev0099_expanded_matrix_refresh,40,1,pub_threat40_surge,pub_threat60_closure,False,10,1
193,1,pub_threat40_surge,public_decision_frame+information_state,player_1_attempted_to_draw_from_empty_library,pub_threat60_closure,1,4,0.0,489867087,rev0099_expanded_matrix_refresh,40,0,pub_threat60_closure,pub_threat40_surge,False,16,0
151,1,pub_threat40_surge,public_decision_frame+information_state,player_1_life_total_zero_or_less,pub_threat60_closure,1,4,0.0,1417200049,rev0099_expanded_matrix_refresh,40,1,pub_threat60_closure,pub_threat40_surge,False,12,0
231,0,pub_threat40_surge,public_decision_frame+information_state,player_1_attempted_to_draw_from_empty_library,pub_threat60_closure,0,5,1.0,1947609312,rev0099_expanded_matrix_refresh,40,0,pub_threat40_surge,pub_threat60_closure,False,14,0
146,0,pub_threat40_surge,public_decision_frame+information_state,player_0_attempted_to_draw_from_empty_library,pub_threat60_closure,0,5,0.0,266831980,rev0099_expanded_matrix_refresh,40,1,pub_threat40_surge,pub_threat60_closure,False,15,1
164,1,pub_threat40_surge,public_decision_frame+information_state,player_1_life_total_zero_or_less,pub_threat60_closure,1,5,0.0,480205855,rev0099_expanded_matrix_refresh,40,0,pub_threat60_closure,pub_threat40_surge,False,12,0
240,1,pub_threat40_surge,public_decision_frame+information_state,player_1_attempted_to_draw_from_empty_library,pub_threat60_closure,1,5,0.0,1934273968,rev0099_expanded_matrix_refresh,40,1,pub_threat60_closure,pub_threat40_surge,False,15,0
199,0,pub_threat40_surge,public_decision_frame+information_state,player_0_attempted_to_draw_from_empty_library,pub_threat60_closure,0,6,0.0,1534433842,rev0099_expanded_matrix_refresh,40,0,pub_threat40_surge,pub_threat60_closure,False,17,1
244,0,pub_threat40_surge,public_decision_frame+information_state,player_0_attempted_to_draw_from_empty_library,pub_threat60_closure,0,6,0.0,788698763,rev0099_expanded_matrix_refresh,40,1,pub_threat40_surge,pub_threat60_closure,False,25,1
191,1,pub_threat40_surge,public_decision_frame+information_state,player_1_attempted_to_draw_from_empty_library,pub_threat60_closure,1,6,0.0,1769685921,rev0099_expanded_matrix_refresh,40,0,pub_threat60_closure,pub_threat40_surge,False,20,0
146,1,pub_threat40_surge,public_decision_frame+information_state,player_1_life_total_zero_or_less,pub_threat60_closure,1,6,0.0,98889242,rev0099_expanded_matrix_refresh,40,1,pub_threat60_closure,pub_threat40_surge,False,12,0
148,0,pub_threat40_surge,public_decision_frame+information_state,player_0_life_total_zero_or_less,pub_threat60_closure,0,7,0.0,518211168,rev0099_expanded_matrix_refresh,40,0,pub_threat40_surge,pub_threat60_closure,False,12,1
159,0,pub_threat40_surge,public_decision_frame+information_state,player_0_life_total_zero_or_less,pub_threat60_closure,0,7,0.0,862587555,rev0099_expanded_matrix_refresh,40,1,pub_threat40_surge,pub_threat60_closure,False,14,1
142,1,pub_threat40_surge,public_decision_frame+information_state,player_0_life_total_zero_or_less,pub_threat60_closure,1,7,1.0,1281944296,rev0099_expanded_matrix_refresh,40,0,pub_threat60_closure,pub_threat40_surge,False,13,1
134,1,pub_threat40_surge,public_decision_frame+information_state,player_1_attempted_to_draw_from_empty_library,pub_threat60_closure,1,7,0.0,323539073,rev0099_expanded_matrix_refresh,40,1,pub_threat60_closure,pub_threat40_surge,False,11,0
241,0,pub_threat40_surge,public_decision_frame+information_state,player_1_attempted_to_draw_from_empty_library,pub_threat60_closure,0,8,1.0,1937249376,rev0099_expanded_matrix_refresh,40,0,pub_threat40_surge,pub_threat60_closure,False,16,0
225,0,pub_threat40_surge,public_decision_frame+information_state,player_0_life_total_zero_or_less,pub_threat60_closure,0,8,0.0,864704554,rev0099_expanded_matrix_refresh,40,1,pub_threat40_surge,pub_threat60_closure,False,19,1
171,1,pub_threat40_surge,public_decision_frame+information_state,player_1_life_total_zero_or_less,pub_threat60_closure,1,8,0.0,215064941,rev0099_expanded_matrix_refresh,40,0,pub_threat60_closure,pub_threat40_surge,False,12,0
156,1,pub_threat40_surge,public_decision_frame+information_state,player_1_life_total_zero_or_less,pub_threat60_closure,1,8,0.0,978071181,rev0099_expanded_matrix_refresh,40,1,pub_threat60_closure,pub_threat40_surge,False,11,0
226,0,pub_threat40_surge,public_decision_frame+information_state,player_0_life_total_zero_or_less,pub_threat60_closure,0,9,0.0,43104079,rev0099_expanded_matrix_refresh,40,0,pub_threat40_surge,pub_threat60_closure,False,17,1
261,0,pub_threat40_surge,public_decision_frame+information_state,player_0_attempted_to_draw_from_empty_library,pub_threat60_closure,0,9,0.0,1247783253,rev0099_expanded_matrix_refresh,40,1,pub_threat40_surge,pub_threat60_closure,False,17,1
245,1,pub_threat40_surge,public_decision_frame+information_state,player_1_attempted_to_draw_from_empty_library,pub_threat60_closure,1,9,0.0,1933663429,rev0099_expanded_matrix_refresh,40,0,pub_threat60_closure,pub_threat40_surge,False,24,0
141,1,pub_threat40_surge,public_decision_frame+information_state,player_1_life_total_zero_or_less,pub_threat60_closure,1,9,0.0,1730598537,rev0099_expanded_matrix_refresh,40,1,pub_threat60_closure,pub_threat40_surge,False,11,0
119,0,pub_threat40_surge,public_decision_frame+information_state,player_0_life_total_zero_or_less,pub_threat60_pressure,0,0,0.0,1561488423,rev0099_expanded_matrix_refresh,20,0,pub_threat40_surge,pub_threat60_pressure,False,9,1
132,0,pub_threat40_surge,public_decision_frame+information_state,player_1_life_total_zero_or_less,pub_threat60_pressure,0,0,1.0,1231811645,rev0099_expanded_matrix_refresh,20,1,pub_threat40_surge,pub_threat60_pressure,False,11,0
178,1,pub_threat40_surge,public_decision_frame+information_state,player_1_attempted_to_draw_from_empty_library,pub_threat60_pressure,1,0,0.0,791013327,rev0099_expanded_matrix_refresh,20,0,pub_threat60_pressure,pub_threat40_surge,False,16,0
109,1,pub_threat40_surge,public_decision_frame+information_state,player_0_life_total_zero_or_less,pub_threat60_pressure,1,0,1.0,388701268,rev0099_expanded_matrix_refresh,20,1,pub_threat60_pressure,pub_threat40_surge,False,10,1
114,0,pub_threat40_surge,public_decision_frame+information_state,player_0_life_total_zero_or_less,pub_threat60_pressure,0,1,0.0,1721223247,rev0099_expanded_matrix_refresh,20,0,pub_threat40_surge,pub_threat60_pressure,False,8,1
148,0,pub_threat40_surge,public_decision_frame+information_state,player_0_life_total_zero_or_less,pub_threat60_pressure,0,1,0.0,842772234,rev0099_expanded_matrix_refresh,20,1,pub_threat40_surge,pub_threat60_pressure,False,15,1
111,1,pub_threat40_surge,public_decision_frame+information_state,player_1_life_total_zero_or_less,pub_threat60_pressure,1,1,0.0,1465406265,rev0099_expanded_matrix_refresh,20,0,pub_threat60_pressure,pub_threat40_surge,False,8,0
133,1,pub_threat40_surge,public_decision_frame+information_state,player_1_life_total_zero_or_less,pub_threat60_pressure,1,1,0.0,482268673,rev0099_expanded_matrix_refresh,20,1,pub_threat60_pressure,pub_threat40_surge,False,11,0
148,0,pub_threat40_surge,public_decision_frame+information_state,player_0_life_total_zero_or_less,pub_threat60_pressure,0,2,0.0,1826629676,rev0099_expanded_matrix_refresh,20,0,pub_threat40_surge,pub_threat60_pressure,False,10,1
187,0,pub_threat40_surge,public_decision_frame+information_state,player_1_life_total_zero_or_less,pub_threat60_pressure,0,2,1.0,652172727,rev0099_expanded_matrix_refresh,20,1,pub_threat40_surge,pub_threat60_pressure,False,18,0
192,1,pub_threat40_surge,public_decision_frame+information_state,player_1_life_total_zero_or_less,pub_threat60_pressure,1,2,0.0,1599885540,rev0099_expanded_matrix_refresh,20,0,pub_threat60_pressure,pub_threat40_surge,False,14,0
171,1,pub_threat40_surge,public_decision_frame+information_state,player_1_life_total_zero_or_less,pub_threat60_pressure,1,2,0.0,1857832547,rev0099_expanded_matrix_refresh,20,1,pub_threat60_pressure,pub_threat40_surge,False,11,0
126,0,pub_threat40_surge,public_decision_frame+information_state,player_0_life_total_zero_or_less,pub_threat60_pressure,0,3,0.0,1312203870,rev0099_expanded_matrix_refresh,20,0,pub_threat40_surge,pub_threat60_pressure,False,9,1
200,0,pub_threat40_surge,public_decision_frame+information_state,player_1_life_total_zero_or_less,pub_threat60_pressure,0,3,1.0,1179036370,rev0099_expanded_matrix_refresh,20,1,pub_threat40_surge,pub_threat60_pressure,False,18,0
236,1,pub_threat40_surge,public_decision_frame+information_state,player_1_attempted_to_draw_from_empty_library,pub_threat60_pressure,1,3,0.0,26617449,rev0099_expanded_matrix_refresh,20,0,pub_threat60_pressure,pub_threat40_surge,False,18,0
121,1,pub_threat40_surge,public_decision_frame+information_state,player_1_life_total_zero_or_less,pub_threat60_pressure,1,3,0.0,1993924178,rev0099_expanded_matrix_refresh,20,1,pub_threat60_pressure,pub_threat40_surge,False,10,0
170,0,pub_threat40_surge,public_decision_frame+information_state,player_0_life_total_zero_or_less,pub_threat60_pressure,0,4,0.0,1801531925,rev0099_expanded_matrix_refresh,20,0,pub_threat40_surge,pub_threat60_pressure,False,12,1
147,0,pub_threat40_surge,public_decision_frame+information_state,player_0_life_total_zero_or_less,pub_threat60_pressure,0,4,0.0,665538963,rev0099_expanded_matrix_refresh,20,1,pub_threat40_surge,pub_threat60_pressure,False,10,1
206,1,pub_threat40_surge,public_decision_frame+information_state,player_1_attempted_to_draw_from_empty_library,pub_threat60_pressure,1,4,0.0,229073683,rev0099_expanded_matrix_refresh,20,0,pub_threat60_pressure,pub_threat40_surge,False,16,0
111,1,pub_threat40_surge,public_decision_frame+information_state,player_0_life_total_zero_or_less,pub_threat60_pressure,1,4,1.0,173873437,rev0099_expanded_matrix_refresh,20,1,pub_threat60_pressure,pub_threat40_surge,False,8,1
118,0,pub_threat40_surge,public_decision_frame+information_state,player_1_life_total_zero_or_less,pub_threat60_pressure,0,5,1.0,1870413263,rev0099_expanded_matrix_refresh,20,0,pub_threat40_surge,pub_threat60_pressure,False,11,0
136,0,pub_threat40_surge,public_decision_frame+information_state,player_1_life_total_zero_or_less,pub_threat60_pressure,0,5,1.0,668711195,rev0099_expanded_matrix_refresh,20,1,pub_threat40_surge,pub_threat60_pressure,False,10,0
142,1,pub_threat40_surge,public_decision_frame+information_state,player_0_life_total_zero_or_less,pub_threat60_pressure,1,5,1.0,901061292,rev0099_expanded_matrix_refresh,20,0,pub_threat60_pressure,pub_threat40_surge,False,9,1
130,1,pub_threat40_surge,public_decision_frame+information_state,player_1_life_total_zero_or_less,pub_threat60_pressure,1,5,0.0,1948230798,rev0099_expanded_matrix_refresh,20,1,pub_threat60_pressure,pub_threat40_surge,False,12,0
169,0,pub_threat40_surge,public_decision_frame+information_state,player_0_life_total_zero_or_less,pub_threat60_pressure,0,6,0.0,1015192104,rev0099_expanded_matrix_refresh,20,0,pub_threat40_surge,pub_threat60_pressure,False,14,1
180,0,pub_threat40_surge,public_decision_frame+information_state,player_1_life_total_zero_or_less,pub_threat60_pressure,0,6,1.0,1730917203,rev0099_expanded_matrix_refresh,20,1,pub_threat40_surge,pub_threat60_pressure,False,13,0
147,1,pub_threat40_surge,public_decision_frame+information_state,player_0_life_total_zero_or_less,pub_threat60_pressure,1,6,1.0,786810845,rev0099_expanded_matrix_refresh,20,0,pub_threat60_pressure,pub_threat40_surge,False,11,1
150,1,pub_threat40_surge,public_decision_frame+information_state,player_1_life_total_zero_or_less,pub_threat60_pressure,1,6,0.0,846800317,rev0099_expanded_matrix_refresh,20,1,pub_threat60_pressure,pub_threat40_surge,False,12,0
198,0,pub_threat40_surge,public_decision_frame+information_state,player_0_life_total_zero_or_less,pub_threat60_pressure,0,7,0.0,495335662,rev0099_expanded_matrix_refresh,20,0,pub_threat40_surge,pub_threat60_pressure,False,14,1
138,0,pub_threat40_surge,public_decision_frame+information_state,player_1_life_total_zero_or_less,pub_threat60_pressure,0,7,1.0,619062935,rev0099_expanded_matrix_refresh,20,1,pub_threat40_surge,pub_threat60_pressure,False,10,0
136,1,pub_threat40_surge,public_decision_frame+information_state,player_1_life_total_zero_or_less,pub_threat60_pressure,1,7,0.0,1042315993,rev0099_expanded_matrix_refresh,20,0,pub_threat60_pressure,pub_threat40_surge,False,12,0
164,1,pub_threat40_surge,public_decision_frame+information_state,player_1_life_total_zero_or_less,pub_threat60_pressure,1,7,0.0,986813862,rev0099_expanded_matrix_refresh,20,1,pub_threat60_pressure,pub_threat40_surge,False,12,0
141,0,pub_threat40_surge,public_decision_frame+information_state,player_0_life_total_zero_or_less,pub_threat60_pressure,0,8,0.0,1651493386,rev0099_expanded_matrix_refresh,20,0,pub_threat40_surge,pub_threat60_pressure,False,10,1
111,0,pub_threat40_surge,public_decision_frame+information_state,player_1_life_total_zero_or_less,pub_threat60_pressure,0,8,1.0,1696319362,rev0099_expanded_matrix_refresh,20,1,pub_threat40_surge,pub_threat60_pressure,False,11,0
167,1,pub_threat40_surge,public_decision_frame+information_state,player_1_attempted_to_draw_from_empty_library,pub_threat60_pressure,1,8,0.0,1298786993,rev0099_expanded_matrix_refresh,20,0,pub_threat60_pressure,pub_threat40_surge,False,12,0
101,1,pub_threat40_surge,public_decision_frame+information_state,player_0_life_total_zero_or_less,pub_threat60_pressure,1,8,1.0,1483180781,rev0099_expanded_matrix_refresh,20,1,pub_threat60_pressure,pub_threat40_surge,False,9,1
164,0,pub_threat40_surge,public_decision_frame+information_state,player_1_life_total_zero_or_less,pub_threat60_pressure,0,9,1.0,684206828,rev0099_expanded_matrix_refresh,20,0,pub_threat40_surge,pub_threat60_pressure,False,12,0
184,0,pub_threat40_surge,public_decision_frame+information_state,player_1_attempted_to_draw_from_empty_library,pub_threat60_pressure,0,9,1.0,1163387535,rev0099_expanded_matrix_refresh,20,1,pub_threat40_surge,pub_threat60_pressure,False,16,0
105,1,pub_threat40_surge,public_decision_frame+information_state,player_1_life_total_zero_or_less,pub_threat60_pressure,1,9,0.0,676811055,rev0099_expanded_matrix_refresh,20,0,pub_threat60_pressure,pub_threat40_surge,False,8,0
200,1,pub_threat40_surge,public_decision_frame+information_state,player_0_life_total_zero_or_less,pub_threat60_pressure,1,9,1.0,858064457,rev0099_expanded_matrix_refresh,20,1,pub_threat60_pressure,pub_threat40_surge,False,19,1
151,0,pub_threat40_surge,public_decision_frame+information_state,player_0_life_total_zero_or_less,pub_threat60_pressure,0,0,0.0,20258658,rev0099_expanded_matrix_refresh,40,0,pub_threat40_surge,pub_threat60_pressure,False,9,1
183,0,pub_threat40_surge,public_decision_frame+information_state,player_0_attempted_to_draw_from_empty_library,pub_threat60_pressure,0,0,0.0,1463862650,rev0099_expanded_matrix_refresh,40,1,pub_threat40_surge,pub_threat60_pressure,False,17,1
193,1,pub_threat40_surge,public_decision_frame+information_state,player_1_life_total_zero_or_less,pub_threat60_pressure,1,0,0.0,1972237869,rev0099_expanded_matrix_refresh,40,0,pub_threat60_pressure,pub_threat40_surge,False,17,0
232,1,pub_threat40_surge,public_decision_frame+information_state,player_1_attempted_to_draw_from_empty_library,pub_threat60_pressure,1,0,0.0,1405198642,rev0099_expanded_matrix_refresh,40,1,pub_threat60_pressure,pub_threat40_surge,False,21,0
153,0,pub_threat40_surge,public_decision_frame+information_state,player_0_life_total_zero_or_less,pub_threat60_pressure,0,1,0.0,1093103442,rev0099_expanded_matrix_refresh,40,0,pub_threat40_surge,pub_threat60_pressure,False,12,1
149,0,pub_threat40_surge,public_decision_frame+information_state,player_0_life_total_zero_or_less,pub_threat60_pressure,0,1,0.0,1016334520,rev0099_expanded_matrix_refresh,40,1,pub_threat40_surge,pub_threat60_pressure,False,11,1
171,1,pub_threat40_surge,public_decision_frame+information_state,player_1_attempted_to_draw_from_empty_library,pub_threat60_pressure,1,1,0.0,281727066,rev0099_expanded_matrix_refresh,40,0,pub_threat60_pressure,pub_threat40_surge,False,14,0
246,1,pub_threat40_surge,public_decision_frame+information_state,player_1_attempted_to_draw_from_empty_library,pub_threat60_pressure,1,1,0.0,1123074089,rev0099_expanded_matrix_refresh,40,1,pub_threat60_pressure,pub_threat40_surge,False,19,0
135,0,pub_threat40_surge,public_decision_frame+information_state,player_1_attempted_to_draw_from_empty_library,pub_threat60_pressure,0,2,1.0,524095281,rev0099_expanded_matrix_refresh,40,0,pub_threat40_surge,pub_threat60_pressure,False,11,0
174,0,pub_threat40_surge,public_decision_frame+information_state,player_0_attempted_to_draw_from_empty_library,pub_threat60_pressure,0,2,0.0,818577650,rev0099_expanded_matrix_refresh,40,1,pub_threat40_surge,pub_threat60_pressure,False,13,1
209,1,pub_threat40_surge,public_decision_frame+information_state,player_1_life_total_zero_or_less,pub_threat60_pressure,1,2,0.0,645252966,rev0099_expanded_matrix_refresh,40,0,pub_threat60_pressure,pub_threat40_surge,False,13,0
102,1,pub_threat40_surge,public_decision_frame+information_state,player_1_life_total_zero_or_less,pub_threat60_pressure,1,2,0.0,1509898106,rev0099_expanded_matrix_refresh,40,1,pub_threat60_pressure,pub_threat40_surge,False,9,0
237,0,pub_threat40_surge,public_decision_frame+information_state,player_0_life_total_zero_or_less,pub_threat60_pressure,0,3,0.0,1616016707,rev0099_expanded_matrix_refresh,40,0,pub_threat40_surge,pub_threat60_pressure,False,16,1
166,0,pub_threat40_surge,public_decision_frame+information_state,player_0_attempted_to_draw_from_empty_library,pub_threat60_pressure,0,3,0.0,658542376,rev0099_expanded_matrix_refresh,40,1,pub_threat40_surge,pub_threat60_pressure,False,15,1
188,1,pub_threat40_surge,public_decision_frame+information_state,player_1_life_total_zero_or_less,pub_threat60_pressure,1,3,0.0,1520721492,rev0099_expanded_matrix_refresh,40,0,pub_threat60_pressure,pub_threat40_surge,False,16,0
146,1,pub_threat40_surge,public_decision_frame+information_state,player_1_life_total_zero_or_less,pub_threat60_pressure,1,3,0.0,1934380459,rev0099_expanded_matrix_refresh,40,1,pub_threat60_pressure,pub_threat40_surge,False,11,0
208,0,pub_threat40_surge,public_decision_frame+information_state,player_0_life_total_zero_or_less,pub_threat60_pressure,0,4,0.0,867343492,rev0099_expanded_matrix_refresh,40,0,pub_threat40_surge,pub_threat60_pressure,False,14,1
186,0,pub_threat40_surge,public_decision_frame+information_state,player_0_life_total_zero_or_less,pub_threat60_pressure,0,4,0.0,1377875956,rev0099_expanded_matrix_refresh,40,1,pub_threat40_surge,pub_threat60_pressure,False,13,1
123,1,pub_threat40_surge,public_decision_frame+information_state,player_0_life_total_zero_or_less,pub_threat60_pressure,1,4,1.0,533712074,rev0099_expanded_matrix_refresh,40,0,pub_threat60_pressure,pub_threat40_surge,False,11,1
147,1,pub_threat40_surge,public_decision_frame+information_state,player_1_life_total_zero_or_less,pub_threat60_pressure,1,4,0.0,701232855,rev0099_expanded_matrix_refresh,40,1,pub_threat60_pressure,pub_threat40_surge,False,11,0
208,0,pub_threat40_surge,public_decision_frame+information_state,player_0_attempted_to_draw_from_empty_library,pub_threat60_pressure,0,5,0.0,1833454214,rev0099_expanded_matrix_refresh,40,0,pub_threat40_surge,pub_threat60_pressure,False,15,1
128,0,pub_threat40_surge,public_decision_frame+information_state,player_0_life_total_zero_or_less,pub_threat60_pressure,0,5,0.0,974558645,rev0099_expanded_matrix_refresh,40,1,pub_threat40_surge,pub_threat60_pressure,False,10,1
132,1,pub_threat40_surge,public_decision_frame+information_state,player_0_attempted_to_draw_from_empty_library,pub_threat60_pressure,1,5,1.0,84064632,rev0099_expanded_matrix_refresh,40,0,pub_threat60_pressure,pub_threat40_surge,False,14,1
124,1,pub_threat40_surge,public_decision_frame+information_state,player_1_life_total_zero_or_less,pub_threat60_pressure,1,5,0.0,699337673,rev0099_expanded_matrix_refresh,40,1,pub_threat60_pressure,pub_threat40_surge,False,11,0
166,0,pub_threat40_surge,public_decision_frame+information_state,player_0_life_total_zero_or_less,pub_threat60_pressure,0,6,0.0,105102884,rev0099_expanded_matrix_refresh,40,0,pub_threat40_surge,pub_threat60_pressure,False,14,1
104,0,pub_threat40_surge,public_decision_frame+information_state,player_0_life_total_zero_or_less,pub_threat60_pressure,0,6,0.0,1664469884,rev0099_expanded_matrix_refresh,40,1,pub_threat40_surge,pub_threat60_pressure,False,9,1
133,1,pub_threat40_surge,public_decision_frame+information_state,player_1_attempted_to_draw_from_empty_library,pub_threat60_pressure,1,6,0.0,1166477740,rev0099_expanded_matrix_refresh,40,0,pub_threat60_pressure,pub_threat40_surge,False,11,0
273,1,pub_threat40_surge,public_decision_frame+information_state,player_0_attempted_to_draw_from_empty_library,pub_threat60_pressure,1,6,1.0,1115431664,rev0099_expanded_matrix_refresh,40,1,pub_threat60_pressure,pub_threat40_surge,False,21,1
252,0,pub_threat40_surge,public_decision_frame+information_state,player_0_attempted_to_draw_from_empty_library,pub_threat60_pressure,0,7,0.0,1795517813,rev0099_expanded_matrix_refresh,40,0,pub_threat40_surge,pub_threat60_pressure,False,17,1
103,0,pub_threat40_surge,public_decision_frame+information_state,player_1_attempted_to_draw_from_empty_library,pub_threat60_pressure,0,7,1.0,793730095,rev0099_expanded_matrix_refresh,40,1,pub_threat40_surge,pub_threat60_pressure,False,10,0
212,1,pub_threat40_surge,public_decision_frame+information_state,player_1_life_total_zero_or_less,pub_threat60_pressure,1,7,0.0,1595579251,rev0099_expanded_matrix_refresh,40,0,pub_threat60_pressure,pub_threat40_surge,False,15,0
173,1,pub_threat40_surge,public_decision_frame+information_state,player_1_attempted_to_draw_from_empty_library,pub_threat60_pressure,1,7,0.0,334314034,rev0099_expanded_matrix_refresh,40,1,pub_threat60_pressure,pub_threat40_surge,False,15,0
191,0,pub_threat40_surge,public_decision_frame+information_state,player_0_life_total_zero_or_less,pub_threat60_pressure,0,8,0.0,1787668414,rev0099_expanded_matrix_refresh,40,0,pub_threat40_surge,pub_threat60_pressure,False,14,1
187,0,pub_threat40_surge,public_decision_frame+information_state,player_0_attempted_to_draw_from_empty_library,pub_threat60_pressure,0,8,0.0,1109354068,rev0099_expanded_matrix_refresh,40,1,pub_threat40_surge,pub_threat60_pressure,False,15,1
242,1,pub_threat40_surge,public_decision_frame+information_state,player_0_attempted_to_draw_from_empty_library,pub_threat60_pressure,1,8,1.0,203238544,rev0099_expanded_matrix_refresh,40,0,pub_threat60_pressure,pub_threat40_surge,False,17,1
241,1,pub_threat40_surge,public_decision_frame+information_state,player_1_attempted_to_draw_from_empty_library,pub_threat60_pressure,1,8,0.0,1077843800,rev0099_expanded_matrix_refresh,40,1,pub_threat60_pressure,pub_threat40_surge,False,21,0
182,0,pub_threat40_surge,public_decision_frame+information_state,player_0_attempted_to_draw_from_empty_library,pub_threat60_pressure,0,9,0.0,1895669160,rev0099_expanded_matrix_refresh,40,0,pub_threat40_surge,pub_threat60_pressure,False,13,1
183,0,pub_threat40_surge,public_decision_frame+information_state,player_0_life_total_zero_or_less,pub_threat60_pressure,0,9,0.0,1814851185,rev0099_expanded_matrix_refresh,40,1,pub_threat40_surge,pub_threat60_pressure,False,12,1
173,1,pub_threat40_surge,public_decision_frame+information_state,player_1_life_total_zero_or_less,pub_threat60_pressure,1,9,0.0,1589664112,rev0099_expanded_matrix_refresh,40,0,pub_threat60_pressure,pub_threat40_surge,False,13,0
116,1,pub_threat40_surge,public_decision_frame+information_state,player_1_attempted_to_draw_from_empty_library,pub_threat60_pressure,1,9,0.0,377462706,rev0099_expanded_matrix_refresh,40,1,pub_threat60_pressure,pub_threat40_surge,False,10,0
195,0,pub_threat40_surge,public_decision_frame+information_state,player_0_life_total_zero_or_less,pub_threat60_surge,0,0,0.0,333890848,rev0099_expanded_matrix_refresh,20,0,pub_threat40_surge,pub_threat60_surge,False,15,1
148,0,pub_threat40_surge,public_decision_frame+information_state,player_0_life_total_zero_or_less,pub_threat60_surge,0,0,0.0,1763213032,rev0099_expanded_matrix_refresh,20,1,pub_threat40_surge,pub_threat60_surge,False,13,1
122,1,pub_threat40_surge,public_decision_frame+information_state,player_0_life_total_zero_or_less,pub_threat60_surge,1,0,1.0,1022428647,rev0099_expanded_matrix_refresh,20,0,pub_threat60_surge,pub_threat40_surge,False,11,1
119,1,pub_threat40_surge,public_decision_frame+information_state,player_1_life_total_zero_or_less,pub_threat60_surge,1,0,0.0,562002480,rev0099_expanded_matrix_refresh,20,1,pub_threat60_surge,pub_threat40_surge,False,10,0
126,0,pub_threat40_surge,public_decision_frame+information_state,player_0_life_total_zero_or_less,pub_threat60_surge,0,1,0.0,1617990614,rev0099_expanded_matrix_refresh,20,0,pub_threat40_surge,pub_threat60_surge,False,9,1
117,0,pub_threat40_surge,public_decision_frame+information_state,player_1_life_total_zero_or_less,pub_threat60_surge,0,1,1.0,1552263678,rev0099_expanded_matrix_refresh,20,1,pub_threat40_surge,pub_threat60_surge,False,10,0
102,1,pub_threat40_surge,public_decision_frame+information_state,player_1_life_total_zero_or_less,pub_threat60_surge,1,1,0.0,1601720700,rev0099_expanded_matrix_refresh,20,0,pub_threat60_surge,pub_threat40_surge,False,8,0
109,1,pub_threat40_surge,public_decision_frame+information_state,player_1_life_total_zero_or_less,pub_threat60_surge,1,1,0.0,403635466,rev0099_expanded_matrix_refresh,20,1,pub_threat60_surge,pub_threat40_surge,False,10,0
132,0,pub_threat40_surge,public_decision_frame+information_state,player_0_attempted_to_draw_from_empty_library,pub_threat60_surge,0,2,0.0,1903289975,rev0099_expanded_matrix_refresh,20,0,pub_threat40_surge,pub_threat60_surge,False,11,1
137,0,pub_threat40_surge,public_decision_frame+information_state,player_1_life_total_zero_or_less,pub_threat60_surge,0,2,1.0,824963959,rev0099_expanded_matrix_refresh,20,1,pub_threat40_surge,pub_threat60_surge,False,11,0
108,1,pub_threat40_surge,public_decision_frame+information_state,player_0_life_total_zero_or_less,pub_threat60_surge,1,2,1.0,1477926577,rev0099_expanded_matrix_refresh,20,0,pub_threat60_surge,pub_threat40_surge,False,8,1
156,1,pub_threat40_surge,public_decision_frame+information_state,player_1_attempted_to_draw_from_empty_library,pub_threat60_surge,1,2,0.0,1775114787,rev0099_expanded_matrix_refresh,20,1,pub_threat60_surge,pub_threat40_surge,False,11,0
120,0,pub_threat40_surge,public_decision_frame+information_state,player_0_life_total_zero_or_less,pub_threat60_surge,0,3,0.0,426108138,rev0099_expanded_matrix_refresh,20,0,pub_threat40_surge,pub_threat60_surge,False,11,1
248,0,pub_threat40_surge,public_decision_frame+information_state,player_0_life_total_zero_or_less,pub_threat60_surge,0,3,0.0,1322892916,rev0099_expanded_matrix_refresh,20,1,pub_threat40_surge,pub_threat60_surge,False,14,1
152,1,pub_threat40_surge,public_decision_frame+information_state,player_1_life_total_zero_or_less,pub_threat60_surge,1,3,0.0,577911290,rev0099_expanded_matrix_refresh,20,0,pub_threat60_surge,pub_threat40_surge,False,13,0
114,1,pub_threat40_surge,public_decision_frame+information_state,player_1_life_total_zero_or_less,pub_threat60_surge,1,3,0.0,1352374232,rev0099_expanded_matrix_refresh,20,1,pub_threat60_surge,pub_threat40_surge,False,10,0
144,0,pub_threat40_surge,public_decision_frame+information_state,player_1_life_total_zero_or_less,pub_threat60_surge,0,4,1.0,1555926222,rev0099_expanded_matrix_refresh,20,0,pub_threat40_surge,pub_threat60_surge,False,11,0
118,0,pub_threat40_surge,public_decision_frame+information_state,player_0_life_total_zero_or_less,pub_threat60_surge,0,4,0.0,1813406557,rev0099_expanded_matrix_refresh,20,1,pub_threat40_surge,pub_threat60_surge,False,9,1
123,1,pub_threat40_surge,public_decision_frame+information_state,player_1_life_total_zero_or_less,pub_threat60_surge,1,4,0.0,267644899,rev0099_expanded_matrix_refresh,20,0,pub_threat60_surge,pub_threat40_surge,False,9,0
127,1,pub_threat40_surge,public_decision_frame+information_state,player_1_life_total_zero_or_less,pub_threat60_surge,1,4,0.0,826183594,rev0099_expanded_matrix_refresh,20,1,pub_threat60_surge,pub_threat40_surge,False,12,0
143,0,pub_threat40_surge,public_decision_frame+information_state,player_0_life_total_zero_or_less,pub_threat60_surge,0,5,0.0,171179541,rev0099_expanded_matrix_refresh,20,0,pub_threat40_surge,pub_threat60_surge,False,10,1
205,0,pub_threat40_surge,public_decision_frame+information_state,player_0_attempted_to_draw_from_empty_library,pub_threat60_surge,0,5,0.0,566375096,rev0099_expanded_matrix_refresh,20,1,pub_threat40_surge,pub_threat60_surge,False,17,1
179,1,pub_threat40_surge,public_decision_frame+information_state,player_1_life_total_zero_or_less,pub_threat60_surge,1,5,0.0,310686402,rev0099_expanded_matrix_refresh,20,0,pub_threat60_surge,pub_threat40_surge,False,14,0
170,1,pub_threat40_surge,public_decision_frame+information_state,player_1_life_total_zero_or_less,pub_threat60_surge,1,5,0.0,1780121243,rev0099_expanded_matrix_refresh,20,1,pub_threat60_surge,pub_threat40_surge,False,16,0
177,0,pub_threat40_surge,public_decision_frame+information_state,player_0_life_total_zero_or_less,pub_threat60_surge,0,6,0.0,1074032430,rev0099_expanded_matrix_refresh,20,0,pub_threat40_surge,pub_threat60_surge,False,12,1
213,0,pub_threat40_surge,public_decision_frame+information_state,player_0_attempted_to_draw_from_empty_library,pub_threat60_surge,0,6,0.0,547155473,rev0099_expanded_matrix_refresh,20,1,pub_threat40_surge,pub_threat60_surge,False,17,1
112,1,pub_threat40_surge,public_decision_frame+information_state,player_1_attempted_to_draw_from_empty_library,pub_threat60_surge,1,6,0.0,1023531768,rev0099_expanded_matrix_refresh,20,0,pub_threat60_surge,pub_threat40_surge,False,10,0
191,1,pub_threat40_surge,public_decision_frame+information_state,player_0_life_total_zero_or_less,pub_threat60_surge,1,6,1.0,1866828012,rev0099_expanded_matrix_refresh,20,1,pub_threat60_surge,pub_threat40_surge,False,16,1
129,0,pub_threat40_surge,public_decision_frame+information_state,player_0_life_total_zero_or_less,pub_threat60_surge,0,7,0.0,1938700001,rev0099_expanded_matrix_refresh,20,0,pub_threat40_surge,pub_threat60_surge,False,9,1
136,0,pub_threat40_surge,public_decision_frame+information_state,player_0_life_total_zero_or_less,pub_threat60_surge,0,7,0.0,1254203005,rev0099_expanded_matrix_refresh,20,1,pub_threat40_surge,pub_threat60_surge,False,11,1
136,1,pub_threat40_surge,public_decision_frame+information_state,player_0_life_total_zero_or_less,pub_threat60_surge,1,7,1.0,34504901,rev0099_expanded_matrix_refresh,20,0,pub_threat60_surge,pub_threat40_surge,False,9,1
236,1,pub_threat40_surge,public_decision_frame+information_state,player_1_life_total_zero_or_less,pub_threat60_surge,1,7,0.0,686635859,rev0099_expanded_matrix_refresh,20,1,pub_threat60_surge,pub_threat40_surge,False,15,0
141,0,pub_threat40_surge,public_decision_frame+information_state,player_0_life_total_zero_or_less,pub_threat60_surge,0,8,0.0,1416358333,rev0099_expanded_matrix_refresh,20,0,pub_threat40_surge,pub_threat60_surge,False,12,1
115,0,pub_threat40_surge,public_decision_frame+information_state,player_0_life_total_zero_or_less,pub_threat60_surge,0,8,0.0,927893415,rev0099_expanded_matrix_refresh,20,1,pub_threat40_surge,pub_threat60_surge,False,8,1
108,1,pub_threat40_surge,public_decision_frame+information_state,player_1_life_total_zero_or_less,pub_threat60_surge,1,8,0.0,1521190251,rev0099_expanded_matrix_refresh,20,0,pub_threat60_surge,pub_threat40_surge,False,10,0
121,1,pub_threat40_surge,public_decision_frame+information_state,player_1_life_total_zero_or_less,pub_threat60_surge,1,8,0.0,1151052302,rev0099_expanded_matrix_refresh,20,1,pub_threat60_surge,pub_threat40_surge,False,11,0
119,0,pub_threat40_surge,public_decision_frame+information_state,player_1_life_total_zero_or_less,pub_threat60_surge,0,9,1.0,1291553307,rev0099_expanded_matrix_refresh,20,0,pub_threat40_surge,pub_threat60_surge,False,9,0
135,0,pub_threat40_surge,public_decision_frame+information_state,player_1_life_total_zero_or_less,pub_threat60_surge,0,9,1.0,1977794362,rev0099_expanded_matrix_refresh,20,1,pub_threat40_surge,pub_threat60_surge,False,11,0
101,1,pub_threat40_surge,public_decision_frame+information_state,player_0_life_total_zero_or_less,pub_threat60_surge,1,9,1.0,1987619581,rev0099_expanded_matrix_refresh,20,0,pub_threat60_surge,pub_threat40_surge,False,8,1
127,1,pub_threat40_surge,public_decision_frame+information_state,player_1_life_total_zero_or_less,pub_threat60_surge,1,9,0.0,472554944,rev0099_expanded_matrix_refresh,20,1,pub_threat60_surge,pub_threat40_surge,False,11,0
163,0,pub_threat40_surge,public_decision_frame+information_state,player_0_attempted_to_draw_from_empty_library,pub_threat60_surge,0,0,0.0,1954982564,rev0099_expanded_matrix_refresh,40,0,pub_threat40_surge,pub_threat60_surge,False,15,1
209,0,pub_threat40_surge,public_decision_frame+information_state,player_0_life_total_zero_or_less,pub_threat60_surge,0,0,0.0,1379479792,rev0099_expanded_matrix_refresh,40,1,pub_threat40_surge,pub_threat60_surge,False,16,1
128,1,pub_threat40_surge,public_decision_frame+information_state,player_0_life_total_zero_or_less,pub_threat60_surge,1,0,1.0,1619021847,rev0099_expanded_matrix_refresh,40,0,pub_threat60_surge,pub_threat40_surge,False,11,1
224,1,pub_threat40_surge,public_decision_frame+information_state,player_1_life_total_zero_or_less,pub_threat60_surge,1,0,0.0,1804451662,rev0099_expanded_matrix_refresh,40,1,pub_threat60_surge,pub_threat40_surge,False,16,0
227,0,pub_threat40_surge,public_decision_frame+information_state,player_0_life_total_zero_or_less,pub_threat60_surge,0,1,0.0,1093210206,rev0099_expanded_matrix_refresh,40,0,pub_threat40_surge,pub_threat60_surge,False,21,1
139,0,pub_threat40_surge,public_decision_frame+information_state,player_0_life_total_zero_or_less,pub_threat60_surge,0,1,0.0,1047470659,rev0099_expanded_matrix_refresh,40,1,pub_threat40_surge,pub_threat60_surge,False,11,1
221,1,pub_threat40_surge,public_decision_frame+information_state,player_1_life_total_zero_or_less,pub_threat60_surge,1,1,0.0,473531992,rev0099_expanded_matrix_refresh,40,0,pub_threat60_surge,pub_threat40_surge,False,20,0
235,1,pub_threat40_surge,public_decision_frame+information_state,player_1_attempted_to_draw_from_empty_library,pub_threat60_surge,1,1,0.0,1869881103,rev0099_expanded_matrix_refresh,40,1,pub_threat60_surge,pub_threat40_surge,False,17,0
141,0,pub_threat40_surge,public_decision_frame+information_state,player_1_attempted_to_draw_from_empty_library,pub_threat60_surge,0,2,1.0,334654289,rev0099_expanded_matrix_refresh,40,0,pub_threat40_surge,pub_threat60_surge,False,12,0
167,0,pub_threat40_surge,public_decision_frame+information_state,player_0_life_total_zero_or_less,pub_threat60_surge,0,2,0.0,620335790,rev0099_expanded_matrix_refresh,40,1,pub_threat40_surge,pub_threat60_surge,False,12,1
237,1,pub_threat40_surge,public_decision_frame+information_state,player_1_attempted_to_draw_from_empty_library,pub_threat60_surge,1,2,0.0,1076918915,rev0099_expanded_matrix_refresh,40,0,pub_threat60_surge,pub_threat40_surge,False,22,0
118,1,pub_threat40_surge,public_decision_frame+information_state,player_1_attempted_to_draw_from_empty_library,pub_threat60_surge,1,2,0.0,734447075,rev0099_expanded_matrix_refresh,40,1,pub_threat60_surge,pub_threat40_surge,False,11,0
152,0,pub_threat40_surge,public_decision_frame+information_state,player_1_life_total_zero_or_less,pub_threat60_surge,0,3,1.0,687465260,rev0099_expanded_matrix_refresh,40,0,pub_threat40_surge,pub_threat60_surge,False,12,0
158,0,pub_threat40_surge,public_decision_frame+information_state,player_0_attempted_to_draw_from_empty_library,pub_threat60_surge,0,3,0.0,246050418,rev0099_expanded_matrix_refresh,40,1,pub_threat40_surge,pub_threat60_surge,False,15,1
261,1,pub_threat40_surge,public_decision_frame+information_state,player_1_life_total_zero_or_less,pub_threat60_surge,1,3,0.0,1440334411,rev0099_expanded_matrix_refresh,40,0,pub_threat60_surge,pub_threat40_surge,False,22,0
134,1,pub_threat40_surge,public_decision_frame+information_state,player_1_life_total_zero_or_less,pub_threat60_surge,1,3,0.0,198809726,rev0099_expanded_matrix_refresh,40,1,pub_threat60_surge,pub_threat40_surge,False,12,0
266,0,pub_threat40_surge,public_decision_frame+information_state,player_1_attempted_to_draw_from_empty_library,pub_threat60_surge,0,4,1.0,1517242772,rev0099_expanded_matrix_refresh,40,0,pub_threat40_surge,pub_threat60_surge,False,18,0
190,0,pub_threat40_surge,public_decision_frame+information_state,player_0_life_total_zero_or_less,pub_threat60_surge,0,4,0.0,288710674,rev0099_expanded_matrix_refresh,40,1,pub_threat40_surge,pub_threat60_surge,False,15,1
227,1,pub_threat40_surge,public_decision_frame+information_state,player_1_attempted_to_draw_from_empty_library,pub_threat60_surge,1,4,0.0,1744655362,rev0099_expanded_matrix_refresh,40,0,pub_threat60_surge,pub_threat40_surge,False,16,0
188,1,pub_threat40_surge,public_decision_frame+information_state,player_1_attempted_to_draw_from_empty_library,pub_threat60_surge,1,4,0.0,1723255755,rev0099_expanded_matrix_refresh,40,1,pub_threat60_surge,pub_threat40_surge,False,17,0
181,0,pub_threat40_surge,public_decision_frame+information_state,player_0_attempted_to_draw_from_empty_library,pub_threat60_surge,0,5,0.0,1141035200,rev0099_expanded_matrix_refresh,40,0,pub_threat40_surge,pub_threat60_surge,False,15,1
285,0,pub_threat40_surge,public_decision_frame+information_state,player_0_attempted_to_draw_from_empty_library,pub_threat60_surge,0,5,0.0,880925959,rev0099_expanded_matrix_refresh,40,1,pub_threat40_surge,pub_threat60_surge,False,21,1
247,1,pub_threat40_surge,public_decision_frame+information_state,player_1_life_total_zero_or_less,pub_threat60_surge,1,5,0.0,1364918820,rev0099_expanded_matrix_refresh,40,0,pub_threat60_surge,pub_threat40_surge,False,20,0
251,1,pub_threat40_surge,public_decision_frame+information_state,player_1_attempted_to_draw_from_empty_library,pub_threat60_surge,1,5,0.0,1370590407,rev0099_expanded_matrix_refresh,40,1,pub_threat60_surge,pub_threat40_surge,False,17,0
202,0,pub_threat40_surge,public_decision_frame+information_state,player_0_life_total_zero_or_less,pub_threat60_surge,0,6,0.0,1665452005,rev0099_expanded_matrix_refresh,40,0,pub_threat40_surge,pub_threat60_surge,False,14,1
134,0,pub_threat40_surge,public_decision_frame+information_state,player_0_life_total_zero_or_less,pub_threat60_surge,0,6,0.0,420977866,rev0099_expanded_matrix_refresh,40,1,pub_threat40_surge,pub_threat60_surge,False,11,1
219,1,pub_threat40_surge,public_decision_frame+information_state,player_1_life_total_zero_or_less,pub_threat60_surge,1,6,0.0,613702488,rev0099_expanded_matrix_refresh,40,0,pub_threat60_surge,pub_threat40_surge,False,15,0
173,1,pub_threat40_surge,public_decision_frame+information_state,player_1_life_total_zero_or_less,pub_threat60_surge,1,6,0.0,893718027,rev0099_expanded_matrix_refresh,40,1,pub_threat60_surge,pub_threat40_surge,False,13,0
238,0,pub_threat40_surge,public_decision_frame+information_state,player_0_life_total_zero_or_less,pub_threat60_surge,0,7,0.0,783410176,rev0099_expanded_matrix_refresh,40,0,pub_threat40_surge,pub_threat60_surge,False,15,1
205,0,pub_threat40_surge,public_decision_frame+information_state,player_0_attempted_to_draw_from_empty_library,pub_threat60_surge,0,7,0.0,1834261681,rev0099_expanded_matrix_refresh,40,1,pub_threat40_surge,pub_threat60_surge,False,15,1
199,1,pub_threat40_surge,public_decision_frame+information_state,player_1_attempted_to_draw_from_empty_library,pub_threat60_surge,1,7,0.0,502668709,rev0099_expanded_matrix_refresh,40,0,pub_threat60_surge,pub_threat40_surge,False,16,0
220,1,pub_threat40_surge,public_decision_frame+information_state,player_1_life_total_zero_or_less,pub_threat60_surge,1,7,0.0,1658512627,rev0099_expanded_matrix_refresh,40,1,pub_threat60_surge,pub_threat40_surge,False,18,0
230,0,pub_threat40_surge,public_decision_frame+information_state,player_0_attempted_to_draw_from_empty_library,pub_threat60_surge,0,8,0.0,1153779713,rev0099_expanded_matrix_refresh,40,0,pub_threat40_surge,pub_threat60_surge,False,15,1
169,0,pub_threat40_surge,public_decision_frame+information_state,player_0_attempted_to_draw_from_empty_library,pub_threat60_surge,0,8,0.0,1177526157,rev0099_expanded_matrix_refresh,40,1,pub_threat40_surge,pub_threat60_surge,False,17,1
166,1,pub_threat40_surge,public_decision_frame+information_state,player_1_life_total_zero_or_less,pub_threat60_surge,1,8,0.0,561965038,rev0099_expanded_matrix_refresh,40,0,pub_threat60_surge,pub_threat40_surge,False,12,0
263,1,pub_threat40_surge,public_decision_frame+information_state,player_1_life_total_zero_or_less,pub_threat60_surge,1,8,0.0,887179355,rev0099_expanded_matrix_refresh,40,1,pub_threat60_surge,pub_threat40_surge,False,18,0
139,0,pub_threat40_surge,public_decision_frame+information_state,player_0_life_total_zero_or_less,pub_threat60_surge,0,9,0.0,1992672643,rev0099_expanded_matrix_refresh,40,0,pub_threat40_surge,pub_threat60_surge,False,11,1
182,0,pub_threat40_surge,public_decision_frame+information_state,player_0_attempted_to_draw_from_empty_library,pub_threat60_surge,0,9,0.0,1104642711,rev0099_expanded_matrix_refresh,40,1,pub_threat40_surge,pub_threat60_surge,False,17,1
199,1,pub_threat40_surge,public_decision_frame+information_state,player_1_attempted_to_draw_from_empty_library,pub_threat60_surge,1,9,0.0,1496126744,rev0099_expanded_matrix_refresh,40,0,pub_threat60_surge,pub_threat40_surge,False,14,0
154,1,pub_threat40_surge,public_decision_frame+information_state,player_1_life_total_zero_or_less,pub_threat60_surge,1,9,0.0,1021054340,rev0099_expanded_matrix_refresh,40,1,pub_threat60_surge,pub_threat40_surge,False,14,0
125,0,pub_threat40_surge,public_decision_frame+information_state,player_0_attempted_to_draw_from_empty_library,oracle_map_08_60_mixed_threats_counter_wall,0,0,0.0,899437329,rev0099_expanded_matrix_refresh,20,0,pub_threat40_surge,oracle_map_08_60_mixed_threats_counter_wall,False,12,1
147,0,pub_threat40_surge,public_decision_frame+information_state,player_1_life_total_zero_or_less,oracle_map_08_60_mixed_threats_counter_wall,0,0,1.0,1420890739,rev0099_expanded_matrix_refresh,20,1,pub_threat40_surge,oracle_map_08_60_mixed_threats_counter_wall,False,12,0
192,1,pub_threat40_surge,public_decision_frame+information_state,player_0_life_total_zero_or_less,oracle_map_08_60_mixed_threats_counter_wall,1,0,1.0,1840224330,rev0099_expanded_matrix_refresh,20,0,oracle_map_08_60_mixed_threats_counter_wall,pub_threat40_surge,False,17,1
364,1,pub_threat40_surge,public_decision_frame+information_state,player_1_attempted_to_draw_from_empty_library,oracle_map_08_60_mixed_threats_counter_wall,1,0,0.0,589180823,rev0099_expanded_matrix_refresh,20,1,oracle_map_08_60_mixed_threats_counter_wall,pub_threat40_surge,False,38,0
137,0,pub_threat40_surge,public_decision_frame+information_state,player_0_attempted_to_draw_from_empty_library,oracle_map_08_60_mixed_threats_counter_wall,0,1,0.0,1238831142,rev0099_expanded_matrix_refresh,20,0,pub_threat40_surge,oracle_map_08_60_mixed_threats_counter_wall,False,14,1
152,0,pub_threat40_surge,public_decision_frame+information_state,player_0_life_total_zero_or_less,oracle_map_08_60_mixed_threats_counter_wall,0,1,0.0,353107122,rev0099_expanded_matrix_refresh,20,1,pub_threat40_surge,oracle_map_08_60_mixed_threats_counter_wall,False,12,1
153,1,pub_threat40_surge,public_decision_frame+information_state,player_1_attempted_to_draw_from_empty_library,oracle_map_08_60_mixed_threats_counter_wall,1,1,0.0,446566413,rev0099_expanded_matrix_refresh,20,0,oracle_map_08_60_mixed_threats_counter_wall,pub_threat40_surge,False,13,0
169,1,pub_threat40_surge,public_decision_frame+information_state,player_1_life_total_zero_or_less,oracle_map_08_60_mixed_threats_counter_wall,1,1,0.0,1075398196,rev0099_expanded_matrix_refresh,20,1,oracle_map_08_60_mixed_threats_counter_wall,pub_threat40_surge,False,14,0
184,0,pub_threat40_surge,public_decision_frame+information_state,player_0_attempted_to_draw_from_empty_library,oracle_map_08_60_mixed_threats_counter_wall,0,2,0.0,1036209684,rev0099_expanded_matrix_refresh,20,0,pub_threat40_surge,oracle_map_08_60_mixed_threats_counter_wall,False,18,1
241,0,pub_threat40_surge,public_decision_frame+information_state,player_0_attempted_to_draw_from_empty_library,oracle_map_08_60_mixed_threats_counter_wall,0,2,0.0,150031571,rev0099_expanded_matrix_refresh,20,1,pub_threat40_surge,oracle_map_08_60_mixed_threats_counter_wall,False,17,1
145,1,pub_threat40_surge,public_decision_frame+information_state,player_1_attempted_to_draw_from_empty_library,oracle_map_08_60_mixed_threats_counter_wall,1,2,0.0,66142700,rev0099_expanded_matrix_refresh,20,0,oracle_map_08_60_mixed_threats_counter_wall,pub_threat40_surge,False,14,0
229,1,pub_threat40_surge,public_decision_frame+information_state,player_1_attempted_to_draw_from_empty_library,oracle_map_08_60_mixed_threats_counter_wall,1,2,0.0,594878054,rev0099_expanded_matrix_refresh,20,1,oracle_map_08_60_mixed_threats_counter_wall,pub_threat40_surge,False,21,0
151,0,pub_threat40_surge,public_decision_frame+information_state,player_0_life_total_zero_or_less,oracle_map_08_60_mixed_threats_counter_wall,0,3,0.0,1379353270,rev0099_expanded_matrix_refresh,20,0,pub_threat40_surge,oracle_map_08_60_mixed_threats_counter_wall,False,10,1
111,0,pub_threat40_surge,public_decision_frame+information_state,player_0_life_total_zero_or_less,oracle_map_08_60_mixed_threats_counter_wall,0,3,0.0,322673053,rev0099_expanded_matrix_refresh,20,1,pub_threat40_surge,oracle_map_08_60_mixed_threats_counter_wall,False,10,1
139,1,pub_threat40_surge,public_decision_frame+information_state,player_0_life_total_zero_or_less,oracle_map_08_60_mixed_threats_counter_wall,1,3,1.0,404696239,rev0099_expanded_matrix_refresh,20,0,oracle_map_08_60_mixed_threats_counter_wall,pub_threat40_surge,False,11,1
142,1,pub_threat40_surge,public_decision_frame+information_state,player_0_attempted_to_draw_from_empty_library,oracle_map_08_60_mixed_threats_counter_wall,1,3,1.0,832857135,rev0099_expanded_matrix_refresh,20,1,oracle_map_08_60_mixed_threats_counter_wall,pub_threat40_surge,False,14,1
161,0,pub_threat40_surge,public_decision_frame+information_state,player_1_life_total_zero_or_less,oracle_map_08_60_mixed_threats_counter_wall,0,4,1.0,434089869,rev0099_expanded_matrix_refresh,20,0,pub_threat40_surge,oracle_map_08_60_mixed_threats_counter_wall,False,14,0
132,0,pub_threat40_surge,public_decision_frame+information_state,player_1_life_total_zero_or_less,oracle_map_08_60_mixed_threats_counter_wall,0,4,1.0,1604183473,rev0099_expanded_matrix_refresh,20,1,pub_threat40_surge,oracle_map_08_60_mixed_threats_counter_wall,False,12,0
153,1,pub_threat40_surge,public_decision_frame+information_state,player_1_attempted_to_draw_from_empty_library,oracle_map_08_60_mixed_threats_counter_wall,1,4,0.0,131932005,rev0099_expanded_matrix_refresh,20,0,oracle_map_08_60_mixed_threats_counter_wall,pub_threat40_surge,False,15,0
125,1,pub_threat40_surge,public_decision_frame+information_state,player_1_life_total_zero_or_less,oracle_map_08_60_mixed_threats_counter_wall,1,4,0.0,1098560757,rev0099_expanded_matrix_refresh,20,1,oracle_map_08_60_mixed_threats_counter_wall,pub_threat40_surge,False,11,0
197,0,pub_threat40_surge,public_decision_frame+information_state,player_0_life_total_zero_or_less,oracle_map_08_60_mixed_threats_counter_wall,0,5,0.0,1514936003,rev0099_expanded_matrix_refresh,20,0,pub_threat40_surge,oracle_map_08_60_mixed_threats_counter_wall,False,18,1
128,0,pub_threat40_surge,public_decision_frame+information_state,player_0_life_total_zero_or_less,oracle_map_08_60_mixed_threats_counter_wall,0,5,0.0,1222766731,rev0099_expanded_matrix_refresh,20,1,pub_threat40_surge,oracle_map_08_60_mixed_threats_counter_wall,False,12,1
160,1,pub_threat40_surge,public_decision_frame+information_state,player_1_attempted_to_draw_from_empty_library,oracle_map_08_60_mixed_threats_counter_wall,1,5,0.0,968529805,rev0099_expanded_matrix_refresh,20,0,oracle_map_08_60_mixed_threats_counter_wall,pub_threat40_surge,False,15,0
121,1,pub_threat40_surge,public_decision_frame+information_state,player_1_life_total_zero_or_less,oracle_map_08_60_mixed_threats_counter_wall,1,5,0.0,327319825,rev0099_expanded_matrix_refresh,20,1,oracle_map_08_60_mixed_threats_counter_wall,pub_threat40_surge,False,11,0
127,0,pub_threat40_surge,public_decision_frame+information_state,player_1_life_total_zero_or_less,oracle_map_08_60_mixed_threats_counter_wall,0,6,1.0,1428595764,rev0099_expanded_matrix_refresh,20,0,pub_threat40_surge,oracle_map_08_60_mixed_threats_counter_wall,False,11,0
86,0,pub_threat40_surge,public_decision_frame+information_state,player_1_life_total_zero_or_less,oracle_map_08_60_mixed_threats_counter_wall,0,6,1.0,1922564257,rev0099_expanded_matrix_refresh,20,1,pub_threat40_surge,oracle_map_08_60_mixed_threats_counter_wall,False,9,0
165,1,pub_threat40_surge,public_decision_frame+information_state,player_0_attempted_to_draw_from_empty_library,oracle_map_08_60_mixed_threats_counter_wall,1,6,1.0,146477916,rev0099_expanded_matrix_refresh,20,0,oracle_map_08_60_mixed_threats_counter_wall,pub_threat40_surge,False,17,1
159,1,pub_threat40_surge,public_decision_frame+information_state,player_0_life_total_zero_or_less,oracle_map_08_60_mixed_threats_counter_wall,1,6,1.0,555804811,rev0099_expanded_matrix_refresh,20,1,oracle_map_08_60_mixed_threats_counter_wall,pub_threat40_surge,False,15,1
102,0,pub_threat40_surge,public_decision_frame+information_state,player_1_life_total_zero_or_less,oracle_map_08_60_mixed_threats_counter_wall,0,7,1.0,377430397,rev0099_expanded_matrix_refresh,20,0,pub_threat40_surge,oracle_map_08_60_mixed_threats_counter_wall,False,9,0
260,0,pub_threat40_surge,public_decision_frame+information_state,player_0_life_total_zero_or_less,oracle_map_08_60_mixed_threats_counter_wall,0,7,0.0,1032015334,rev0099_expanded_matrix_refresh,20,1,pub_threat40_surge,oracle_map_08_60_mixed_threats_counter_wall,False,24,1
161,1,pub_threat40_surge,public_decision_frame+information_state,player_1_life_total_zero_or_less,oracle_map_08_60_mixed_threats_counter_wall,1,7,0.0,1966336029,rev0099_expanded_matrix_refresh,20,0,oracle_map_08_60_mixed_threats_counter_wall,pub_threat40_surge,False,14,0
128,1,pub_threat40_surge,public_decision_frame+information_state,player_1_attempted_to_draw_from_empty_library,oracle_map_08_60_mixed_threats_counter_wall,1,7,0.0,1525421464,rev0099_expanded_matrix_refresh,20,1,oracle_map_08_60_mixed_threats_counter_wall,pub_threat40_surge,False,12,0
211,0,pub_threat40_surge,public_decision_frame+information_state,player_0_attempted_to_draw_from_empty_library,oracle_map_08_60_mixed_threats_counter_wall,0,8,0.0,992589827,rev0099_expanded_matrix_refresh,20,0,pub_threat40_surge,oracle_map_08_60_mixed_threats_counter_wall,False,19,1
177,0,pub_threat40_surge,public_decision_frame+information_state,player_0_attempted_to_draw_from_empty_library,oracle_map_08_60_mixed_threats_counter_wall,0,8,0.0,1563503691,rev0099_expanded_matrix_refresh,20,1,pub_threat40_surge,oracle_map_08_60_mixed_threats_counter_wall,False,17,1
188,1,pub_threat40_surge,public_decision_frame+information_state,player_0_life_total_zero_or_less,oracle_map_08_60_mixed_threats_counter_wall,1,8,1.0,126600105,rev0099_expanded_matrix_refresh,20,0,oracle_map_08_60_mixed_threats_counter_wall,pub_threat40_surge,False,17,1
174,1,pub_threat40_surge,public_decision_frame+information_state,player_1_life_total_zero_or_less,oracle_map_08_60_mixed_threats_counter_wall,1,8,0.0,98261021,rev0099_expanded_matrix_refresh,20,1,oracle_map_08_60_mixed_threats_counter_wall,pub_threat40_surge,False,11,0
240,0,pub_threat40_surge,public_decision_frame+information_state,player_0_attempted_to_draw_from_empty_library,oracle_map_08_60_mixed_threats_counter_wall,0,9,0.0,654731448,rev0099_expanded_matrix_refresh,20,0,pub_threat40_surge,oracle_map_08_60_mixed_threats_counter_wall,False,15,1
315,0,pub_threat40_surge,public_decision_frame+information_state,player_0_life_total_zero_or_less,oracle_map_08_60_mixed_threats_counter_wall,0,9,0.0,41265174,rev0099_expanded_matrix_refresh,20,1,pub_threat40_surge,oracle_map_08_60_mixed_threats_counter_wall,False,29,1
167,1,pub_threat40_surge,public_decision_frame+information_state,player_1_life_total_zero_or_less,oracle_map_08_60_mixed_threats_counter_wall,1,9,0.0,1619753305,rev0099_expanded_matrix_refresh,20,0,oracle_map_08_60_mixed_threats_counter_wall,pub_threat40_surge,False,15,0
224,1,pub_threat40_surge,public_decision_frame+information_state,player_1_attempted_to_draw_from_empty_library,oracle_map_08_60_mixed_threats_counter_wall,1,9,0.0,714930849,rev0099_expanded_matrix_refresh,20,1,oracle_map_08_60_mixed_threats_counter_wall,pub_threat40_surge,False,19,0
136,0,pub_threat40_surge,public_decision_frame+information_state,player_0_attempted_to_draw_from_empty_library,oracle_map_08_60_mixed_threats_counter_wall,0,0,0.0,220289704,rev0099_expanded_matrix_refresh,40,0,pub_threat40_surge,oracle_map_08_60_mixed_threats_counter_wall,False,13,1
219,0,pub_threat40_surge,public_decision_frame+information_state,player_0_life_total_zero_or_less,oracle_map_08_60_mixed_threats_counter_wall,0,0,0.0,795493093,rev0099_expanded_matrix_refresh,40,1,pub_threat40_surge,oracle_map_08_60_mixed_threats_counter_wall,False,20,1
173,1,pub_threat40_surge,public_decision_frame+information_state,player_1_attempted_to_draw_from_empty_library,oracle_map_08_60_mixed_threats_counter_wall,1,0,0.0,1122020299,rev0099_expanded_matrix_refresh,40,0,oracle_map_08_60_mixed_threats_counter_wall,pub_threat40_surge,False,16,0
167,1,pub_threat40_surge,public_decision_frame+information_state,player_1_attempted_to_draw_from_empty_library,oracle_map_08_60_mixed_threats_counter_wall,1,0,0.0,530100372,rev0099_expanded_matrix_refresh,40,1,oracle_map_08_60_mixed_threats_counter_wall,pub_threat40_surge,False,15,0
144,0,pub_threat40_surge,public_decision_frame+information_state,player_0_attempted_to_draw_from_empty_library,oracle_map_08_60_mixed_threats_counter_wall,0,1,0.0,1821526261,rev0099_expanded_matrix_refresh,40,0,pub_threat40_surge,oracle_map_08_60_mixed_threats_counter_wall,False,13,1
167,0,pub_threat40_surge,public_decision_frame+information_state,player_1_life_total_zero_or_less,oracle_map_08_60_mixed_threats_counter_wall,0,1,1.0,1806017248,rev0099_expanded_matrix_refresh,40,1,pub_threat40_surge,oracle_map_08_60_mixed_threats_counter_wall,False,15,0
193,1,pub_threat40_surge,public_decision_frame+information_state,player_1_attempted_to_draw_from_empty_library,oracle_map_08_60_mixed_threats_counter_wall,1,1,0.0,1630483712,rev0099_expanded_matrix_refresh,40,0,oracle_map_08_60_mixed_threats_counter_wall,pub_threat40_surge,False,18,0
141,1,pub_threat40_surge,public_decision_frame+information_state,player_0_attempted_to_draw_from_empty_library,oracle_map_08_60_mixed_threats_counter_wall,1,1,1.0,785968486,rev0099_expanded_matrix_refresh,40,1,oracle_map_08_60_mixed_threats_counter_wall,pub_threat40_surge,False,14,1
115,0,pub_threat40_surge,public_decision_frame+information_state,player_1_life_total_zero_or_less,oracle_map_08_60_mixed_threats_counter_wall,0,2,1.0,234413105,rev0099_expanded_matrix_refresh,40,0,pub_threat40_surge,oracle_map_08_60_mixed_threats_counter_wall,False,10,0
155,0,pub_threat40_surge,public_decision_frame+information_state,player_1_life_total_zero_or_less,oracle_map_08_60_mixed_threats_counter_wall,0,2,1.0,549683030,rev0099_expanded_matrix_refresh,40,1,pub_threat40_surge,oracle_map_08_60_mixed_threats_counter_wall,False,13,0
251,1,pub_threat40_surge,public_decision_frame+information_state,player_1_attempted_to_draw_from_empty_library,oracle_map_08_60_mixed_threats_counter_wall,1,2,0.0,1465498586,rev0099_expanded_matrix_refresh,40,0,oracle_map_08_60_mixed_threats_counter_wall,pub_threat40_surge,False,18,0
248,1,pub_threat40_surge,public_decision_frame+information_state,player_1_attempted_to_draw_from_empty_library,oracle_map_08_60_mixed_threats_counter_wall,1,2,0.0,77076859,rev0099_expanded_matrix_refresh,40,1,oracle_map_08_60_mixed_threats_counter_wall,pub_threat40_surge,False,26,0
151,0,pub_threat40_surge,public_decision_frame+information_state,player_0_life_total_zero_or_less,oracle_map_08_60_mixed_threats_counter_wall,0,3,0.0,204969087,rev0099_expanded_matrix_refresh,40,0,pub_threat40_surge,oracle_map_08_60_mixed_threats_counter_wall,False,10,1
285,0,pub_threat40_surge,public_decision_frame+information_state,player_0_attempted_to_draw_from_empty_library,oracle_map_08_60_mixed_threats_counter_wall,0,3,0.0,908720060,rev0099_expanded_matrix_refresh,40,1,pub_threat40_surge,oracle_map_08_60_mixed_threats_counter_wall,False,24,1
187,1,pub_threat40_surge,public_decision_frame+information_state,player_1_attempted_to_draw_from_empty_library,oracle_map_08_60_mixed_threats_counter_wall,1,3,0.0,439956787,rev0099_expanded_matrix_refresh,40,0,oracle_map_08_60_mixed_threats_counter_wall,pub_threat40_surge,False,14,0
181,1,pub_threat40_surge,public_decision_frame+information_state,player_0_attempted_to_draw_from_empty_library,oracle_map_08_60_mixed_threats_counter_wall,1,3,1.0,726486931,rev0099_expanded_matrix_refresh,40,1,oracle_map_08_60_mixed_threats_counter_wall,pub_threat40_surge,False,17,1
193,0,pub_threat40_surge,public_decision_frame+information_state,player_0_attempted_to_draw_from_empty_library,oracle_map_08_60_mixed_threats_counter_wall,0,4,0.0,716365346,rev0099_expanded_matrix_refresh,40,0,pub_threat40_surge,oracle_map_08_60_mixed_threats_counter_wall,False,18,1
153,0,pub_threat40_surge,public_decision_frame+information_state,player_0_attempted_to_draw_from_empty_library,oracle_map_08_60_mixed_threats_counter_wall,0,4,0.0,1514105712,rev0099_expanded_matrix_refresh,40,1,pub_threat40_surge,oracle_map_08_60_mixed_threats_counter_wall,False,15,1
156,1,pub_threat40_surge,public_decision_frame+information_state,player_1_life_total_zero_or_less,oracle_map_08_60_mixed_threats_counter_wall,1,4,0.0,710412058,rev0099_expanded_matrix_refresh,40,0,oracle_map_08_60_mixed_threats_counter_wall,pub_threat40_surge,False,14,0
173,1,pub_threat40_surge,public_decision_frame+information_state,player_0_attempted_to_draw_from_empty_library,oracle_map_08_60_mixed_threats_counter_wall,1,4,1.0,1357635832,rev0099_expanded_matrix_refresh,40,1,oracle_map_08_60_mixed_threats_counter_wall,pub_threat40_surge,False,15,1
276,0,pub_threat40_surge,public_decision_frame+information_state,player_0_attempted_to_draw_from_empty_library,oracle_map_08_60_mixed_threats_counter_wall,0,5,0.0,1063733489,rev0099_expanded_matrix_refresh,40,0,pub_threat40_surge,oracle_map_08_60_mixed_threats_counter_wall,False,25,1
218,0,pub_threat40_surge,public_decision_frame+information_state,player_1_attempted_to_draw_from_empty_library,oracle_map_08_60_mixed_threats_counter_wall,0,5,1.0,1995939981,rev0099_expanded_matrix_refresh,40,1,pub_threat40_surge,oracle_map_08_60_mixed_threats_counter_wall,False,20,0
157,1,pub_threat40_surge,public_decision_frame+information_state,player_1_attempted_to_draw_from_empty_library,oracle_map_08_60_mixed_threats_counter_wall,1,5,0.0,1017796001,rev0099_expanded_matrix_refresh,40,0,oracle_map_08_60_mixed_threats_counter_wall,pub_threat40_surge,False,12,0
275,1,pub_threat40_surge,public_decision_frame+information_state,player_1_attempted_to_draw_from_empty_library,oracle_map_08_60_mixed_threats_counter_wall,1,5,0.0,222051084,rev0099_expanded_matrix_refresh,40,1,oracle_map_08_60_mixed_threats_counter_wall,pub_threat40_surge,False,27,0
197,0,pub_threat40_surge,public_decision_frame+information_state,player_0_attempted_to_draw_from_empty_library,oracle_map_08_60_mixed_threats_counter_wall,0,6,0.0,83791046,rev0099_expanded_matrix_refresh,40,0,pub_threat40_surge,oracle_map_08_60_mixed_threats_counter_wall,False,21,1
255,0,pub_threat40_surge,public_decision_frame+information_state,player_0_attempted_to_draw_from_empty_library,oracle_map_08_60_mixed_threats_counter_wall,0,6,0.0,1803754309,rev0099_expanded_matrix_refresh,40,1,pub_threat40_surge,oracle_map_08_60_mixed_threats_counter_wall,False,26,1
341,1,pub_threat40_surge,public_decision_frame+information_state,player_1_attempted_to_draw_from_empty_library,oracle_map_08_60_mixed_threats_counter_wall,1,6,0.0,1317711000,rev0099_expanded_matrix_refresh,40,0,oracle_map_08_60_mixed_threats_counter_wall,pub_threat40_surge,False,29,0
116,1,pub_threat40_surge,public_decision_frame+information_state,player_1_attempted_to_draw_from_empty_library,oracle_map_08_60_mixed_threats_counter_wall,1,6,0.0,289762092,rev0099_expanded_matrix_refresh,40,1,oracle_map_08_60_mixed_threats_counter_wall,pub_threat40_surge,False,10,0
195,0,pub_threat40_surge,public_decision_frame+information_state,player_0_attempted_to_draw_from_empty_library,oracle_map_08_60_mixed_threats_counter_wall,0,7,0.0,1689536446,rev0099_expanded_matrix_refresh,40,0,pub_threat40_surge,oracle_map_08_60_mixed_threats_counter_wall,False,19,1
185,0,pub_threat40_surge,public_decision_frame+information_state,player_0_attempted_to_draw_from_empty_library,oracle_map_08_60_mixed_threats_counter_wall,0,7,0.0,1222847765,rev0099_expanded_matrix_refresh,40,1,pub_threat40_surge,oracle_map_08_60_mixed_threats_counter_wall,False,18,1
150,1,pub_threat40_surge,public_decision_frame+information_state,player_1_attempted_to_draw_from_empty_library,oracle_map_08_60_mixed_threats_counter_wall,1,7,0.0,1530865184,rev0099_expanded_matrix_refresh,40,0,oracle_map_08_60_mixed_threats_counter_wall,pub_threat40_surge,False,14,0
159,1,pub_threat40_surge,public_decision_frame+information_state,player_0_life_total_zero_or_less,oracle_map_08_60_mixed_threats_counter_wall,1,7,1.0,1631988291,rev0099_expanded_matrix_refresh,40,1,oracle_map_08_60_mixed_threats_counter_wall,pub_threat40_surge,False,14,1
251,0,pub_threat40_surge,public_decision_frame+information_state,player_0_life_total_zero_or_less,oracle_map_08_60_mixed_threats_counter_wall,0,8,0.0,1797772468,rev0099_expanded_matrix_refresh,40,0,pub_threat40_surge,oracle_map_08_60_mixed_threats_counter_wall,False,18,1
118,0,pub_threat40_surge,public_decision_frame+information_state,player_0_attempted_to_draw_from_empty_library,oracle_map_08_60_mixed_threats_counter_wall,0,8,0.0,1089704711,rev0099_expanded_matrix_refresh,40,1,pub_threat40_surge,oracle_map_08_60_mixed_threats_counter_wall,False,12,1
120,1,pub_threat40_surge,public_decision_frame+information_state,player_1_attempted_to_draw_from_empty_library,oracle_map_08_60_mixed_threats_counter_wall,1,8,0.0,510236934,rev0099_expanded_matrix_refresh,40,0,oracle_map_08_60_mixed_threats_counter_wall,pub_threat40_surge,False,11,0
197,1,pub_threat40_surge,public_decision_frame+information_state,player_1_life_total_zero_or_less,oracle_map_08_60_mixed_threats_counter_wall,1,8,0.0,1725465577,rev0099_expanded_matrix_refresh,40,1,oracle_map_08_60_mixed_threats_counter_wall,pub_threat40_surge,False,19,0
190,0,pub_threat40_surge,public_decision_frame+information_state,player_0_attempted_to_draw_from_empty_library,oracle_map_08_60_mixed_threats_counter_wall,0,9,0.0,904199498,rev0099_expanded_matrix_refresh,40,0,pub_threat40_surge,oracle_map_08_60_mixed_threats_counter_wall,False,19,1
236,0,pub_threat40_surge,public_decision_frame+information_state,player_0_life_total_zero_or_less,oracle_map_08_60_mixed_threats_counter_wall,0,9,0.0,1484931380,rev0099_expanded_matrix_refresh,40,1,pub_threat40_surge,oracle_map_08_60_mixed_threats_counter_wall,False,16,1
210,1,pub_threat40_surge,public_decision_frame+information_state,player_1_attempted_to_draw_from_empty_library,oracle_map_08_60_mixed_threats_counter_wall,1,9,0.0,309870193,rev0099_expanded_matrix_refresh,40,0,oracle_map_08_60_mixed_threats_counter_wall,pub_threat40_surge,False,18,0
177,1,pub_threat40_surge,public_decision_frame+information_state,player_1_attempted_to_draw_from_empty_library,oracle_map_08_60_mixed_threats_counter_wall,1,9,0.0,458027374,rev0099_expanded_matrix_refresh,40,1,oracle_map_08_60_mixed_threats_counter_wall,pub_threat40_surge,False,15,0
126,0,pub_threat60_closure,public_decision_frame+information_state,player_0_life_total_zero_or_less,pub_threat60_pressure,0,0,0.0,183585709,rev0099_expanded_matrix_refresh,20,0,pub_threat60_closure,pub_threat60_pressure,False,9,1
155,0,pub_threat60_closure,public_decision_frame+information_state,player_0_life_total_zero_or_less,pub_threat60_pressure,0,0,0.0,1223093677,rev0099_expanded_matrix_refresh,20,1,pub_threat60_closure,pub_threat60_pressure,False,11,1
159,1,pub_threat60_closure,public_decision_frame+information_state,player_1_life_total_zero_or_less,pub_threat60_pressure,1,0,0.0,1351564607,rev0099_expanded_matrix_refresh,20,0,pub_threat60_pressure,pub_threat60_closure,False,11,0
137,1,pub_threat60_closure,public_decision_frame+information_state,player_0_life_total_zero_or_less,pub_threat60_pressure,1,0,1.0,998778314,rev0099_expanded_matrix_refresh,20,1,pub_threat60_pressure,pub_threat60_closure,False,10,1
135,0,pub_threat60_closure,public_decision_frame+information_state,player_1_life_total_zero_or_less,pub_threat60_pressure,0,1,1.0,159816400,rev0099_expanded_matrix_refresh,20,0,pub_threat60_closure,pub_threat60_pressure,False,10,0
233,0,pub_threat60_closure,public_decision_frame+information_state,player_1_life_total_zero_or_less,pub_threat60_pressure,0,1,1.0,1435621835,rev0099_expanded_matrix_refresh,20,1,pub_threat60_closure,pub_threat60_pressure,False,17,0
142,1,pub_threat60_closure,public_decision_frame+information_state,player_0_life_total_zero_or_less,pub_threat60_pressure,1,1,1.0,1767982846,rev0099_expanded_matrix_refresh,20,0,pub_threat60_pressure,pub_threat60_closure,False,9,1
119,1,pub_threat60_closure,public_decision_frame+information_state,player_1_attempted_to_draw_from_empty_library,pub_threat60_pressure,1,1,0.0,1409965428,rev0099_expanded_matrix_refresh,20,1,pub_threat60_pressure,pub_threat60_closure,False,11,0
118,0,pub_threat60_closure,public_decision_frame+information_state,player_1_attempted_to_draw_from_empty_library,pub_threat60_pressure,0,2,1.0,1291459186,rev0099_expanded_matrix_refresh,20,0,pub_threat60_closure,pub_threat60_pressure,False,11,0
132,0,pub_threat60_closure,public_decision_frame+information_state,player_0_life_total_zero_or_less,pub_threat60_pressure,0,2,0.0,916469466,rev0099_expanded_matrix_refresh,20,1,pub_threat60_closure,pub_threat60_pressure,False,11,1
168,1,pub_threat60_closure,public_decision_frame+information_state,player_1_life_total_zero_or_less,pub_threat60_pressure,1,2,0.0,1149037602,rev0099_expanded_matrix_refresh,20,0,pub_threat60_pressure,pub_threat60_closure,False,11,0
150,1,pub_threat60_closure,public_decision_frame+information_state,player_0_life_total_zero_or_less,pub_threat60_pressure,1,2,1.0,1091867480,rev0099_expanded_matrix_refresh,20,1,pub_threat60_pressure,pub_threat60_closure,False,12,1
122,0,pub_threat60_closure,public_decision_frame+information_state,player_0_life_total_zero_or_less,pub_threat60_pressure,0,3,0.0,794264776,rev0099_expanded_matrix_refresh,20,0,pub_threat60_closure,pub_threat60_pressure,False,9,1
206,0,pub_threat60_closure,public_decision_frame+information_state,player_0_attempted_to_draw_from_empty_library,pub_threat60_pressure,0,3,0.0,1613118424,rev0099_expanded_matrix_refresh,20,1,pub_threat60_closure,pub_threat60_pressure,False,19,1
103,1,pub_threat60_closure,public_decision_frame+information_state,player_0_life_total_zero_or_less,pub_threat60_pressure,1,3,1.0,275119298,rev0099_expanded_matrix_refresh,20,0,pub_threat60_pressure,pub_threat60_closure,False,8,1
129,1,pub_threat60_closure,public_decision_frame+information_state,player_1_life_total_zero_or_less,pub_threat60_pressure,1,3,0.0,901677417,rev0099_expanded_matrix_refresh,20,1,pub_threat60_pressure,pub_threat60_closure,False,11,0
105,0,pub_threat60_closure,public_decision_frame+information_state,player_1_life_total_zero_or_less,pub_threat60_pressure,0,4,1.0,1724066092,rev0099_expanded_matrix_refresh,20,0,pub_threat60_closure,pub_threat60_pressure,False,9,0
104,0,pub_threat60_closure,public_decision_frame+information_state,player_0_life_total_zero_or_less,pub_threat60_pressure,0,4,0.0,1801671732,rev0099_expanded_matrix_refresh,20,1,pub_threat60_closure,pub_threat60_pressure,False,8,1
96,1,pub_threat60_closure,public_decision_frame+information_state,player_0_life_total_zero_or_less,pub_threat60_pressure,1,4,1.0,1349272445,rev0099_expanded_matrix_refresh,20,0,pub_threat60_pressure,pub_threat60_closure,False,8,1
151,1,pub_threat60_closure,public_decision_frame+information_state,player_1_life_total_zero_or_less,pub_threat60_pressure,1,4,0.0,1126700122,rev0099_expanded_matrix_refresh,20,1,pub_threat60_pressure,pub_threat60_closure,False,12,0
95,0,pub_threat60_closure,public_decision_frame+information_state,player_1_life_total_zero_or_less,pub_threat60_pressure,0,5,1.0,587840747,rev0099_expanded_matrix_refresh,20,0,pub_threat60_closure,pub_threat60_pressure,False,9,0
136,0,pub_threat60_closure,public_decision_frame+information_state,player_0_life_total_zero_or_less,pub_threat60_pressure,0,5,0.0,639109117,rev0099_expanded_matrix_refresh,20,1,pub_threat60_closure,pub_threat60_pressure,False,10,1
156,1,pub_threat60_closure,public_decision_frame+information_state,player_1_life_total_zero_or_less,pub_threat60_pressure,1,5,0.0,184706095,rev0099_expanded_matrix_refresh,20,0,pub_threat60_pressure,pub_threat60_closure,False,11,0
111,1,pub_threat60_closure,public_decision_frame+information_state,player_0_life_total_zero_or_less,pub_threat60_pressure,1,5,1.0,269717774,rev0099_expanded_matrix_refresh,20,1,pub_threat60_pressure,pub_threat60_closure,False,8,1
177,0,pub_threat60_closure,public_decision_frame+information_state,player_0_life_total_zero_or_less,pub_threat60_pressure,0,6,0.0,1718741871,rev0099_expanded_matrix_refresh,20,0,pub_threat60_closure,pub_threat60_pressure,False,16,1
98,0,pub_threat60_closure,public_decision_frame+information_state,player_0_life_total_zero_or_less,pub_threat60_pressure,0,6,0.0,735234159,rev0099_expanded_matrix_refresh,20,1,pub_threat60_closure,pub_threat60_pressure,False,8,1
118,1,pub_threat60_closure,public_decision_frame+information_state,player_0_life_total_zero_or_less,pub_threat60_pressure,1,6,1.0,271741985,rev0099_expanded_matrix_refresh,20,0,pub_threat60_pressure,pub_threat60_closure,False,9,1
172,1,pub_threat60_closure,public_decision_frame+information_state,player_0_life_total_zero_or_less,pub_threat60_pressure,1,6,1.0,1120550736,rev0099_expanded_matrix_refresh,20,1,pub_threat60_pressure,pub_threat60_closure,False,12,1
123,0,pub_threat60_closure,public_decision_frame+information_state,player_1_attempted_to_draw_from_empty_library,pub_threat60_pressure,0,7,1.0,689497421,rev0099_expanded_matrix_refresh,20,0,pub_threat60_closure,pub_threat60_pressure,False,10,0
133,0,pub_threat60_closure,public_decision_frame+information_state,player_1_life_total_zero_or_less,pub_threat60_pressure,0,7,1.0,1080602291,rev0099_expanded_matrix_refresh,20,1,pub_threat60_closure,pub_threat60_pressure,False,12,0
109,1,pub_threat60_closure,public_decision_frame+information_state,player_1_life_total_zero_or_less,pub_threat60_pressure,1,7,0.0,646114183,rev0099_expanded_matrix_refresh,20,0,pub_threat60_pressure,pub_threat60_closure,False,8,0
104,1,pub_threat60_closure,public_decision_frame+information_state,player_0_life_total_zero_or_less,pub_threat60_pressure,1,7,1.0,1386357105,rev0099_expanded_matrix_refresh,20,1,pub_threat60_pressure,pub_threat60_closure,False,8,1
243,0,pub_threat60_closure,public_decision_frame+information_state,player_0_life_total_zero_or_less,pub_threat60_pressure,0,8,0.0,1438008153,rev0099_expanded_matrix_refresh,20,0,pub_threat60_closure,pub_threat60_pressure,False,21,1
159,0,pub_threat60_closure,public_decision_frame+information_state,player_0_life_total_zero_or_less,pub_threat60_pressure,0,8,0.0,318140865,rev0099_expanded_matrix_refresh,20,1,pub_threat60_closure,pub_threat60_pressure,False,12,1
172,1,pub_threat60_closure,public_decision_frame+information_state,player_0_life_total_zero_or_less,pub_threat60_pressure,1,8,1.0,1072780694,rev0099_expanded_matrix_refresh,20,0,pub_threat60_pressure,pub_threat60_closure,False,12,1
119,1,pub_threat60_closure,public_decision_frame+information_state,player_1_life_total_zero_or_less,pub_threat60_pressure,1,8,0.0,1718528136,rev0099_expanded_matrix_refresh,20,1,pub_threat60_pressure,pub_threat60_closure,False,10,0
145,0,pub_threat60_closure,public_decision_frame+information_state,player_1_life_total_zero_or_less,pub_threat60_pressure,0,9,1.0,1902266180,rev0099_expanded_matrix_refresh,20,0,pub_threat60_closure,pub_threat60_pressure,False,12,0
209,0,pub_threat60_closure,public_decision_frame+information_state,player_1_attempted_to_draw_from_empty_library,pub_threat60_pressure,0,9,1.0,681422266,rev0099_expanded_matrix_refresh,20,1,pub_threat60_closure,pub_threat60_pressure,False,14,0
183,1,pub_threat60_closure,public_decision_frame+information_state,player_0_life_total_zero_or_less,pub_threat60_pressure,1,9,1.0,1277061348,rev0099_expanded_matrix_refresh,20,0,pub_threat60_pressure,pub_threat60_closure,False,17,1
139,1,pub_threat60_closure,public_decision_frame+information_state,player_0_life_total_zero_or_less,pub_threat60_pressure,1,9,1.0,1365385726,rev0099_expanded_matrix_refresh,20,1,pub_threat60_pressure,pub_threat60_closure,False,12,1
183,0,pub_threat60_closure,public_decision_frame+information_state,player_0_life_total_zero_or_less,pub_threat60_pressure,0,0,0.0,1297693139,rev0099_expanded_matrix_refresh,40,0,pub_threat60_closure,pub_threat60_pressure,False,11,1
185,0,pub_threat60_closure,public_decision_frame+information_state,player_0_life_total_zero_or_less,pub_threat60_pressure,0,0,0.0,470975528,rev0099_expanded_matrix_refresh,40,1,pub_threat60_closure,pub_threat60_pressure,False,13,1
179,1,pub_threat60_closure,public_decision_frame+information_state,player_0_life_total_zero_or_less,pub_threat60_pressure,1,0,1.0,1326737995,rev0099_expanded_matrix_refresh,40,0,pub_threat60_pressure,pub_threat60_closure,False,11,1
152,1,pub_threat60_closure,public_decision_frame+information_state,player_0_life_total_zero_or_less,pub_threat60_pressure,1,0,1.0,542345728,rev0099_expanded_matrix_refresh,40,1,pub_threat60_pressure,pub_threat60_closure,False,11,1
177,0,pub_threat60_closure,public_decision_frame+information_state,player_0_life_total_zero_or_less,pub_threat60_pressure,0,1,0.0,243804330,rev0099_expanded_matrix_refresh,40,0,pub_threat60_closure,pub_threat60_pressure,False,14,1
195,0,pub_threat60_closure,public_decision_frame+information_state,player_0_life_total_zero_or_less,pub_threat60_pressure,0,1,0.0,493843241,rev0099_expanded_matrix_refresh,40,1,pub_threat60_closure,pub_threat60_pressure,False,13,1
150,1,pub_threat60_closure,public_decision_frame+information_state,player_1_life_total_zero_or_less,pub_threat60_pressure,1,1,0.0,357086086,rev0099_expanded_matrix_refresh,40,0,pub_threat60_pressure,pub_threat60_closure,False,11,0
201,1,pub_threat60_closure,public_decision_frame+information_state,player_1_life_total_zero_or_less,pub_threat60_pressure,1,1,0.0,1538545095,rev0099_expanded_matrix_refresh,40,1,pub_threat60_pressure,pub_threat60_closure,False,14,0
141,0,pub_threat60_closure,public_decision_frame+information_state,player_0_life_total_zero_or_less,pub_threat60_pressure,0,2,0.0,590732762,rev0099_expanded_matrix_refresh,40,0,pub_threat60_closure,pub_threat60_pressure,False,9,1
170,0,pub_threat60_closure,public_decision_frame+information_state,player_0_life_total_zero_or_less,pub_threat60_pressure,0,2,0.0,641048868,rev0099_expanded_matrix_refresh,40,1,pub_threat60_closure,pub_threat60_pressure,False,12,1
164,1,pub_threat60_closure,public_decision_frame+information_state,player_1_life_total_zero_or_less,pub_threat60_pressure,1,2,0.0,1972670477,rev0099_expanded_matrix_refresh,40,0,pub_threat60_pressure,pub_threat60_closure,False,13,0
197,1,pub_threat60_closure,public_decision_frame+information_state,player_1_life_total_zero_or_less,pub_threat60_pressure,1,2,0.0,994129362,rev0099_expanded_matrix_refresh,40,1,pub_threat60_pressure,pub_threat60_closure,False,15,0
142,0,pub_threat60_closure,public_decision_frame+information_state,player_1_attempted_to_draw_from_empty_library,pub_threat60_pressure,0,3,1.0,1862744931,rev0099_expanded_matrix_refresh,40,0,pub_threat60_closure,pub_threat60_pressure,False,12,0
182,0,pub_threat60_closure,public_decision_frame+information_state,player_0_life_total_zero_or_less,pub_threat60_pressure,0,3,0.0,852831229,rev0099_expanded_matrix_refresh,40,1,pub_threat60_closure,pub_threat60_pressure,False,14,1
153,1,pub_threat60_closure,public_decision_frame+information_state,player_1_life_total_zero_or_less,pub_threat60_pressure,1,3,0.0,1747486241,rev0099_expanded_matrix_refresh,40,0,pub_threat60_pressure,pub_threat60_closure,False,10,0
153,1,pub_threat60_closure,public_decision_frame+information_state,player_0_attempted_to_draw_from_empty_library,pub_threat60_pressure,1,3,1.0,942718513,rev0099_expanded_matrix_refresh,40,1,pub_threat60_pressure,pub_threat60_closure,False,14,1
161,0,pub_threat60_closure,public_decision_frame+information_state,player_1_life_total_zero_or_less,pub_threat60_pressure,0,4,1.0,1524646912,rev0099_expanded_matrix_refresh,40,0,pub_threat60_closure,pub_threat60_pressure,False,11,0
190,0,pub_threat60_closure,public_decision_frame+information_state,player_0_life_total_zero_or_less,pub_threat60_pressure,0,4,0.0,322551250,rev0099_expanded_matrix_refresh,40,1,pub_threat60_closure,pub_threat60_pressure,False,15,1
148,1,pub_threat60_closure,public_decision_frame+information_state,player_1_life_total_zero_or_less,pub_threat60_pressure,1,4,0.0,451596914,rev0099_expanded_matrix_refresh,40,0,pub_threat60_pressure,pub_threat60_closure,False,12,0
175,1,pub_threat60_closure,public_decision_frame+information_state,player_1_life_total_zero_or_less,pub_threat60_pressure,1,4,0.0,1240486865,rev0099_expanded_matrix_refresh,40,1,pub_threat60_pressure,pub_threat60_closure,False,12,0
182,0,pub_threat60_closure,public_decision_frame+information_state,player_1_life_total_zero_or_less,pub_threat60_pressure,0,5,1.0,1955181541,rev0099_expanded_matrix_refresh,40,0,pub_threat60_closure,pub_threat60_pressure,False,14,0
159,0,pub_threat60_closure,public_decision_frame+information_state,player_0_life_total_zero_or_less,pub_threat60_pressure,0,5,0.0,1396113062,rev0099_expanded_matrix_refresh,40,1,pub_threat60_closure,pub_threat60_pressure,False,14,1
205,1,pub_threat60_closure,public_decision_frame+information_state,player_1_life_total_zero_or_less,pub_threat60_pressure,1,5,0.0,820217115,rev0099_expanded_matrix_refresh,40,0,pub_threat60_pressure,pub_threat60_closure,False,13,0
151,1,pub_threat60_closure,public_decision_frame+information_state,player_0_life_total_zero_or_less,pub_threat60_pressure,1,5,1.0,18332728,rev0099_expanded_matrix_refresh,40,1,pub_threat60_pressure,pub_threat60_closure,False,13,1
147,0,pub_threat60_closure,public_decision_frame+information_state,player_1_life_total_zero_or_less,pub_threat60_pressure,0,6,1.0,943825638,rev0099_expanded_matrix_refresh,40,0,pub_threat60_closure,pub_threat60_pressure,False,10,0
204,0,pub_threat60_closure,public_decision_frame+information_state,player_0_life_total_zero_or_less,pub_threat60_pressure,0,6,0.0,1660545211,rev0099_expanded_matrix_refresh,40,1,pub_threat60_closure,pub_threat60_pressure,False,14,1
120,1,pub_threat60_closure,public_decision_frame+information_state,player_0_life_total_zero_or_less,pub_threat60_pressure,1,6,1.0,1879433138,rev0099_expanded_matrix_refresh,40,0,pub_threat60_pressure,pub_threat60_closure,False,9,1
133,1,pub_threat60_closure,public_decision_frame+information_state,player_0_life_total_zero_or_less,pub_threat60_pressure,1,6,1.0,656063529,rev0099_expanded_matrix_refresh,40,1,pub_threat60_pressure,pub_threat60_closure,False,9,1
216,0,pub_threat60_closure,public_decision_frame+information_state,player_0_life_total_zero_or_less,pub_threat60_pressure,0,7,0.0,88021625,rev0099_expanded_matrix_refresh,40,0,pub_threat60_closure,pub_threat60_pressure,False,15,1
205,0,pub_threat60_closure,public_decision_frame+information_state,player_0_life_total_zero_or_less,pub_threat60_pressure,0,7,0.0,1917324752,rev0099_expanded_matrix_refresh,40,1,pub_threat60_closure,pub_threat60_pressure,False,18,1
163,1,pub_threat60_closure,public_decision_frame+information_state,player_1_life_total_zero_or_less,pub_threat60_pressure,1,7,0.0,59316621,rev0099_expanded_matrix_refresh,40,0,pub_threat60_pressure,pub_threat60_closure,False,11,0
214,1,pub_threat60_closure,public_decision_frame+information_state,player_0_life_total_zero_or_less,pub_threat60_pressure,1,7,1.0,1963554738,rev0099_expanded_matrix_refresh,40,1,pub_threat60_pressure,pub_threat60_closure,False,16,1
208,0,pub_threat60_closure,public_decision_frame+information_state,player_1_life_total_zero_or_less,pub_threat60_pressure,0,8,1.0,628007557,rev0099_expanded_matrix_refresh,40,0,pub_threat60_closure,pub_threat60_pressure,False,12,0
166,0,pub_threat60_closure,public_decision_frame+information_state,player_0_life_total_zero_or_less,pub_threat60_pressure,0,8,0.0,473221728,rev0099_expanded_matrix_refresh,40,1,pub_threat60_closure,pub_threat60_pressure,False,14,1
188,1,pub_threat60_closure,public_decision_frame+information_state,player_0_life_total_zero_or_less,pub_threat60_pressure,1,8,1.0,1738890319,rev0099_expanded_matrix_refresh,40,0,pub_threat60_pressure,pub_threat60_closure,False,12,1
162,1,pub_threat60_closure,public_decision_frame+information_state,player_0_life_total_zero_or_less,pub_threat60_pressure,1,8,1.0,1776600216,rev0099_expanded_matrix_refresh,40,1,pub_threat60_pressure,pub_threat60_closure,False,14,1
146,0,pub_threat60_closure,public_decision_frame+information_state,player_0_life_total_zero_or_less,pub_threat60_pressure,0,9,0.0,854601813,rev0099_expanded_matrix_refresh,40,0,pub_threat60_closure,pub_threat60_pressure,False,10,1
227,0,pub_threat60_closure,public_decision_frame+information_state,player_1_life_total_zero_or_less,pub_threat60_pressure,0,9,1.0,978401405,rev0099_expanded_matrix_refresh,40,1,pub_threat60_closure,pub_threat60_pressure,False,21,0
166,1,pub_threat60_closure,public_decision_frame+information_state,player_1_life_total_zero_or_less,pub_threat60_pressure,1,9,0.0,939049644,rev0099_expanded_matrix_refresh,40,0,pub_threat60_pressure,pub_threat60_closure,False,12,0
297,1,pub_threat60_closure,public_decision_frame+information_state,player_0_attempted_to_draw_from_empty_library,pub_threat60_pressure,1,9,1.0,476437791,rev0099_expanded_matrix_refresh,40,1,pub_threat60_pressure,pub_threat60_closure,False,23,1
143,0,pub_threat60_closure,public_decision_frame+information_state,player_0_life_total_zero_or_less,pub_threat60_surge,0,0,0.0,1213717009,rev0099_expanded_matrix_refresh,20,0,pub_threat60_closure,pub_threat60_surge,False,9,1
230,0,pub_threat60_closure,public_decision_frame+information_state,player_0_life_total_zero_or_less,pub_threat60_surge,0,0,0.0,900038265,rev0099_expanded_matrix_refresh,20,1,pub_threat60_closure,pub_threat60_surge,False,15,1
129,1,pub_threat60_closure,public_decision_frame+information_state,player_0_life_total_zero_or_less,pub_threat60_surge,1,0,1.0,22573389,rev0099_expanded_matrix_refresh,20,0,pub_threat60_surge,pub_threat60_closure,False,10,1
169,1,pub_threat60_closure,public_decision_frame+information_state,player_0_life_total_zero_or_less,pub_threat60_surge,1,0,1.0,191900143,rev0099_expanded_matrix_refresh,20,1,pub_threat60_surge,pub_threat60_closure,False,11,1
108,0,pub_threat60_closure,public_decision_frame+information_state,player_0_life_total_zero_or_less,pub_threat60_surge,0,1,0.0,35491543,rev0099_expanded_matrix_refresh,20,0,pub_threat60_closure,pub_threat60_surge,False,8,1
116,0,pub_threat60_closure,public_decision_frame+information_state,player_1_life_total_zero_or_less,pub_threat60_surge,0,1,1.0,588288555,rev0099_expanded_matrix_refresh,20,1,pub_threat60_closure,pub_threat60_surge,False,10,0
152,1,pub_threat60_closure,public_decision_frame+information_state,player_0_life_total_zero_or_less,pub_threat60_surge,1,1,1.0,43428926,rev0099_expanded_matrix_refresh,20,0,pub_threat60_surge,pub_threat60_closure,False,11,1
162,1,pub_threat60_closure,public_decision_frame+information_state,player_1_attempted_to_draw_from_empty_library,pub_threat60_surge,1,1,0.0,425884282,rev0099_expanded_matrix_refresh,20,1,pub_threat60_surge,pub_threat60_closure,False,16,0
114,0,pub_threat60_closure,public_decision_frame+information_state,player_0_life_total_zero_or_less,pub_threat60_surge,0,2,0.0,989982873,rev0099_expanded_matrix_refresh,20,0,pub_threat60_closure,pub_threat60_surge,False,10,1
212,0,pub_threat60_closure,public_decision_frame+information_state,player_1_life_total_zero_or_less,pub_threat60_surge,0,2,1.0,1578204824,rev0099_expanded_matrix_refresh,20,1,pub_threat60_closure,pub_threat60_surge,False,18,0
104,1,pub_threat60_closure,public_decision_frame+information_state,player_1_life_total_zero_or_less,pub_threat60_surge,1,2,0.0,1323538815,rev0099_expanded_matrix_refresh,20,0,pub_threat60_surge,pub_threat60_closure,False,8,0
102,1,pub_threat60_closure,public_decision_frame+information_state,player_1_life_total_zero_or_less,pub_threat60_surge,1,2,0.0,531423950,rev0099_expanded_matrix_refresh,20,1,pub_threat60_surge,pub_threat60_closure,False,9,0
139,0,pub_threat60_closure,public_decision_frame+information_state,player_1_life_total_zero_or_less,pub_threat60_surge,0,3,1.0,1927307062,rev0099_expanded_matrix_refresh,20,0,pub_threat60_closure,pub_threat60_surge,False,10,0
120,0,pub_threat60_closure,public_decision_frame+information_state,player_1_life_total_zero_or_less,pub_threat60_surge,0,3,1.0,352954367,rev0099_expanded_matrix_refresh,20,1,pub_threat60_closure,pub_threat60_surge,False,12,0
113,1,pub_threat60_closure,public_decision_frame+information_state,player_0_life_total_zero_or_less,pub_threat60_surge,1,3,1.0,119133532,rev0099_expanded_matrix_refresh,20,0,pub_threat60_surge,pub_threat60_closure,False,9,1
126,1,pub_threat60_closure,public_decision_frame+information_state,player_0_life_total_zero_or_less,pub_threat60_surge,1,3,1.0,173965883,rev0099_expanded_matrix_refresh,20,1,pub_threat60_surge,pub_threat60_closure,False,10,1
124,0,pub_threat60_closure,public_decision_frame+information_state,player_1_attempted_to_draw_from_empty_library,pub_threat60_surge,0,4,1.0,312668109,rev0099_expanded_matrix_refresh,20,0,pub_threat60_closure,pub_threat60_surge,False,10,0
113,0,pub_threat60_closure,public_decision_frame+information_state,player_1_life_total_zero_or_less,pub_threat60_surge,0,4,1.0,895096904,rev0099_expanded_matrix_refresh,20,1,pub_threat60_closure,pub_threat60_surge,False,10,0
193,1,pub_threat60_closure,public_decision_frame+information_state,player_1_life_total_zero_or_less,pub_threat60_surge,1,4,0.0,1218961703,rev0099_expanded_matrix_refresh,20,0,pub_threat60_surge,pub_threat60_closure,False,15,0
159,1,pub_threat60_closure,public_decision_frame+information_state,player_1_life_total_zero_or_less,pub_threat60_surge,1,4,0.0,319115898,rev0099_expanded_matrix_refresh,20,1,pub_threat60_surge,pub_threat60_closure,False,12,0
147,0,pub_threat60_closure,public_decision_frame+information_state,player_0_attempted_to_draw_from_empty_library,pub_threat60_surge,0,5,0.0,455591779,rev0099_expanded_matrix_refresh,20,0,pub_threat60_closure,pub_threat60_surge,False,14,1
108,0,pub_threat60_closure,public_decision_frame+information_state,player_1_attempted_to_draw_from_empty_library,pub_threat60_surge,0,5,1.0,79283661,rev0099_expanded_matrix_refresh,20,1,pub_threat60_closure,pub_threat60_surge,False,10,0
129,1,pub_threat60_closure,public_decision_frame+information_state,player_1_life_total_zero_or_less,pub_threat60_surge,1,5,0.0,839860630,rev0099_expanded_matrix_refresh,20,0,pub_threat60_surge,pub_threat60_closure,False,11,0
92,1,pub_threat60_closure,public_decision_frame+information_state,player_0_life_total_zero_or_less,pub_threat60_surge,1,5,1.0,1655898171,rev0099_expanded_matrix_refresh,20,1,pub_threat60_surge,pub_threat60_closure,False,8,1
108,0,pub_threat60_closure,public_decision_frame+information_state,player_1_life_total_zero_or_less,pub_threat60_surge,0,6,1.0,104660129,rev0099_expanded_matrix_refresh,20,0,pub_threat60_closure,pub_threat60_surge,False,8,0
130,0,pub_threat60_closure,public_decision_frame+information_state,player_1_life_total_zero_or_less,pub_threat60_surge,0,6,1.0,1625794144,rev0099_expanded_matrix_refresh,20,1,pub_threat60_closure,pub_threat60_surge,False,10,0
130,1,pub_threat60_closure,public_decision_frame+information_state,player_0_life_total_zero_or_less,pub_threat60_surge,1,6,1.0,1058124776,rev0099_expanded_matrix_refresh,20,0,pub_threat60_surge,pub_threat60_closure,False,10,1
127,1,pub_threat60_closure,public_decision_frame+information_state,player_0_life_total_zero_or_less,pub_threat60_surge,1,6,1.0,499180878,rev0099_expanded_matrix_refresh,20,1,pub_threat60_surge,pub_threat60_closure,False,9,1
118,0,pub_threat60_closure,public_decision_frame+information_state,player_1_life_total_zero_or_less,pub_threat60_surge,0,7,1.0,1875632549,rev0099_expanded_matrix_refresh,20,0,pub_threat60_closure,pub_threat60_surge,False,9,0
227,0,pub_threat60_closure,public_decision_frame+information_state,player_1_life_total_zero_or_less,pub_threat60_surge,0,7,1.0,1592795836,rev0099_expanded_matrix_refresh,20,1,pub_threat60_closure,pub_threat60_surge,False,15,0
120,1,pub_threat60_closure,public_decision_frame+information_state,player_1_life_total_zero_or_less,pub_threat60_surge,1,7,0.0,1734901414,rev0099_expanded_matrix_refresh,20,0,pub_threat60_surge,pub_threat60_closure,False,9,0
130,1,pub_threat60_closure,public_decision_frame+information_state,player_0_life_total_zero_or_less,pub_threat60_surge,1,7,1.0,1590872893,rev0099_expanded_matrix_refresh,20,1,pub_threat60_surge,pub_threat60_closure,False,10,1
194,0,pub_threat60_closure,public_decision_frame+information_state,player_1_life_total_zero_or_less,pub_threat60_surge,0,8,1.0,570397169,rev0099_expanded_matrix_refresh,20,0,pub_threat60_closure,pub_threat60_surge,False,15,0
193,0,pub_threat60_closure,public_decision_frame+information_state,player_1_life_total_zero_or_less,pub_threat60_surge,0,8,1.0,110891370,rev0099_expanded_matrix_refresh,20,1,pub_threat60_closure,pub_threat60_surge,False,13,0
179,1,pub_threat60_closure,public_decision_frame+information_state,player_0_life_total_zero_or_less,pub_threat60_surge,1,8,1.0,1141149147,rev0099_expanded_matrix_refresh,20,0,pub_threat60_surge,pub_threat60_closure,False,14,1
153,1,pub_threat60_closure,public_decision_frame+information_state,player_1_life_total_zero_or_less,pub_threat60_surge,1,8,0.0,328585664,rev0099_expanded_matrix_refresh,20,1,pub_threat60_surge,pub_threat60_closure,False,13,0
121,0,pub_threat60_closure,public_decision_frame+information_state,player_1_life_total_zero_or_less,pub_threat60_surge,0,9,1.0,1317215755,rev0099_expanded_matrix_refresh,20,0,pub_threat60_closure,pub_threat60_surge,False,10,0
158,0,pub_threat60_closure,public_decision_frame+information_state,player_1_life_total_zero_or_less,pub_threat60_surge,0,9,1.0,1893151769,rev0099_expanded_matrix_refresh,20,1,pub_threat60_closure,pub_threat60_surge,False,12,0
132,1,pub_threat60_closure,public_decision_frame+information_state,player_0_attempted_to_draw_from_empty_library,pub_threat60_surge,1,9,1.0,1490876587,rev0099_expanded_matrix_refresh,20,0,pub_threat60_surge,pub_threat60_closure,False,12,1
125,1,pub_threat60_closure,public_decision_frame+information_state,player_0_life_total_zero_or_less,pub_threat60_surge,1,9,1.0,294545894,rev0099_expanded_matrix_refresh,20,1,pub_threat60_surge,pub_threat60_closure,False,9,1
129,0,pub_threat60_closure,public_decision_frame+information_state,player_1_life_total_zero_or_less,pub_threat60_surge,0,0,1.0,1057947729,rev0099_expanded_matrix_refresh,40,0,pub_threat60_closure,pub_threat60_surge,False,11,0
163,0,pub_threat60_closure,public_decision_frame+information_state,player_0_life_total_zero_or_less,pub_threat60_surge,0,0,0.0,1392848629,rev0099_expanded_matrix_refresh,40,1,pub_threat60_closure,pub_threat60_surge,False,12,1
146,1,pub_threat60_closure,public_decision_frame+information_state,player_0_life_total_zero_or_less,pub_threat60_surge,1,0,1.0,1554298587,rev0099_expanded_matrix_refresh,40,0,pub_threat60_surge,pub_threat60_closure,False,11,1
151,1,pub_threat60_closure,public_decision_frame+information_state,player_0_life_total_zero_or_less,pub_threat60_surge,1,0,1.0,323497727,rev0099_expanded_matrix_refresh,40,1,pub_threat60_surge,pub_threat60_closure,False,10,1
185,0,pub_threat60_closure,public_decision_frame+information_state,player_1_life_total_zero_or_less,pub_threat60_surge,0,1,1.0,1648176146,rev0099_expanded_matrix_refresh,40,0,pub_threat60_closure,pub_threat60_surge,False,16,0
201,0,pub_threat60_closure,public_decision_frame+information_state,player_0_life_total_zero_or_less,pub_threat60_surge,0,1,0.0,621634158,rev0099_expanded_matrix_refresh,40,1,pub_threat60_closure,pub_threat60_surge,False,15,1
260,1,pub_threat60_closure,public_decision_frame+information_state,player_0_life_total_zero_or_less,pub_threat60_surge,1,1,1.0,652861499,rev0099_expanded_matrix_refresh,40,0,pub_threat60_surge,pub_threat60_closure,False,17,1
210,1,pub_threat60_closure,public_decision_frame+information_state,player_1_life_total_zero_or_less,pub_threat60_surge,1,1,0.0,1387772651,rev0099_expanded_matrix_refresh,40,1,pub_threat60_surge,pub_threat60_closure,False,14,0
230,0,pub_threat60_closure,public_decision_frame+information_state,player_0_life_total_zero_or_less,pub_threat60_surge,0,2,0.0,744865089,rev0099_expanded_matrix_refresh,40,0,pub_threat60_closure,pub_threat60_surge,False,20,1
290,0,pub_threat60_closure,public_decision_frame+information_state,player_0_attempted_to_draw_from_empty_library,pub_threat60_surge,0,2,0.0,882404285,rev0099_expanded_matrix_refresh,40,1,pub_threat60_closure,pub_threat60_surge,False,19,1
207,1,pub_threat60_closure,public_decision_frame+information_state,player_0_life_total_zero_or_less,pub_threat60_surge,1,2,1.0,1207391946,rev0099_expanded_matrix_refresh,40,0,pub_threat60_surge,pub_threat60_closure,False,14,1
131,1,pub_threat60_closure,public_decision_frame+information_state,player_0_life_total_zero_or_less,pub_threat60_surge,1,2,1.0,813855493,rev0099_expanded_matrix_refresh,40,1,pub_threat60_surge,pub_threat60_closure,False,9,1
149,0,pub_threat60_closure,public_decision_frame+information_state,player_0_life_total_zero_or_less,pub_threat60_surge,0,3,0.0,344606091,rev0099_expanded_matrix_refresh,40,0,pub_threat60_closure,pub_threat60_surge,False,11,1
160,0,pub_threat60_closure,public_decision_frame+information_state,player_1_life_total_zero_or_less,pub_threat60_surge,0,3,1.0,1211253883,rev0099_expanded_matrix_refresh,40,1,pub_threat60_closure,pub_threat60_surge,False,13,0
159,1,pub_threat60_closure,public_decision_frame+information_state,player_0_life_total_zero_or_less,pub_threat60_surge,1,3,1.0,976047668,rev0099_expanded_matrix_refresh,40,0,pub_threat60_surge,pub_threat60_closure,False,10,1
261,1,pub_threat60_closure,public_decision_frame+information_state,player_0_life_total_zero_or_less,pub_threat60_surge,1,3,1.0,1087584058,rev0099_expanded_matrix_refresh,40,1,pub_threat60_surge,pub_threat60_closure,False,24,1
168,0,pub_threat60_closure,public_decision_frame+information_state,player_1_life_total_zero_or_less,pub_threat60_surge,0,4,1.0,1974105228,rev0099_expanded_matrix_refresh,40,0,pub_threat60_closure,pub_threat60_surge,False,12,0
163,0,pub_threat60_closure,public_decision_frame+information_state,player_0_life_total_zero_or_less,pub_threat60_surge,0,4,0.0,7674859,rev0099_expanded_matrix_refresh,40,1,pub_threat60_closure,pub_threat60_surge,False,12,1
237,1,pub_threat60_closure,public_decision_frame+information_state,player_0_life_total_zero_or_less,pub_threat60_surge,1,4,1.0,1903158909,rev0099_expanded_matrix_refresh,40,0,pub_threat60_surge,pub_threat60_closure,False,14,1
202,1,pub_threat60_closure,public_decision_frame+information_state,player_0_life_total_zero_or_less,pub_threat60_surge,1,4,1.0,1419917703,rev0099_expanded_matrix_refresh,40,1,pub_threat60_surge,pub_threat60_closure,False,13,1
202,0,pub_threat60_closure,public_decision_frame+information_state,player_0_life_total_zero_or_less,pub_threat60_surge,0,5,0.0,1344324681,rev0099_expanded_matrix_refresh,40,0,pub_threat60_closure,pub_threat60_surge,False,16,1
157,0,pub_threat60_closure,public_decision_frame+information_state,player_0_life_total_zero_or_less,pub_threat60_surge,0,5,0.0,40313930,rev0099_expanded_matrix_refresh,40,1,pub_threat60_closure,pub_threat60_surge,False,12,1
138,1,pub_threat60_closure,public_decision_frame+information_state,player_0_life_total_zero_or_less,pub_threat60_surge,1,5,1.0,1392787362,rev0099_expanded_matrix_refresh,40,0,pub_threat60_surge,pub_threat60_closure,False,10,1
166,1,pub_threat60_closure,public_decision_frame+information_state,player_1_attempted_to_draw_from_empty_library,pub_threat60_surge,1,5,0.0,1201477054,rev0099_expanded_matrix_refresh,40,1,pub_threat60_surge,pub_threat60_closure,False,15,0
170,0,pub_threat60_closure,public_decision_frame+information_state,player_0_life_total_zero_or_less,pub_threat60_surge,0,6,0.0,1246999202,rev0099_expanded_matrix_refresh,40,0,pub_threat60_closure,pub_threat60_surge,False,12,1
202,0,pub_threat60_closure,public_decision_frame+information_state,player_1_life_total_zero_or_less,pub_threat60_surge,0,6,1.0,756104671,rev0099_expanded_matrix_refresh,40,1,pub_threat60_closure,pub_threat60_surge,False,13,0
262,1,pub_threat60_closure,public_decision_frame+information_state,player_1_life_total_zero_or_less,pub_threat60_surge,1,6,0.0,769833945,rev0099_expanded_matrix_refresh,40,0,pub_threat60_surge,pub_threat60_closure,False,16,0
244,1,pub_threat60_closure,public_decision_frame+information_state,player_1_life_total_zero_or_less,pub_threat60_surge,1,6,0.0,274061344,rev0099_expanded_matrix_refresh,40,1,pub_threat60_surge,pub_threat60_closure,False,16,0
146,0,pub_threat60_closure,public_decision_frame+information_state,player_1_life_total_zero_or_less,pub_threat60_surge,0,7,1.0,612196749,rev0099_expanded_matrix_refresh,40,0,pub_threat60_closure,pub_threat60_surge,False,11,0
190,0,pub_threat60_closure,public_decision_frame+information_state,player_0_life_total_zero_or_less,pub_threat60_surge,0,7,0.0,414131869,rev0099_expanded_matrix_refresh,40,1,pub_threat60_closure,pub_threat60_surge,False,15,1
126,1,pub_threat60_closure,public_decision_frame+information_state,player_0_life_total_zero_or_less,pub_threat60_surge,1,7,1.0,441669850,rev0099_expanded_matrix_refresh,40,0,pub_threat60_surge,pub_threat60_closure,False,9,1
161,1,pub_threat60_closure,public_decision_frame+information_state,player_1_life_total_zero_or_less,pub_threat60_surge,1,7,0.0,1705348202,rev0099_expanded_matrix_refresh,40,1,pub_threat60_surge,pub_threat60_closure,False,12,0
162,0,pub_threat60_closure,public_decision_frame+information_state,player_0_attempted_to_draw_from_empty_library,pub_threat60_surge,0,8,0.0,314164698,rev0099_expanded_matrix_refresh,40,0,pub_threat60_closure,pub_threat60_surge,False,13,1
141,0,pub_threat60_closure,public_decision_frame+information_state,player_0_life_total_zero_or_less,pub_threat60_surge,0,8,0.0,1736369509,rev0099_expanded_matrix_refresh,40,1,pub_threat60_closure,pub_threat60_surge,False,10,1
154,1,pub_threat60_closure,public_decision_frame+information_state,player_0_life_total_zero_or_less,pub_threat60_surge,1,8,1.0,502861081,rev0099_expanded_matrix_refresh,40,0,pub_threat60_surge,pub_threat60_closure,False,12,1
142,1,pub_threat60_closure,public_decision_frame+information_state,player_1_life_total_zero_or_less,pub_threat60_surge,1,8,0.0,970903124,rev0099_expanded_matrix_refresh,40,1,pub_threat60_surge,pub_threat60_closure,False,11,0
163,0,pub_threat60_closure,public_decision_frame+information_state,player_0_life_total_zero_or_less,pub_threat60_surge,0,9,0.0,441286523,rev0099_expanded_matrix_refresh,40,0,pub_threat60_closure,pub_threat60_surge,False,11,1
178,0,pub_threat60_closure,public_decision_frame+information_state,player_1_life_total_zero_or_less,pub_threat60_surge,0,9,1.0,210563564,rev0099_expanded_matrix_refresh,40,1,pub_threat60_closure,pub_threat60_surge,False,15,0
149,1,pub_threat60_closure,public_decision_frame+information_state,player_0_life_total_zero_or_less,pub_threat60_surge,1,9,1.0,494716008,rev0099_expanded_matrix_refresh,40,0,pub_threat60_surge,pub_threat60_closure,False,11,1
183,1,pub_threat60_closure,public_decision_frame+information_state,player_0_life_total_zero_or_less,pub_threat60_surge,1,9,1.0,453352683,rev0099_expanded_matrix_refresh,40,1,pub_threat60_surge,pub_threat60_closure,False,13,1
167,0,pub_threat60_closure,public_decision_frame+information_state,player_0_attempted_to_draw_from_empty_library,oracle_map_08_60_mixed_threats_counter_wall,0,0,0.0,943019835,rev0099_expanded_matrix_refresh,20,0,pub_threat60_closure,oracle_map_08_60_mixed_threats_counter_wall,False,16,1
190,0,pub_threat60_closure,public_decision_frame+information_state,player_0_attempted_to_draw_from_empty_library,oracle_map_08_60_mixed_threats_counter_wall,0,0,0.0,1354515279,rev0099_expanded_matrix_refresh,20,1,pub_threat60_closure,oracle_map_08_60_mixed_threats_counter_wall,False,15,1
142,1,pub_threat60_closure,public_decision_frame+information_state,player_1_life_total_zero_or_less,oracle_map_08_60_mixed_threats_counter_wall,1,0,0.0,1371167299,rev0099_expanded_matrix_refresh,20,0,oracle_map_08_60_mixed_threats_counter_wall,pub_threat60_closure,False,10,0
170,1,pub_threat60_closure,public_decision_frame+information_state,player_0_life_total_zero_or_less,oracle_map_08_60_mixed_threats_counter_wall,1,0,1.0,291561881,rev0099_expanded_matrix_refresh,20,1,oracle_map_08_60_mixed_threats_counter_wall,pub_threat60_closure,False,13,1
323,0,pub_threat60_closure,public_decision_frame+information_state,player_1_life_total_zero_or_less,oracle_map_08_60_mixed_threats_counter_wall,0,1,1.0,492463624,rev0099_expanded_matrix_refresh,20,0,pub_threat60_closure,oracle_map_08_60_mixed_threats_counter_wall,False,28,0
137,0,pub_threat60_closure,public_decision_frame+information_state,player_0_attempted_to_draw_from_empty_library,oracle_map_08_60_mixed_threats_counter_wall,0,1,0.0,1239016056,rev0099_expanded_matrix_refresh,20,1,pub_threat60_closure,oracle_map_08_60_mixed_threats_counter_wall,False,14,1
128,1,pub_threat60_closure,public_decision_frame+information_state,player_1_attempted_to_draw_from_empty_library,oracle_map_08_60_mixed_threats_counter_wall,1,1,0.0,1892509097,rev0099_expanded_matrix_refresh,20,0,oracle_map_08_60_mixed_threats_counter_wall,pub_threat60_closure,False,13,0
113,1,pub_threat60_closure,public_decision_frame+information_state,player_1_attempted_to_draw_from_empty_library,oracle_map_08_60_mixed_threats_counter_wall,1,1,0.0,1687695447,rev0099_expanded_matrix_refresh,20,1,oracle_map_08_60_mixed_threats_counter_wall,pub_threat60_closure,False,12,0
247,0,pub_threat60_closure,public_decision_frame+information_state,player_1_life_total_zero_or_less,oracle_map_08_60_mixed_threats_counter_wall,0,2,1.0,1445722555,rev0099_expanded_matrix_refresh,20,0,pub_threat60_closure,oracle_map_08_60_mixed_threats_counter_wall,False,21,0
155,0,pub_threat60_closure,public_decision_frame+information_state,player_1_attempted_to_draw_from_empty_library,oracle_map_08_60_mixed_threats_counter_wall,0,2,1.0,463219378,rev0099_expanded_matrix_refresh,20,1,pub_threat60_closure,oracle_map_08_60_mixed_threats_counter_wall,False,14,0
157,1,pub_threat60_closure,public_decision_frame+information_state,player_0_life_total_zero_or_less,oracle_map_08_60_mixed_threats_counter_wall,1,2,1.0,1899902051,rev0099_expanded_matrix_refresh,20,0,oracle_map_08_60_mixed_threats_counter_wall,pub_threat60_closure,False,11,1
98,1,pub_threat60_closure,public_decision_frame+information_state,player_0_life_total_zero_or_less,oracle_map_08_60_mixed_threats_counter_wall,1,2,1.0,260226984,rev0099_expanded_matrix_refresh,20,1,oracle_map_08_60_mixed_threats_counter_wall,pub_threat60_closure,False,9,1
147,0,pub_threat60_closure,public_decision_frame+information_state,player_0_life_total_zero_or_less,oracle_map_08_60_mixed_threats_counter_wall,0,3,0.0,1570611286,rev0099_expanded_matrix_refresh,20,0,pub_threat60_closure,oracle_map_08_60_mixed_threats_counter_wall,False,11,1
200,0,pub_threat60_closure,public_decision_frame+information_state,player_0_life_total_zero_or_less,oracle_map_08_60_mixed_threats_counter_wall,0,3,0.0,1083016784,rev0099_expanded_matrix_refresh,20,1,pub_threat60_closure,oracle_map_08_60_mixed_threats_counter_wall,False,17,1
124,1,pub_threat60_closure,public_decision_frame+information_state,player_1_life_total_zero_or_less,oracle_map_08_60_mixed_threats_counter_wall,1,3,0.0,1610945228,rev0099_expanded_matrix_refresh,20,0,oracle_map_08_60_mixed_threats_counter_wall,pub_threat60_closure,False,12,0
92,1,pub_threat60_closure,public_decision_frame+information_state,player_0_life_total_zero_or_less,oracle_map_08_60_mixed_threats_counter_wall,1,3,1.0,1462960918,rev0099_expanded_matrix_refresh,20,1,oracle_map_08_60_mixed_threats_counter_wall,pub_threat60_closure,False,9,1
173,0,pub_threat60_closure,public_decision_frame+information_state,player_0_life_total_zero_or_less,oracle_map_08_60_mixed_threats_counter_wall,0,4,0.0,1652660899,rev0099_expanded_matrix_refresh,20,0,pub_threat60_closure,oracle_map_08_60_mixed_threats_counter_wall,False,14,1
126,0,pub_threat60_closure,public_decision_frame+information_state,player_0_life_total_zero_or_less,oracle_map_08_60_mixed_threats_counter_wall,0,4,0.0,1771725643,rev0099_expanded_matrix_refresh,20,1,pub_threat60_closure,oracle_map_08_60_mixed_threats_counter_wall,False,9,1
110,1,pub_threat60_closure,public_decision_frame+information_state,player_0_life_total_zero_or_less,oracle_map_08_60_mixed_threats_counter_wall,1,4,1.0,985853676,rev0099_expanded_matrix_refresh,20,0,oracle_map_08_60_mixed_threats_counter_wall,pub_threat60_closure,False,9,1
134,1,pub_threat60_closure,public_decision_frame+information_state,player_1_attempted_to_draw_from_empty_library,oracle_map_08_60_mixed_threats_counter_wall,1,4,0.0,594589475,rev0099_expanded_matrix_refresh,20,1,oracle_map_08_60_mixed_threats_counter_wall,pub_threat60_closure,False,13,0
119,0,pub_threat60_closure,public_decision_frame+information_state,player_1_life_total_zero_or_less,oracle_map_08_60_mixed_threats_counter_wall,0,5,1.0,1973630213,rev0099_expanded_matrix_refresh,20,0,pub_threat60_closure,oracle_map_08_60_mixed_threats_counter_wall,False,10,0
168,0,pub_threat60_closure,public_decision_frame+information_state,player_0_attempted_to_draw_from_empty_library,oracle_map_08_60_mixed_threats_counter_wall,0,5,0.0,1098426701,rev0099_expanded_matrix_refresh,20,1,pub_threat60_closure,oracle_map_08_60_mixed_threats_counter_wall,False,15,1
134,1,pub_threat60_closure,public_decision_frame+information_state,player_1_attempted_to_draw_from_empty_library,oracle_map_08_60_mixed_threats_counter_wall,1,5,0.0,1130297410,rev0099_expanded_matrix_refresh,20,0,oracle_map_08_60_mixed_threats_counter_wall,pub_threat60_closure,False,11,0
141,1,pub_threat60_closure,public_decision_frame+information_state,player_1_life_total_zero_or_less,oracle_map_08_60_mixed_threats_counter_wall,1,5,0.0,1896736636,rev0099_expanded_matrix_refresh,20,1,oracle_map_08_60_mixed_threats_counter_wall,pub_threat60_closure,False,11,0
142,0,pub_threat60_closure,public_decision_frame+information_state,player_1_life_total_zero_or_less,oracle_map_08_60_mixed_threats_counter_wall,0,6,1.0,997630358,rev0099_expanded_matrix_refresh,20,0,pub_threat60_closure,oracle_map_08_60_mixed_threats_counter_wall,False,11,0
186,0,pub_threat60_closure,public_decision_frame+information_state,player_0_attempted_to_draw_from_empty_library,oracle_map_08_60_mixed_threats_counter_wall,0,6,0.0,331268034,rev0099_expanded_matrix_refresh,20,1,pub_threat60_closure,oracle_map_08_60_mixed_threats_counter_wall,False,18,1
227,1,pub_threat60_closure,public_decision_frame+information_state,player_1_life_total_zero_or_less,oracle_map_08_60_mixed_threats_counter_wall,1,6,0.0,946084735,rev0099_expanded_matrix_refresh,20,0,oracle_map_08_60_mixed_threats_counter_wall,pub_threat60_closure,False,21,0
162,1,pub_threat60_closure,public_decision_frame+information_state,player_1_life_total_zero_or_less,oracle_map_08_60_mixed_threats_counter_wall,1,6,0.0,424049158,rev0099_expanded_matrix_refresh,20,1,oracle_map_08_60_mixed_threats_counter_wall,pub_threat60_closure,False,13,0
201,0,pub_threat60_closure,public_decision_frame+information_state,player_1_life_total_zero_or_less,oracle_map_08_60_mixed_threats_counter_wall,0,7,1.0,647929582,rev0099_expanded_matrix_refresh,20,0,pub_threat60_closure,oracle_map_08_60_mixed_threats_counter_wall,False,16,0
142,0,pub_threat60_closure,public_decision_frame+information_state,player_0_life_total_zero_or_less,oracle_map_08_60_mixed_threats_counter_wall,0,7,0.0,1920568170,rev0099_expanded_matrix_refresh,20,1,pub_threat60_closure,oracle_map_08_60_mixed_threats_counter_wall,False,14,1
99,1,pub_threat60_closure,public_decision_frame+information_state,player_0_life_total_zero_or_less,oracle_map_08_60_mixed_threats_counter_wall,1,7,1.0,378829827,rev0099_expanded_matrix_refresh,20,0,oracle_map_08_60_mixed_threats_counter_wall,pub_threat60_closure,False,9,1
129,1,pub_threat60_closure,public_decision_frame+information_state,player_1_attempted_to_draw_from_empty_library,oracle_map_08_60_mixed_threats_counter_wall,1,7,0.0,787229325,rev0099_expanded_matrix_refresh,20,1,oracle_map_08_60_mixed_threats_counter_wall,pub_threat60_closure,False,11,0
149,0,pub_threat60_closure,public_decision_frame+information_state,player_0_life_total_zero_or_less,oracle_map_08_60_mixed_threats_counter_wall,0,8,0.0,327746470,rev0099_expanded_matrix_refresh,20,0,pub_threat60_closure,oracle_map_08_60_mixed_threats_counter_wall,False,9,1
161,0,pub_threat60_closure,public_decision_frame+information_state,player_0_life_total_zero_or_less,oracle_map_08_60_mixed_threats_counter_wall,0,8,0.0,1231367560,rev0099_expanded_matrix_refresh,20,1,pub_threat60_closure,oracle_map_08_60_mixed_threats_counter_wall,False,15,1
109,1,pub_threat60_closure,public_decision_frame+information_state,player_1_life_total_zero_or_less,oracle_map_08_60_mixed_threats_counter_wall,1,8,0.0,819095754,rev0099_expanded_matrix_refresh,20,0,oracle_map_08_60_mixed_threats_counter_wall,pub_threat60_closure,False,10,0
180,1,pub_threat60_closure,public_decision_frame+information_state,player_0_attempted_to_draw_from_empty_library,oracle_map_08_60_mixed_threats_counter_wall,1,8,1.0,1138398245,rev0099_expanded_matrix_refresh,20,1,oracle_map_08_60_mixed_threats_counter_wall,pub_threat60_closure,False,17,1
148,0,pub_threat60_closure,public_decision_frame+information_state,player_1_life_total_zero_or_less,oracle_map_08_60_mixed_threats_counter_wall,0,9,1.0,1031077713,rev0099_expanded_matrix_refresh,20,0,pub_threat60_closure,oracle_map_08_60_mixed_threats_counter_wall,False,11,0
118,0,pub_threat60_closure,public_decision_frame+information_state,player_0_life_total_zero_or_less,oracle_map_08_60_mixed_threats_counter_wall,0,9,0.0,1672796781,rev0099_expanded_matrix_refresh,20,1,pub_threat60_closure,oracle_map_08_60_mixed_threats_counter_wall,False,11,1
206,1,pub_threat60_closure,public_decision_frame+information_state,player_1_life_total_zero_or_less,oracle_map_08_60_mixed_threats_counter_wall,1,9,0.0,915564593,rev0099_expanded_matrix_refresh,20,0,oracle_map_08_60_mixed_threats_counter_wall,pub_threat60_closure,False,13,0
139,1,pub_threat60_closure,public_decision_frame+information_state,player_1_life_total_zero_or_less,oracle_map_08_60_mixed_threats_counter_wall,1,9,0.0,1860963054,rev0099_expanded_matrix_refresh,20,1,oracle_map_08_60_mixed_threats_counter_wall,pub_threat60_closure,False,12,0
230,0,pub_threat60_closure,public_decision_frame+information_state,player_0_attempted_to_draw_from_empty_library,oracle_map_08_60_mixed_threats_counter_wall,0,0,0.0,845693821,rev0099_expanded_matrix_refresh,40,0,pub_threat60_closure,oracle_map_08_60_mixed_threats_counter_wall,False,22,1
141,0,pub_threat60_closure,public_decision_frame+information_state,player_0_attempted_to_draw_from_empty_library,oracle_map_08_60_mixed_threats_counter_wall,0,0,0.0,1876736270,rev0099_expanded_matrix_refresh,40,1,pub_threat60_closure,oracle_map_08_60_mixed_threats_counter_wall,False,12,1
149,1,pub_threat60_closure,public_decision_frame+information_state,player_1_attempted_to_draw_from_empty_library,oracle_map_08_60_mixed_threats_counter_wall,1,0,0.0,1952866572,rev0099_expanded_matrix_refresh,40,0,oracle_map_08_60_mixed_threats_counter_wall,pub_threat60_closure,False,15,0
177,1,pub_threat60_closure,public_decision_frame+information_state,player_0_life_total_zero_or_less,oracle_map_08_60_mixed_threats_counter_wall,1,0,1.0,620968098,rev0099_expanded_matrix_refresh,40,1,oracle_map_08_60_mixed_threats_counter_wall,pub_threat60_closure,False,14,1
139,0,pub_threat60_closure,public_decision_frame+information_state,player_1_attempted_to_draw_from_empty_library,oracle_map_08_60_mixed_threats_counter_wall,0,1,1.0,640669130,rev0099_expanded_matrix_refresh,40,0,pub_threat60_closure,oracle_map_08_60_mixed_threats_counter_wall,False,12,0
287,0,pub_threat60_closure,public_decision_frame+information_state,player_0_life_total_zero_or_less,oracle_map_08_60_mixed_threats_counter_wall,0,1,0.0,1466927258,rev0099_expanded_matrix_refresh,40,1,pub_threat60_closure,oracle_map_08_60_mixed_threats_counter_wall,False,23,1
350,1,pub_threat60_closure,public_decision_frame+information_state,player_1_attempted_to_draw_from_empty_library,oracle_map_08_60_mixed_threats_counter_wall,1,1,0.0,975493568,rev0099_expanded_matrix_refresh,40,0,oracle_map_08_60_mixed_threats_counter_wall,pub_threat60_closure,False,32,0
176,1,pub_threat60_closure,public_decision_frame+information_state,player_1_life_total_zero_or_less,oracle_map_08_60_mixed_threats_counter_wall,1,1,0.0,1349855723,rev0099_expanded_matrix_refresh,40,1,oracle_map_08_60_mixed_threats_counter_wall,pub_threat60_closure,False,15,0
225,0,pub_threat60_closure,public_decision_frame+information_state,player_0_attempted_to_draw_from_empty_library,oracle_map_08_60_mixed_threats_counter_wall,0,2,0.0,1743035568,rev0099_expanded_matrix_refresh,40,0,pub_threat60_closure,oracle_map_08_60_mixed_threats_counter_wall,False,18,1
188,0,pub_threat60_closure,public_decision_frame+information_state,player_1_life_total_zero_or_less,oracle_map_08_60_mixed_threats_counter_wall,0,2,1.0,40407652,rev0099_expanded_matrix_refresh,40,1,pub_threat60_closure,oracle_map_08_60_mixed_threats_counter_wall,False,15,0
289,1,pub_threat60_closure,public_decision_frame+information_state,player_1_attempted_to_draw_from_empty_library,oracle_map_08_60_mixed_threats_counter_wall,1,2,0.0,427591276,rev0099_expanded_matrix_refresh,40,0,oracle_map_08_60_mixed_threats_counter_wall,pub_threat60_closure,False,20,0
263,1,pub_threat60_closure,public_decision_frame+information_state,player_0_life_total_zero_or_less,oracle_map_08_60_mixed_threats_counter_wall,1,2,1.0,653179916,rev0099_expanded_matrix_refresh,40,1,oracle_map_08_60_mixed_threats_counter_wall,pub_threat60_closure,False,22,1
195,0,pub_threat60_closure,public_decision_frame+information_state,player_1_life_total_zero_or_less,oracle_map_08_60_mixed_threats_counter_wall,0,3,1.0,1771557303,rev0099_expanded_matrix_refresh,40,0,pub_threat60_closure,oracle_map_08_60_mixed_threats_counter_wall,False,13,0
136,0,pub_threat60_closure,public_decision_frame+information_state,player_0_attempted_to_draw_from_empty_library,oracle_map_08_60_mixed_threats_counter_wall,0,3,0.0,1253613257,rev0099_expanded_matrix_refresh,40,1,pub_threat60_closure,oracle_map_08_60_mixed_threats_counter_wall,False,14,1
145,1,pub_threat60_closure,public_decision_frame+information_state,player_0_life_total_zero_or_less,oracle_map_08_60_mixed_threats_counter_wall,1,3,1.0,1934236082,rev0099_expanded_matrix_refresh,40,0,oracle_map_08_60_mixed_threats_counter_wall,pub_threat60_closure,False,12,1
223,1,pub_threat60_closure,public_decision_frame+information_state,player_1_life_total_zero_or_less,oracle_map_08_60_mixed_threats_counter_wall,1,3,0.0,1132604347,rev0099_expanded_matrix_refresh,40,1,oracle_map_08_60_mixed_threats_counter_wall,pub_threat60_closure,False,15,0
180,0,pub_threat60_closure,public_decision_frame+information_state,player_0_life_total_zero_or_less,oracle_map_08_60_mixed_threats_counter_wall,0,4,0.0,1905755255,rev0099_expanded_matrix_refresh,40,0,pub_threat60_closure,oracle_map_08_60_mixed_threats_counter_wall,False,11,1
217,0,pub_threat60_closure,public_decision_frame+information_state,player_0_attempted_to_draw_from_empty_library,oracle_map_08_60_mixed_threats_counter_wall,0,4,0.0,1851968321,rev0099_expanded_matrix_refresh,40,1,pub_threat60_closure,oracle_map_08_60_mixed_threats_counter_wall,False,24,1
283,1,pub_threat60_closure,public_decision_frame+information_state,player_1_life_total_zero_or_less,oracle_map_08_60_mixed_threats_counter_wall,1,4,0.0,1861446918,rev0099_expanded_matrix_refresh,40,0,oracle_map_08_60_mixed_threats_counter_wall,pub_threat60_closure,False,17,0
142,1,pub_threat60_closure,public_decision_frame+information_state,player_1_attempted_to_draw_from_empty_library,oracle_map_08_60_mixed_threats_counter_wall,1,4,0.0,1054334578,rev0099_expanded_matrix_refresh,40,1,oracle_map_08_60_mixed_threats_counter_wall,pub_threat60_closure,False,13,0
242,0,pub_threat60_closure,public_decision_frame+information_state,player_0_life_total_zero_or_less,oracle_map_08_60_mixed_threats_counter_wall,0,5,0.0,760847731,rev0099_expanded_matrix_refresh,40,0,pub_threat60_closure,oracle_map_08_60_mixed_threats_counter_wall,False,19,1
173,0,pub_threat60_closure,public_decision_frame+information_state,player_1_attempted_to_draw_from_empty_library,oracle_map_08_60_mixed_threats_counter_wall,0,5,1.0,331614950,rev0099_expanded_matrix_refresh,40,1,pub_threat60_closure,oracle_map_08_60_mixed_threats_counter_wall,False,16,0
222,1,pub_threat60_closure,public_decision_frame+information_state,player_1_life_total_zero_or_less,oracle_map_08_60_mixed_threats_counter_wall,1,5,0.0,665747476,rev0099_expanded_matrix_refresh,40,0,oracle_map_08_60_mixed_threats_counter_wall,pub_threat60_closure,False,20,0
197,1,pub_threat60_closure,public_decision_frame+information_state,player_1_life_total_zero_or_less,oracle_map_08_60_mixed_threats_counter_wall,1,5,0.0,227322634,rev0099_expanded_matrix_refresh,40,1,oracle_map_08_60_mixed_threats_counter_wall,pub_threat60_closure,False,18,0
265,0,pub_threat60_closure,public_decision_frame+information_state,player_0_life_total_zero_or_less,oracle_map_08_60_mixed_threats_counter_wall,0,6,0.0,1842928720,rev0099_expanded_matrix_refresh,40,0,pub_threat60_closure,oracle_map_08_60_mixed_threats_counter_wall,False,19,1
239,0,pub_threat60_closure,public_decision_frame+information_state,player_0_attempted_to_draw_from_empty_library,oracle_map_08_60_mixed_threats_counter_wall,0,6,0.0,1603996238,rev0099_expanded_matrix_refresh,40,1,pub_threat60_closure,oracle_map_08_60_mixed_threats_counter_wall,False,25,1
138,1,pub_threat60_closure,public_decision_frame+information_state,player_0_life_total_zero_or_less,oracle_map_08_60_mixed_threats_counter_wall,1,6,1.0,1650753954,rev0099_expanded_matrix_refresh,40,0,oracle_map_08_60_mixed_threats_counter_wall,pub_threat60_closure,False,11,1
225,1,pub_threat60_closure,public_decision_frame+information_state,player_0_life_total_zero_or_less,oracle_map_08_60_mixed_threats_counter_wall,1,6,1.0,1127852065,rev0099_expanded_matrix_refresh,40,1,oracle_map_08_60_mixed_threats_counter_wall,pub_threat60_closure,False,15,1
183,0,pub_threat60_closure,public_decision_frame+information_state,player_0_life_total_zero_or_less,oracle_map_08_60_mixed_threats_counter_wall,0,7,0.0,1310244931,rev0099_expanded_matrix_refresh,40,0,pub_threat60_closure,oracle_map_08_60_mixed_threats_counter_wall,False,13,1
160,0,pub_threat60_closure,public_decision_frame+information_state,player_1_life_total_zero_or_less,oracle_map_08_60_mixed_threats_counter_wall,0,7,1.0,1309759768,rev0099_expanded_matrix_refresh,40,1,pub_threat60_closure,oracle_map_08_60_mixed_threats_counter_wall,False,13,0
159,1,pub_threat60_closure,public_decision_frame+information_state,player_1_attempted_to_draw_from_empty_library,oracle_map_08_60_mixed_threats_counter_wall,1,7,0.0,778624709,rev0099_expanded_matrix_refresh,40,0,oracle_map_08_60_mixed_threats_counter_wall,pub_threat60_closure,False,13,0
224,1,pub_threat60_closure,public_decision_frame+information_state,player_1_life_total_zero_or_less,oracle_map_08_60_mixed_threats_counter_wall,1,7,0.0,1442048696,rev0099_expanded_matrix_refresh,40,1,oracle_map_08_60_mixed_threats_counter_wall,pub_threat60_closure,False,19,0
179,0,pub_threat60_closure,public_decision_frame+information_state,player_0_life_total_zero_or_less,oracle_map_08_60_mixed_threats_counter_wall,0,8,0.0,1733253676,rev0099_expanded_matrix_refresh,40,0,pub_threat60_closure,oracle_map_08_60_mixed_threats_counter_wall,False,16,1
169,0,pub_threat60_closure,public_decision_frame+information_state,player_0_attempted_to_draw_from_empty_library,oracle_map_08_60_mixed_threats_counter_wall,0,8,0.0,1410451513,rev0099_expanded_matrix_refresh,40,1,pub_threat60_closure,oracle_map_08_60_mixed_threats_counter_wall,False,16,1
195,1,pub_threat60_closure,public_decision_frame+information_state,player_1_life_total_zero_or_less,oracle_map_08_60_mixed_threats_counter_wall,1,8,0.0,1847833992,rev0099_expanded_matrix_refresh,40,0,oracle_map_08_60_mixed_threats_counter_wall,pub_threat60_closure,False,14,0
150,1,pub_threat60_closure,public_decision_frame+information_state,player_0_life_total_zero_or_less,oracle_map_08_60_mixed_threats_counter_wall,1,8,1.0,1823653609,rev0099_expanded_matrix_refresh,40,1,oracle_map_08_60_mixed_threats_counter_wall,pub_threat60_closure,False,12,1
193,0,pub_threat60_closure,public_decision_frame+information_state,player_0_attempted_to_draw_from_empty_library,oracle_map_08_60_mixed_threats_counter_wall,0,9,0.0,1265943004,rev0099_expanded_matrix_refresh,40,0,pub_threat60_closure,oracle_map_08_60_mixed_threats_counter_wall,False,15,1
174,0,pub_threat60_closure,public_decision_frame+information_state,player_1_life_total_zero_or_less,oracle_map_08_60_mixed_threats_counter_wall,0,9,1.0,1737693977,rev0099_expanded_matrix_refresh,40,1,pub_threat60_closure,oracle_map_08_60_mixed_threats_counter_wall,False,15,0
175,1,pub_threat60_closure,public_decision_frame+information_state,player_1_life_total_zero_or_less,oracle_map_08_60_mixed_threats_counter_wall,1,9,0.0,1099364383,rev0099_expanded_matrix_refresh,40,0,oracle_map_08_60_mixed_threats_counter_wall,pub_threat60_closure,False,16,0
164,1,pub_threat60_closure,public_decision_frame+information_state,player_0_life_total_zero_or_less,oracle_map_08_60_mixed_threats_counter_wall,1,9,1.0,1929787484,rev0099_expanded_matrix_refresh,40,1,oracle_map_08_60_mixed_threats_counter_wall,pub_threat60_closure,False,13,1
120,0,pub_threat60_pressure,public_decision_frame+information_state,player_0_life_total_zero_or_less,pub_threat60_surge,0,0,0.0,1800544085,rev0099_expanded_matrix_refresh,20,0,pub_threat60_pressure,pub_threat60_surge,False,8,1
142,0,pub_threat60_pressure,public_decision_frame+information_state,player_0_life_total_zero_or_less,pub_threat60_surge,0,0,0.0,22810813,rev0099_expanded_matrix_refresh,20,1,pub_threat60_pressure,pub_threat60_surge,False,11,1
134,1,pub_threat60_pressure,public_decision_frame+information_state,player_0_attempted_to_draw_from_empty_library,pub_threat60_surge,1,0,1.0,894532433,rev0099_expanded_matrix_refresh,20,0,pub_threat60_surge,pub_threat60_pressure,False,12,1
142,1,pub_threat60_pressure,public_decision_frame+information_state,player_0_attempted_to_draw_from_empty_library,pub_threat60_surge,1,0,1.0,1133395857,rev0099_expanded_matrix_refresh,20,1,pub_threat60_surge,pub_threat60_pressure,False,14,1
149,0,pub_threat60_pressure,public_decision_frame+information_state,player_0_life_total_zero_or_less,pub_threat60_surge,0,1,0.0,81994816,rev0099_expanded_matrix_refresh,20,0,pub_threat60_pressure,pub_threat60_surge,False,10,1
168,0,pub_threat60_pressure,public_decision_frame+information_state,player_1_life_total_zero_or_less,pub_threat60_surge,0,1,1.0,1610214341,rev0099_expanded_matrix_refresh,20,1,pub_threat60_pressure,pub_threat60_surge,False,12,0
113,1,pub_threat60_pressure,public_decision_frame+information_state,player_0_life_total_zero_or_less,pub_threat60_surge,1,1,1.0,1965775982,rev0099_expanded_matrix_refresh,20,0,pub_threat60_surge,pub_threat60_pressure,False,10,1
122,1,pub_threat60_pressure,public_decision_frame+information_state,player_1_life_total_zero_or_less,pub_threat60_surge,1,1,0.0,482971376,rev0099_expanded_matrix_refresh,20,1,pub_threat60_surge,pub_threat60_pressure,False,11,0
208,0,pub_threat60_pressure,public_decision_frame+information_state,player_0_life_total_zero_or_less,pub_threat60_surge,0,2,0.0,1020818044,rev0099_expanded_matrix_refresh,20,0,pub_threat60_pressure,pub_threat60_surge,False,14,1
140,0,pub_threat60_pressure,public_decision_frame+information_state,player_0_life_total_zero_or_less,pub_threat60_surge,0,2,0.0,198372745,rev0099_expanded_matrix_refresh,20,1,pub_threat60_pressure,pub_threat60_surge,False,12,1
180,1,pub_threat60_pressure,public_decision_frame+information_state,player_1_life_total_zero_or_less,pub_threat60_surge,1,2,0.0,1230213248,rev0099_expanded_matrix_refresh,20,0,pub_threat60_surge,pub_threat60_pressure,False,15,0
146,1,pub_threat60_pressure,public_decision_frame+information_state,player_0_life_total_zero_or_less,pub_threat60_surge,1,2,1.0,908261729,rev0099_expanded_matrix_refresh,20,1,pub_threat60_surge,pub_threat60_pressure,False,9,1
189,0,pub_threat60_pressure,public_decision_frame+information_state,player_1_life_total_zero_or_less,pub_threat60_surge,0,3,1.0,1647366537,rev0099_expanded_matrix_refresh,20,0,pub_threat60_pressure,pub_threat60_surge,False,17,0
125,0,pub_threat60_pressure,public_decision_frame+information_state,player_0_attempted_to_draw_from_empty_library,pub_threat60_surge,0,3,0.0,208083367,rev0099_expanded_matrix_refresh,20,1,pub_threat60_pressure,pub_threat60_surge,False,13,1
216,1,pub_threat60_pressure,public_decision_frame+information_state,player_1_attempted_to_draw_from_empty_library,pub_threat60_surge,1,3,0.0,1911793779,rev0099_expanded_matrix_refresh,20,0,pub_threat60_surge,pub_threat60_pressure,False,19,0
91,1,pub_threat60_pressure,public_decision_frame+information_state,player_0_life_total_zero_or_less,pub_threat60_surge,1,3,1.0,1627879830,rev0099_expanded_matrix_refresh,20,1,pub_threat60_surge,pub_threat60_pressure,False,8,1
130,0,pub_threat60_pressure,public_decision_frame+information_state,player_1_life_total_zero_or_less,pub_threat60_surge,0,4,1.0,615756241,rev0099_expanded_matrix_refresh,20,0,pub_threat60_pressure,pub_threat60_surge,False,10,0
113,0,pub_threat60_pressure,public_decision_frame+information_state,player_0_life_total_zero_or_less,pub_threat60_surge,0,4,0.0,978683041,rev0099_expanded_matrix_refresh,20,1,pub_threat60_pressure,pub_threat60_surge,False,11,1
155,1,pub_threat60_pressure,public_decision_frame+information_state,player_1_life_total_zero_or_less,pub_threat60_surge,1,4,0.0,1120551384,rev0099_expanded_matrix_refresh,20,0,pub_threat60_surge,pub_threat60_pressure,False,14,0
148,1,pub_threat60_pressure,public_decision_frame+information_state,player_0_life_total_zero_or_less,pub_threat60_surge,1,4,1.0,821640000,rev0099_expanded_matrix_refresh,20,1,pub_threat60_surge,pub_threat60_pressure,False,12,1
187,0,pub_threat60_pressure,public_decision_frame+information_state,player_1_life_total_zero_or_less,pub_threat60_surge,0,5,1.0,919146551,rev0099_expanded_matrix_refresh,20,0,pub_threat60_pressure,pub_threat60_surge,False,13,0
174,0,pub_threat60_pressure,public_decision_frame+information_state,player_0_life_total_zero_or_less,pub_threat60_surge,0,5,0.0,305795211,rev0099_expanded_matrix_refresh,20,1,pub_threat60_pressure,pub_threat60_surge,False,13,1
148,1,pub_threat60_pressure,public_decision_frame+information_state,player_1_life_total_zero_or_less,pub_threat60_surge,1,5,0.0,633040488,rev0099_expanded_matrix_refresh,20,0,pub_threat60_surge,pub_threat60_pressure,False,10,0
134,1,pub_threat60_pressure,public_decision_frame+information_state,player_0_attempted_to_draw_from_empty_library,pub_threat60_surge,1,5,1.0,1660294107,rev0099_expanded_matrix_refresh,20,1,pub_threat60_surge,pub_threat60_pressure,False,12,1
103,0,pub_threat60_pressure,public_decision_frame+information_state,player_0_life_total_zero_or_less,pub_threat60_surge,0,6,0.0,1037036053,rev0099_expanded_matrix_refresh,20,0,pub_threat60_pressure,pub_threat60_surge,False,9,1
123,0,pub_threat60_pressure,public_decision_frame+information_state,player_1_life_total_zero_or_less,pub_threat60_surge,0,6,1.0,951280529,rev0099_expanded_matrix_refresh,20,1,pub_threat60_pressure,pub_threat60_surge,False,10,0
117,1,pub_threat60_pressure,public_decision_frame+information_state,player_0_life_total_zero_or_less,pub_threat60_surge,1,6,1.0,1149132659,rev0099_expanded_matrix_refresh,20,0,pub_threat60_surge,pub_threat60_pressure,False,9,1
119,1,pub_threat60_pressure,public_decision_frame+information_state,player_1_attempted_to_draw_from_empty_library,pub_threat60_surge,1,6,0.0,1301166495,rev0099_expanded_matrix_refresh,20,1,pub_threat60_surge,pub_threat60_pressure,False,11,0
185,0,pub_threat60_pressure,public_decision_frame+information_state,player_0_attempted_to_draw_from_empty_library,pub_threat60_surge,0,7,0.0,1279039448,rev0099_expanded_matrix_refresh,20,0,pub_threat60_pressure,pub_threat60_surge,False,17,1
139,0,pub_threat60_pressure,public_decision_frame+information_state,player_1_attempted_to_draw_from_empty_library,pub_threat60_surge,0,7,1.0,1284098713,rev0099_expanded_matrix_refresh,20,1,pub_threat60_pressure,pub_threat60_surge,False,13,0
149,1,pub_threat60_pressure,public_decision_frame+information_state,player_0_attempted_to_draw_from_empty_library,pub_threat60_surge,1,7,1.0,752719268,rev0099_expanded_matrix_refresh,20,0,pub_threat60_surge,pub_threat60_pressure,False,14,1
128,1,pub_threat60_pressure,public_decision_frame+information_state,player_0_life_total_zero_or_less,pub_threat60_surge,1,7,1.0,1052583607,rev0099_expanded_matrix_refresh,20,1,pub_threat60_surge,pub_threat60_pressure,False,9,1
237,0,pub_threat60_pressure,public_decision_frame+information_state,player_0_life_total_zero_or_less,pub_threat60_surge,0,8,0.0,549192381,rev0099_expanded_matrix_refresh,20,0,pub_threat60_pressure,pub_threat60_surge,False,23,1
92,0,pub_threat60_pressure,public_decision_frame+information_state,player_0_life_total_zero_or_less,pub_threat60_surge,0,8,0.0,152327186,rev0099_expanded_matrix_refresh,20,1,pub_threat60_pressure,pub_threat60_surge,False,8,1
112,1,pub_threat60_pressure,public_decision_frame+information_state,player_1_life_total_zero_or_less,pub_threat60_surge,1,8,0.0,334894694,rev0099_expanded_matrix_refresh,20,0,pub_threat60_surge,pub_threat60_pressure,False,8,0
117,1,pub_threat60_pressure,public_decision_frame+information_state,player_0_life_total_zero_or_less,pub_threat60_surge,1,8,1.0,828907909,rev0099_expanded_matrix_refresh,20,1,pub_threat60_surge,pub_threat60_pressure,False,9,1
176,0,pub_threat60_pressure,public_decision_frame+information_state,player_0_life_total_zero_or_less,pub_threat60_surge,0,9,0.0,99048066,rev0099_expanded_matrix_refresh,20,0,pub_threat60_pressure,pub_threat60_surge,False,12,1
172,0,pub_threat60_pressure,public_decision_frame+information_state,player_1_life_total_zero_or_less,pub_threat60_surge,0,9,1.0,525039985,rev0099_expanded_matrix_refresh,20,1,pub_threat60_pressure,pub_threat60_surge,False,14,0
144,1,pub_threat60_pressure,public_decision_frame+information_state,player_0_life_total_zero_or_less,pub_threat60_surge,1,9,1.0,943084578,rev0099_expanded_matrix_refresh,20,0,pub_threat60_surge,pub_threat60_pressure,False,11,1
156,1,pub_threat60_pressure,public_decision_frame+information_state,player_0_life_total_zero_or_less,pub_threat60_surge,1,9,1.0,1476407738,rev0099_expanded_matrix_refresh,20,1,pub_threat60_surge,pub_threat60_pressure,False,13,1
171,0,pub_threat60_pressure,public_decision_frame+information_state,player_0_life_total_zero_or_less,pub_threat60_surge,0,0,0.0,813255677,rev0099_expanded_matrix_refresh,40,0,pub_threat60_pressure,pub_threat60_surge,False,12,1
155,0,pub_threat60_pressure,public_decision_frame+information_state,player_1_life_total_zero_or_less,pub_threat60_surge,0,0,1.0,676552322,rev0099_expanded_matrix_refresh,40,1,pub_threat60_pressure,pub_threat60_surge,False,14,0
118,1,pub_threat60_pressure,public_decision_frame+information_state,player_1_life_total_zero_or_less,pub_threat60_surge,1,0,0.0,519680451,rev0099_expanded_matrix_refresh,40,0,pub_threat60_surge,pub_threat60_pressure,False,10,0
139,1,pub_threat60_pressure,public_decision_frame+information_state,player_0_life_total_zero_or_less,pub_threat60_surge,1,0,1.0,1872002280,rev0099_expanded_matrix_refresh,40,1,pub_threat60_surge,pub_threat60_pressure,False,11,1
139,0,pub_threat60_pressure,public_decision_frame+information_state,player_0_life_total_zero_or_less,pub_threat60_surge,0,1,0.0,1239077770,rev0099_expanded_matrix_refresh,40,0,pub_threat60_pressure,pub_threat60_surge,False,10,1
139,0,pub_threat60_pressure,public_decision_frame+information_state,player_1_attempted_to_draw_from_empty_library,pub_threat60_surge,0,1,1.0,1183603513,rev0099_expanded_matrix_refresh,40,1,pub_threat60_pressure,pub_threat60_surge,False,13,0
123,1,pub_threat60_pressure,public_decision_frame+information_state,player_0_life_total_zero_or_less,pub_threat60_surge,1,1,1.0,1887776406,rev0099_expanded_matrix_refresh,40,0,pub_threat60_surge,pub_threat60_pressure,False,9,1
169,1,pub_threat60_pressure,public_decision_frame+information_state,player_1_life_total_zero_or_less,pub_threat60_surge,1,1,0.0,329322282,rev0099_expanded_matrix_refresh,40,1,pub_threat60_surge,pub_threat60_pressure,False,12,0
119,0,pub_threat60_pressure,public_decision_frame+information_state,player_0_life_total_zero_or_less,pub_threat60_surge,0,2,0.0,961683673,rev0099_expanded_matrix_refresh,40,0,pub_threat60_pressure,pub_threat60_surge,False,11,1
168,0,pub_threat60_pressure,public_decision_frame+information_state,player_0_life_total_zero_or_less,pub_threat60_surge,0,2,0.0,179233063,rev0099_expanded_matrix_refresh,40,1,pub_threat60_pressure,pub_threat60_surge,False,12,1
108,1,pub_threat60_pressure,public_decision_frame+information_state,player_1_attempted_to_draw_from_empty_library,pub_threat60_surge,1,2,0.0,37846813,rev0099_expanded_matrix_refresh,40,0,pub_threat60_surge,pub_threat60_pressure,False,9,0
129,1,pub_threat60_pressure,public_decision_frame+information_state,player_1_life_total_zero_or_less,pub_threat60_surge,1,2,0.0,538145587,rev0099_expanded_matrix_refresh,40,1,pub_threat60_surge,pub_threat60_pressure,False,10,0
150,0,pub_threat60_pressure,public_decision_frame+information_state,player_1_attempted_to_draw_from_empty_library,pub_threat60_surge,0,3,1.0,509547862,rev0099_expanded_matrix_refresh,40,0,pub_threat60_pressure,pub_threat60_surge,False,11,0
142,0,pub_threat60_pressure,public_decision_frame+information_state,player_1_life_total_zero_or_less,pub_threat60_surge,0,3,1.0,980820842,rev0099_expanded_matrix_refresh,40,1,pub_threat60_pressure,pub_threat60_surge,False,11,0
160,1,pub_threat60_pressure,public_decision_frame+information_state,player_0_life_total_zero_or_less,pub_threat60_surge,1,3,1.0,99925287,rev0099_expanded_matrix_refresh,40,0,pub_threat60_surge,pub_threat60_pressure,False,12,1
142,1,pub_threat60_pressure,public_decision_frame+information_state,player_1_life_total_zero_or_less,pub_threat60_surge,1,3,0.0,224048860,rev0099_expanded_matrix_refresh,40,1,pub_threat60_surge,pub_threat60_pressure,False,11,0
130,0,pub_threat60_pressure,public_decision_frame+information_state,player_0_life_total_zero_or_less,pub_threat60_surge,0,4,0.0,672281095,rev0099_expanded_matrix_refresh,40,0,pub_threat60_pressure,pub_threat60_surge,False,9,1
160,0,pub_threat60_pressure,public_decision_frame+information_state,player_0_life_total_zero_or_less,pub_threat60_surge,0,4,0.0,1178244300,rev0099_expanded_matrix_refresh,40,1,pub_threat60_pressure,pub_threat60_surge,False,11,1
127,1,pub_threat60_pressure,public_decision_frame+information_state,player_1_life_total_zero_or_less,pub_threat60_surge,1,4,0.0,1651833079,rev0099_expanded_matrix_refresh,40,0,pub_threat60_surge,pub_threat60_pressure,False,10,0
142,1,pub_threat60_pressure,public_decision_frame+information_state,player_0_life_total_zero_or_less,pub_threat60_surge,1,4,1.0,1989555502,rev0099_expanded_matrix_refresh,40,1,pub_threat60_surge,pub_threat60_pressure,False,10,1
143,0,pub_threat60_pressure,public_decision_frame+information_state,player_0_life_total_zero_or_less,pub_threat60_surge,0,5,0.0,650486704,rev0099_expanded_matrix_refresh,40,0,pub_threat60_pressure,pub_threat60_surge,False,11,1
144,0,pub_threat60_pressure,public_decision_frame+information_state,player_0_life_total_zero_or_less,pub_threat60_surge,0,5,0.0,351809561,rev0099_expanded_matrix_refresh,40,1,pub_threat60_pressure,pub_threat60_surge,False,15,1
248,1,pub_threat60_pressure,public_decision_frame+information_state,player_1_life_total_zero_or_less,pub_threat60_surge,1,5,0.0,703012298,rev0099_expanded_matrix_refresh,40,0,pub_threat60_surge,pub_threat60_pressure,False,22,0
152,1,pub_threat60_pressure,public_decision_frame+information_state,player_0_life_total_zero_or_less,pub_threat60_surge,1,5,1.0,374685741,rev0099_expanded_matrix_refresh,40,1,pub_threat60_surge,pub_threat60_pressure,False,13,1
162,0,pub_threat60_pressure,public_decision_frame+information_state,player_0_life_total_zero_or_less,pub_threat60_surge,0,6,0.0,959012044,rev0099_expanded_matrix_refresh,40,0,pub_threat60_pressure,pub_threat60_surge,False,10,1
141,0,pub_threat60_pressure,public_decision_frame+information_state,player_1_life_total_zero_or_less,pub_threat60_surge,0,6,1.0,1794076477,rev0099_expanded_matrix_refresh,40,1,pub_threat60_pressure,pub_threat60_surge,False,12,0
119,1,pub_threat60_pressure,public_decision_frame+information_state,player_0_life_total_zero_or_less,pub_threat60_surge,1,6,1.0,1038360795,rev0099_expanded_matrix_refresh,40,0,pub_threat60_surge,pub_threat60_pressure,False,10,1
174,1,pub_threat60_pressure,public_decision_frame+information_state,player_0_life_total_zero_or_less,pub_threat60_surge,1,6,1.0,1126945506,rev0099_expanded_matrix_refresh,40,1,pub_threat60_surge,pub_threat60_pressure,False,13,1
183,0,pub_threat60_pressure,public_decision_frame+information_state,player_0_life_total_zero_or_less,pub_threat60_surge,0,7,0.0,1291568875,rev0099_expanded_matrix_refresh,40,0,pub_threat60_pressure,pub_threat60_surge,False,11,1
137,0,pub_threat60_pressure,public_decision_frame+information_state,player_1_life_total_zero_or_less,pub_threat60_surge,0,7,1.0,809049543,rev0099_expanded_matrix_refresh,40,1,pub_threat60_pressure,pub_threat60_surge,False,13,0
117,1,pub_threat60_pressure,public_decision_frame+information_state,player_0_life_total_zero_or_less,pub_threat60_surge,1,7,1.0,9156991,rev0099_expanded_matrix_refresh,40,0,pub_threat60_surge,pub_threat60_pressure,False,9,1
156,1,pub_threat60_pressure,public_decision_frame+information_state,player_1_life_total_zero_or_less,pub_threat60_surge,1,7,0.0,693408062,rev0099_expanded_matrix_refresh,40,1,pub_threat60_surge,pub_threat60_pressure,False,10,0
162,0,pub_threat60_pressure,public_decision_frame+information_state,player_1_life_total_zero_or_less,pub_threat60_surge,0,8,1.0,247765378,rev0099_expanded_matrix_refresh,40,0,pub_threat60_pressure,pub_threat60_surge,False,14,0
236,0,pub_threat60_pressure,public_decision_frame+information_state,player_0_life_total_zero_or_less,pub_threat60_surge,0,8,0.0,153243902,rev0099_expanded_matrix_refresh,40,1,pub_threat60_pressure,pub_threat60_surge,False,17,1
116,1,pub_threat60_pressure,public_decision_frame+information_state,player_1_life_total_zero_or_less,pub_threat60_surge,1,8,0.0,392960036,rev0099_expanded_matrix_refresh,40,0,pub_threat60_surge,pub_threat60_pressure,False,10,0
130,1,pub_threat60_pressure,public_decision_frame+information_state,player_1_life_total_zero_or_less,pub_threat60_surge,1,8,0.0,1866054894,rev0099_expanded_matrix_refresh,40,1,pub_threat60_surge,pub_threat60_pressure,False,11,0
203,0,pub_threat60_pressure,public_decision_frame+information_state,player_0_life_total_zero_or_less,pub_threat60_surge,0,9,0.0,1493443895,rev0099_expanded_matrix_refresh,40,0,pub_threat60_pressure,pub_threat60_surge,False,13,1
177,0,pub_threat60_pressure,public_decision_frame+information_state,player_1_life_total_zero_or_less,pub_threat60_surge,0,9,1.0,301177590,rev0099_expanded_matrix_refresh,40,1,pub_threat60_pressure,pub_threat60_surge,False,13,0
152,1,pub_threat60_pressure,public_decision_frame+information_state,player_1_attempted_to_draw_from_empty_library,pub_threat60_surge,1,9,0.0,1543126491,rev0099_expanded_matrix_refresh,40,0,pub_threat60_surge,pub_threat60_pressure,False,14,0
184,1,pub_threat60_pressure,public_decision_frame+information_state,player_1_attempted_to_draw_from_empty_library,pub_threat60_surge,1,9,0.0,283438565,rev0099_expanded_matrix_refresh,40,1,pub_threat60_surge,pub_threat60_pressure,False,15,0
206,0,pub_threat60_pressure,public_decision_frame+information_state,player_0_life_total_zero_or_less,oracle_map_08_60_mixed_threats_counter_wall,0,0,0.0,279063528,rev0099_expanded_matrix_refresh,20,0,pub_threat60_pressure,oracle_map_08_60_mixed_threats_counter_wall,False,19,1
120,0,pub_threat60_pressure,public_decision_frame+information_state,player_1_life_total_zero_or_less,oracle_map_08_60_mixed_threats_counter_wall,0,0,1.0,1216846783,rev0099_expanded_matrix_refresh,20,1,pub_threat60_pressure,oracle_map_08_60_mixed_threats_counter_wall,False,11,0
152,1,pub_threat60_pressure,public_decision_frame+information_state,player_1_attempted_to_draw_from_empty_library,oracle_map_08_60_mixed_threats_counter_wall,1,0,0.0,1798422719,rev0099_expanded_matrix_refresh,20,0,oracle_map_08_60_mixed_threats_counter_wall,pub_threat60_pressure,False,16,0
119,1,pub_threat60_pressure,public_decision_frame+information_state,player_0_life_total_zero_or_less,oracle_map_08_60_mixed_threats_counter_wall,1,0,1.0,1758728726,rev0099_expanded_matrix_refresh,20,1,oracle_map_08_60_mixed_threats_counter_wall,pub_threat60_pressure,False,9,1
123,0,pub_threat60_pressure,public_decision_frame+information_state,player_0_life_total_zero_or_less,oracle_map_08_60_mixed_threats_counter_wall,0,1,0.0,114683320,rev0099_expanded_matrix_refresh,20,0,pub_threat60_pressure,oracle_map_08_60_mixed_threats_counter_wall,False,12,1
120,0,pub_threat60_pressure,public_decision_frame+information_state,player_0_attempted_to_draw_from_empty_library,oracle_map_08_60_mixed_threats_counter_wall,0,1,0.0,1772638505,rev0099_expanded_matrix_refresh,20,1,pub_threat60_pressure,oracle_map_08_60_mixed_threats_counter_wall,False,13,1
260,1,pub_threat60_pressure,public_decision_frame+information_state,player_1_attempted_to_draw_from_empty_library,oracle_map_08_60_mixed_threats_counter_wall,1,1,0.0,1612578830,rev0099_expanded_matrix_refresh,20,0,oracle_map_08_60_mixed_threats_counter_wall,pub_threat60_pressure,False,22,0
105,1,pub_threat60_pressure,public_decision_frame+information_state,player_0_life_total_zero_or_less,oracle_map_08_60_mixed_threats_counter_wall,1,1,1.0,406268849,rev0099_expanded_matrix_refresh,20,1,oracle_map_08_60_mixed_threats_counter_wall,pub_threat60_pressure,False,9,1
292,0,pub_threat60_pressure,public_decision_frame+information_state,player_0_attempted_to_draw_from_empty_library,oracle_map_08_60_mixed_threats_counter_wall,0,2,0.0,290796551,rev0099_expanded_matrix_refresh,20,0,pub_threat60_pressure,oracle_map_08_60_mixed_threats_counter_wall,False,26,1
155,0,pub_threat60_pressure,public_decision_frame+information_state,player_1_attempted_to_draw_from_empty_library,oracle_map_08_60_mixed_threats_counter_wall,0,2,1.0,1550001094,rev0099_expanded_matrix_refresh,20,1,pub_threat60_pressure,oracle_map_08_60_mixed_threats_counter_wall,False,13,0
221,1,pub_threat60_pressure,public_decision_frame+information_state,player_1_life_total_zero_or_less,oracle_map_08_60_mixed_threats_counter_wall,1,2,0.0,1120909468,rev0099_expanded_matrix_refresh,20,0,oracle_map_08_60_mixed_threats_counter_wall,pub_threat60_pressure,False,17,0
141,1,pub_threat60_pressure,public_decision_frame+information_state,player_0_life_total_zero_or_less,oracle_map_08_60_mixed_threats_counter_wall,1,2,1.0,939845774,rev0099_expanded_matrix_refresh,20,1,oracle_map_08_60_mixed_threats_counter_wall,pub_threat60_pressure,False,10,1
180,0,pub_threat60_pressure,public_decision_frame+information_state,player_0_life_total_zero_or_less,oracle_map_08_60_mixed_threats_counter_wall,0,3,0.0,1611052036,rev0099_expanded_matrix_refresh,20,0,pub_threat60_pressure,oracle_map_08_60_mixed_threats_counter_wall,False,12,1
100,0,pub_threat60_pressure,public_decision_frame+information_state,player_1_life_total_zero_or_less,oracle_map_08_60_mixed_threats_counter_wall,0,3,1.0,1395757261,rev0099_expanded_matrix_refresh,20,1,pub_threat60_pressure,oracle_map_08_60_mixed_threats_counter_wall,False,11,0
114,1,pub_threat60_pressure,public_decision_frame+information_state,player_0_life_total_zero_or_less,oracle_map_08_60_mixed_threats_counter_wall,1,3,1.0,762172008,rev0099_expanded_matrix_refresh,20,0,oracle_map_08_60_mixed_threats_counter_wall,pub_threat60_pressure,False,10,1
415,1,pub_threat60_pressure,public_decision_frame+information_state,player_1_attempted_to_draw_from_empty_library,oracle_map_08_60_mixed_threats_counter_wall,1,3,0.0,1013900609,rev0099_expanded_matrix_refresh,20,1,oracle_map_08_60_mixed_threats_counter_wall,pub_threat60_pressure,False,32,0
89,0,pub_threat60_pressure,public_decision_frame+information_state,player_1_life_total_zero_or_less,oracle_map_08_60_mixed_threats_counter_wall,0,4,1.0,672454646,rev0099_expanded_matrix_refresh,20,0,pub_threat60_pressure,oracle_map_08_60_mixed_threats_counter_wall,False,10,0
235,0,pub_threat60_pressure,public_decision_frame+information_state,player_0_attempted_to_draw_from_empty_library,oracle_map_08_60_mixed_threats_counter_wall,0,4,0.0,77076075,rev0099_expanded_matrix_refresh,20,1,pub_threat60_pressure,oracle_map_08_60_mixed_threats_counter_wall,False,17,1
238,1,pub_threat60_pressure,public_decision_frame+information_state,player_1_life_total_zero_or_less,oracle_map_08_60_mixed_threats_counter_wall,1,4,0.0,1743977725,rev0099_expanded_matrix_refresh,20,0,oracle_map_08_60_mixed_threats_counter_wall,pub_threat60_pressure,False,21,0
171,1,pub_threat60_pressure,public_decision_frame+information_state,player_1_attempted_to_draw_from_empty_library,oracle_map_08_60_mixed_threats_counter_wall,1,4,0.0,548109615,rev0099_expanded_matrix_refresh,20,1,oracle_map_08_60_mixed_threats_counter_wall,pub_threat60_pressure,False,17,0
150,0,pub_threat60_pressure,public_decision_frame+information_state,player_0_life_total_zero_or_less,oracle_map_08_60_mixed_threats_counter_wall,0,5,0.0,753446470,rev0099_expanded_matrix_refresh,20,0,pub_threat60_pressure,oracle_map_08_60_mixed_threats_counter_wall,False,10,1
125,0,pub_threat60_pressure,public_decision_frame+information_state,player_0_attempted_to_draw_from_empty_library,oracle_map_08_60_mixed_threats_counter_wall,0,5,0.0,939353560,rev0099_expanded_matrix_refresh,20,1,pub_threat60_pressure,oracle_map_08_60_mixed_threats_counter_wall,False,14,1
130,1,pub_threat60_pressure,public_decision_frame+information_state,player_1_attempted_to_draw_from_empty_library,oracle_map_08_60_mixed_threats_counter_wall,1,5,0.0,569233857,rev0099_expanded_matrix_refresh,20,0,oracle_map_08_60_mixed_threats_counter_wall,pub_threat60_pressure,False,11,0
123,1,pub_threat60_pressure,public_decision_frame+information_state,player_1_life_total_zero_or_less,oracle_map_08_60_mixed_threats_counter_wall,1,5,0.0,814060993,rev0099_expanded_matrix_refresh,20,1,oracle_map_08_60_mixed_threats_counter_wall,pub_threat60_pressure,False,9,0
137,0,pub_threat60_pressure,public_decision_frame+information_state,player_0_attempted_to_draw_from_empty_library,oracle_map_08_60_mixed_threats_counter_wall,0,6,0.0,498853908,rev0099_expanded_matrix_refresh,20,0,pub_threat60_pressure,oracle_map_08_60_mixed_threats_counter_wall,False,13,1
107,0,pub_threat60_pressure,public_decision_frame+information_state,player_0_life_total_zero_or_less,oracle_map_08_60_mixed_threats_counter_wall,0,6,0.0,1595304923,rev0099_expanded_matrix_refresh,20,1,pub_threat60_pressure,oracle_map_08_60_mixed_threats_counter_wall,False,9,1
167,1,pub_threat60_pressure,public_decision_frame+information_state,player_1_life_total_zero_or_less,oracle_map_08_60_mixed_threats_counter_wall,1,6,0.0,1047252040,rev0099_expanded_matrix_refresh,20,0,oracle_map_08_60_mixed_threats_counter_wall,pub_threat60_pressure,False,12,0
155,1,pub_threat60_pressure,public_decision_frame+information_state,player_1_attempted_to_draw_from_empty_library,oracle_map_08_60_mixed_threats_counter_wall,1,6,0.0,210733817,rev0099_expanded_matrix_refresh,20,1,oracle_map_08_60_mixed_threats_counter_wall,pub_threat60_pressure,False,11,0
125,0,pub_threat60_pressure,public_decision_frame+information_state,player_0_attempted_to_draw_from_empty_library,oracle_map_08_60_mixed_threats_counter_wall,0,7,0.0,1241143490,rev0099_expanded_matrix_refresh,20,0,pub_threat60_pressure,oracle_map_08_60_mixed_threats_counter_wall,False,11,1
219,0,pub_threat60_pressure,public_decision_frame+information_state,player_1_life_total_zero_or_less,oracle_map_08_60_mixed_threats_counter_wall,0,7,1.0,1813885611,rev0099_expanded_matrix_refresh,20,1,pub_threat60_pressure,oracle_map_08_60_mixed_threats_counter_wall,False,20,0
144,1,pub_threat60_pressure,public_decision_frame+information_state,player_1_life_total_zero_or_less,oracle_map_08_60_mixed_threats_counter_wall,1,7,0.0,630787586,rev0099_expanded_matrix_refresh,20,0,oracle_map_08_60_mixed_threats_counter_wall,pub_threat60_pressure,False,10,0
135,1,pub_threat60_pressure,public_decision_frame+information_state,player_1_life_total_zero_or_less,oracle_map_08_60_mixed_threats_counter_wall,1,7,0.0,961904694,rev0099_expanded_matrix_refresh,20,1,oracle_map_08_60_mixed_threats_counter_wall,pub_threat60_pressure,False,11,0
146,0,pub_threat60_pressure,public_decision_frame+information_state,player_0_life_total_zero_or_less,oracle_map_08_60_mixed_threats_counter_wall,0,8,0.0,992259349,rev0099_expanded_matrix_refresh,20,0,pub_threat60_pressure,oracle_map_08_60_mixed_threats_counter_wall,False,10,1
147,0,pub_threat60_pressure,public_decision_frame+information_state,player_0_life_total_zero_or_less,oracle_map_08_60_mixed_threats_counter_wall,0,8,0.0,1140464776,rev0099_expanded_matrix_refresh,20,1,pub_threat60_pressure,oracle_map_08_60_mixed_threats_counter_wall,False,15,1
116,1,pub_threat60_pressure,public_decision_frame+information_state,player_0_life_total_zero_or_less,oracle_map_08_60_mixed_threats_counter_wall,1,8,1.0,1423174693,rev0099_expanded_matrix_refresh,20,0,oracle_map_08_60_mixed_threats_counter_wall,pub_threat60_pressure,False,11,1
203,1,pub_threat60_pressure,public_decision_frame+information_state,player_0_life_total_zero_or_less,oracle_map_08_60_mixed_threats_counter_wall,1,8,1.0,1665030561,rev0099_expanded_matrix_refresh,20,1,oracle_map_08_60_mixed_threats_counter_wall,pub_threat60_pressure,False,14,1
145,0,pub_threat60_pressure,public_decision_frame+information_state,player_0_life_total_zero_or_less,oracle_map_08_60_mixed_threats_counter_wall,0,9,0.0,1288757312,rev0099_expanded_matrix_refresh,20,0,pub_threat60_pressure,oracle_map_08_60_mixed_threats_counter_wall,False,13,1
165,0,pub_threat60_pressure,public_decision_frame+information_state,player_0_attempted_to_draw_from_empty_library,oracle_map_08_60_mixed_threats_counter_wall,0,9,0.0,20106376,rev0099_expanded_matrix_refresh,20,1,pub_threat60_pressure,oracle_map_08_60_mixed_threats_counter_wall,False,15,1
133,1,pub_threat60_pressure,public_decision_frame+information_state,player_1_attempted_to_draw_from_empty_library,oracle_map_08_60_mixed_threats_counter_wall,1,9,0.0,1788336154,rev0099_expanded_matrix_refresh,20,0,oracle_map_08_60_mixed_threats_counter_wall,pub_threat60_pressure,False,13,0
281,1,pub_threat60_pressure,public_decision_frame+information_state,player_0_attempted_to_draw_from_empty_library,oracle_map_08_60_mixed_threats_counter_wall,1,9,1.0,140058765,rev0099_expanded_matrix_refresh,20,1,oracle_map_08_60_mixed_threats_counter_wall,pub_threat60_pressure,False,23,1
166,0,pub_threat60_pressure,public_decision_frame+information_state,player_0_life_total_zero_or_less,oracle_map_08_60_mixed_threats_counter_wall,0,0,0.0,1819631592,rev0099_expanded_matrix_refresh,40,0,pub_threat60_pressure,oracle_map_08_60_mixed_threats_counter_wall,False,14,1
307,0,pub_threat60_pressure,public_decision_frame+information_state,player_0_attempted_to_draw_from_empty_library,oracle_map_08_60_mixed_threats_counter_wall,0,0,0.0,1807392648,rev0099_expanded_matrix_refresh,40,1,pub_threat60_pressure,oracle_map_08_60_mixed_threats_counter_wall,False,24,1
157,1,pub_threat60_pressure,public_decision_frame+information_state,player_1_attempted_to_draw_from_empty_library,oracle_map_08_60_mixed_threats_counter_wall,1,0,0.0,1803160374,rev0099_expanded_matrix_refresh,40,0,oracle_map_08_60_mixed_threats_counter_wall,pub_threat60_pressure,False,13,0
265,1,pub_threat60_pressure,public_decision_frame+information_state,player_0_attempted_to_draw_from_empty_library,oracle_map_08_60_mixed_threats_counter_wall,1,0,1.0,1795345426,rev0099_expanded_matrix_refresh,40,1,oracle_map_08_60_mixed_threats_counter_wall,pub_threat60_pressure,False,28,1
129,0,pub_threat60_pressure,public_decision_frame+information_state,player_0_attempted_to_draw_from_empty_library,oracle_map_08_60_mixed_threats_counter_wall,0,1,0.0,1038042217,rev0099_expanded_matrix_refresh,40,0,pub_threat60_pressure,oracle_map_08_60_mixed_threats_counter_wall,False,14,1
180,0,pub_threat60_pressure,public_decision_frame+information_state,player_1_life_total_zero_or_less,oracle_map_08_60_mixed_threats_counter_wall,0,1,1.0,681443302,rev0099_expanded_matrix_refresh,40,1,pub_threat60_pressure,oracle_map_08_60_mixed_threats_counter_wall,False,15,0
243,1,pub_threat60_pressure,public_decision_frame+information_state,player_1_life_total_zero_or_less,oracle_map_08_60_mixed_threats_counter_wall,1,1,0.0,1105154522,rev0099_expanded_matrix_refresh,40,0,oracle_map_08_60_mixed_threats_counter_wall,pub_threat60_pressure,False,19,0
200,1,pub_threat60_pressure,public_decision_frame+information_state,player_1_life_total_zero_or_less,oracle_map_08_60_mixed_threats_counter_wall,1,1,0.0,992076101,rev0099_expanded_matrix_refresh,40,1,oracle_map_08_60_mixed_threats_counter_wall,pub_threat60_pressure,False,15,0
144,0,pub_threat60_pressure,public_decision_frame+information_state,player_0_attempted_to_draw_from_empty_library,oracle_map_08_60_mixed_threats_counter_wall,0,2,0.0,408754205,rev0099_expanded_matrix_refresh,40,0,pub_threat60_pressure,oracle_map_08_60_mixed_threats_counter_wall,False,15,1
221,0,pub_threat60_pressure,public_decision_frame+information_state,player_1_life_total_zero_or_less,oracle_map_08_60_mixed_threats_counter_wall,0,2,1.0,1344049844,rev0099_expanded_matrix_refresh,40,1,pub_threat60_pressure,oracle_map_08_60_mixed_threats_counter_wall,False,16,0
137,1,pub_threat60_pressure,public_decision_frame+information_state,player_1_attempted_to_draw_from_empty_library,oracle_map_08_60_mixed_threats_counter_wall,1,2,0.0,1417117776,rev0099_expanded_matrix_refresh,40,0,oracle_map_08_60_mixed_threats_counter_wall,pub_threat60_pressure,False,12,0
299,1,pub_threat60_pressure,public_decision_frame+information_state,player_1_life_total_zero_or_less,oracle_map_08_60_mixed_threats_counter_wall,1,2,0.0,601017502,rev0099_expanded_matrix_refresh,40,1,oracle_map_08_60_mixed_threats_counter_wall,pub_threat60_pressure,False,27,0
221,0,pub_threat60_pressure,public_decision_frame+information_state,player_1_life_total_zero_or_less,oracle_map_08_60_mixed_threats_counter_wall,0,3,1.0,1572702844,rev0099_expanded_matrix_refresh,40,0,pub_threat60_pressure,oracle_map_08_60_mixed_threats_counter_wall,False,18,0
220,0,pub_threat60_pressure,public_decision_frame+information_state,player_0_attempted_to_draw_from_empty_library,oracle_map_08_60_mixed_threats_counter_wall,0,3,0.0,402431774,rev0099_expanded_matrix_refresh,40,1,pub_threat60_pressure,oracle_map_08_60_mixed_threats_counter_wall,False,16,1
195,1,pub_threat60_pressure,public_decision_frame+information_state,player_1_life_total_zero_or_less,oracle_map_08_60_mixed_threats_counter_wall,1,3,0.0,652567468,rev0099_expanded_matrix_refresh,40,0,oracle_map_08_60_mixed_threats_counter_wall,pub_threat60_pressure,False,19,0
206,1,pub_threat60_pressure,public_decision_frame+information_state,player_1_attempted_to_draw_from_empty_library,oracle_map_08_60_mixed_threats_counter_wall,1,3,0.0,887397606,rev0099_expanded_matrix_refresh,40,1,oracle_map_08_60_mixed_threats_counter_wall,pub_threat60_pressure,False,21,0
211,0,pub_threat60_pressure,public_decision_frame+information_state,player_1_life_total_zero_or_less,oracle_map_08_60_mixed_threats_counter_wall,0,4,1.0,1807565211,rev0099_expanded_matrix_refresh,40,0,pub_threat60_pressure,oracle_map_08_60_mixed_threats_counter_wall,False,19,0
365,0,pub_threat60_pressure,public_decision_frame+information_state,player_0_attempted_to_draw_from_empty_library,oracle_map_08_60_mixed_threats_counter_wall,0,4,0.0,282173892,rev0099_expanded_matrix_refresh,40,1,pub_threat60_pressure,oracle_map_08_60_mixed_threats_counter_wall,False,35,1
122,1,pub_threat60_pressure,public_decision_frame+information_state,player_0_attempted_to_draw_from_empty_library,oracle_map_08_60_mixed_threats_counter_wall,1,4,1.0,1406081512,rev0099_expanded_matrix_refresh,40,0,oracle_map_08_60_mixed_threats_counter_wall,pub_threat60_pressure,False,10,1
149,1,pub_threat60_pressure,public_decision_frame+information_state,player_0_life_total_zero_or_less,oracle_map_08_60_mixed_threats_counter_wall,1,4,1.0,1849595085,rev0099_expanded_matrix_refresh,40,1,oracle_map_08_60_mixed_threats_counter_wall,pub_threat60_pressure,False,12,1
129,0,pub_threat60_pressure,public_decision_frame+information_state,player_1_attempted_to_draw_from_empty_library,oracle_map_08_60_mixed_threats_counter_wall,0,5,1.0,1481111909,rev0099_expanded_matrix_refresh,40,0,pub_threat60_pressure,oracle_map_08_60_mixed_threats_counter_wall,False,12,0
137,0,pub_threat60_pressure,public_decision_frame+information_state,player_1_life_total_zero_or_less,oracle_map_08_60_mixed_threats_counter_wall,0,5,1.0,1939872056,rev0099_expanded_matrix_refresh,40,1,pub_threat60_pressure,oracle_map_08_60_mixed_threats_counter_wall,False,12,0
134,1,pub_threat60_pressure,public_decision_frame+information_state,player_0_life_total_zero_or_less,oracle_map_08_60_mixed_threats_counter_wall,1,5,1.0,1038160208,rev0099_expanded_matrix_refresh,40,0,oracle_map_08_60_mixed_threats_counter_wall,pub_threat60_pressure,False,11,1
128,1,pub_threat60_pressure,public_decision_frame+information_state,player_0_life_total_zero_or_less,oracle_map_08_60_mixed_threats_counter_wall,1,5,1.0,157924345,rev0099_expanded_matrix_refresh,40,1,oracle_map_08_60_mixed_threats_counter_wall,pub_threat60_pressure,False,11,1
165,0,pub_threat60_pressure,public_decision_frame+information_state,player_0_attempted_to_draw_from_empty_library,oracle_map_08_60_mixed_threats_counter_wall,0,6,0.0,1248672259,rev0099_expanded_matrix_refresh,40,0,pub_threat60_pressure,oracle_map_08_60_mixed_threats_counter_wall,False,16,1
139,0,pub_threat60_pressure,public_decision_frame+information_state,player_0_attempted_to_draw_from_empty_library,oracle_map_08_60_mixed_threats_counter_wall,0,6,0.0,122469733,rev0099_expanded_matrix_refresh,40,1,pub_threat60_pressure,oracle_map_08_60_mixed_threats_counter_wall,False,13,1
235,1,pub_threat60_pressure,public_decision_frame+information_state,player_1_life_total_zero_or_less,oracle_map_08_60_mixed_threats_counter_wall,1,6,0.0,517321641,rev0099_expanded_matrix_refresh,40,0,oracle_map_08_60_mixed_threats_counter_wall,pub_threat60_pressure,False,14,0
161,1,pub_threat60_pressure,public_decision_frame+information_state,player_1_attempted_to_draw_from_empty_library,oracle_map_08_60_mixed_threats_counter_wall,1,6,0.0,111846190,rev0099_expanded_matrix_refresh,40,1,oracle_map_08_60_mixed_threats_counter_wall,pub_threat60_pressure,False,15,0
151,0,pub_threat60_pressure,public_decision_frame+information_state,player_0_attempted_to_draw_from_empty_library,oracle_map_08_60_mixed_threats_counter_wall,0,7,0.0,891785485,rev0099_expanded_matrix_refresh,40,0,pub_threat60_pressure,oracle_map_08_60_mixed_threats_counter_wall,False,14,1
134,0,pub_threat60_pressure,public_decision_frame+information_state,player_1_life_total_zero_or_less,oracle_map_08_60_mixed_threats_counter_wall,0,7,1.0,666073419,rev0099_expanded_matrix_refresh,40,1,pub_threat60_pressure,oracle_map_08_60_mixed_threats_counter_wall,False,11,0
148,1,pub_threat60_pressure,public_decision_frame+information_state,player_1_attempted_to_draw_from_empty_library,oracle_map_08_60_mixed_threats_counter_wall,1,7,0.0,337154584,rev0099_expanded_matrix_refresh,40,0,oracle_map_08_60_mixed_threats_counter_wall,pub_threat60_pressure,False,13,0
132,1,pub_threat60_pressure,public_decision_frame+information_state,player_1_attempted_to_draw_from_empty_library,oracle_map_08_60_mixed_threats_counter_wall,1,7,0.0,1955745464,rev0099_expanded_matrix_refresh,40,1,oracle_map_08_60_mixed_threats_counter_wall,pub_threat60_pressure,False,12,0
147,0,pub_threat60_pressure,public_decision_frame+information_state,player_0_attempted_to_draw_from_empty_library,oracle_map_08_60_mixed_threats_counter_wall,0,8,0.0,264883800,rev0099_expanded_matrix_refresh,40,0,pub_threat60_pressure,oracle_map_08_60_mixed_threats_counter_wall,False,12,1
145,0,pub_threat60_pressure,public_decision_frame+information_state,player_1_life_total_zero_or_less,oracle_map_08_60_mixed_threats_counter_wall,0,8,1.0,521207310,rev0099_expanded_matrix_refresh,40,1,pub_threat60_pressure,oracle_map_08_60_mixed_threats_counter_wall,False,12,0
193,1,pub_threat60_pressure,public_decision_frame+information_state,player_1_life_total_zero_or_less,oracle_map_08_60_mixed_threats_counter_wall,1,8,0.0,1986954940,rev0099_expanded_matrix_refresh,40,0,oracle_map_08_60_mixed_threats_counter_wall,pub_threat60_pressure,False,14,0
156,1,pub_threat60_pressure,public_decision_frame+information_state,player_1_attempted_to_draw_from_empty_library,oracle_map_08_60_mixed_threats_counter_wall,1,8,0.0,1788306951,rev0099_expanded_matrix_refresh,40,1,oracle_map_08_60_mixed_threats_counter_wall,pub_threat60_pressure,False,13,0
180,0,pub_threat60_pressure,public_decision_frame+information_state,player_0_life_total_zero_or_less,oracle_map_08_60_mixed_threats_counter_wall,0,9,0.0,21083899,rev0099_expanded_matrix_refresh,40,0,pub_threat60_pressure,oracle_map_08_60_mixed_threats_counter_wall,False,14,1
189,0,pub_threat60_pressure,public_decision_frame+information_state,player_0_life_total_zero_or_less,oracle_map_08_60_mixed_threats_counter_wall,0,9,0.0,702515309,rev0099_expanded_matrix_refresh,40,1,pub_threat60_pressure,oracle_map_08_60_mixed_threats_counter_wall,False,14,1
246,1,pub_threat60_pressure,public_decision_frame+information_state,player_1_attempted_to_draw_from_empty_library,oracle_map_08_60_mixed_threats_counter_wall,1,9,0.0,785345541,rev0099_expanded_matrix_refresh,40,0,oracle_map_08_60_mixed_threats_counter_wall,pub_threat60_pressure,False,23,0
235,1,pub_threat60_pressure,public_decision_frame+information_state,player_1_life_total_zero_or_less,oracle_map_08_60_mixed_threats_counter_wall,1,9,0.0,522924086,rev0099_expanded_matrix_refresh,40,1,oracle_map_08_60_mixed_threats_counter_wall,pub_threat60_pressure,False,19,0
127,0,pub_threat60_surge,public_decision_frame+information_state,player_0_life_total_zero_or_less,oracle_map_08_60_mixed_threats_counter_wall,0,0,0.0,1805730092,rev0099_expanded_matrix_refresh,20,0,pub_threat60_surge,oracle_map_08_60_mixed_threats_counter_wall,False,8,1
168,0,pub_threat60_surge,public_decision_frame+information_state,player_0_attempted_to_draw_from_empty_library,oracle_map_08_60_mixed_threats_counter_wall,0,0,0.0,298731808,rev0099_expanded_matrix_refresh,20,1,pub_threat60_surge,oracle_map_08_60_mixed_threats_counter_wall,False,16,1
109,1,pub_threat60_surge,public_decision_frame+information_state,player_1_attempted_to_draw_from_empty_library,oracle_map_08_60_mixed_threats_counter_wall,1,0,0.0,1170711914,rev0099_expanded_matrix_refresh,20,0,oracle_map_08_60_mixed_threats_counter_wall,pub_threat60_surge,False,10,0
140,1,pub_threat60_surge,public_decision_frame+information_state,player_1_attempted_to_draw_from_empty_library,oracle_map_08_60_mixed_threats_counter_wall,1,0,0.0,947978286,rev0099_expanded_matrix_refresh,20,1,oracle_map_08_60_mixed_threats_counter_wall,pub_threat60_surge,False,13,0
154,0,pub_threat60_surge,public_decision_frame+information_state,player_0_life_total_zero_or_less,oracle_map_08_60_mixed_threats_counter_wall,0,1,0.0,1000363767,rev0099_expanded_matrix_refresh,20,0,pub_threat60_surge,oracle_map_08_60_mixed_threats_counter_wall,False,10,1
253,0,pub_threat60_surge,public_decision_frame+information_state,player_0_attempted_to_draw_from_empty_library,oracle_map_08_60_mixed_threats_counter_wall,0,1,0.0,1908274864,rev0099_expanded_matrix_refresh,20,1,pub_threat60_surge,oracle_map_08_60_mixed_threats_counter_wall,False,22,1
174,1,pub_threat60_surge,public_decision_frame+information_state,player_0_attempted_to_draw_from_empty_library,oracle_map_08_60_mixed_threats_counter_wall,1,1,1.0,67857812,rev0099_expanded_matrix_refresh,20,0,oracle_map_08_60_mixed_threats_counter_wall,pub_threat60_surge,False,18,1
138,1,pub_threat60_surge,public_decision_frame+information_state,player_0_attempted_to_draw_from_empty_library,oracle_map_08_60_mixed_threats_counter_wall,1,1,1.0,1174412998,rev0099_expanded_matrix_refresh,20,1,oracle_map_08_60_mixed_threats_counter_wall,pub_threat60_surge,False,14,1
149,0,pub_threat60_surge,public_decision_frame+information_state,player_1_life_total_zero_or_less,oracle_map_08_60_mixed_threats_counter_wall,0,2,1.0,1360811361,rev0099_expanded_matrix_refresh,20,0,pub_threat60_surge,oracle_map_08_60_mixed_threats_counter_wall,False,10,0
146,0,pub_threat60_surge,public_decision_frame+information_state,player_0_life_total_zero_or_less,oracle_map_08_60_mixed_threats_counter_wall,0,2,0.0,747004770,rev0099_expanded_matrix_refresh,20,1,pub_threat60_surge,oracle_map_08_60_mixed_threats_counter_wall,False,14,1
215,1,pub_threat60_surge,public_decision_frame+information_state,player_0_attempted_to_draw_from_empty_library,oracle_map_08_60_mixed_threats_counter_wall,1,2,1.0,128657201,rev0099_expanded_matrix_refresh,20,0,oracle_map_08_60_mixed_threats_counter_wall,pub_threat60_surge,False,21,1
152,1,pub_threat60_surge,public_decision_frame+information_state,player_1_attempted_to_draw_from_empty_library,oracle_map_08_60_mixed_threats_counter_wall,1,2,0.0,1765991970,rev0099_expanded_matrix_refresh,20,1,oracle_map_08_60_mixed_threats_counter_wall,pub_threat60_surge,False,14,0
112,0,pub_threat60_surge,public_decision_frame+information_state,player_1_life_total_zero_or_less,oracle_map_08_60_mixed_threats_counter_wall,0,3,1.0,375121560,rev0099_expanded_matrix_refresh,20,0,pub_threat60_surge,oracle_map_08_60_mixed_threats_counter_wall,False,10,0
117,0,pub_threat60_surge,public_decision_frame+information_state,player_1_life_total_zero_or_less,oracle_map_08_60_mixed_threats_counter_wall,0,3,1.0,1031277752,rev0099_expanded_matrix_refresh,20,1,pub_threat60_surge,oracle_map_08_60_mixed_threats_counter_wall,False,12,0
106,1,pub_threat60_surge,public_decision_frame+information_state,player_1_life_total_zero_or_less,oracle_map_08_60_mixed_threats_counter_wall,1,3,0.0,1742495165,rev0099_expanded_matrix_refresh,20,0,oracle_map_08_60_mixed_threats_counter_wall,pub_threat60_surge,False,10,0
123,1,pub_threat60_surge,public_decision_frame+information_state,player_1_attempted_to_draw_from_empty_library,oracle_map_08_60_mixed_threats_counter_wall,1,3,0.0,1406177513,rev0099_expanded_matrix_refresh,20,1,oracle_map_08_60_mixed_threats_counter_wall,pub_threat60_surge,False,13,0
131,0,pub_threat60_surge,public_decision_frame+information_state,player_0_life_total_zero_or_less,oracle_map_08_60_mixed_threats_counter_wall,0,4,0.0,180075378,rev0099_expanded_matrix_refresh,20,0,pub_threat60_surge,oracle_map_08_60_mixed_threats_counter_wall,False,9,1
161,0,pub_threat60_surge,public_decision_frame+information_state,player_1_attempted_to_draw_from_empty_library,oracle_map_08_60_mixed_threats_counter_wall,0,4,1.0,1813737464,rev0099_expanded_matrix_refresh,20,1,pub_threat60_surge,oracle_map_08_60_mixed_threats_counter_wall,False,16,0
188,1,pub_threat60_surge,public_decision_frame+information_state,player_1_attempted_to_draw_from_empty_library,oracle_map_08_60_mixed_threats_counter_wall,1,4,0.0,660848802,rev0099_expanded_matrix_refresh,20,0,oracle_map_08_60_mixed_threats_counter_wall,pub_threat60_surge,False,15,0
130,1,pub_threat60_surge,public_decision_frame+information_state,player_1_attempted_to_draw_from_empty_library,oracle_map_08_60_mixed_threats_counter_wall,1,4,0.0,1671165673,rev0099_expanded_matrix_refresh,20,1,oracle_map_08_60_mixed_threats_counter_wall,pub_threat60_surge,False,12,0
123,0,pub_threat60_surge,public_decision_frame+information_state,player_0_attempted_to_draw_from_empty_library,oracle_map_08_60_mixed_threats_counter_wall,0,5,0.0,914844031,rev0099_expanded_matrix_refresh,20,0,pub_threat60_surge,oracle_map_08_60_mixed_threats_counter_wall,False,11,1
120,0,pub_threat60_surge,public_decision_frame+information_state,player_1_life_total_zero_or_less,oracle_map_08_60_mixed_threats_counter_wall,0,5,1.0,1486271735,rev0099_expanded_matrix_refresh,20,1,pub_threat60_surge,oracle_map_08_60_mixed_threats_counter_wall,False,11,0
141,1,pub_threat60_surge,public_decision_frame+information_state,player_1_life_total_zero_or_less,oracle_map_08_60_mixed_threats_counter_wall,1,5,0.0,1269194268,rev0099_expanded_matrix_refresh,20,0,oracle_map_08_60_mixed_threats_counter_wall,pub_threat60_surge,False,11,0
328,1,pub_threat60_surge,public_decision_frame+information_state,player_1_life_total_zero_or_less,oracle_map_08_60_mixed_threats_counter_wall,1,5,0.0,1597017100,rev0099_expanded_matrix_refresh,20,1,oracle_map_08_60_mixed_threats_counter_wall,pub_threat60_surge,False,28,0
179,0,pub_threat60_surge,public_decision_frame+information_state,player_0_attempted_to_draw_from_empty_library,oracle_map_08_60_mixed_threats_counter_wall,0,6,0.0,502616653,rev0099_expanded_matrix_refresh,20,0,pub_threat60_surge,oracle_map_08_60_mixed_threats_counter_wall,False,16,1
142,0,pub_threat60_surge,public_decision_frame+information_state,player_0_attempted_to_draw_from_empty_library,oracle_map_08_60_mixed_threats_counter_wall,0,6,0.0,1853923480,rev0099_expanded_matrix_refresh,20,1,pub_threat60_surge,oracle_map_08_60_mixed_threats_counter_wall,False,15,1
174,1,pub_threat60_surge,public_decision_frame+information_state,player_1_attempted_to_draw_from_empty_library,oracle_map_08_60_mixed_threats_counter_wall,1,6,0.0,1158647979,rev0099_expanded_matrix_refresh,20,0,oracle_map_08_60_mixed_threats_counter_wall,pub_threat60_surge,False,17,0
110,1,pub_threat60_surge,public_decision_frame+information_state,player_0_life_total_zero_or_less,oracle_map_08_60_mixed_threats_counter_wall,1,6,1.0,1592265276,rev0099_expanded_matrix_refresh,20,1,oracle_map_08_60_mixed_threats_counter_wall,pub_threat60_surge,False,10,1
127,0,pub_threat60_surge,public_decision_frame+information_state,player_1_life_total_zero_or_less,oracle_map_08_60_mixed_threats_counter_wall,0,7,1.0,588960481,rev0099_expanded_matrix_refresh,20,0,pub_threat60_surge,oracle_map_08_60_mixed_threats_counter_wall,False,11,0
170,0,pub_threat60_surge,public_decision_frame+information_state,player_1_life_total_zero_or_less,oracle_map_08_60_mixed_threats_counter_wall,0,7,1.0,468317674,rev0099_expanded_matrix_refresh,20,1,pub_threat60_surge,oracle_map_08_60_mixed_threats_counter_wall,False,13,0
138,1,pub_threat60_surge,public_decision_frame+information_state,player_1_attempted_to_draw_from_empty_library,oracle_map_08_60_mixed_threats_counter_wall,1,7,0.0,1155623397,rev0099_expanded_matrix_refresh,20,0,oracle_map_08_60_mixed_threats_counter_wall,pub_threat60_surge,False,13,0
159,1,pub_threat60_surge,public_decision_frame+information_state,player_1_life_total_zero_or_less,oracle_map_08_60_mixed_threats_counter_wall,1,7,0.0,1698760182,rev0099_expanded_matrix_refresh,20,1,oracle_map_08_60_mixed_threats_counter_wall,pub_threat60_surge,False,11,0
129,0,pub_threat60_surge,public_decision_frame+information_state,player_0_life_total_zero_or_less,oracle_map_08_60_mixed_threats_counter_wall,0,8,0.0,1572096302,rev0099_expanded_matrix_refresh,20,0,pub_threat60_surge,oracle_map_08_60_mixed_threats_counter_wall,False,10,1
289,0,pub_threat60_surge,public_decision_frame+information_state,player_0_life_total_zero_or_less,oracle_map_08_60_mixed_threats_counter_wall,0,8,0.0,1393722932,rev0099_expanded_matrix_refresh,20,1,pub_threat60_surge,oracle_map_08_60_mixed_threats_counter_wall,False,26,1
172,1,pub_threat60_surge,public_decision_frame+information_state,player_1_attempted_to_draw_from_empty_library,oracle_map_08_60_mixed_threats_counter_wall,1,8,0.0,1116458423,rev0099_expanded_matrix_refresh,20,0,oracle_map_08_60_mixed_threats_counter_wall,pub_threat60_surge,False,14,0
111,1,pub_threat60_surge,public_decision_frame+information_state,player_1_life_total_zero_or_less,oracle_map_08_60_mixed_threats_counter_wall,1,8,0.0,1864310918,rev0099_expanded_matrix_refresh,20,1,oracle_map_08_60_mixed_threats_counter_wall,pub_threat60_surge,False,11,0
153,0,pub_threat60_surge,public_decision_frame+information_state,player_0_life_total_zero_or_less,oracle_map_08_60_mixed_threats_counter_wall,0,9,0.0,695227890,rev0099_expanded_matrix_refresh,20,0,pub_threat60_surge,oracle_map_08_60_mixed_threats_counter_wall,False,10,1
105,0,pub_threat60_surge,public_decision_frame+information_state,player_1_life_total_zero_or_less,oracle_map_08_60_mixed_threats_counter_wall,0,9,1.0,1042757579,rev0099_expanded_matrix_refresh,20,1,pub_threat60_surge,oracle_map_08_60_mixed_threats_counter_wall,False,10,0
115,1,pub_threat60_surge,public_decision_frame+information_state,player_0_life_total_zero_or_less,oracle_map_08_60_mixed_threats_counter_wall,1,9,1.0,984656658,rev0099_expanded_matrix_refresh,20,0,oracle_map_08_60_mixed_threats_counter_wall,pub_threat60_surge,False,9,1
118,1,pub_threat60_surge,public_decision_frame+information_state,player_0_life_total_zero_or_less,oracle_map_08_60_mixed_threats_counter_wall,1,9,1.0,1230043869,rev0099_expanded_matrix_refresh,20,1,oracle_map_08_60_mixed_threats_counter_wall,pub_threat60_surge,False,10,1
258,0,pub_threat60_surge,public_decision_frame+information_state,player_0_life_total_zero_or_less,oracle_map_08_60_mixed_threats_counter_wall,0,0,0.0,70343541,rev0099_expanded_matrix_refresh,40,0,pub_threat60_surge,oracle_map_08_60_mixed_threats_counter_wall,False,24,1
249,0,pub_threat60_surge,public_decision_frame+information_state,player_0_attempted_to_draw_from_empty_library,oracle_map_08_60_mixed_threats_counter_wall,0,0,0.0,966383222,rev0099_expanded_matrix_refresh,40,1,pub_threat60_surge,oracle_map_08_60_mixed_threats_counter_wall,False,24,1
192,1,pub_threat60_surge,public_decision_frame+information_state,player_1_attempted_to_draw_from_empty_library,oracle_map_08_60_mixed_threats_counter_wall,1,0,0.0,1670431285,rev0099_expanded_matrix_refresh,40,0,oracle_map_08_60_mixed_threats_counter_wall,pub_threat60_surge,False,18,0
215,1,pub_threat60_surge,public_decision_frame+information_state,player_1_attempted_to_draw_from_empty_library,oracle_map_08_60_mixed_threats_counter_wall,1,0,0.0,506289107,rev0099_expanded_matrix_refresh,40,1,oracle_map_08_60_mixed_threats_counter_wall,pub_threat60_surge,False,16,0
118,0,pub_threat60_surge,public_decision_frame+information_state,player_1_life_total_zero_or_less,oracle_map_08_60_mixed_threats_counter_wall,0,1,1.0,1434816892,rev0099_expanded_matrix_refresh,40,0,pub_threat60_surge,oracle_map_08_60_mixed_threats_counter_wall,False,10,0
148,0,pub_threat60_surge,public_decision_frame+information_state,player_1_life_total_zero_or_less,oracle_map_08_60_mixed_threats_counter_wall,0,1,1.0,1365015556,rev0099_expanded_matrix_refresh,40,1,pub_threat60_surge,oracle_map_08_60_mixed_threats_counter_wall,False,12,0
200,1,pub_threat60_surge,public_decision_frame+information_state,player_1_attempted_to_draw_from_empty_library,oracle_map_08_60_mixed_threats_counter_wall,1,1,0.0,445155069,rev0099_expanded_matrix_refresh,40,0,oracle_map_08_60_mixed_threats_counter_wall,pub_threat60_surge,False,17,0
190,1,pub_threat60_surge,public_decision_frame+information_state,player_0_life_total_zero_or_less,oracle_map_08_60_mixed_threats_counter_wall,1,1,1.0,612128434,rev0099_expanded_matrix_refresh,40,1,oracle_map_08_60_mixed_threats_counter_wall,pub_threat60_surge,False,15,1
328,0,pub_threat60_surge,public_decision_frame+information_state,player_0_attempted_to_draw_from_empty_library,oracle_map_08_60_mixed_threats_counter_wall,0,2,0.0,220439050,rev0099_expanded_matrix_refresh,40,0,pub_threat60_surge,oracle_map_08_60_mixed_threats_counter_wall,False,33,1
195,0,pub_threat60_surge,public_decision_frame+information_state,player_1_attempted_to_draw_from_empty_library,oracle_map_08_60_mixed_threats_counter_wall,0,2,1.0,1233325556,rev0099_expanded_matrix_refresh,40,1,pub_threat60_surge,oracle_map_08_60_mixed_threats_counter_wall,False,15,0
247,1,pub_threat60_surge,public_decision_frame+information_state,player_1_attempted_to_draw_from_empty_library,oracle_map_08_60_mixed_threats_counter_wall,1,2,0.0,159311442,rev0099_expanded_matrix_refresh,40,0,oracle_map_08_60_mixed_threats_counter_wall,pub_threat60_surge,False,18,0
146,1,pub_threat60_surge,public_decision_frame+information_state,player_1_life_total_zero_or_less,oracle_map_08_60_mixed_threats_counter_wall,1,2,0.0,1538071653,rev0099_expanded_matrix_refresh,40,1,oracle_map_08_60_mixed_threats_counter_wall,pub_threat60_surge,False,13,0
110,0,pub_threat60_surge,public_decision_frame+information_state,player_0_attempted_to_draw_from_empty_library,oracle_map_08_60_mixed_threats_counter_wall,0,3,0.0,6734685,rev0099_expanded_matrix_refresh,40,0,pub_threat60_surge,oracle_map_08_60_mixed_threats_counter_wall,False,10,1
159,0,pub_threat60_surge,public_decision_frame+information_state,player_0_life_total_zero_or_less,oracle_map_08_60_mixed_threats_counter_wall,0,3,0.0,1503176625,rev0099_expanded_matrix_refresh,40,1,pub_threat60_surge,oracle_map_08_60_mixed_threats_counter_wall,False,14,1
168,1,pub_threat60_surge,public_decision_frame+information_state,player_1_life_total_zero_or_less,oracle_map_08_60_mixed_threats_counter_wall,1,3,0.0,566883210,rev0099_expanded_matrix_refresh,40,0,oracle_map_08_60_mixed_threats_counter_wall,pub_threat60_surge,False,14,0
117,1,pub_threat60_surge,public_decision_frame+information_state,player_1_attempted_to_draw_from_empty_library,oracle_map_08_60_mixed_threats_counter_wall,1,3,0.0,522072543,rev0099_expanded_matrix_refresh,40,1,oracle_map_08_60_mixed_threats_counter_wall,pub_threat60_surge,False,11,0
147,0,pub_threat60_surge,public_decision_frame+information_state,player_1_life_total_zero_or_less,oracle_map_08_60_mixed_threats_counter_wall,0,4,1.0,1514875278,rev0099_expanded_matrix_refresh,40,0,pub_threat60_surge,oracle_map_08_60_mixed_threats_counter_wall,False,13,0
278,0,pub_threat60_surge,public_decision_frame+information_state,player_0_attempted_to_draw_from_empty_library,oracle_map_08_60_mixed_threats_counter_wall,0,4,0.0,686788372,rev0099_expanded_matrix_refresh,40,1,pub_threat60_surge,oracle_map_08_60_mixed_threats_counter_wall,False,23,1
178,1,pub_threat60_surge,public_decision_frame+information_state,player_1_attempted_to_draw_from_empty_library,oracle_map_08_60_mixed_threats_counter_wall,1,4,0.0,1416658975,rev0099_expanded_matrix_refresh,40,0,oracle_map_08_60_mixed_threats_counter_wall,pub_threat60_surge,False,15,0
210,1,pub_threat60_surge,public_decision_frame+information_state,player_1_attempted_to_draw_from_empty_library,oracle_map_08_60_mixed_threats_counter_wall,1,4,0.0,1979399548,rev0099_expanded_matrix_refresh,40,1,oracle_map_08_60_mixed_threats_counter_wall,pub_threat60_surge,False,17,0
282,0,pub_threat60_surge,public_decision_frame+information_state,player_1_life_total_zero_or_less,oracle_map_08_60_mixed_threats_counter_wall,0,5,1.0,1473109056,rev0099_expanded_matrix_refresh,40,0,pub_threat60_surge,oracle_map_08_60_mixed_threats_counter_wall,False,26,0
147,0,pub_threat60_surge,public_decision_frame+information_state,player_1_life_total_zero_or_less,oracle_map_08_60_mixed_threats_counter_wall,0,5,1.0,1014697212,rev0099_expanded_matrix_refresh,40,1,pub_threat60_surge,oracle_map_08_60_mixed_threats_counter_wall,False,11,0
194,1,pub_threat60_surge,public_decision_frame+information_state,player_1_attempted_to_draw_from_empty_library,oracle_map_08_60_mixed_threats_counter_wall,1,5,0.0,740936718,rev0099_expanded_matrix_refresh,40,0,oracle_map_08_60_mixed_threats_counter_wall,pub_threat60_surge,False,19,0
272,1,pub_threat60_surge,public_decision_frame+information_state,player_1_life_total_zero_or_less,oracle_map_08_60_mixed_threats_counter_wall,1,5,0.0,609454690,rev0099_expanded_matrix_refresh,40,1,oracle_map_08_60_mixed_threats_counter_wall,pub_threat60_surge,False,24,0
139,0,pub_threat60_surge,public_decision_frame+information_state,player_0_attempted_to_draw_from_empty_library,oracle_map_08_60_mixed_threats_counter_wall,0,6,0.0,1590445454,rev0099_expanded_matrix_refresh,40,0,pub_threat60_surge,oracle_map_08_60_mixed_threats_counter_wall,False,12,1
211,0,pub_threat60_surge,public_decision_frame+information_state,player_0_life_total_zero_or_less,oracle_map_08_60_mixed_threats_counter_wall,0,6,0.0,608631737,rev0099_expanded_matrix_refresh,40,1,pub_threat60_surge,oracle_map_08_60_mixed_threats_counter_wall,False,20,1
218,1,pub_threat60_surge,public_decision_frame+information_state,player_1_life_total_zero_or_less,oracle_map_08_60_mixed_threats_counter_wall,1,6,0.0,1420889757,rev0099_expanded_matrix_refresh,40,0,oracle_map_08_60_mixed_threats_counter_wall,pub_threat60_surge,False,19,0
152,1,pub_threat60_surge,public_decision_frame+information_state,player_1_life_total_zero_or_less,oracle_map_08_60_mixed_threats_counter_wall,1,6,0.0,1746746160,rev0099_expanded_matrix_refresh,40,1,oracle_map_08_60_mixed_threats_counter_wall,pub_threat60_surge,False,12,0
162,0,pub_threat60_surge,public_decision_frame+information_state,player_0_life_total_zero_or_less,oracle_map_08_60_mixed_threats_counter_wall,0,7,0.0,766075978,rev0099_expanded_matrix_refresh,40,0,pub_threat60_surge,oracle_map_08_60_mixed_threats_counter_wall,False,14,1
151,0,pub_threat60_surge,public_decision_frame+information_state,player_1_life_total_zero_or_less,oracle_map_08_60_mixed_threats_counter_wall,0,7,1.0,199165263,rev0099_expanded_matrix_refresh,40,1,pub_threat60_surge,oracle_map_08_60_mixed_threats_counter_wall,False,13,0
151,1,pub_threat60_surge,public_decision_frame+information_state,player_0_attempted_to_draw_from_empty_library,oracle_map_08_60_mixed_threats_counter_wall,1,7,1.0,673911160,rev0099_expanded_matrix_refresh,40,0,oracle_map_08_60_mixed_threats_counter_wall,pub_threat60_surge,False,12,1
156,1,pub_threat60_surge,public_decision_frame+information_state,player_0_life_total_zero_or_less,oracle_map_08_60_mixed_threats_counter_wall,1,7,1.0,983832284,rev0099_expanded_matrix_refresh,40,1,oracle_map_08_60_mixed_threats_counter_wall,pub_threat60_surge,False,14,1
134,0,pub_threat60_surge,public_decision_frame+information_state,player_1_life_total_zero_or_less,oracle_map_08_60_mixed_threats_counter_wall,0,8,1.0,1690213289,rev0099_expanded_matrix_refresh,40,0,pub_threat60_surge,oracle_map_08_60_mixed_threats_counter_wall,False,11,0
190,0,pub_threat60_surge,public_decision_frame+information_state,player_1_life_total_zero_or_less,oracle_map_08_60_mixed_threats_counter_wall,0,8,1.0,955963387,rev0099_expanded_matrix_refresh,40,1,pub_threat60_surge,oracle_map_08_60_mixed_threats_counter_wall,False,15,0
191,1,pub_threat60_surge,public_decision_frame+information_state,player_1_life_total_zero_or_less,oracle_map_08_60_mixed_threats_counter_wall,1,8,0.0,1178055761,rev0099_expanded_matrix_refresh,40,0,oracle_map_08_60_mixed_threats_counter_wall,pub_threat60_surge,False,14,0
159,1,pub_threat60_surge,public_decision_frame+information_state,player_1_life_total_zero_or_less,oracle_map_08_60_mixed_threats_counter_wall,1,8,0.0,467970378,rev0099_expanded_matrix_refresh,40,1,oracle_map_08_60_mixed_threats_counter_wall,pub_threat60_surge,False,14,0
239,0,pub_threat60_surge,public_decision_frame+information_state,player_1_attempted_to_draw_from_empty_library,oracle_map_08_60_mixed_threats_counter_wall,0,9,1.0,77853944,rev0099_expanded_matrix_refresh,40,0,pub_threat60_surge,oracle_map_08_60_mixed_threats_counter_wall,False,25,0
176,0,pub_threat60_surge,public_decision_frame+information_state,player_0_life_total_zero_or_less,oracle_map_08_60_mixed_threats_counter_wall,0,9,0.0,1426154636,rev0099_expanded_matrix_refresh,40,1,pub_threat60_surge,oracle_map_08_60_mixed_threats_counter_wall,False,15,1
181,1,pub_threat60_surge,public_decision_frame+information_state,player_1_attempted_to_draw_from_empty_library,oracle_map_08_60_mixed_threats_counter_wall,1,9,0.0,1932877510,rev0099_expanded_matrix_refresh,40,0,oracle_map_08_60_mixed_threats_counter_wall,pub_threat60_surge,False,15,0
155,1,pub_threat60_surge,public_decision_frame+information_state,player_1_attempted_to_draw_from_empty_library,oracle_map_08_60_mixed_threats_counter_wall,1,9,0.0,45320392,rev0099_expanded_matrix_refresh,40,1,oracle_map_08_60_mixed_threats_counter_wall,pub_threat60_surge,False,14,0
