method,situation_id,behavior_game_id,step,player,action_index,action_count,union_branched_action_count,method_branched_action_count,budget_reason,action,behavior_chosen,screen_voted_action,branch_rollouts,mean_actor_score,actor_score_stdev,method_best_mean_actor_score,union_best_mean_actor_score,union_second_best_mean_actor_score,chosen_mean_actor_score,value_gap_to_union_best,method_lost_value_to_union_best,union_best_margin,label_confidence_proxy,is_method_best_action,is_union_best_action,method_hits_union_best,behavior_chosen_hits_union_best,screen_vote_hits_union_best,starting_life,starting_player,agent0,agent1,mulligan0,mulligan1,ctx_frame_main,ctx_frame_response,ctx_frame_attack,ctx_frame_block,ctx_main_precombat,ctx_main_postcombat,ctx_life20,ctx_life40,ctx_own_life_frac,ctx_opp_life_frac,ctx_own_untapped_norm,ctx_opp_untapped_norm,ctx_own_tapped_norm,ctx_opp_tapped_norm,ctx_own_hand_norm,ctx_opp_hand_norm,ctx_own_library_norm,ctx_opp_library_norm,ctx_own_has_jace,ctx_opp_has_jace,ctx_own_jace_loyalty_norm,ctx_opp_jace_loyalty_norm,ctx_own_overlord_ready_norm,ctx_opp_overlord_ready_norm,ctx_own_overlord_total_norm,ctx_opp_overlord_total_norm,ctx_stack_depth_norm,ctx_pending_choice,ctx_pending_discard,ctx_pending_jace_choice,ctx_hand_island_norm,ctx_hand_counterspell_norm,ctx_hand_forceofwill_norm,ctx_hand_jacethemindsculptor_norm,ctx_hand_overlordofthefloodpits_norm,kind_pass,kind_play_island,kind_cast,kind_activate_jace,kind_attack,kind_block,kind_choose_for_effect,cast_counterspell,cast_force,cast_jace,cast_overlord,payment_mana,payment_pitch,pitch_counterspell,pitch_force,pitch_jace,pitch_overlord,target_counterspell,target_force,target_jace,target_overlord,jace_plus2,jace_zero,jace_minus1,jace_ultimate,overlord_full,overlord_impending,choose_discard,choose_force_pitch,choose_jace_plus2,choose_jace_brainstorm,choose_jace_legend,choice_island,choice_counterspell,choice_force,choice_jace,choice_overlord,attack_to_player_norm,attack_to_jace_norm,block_player_norm,block_jace_norm,target_state_ready,target_state_sick,target_state_tapped,is_pass_main,is_pass_response,screen_score,screen_reason,profile_spread,ranker_spread,high_action_bonus
unscreened_budget,rev0041_s0000_acf_g0008_life20_outcome_fjace_vs_cf35_counter_wall_step0111,acf_g0008_life20_outcome_fjace_vs_cf35_counter_wall,111,0,0,15,8,5,behavior_chosen,PASS,1,1,2,0.0,0.0,0.0,0.0,0.0,0.0,0.0,0.0,0.0,0.0,1,1,1,1,1,20,0,outcome_linear_ranker_rev0025,counterfactual_ranker_blend_counter_rev0035,mulligan_ranker_rev0024,mulligan_outcome_ranker_rev0027,0.0,1.0,0.0,0.0,1.0,0.0,1.0,0.0,1.0,0.95,0.1,0.1,0.9,1.0,0.4166666666666667,0.0,0.35,0.6833333333333333,0.0,0.0,0.0,0.0,0.0,0.0,0.0,0.0,1.0,0.0,0.0,0.0,0.0,0.25,0.375,0.0,0.0,1.0,0.0,0.0,0.0,0.0,0.0,0.0,0.0,0.0,0.0,0.0,0.0,0.0,0.0,0.0,0.0,0.0,0.0,0.0,0.0,0.0,0.0,0.0,0.0,0.0,0.0,0.0,0.0,0.0,0.0,0.0,0.0,0.0,0.0,0.0,0.0,0.0,0.0,0.0,0.0,0.0,0.0,0.0,0.0,0.0,1.0,0.8136531368385905,high_action+public_disagreement+profile_spread+ranker_spread,0.38650306748466257,0.2159096092553862,1.0
unscreened_budget,rev0041_s0000_acf_g0008_life20_outcome_fjace_vs_cf35_counter_wall_step0111,acf_g0008_life20_outcome_fjace_vs_cf35_counter_wall,111,0,1,15,8,5,diversity_representative,"CAST(card=ForceOfWill, payment=pitch, pitch_card=Counterspell, target_card=Counterspell, target_id=4)",0,0,2,0.0,0.0,0.0,0.0,0.0,0.0,0.0,0.0,0.0,0.0,1,1,1,1,1,20,0,outcome_linear_ranker_rev0025,counterfactual_ranker_blend_counter_rev0035,mulligan_ranker_rev0024,mulligan_outcome_ranker_rev0027,0.0,1.0,0.0,0.0,1.0,0.0,1.0,0.0,1.0,0.95,0.1,0.1,0.9,1.0,0.4166666666666667,0.0,0.35,0.6833333333333333,0.0,0.0,0.0,0.0,0.0,0.0,0.0,0.0,1.0,0.0,0.0,0.0,0.0,0.25,0.375,0.0,0.0,0.0,0.0,1.0,0.0,0.0,0.0,0.0,0.0,1.0,0.0,0.0,0.0,1.0,1.0,0.0,0.0,0.0,1.0,0.0,0.0,0.0,0.0,0.0,0.0,0.0,0.0,0.0,0.0,0.0,0.0,0.0,0.0,0.0,0.0,1.0,0.0,0.0,0.0,0.0,0.0,0.0,0.0,0.0,0.0,0.0,0.0,0.8136531368385905,high_action+public_disagreement+profile_spread+ranker_spread,0.38650306748466257,0.2159096092553862,1.0
unscreened_budget,rev0041_s0000_acf_g0008_life20_outcome_fjace_vs_cf35_counter_wall_step0111,acf_g0008_life20_outcome_fjace_vs_cf35_counter_wall,111,0,2,15,8,5,diversity_representative,"CAST(card=ForceOfWill, payment=pitch, pitch_card=ForceOfWill, target_card=Counterspell, target_id=4)",0,0,2,0.0,0.0,0.0,0.0,0.0,0.0,0.0,0.0,0.0,0.0,1,1,1,1,1,20,0,outcome_linear_ranker_rev0025,counterfactual_ranker_blend_counter_rev0035,mulligan_ranker_rev0024,mulligan_outcome_ranker_rev0027,0.0,1.0,0.0,0.0,1.0,0.0,1.0,0.0,1.0,0.95,0.1,0.1,0.9,1.0,0.4166666666666667,0.0,0.35,0.6833333333333333,0.0,0.0,0.0,0.0,0.0,0.0,0.0,0.0,1.0,0.0,0.0,0.0,0.0,0.25,0.375,0.0,0.0,0.0,0.0,1.0,0.0,0.0,0.0,0.0,0.0,1.0,0.0,0.0,0.0,1.0,0.0,1.0,0.0,0.0,1.0,0.0,0.0,0.0,0.0,0.0,0.0,0.0,0.0,0.0,0.0,0.0,0.0,0.0,0.0,0.0,0.0,1.0,0.0,0.0,0.0,0.0,0.0,0.0,0.0,0.0,0.0,0.0,0.0,0.8136531368385905,high_action+public_disagreement+profile_spread+ranker_spread,0.38650306748466257,0.2159096092553862,1.0
unscreened_budget,rev0041_s0000_acf_g0008_life20_outcome_fjace_vs_cf35_counter_wall_step0111,acf_g0008_life20_outcome_fjace_vs_cf35_counter_wall,111,0,3,15,8,5,random_budget_fill,"CAST(card=ForceOfWill, payment=pitch, pitch_card=Counterspell, target_card=Counterspell, target_id=5)",0,1,2,0.0,0.0,0.0,0.0,0.0,0.0,0.0,0.0,0.0,0.0,1,1,1,1,1,20,0,outcome_linear_ranker_rev0025,counterfactual_ranker_blend_counter_rev0035,mulligan_ranker_rev0024,mulligan_outcome_ranker_rev0027,0.0,1.0,0.0,0.0,1.0,0.0,1.0,0.0,1.0,0.95,0.1,0.1,0.9,1.0,0.4166666666666667,0.0,0.35,0.6833333333333333,0.0,0.0,0.0,0.0,0.0,0.0,0.0,0.0,1.0,0.0,0.0,0.0,0.0,0.25,0.375,0.0,0.0,0.0,0.0,1.0,0.0,0.0,0.0,0.0,0.0,1.0,0.0,0.0,0.0,1.0,1.0,0.0,0.0,0.0,1.0,0.0,0.0,0.0,0.0,0.0,0.0,0.0,0.0,0.0,0.0,0.0,0.0,0.0,0.0,0.0,0.0,1.0,0.0,0.0,0.0,0.0,0.0,0.0,0.0,0.0,0.0,0.0,0.0,0.8136531368385905,high_action+public_disagreement+profile_spread+ranker_spread,0.38650306748466257,0.2159096092553862,1.0
unscreened_budget,rev0041_s0000_acf_g0008_life20_outcome_fjace_vs_cf35_counter_wall_step0111,acf_g0008_life20_outcome_fjace_vs_cf35_counter_wall,111,0,4,15,8,5,random_budget_fill,"CAST(card=ForceOfWill, payment=pitch, pitch_card=ForceOfWill, target_card=Counterspell, target_id=5)",0,0,2,0.0,0.0,0.0,0.0,0.0,0.0,0.0,0.0,0.0,0.0,1,1,1,1,1,20,0,outcome_linear_ranker_rev0025,counterfactual_ranker_blend_counter_rev0035,mulligan_ranker_rev0024,mulligan_outcome_ranker_rev0027,0.0,1.0,0.0,0.0,1.0,0.0,1.0,0.0,1.0,0.95,0.1,0.1,0.9,1.0,0.4166666666666667,0.0,0.35,0.6833333333333333,0.0,0.0,0.0,0.0,0.0,0.0,0.0,0.0,1.0,0.0,0.0,0.0,0.0,0.25,0.375,0.0,0.0,0.0,0.0,1.0,0.0,0.0,0.0,0.0,0.0,1.0,0.0,0.0,0.0,1.0,0.0,1.0,0.0,0.0,1.0,0.0,0.0,0.0,0.0,0.0,0.0,0.0,0.0,0.0,0.0,0.0,0.0,0.0,0.0,0.0,0.0,1.0,0.0,0.0,0.0,0.0,0.0,0.0,0.0,0.0,0.0,0.0,0.0,0.8136531368385905,high_action+public_disagreement+profile_spread+ranker_spread,0.38650306748466257,0.2159096092553862,1.0
screened_vote_budget,rev0041_s0000_acf_g0008_life20_outcome_fjace_vs_cf35_counter_wall_step0111,acf_g0008_life20_outcome_fjace_vs_cf35_counter_wall,111,0,0,15,8,5,behavior_chosen+screen_vote,PASS,1,1,2,0.0,0.0,0.0,0.0,0.0,0.0,0.0,0.0,0.0,0.0,1,1,1,1,1,20,0,outcome_linear_ranker_rev0025,counterfactual_ranker_blend_counter_rev0035,mulligan_ranker_rev0024,mulligan_outcome_ranker_rev0027,0.0,1.0,0.0,0.0,1.0,0.0,1.0,0.0,1.0,0.95,0.1,0.1,0.9,1.0,0.4166666666666667,0.0,0.35,0.6833333333333333,0.0,0.0,0.0,0.0,0.0,0.0,0.0,0.0,1.0,0.0,0.0,0.0,0.0,0.25,0.375,0.0,0.0,1.0,0.0,0.0,0.0,0.0,0.0,0.0,0.0,0.0,0.0,0.0,0.0,0.0,0.0,0.0,0.0,0.0,0.0,0.0,0.0,0.0,0.0,0.0,0.0,0.0,0.0,0.0,0.0,0.0,0.0,0.0,0.0,0.0,0.0,0.0,0.0,0.0,0.0,0.0,0.0,0.0,0.0,0.0,0.0,0.0,1.0,0.8136531368385905,high_action+public_disagreement+profile_spread+ranker_spread,0.38650306748466257,0.2159096092553862,1.0
screened_vote_budget,rev0041_s0000_acf_g0008_life20_outcome_fjace_vs_cf35_counter_wall_step0111,acf_g0008_life20_outcome_fjace_vs_cf35_counter_wall,111,0,3,15,8,5,screen_vote,"CAST(card=ForceOfWill, payment=pitch, pitch_card=Counterspell, target_card=Counterspell, target_id=5)",0,1,2,0.0,0.0,0.0,0.0,0.0,0.0,0.0,0.0,0.0,0.0,1,1,1,1,1,20,0,outcome_linear_ranker_rev0025,counterfactual_ranker_blend_counter_rev0035,mulligan_ranker_rev0024,mulligan_outcome_ranker_rev0027,0.0,1.0,0.0,0.0,1.0,0.0,1.0,0.0,1.0,0.95,0.1,0.1,0.9,1.0,0.4166666666666667,0.0,0.35,0.6833333333333333,0.0,0.0,0.0,0.0,0.0,0.0,0.0,0.0,1.0,0.0,0.0,0.0,0.0,0.25,0.375,0.0,0.0,0.0,0.0,1.0,0.0,0.0,0.0,0.0,0.0,1.0,0.0,0.0,0.0,1.0,1.0,0.0,0.0,0.0,1.0,0.0,0.0,0.0,0.0,0.0,0.0,0.0,0.0,0.0,0.0,0.0,0.0,0.0,0.0,0.0,0.0,1.0,0.0,0.0,0.0,0.0,0.0,0.0,0.0,0.0,0.0,0.0,0.0,0.8136531368385905,high_action+public_disagreement+profile_spread+ranker_spread,0.38650306748466257,0.2159096092553862,1.0
screened_vote_budget,rev0041_s0000_acf_g0008_life20_outcome_fjace_vs_cf35_counter_wall_step0111,acf_g0008_life20_outcome_fjace_vs_cf35_counter_wall,111,0,7,15,8,5,screen_vote,"CAST(card=ForceOfWill, payment=pitch, pitch_card=Counterspell, target_card=Counterspell, target_id=7)",0,1,2,0.0,0.0,0.0,0.0,0.0,0.0,0.0,0.0,0.0,0.0,1,1,1,1,1,20,0,outcome_linear_ranker_rev0025,counterfactual_ranker_blend_counter_rev0035,mulligan_ranker_rev0024,mulligan_outcome_ranker_rev0027,0.0,1.0,0.0,0.0,1.0,0.0,1.0,0.0,1.0,0.95,0.1,0.1,0.9,1.0,0.4166666666666667,0.0,0.35,0.6833333333333333,0.0,0.0,0.0,0.0,0.0,0.0,0.0,0.0,1.0,0.0,0.0,0.0,0.0,0.25,0.375,0.0,0.0,0.0,0.0,1.0,0.0,0.0,0.0,0.0,0.0,1.0,0.0,0.0,0.0,1.0,1.0,0.0,0.0,0.0,1.0,0.0,0.0,0.0,0.0,0.0,0.0,0.0,0.0,0.0,0.0,0.0,0.0,0.0,0.0,0.0,0.0,1.0,0.0,0.0,0.0,0.0,0.0,0.0,0.0,0.0,0.0,0.0,0.0,0.8136531368385905,high_action+public_disagreement+profile_spread+ranker_spread,0.38650306748466257,0.2159096092553862,1.0
screened_vote_budget,rev0041_s0000_acf_g0008_life20_outcome_fjace_vs_cf35_counter_wall_step0111,acf_g0008_life20_outcome_fjace_vs_cf35_counter_wall,111,0,9,15,8,5,screen_vote,"CAST(card=ForceOfWill, payment=pitch, pitch_card=Counterspell, target_card=Counterspell, target_id=8)",0,1,2,0.0,0.0,0.0,0.0,0.0,0.0,0.0,0.0,0.0,0.0,1,1,1,1,1,20,0,outcome_linear_ranker_rev0025,counterfactual_ranker_blend_counter_rev0035,mulligan_ranker_rev0024,mulligan_outcome_ranker_rev0027,0.0,1.0,0.0,0.0,1.0,0.0,1.0,0.0,1.0,0.95,0.1,0.1,0.9,1.0,0.4166666666666667,0.0,0.35,0.6833333333333333,0.0,0.0,0.0,0.0,0.0,0.0,0.0,0.0,1.0,0.0,0.0,0.0,0.0,0.25,0.375,0.0,0.0,0.0,0.0,1.0,0.0,0.0,0.0,0.0,0.0,1.0,0.0,0.0,0.0,1.0,1.0,0.0,0.0,0.0,1.0,0.0,0.0,0.0,0.0,0.0,0.0,0.0,0.0,0.0,0.0,0.0,0.0,0.0,0.0,0.0,0.0,1.0,0.0,0.0,0.0,0.0,0.0,0.0,0.0,0.0,0.0,0.0,0.0,0.8136531368385905,high_action+public_disagreement+profile_spread+ranker_spread,0.38650306748466257,0.2159096092553862,1.0
screened_vote_budget,rev0041_s0000_acf_g0008_life20_outcome_fjace_vs_cf35_counter_wall_step0111,acf_g0008_life20_outcome_fjace_vs_cf35_counter_wall,111,0,13,15,8,5,screen_vote,"CAST(card=ForceOfWill, payment=pitch, pitch_card=Counterspell, target_card=Counterspell, target_id=10)",0,1,2,0.0,0.0,0.0,0.0,0.0,0.0,0.0,0.0,0.0,0.0,1,1,1,1,1,20,0,outcome_linear_ranker_rev0025,counterfactual_ranker_blend_counter_rev0035,mulligan_ranker_rev0024,mulligan_outcome_ranker_rev0027,0.0,1.0,0.0,0.0,1.0,0.0,1.0,0.0,1.0,0.95,0.1,0.1,0.9,1.0,0.4166666666666667,0.0,0.35,0.6833333333333333,0.0,0.0,0.0,0.0,0.0,0.0,0.0,0.0,1.0,0.0,0.0,0.0,0.0,0.25,0.375,0.0,0.0,0.0,0.0,1.0,0.0,0.0,0.0,0.0,0.0,1.0,0.0,0.0,0.0,1.0,1.0,0.0,0.0,0.0,1.0,0.0,0.0,0.0,0.0,0.0,0.0,0.0,0.0,0.0,0.0,0.0,0.0,0.0,0.0,0.0,0.0,1.0,0.0,0.0,0.0,0.0,0.0,0.0,0.0,0.0,0.0,0.0,0.0,0.8136531368385905,high_action+public_disagreement+profile_spread+ranker_spread,0.38650306748466257,0.2159096092553862,1.0
hybrid_vote_diverse_ranker,rev0041_s0000_acf_g0008_life20_outcome_fjace_vs_cf35_counter_wall_step0111,acf_g0008_life20_outcome_fjace_vs_cf35_counter_wall,111,0,0,15,8,5,behavior_chosen+screen_vote+hybrid_top_prior+diversity_representative,PASS,1,1,2,0.0,0.0,0.0,0.0,0.0,0.0,0.0,0.0,0.0,0.0,1,1,1,1,1,20,0,outcome_linear_ranker_rev0025,counterfactual_ranker_blend_counter_rev0035,mulligan_ranker_rev0024,mulligan_outcome_ranker_rev0027,0.0,1.0,0.0,0.0,1.0,0.0,1.0,0.0,1.0,0.95,0.1,0.1,0.9,1.0,0.4166666666666667,0.0,0.35,0.6833333333333333,0.0,0.0,0.0,0.0,0.0,0.0,0.0,0.0,1.0,0.0,0.0,0.0,0.0,0.25,0.375,0.0,0.0,1.0,0.0,0.0,0.0,0.0,0.0,0.0,0.0,0.0,0.0,0.0,0.0,0.0,0.0,0.0,0.0,0.0,0.0,0.0,0.0,0.0,0.0,0.0,0.0,0.0,0.0,0.0,0.0,0.0,0.0,0.0,0.0,0.0,0.0,0.0,0.0,0.0,0.0,0.0,0.0,0.0,0.0,0.0,0.0,0.0,1.0,0.8136531368385905,high_action+public_disagreement+profile_spread+ranker_spread,0.38650306748466257,0.2159096092553862,1.0
hybrid_vote_diverse_ranker,rev0041_s0000_acf_g0008_life20_outcome_fjace_vs_cf35_counter_wall_step0111,acf_g0008_life20_outcome_fjace_vs_cf35_counter_wall,111,0,2,15,8,5,diversity_representative,"CAST(card=ForceOfWill, payment=pitch, pitch_card=ForceOfWill, target_card=Counterspell, target_id=4)",0,0,2,0.0,0.0,0.0,0.0,0.0,0.0,0.0,0.0,0.0,0.0,1,1,1,1,1,20,0,outcome_linear_ranker_rev0025,counterfactual_ranker_blend_counter_rev0035,mulligan_ranker_rev0024,mulligan_outcome_ranker_rev0027,0.0,1.0,0.0,0.0,1.0,0.0,1.0,0.0,1.0,0.95,0.1,0.1,0.9,1.0,0.4166666666666667,0.0,0.35,0.6833333333333333,0.0,0.0,0.0,0.0,0.0,0.0,0.0,0.0,1.0,0.0,0.0,0.0,0.0,0.25,0.375,0.0,0.0,0.0,0.0,1.0,0.0,0.0,0.0,0.0,0.0,1.0,0.0,0.0,0.0,1.0,0.0,1.0,0.0,0.0,1.0,0.0,0.0,0.0,0.0,0.0,0.0,0.0,0.0,0.0,0.0,0.0,0.0,0.0,0.0,0.0,0.0,1.0,0.0,0.0,0.0,0.0,0.0,0.0,0.0,0.0,0.0,0.0,0.0,0.8136531368385905,high_action+public_disagreement+profile_spread+ranker_spread,0.38650306748466257,0.2159096092553862,1.0
hybrid_vote_diverse_ranker,rev0041_s0000_acf_g0008_life20_outcome_fjace_vs_cf35_counter_wall_step0111,acf_g0008_life20_outcome_fjace_vs_cf35_counter_wall,111,0,3,15,8,5,screen_vote+diversity_representative,"CAST(card=ForceOfWill, payment=pitch, pitch_card=Counterspell, target_card=Counterspell, target_id=5)",0,1,2,0.0,0.0,0.0,0.0,0.0,0.0,0.0,0.0,0.0,0.0,1,1,1,1,1,20,0,outcome_linear_ranker_rev0025,counterfactual_ranker_blend_counter_rev0035,mulligan_ranker_rev0024,mulligan_outcome_ranker_rev0027,0.0,1.0,0.0,0.0,1.0,0.0,1.0,0.0,1.0,0.95,0.1,0.1,0.9,1.0,0.4166666666666667,0.0,0.35,0.6833333333333333,0.0,0.0,0.0,0.0,0.0,0.0,0.0,0.0,1.0,0.0,0.0,0.0,0.0,0.25,0.375,0.0,0.0,0.0,0.0,1.0,0.0,0.0,0.0,0.0,0.0,1.0,0.0,0.0,0.0,1.0,1.0,0.0,0.0,0.0,1.0,0.0,0.0,0.0,0.0,0.0,0.0,0.0,0.0,0.0,0.0,0.0,0.0,0.0,0.0,0.0,0.0,1.0,0.0,0.0,0.0,0.0,0.0,0.0,0.0,0.0,0.0,0.0,0.0,0.8136531368385905,high_action+public_disagreement+profile_spread+ranker_spread,0.38650306748466257,0.2159096092553862,1.0
hybrid_vote_diverse_ranker,rev0041_s0000_acf_g0008_life20_outcome_fjace_vs_cf35_counter_wall_step0111,acf_g0008_life20_outcome_fjace_vs_cf35_counter_wall,111,0,7,15,8,5,hybrid_score_fill,"CAST(card=ForceOfWill, payment=pitch, pitch_card=Counterspell, target_card=Counterspell, target_id=7)",0,1,2,0.0,0.0,0.0,0.0,0.0,0.0,0.0,0.0,0.0,0.0,1,1,1,1,1,20,0,outcome_linear_ranker_rev0025,counterfactual_ranker_blend_counter_rev0035,mulligan_ranker_rev0024,mulligan_outcome_ranker_rev0027,0.0,1.0,0.0,0.0,1.0,0.0,1.0,0.0,1.0,0.95,0.1,0.1,0.9,1.0,0.4166666666666667,0.0,0.35,0.6833333333333333,0.0,0.0,0.0,0.0,0.0,0.0,0.0,0.0,1.0,0.0,0.0,0.0,0.0,0.25,0.375,0.0,0.0,0.0,0.0,1.0,0.0,0.0,0.0,0.0,0.0,1.0,0.0,0.0,0.0,1.0,1.0,0.0,0.0,0.0,1.0,0.0,0.0,0.0,0.0,0.0,0.0,0.0,0.0,0.0,0.0,0.0,0.0,0.0,0.0,0.0,0.0,1.0,0.0,0.0,0.0,0.0,0.0,0.0,0.0,0.0,0.0,0.0,0.0,0.8136531368385905,high_action+public_disagreement+profile_spread+ranker_spread,0.38650306748466257,0.2159096092553862,1.0
hybrid_vote_diverse_ranker,rev0041_s0000_acf_g0008_life20_outcome_fjace_vs_cf35_counter_wall_step0111,acf_g0008_life20_outcome_fjace_vs_cf35_counter_wall,111,0,13,15,8,5,hybrid_score_fill,"CAST(card=ForceOfWill, payment=pitch, pitch_card=Counterspell, target_card=Counterspell, target_id=10)",0,1,2,0.0,0.0,0.0,0.0,0.0,0.0,0.0,0.0,0.0,0.0,1,1,1,1,1,20,0,outcome_linear_ranker_rev0025,counterfactual_ranker_blend_counter_rev0035,mulligan_ranker_rev0024,mulligan_outcome_ranker_rev0027,0.0,1.0,0.0,0.0,1.0,0.0,1.0,0.0,1.0,0.95,0.1,0.1,0.9,1.0,0.4166666666666667,0.0,0.35,0.6833333333333333,0.0,0.0,0.0,0.0,0.0,0.0,0.0,0.0,1.0,0.0,0.0,0.0,0.0,0.25,0.375,0.0,0.0,0.0,0.0,1.0,0.0,0.0,0.0,0.0,0.0,1.0,0.0,0.0,0.0,1.0,1.0,0.0,0.0,0.0,1.0,0.0,0.0,0.0,0.0,0.0,0.0,0.0,0.0,0.0,0.0,0.0,0.0,0.0,0.0,0.0,0.0,1.0,0.0,0.0,0.0,0.0,0.0,0.0,0.0,0.0,0.0,0.0,0.0,0.8136531368385905,high_action+public_disagreement+profile_spread+ranker_spread,0.38650306748466257,0.2159096092553862,1.0
unscreened_budget,rev0041_s0001_acf_g0008_life20_outcome_fjace_vs_cf35_counter_wall_step0113,acf_g0008_life20_outcome_fjace_vs_cf35_counter_wall,113,0,0,13,8,5,behavior_chosen,PASS,1,1,2,0.0,0.0,0.0,0.0,0.0,0.0,0.0,0.0,0.0,0.0,1,1,1,1,1,20,0,outcome_linear_ranker_rev0025,counterfactual_ranker_blend_counter_rev0035,mulligan_ranker_rev0024,mulligan_outcome_ranker_rev0027,0.0,1.0,0.0,0.0,1.0,0.0,1.0,0.0,1.0,0.95,0.1,0.1,0.9,1.0,0.4166666666666667,0.0,0.35,0.6833333333333333,0.0,0.0,0.0,0.0,0.0,0.0,0.0,0.0,1.0,0.0,0.0,0.0,0.0,0.25,0.375,0.0,0.0,1.0,0.0,0.0,0.0,0.0,0.0,0.0,0.0,0.0,0.0,0.0,0.0,0.0,0.0,0.0,0.0,0.0,0.0,0.0,0.0,0.0,0.0,0.0,0.0,0.0,0.0,0.0,0.0,0.0,0.0,0.0,0.0,0.0,0.0,0.0,0.0,0.0,0.0,0.0,0.0,0.0,0.0,0.0,0.0,0.0,1.0,0.6975817082671618,high_action+public_disagreement+profile_spread+ranker_spread,0.38650306748466257,0.2159096092553862,1.0
unscreened_budget,rev0041_s0001_acf_g0008_life20_outcome_fjace_vs_cf35_counter_wall_step0113,acf_g0008_life20_outcome_fjace_vs_cf35_counter_wall,113,0,1,13,8,5,diversity_representative,"CAST(card=ForceOfWill, payment=pitch, pitch_card=Counterspell, target_card=Counterspell, target_id=4)",0,0,2,0.0,0.0,0.0,0.0,0.0,0.0,0.0,0.0,0.0,0.0,1,1,1,1,1,20,0,outcome_linear_ranker_rev0025,counterfactual_ranker_blend_counter_rev0035,mulligan_ranker_rev0024,mulligan_outcome_ranker_rev0027,0.0,1.0,0.0,0.0,1.0,0.0,1.0,0.0,1.0,0.95,0.1,0.1,0.9,1.0,0.4166666666666667,0.0,0.35,0.6833333333333333,0.0,0.0,0.0,0.0,0.0,0.0,0.0,0.0,1.0,0.0,0.0,0.0,0.0,0.25,0.375,0.0,0.0,0.0,0.0,1.0,0.0,0.0,0.0,0.0,0.0,1.0,0.0,0.0,0.0,1.0,1.0,0.0,0.0,0.0,1.0,0.0,0.0,0.0,0.0,0.0,0.0,0.0,0.0,0.0,0.0,0.0,0.0,0.0,0.0,0.0,0.0,1.0,0.0,0.0,0.0,0.0,0.0,0.0,0.0,0.0,0.0,0.0,0.0,0.6975817082671618,high_action+public_disagreement+profile_spread+ranker_spread,0.38650306748466257,0.2159096092553862,1.0
unscreened_budget,rev0041_s0001_acf_g0008_life20_outcome_fjace_vs_cf35_counter_wall_step0113,acf_g0008_life20_outcome_fjace_vs_cf35_counter_wall,113,0,2,13,8,5,diversity_representative,"CAST(card=ForceOfWill, payment=pitch, pitch_card=ForceOfWill, target_card=Counterspell, target_id=4)",0,0,2,0.0,0.0,0.0,0.0,0.0,0.0,0.0,0.0,0.0,0.0,1,1,1,1,1,20,0,outcome_linear_ranker_rev0025,counterfactual_ranker_blend_counter_rev0035,mulligan_ranker_rev0024,mulligan_outcome_ranker_rev0027,0.0,1.0,0.0,0.0,1.0,0.0,1.0,0.0,1.0,0.95,0.1,0.1,0.9,1.0,0.4166666666666667,0.0,0.35,0.6833333333333333,0.0,0.0,0.0,0.0,0.0,0.0,0.0,0.0,1.0,0.0,0.0,0.0,0.0,0.25,0.375,0.0,0.0,0.0,0.0,1.0,0.0,0.0,0.0,0.0,0.0,1.0,0.0,0.0,0.0,1.0,0.0,1.0,0.0,0.0,1.0,0.0,0.0,0.0,0.0,0.0,0.0,0.0,0.0,0.0,0.0,0.0,0.0,0.0,0.0,0.0,0.0,1.0,0.0,0.0,0.0,0.0,0.0,0.0,0.0,0.0,0.0,0.0,0.0,0.6975817082671618,high_action+public_disagreement+profile_spread+ranker_spread,0.38650306748466257,0.2159096092553862,1.0
unscreened_budget,rev0041_s0001_acf_g0008_life20_outcome_fjace_vs_cf35_counter_wall_step0113,acf_g0008_life20_outcome_fjace_vs_cf35_counter_wall,113,0,6,13,8,5,random_budget_fill,"CAST(card=ForceOfWill, payment=pitch, pitch_card=ForceOfWill, target_card=ForceOfWill, target_id=6)",0,0,2,0.0,0.0,0.0,0.0,0.0,0.0,0.0,0.0,0.0,0.0,1,1,1,1,1,20,0,outcome_linear_ranker_rev0025,counterfactual_ranker_blend_counter_rev0035,mulligan_ranker_rev0024,mulligan_outcome_ranker_rev0027,0.0,1.0,0.0,0.0,1.0,0.0,1.0,0.0,1.0,0.95,0.1,0.1,0.9,1.0,0.4166666666666667,0.0,0.35,0.6833333333333333,0.0,0.0,0.0,0.0,0.0,0.0,0.0,0.0,1.0,0.0,0.0,0.0,0.0,0.25,0.375,0.0,0.0,0.0,0.0,1.0,0.0,0.0,0.0,0.0,0.0,1.0,0.0,0.0,0.0,1.0,0.0,1.0,0.0,0.0,0.0,1.0,0.0,0.0,0.0,0.0,0.0,0.0,0.0,0.0,0.0,0.0,0.0,0.0,0.0,0.0,0.0,1.0,0.0,0.0,0.0,0.0,0.0,0.0,0.0,0.0,0.0,0.0,0.0,0.6975817082671618,high_action+public_disagreement+profile_spread+ranker_spread,0.38650306748466257,0.2159096092553862,1.0
unscreened_budget,rev0041_s0001_acf_g0008_life20_outcome_fjace_vs_cf35_counter_wall_step0113,acf_g0008_life20_outcome_fjace_vs_cf35_counter_wall,113,0,7,13,8,5,random_budget_fill,"CAST(card=ForceOfWill, payment=pitch, pitch_card=Counterspell, target_card=Counterspell, target_id=7)",0,0,2,0.0,0.0,0.0,0.0,0.0,0.0,0.0,0.0,0.0,0.0,1,1,1,1,1,20,0,outcome_linear_ranker_rev0025,counterfactual_ranker_blend_counter_rev0035,mulligan_ranker_rev0024,mulligan_outcome_ranker_rev0027,0.0,1.0,0.0,0.0,1.0,0.0,1.0,0.0,1.0,0.95,0.1,0.1,0.9,1.0,0.4166666666666667,0.0,0.35,0.6833333333333333,0.0,0.0,0.0,0.0,0.0,0.0,0.0,0.0,1.0,0.0,0.0,0.0,0.0,0.25,0.375,0.0,0.0,0.0,0.0,1.0,0.0,0.0,0.0,0.0,0.0,1.0,0.0,0.0,0.0,1.0,1.0,0.0,0.0,0.0,1.0,0.0,0.0,0.0,0.0,0.0,0.0,0.0,0.0,0.0,0.0,0.0,0.0,0.0,0.0,0.0,0.0,1.0,0.0,0.0,0.0,0.0,0.0,0.0,0.0,0.0,0.0,0.0,0.0,0.6975817082671618,high_action+public_disagreement+profile_spread+ranker_spread,0.38650306748466257,0.2159096092553862,1.0
screened_vote_budget,rev0041_s0001_acf_g0008_life20_outcome_fjace_vs_cf35_counter_wall_step0113,acf_g0008_life20_outcome_fjace_vs_cf35_counter_wall,113,0,0,13,8,5,behavior_chosen+screen_vote,PASS,1,1,2,0.0,0.0,0.0,0.0,0.0,0.0,0.0,0.0,0.0,0.0,1,1,1,1,1,20,0,outcome_linear_ranker_rev0025,counterfactual_ranker_blend_counter_rev0035,mulligan_ranker_rev0024,mulligan_outcome_ranker_rev0027,0.0,1.0,0.0,0.0,1.0,0.0,1.0,0.0,1.0,0.95,0.1,0.1,0.9,1.0,0.4166666666666667,0.0,0.35,0.6833333333333333,0.0,0.0,0.0,0.0,0.0,0.0,0.0,0.0,1.0,0.0,0.0,0.0,0.0,0.25,0.375,0.0,0.0,1.0,0.0,0.0,0.0,0.0,0.0,0.0,0.0,0.0,0.0,0.0,0.0,0.0,0.0,0.0,0.0,0.0,0.0,0.0,0.0,0.0,0.0,0.0,0.0,0.0,0.0,0.0,0.0,0.0,0.0,0.0,0.0,0.0,0.0,0.0,0.0,0.0,0.0,0.0,0.0,0.0,0.0,0.0,0.0,0.0,1.0,0.6975817082671618,high_action+public_disagreement+profile_spread+ranker_spread,0.38650306748466257,0.2159096092553862,1.0
screened_vote_budget,rev0041_s0001_acf_g0008_life20_outcome_fjace_vs_cf35_counter_wall_step0113,acf_g0008_life20_outcome_fjace_vs_cf35_counter_wall,113,0,1,13,8,5,diversity_representative,"CAST(card=ForceOfWill, payment=pitch, pitch_card=Counterspell, target_card=Counterspell, target_id=4)",0,0,2,0.0,0.0,0.0,0.0,0.0,0.0,0.0,0.0,0.0,0.0,1,1,1,1,1,20,0,outcome_linear_ranker_rev0025,counterfactual_ranker_blend_counter_rev0035,mulligan_ranker_rev0024,mulligan_outcome_ranker_rev0027,0.0,1.0,0.0,0.0,1.0,0.0,1.0,0.0,1.0,0.95,0.1,0.1,0.9,1.0,0.4166666666666667,0.0,0.35,0.6833333333333333,0.0,0.0,0.0,0.0,0.0,0.0,0.0,0.0,1.0,0.0,0.0,0.0,0.0,0.25,0.375,0.0,0.0,0.0,0.0,1.0,0.0,0.0,0.0,0.0,0.0,1.0,0.0,0.0,0.0,1.0,1.0,0.0,0.0,0.0,1.0,0.0,0.0,0.0,0.0,0.0,0.0,0.0,0.0,0.0,0.0,0.0,0.0,0.0,0.0,0.0,0.0,1.0,0.0,0.0,0.0,0.0,0.0,0.0,0.0,0.0,0.0,0.0,0.0,0.6975817082671618,high_action+public_disagreement+profile_spread+ranker_spread,0.38650306748466257,0.2159096092553862,1.0
screened_vote_budget,rev0041_s0001_acf_g0008_life20_outcome_fjace_vs_cf35_counter_wall_step0113,acf_g0008_life20_outcome_fjace_vs_cf35_counter_wall,113,0,3,13,8,5,screen_vote,"CAST(card=ForceOfWill, payment=pitch, pitch_card=Counterspell, target_card=Counterspell, target_id=5)",0,1,2,0.0,0.0,0.0,0.0,0.0,0.0,0.0,0.0,0.0,0.0,1,1,1,1,1,20,0,outcome_linear_ranker_rev0025,counterfactual_ranker_blend_counter_rev0035,mulligan_ranker_rev0024,mulligan_outcome_ranker_rev0027,0.0,1.0,0.0,0.0,1.0,0.0,1.0,0.0,1.0,0.95,0.1,0.1,0.9,1.0,0.4166666666666667,0.0,0.35,0.6833333333333333,0.0,0.0,0.0,0.0,0.0,0.0,0.0,0.0,1.0,0.0,0.0,0.0,0.0,0.25,0.375,0.0,0.0,0.0,0.0,1.0,0.0,0.0,0.0,0.0,0.0,1.0,0.0,0.0,0.0,1.0,1.0,0.0,0.0,0.0,1.0,0.0,0.0,0.0,0.0,0.0,0.0,0.0,0.0,0.0,0.0,0.0,0.0,0.0,0.0,0.0,0.0,1.0,0.0,0.0,0.0,0.0,0.0,0.0,0.0,0.0,0.0,0.0,0.0,0.6975817082671618,high_action+public_disagreement+profile_spread+ranker_spread,0.38650306748466257,0.2159096092553862,1.0
screened_vote_budget,rev0041_s0001_acf_g0008_life20_outcome_fjace_vs_cf35_counter_wall_step0113,acf_g0008_life20_outcome_fjace_vs_cf35_counter_wall,113,0,5,13,8,5,screen_vote,"CAST(card=ForceOfWill, payment=pitch, pitch_card=Counterspell, target_card=ForceOfWill, target_id=6)",0,1,2,0.0,0.0,0.0,0.0,0.0,0.0,0.0,0.0,0.0,0.0,1,1,1,1,1,20,0,outcome_linear_ranker_rev0025,counterfactual_ranker_blend_counter_rev0035,mulligan_ranker_rev0024,mulligan_outcome_ranker_rev0027,0.0,1.0,0.0,0.0,1.0,0.0,1.0,0.0,1.0,0.95,0.1,0.1,0.9,1.0,0.4166666666666667,0.0,0.35,0.6833333333333333,0.0,0.0,0.0,0.0,0.0,0.0,0.0,0.0,1.0,0.0,0.0,0.0,0.0,0.25,0.375,0.0,0.0,0.0,0.0,1.0,0.0,0.0,0.0,0.0,0.0,1.0,0.0,0.0,0.0,1.0,1.0,0.0,0.0,0.0,0.0,1.0,0.0,0.0,0.0,0.0,0.0,0.0,0.0,0.0,0.0,0.0,0.0,0.0,0.0,0.0,0.0,1.0,0.0,0.0,0.0,0.0,0.0,0.0,0.0,0.0,0.0,0.0,0.0,0.6975817082671618,high_action+public_disagreement+profile_spread+ranker_spread,0.38650306748466257,0.2159096092553862,1.0
screened_vote_budget,rev0041_s0001_acf_g0008_life20_outcome_fjace_vs_cf35_counter_wall_step0113,acf_g0008_life20_outcome_fjace_vs_cf35_counter_wall,113,0,11,13,8,5,random_budget_fill+screen_vote,"CAST(card=ForceOfWill, payment=pitch, pitch_card=Counterspell, target_card=Counterspell, target_id=9)",0,1,2,0.0,0.0,0.0,0.0,0.0,0.0,0.0,0.0,0.0,0.0,1,1,1,1,1,20,0,outcome_linear_ranker_rev0025,counterfactual_ranker_blend_counter_rev0035,mulligan_ranker_rev0024,mulligan_outcome_ranker_rev0027,0.0,1.0,0.0,0.0,1.0,0.0,1.0,0.0,1.0,0.95,0.1,0.1,0.9,1.0,0.4166666666666667,0.0,0.35,0.6833333333333333,0.0,0.0,0.0,0.0,0.0,0.0,0.0,0.0,1.0,0.0,0.0,0.0,0.0,0.25,0.375,0.0,0.0,0.0,0.0,1.0,0.0,0.0,0.0,0.0,0.0,1.0,0.0,0.0,0.0,1.0,1.0,0.0,0.0,0.0,1.0,0.0,0.0,0.0,0.0,0.0,0.0,0.0,0.0,0.0,0.0,0.0,0.0,0.0,0.0,0.0,0.0,1.0,0.0,0.0,0.0,0.0,0.0,0.0,0.0,0.0,0.0,0.0,0.0,0.6975817082671618,high_action+public_disagreement+profile_spread+ranker_spread,0.38650306748466257,0.2159096092553862,1.0
hybrid_vote_diverse_ranker,rev0041_s0001_acf_g0008_life20_outcome_fjace_vs_cf35_counter_wall_step0113,acf_g0008_life20_outcome_fjace_vs_cf35_counter_wall,113,0,0,13,8,5,behavior_chosen+screen_vote+diversity_representative,PASS,1,1,2,0.0,0.0,0.0,0.0,0.0,0.0,0.0,0.0,0.0,0.0,1,1,1,1,1,20,0,outcome_linear_ranker_rev0025,counterfactual_ranker_blend_counter_rev0035,mulligan_ranker_rev0024,mulligan_outcome_ranker_rev0027,0.0,1.0,0.0,0.0,1.0,0.0,1.0,0.0,1.0,0.95,0.1,0.1,0.9,1.0,0.4166666666666667,0.0,0.35,0.6833333333333333,0.0,0.0,0.0,0.0,0.0,0.0,0.0,0.0,1.0,0.0,0.0,0.0,0.0,0.25,0.375,0.0,0.0,1.0,0.0,0.0,0.0,0.0,0.0,0.0,0.0,0.0,0.0,0.0,0.0,0.0,0.0,0.0,0.0,0.0,0.0,0.0,0.0,0.0,0.0,0.0,0.0,0.0,0.0,0.0,0.0,0.0,0.0,0.0,0.0,0.0,0.0,0.0,0.0,0.0,0.0,0.0,0.0,0.0,0.0,0.0,0.0,0.0,1.0,0.6975817082671618,high_action+public_disagreement+profile_spread+ranker_spread,0.38650306748466257,0.2159096092553862,1.0
hybrid_vote_diverse_ranker,rev0041_s0001_acf_g0008_life20_outcome_fjace_vs_cf35_counter_wall_step0113,acf_g0008_life20_outcome_fjace_vs_cf35_counter_wall,113,0,2,13,8,5,diversity_representative,"CAST(card=ForceOfWill, payment=pitch, pitch_card=ForceOfWill, target_card=Counterspell, target_id=4)",0,0,2,0.0,0.0,0.0,0.0,0.0,0.0,0.0,0.0,0.0,0.0,1,1,1,1,1,20,0,outcome_linear_ranker_rev0025,counterfactual_ranker_blend_counter_rev0035,mulligan_ranker_rev0024,mulligan_outcome_ranker_rev0027,0.0,1.0,0.0,0.0,1.0,0.0,1.0,0.0,1.0,0.95,0.1,0.1,0.9,1.0,0.4166666666666667,0.0,0.35,0.6833333333333333,0.0,0.0,0.0,0.0,0.0,0.0,0.0,0.0,1.0,0.0,0.0,0.0,0.0,0.25,0.375,0.0,0.0,0.0,0.0,1.0,0.0,0.0,0.0,0.0,0.0,1.0,0.0,0.0,0.0,1.0,0.0,1.0,0.0,0.0,1.0,0.0,0.0,0.0,0.0,0.0,0.0,0.0,0.0,0.0,0.0,0.0,0.0,0.0,0.0,0.0,0.0,1.0,0.0,0.0,0.0,0.0,0.0,0.0,0.0,0.0,0.0,0.0,0.0,0.6975817082671618,high_action+public_disagreement+profile_spread+ranker_spread,0.38650306748466257,0.2159096092553862,1.0
hybrid_vote_diverse_ranker,rev0041_s0001_acf_g0008_life20_outcome_fjace_vs_cf35_counter_wall_step0113,acf_g0008_life20_outcome_fjace_vs_cf35_counter_wall,113,0,3,13,8,5,hybrid_score_fill,"CAST(card=ForceOfWill, payment=pitch, pitch_card=Counterspell, target_card=Counterspell, target_id=5)",0,1,2,0.0,0.0,0.0,0.0,0.0,0.0,0.0,0.0,0.0,0.0,1,1,1,1,1,20,0,outcome_linear_ranker_rev0025,counterfactual_ranker_blend_counter_rev0035,mulligan_ranker_rev0024,mulligan_outcome_ranker_rev0027,0.0,1.0,0.0,0.0,1.0,0.0,1.0,0.0,1.0,0.95,0.1,0.1,0.9,1.0,0.4166666666666667,0.0,0.35,0.6833333333333333,0.0,0.0,0.0,0.0,0.0,0.0,0.0,0.0,1.0,0.0,0.0,0.0,0.0,0.25,0.375,0.0,0.0,0.0,0.0,1.0,0.0,0.0,0.0,0.0,0.0,1.0,0.0,0.0,0.0,1.0,1.0,0.0,0.0,0.0,1.0,0.0,0.0,0.0,0.0,0.0,0.0,0.0,0.0,0.0,0.0,0.0,0.0,0.0,0.0,0.0,0.0,1.0,0.0,0.0,0.0,0.0,0.0,0.0,0.0,0.0,0.0,0.0,0.0,0.6975817082671618,high_action+public_disagreement+profile_spread+ranker_spread,0.38650306748466257,0.2159096092553862,1.0
hybrid_vote_diverse_ranker,rev0041_s0001_acf_g0008_life20_outcome_fjace_vs_cf35_counter_wall_step0113,acf_g0008_life20_outcome_fjace_vs_cf35_counter_wall,113,0,5,13,8,5,random_budget_fill+screen_vote+hybrid_top_prior+diversity_representative,"CAST(card=ForceOfWill, payment=pitch, pitch_card=Counterspell, target_card=ForceOfWill, target_id=6)",0,1,2,0.0,0.0,0.0,0.0,0.0,0.0,0.0,0.0,0.0,0.0,1,1,1,1,1,20,0,outcome_linear_ranker_rev0025,counterfactual_ranker_blend_counter_rev0035,mulligan_ranker_rev0024,mulligan_outcome_ranker_rev0027,0.0,1.0,0.0,0.0,1.0,0.0,1.0,0.0,1.0,0.95,0.1,0.1,0.9,1.0,0.4166666666666667,0.0,0.35,0.6833333333333333,0.0,0.0,0.0,0.0,0.0,0.0,0.0,0.0,1.0,0.0,0.0,0.0,0.0,0.25,0.375,0.0,0.0,0.0,0.0,1.0,0.0,0.0,0.0,0.0,0.0,1.0,0.0,0.0,0.0,1.0,1.0,0.0,0.0,0.0,0.0,1.0,0.0,0.0,0.0,0.0,0.0,0.0,0.0,0.0,0.0,0.0,0.0,0.0,0.0,0.0,0.0,1.0,0.0,0.0,0.0,0.0,0.0,0.0,0.0,0.0,0.0,0.0,0.0,0.6975817082671618,high_action+public_disagreement+profile_spread+ranker_spread,0.38650306748466257,0.2159096092553862,1.0
hybrid_vote_diverse_ranker,rev0041_s0001_acf_g0008_life20_outcome_fjace_vs_cf35_counter_wall_step0113,acf_g0008_life20_outcome_fjace_vs_cf35_counter_wall,113,0,11,13,8,5,hybrid_score_fill,"CAST(card=ForceOfWill, payment=pitch, pitch_card=Counterspell, target_card=Counterspell, target_id=9)",0,1,2,0.0,0.0,0.0,0.0,0.0,0.0,0.0,0.0,0.0,0.0,1,1,1,1,1,20,0,outcome_linear_ranker_rev0025,counterfactual_ranker_blend_counter_rev0035,mulligan_ranker_rev0024,mulligan_outcome_ranker_rev0027,0.0,1.0,0.0,0.0,1.0,0.0,1.0,0.0,1.0,0.95,0.1,0.1,0.9,1.0,0.4166666666666667,0.0,0.35,0.6833333333333333,0.0,0.0,0.0,0.0,0.0,0.0,0.0,0.0,1.0,0.0,0.0,0.0,0.0,0.25,0.375,0.0,0.0,0.0,0.0,1.0,0.0,0.0,0.0,0.0,0.0,1.0,0.0,0.0,0.0,1.0,1.0,0.0,0.0,0.0,1.0,0.0,0.0,0.0,0.0,0.0,0.0,0.0,0.0,0.0,0.0,0.0,0.0,0.0,0.0,0.0,0.0,1.0,0.0,0.0,0.0,0.0,0.0,0.0,0.0,0.0,0.0,0.0,0.0,0.6975817082671618,high_action+public_disagreement+profile_spread+ranker_spread,0.38650306748466257,0.2159096092553862,1.0
unscreened_budget,rev0041_s0002_acf_g0011_life20_outcome_threat_fovr_vs_outcome_fjace_step0137,acf_g0011_life20_outcome_threat_fovr_vs_outcome_fjace,137,0,0,14,9,5,diversity_representative,"CHOOSE_FOR_EFFECT(effect=jace_brainstorm_putback, first_draw=Counterspell, second_draw=Counterspell)",0,0,2,1.0,0.0,1.0,1.0,1.0,0.0,0.0,0.0,0.0,0.0,1,1,1,0,1,20,1,outcome_ranker_blend_threat_rev0025,outcome_linear_ranker_rev0025,mulligan_ranker_rev0024,mulligan_ranker_rev0024,1.0,0.0,0.0,0.0,1.0,0.0,1.0,0.0,1.0,1.0,0.9,0.9,0.0,0.0,0.6666666666666666,0.4166666666666667,0.23333333333333334,0.2833333333333333,1.0,1.0,0.06666666666666667,0.06666666666666667,0.0,0.0,0.0,0.0,0.0,1.0,0.0,1.0,0.125,0.5,0.25,0.0,0.125,0.0,0.0,0.0,0.0,0.0,0.0,1.0,0.0,0.0,0.0,0.0,0.0,0.0,0.0,0.0,0.0,0.0,0.0,0.0,0.0,0.0,0.0,0.0,0.0,0.0,0.0,0.0,0.0,0.0,0.0,1.0,0.0,0.0,0.0,0.0,0.0,0.0,0.0,0.0,0.0,0.0,0.0,0.0,0.0,0.0,0.0,0.653294930875576,high_action+public_disagreement+profile_spread,0.3548387096774194,0.0,1.0
unscreened_budget,rev0041_s0002_acf_g0011_life20_outcome_threat_fovr_vs_outcome_fjace_step0137,acf_g0011_life20_outcome_threat_fovr_vs_outcome_fjace,137,0,2,14,9,5,random_budget_fill,"CHOOSE_FOR_EFFECT(effect=jace_brainstorm_putback, first_draw=Counterspell, second_draw=Island)",0,0,2,1.0,0.0,1.0,1.0,1.0,0.0,0.0,0.0,0.0,0.0,1,1,1,0,1,20,1,outcome_ranker_blend_threat_rev0025,outcome_linear_ranker_rev0025,mulligan_ranker_rev0024,mulligan_ranker_rev0024,1.0,0.0,0.0,0.0,1.0,0.0,1.0,0.0,1.0,1.0,0.9,0.9,0.0,0.0,0.6666666666666666,0.4166666666666667,0.23333333333333334,0.2833333333333333,1.0,1.0,0.06666666666666667,0.06666666666666667,0.0,0.0,0.0,0.0,0.0,1.0,0.0,1.0,0.125,0.5,0.25,0.0,0.125,0.0,0.0,0.0,0.0,0.0,0.0,1.0,0.0,0.0,0.0,0.0,0.0,0.0,0.0,0.0,0.0,0.0,0.0,0.0,0.0,0.0,0.0,0.0,0.0,0.0,0.0,0.0,0.0,0.0,0.0,1.0,0.0,0.0,0.0,0.0,0.0,0.0,0.0,0.0,0.0,0.0,0.0,0.0,0.0,0.0,0.0,0.653294930875576,high_action+public_disagreement+profile_spread,0.3548387096774194,0.0,1.0
unscreened_budget,rev0041_s0002_acf_g0011_life20_outcome_threat_fovr_vs_outcome_fjace_step0137,acf_g0011_life20_outcome_threat_fovr_vs_outcome_fjace,137,0,3,14,9,5,random_budget_fill,"CHOOSE_FOR_EFFECT(effect=jace_brainstorm_putback, first_draw=Counterspell, second_draw=OverlordOfTheFloodpits)",0,0,2,1.0,0.0,1.0,1.0,1.0,0.0,0.0,0.0,0.0,0.0,1,1,1,0,1,20,1,outcome_ranker_blend_threat_rev0025,outcome_linear_ranker_rev0025,mulligan_ranker_rev0024,mulligan_ranker_rev0024,1.0,0.0,0.0,0.0,1.0,0.0,1.0,0.0,1.0,1.0,0.9,0.9,0.0,0.0,0.6666666666666666,0.4166666666666667,0.23333333333333334,0.2833333333333333,1.0,1.0,0.06666666666666667,0.06666666666666667,0.0,0.0,0.0,0.0,0.0,1.0,0.0,1.0,0.125,0.5,0.25,0.0,0.125,0.0,0.0,0.0,0.0,0.0,0.0,1.0,0.0,0.0,0.0,0.0,0.0,0.0,0.0,0.0,0.0,0.0,0.0,0.0,0.0,0.0,0.0,0.0,0.0,0.0,0.0,0.0,0.0,0.0,0.0,1.0,0.0,0.0,0.0,0.0,0.0,0.0,0.0,0.0,0.0,0.0,0.0,0.0,0.0,0.0,0.0,0.653294930875576,high_action+public_disagreement+profile_spread,0.3548387096774194,0.0,1.0
unscreened_budget,rev0041_s0002_acf_g0011_life20_outcome_threat_fovr_vs_outcome_fjace_step0137,acf_g0011_life20_outcome_threat_fovr_vs_outcome_fjace,137,0,10,14,9,5,random_budget_fill,"CHOOSE_FOR_EFFECT(effect=jace_brainstorm_putback, first_draw=Island, second_draw=OverlordOfTheFloodpits)",0,1,2,1.0,0.0,1.0,1.0,1.0,0.0,0.0,0.0,0.0,0.0,1,1,1,0,1,20,1,outcome_ranker_blend_threat_rev0025,outcome_linear_ranker_rev0025,mulligan_ranker_rev0024,mulligan_ranker_rev0024,1.0,0.0,0.0,0.0,1.0,0.0,1.0,0.0,1.0,1.0,0.9,0.9,0.0,0.0,0.6666666666666666,0.4166666666666667,0.23333333333333334,0.2833333333333333,1.0,1.0,0.06666666666666667,0.06666666666666667,0.0,0.0,0.0,0.0,0.0,1.0,0.0,1.0,0.125,0.5,0.25,0.0,0.125,0.0,0.0,0.0,0.0,0.0,0.0,1.0,0.0,0.0,0.0,0.0,0.0,0.0,0.0,0.0,0.0,0.0,0.0,0.0,0.0,0.0,0.0,0.0,0.0,0.0,0.0,0.0,0.0,0.0,0.0,1.0,0.0,0.0,0.0,0.0,0.0,0.0,0.0,0.0,0.0,0.0,0.0,0.0,0.0,0.0,0.0,0.653294930875576,high_action+public_disagreement+profile_spread,0.3548387096774194,0.0,1.0
unscreened_budget,rev0041_s0002_acf_g0011_life20_outcome_threat_fovr_vs_outcome_fjace_step0137,acf_g0011_life20_outcome_threat_fovr_vs_outcome_fjace,137,0,13,14,9,5,behavior_chosen,"CHOOSE_FOR_EFFECT(effect=jace_brainstorm_putback, first_draw=OverlordOfTheFloodpits, second_draw=Island)",1,1,2,0.0,0.0,1.0,1.0,1.0,0.0,1.0,0.0,0.0,0.0,0,0,1,0,1,20,1,outcome_ranker_blend_threat_rev0025,outcome_linear_ranker_rev0025,mulligan_ranker_rev0024,mulligan_ranker_rev0024,1.0,0.0,0.0,0.0,1.0,0.0,1.0,0.0,1.0,1.0,0.9,0.9,0.0,0.0,0.6666666666666666,0.4166666666666667,0.23333333333333334,0.2833333333333333,1.0,1.0,0.06666666666666667,0.06666666666666667,0.0,0.0,0.0,0.0,0.0,1.0,0.0,1.0,0.125,0.5,0.25,0.0,0.125,0.0,0.0,0.0,0.0,0.0,0.0,1.0,0.0,0.0,0.0,0.0,0.0,0.0,0.0,0.0,0.0,0.0,0.0,0.0,0.0,0.0,0.0,0.0,0.0,0.0,0.0,0.0,0.0,0.0,0.0,1.0,0.0,0.0,0.0,0.0,0.0,0.0,0.0,0.0,0.0,0.0,0.0,0.0,0.0,0.0,0.0,0.653294930875576,high_action+public_disagreement+profile_spread,0.3548387096774194,0.0,1.0
screened_vote_budget,rev0041_s0002_acf_g0011_life20_outcome_threat_fovr_vs_outcome_fjace_step0137,acf_g0011_life20_outcome_threat_fovr_vs_outcome_fjace,137,0,0,14,9,5,diversity_representative,"CHOOSE_FOR_EFFECT(effect=jace_brainstorm_putback, first_draw=Counterspell, second_draw=Counterspell)",0,0,2,1.0,0.0,1.0,1.0,1.0,0.0,0.0,0.0,0.0,0.0,1,1,1,0,1,20,1,outcome_ranker_blend_threat_rev0025,outcome_linear_ranker_rev0025,mulligan_ranker_rev0024,mulligan_ranker_rev0024,1.0,0.0,0.0,0.0,1.0,0.0,1.0,0.0,1.0,1.0,0.9,0.9,0.0,0.0,0.6666666666666666,0.4166666666666667,0.23333333333333334,0.2833333333333333,1.0,1.0,0.06666666666666667,0.06666666666666667,0.0,0.0,0.0,0.0,0.0,1.0,0.0,1.0,0.125,0.5,0.25,0.0,0.125,0.0,0.0,0.0,0.0,0.0,0.0,1.0,0.0,0.0,0.0,0.0,0.0,0.0,0.0,0.0,0.0,0.0,0.0,0.0,0.0,0.0,0.0,0.0,0.0,0.0,0.0,0.0,0.0,0.0,0.0,1.0,0.0,0.0,0.0,0.0,0.0,0.0,0.0,0.0,0.0,0.0,0.0,0.0,0.0,0.0,0.0,0.653294930875576,high_action+public_disagreement+profile_spread,0.3548387096774194,0.0,1.0
screened_vote_budget,rev0041_s0002_acf_g0011_life20_outcome_threat_fovr_vs_outcome_fjace_step0137,acf_g0011_life20_outcome_threat_fovr_vs_outcome_fjace,137,0,1,14,9,5,random_budget_fill,"CHOOSE_FOR_EFFECT(effect=jace_brainstorm_putback, first_draw=Counterspell, second_draw=ForceOfWill)",0,0,2,1.0,0.0,1.0,1.0,1.0,0.0,0.0,0.0,0.0,0.0,1,1,1,0,1,20,1,outcome_ranker_blend_threat_rev0025,outcome_linear_ranker_rev0025,mulligan_ranker_rev0024,mulligan_ranker_rev0024,1.0,0.0,0.0,0.0,1.0,0.0,1.0,0.0,1.0,1.0,0.9,0.9,0.0,0.0,0.6666666666666666,0.4166666666666667,0.23333333333333334,0.2833333333333333,1.0,1.0,0.06666666666666667,0.06666666666666667,0.0,0.0,0.0,0.0,0.0,1.0,0.0,1.0,0.125,0.5,0.25,0.0,0.125,0.0,0.0,0.0,0.0,0.0,0.0,1.0,0.0,0.0,0.0,0.0,0.0,0.0,0.0,0.0,0.0,0.0,0.0,0.0,0.0,0.0,0.0,0.0,0.0,0.0,0.0,0.0,0.0,0.0,0.0,1.0,0.0,0.0,0.0,0.0,0.0,0.0,0.0,0.0,0.0,0.0,0.0,0.0,0.0,0.0,0.0,0.653294930875576,high_action+public_disagreement+profile_spread,0.3548387096774194,0.0,1.0
screened_vote_budget,rev0041_s0002_acf_g0011_life20_outcome_threat_fovr_vs_outcome_fjace_step0137,acf_g0011_life20_outcome_threat_fovr_vs_outcome_fjace,137,0,10,14,9,5,screen_vote,"CHOOSE_FOR_EFFECT(effect=jace_brainstorm_putback, first_draw=Island, second_draw=OverlordOfTheFloodpits)",0,1,2,1.0,0.0,1.0,1.0,1.0,0.0,0.0,0.0,0.0,0.0,1,1,1,0,1,20,1,outcome_ranker_blend_threat_rev0025,outcome_linear_ranker_rev0025,mulligan_ranker_rev0024,mulligan_ranker_rev0024,1.0,0.0,0.0,0.0,1.0,0.0,1.0,0.0,1.0,1.0,0.9,0.9,0.0,0.0,0.6666666666666666,0.4166666666666667,0.23333333333333334,0.2833333333333333,1.0,1.0,0.06666666666666667,0.06666666666666667,0.0,0.0,0.0,0.0,0.0,1.0,0.0,1.0,0.125,0.5,0.25,0.0,0.125,0.0,0.0,0.0,0.0,0.0,0.0,1.0,0.0,0.0,0.0,0.0,0.0,0.0,0.0,0.0,0.0,0.0,0.0,0.0,0.0,0.0,0.0,0.0,0.0,0.0,0.0,0.0,0.0,0.0,0.0,1.0,0.0,0.0,0.0,0.0,0.0,0.0,0.0,0.0,0.0,0.0,0.0,0.0,0.0,0.0,0.0,0.653294930875576,high_action+public_disagreement+profile_spread,0.3548387096774194,0.0,1.0
screened_vote_budget,rev0041_s0002_acf_g0011_life20_outcome_threat_fovr_vs_outcome_fjace_step0137,acf_g0011_life20_outcome_threat_fovr_vs_outcome_fjace,137,0,12,14,9,5,screen_vote,"CHOOSE_FOR_EFFECT(effect=jace_brainstorm_putback, first_draw=OverlordOfTheFloodpits, second_draw=ForceOfWill)",0,1,2,1.0,0.0,1.0,1.0,1.0,0.0,0.0,0.0,0.0,0.0,1,1,1,0,1,20,1,outcome_ranker_blend_threat_rev0025,outcome_linear_ranker_rev0025,mulligan_ranker_rev0024,mulligan_ranker_rev0024,1.0,0.0,0.0,0.0,1.0,0.0,1.0,0.0,1.0,1.0,0.9,0.9,0.0,0.0,0.6666666666666666,0.4166666666666667,0.23333333333333334,0.2833333333333333,1.0,1.0,0.06666666666666667,0.06666666666666667,0.0,0.0,0.0,0.0,0.0,1.0,0.0,1.0,0.125,0.5,0.25,0.0,0.125,0.0,0.0,0.0,0.0,0.0,0.0,1.0,0.0,0.0,0.0,0.0,0.0,0.0,0.0,0.0,0.0,0.0,0.0,0.0,0.0,0.0,0.0,0.0,0.0,0.0,0.0,0.0,0.0,0.0,0.0,1.0,0.0,0.0,0.0,0.0,0.0,0.0,0.0,0.0,0.0,0.0,0.0,0.0,0.0,0.0,0.0,0.653294930875576,high_action+public_disagreement+profile_spread,0.3548387096774194,0.0,1.0
screened_vote_budget,rev0041_s0002_acf_g0011_life20_outcome_threat_fovr_vs_outcome_fjace_step0137,acf_g0011_life20_outcome_threat_fovr_vs_outcome_fjace,137,0,13,14,9,5,behavior_chosen+screen_vote,"CHOOSE_FOR_EFFECT(effect=jace_brainstorm_putback, first_draw=OverlordOfTheFloodpits, second_draw=Island)",1,1,2,0.0,0.0,1.0,1.0,1.0,0.0,1.0,0.0,0.0,0.0,0,0,1,0,1,20,1,outcome_ranker_blend_threat_rev0025,outcome_linear_ranker_rev0025,mulligan_ranker_rev0024,mulligan_ranker_rev0024,1.0,0.0,0.0,0.0,1.0,0.0,1.0,0.0,1.0,1.0,0.9,0.9,0.0,0.0,0.6666666666666666,0.4166666666666667,0.23333333333333334,0.2833333333333333,1.0,1.0,0.06666666666666667,0.06666666666666667,0.0,0.0,0.0,0.0,0.0,1.0,0.0,1.0,0.125,0.5,0.25,0.0,0.125,0.0,0.0,0.0,0.0,0.0,0.0,1.0,0.0,0.0,0.0,0.0,0.0,0.0,0.0,0.0,0.0,0.0,0.0,0.0,0.0,0.0,0.0,0.0,0.0,0.0,0.0,0.0,0.0,0.0,0.0,1.0,0.0,0.0,0.0,0.0,0.0,0.0,0.0,0.0,0.0,0.0,0.0,0.0,0.0,0.0,0.0,0.653294930875576,high_action+public_disagreement+profile_spread,0.3548387096774194,0.0,1.0
hybrid_vote_diverse_ranker,rev0041_s0002_acf_g0011_life20_outcome_threat_fovr_vs_outcome_fjace_step0137,acf_g0011_life20_outcome_threat_fovr_vs_outcome_fjace,137,0,7,14,9,5,random_budget_fill+hybrid_score_fill,"CHOOSE_FOR_EFFECT(effect=jace_brainstorm_putback, first_draw=ForceOfWill, second_draw=OverlordOfTheFloodpits)",0,0,2,1.0,0.0,1.0,1.0,1.0,0.0,0.0,0.0,0.0,0.0,1,1,1,0,1,20,1,outcome_ranker_blend_threat_rev0025,outcome_linear_ranker_rev0025,mulligan_ranker_rev0024,mulligan_ranker_rev0024,1.0,0.0,0.0,0.0,1.0,0.0,1.0,0.0,1.0,1.0,0.9,0.9,0.0,0.0,0.6666666666666666,0.4166666666666667,0.23333333333333334,0.2833333333333333,1.0,1.0,0.06666666666666667,0.06666666666666667,0.0,0.0,0.0,0.0,0.0,1.0,0.0,1.0,0.125,0.5,0.25,0.0,0.125,0.0,0.0,0.0,0.0,0.0,0.0,1.0,0.0,0.0,0.0,0.0,0.0,0.0,0.0,0.0,0.0,0.0,0.0,0.0,0.0,0.0,0.0,0.0,0.0,0.0,0.0,0.0,0.0,0.0,0.0,1.0,0.0,0.0,0.0,0.0,0.0,0.0,0.0,0.0,0.0,0.0,0.0,0.0,0.0,0.0,0.0,0.653294930875576,high_action+public_disagreement+profile_spread,0.3548387096774194,0.0,1.0
hybrid_vote_diverse_ranker,rev0041_s0002_acf_g0011_life20_outcome_threat_fovr_vs_outcome_fjace_step0137,acf_g0011_life20_outcome_threat_fovr_vs_outcome_fjace,137,0,8,14,9,5,random_budget_fill+hybrid_score_fill,"CHOOSE_FOR_EFFECT(effect=jace_brainstorm_putback, first_draw=Island, second_draw=Counterspell)",0,0,2,0.5,0.7071067811865476,1.0,1.0,1.0,0.0,0.5,0.0,0.0,0.0,0,0,1,0,1,20,1,outcome_ranker_blend_threat_rev0025,outcome_linear_ranker_rev0025,mulligan_ranker_rev0024,mulligan_ranker_rev0024,1.0,0.0,0.0,0.0,1.0,0.0,1.0,0.0,1.0,1.0,0.9,0.9,0.0,0.0,0.6666666666666666,0.4166666666666667,0.23333333333333334,0.2833333333333333,1.0,1.0,0.06666666666666667,0.06666666666666667,0.0,0.0,0.0,0.0,0.0,1.0,0.0,1.0,0.125,0.5,0.25,0.0,0.125,0.0,0.0,0.0,0.0,0.0,0.0,1.0,0.0,0.0,0.0,0.0,0.0,0.0,0.0,0.0,0.0,0.0,0.0,0.0,0.0,0.0,0.0,0.0,0.0,0.0,0.0,0.0,0.0,0.0,0.0,1.0,0.0,0.0,0.0,0.0,0.0,0.0,0.0,0.0,0.0,0.0,0.0,0.0,0.0,0.0,0.0,0.653294930875576,high_action+public_disagreement+profile_spread,0.3548387096774194,0.0,1.0
hybrid_vote_diverse_ranker,rev0041_s0002_acf_g0011_life20_outcome_threat_fovr_vs_outcome_fjace_step0137,acf_g0011_life20_outcome_threat_fovr_vs_outcome_fjace,137,0,10,14,9,5,screen_vote,"CHOOSE_FOR_EFFECT(effect=jace_brainstorm_putback, first_draw=Island, second_draw=OverlordOfTheFloodpits)",0,1,2,1.0,0.0,1.0,1.0,1.0,0.0,0.0,0.0,0.0,0.0,1,1,1,0,1,20,1,outcome_ranker_blend_threat_rev0025,outcome_linear_ranker_rev0025,mulligan_ranker_rev0024,mulligan_ranker_rev0024,1.0,0.0,0.0,0.0,1.0,0.0,1.0,0.0,1.0,1.0,0.9,0.9,0.0,0.0,0.6666666666666666,0.4166666666666667,0.23333333333333334,0.2833333333333333,1.0,1.0,0.06666666666666667,0.06666666666666667,0.0,0.0,0.0,0.0,0.0,1.0,0.0,1.0,0.125,0.5,0.25,0.0,0.125,0.0,0.0,0.0,0.0,0.0,0.0,1.0,0.0,0.0,0.0,0.0,0.0,0.0,0.0,0.0,0.0,0.0,0.0,0.0,0.0,0.0,0.0,0.0,0.0,0.0,0.0,0.0,0.0,0.0,0.0,1.0,0.0,0.0,0.0,0.0,0.0,0.0,0.0,0.0,0.0,0.0,0.0,0.0,0.0,0.0,0.0,0.653294930875576,high_action+public_disagreement+profile_spread,0.3548387096774194,0.0,1.0
hybrid_vote_diverse_ranker,rev0041_s0002_acf_g0011_life20_outcome_threat_fovr_vs_outcome_fjace_step0137,acf_g0011_life20_outcome_threat_fovr_vs_outcome_fjace,137,0,12,14,9,5,hybrid_score_fill,"CHOOSE_FOR_EFFECT(effect=jace_brainstorm_putback, first_draw=OverlordOfTheFloodpits, second_draw=ForceOfWill)",0,1,2,1.0,0.0,1.0,1.0,1.0,0.0,0.0,0.0,0.0,0.0,1,1,1,0,1,20,1,outcome_ranker_blend_threat_rev0025,outcome_linear_ranker_rev0025,mulligan_ranker_rev0024,mulligan_ranker_rev0024,1.0,0.0,0.0,0.0,1.0,0.0,1.0,0.0,1.0,1.0,0.9,0.9,0.0,0.0,0.6666666666666666,0.4166666666666667,0.23333333333333334,0.2833333333333333,1.0,1.0,0.06666666666666667,0.06666666666666667,0.0,0.0,0.0,0.0,0.0,1.0,0.0,1.0,0.125,0.5,0.25,0.0,0.125,0.0,0.0,0.0,0.0,0.0,0.0,1.0,0.0,0.0,0.0,0.0,0.0,0.0,0.0,0.0,0.0,0.0,0.0,0.0,0.0,0.0,0.0,0.0,0.0,0.0,0.0,0.0,0.0,0.0,0.0,1.0,0.0,0.0,0.0,0.0,0.0,0.0,0.0,0.0,0.0,0.0,0.0,0.0,0.0,0.0,0.0,0.653294930875576,high_action+public_disagreement+profile_spread,0.3548387096774194,0.0,1.0
hybrid_vote_diverse_ranker,rev0041_s0002_acf_g0011_life20_outcome_threat_fovr_vs_outcome_fjace_step0137,acf_g0011_life20_outcome_threat_fovr_vs_outcome_fjace,137,0,13,14,9,5,behavior_chosen+screen_vote+hybrid_top_prior+diversity_representative,"CHOOSE_FOR_EFFECT(effect=jace_brainstorm_putback, first_draw=OverlordOfTheFloodpits, second_draw=Island)",1,1,2,0.0,0.0,1.0,1.0,1.0,0.0,1.0,0.0,0.0,0.0,0,0,1,0,1,20,1,outcome_ranker_blend_threat_rev0025,outcome_linear_ranker_rev0025,mulligan_ranker_rev0024,mulligan_ranker_rev0024,1.0,0.0,0.0,0.0,1.0,0.0,1.0,0.0,1.0,1.0,0.9,0.9,0.0,0.0,0.6666666666666666,0.4166666666666667,0.23333333333333334,0.2833333333333333,1.0,1.0,0.06666666666666667,0.06666666666666667,0.0,0.0,0.0,0.0,0.0,1.0,0.0,1.0,0.125,0.5,0.25,0.0,0.125,0.0,0.0,0.0,0.0,0.0,0.0,1.0,0.0,0.0,0.0,0.0,0.0,0.0,0.0,0.0,0.0,0.0,0.0,0.0,0.0,0.0,0.0,0.0,0.0,0.0,0.0,0.0,0.0,0.0,0.0,1.0,0.0,0.0,0.0,0.0,0.0,0.0,0.0,0.0,0.0,0.0,0.0,0.0,0.0,0.0,0.0,0.653294930875576,high_action+public_disagreement+profile_spread,0.3548387096774194,0.0,1.0
unscreened_budget,rev0041_s0003_acf_g0009_life20_outcome_fjace_vs_cf36_fjace_step0107,acf_g0009_life20_outcome_fjace_vs_cf36_fjace,107,0,0,14,8,5,diversity_representative,"CHOOSE_FOR_EFFECT(effect=jace_brainstorm_putback, first_draw=Counterspell, second_draw=Counterspell)",0,0,2,0.0,0.0,0.0,0.0,0.0,0.0,0.0,0.0,0.0,0.0,1,1,1,1,1,20,1,outcome_linear_ranker_rev0025,counterfactual_linear_ranker_rev0036,mulligan_ranker_rev0024,mulligan_repeated_counterfactual_ranker_rev0030,1.0,0.0,0.0,0.0,1.0,0.0,1.0,0.0,1.0,1.0,0.7,1.0,0.0,0.0,0.9166666666666666,0.16666666666666666,0.2833333333333333,0.4,1.0,0.0,0.2,0.0,0.0,0.0,0.0,0.0,0.0,1.0,0.0,1.0,0.125,0.5,0.625,0.125,0.0,0.0,0.0,0.0,0.0,0.0,0.0,1.0,0.0,0.0,0.0,0.0,0.0,0.0,0.0,0.0,0.0,0.0,0.0,0.0,0.0,0.0,0.0,0.0,0.0,0.0,0.0,0.0,0.0,0.0,0.0,1.0,0.0,0.0,0.0,0.0,0.0,0.0,0.0,0.0,0.0,0.0,0.0,0.0,0.0,0.0,0.0,0.6507142857142857,high_action+public_disagreement+profile_spread,0.3333333333333333,0.0,1.0
unscreened_budget,rev0041_s0003_acf_g0009_life20_outcome_fjace_vs_cf36_fjace_step0107,acf_g0009_life20_outcome_fjace_vs_cf36_fjace,107,0,1,14,8,5,random_budget_fill,"CHOOSE_FOR_EFFECT(effect=jace_brainstorm_putback, first_draw=Counterspell, second_draw=ForceOfWill)",0,0,2,0.0,0.0,0.0,0.0,0.0,0.0,0.0,0.0,0.0,0.0,1,1,1,1,1,20,1,outcome_linear_ranker_rev0025,counterfactual_linear_ranker_rev0036,mulligan_ranker_rev0024,mulligan_repeated_counterfactual_ranker_rev0030,1.0,0.0,0.0,0.0,1.0,0.0,1.0,0.0,1.0,1.0,0.7,1.0,0.0,0.0,0.9166666666666666,0.16666666666666666,0.2833333333333333,0.4,1.0,0.0,0.2,0.0,0.0,0.0,0.0,0.0,0.0,1.0,0.0,1.0,0.125,0.5,0.625,0.125,0.0,0.0,0.0,0.0,0.0,0.0,0.0,1.0,0.0,0.0,0.0,0.0,0.0,0.0,0.0,0.0,0.0,0.0,0.0,0.0,0.0,0.0,0.0,0.0,0.0,0.0,0.0,0.0,0.0,0.0,0.0,1.0,0.0,0.0,0.0,0.0,0.0,0.0,0.0,0.0,0.0,0.0,0.0,0.0,0.0,0.0,0.0,0.6507142857142857,high_action+public_disagreement+profile_spread,0.3333333333333333,0.0,1.0
unscreened_budget,rev0041_s0003_acf_g0009_life20_outcome_fjace_vs_cf36_fjace_step0107,acf_g0009_life20_outcome_fjace_vs_cf36_fjace,107,0,5,14,8,5,random_budget_fill,"CHOOSE_FOR_EFFECT(effect=jace_brainstorm_putback, first_draw=ForceOfWill, second_draw=ForceOfWill)",0,0,2,0.0,0.0,0.0,0.0,0.0,0.0,0.0,0.0,0.0,0.0,1,1,1,1,1,20,1,outcome_linear_ranker_rev0025,counterfactual_linear_ranker_rev0036,mulligan_ranker_rev0024,mulligan_repeated_counterfactual_ranker_rev0030,1.0,0.0,0.0,0.0,1.0,0.0,1.0,0.0,1.0,1.0,0.7,1.0,0.0,0.0,0.9166666666666666,0.16666666666666666,0.2833333333333333,0.4,1.0,0.0,0.2,0.0,0.0,0.0,0.0,0.0,0.0,1.0,0.0,1.0,0.125,0.5,0.625,0.125,0.0,0.0,0.0,0.0,0.0,0.0,0.0,1.0,0.0,0.0,0.0,0.0,0.0,0.0,0.0,0.0,0.0,0.0,0.0,0.0,0.0,0.0,0.0,0.0,0.0,0.0,0.0,0.0,0.0,0.0,0.0,1.0,0.0,0.0,0.0,0.0,0.0,0.0,0.0,0.0,0.0,0.0,0.0,0.0,0.0,0.0,0.0,0.6507142857142857,high_action+public_disagreement+profile_spread,0.3333333333333333,0.0,1.0
unscreened_budget,rev0041_s0003_acf_g0009_life20_outcome_fjace_vs_cf36_fjace_step0107,acf_g0009_life20_outcome_fjace_vs_cf36_fjace,107,0,6,14,8,5,behavior_chosen,"CHOOSE_FOR_EFFECT(effect=jace_brainstorm_putback, first_draw=ForceOfWill, second_draw=Island)",1,0,2,0.0,0.0,0.0,0.0,0.0,0.0,0.0,0.0,0.0,0.0,1,1,1,1,1,20,1,outcome_linear_ranker_rev0025,counterfactual_linear_ranker_rev0036,mulligan_ranker_rev0024,mulligan_repeated_counterfactual_ranker_rev0030,1.0,0.0,0.0,0.0,1.0,0.0,1.0,0.0,1.0,1.0,0.7,1.0,0.0,0.0,0.9166666666666666,0.16666666666666666,0.2833333333333333,0.4,1.0,0.0,0.2,0.0,0.0,0.0,0.0,0.0,0.0,1.0,0.0,1.0,0.125,0.5,0.625,0.125,0.0,0.0,0.0,0.0,0.0,0.0,0.0,1.0,0.0,0.0,0.0,0.0,0.0,0.0,0.0,0.0,0.0,0.0,0.0,0.0,0.0,0.0,0.0,0.0,0.0,0.0,0.0,0.0,0.0,0.0,0.0,1.0,0.0,0.0,0.0,0.0,0.0,0.0,0.0,0.0,0.0,0.0,0.0,0.0,0.0,0.0,0.0,0.6507142857142857,high_action+public_disagreement+profile_spread,0.3333333333333333,0.0,1.0
unscreened_budget,rev0041_s0003_acf_g0009_life20_outcome_fjace_vs_cf36_fjace_step0107,acf_g0009_life20_outcome_fjace_vs_cf36_fjace,107,0,11,14,8,5,random_budget_fill,"CHOOSE_FOR_EFFECT(effect=jace_brainstorm_putback, first_draw=JaceTheMindSculptor, second_draw=Counterspell)",0,0,2,0.0,0.0,0.0,0.0,0.0,0.0,0.0,0.0,0.0,0.0,1,1,1,1,1,20,1,outcome_linear_ranker_rev0025,counterfactual_linear_ranker_rev0036,mulligan_ranker_rev0024,mulligan_repeated_counterfactual_ranker_rev0030,1.0,0.0,0.0,0.0,1.0,0.0,1.0,0.0,1.0,1.0,0.7,1.0,0.0,0.0,0.9166666666666666,0.16666666666666666,0.2833333333333333,0.4,1.0,0.0,0.2,0.0,0.0,0.0,0.0,0.0,0.0,1.0,0.0,1.0,0.125,0.5,0.625,0.125,0.0,0.0,0.0,0.0,0.0,0.0,0.0,1.0,0.0,0.0,0.0,0.0,0.0,0.0,0.0,0.0,0.0,0.0,0.0,0.0,0.0,0.0,0.0,0.0,0.0,0.0,0.0,0.0,0.0,0.0,0.0,1.0,0.0,0.0,0.0,0.0,0.0,0.0,0.0,0.0,0.0,0.0,0.0,0.0,0.0,0.0,0.0,0.6507142857142857,high_action+public_disagreement+profile_spread,0.3333333333333333,0.0,1.0
screened_vote_budget,rev0041_s0003_acf_g0009_life20_outcome_fjace_vs_cf36_fjace_step0107,acf_g0009_life20_outcome_fjace_vs_cf36_fjace,107,0,0,14,8,5,diversity_representative,"CHOOSE_FOR_EFFECT(effect=jace_brainstorm_putback, first_draw=Counterspell, second_draw=Counterspell)",0,0,2,0.0,0.0,0.0,0.0,0.0,0.0,0.0,0.0,0.0,0.0,1,1,1,1,1,20,1,outcome_linear_ranker_rev0025,counterfactual_linear_ranker_rev0036,mulligan_ranker_rev0024,mulligan_repeated_counterfactual_ranker_rev0030,1.0,0.0,0.0,0.0,1.0,0.0,1.0,0.0,1.0,1.0,0.7,1.0,0.0,0.0,0.9166666666666666,0.16666666666666666,0.2833333333333333,0.4,1.0,0.0,0.2,0.0,0.0,0.0,0.0,0.0,0.0,1.0,0.0,1.0,0.125,0.5,0.625,0.125,0.0,0.0,0.0,0.0,0.0,0.0,0.0,1.0,0.0,0.0,0.0,0.0,0.0,0.0,0.0,0.0,0.0,0.0,0.0,0.0,0.0,0.0,0.0,0.0,0.0,0.0,0.0,0.0,0.0,0.0,0.0,1.0,0.0,0.0,0.0,0.0,0.0,0.0,0.0,0.0,0.0,0.0,0.0,0.0,0.0,0.0,0.0,0.6507142857142857,high_action+public_disagreement+profile_spread,0.3333333333333333,0.0,1.0
screened_vote_budget,rev0041_s0003_acf_g0009_life20_outcome_fjace_vs_cf36_fjace_step0107,acf_g0009_life20_outcome_fjace_vs_cf36_fjace,107,0,3,14,8,5,random_budget_fill+screen_vote,"CHOOSE_FOR_EFFECT(effect=jace_brainstorm_putback, first_draw=Counterspell, second_draw=JaceTheMindSculptor)",0,1,2,0.0,0.0,0.0,0.0,0.0,0.0,0.0,0.0,0.0,0.0,1,1,1,1,1,20,1,outcome_linear_ranker_rev0025,counterfactual_linear_ranker_rev0036,mulligan_ranker_rev0024,mulligan_repeated_counterfactual_ranker_rev0030,1.0,0.0,0.0,0.0,1.0,0.0,1.0,0.0,1.0,1.0,0.7,1.0,0.0,0.0,0.9166666666666666,0.16666666666666666,0.2833333333333333,0.4,1.0,0.0,0.2,0.0,0.0,0.0,0.0,0.0,0.0,1.0,0.0,1.0,0.125,0.5,0.625,0.125,0.0,0.0,0.0,0.0,0.0,0.0,0.0,1.0,0.0,0.0,0.0,0.0,0.0,0.0,0.0,0.0,0.0,0.0,0.0,0.0,0.0,0.0,0.0,0.0,0.0,0.0,0.0,0.0,0.0,0.0,0.0,1.0,0.0,0.0,0.0,0.0,0.0,0.0,0.0,0.0,0.0,0.0,0.0,0.0,0.0,0.0,0.0,0.6507142857142857,high_action+public_disagreement+profile_spread,0.3333333333333333,0.0,1.0
screened_vote_budget,rev0041_s0003_acf_g0009_life20_outcome_fjace_vs_cf36_fjace_step0107,acf_g0009_life20_outcome_fjace_vs_cf36_fjace,107,0,6,14,8,5,behavior_chosen,"CHOOSE_FOR_EFFECT(effect=jace_brainstorm_putback, first_draw=ForceOfWill, second_draw=Island)",1,0,2,0.0,0.0,0.0,0.0,0.0,0.0,0.0,0.0,0.0,0.0,1,1,1,1,1,20,1,outcome_linear_ranker_rev0025,counterfactual_linear_ranker_rev0036,mulligan_ranker_rev0024,mulligan_repeated_counterfactual_ranker_rev0030,1.0,0.0,0.0,0.0,1.0,0.0,1.0,0.0,1.0,1.0,0.7,1.0,0.0,0.0,0.9166666666666666,0.16666666666666666,0.2833333333333333,0.4,1.0,0.0,0.2,0.0,0.0,0.0,0.0,0.0,0.0,1.0,0.0,1.0,0.125,0.5,0.625,0.125,0.0,0.0,0.0,0.0,0.0,0.0,0.0,1.0,0.0,0.0,0.0,0.0,0.0,0.0,0.0,0.0,0.0,0.0,0.0,0.0,0.0,0.0,0.0,0.0,0.0,0.0,0.0,0.0,0.0,0.0,0.0,1.0,0.0,0.0,0.0,0.0,0.0,0.0,0.0,0.0,0.0,0.0,0.0,0.0,0.0,0.0,0.0,0.6507142857142857,high_action+public_disagreement+profile_spread,0.3333333333333333,0.0,1.0
screened_vote_budget,rev0041_s0003_acf_g0009_life20_outcome_fjace_vs_cf36_fjace_step0107,acf_g0009_life20_outcome_fjace_vs_cf36_fjace,107,0,10,14,8,5,screen_vote,"CHOOSE_FOR_EFFECT(effect=jace_brainstorm_putback, first_draw=Island, second_draw=JaceTheMindSculptor)",0,1,2,0.0,0.0,0.0,0.0,0.0,0.0,0.0,0.0,0.0,0.0,1,1,1,1,1,20,1,outcome_linear_ranker_rev0025,counterfactual_linear_ranker_rev0036,mulligan_ranker_rev0024,mulligan_repeated_counterfactual_ranker_rev0030,1.0,0.0,0.0,0.0,1.0,0.0,1.0,0.0,1.0,1.0,0.7,1.0,0.0,0.0,0.9166666666666666,0.16666666666666666,0.2833333333333333,0.4,1.0,0.0,0.2,0.0,0.0,0.0,0.0,0.0,0.0,1.0,0.0,1.0,0.125,0.5,0.625,0.125,0.0,0.0,0.0,0.0,0.0,0.0,0.0,1.0,0.0,0.0,0.0,0.0,0.0,0.0,0.0,0.0,0.0,0.0,0.0,0.0,0.0,0.0,0.0,0.0,0.0,0.0,0.0,0.0,0.0,0.0,0.0,1.0,0.0,0.0,0.0,0.0,0.0,0.0,0.0,0.0,0.0,0.0,0.0,0.0,0.0,0.0,0.0,0.6507142857142857,high_action+public_disagreement+profile_spread,0.3333333333333333,0.0,1.0
screened_vote_budget,rev0041_s0003_acf_g0009_life20_outcome_fjace_vs_cf36_fjace_step0107,acf_g0009_life20_outcome_fjace_vs_cf36_fjace,107,0,13,14,8,5,screen_vote,"CHOOSE_FOR_EFFECT(effect=jace_brainstorm_putback, first_draw=JaceTheMindSculptor, second_draw=Island)",0,1,2,0.0,0.0,0.0,0.0,0.0,0.0,0.0,0.0,0.0,0.0,1,1,1,1,1,20,1,outcome_linear_ranker_rev0025,counterfactual_linear_ranker_rev0036,mulligan_ranker_rev0024,mulligan_repeated_counterfactual_ranker_rev0030,1.0,0.0,0.0,0.0,1.0,0.0,1.0,0.0,1.0,1.0,0.7,1.0,0.0,0.0,0.9166666666666666,0.16666666666666666,0.2833333333333333,0.4,1.0,0.0,0.2,0.0,0.0,0.0,0.0,0.0,0.0,1.0,0.0,1.0,0.125,0.5,0.625,0.125,0.0,0.0,0.0,0.0,0.0,0.0,0.0,1.0,0.0,0.0,0.0,0.0,0.0,0.0,0.0,0.0,0.0,0.0,0.0,0.0,0.0,0.0,0.0,0.0,0.0,0.0,0.0,0.0,0.0,0.0,0.0,1.0,0.0,0.0,0.0,0.0,0.0,0.0,0.0,0.0,0.0,0.0,0.0,0.0,0.0,0.0,0.0,0.6507142857142857,high_action+public_disagreement+profile_spread,0.3333333333333333,0.0,1.0
hybrid_vote_diverse_ranker,rev0041_s0003_acf_g0009_life20_outcome_fjace_vs_cf36_fjace_step0107,acf_g0009_life20_outcome_fjace_vs_cf36_fjace,107,0,3,14,8,5,random_budget_fill+screen_vote+hybrid_top_prior+diversity_representative,"CHOOSE_FOR_EFFECT(effect=jace_brainstorm_putback, first_draw=Counterspell, second_draw=JaceTheMindSculptor)",0,1,2,0.0,0.0,0.0,0.0,0.0,0.0,0.0,0.0,0.0,0.0,1,1,1,1,1,20,1,outcome_linear_ranker_rev0025,counterfactual_linear_ranker_rev0036,mulligan_ranker_rev0024,mulligan_repeated_counterfactual_ranker_rev0030,1.0,0.0,0.0,0.0,1.0,0.0,1.0,0.0,1.0,1.0,0.7,1.0,0.0,0.0,0.9166666666666666,0.16666666666666666,0.2833333333333333,0.4,1.0,0.0,0.2,0.0,0.0,0.0,0.0,0.0,0.0,1.0,0.0,1.0,0.125,0.5,0.625,0.125,0.0,0.0,0.0,0.0,0.0,0.0,0.0,1.0,0.0,0.0,0.0,0.0,0.0,0.0,0.0,0.0,0.0,0.0,0.0,0.0,0.0,0.0,0.0,0.0,0.0,0.0,0.0,0.0,0.0,0.0,0.0,1.0,0.0,0.0,0.0,0.0,0.0,0.0,0.0,0.0,0.0,0.0,0.0,0.0,0.0,0.0,0.0,0.6507142857142857,high_action+public_disagreement+profile_spread,0.3333333333333333,0.0,1.0
hybrid_vote_diverse_ranker,rev0041_s0003_acf_g0009_life20_outcome_fjace_vs_cf36_fjace_step0107,acf_g0009_life20_outcome_fjace_vs_cf36_fjace,107,0,6,14,8,5,behavior_chosen,"CHOOSE_FOR_EFFECT(effect=jace_brainstorm_putback, first_draw=ForceOfWill, second_draw=Island)",1,0,2,0.0,0.0,0.0,0.0,0.0,0.0,0.0,0.0,0.0,0.0,1,1,1,1,1,20,1,outcome_linear_ranker_rev0025,counterfactual_linear_ranker_rev0036,mulligan_ranker_rev0024,mulligan_repeated_counterfactual_ranker_rev0030,1.0,0.0,0.0,0.0,1.0,0.0,1.0,0.0,1.0,1.0,0.7,1.0,0.0,0.0,0.9166666666666666,0.16666666666666666,0.2833333333333333,0.4,1.0,0.0,0.2,0.0,0.0,0.0,0.0,0.0,0.0,1.0,0.0,1.0,0.125,0.5,0.625,0.125,0.0,0.0,0.0,0.0,0.0,0.0,0.0,1.0,0.0,0.0,0.0,0.0,0.0,0.0,0.0,0.0,0.0,0.0,0.0,0.0,0.0,0.0,0.0,0.0,0.0,0.0,0.0,0.0,0.0,0.0,0.0,1.0,0.0,0.0,0.0,0.0,0.0,0.0,0.0,0.0,0.0,0.0,0.0,0.0,0.0,0.0,0.0,0.6507142857142857,high_action+public_disagreement+profile_spread,0.3333333333333333,0.0,1.0
hybrid_vote_diverse_ranker,rev0041_s0003_acf_g0009_life20_outcome_fjace_vs_cf36_fjace_step0107,acf_g0009_life20_outcome_fjace_vs_cf36_fjace,107,0,10,14,8,5,screen_vote,"CHOOSE_FOR_EFFECT(effect=jace_brainstorm_putback, first_draw=Island, second_draw=JaceTheMindSculptor)",0,1,2,0.0,0.0,0.0,0.0,0.0,0.0,0.0,0.0,0.0,0.0,1,1,1,1,1,20,1,outcome_linear_ranker_rev0025,counterfactual_linear_ranker_rev0036,mulligan_ranker_rev0024,mulligan_repeated_counterfactual_ranker_rev0030,1.0,0.0,0.0,0.0,1.0,0.0,1.0,0.0,1.0,1.0,0.7,1.0,0.0,0.0,0.9166666666666666,0.16666666666666666,0.2833333333333333,0.4,1.0,0.0,0.2,0.0,0.0,0.0,0.0,0.0,0.0,1.0,0.0,1.0,0.125,0.5,0.625,0.125,0.0,0.0,0.0,0.0,0.0,0.0,0.0,1.0,0.0,0.0,0.0,0.0,0.0,0.0,0.0,0.0,0.0,0.0,0.0,0.0,0.0,0.0,0.0,0.0,0.0,0.0,0.0,0.0,0.0,0.0,0.0,1.0,0.0,0.0,0.0,0.0,0.0,0.0,0.0,0.0,0.0,0.0,0.0,0.0,0.0,0.0,0.0,0.6507142857142857,high_action+public_disagreement+profile_spread,0.3333333333333333,0.0,1.0
hybrid_vote_diverse_ranker,rev0041_s0003_acf_g0009_life20_outcome_fjace_vs_cf36_fjace_step0107,acf_g0009_life20_outcome_fjace_vs_cf36_fjace,107,0,11,14,8,5,random_budget_fill+hybrid_score_fill,"CHOOSE_FOR_EFFECT(effect=jace_brainstorm_putback, first_draw=JaceTheMindSculptor, second_draw=Counterspell)",0,0,2,0.0,0.0,0.0,0.0,0.0,0.0,0.0,0.0,0.0,0.0,1,1,1,1,1,20,1,outcome_linear_ranker_rev0025,counterfactual_linear_ranker_rev0036,mulligan_ranker_rev0024,mulligan_repeated_counterfactual_ranker_rev0030,1.0,0.0,0.0,0.0,1.0,0.0,1.0,0.0,1.0,1.0,0.7,1.0,0.0,0.0,0.9166666666666666,0.16666666666666666,0.2833333333333333,0.4,1.0,0.0,0.2,0.0,0.0,0.0,0.0,0.0,0.0,1.0,0.0,1.0,0.125,0.5,0.625,0.125,0.0,0.0,0.0,0.0,0.0,0.0,0.0,1.0,0.0,0.0,0.0,0.0,0.0,0.0,0.0,0.0,0.0,0.0,0.0,0.0,0.0,0.0,0.0,0.0,0.0,0.0,0.0,0.0,0.0,0.0,0.0,1.0,0.0,0.0,0.0,0.0,0.0,0.0,0.0,0.0,0.0,0.0,0.0,0.0,0.0,0.0,0.0,0.6507142857142857,high_action+public_disagreement+profile_spread,0.3333333333333333,0.0,1.0
hybrid_vote_diverse_ranker,rev0041_s0003_acf_g0009_life20_outcome_fjace_vs_cf36_fjace_step0107,acf_g0009_life20_outcome_fjace_vs_cf36_fjace,107,0,13,14,8,5,hybrid_score_fill,"CHOOSE_FOR_EFFECT(effect=jace_brainstorm_putback, first_draw=JaceTheMindSculptor, second_draw=Island)",0,1,2,0.0,0.0,0.0,0.0,0.0,0.0,0.0,0.0,0.0,0.0,1,1,1,1,1,20,1,outcome_linear_ranker_rev0025,counterfactual_linear_ranker_rev0036,mulligan_ranker_rev0024,mulligan_repeated_counterfactual_ranker_rev0030,1.0,0.0,0.0,0.0,1.0,0.0,1.0,0.0,1.0,1.0,0.7,1.0,0.0,0.0,0.9166666666666666,0.16666666666666666,0.2833333333333333,0.4,1.0,0.0,0.2,0.0,0.0,0.0,0.0,0.0,0.0,1.0,0.0,1.0,0.125,0.5,0.625,0.125,0.0,0.0,0.0,0.0,0.0,0.0,0.0,1.0,0.0,0.0,0.0,0.0,0.0,0.0,0.0,0.0,0.0,0.0,0.0,0.0,0.0,0.0,0.0,0.0,0.0,0.0,0.0,0.0,0.0,0.0,0.0,1.0,0.0,0.0,0.0,0.0,0.0,0.0,0.0,0.0,0.0,0.0,0.0,0.0,0.0,0.0,0.0,0.6507142857142857,high_action+public_disagreement+profile_spread,0.3333333333333333,0.0,1.0
unscreened_budget,rev0041_s0004_acf_g0010_life20_outcome_fjace_vs_cf36_counter_wall_step0045,acf_g0010_life20_outcome_fjace_vs_cf36_counter_wall,45,0,0,14,8,5,diversity_representative,"CHOOSE_FOR_EFFECT(effect=jace_brainstorm_putback, first_draw=Counterspell, second_draw=ForceOfWill)",0,0,2,0.0,0.0,0.0,0.0,0.0,0.0,0.0,0.0,0.0,0.0,1,1,1,1,1,20,0,outcome_linear_ranker_rev0025,counterfactual_ranker_blend_counter_rev0036,mulligan_ranker_rev0024,mulligan_outcome_ranker_rev0027,1.0,0.0,0.0,0.0,1.0,0.0,1.0,0.0,1.0,0.95,0.0,0.0,0.4,0.4,0.6666666666666666,0.3333333333333333,0.43333333333333335,0.8166666666666667,1.0,0.0,0.2,0.0,0.0,0.0,0.0,0.0,0.0,1.0,0.0,1.0,0.125,0.125,0.5,0.0,0.25,0.0,0.0,0.0,0.0,0.0,0.0,1.0,0.0,0.0,0.0,0.0,0.0,0.0,0.0,0.0,0.0,0.0,0.0,0.0,0.0,0.0,0.0,0.0,0.0,0.0,0.0,0.0,0.0,0.0,0.0,1.0,0.0,0.0,0.0,0.0,0.0,0.0,0.0,0.0,0.0,0.0,0.0,0.0,0.0,0.0,0.0,0.6507142857142857,high_action+public_disagreement+profile_spread,0.3333333333333333,0.0,1.0
unscreened_budget,rev0041_s0004_acf_g0010_life20_outcome_fjace_vs_cf36_counter_wall_step0045,acf_g0010_life20_outcome_fjace_vs_cf36_counter_wall,45,0,1,14,8,5,behavior_chosen,"CHOOSE_FOR_EFFECT(effect=jace_brainstorm_putback, first_draw=Counterspell, second_draw=Island)",1,1,2,0.0,0.0,0.0,0.0,0.0,0.0,0.0,0.0,0.0,0.0,1,1,1,1,1,20,0,outcome_linear_ranker_rev0025,counterfactual_ranker_blend_counter_rev0036,mulligan_ranker_rev0024,mulligan_outcome_ranker_rev0027,1.0,0.0,0.0,0.0,1.0,0.0,1.0,0.0,1.0,0.95,0.0,0.0,0.4,0.4,0.6666666666666666,0.3333333333333333,0.43333333333333335,0.8166666666666667,1.0,0.0,0.2,0.0,0.0,0.0,0.0,0.0,0.0,1.0,0.0,1.0,0.125,0.125,0.5,0.0,0.25,0.0,0.0,0.0,0.0,0.0,0.0,1.0,0.0,0.0,0.0,0.0,0.0,0.0,0.0,0.0,0.0,0.0,0.0,0.0,0.0,0.0,0.0,0.0,0.0,0.0,0.0,0.0,0.0,0.0,0.0,1.0,0.0,0.0,0.0,0.0,0.0,0.0,0.0,0.0,0.0,0.0,0.0,0.0,0.0,0.0,0.0,0.6507142857142857,high_action+public_disagreement+profile_spread,0.3333333333333333,0.0,1.0
unscreened_budget,rev0041_s0004_acf_g0010_life20_outcome_fjace_vs_cf36_counter_wall_step0045,acf_g0010_life20_outcome_fjace_vs_cf36_counter_wall,45,0,2,14,8,5,random_budget_fill,"CHOOSE_FOR_EFFECT(effect=jace_brainstorm_putback, first_draw=Counterspell, second_draw=OverlordOfTheFloodpits)",0,0,2,0.0,0.0,0.0,0.0,0.0,0.0,0.0,0.0,0.0,0.0,1,1,1,1,1,20,0,outcome_linear_ranker_rev0025,counterfactual_ranker_blend_counter_rev0036,mulligan_ranker_rev0024,mulligan_outcome_ranker_rev0027,1.0,0.0,0.0,0.0,1.0,0.0,1.0,0.0,1.0,0.95,0.0,0.0,0.4,0.4,0.6666666666666666,0.3333333333333333,0.43333333333333335,0.8166666666666667,1.0,0.0,0.2,0.0,0.0,0.0,0.0,0.0,0.0,1.0,0.0,1.0,0.125,0.125,0.5,0.0,0.25,0.0,0.0,0.0,0.0,0.0,0.0,1.0,0.0,0.0,0.0,0.0,0.0,0.0,0.0,0.0,0.0,0.0,0.0,0.0,0.0,0.0,0.0,0.0,0.0,0.0,0.0,0.0,0.0,0.0,0.0,1.0,0.0,0.0,0.0,0.0,0.0,0.0,0.0,0.0,0.0,0.0,0.0,0.0,0.0,0.0,0.0,0.6507142857142857,high_action+public_disagreement+profile_spread,0.3333333333333333,0.0,1.0
unscreened_budget,rev0041_s0004_acf_g0010_life20_outcome_fjace_vs_cf36_counter_wall_step0045,acf_g0010_life20_outcome_fjace_vs_cf36_counter_wall,45,0,6,14,8,5,random_budget_fill,"CHOOSE_FOR_EFFECT(effect=jace_brainstorm_putback, first_draw=ForceOfWill, second_draw=OverlordOfTheFloodpits)",0,0,2,0.0,0.0,0.0,0.0,0.0,0.0,0.0,0.0,0.0,0.0,1,1,1,1,1,20,0,outcome_linear_ranker_rev0025,counterfactual_ranker_blend_counter_rev0036,mulligan_ranker_rev0024,mulligan_outcome_ranker_rev0027,1.0,0.0,0.0,0.0,1.0,0.0,1.0,0.0,1.0,0.95,0.0,0.0,0.4,0.4,0.6666666666666666,0.3333333333333333,0.43333333333333335,0.8166666666666667,1.0,0.0,0.2,0.0,0.0,0.0,0.0,0.0,0.0,1.0,0.0,1.0,0.125,0.125,0.5,0.0,0.25,0.0,0.0,0.0,0.0,0.0,0.0,1.0,0.0,0.0,0.0,0.0,0.0,0.0,0.0,0.0,0.0,0.0,0.0,0.0,0.0,0.0,0.0,0.0,0.0,0.0,0.0,0.0,0.0,0.0,0.0,1.0,0.0,0.0,0.0,0.0,0.0,0.0,0.0,0.0,0.0,0.0,0.0,0.0,0.0,0.0,0.0,0.6507142857142857,high_action+public_disagreement+profile_spread,0.3333333333333333,0.0,1.0
unscreened_budget,rev0041_s0004_acf_g0010_life20_outcome_fjace_vs_cf36_counter_wall_step0045,acf_g0010_life20_outcome_fjace_vs_cf36_counter_wall,45,0,10,14,8,5,random_budget_fill,"CHOOSE_FOR_EFFECT(effect=jace_brainstorm_putback, first_draw=OverlordOfTheFloodpits, second_draw=Counterspell)",0,0,2,0.0,0.0,0.0,0.0,0.0,0.0,0.0,0.0,0.0,0.0,1,1,1,1,1,20,0,outcome_linear_ranker_rev0025,counterfactual_ranker_blend_counter_rev0036,mulligan_ranker_rev0024,mulligan_outcome_ranker_rev0027,1.0,0.0,0.0,0.0,1.0,0.0,1.0,0.0,1.0,0.95,0.0,0.0,0.4,0.4,0.6666666666666666,0.3333333333333333,0.43333333333333335,0.8166666666666667,1.0,0.0,0.2,0.0,0.0,0.0,0.0,0.0,0.0,1.0,0.0,1.0,0.125,0.125,0.5,0.0,0.25,0.0,0.0,0.0,0.0,0.0,0.0,1.0,0.0,0.0,0.0,0.0,0.0,0.0,0.0,0.0,0.0,0.0,0.0,0.0,0.0,0.0,0.0,0.0,0.0,0.0,0.0,0.0,0.0,0.0,0.0,1.0,0.0,0.0,0.0,0.0,0.0,0.0,0.0,0.0,0.0,0.0,0.0,0.0,0.0,0.0,0.0,0.6507142857142857,high_action+public_disagreement+profile_spread,0.3333333333333333,0.0,1.0
screened_vote_budget,rev0041_s0004_acf_g0010_life20_outcome_fjace_vs_cf36_counter_wall_step0045,acf_g0010_life20_outcome_fjace_vs_cf36_counter_wall,45,0,0,14,8,5,diversity_representative,"CHOOSE_FOR_EFFECT(effect=jace_brainstorm_putback, first_draw=Counterspell, second_draw=ForceOfWill)",0,0,2,0.0,0.0,0.0,0.0,0.0,0.0,0.0,0.0,0.0,0.0,1,1,1,1,1,20,0,outcome_linear_ranker_rev0025,counterfactual_ranker_blend_counter_rev0036,mulligan_ranker_rev0024,mulligan_outcome_ranker_rev0027,1.0,0.0,0.0,0.0,1.0,0.0,1.0,0.0,1.0,0.95,0.0,0.0,0.4,0.4,0.6666666666666666,0.3333333333333333,0.43333333333333335,0.8166666666666667,1.0,0.0,0.2,0.0,0.0,0.0,0.0,0.0,0.0,1.0,0.0,1.0,0.125,0.125,0.5,0.0,0.25,0.0,0.0,0.0,0.0,0.0,0.0,1.0,0.0,0.0,0.0,0.0,0.0,0.0,0.0,0.0,0.0,0.0,0.0,0.0,0.0,0.0,0.0,0.0,0.0,0.0,0.0,0.0,0.0,0.0,0.0,1.0,0.0,0.0,0.0,0.0,0.0,0.0,0.0,0.0,0.0,0.0,0.0,0.0,0.0,0.0,0.0,0.6507142857142857,high_action+public_disagreement+profile_spread,0.3333333333333333,0.0,1.0
screened_vote_budget,rev0041_s0004_acf_g0010_life20_outcome_fjace_vs_cf36_counter_wall_step0045,acf_g0010_life20_outcome_fjace_vs_cf36_counter_wall,45,0,1,14,8,5,behavior_chosen+screen_vote,"CHOOSE_FOR_EFFECT(effect=jace_brainstorm_putback, first_draw=Counterspell, second_draw=Island)",1,1,2,0.0,0.0,0.0,0.0,0.0,0.0,0.0,0.0,0.0,0.0,1,1,1,1,1,20,0,outcome_linear_ranker_rev0025,counterfactual_ranker_blend_counter_rev0036,mulligan_ranker_rev0024,mulligan_outcome_ranker_rev0027,1.0,0.0,0.0,0.0,1.0,0.0,1.0,0.0,1.0,0.95,0.0,0.0,0.4,0.4,0.6666666666666666,0.3333333333333333,0.43333333333333335,0.8166666666666667,1.0,0.0,0.2,0.0,0.0,0.0,0.0,0.0,0.0,1.0,0.0,1.0,0.125,0.125,0.5,0.0,0.25,0.0,0.0,0.0,0.0,0.0,0.0,1.0,0.0,0.0,0.0,0.0,0.0,0.0,0.0,0.0,0.0,0.0,0.0,0.0,0.0,0.0,0.0,0.0,0.0,0.0,0.0,0.0,0.0,0.0,0.0,1.0,0.0,0.0,0.0,0.0,0.0,0.0,0.0,0.0,0.0,0.0,0.0,0.0,0.0,0.0,0.0,0.6507142857142857,high_action+public_disagreement+profile_spread,0.3333333333333333,0.0,1.0
screened_vote_budget,rev0041_s0004_acf_g0010_life20_outcome_fjace_vs_cf36_counter_wall_step0045,acf_g0010_life20_outcome_fjace_vs_cf36_counter_wall,45,0,2,14,8,5,random_budget_fill,"CHOOSE_FOR_EFFECT(effect=jace_brainstorm_putback, first_draw=Counterspell, second_draw=OverlordOfTheFloodpits)",0,0,2,0.0,0.0,0.0,0.0,0.0,0.0,0.0,0.0,0.0,0.0,1,1,1,1,1,20,0,outcome_linear_ranker_rev0025,counterfactual_ranker_blend_counter_rev0036,mulligan_ranker_rev0024,mulligan_outcome_ranker_rev0027,1.0,0.0,0.0,0.0,1.0,0.0,1.0,0.0,1.0,0.95,0.0,0.0,0.4,0.4,0.6666666666666666,0.3333333333333333,0.43333333333333335,0.8166666666666667,1.0,0.0,0.2,0.0,0.0,0.0,0.0,0.0,0.0,1.0,0.0,1.0,0.125,0.125,0.5,0.0,0.25,0.0,0.0,0.0,0.0,0.0,0.0,1.0,0.0,0.0,0.0,0.0,0.0,0.0,0.0,0.0,0.0,0.0,0.0,0.0,0.0,0.0,0.0,0.0,0.0,0.0,0.0,0.0,0.0,0.0,0.0,1.0,0.0,0.0,0.0,0.0,0.0,0.0,0.0,0.0,0.0,0.0,0.0,0.0,0.0,0.0,0.0,0.6507142857142857,high_action+public_disagreement+profile_spread,0.3333333333333333,0.0,1.0
screened_vote_budget,rev0041_s0004_acf_g0010_life20_outcome_fjace_vs_cf36_counter_wall_step0045,acf_g0010_life20_outcome_fjace_vs_cf36_counter_wall,45,0,9,14,8,5,screen_vote,"CHOOSE_FOR_EFFECT(effect=jace_brainstorm_putback, first_draw=Island, second_draw=OverlordOfTheFloodpits)",0,1,2,0.0,0.0,0.0,0.0,0.0,0.0,0.0,0.0,0.0,0.0,1,1,1,1,1,20,0,outcome_linear_ranker_rev0025,counterfactual_ranker_blend_counter_rev0036,mulligan_ranker_rev0024,mulligan_outcome_ranker_rev0027,1.0,0.0,0.0,0.0,1.0,0.0,1.0,0.0,1.0,0.95,0.0,0.0,0.4,0.4,0.6666666666666666,0.3333333333333333,0.43333333333333335,0.8166666666666667,1.0,0.0,0.2,0.0,0.0,0.0,0.0,0.0,0.0,1.0,0.0,1.0,0.125,0.125,0.5,0.0,0.25,0.0,0.0,0.0,0.0,0.0,0.0,1.0,0.0,0.0,0.0,0.0,0.0,0.0,0.0,0.0,0.0,0.0,0.0,0.0,0.0,0.0,0.0,0.0,0.0,0.0,0.0,0.0,0.0,0.0,0.0,1.0,0.0,0.0,0.0,0.0,0.0,0.0,0.0,0.0,0.0,0.0,0.0,0.0,0.0,0.0,0.0,0.6507142857142857,high_action+public_disagreement+profile_spread,0.3333333333333333,0.0,1.0
screened_vote_budget,rev0041_s0004_acf_g0010_life20_outcome_fjace_vs_cf36_counter_wall_step0045,acf_g0010_life20_outcome_fjace_vs_cf36_counter_wall,45,0,12,14,8,5,screen_vote,"CHOOSE_FOR_EFFECT(effect=jace_brainstorm_putback, first_draw=OverlordOfTheFloodpits, second_draw=Island)",0,1,2,0.0,0.0,0.0,0.0,0.0,0.0,0.0,0.0,0.0,0.0,1,1,1,1,1,20,0,outcome_linear_ranker_rev0025,counterfactual_ranker_blend_counter_rev0036,mulligan_ranker_rev0024,mulligan_outcome_ranker_rev0027,1.0,0.0,0.0,0.0,1.0,0.0,1.0,0.0,1.0,0.95,0.0,0.0,0.4,0.4,0.6666666666666666,0.3333333333333333,0.43333333333333335,0.8166666666666667,1.0,0.0,0.2,0.0,0.0,0.0,0.0,0.0,0.0,1.0,0.0,1.0,0.125,0.125,0.5,0.0,0.25,0.0,0.0,0.0,0.0,0.0,0.0,1.0,0.0,0.0,0.0,0.0,0.0,0.0,0.0,0.0,0.0,0.0,0.0,0.0,0.0,0.0,0.0,0.0,0.0,0.0,0.0,0.0,0.0,0.0,0.0,1.0,0.0,0.0,0.0,0.0,0.0,0.0,0.0,0.0,0.0,0.0,0.0,0.0,0.0,0.0,0.0,0.6507142857142857,high_action+public_disagreement+profile_spread,0.3333333333333333,0.0,1.0
hybrid_vote_diverse_ranker,rev0041_s0004_acf_g0010_life20_outcome_fjace_vs_cf36_counter_wall_step0045,acf_g0010_life20_outcome_fjace_vs_cf36_counter_wall,45,0,1,14,8,5,behavior_chosen+screen_vote,"CHOOSE_FOR_EFFECT(effect=jace_brainstorm_putback, first_draw=Counterspell, second_draw=Island)",1,1,2,0.0,0.0,0.0,0.0,0.0,0.0,0.0,0.0,0.0,0.0,1,1,1,1,1,20,0,outcome_linear_ranker_rev0025,counterfactual_ranker_blend_counter_rev0036,mulligan_ranker_rev0024,mulligan_outcome_ranker_rev0027,1.0,0.0,0.0,0.0,1.0,0.0,1.0,0.0,1.0,0.95,0.0,0.0,0.4,0.4,0.6666666666666666,0.3333333333333333,0.43333333333333335,0.8166666666666667,1.0,0.0,0.2,0.0,0.0,0.0,0.0,0.0,0.0,1.0,0.0,1.0,0.125,0.125,0.5,0.0,0.25,0.0,0.0,0.0,0.0,0.0,0.0,1.0,0.0,0.0,0.0,0.0,0.0,0.0,0.0,0.0,0.0,0.0,0.0,0.0,0.0,0.0,0.0,0.0,0.0,0.0,0.0,0.0,0.0,0.0,0.0,1.0,0.0,0.0,0.0,0.0,0.0,0.0,0.0,0.0,0.0,0.0,0.0,0.0,0.0,0.0,0.0,0.6507142857142857,high_action+public_disagreement+profile_spread,0.3333333333333333,0.0,1.0
hybrid_vote_diverse_ranker,rev0041_s0004_acf_g0010_life20_outcome_fjace_vs_cf36_counter_wall_step0045,acf_g0010_life20_outcome_fjace_vs_cf36_counter_wall,45,0,2,14,8,5,random_budget_fill+hybrid_score_fill,"CHOOSE_FOR_EFFECT(effect=jace_brainstorm_putback, first_draw=Counterspell, second_draw=OverlordOfTheFloodpits)",0,0,2,0.0,0.0,0.0,0.0,0.0,0.0,0.0,0.0,0.0,0.0,1,1,1,1,1,20,0,outcome_linear_ranker_rev0025,counterfactual_ranker_blend_counter_rev0036,mulligan_ranker_rev0024,mulligan_outcome_ranker_rev0027,1.0,0.0,0.0,0.0,1.0,0.0,1.0,0.0,1.0,0.95,0.0,0.0,0.4,0.4,0.6666666666666666,0.3333333333333333,0.43333333333333335,0.8166666666666667,1.0,0.0,0.2,0.0,0.0,0.0,0.0,0.0,0.0,1.0,0.0,1.0,0.125,0.125,0.5,0.0,0.25,0.0,0.0,0.0,0.0,0.0,0.0,1.0,0.0,0.0,0.0,0.0,0.0,0.0,0.0,0.0,0.0,0.0,0.0,0.0,0.0,0.0,0.0,0.0,0.0,0.0,0.0,0.0,0.0,0.0,0.0,1.0,0.0,0.0,0.0,0.0,0.0,0.0,0.0,0.0,0.0,0.0,0.0,0.0,0.0,0.0,0.0,0.6507142857142857,high_action+public_disagreement+profile_spread,0.3333333333333333,0.0,1.0
hybrid_vote_diverse_ranker,rev0041_s0004_acf_g0010_life20_outcome_fjace_vs_cf36_counter_wall_step0045,acf_g0010_life20_outcome_fjace_vs_cf36_counter_wall,45,0,4,14,8,5,random_budget_fill+hybrid_score_fill,"CHOOSE_FOR_EFFECT(effect=jace_brainstorm_putback, first_draw=ForceOfWill, second_draw=ForceOfWill)",0,0,2,0.0,0.0,0.0,0.0,0.0,0.0,0.0,0.0,0.0,0.0,1,1,1,1,1,20,0,outcome_linear_ranker_rev0025,counterfactual_ranker_blend_counter_rev0036,mulligan_ranker_rev0024,mulligan_outcome_ranker_rev0027,1.0,0.0,0.0,0.0,1.0,0.0,1.0,0.0,1.0,0.95,0.0,0.0,0.4,0.4,0.6666666666666666,0.3333333333333333,0.43333333333333335,0.8166666666666667,1.0,0.0,0.2,0.0,0.0,0.0,0.0,0.0,0.0,1.0,0.0,1.0,0.125,0.125,0.5,0.0,0.25,0.0,0.0,0.0,0.0,0.0,0.0,1.0,0.0,0.0,0.0,0.0,0.0,0.0,0.0,0.0,0.0,0.0,0.0,0.0,0.0,0.0,0.0,0.0,0.0,0.0,0.0,0.0,0.0,0.0,0.0,1.0,0.0,0.0,0.0,0.0,0.0,0.0,0.0,0.0,0.0,0.0,0.0,0.0,0.0,0.0,0.0,0.6507142857142857,high_action+public_disagreement+profile_spread,0.3333333333333333,0.0,1.0
hybrid_vote_diverse_ranker,rev0041_s0004_acf_g0010_life20_outcome_fjace_vs_cf36_counter_wall_step0045,acf_g0010_life20_outcome_fjace_vs_cf36_counter_wall,45,0,9,14,8,5,random_budget_fill+screen_vote+hybrid_top_prior+diversity_representative,"CHOOSE_FOR_EFFECT(effect=jace_brainstorm_putback, first_draw=Island, second_draw=OverlordOfTheFloodpits)",0,1,2,0.0,0.0,0.0,0.0,0.0,0.0,0.0,0.0,0.0,0.0,1,1,1,1,1,20,0,outcome_linear_ranker_rev0025,counterfactual_ranker_blend_counter_rev0036,mulligan_ranker_rev0024,mulligan_outcome_ranker_rev0027,1.0,0.0,0.0,0.0,1.0,0.0,1.0,0.0,1.0,0.95,0.0,0.0,0.4,0.4,0.6666666666666666,0.3333333333333333,0.43333333333333335,0.8166666666666667,1.0,0.0,0.2,0.0,0.0,0.0,0.0,0.0,0.0,1.0,0.0,1.0,0.125,0.125,0.5,0.0,0.25,0.0,0.0,0.0,0.0,0.0,0.0,1.0,0.0,0.0,0.0,0.0,0.0,0.0,0.0,0.0,0.0,0.0,0.0,0.0,0.0,0.0,0.0,0.0,0.0,0.0,0.0,0.0,0.0,0.0,0.0,1.0,0.0,0.0,0.0,0.0,0.0,0.0,0.0,0.0,0.0,0.0,0.0,0.0,0.0,0.0,0.0,0.6507142857142857,high_action+public_disagreement+profile_spread,0.3333333333333333,0.0,1.0
hybrid_vote_diverse_ranker,rev0041_s0004_acf_g0010_life20_outcome_fjace_vs_cf36_counter_wall_step0045,acf_g0010_life20_outcome_fjace_vs_cf36_counter_wall,45,0,12,14,8,5,hybrid_score_fill,"CHOOSE_FOR_EFFECT(effect=jace_brainstorm_putback, first_draw=OverlordOfTheFloodpits, second_draw=Island)",0,1,2,0.0,0.0,0.0,0.0,0.0,0.0,0.0,0.0,0.0,0.0,1,1,1,1,1,20,0,outcome_linear_ranker_rev0025,counterfactual_ranker_blend_counter_rev0036,mulligan_ranker_rev0024,mulligan_outcome_ranker_rev0027,1.0,0.0,0.0,0.0,1.0,0.0,1.0,0.0,1.0,0.95,0.0,0.0,0.4,0.4,0.6666666666666666,0.3333333333333333,0.43333333333333335,0.8166666666666667,1.0,0.0,0.2,0.0,0.0,0.0,0.0,0.0,0.0,1.0,0.0,1.0,0.125,0.125,0.5,0.0,0.25,0.0,0.0,0.0,0.0,0.0,0.0,1.0,0.0,0.0,0.0,0.0,0.0,0.0,0.0,0.0,0.0,0.0,0.0,0.0,0.0,0.0,0.0,0.0,0.0,0.0,0.0,0.0,0.0,0.0,0.0,1.0,0.0,0.0,0.0,0.0,0.0,0.0,0.0,0.0,0.0,0.0,0.0,0.0,0.0,0.0,0.0,0.6507142857142857,high_action+public_disagreement+profile_spread,0.3333333333333333,0.0,1.0
unscreened_budget,rev0041_s0005_acf_g0010_life20_outcome_fjace_vs_cf36_counter_wall_step0114,acf_g0010_life20_outcome_fjace_vs_cf36_counter_wall,114,0,0,14,7,5,diversity_representative,"CHOOSE_FOR_EFFECT(effect=jace_brainstorm_putback, first_draw=Counterspell, second_draw=Counterspell)",0,1,2,0.0,0.0,0.0,0.0,0.0,0.0,0.0,0.0,0.0,0.0,1,1,1,1,1,20,0,outcome_linear_ranker_rev0025,counterfactual_ranker_blend_counter_rev0036,mulligan_ranker_rev0024,mulligan_outcome_ranker_rev0027,1.0,0.0,0.0,0.0,1.0,0.0,1.0,0.0,1.0,0.95,0.8,0.9,0.0,0.0,0.8333333333333334,0.0,0.26666666666666666,0.7333333333333333,1.0,0.0,0.2,0.0,0.0,0.0,0.0,0.0,0.0,1.0,0.0,1.0,0.125,0.375,0.625,0.125,0.0,0.0,0.0,0.0,0.0,0.0,0.0,1.0,0.0,0.0,0.0,0.0,0.0,0.0,0.0,0.0,0.0,0.0,0.0,0.0,0.0,0.0,0.0,0.0,0.0,0.0,0.0,0.0,0.0,0.0,0.0,1.0,0.0,0.0,0.0,0.0,0.0,0.0,0.0,0.0,0.0,0.0,0.0,0.0,0.0,0.0,0.0,0.6507142857142857,high_action+public_disagreement+profile_spread,0.3333333333333333,0.0,1.0
unscreened_budget,rev0041_s0005_acf_g0010_life20_outcome_fjace_vs_cf36_counter_wall_step0114,acf_g0010_life20_outcome_fjace_vs_cf36_counter_wall,114,0,1,14,7,5,behavior_chosen,"CHOOSE_FOR_EFFECT(effect=jace_brainstorm_putback, first_draw=Counterspell, second_draw=ForceOfWill)",1,0,2,0.0,0.0,0.0,0.0,0.0,0.0,0.0,0.0,0.0,0.0,1,1,1,1,1,20,0,outcome_linear_ranker_rev0025,counterfactual_ranker_blend_counter_rev0036,mulligan_ranker_rev0024,mulligan_outcome_ranker_rev0027,1.0,0.0,0.0,0.0,1.0,0.0,1.0,0.0,1.0,0.95,0.8,0.9,0.0,0.0,0.8333333333333334,0.0,0.26666666666666666,0.7333333333333333,1.0,0.0,0.2,0.0,0.0,0.0,0.0,0.0,0.0,1.0,0.0,1.0,0.125,0.375,0.625,0.125,0.0,0.0,0.0,0.0,0.0,0.0,0.0,1.0,0.0,0.0,0.0,0.0,0.0,0.0,0.0,0.0,0.0,0.0,0.0,0.0,0.0,0.0,0.0,0.0,0.0,0.0,0.0,0.0,0.0,0.0,0.0,1.0,0.0,0.0,0.0,0.0,0.0,0.0,0.0,0.0,0.0,0.0,0.0,0.0,0.0,0.0,0.0,0.6507142857142857,high_action+public_disagreement+profile_spread,0.3333333333333333,0.0,1.0
unscreened_budget,rev0041_s0005_acf_g0010_life20_outcome_fjace_vs_cf36_counter_wall_step0114,acf_g0010_life20_outcome_fjace_vs_cf36_counter_wall,114,0,2,14,7,5,random_budget_fill,"CHOOSE_FOR_EFFECT(effect=jace_brainstorm_putback, first_draw=Counterspell, second_draw=Island)",0,0,2,0.0,0.0,0.0,0.0,0.0,0.0,0.0,0.0,0.0,0.0,1,1,1,1,1,20,0,outcome_linear_ranker_rev0025,counterfactual_ranker_blend_counter_rev0036,mulligan_ranker_rev0024,mulligan_outcome_ranker_rev0027,1.0,0.0,0.0,0.0,1.0,0.0,1.0,0.0,1.0,0.95,0.8,0.9,0.0,0.0,0.8333333333333334,0.0,0.26666666666666666,0.7333333333333333,1.0,0.0,0.2,0.0,0.0,0.0,0.0,0.0,0.0,1.0,0.0,1.0,0.125,0.375,0.625,0.125,0.0,0.0,0.0,0.0,0.0,0.0,0.0,1.0,0.0,0.0,0.0,0.0,0.0,0.0,0.0,0.0,0.0,0.0,0.0,0.0,0.0,0.0,0.0,0.0,0.0,0.0,0.0,0.0,0.0,0.0,0.0,1.0,0.0,0.0,0.0,0.0,0.0,0.0,0.0,0.0,0.0,0.0,0.0,0.0,0.0,0.0,0.0,0.6507142857142857,high_action+public_disagreement+profile_spread,0.3333333333333333,0.0,1.0
unscreened_budget,rev0041_s0005_acf_g0010_life20_outcome_fjace_vs_cf36_counter_wall_step0114,acf_g0010_life20_outcome_fjace_vs_cf36_counter_wall,114,0,5,14,7,5,random_budget_fill,"CHOOSE_FOR_EFFECT(effect=jace_brainstorm_putback, first_draw=ForceOfWill, second_draw=ForceOfWill)",0,0,2,0.0,0.0,0.0,0.0,0.0,0.0,0.0,0.0,0.0,0.0,1,1,1,1,1,20,0,outcome_linear_ranker_rev0025,counterfactual_ranker_blend_counter_rev0036,mulligan_ranker_rev0024,mulligan_outcome_ranker_rev0027,1.0,0.0,0.0,0.0,1.0,0.0,1.0,0.0,1.0,0.95,0.8,0.9,0.0,0.0,0.8333333333333334,0.0,0.26666666666666666,0.7333333333333333,1.0,0.0,0.2,0.0,0.0,0.0,0.0,0.0,0.0,1.0,0.0,1.0,0.125,0.375,0.625,0.125,0.0,0.0,0.0,0.0,0.0,0.0,0.0,1.0,0.0,0.0,0.0,0.0,0.0,0.0,0.0,0.0,0.0,0.0,0.0,0.0,0.0,0.0,0.0,0.0,0.0,0.0,0.0,0.0,0.0,0.0,0.0,1.0,0.0,0.0,0.0,0.0,0.0,0.0,0.0,0.0,0.0,0.0,0.0,0.0,0.0,0.0,0.0,0.6507142857142857,high_action+public_disagreement+profile_spread,0.3333333333333333,0.0,1.0
unscreened_budget,rev0041_s0005_acf_g0010_life20_outcome_fjace_vs_cf36_counter_wall_step0114,acf_g0010_life20_outcome_fjace_vs_cf36_counter_wall,114,0,6,14,7,5,random_budget_fill,"CHOOSE_FOR_EFFECT(effect=jace_brainstorm_putback, first_draw=ForceOfWill, second_draw=Island)",0,0,2,0.0,0.0,0.0,0.0,0.0,0.0,0.0,0.0,0.0,0.0,1,1,1,1,1,20,0,outcome_linear_ranker_rev0025,counterfactual_ranker_blend_counter_rev0036,mulligan_ranker_rev0024,mulligan_outcome_ranker_rev0027,1.0,0.0,0.0,0.0,1.0,0.0,1.0,0.0,1.0,0.95,0.8,0.9,0.0,0.0,0.8333333333333334,0.0,0.26666666666666666,0.7333333333333333,1.0,0.0,0.2,0.0,0.0,0.0,0.0,0.0,0.0,1.0,0.0,1.0,0.125,0.375,0.625,0.125,0.0,0.0,0.0,0.0,0.0,0.0,0.0,1.0,0.0,0.0,0.0,0.0,0.0,0.0,0.0,0.0,0.0,0.0,0.0,0.0,0.0,0.0,0.0,0.0,0.0,0.0,0.0,0.0,0.0,0.0,0.0,1.0,0.0,0.0,0.0,0.0,0.0,0.0,0.0,0.0,0.0,0.0,0.0,0.0,0.0,0.0,0.0,0.6507142857142857,high_action+public_disagreement+profile_spread,0.3333333333333333,0.0,1.0
screened_vote_budget,rev0041_s0005_acf_g0010_life20_outcome_fjace_vs_cf36_counter_wall_step0114,acf_g0010_life20_outcome_fjace_vs_cf36_counter_wall,114,0,0,14,7,5,diversity_representative+screen_vote,"CHOOSE_FOR_EFFECT(effect=jace_brainstorm_putback, first_draw=Counterspell, second_draw=Counterspell)",0,1,2,0.0,0.0,0.0,0.0,0.0,0.0,0.0,0.0,0.0,0.0,1,1,1,1,1,20,0,outcome_linear_ranker_rev0025,counterfactual_ranker_blend_counter_rev0036,mulligan_ranker_rev0024,mulligan_outcome_ranker_rev0027,1.0,0.0,0.0,0.0,1.0,0.0,1.0,0.0,1.0,0.95,0.8,0.9,0.0,0.0,0.8333333333333334,0.0,0.26666666666666666,0.7333333333333333,1.0,0.0,0.2,0.0,0.0,0.0,0.0,0.0,0.0,1.0,0.0,1.0,0.125,0.375,0.625,0.125,0.0,0.0,0.0,0.0,0.0,0.0,0.0,1.0,0.0,0.0,0.0,0.0,0.0,0.0,0.0,0.0,0.0,0.0,0.0,0.0,0.0,0.0,0.0,0.0,0.0,0.0,0.0,0.0,0.0,0.0,0.0,1.0,0.0,0.0,0.0,0.0,0.0,0.0,0.0,0.0,0.0,0.0,0.0,0.0,0.0,0.0,0.0,0.6507142857142857,high_action+public_disagreement+profile_spread,0.3333333333333333,0.0,1.0
screened_vote_budget,rev0041_s0005_acf_g0010_life20_outcome_fjace_vs_cf36_counter_wall_step0114,acf_g0010_life20_outcome_fjace_vs_cf36_counter_wall,114,0,1,14,7,5,behavior_chosen,"CHOOSE_FOR_EFFECT(effect=jace_brainstorm_putback, first_draw=Counterspell, second_draw=ForceOfWill)",1,0,2,0.0,0.0,0.0,0.0,0.0,0.0,0.0,0.0,0.0,0.0,1,1,1,1,1,20,0,outcome_linear_ranker_rev0025,counterfactual_ranker_blend_counter_rev0036,mulligan_ranker_rev0024,mulligan_outcome_ranker_rev0027,1.0,0.0,0.0,0.0,1.0,0.0,1.0,0.0,1.0,0.95,0.8,0.9,0.0,0.0,0.8333333333333334,0.0,0.26666666666666666,0.7333333333333333,1.0,0.0,0.2,0.0,0.0,0.0,0.0,0.0,0.0,1.0,0.0,1.0,0.125,0.375,0.625,0.125,0.0,0.0,0.0,0.0,0.0,0.0,0.0,1.0,0.0,0.0,0.0,0.0,0.0,0.0,0.0,0.0,0.0,0.0,0.0,0.0,0.0,0.0,0.0,0.0,0.0,0.0,0.0,0.0,0.0,0.0,0.0,1.0,0.0,0.0,0.0,0.0,0.0,0.0,0.0,0.0,0.0,0.0,0.0,0.0,0.0,0.0,0.0,0.6507142857142857,high_action+public_disagreement+profile_spread,0.3333333333333333,0.0,1.0
screened_vote_budget,rev0041_s0005_acf_g0010_life20_outcome_fjace_vs_cf36_counter_wall_step0114,acf_g0010_life20_outcome_fjace_vs_cf36_counter_wall,114,0,2,14,7,5,random_budget_fill,"CHOOSE_FOR_EFFECT(effect=jace_brainstorm_putback, first_draw=Counterspell, second_draw=Island)",0,0,2,0.0,0.0,0.0,0.0,0.0,0.0,0.0,0.0,0.0,0.0,1,1,1,1,1,20,0,outcome_linear_ranker_rev0025,counterfactual_ranker_blend_counter_rev0036,mulligan_ranker_rev0024,mulligan_outcome_ranker_rev0027,1.0,0.0,0.0,0.0,1.0,0.0,1.0,0.0,1.0,0.95,0.8,0.9,0.0,0.0,0.8333333333333334,0.0,0.26666666666666666,0.7333333333333333,1.0,0.0,0.2,0.0,0.0,0.0,0.0,0.0,0.0,1.0,0.0,1.0,0.125,0.375,0.625,0.125,0.0,0.0,0.0,0.0,0.0,0.0,0.0,1.0,0.0,0.0,0.0,0.0,0.0,0.0,0.0,0.0,0.0,0.0,0.0,0.0,0.0,0.0,0.0,0.0,0.0,0.0,0.0,0.0,0.0,0.0,0.0,1.0,0.0,0.0,0.0,0.0,0.0,0.0,0.0,0.0,0.0,0.0,0.0,0.0,0.0,0.0,0.0,0.6507142857142857,high_action+public_disagreement+profile_spread,0.3333333333333333,0.0,1.0
screened_vote_budget,rev0041_s0005_acf_g0010_life20_outcome_fjace_vs_cf36_counter_wall_step0114,acf_g0010_life20_outcome_fjace_vs_cf36_counter_wall,114,0,10,14,7,5,random_budget_fill+screen_vote,"CHOOSE_FOR_EFFECT(effect=jace_brainstorm_putback, first_draw=Island, second_draw=JaceTheMindSculptor)",0,1,2,0.0,0.0,0.0,0.0,0.0,0.0,0.0,0.0,0.0,0.0,1,1,1,1,1,20,0,outcome_linear_ranker_rev0025,counterfactual_ranker_blend_counter_rev0036,mulligan_ranker_rev0024,mulligan_outcome_ranker_rev0027,1.0,0.0,0.0,0.0,1.0,0.0,1.0,0.0,1.0,0.95,0.8,0.9,0.0,0.0,0.8333333333333334,0.0,0.26666666666666666,0.7333333333333333,1.0,0.0,0.2,0.0,0.0,0.0,0.0,0.0,0.0,1.0,0.0,1.0,0.125,0.375,0.625,0.125,0.0,0.0,0.0,0.0,0.0,0.0,0.0,1.0,0.0,0.0,0.0,0.0,0.0,0.0,0.0,0.0,0.0,0.0,0.0,0.0,0.0,0.0,0.0,0.0,0.0,0.0,0.0,0.0,0.0,0.0,0.0,1.0,0.0,0.0,0.0,0.0,0.0,0.0,0.0,0.0,0.0,0.0,0.0,0.0,0.0,0.0,0.0,0.6507142857142857,high_action+public_disagreement+profile_spread,0.3333333333333333,0.0,1.0
screened_vote_budget,rev0041_s0005_acf_g0010_life20_outcome_fjace_vs_cf36_counter_wall_step0114,acf_g0010_life20_outcome_fjace_vs_cf36_counter_wall,114,0,13,14,7,5,random_budget_fill+screen_vote,"CHOOSE_FOR_EFFECT(effect=jace_brainstorm_putback, first_draw=JaceTheMindSculptor, second_draw=Island)",0,1,2,0.0,0.0,0.0,0.0,0.0,0.0,0.0,0.0,0.0,0.0,1,1,1,1,1,20,0,outcome_linear_ranker_rev0025,counterfactual_ranker_blend_counter_rev0036,mulligan_ranker_rev0024,mulligan_outcome_ranker_rev0027,1.0,0.0,0.0,0.0,1.0,0.0,1.0,0.0,1.0,0.95,0.8,0.9,0.0,0.0,0.8333333333333334,0.0,0.26666666666666666,0.7333333333333333,1.0,0.0,0.2,0.0,0.0,0.0,0.0,0.0,0.0,1.0,0.0,1.0,0.125,0.375,0.625,0.125,0.0,0.0,0.0,0.0,0.0,0.0,0.0,1.0,0.0,0.0,0.0,0.0,0.0,0.0,0.0,0.0,0.0,0.0,0.0,0.0,0.0,0.0,0.0,0.0,0.0,0.0,0.0,0.0,0.0,0.0,0.0,1.0,0.0,0.0,0.0,0.0,0.0,0.0,0.0,0.0,0.0,0.0,0.0,0.0,0.0,0.0,0.0,0.6507142857142857,high_action+public_disagreement+profile_spread,0.3333333333333333,0.0,1.0
hybrid_vote_diverse_ranker,rev0041_s0005_acf_g0010_life20_outcome_fjace_vs_cf36_counter_wall_step0114,acf_g0010_life20_outcome_fjace_vs_cf36_counter_wall,114,0,0,14,7,5,diversity_representative+screen_vote+hybrid_top_prior,"CHOOSE_FOR_EFFECT(effect=jace_brainstorm_putback, first_draw=Counterspell, second_draw=Counterspell)",0,1,2,0.0,0.0,0.0,0.0,0.0,0.0,0.0,0.0,0.0,0.0,1,1,1,1,1,20,0,outcome_linear_ranker_rev0025,counterfactual_ranker_blend_counter_rev0036,mulligan_ranker_rev0024,mulligan_outcome_ranker_rev0027,1.0,0.0,0.0,0.0,1.0,0.0,1.0,0.0,1.0,0.95,0.8,0.9,0.0,0.0,0.8333333333333334,0.0,0.26666666666666666,0.7333333333333333,1.0,0.0,0.2,0.0,0.0,0.0,0.0,0.0,0.0,1.0,0.0,1.0,0.125,0.375,0.625,0.125,0.0,0.0,0.0,0.0,0.0,0.0,0.0,1.0,0.0,0.0,0.0,0.0,0.0,0.0,0.0,0.0,0.0,0.0,0.0,0.0,0.0,0.0,0.0,0.0,0.0,0.0,0.0,0.0,0.0,0.0,0.0,1.0,0.0,0.0,0.0,0.0,0.0,0.0,0.0,0.0,0.0,0.0,0.0,0.0,0.0,0.0,0.0,0.6507142857142857,high_action+public_disagreement+profile_spread,0.3333333333333333,0.0,1.0
hybrid_vote_diverse_ranker,rev0041_s0005_acf_g0010_life20_outcome_fjace_vs_cf36_counter_wall_step0114,acf_g0010_life20_outcome_fjace_vs_cf36_counter_wall,114,0,1,14,7,5,behavior_chosen,"CHOOSE_FOR_EFFECT(effect=jace_brainstorm_putback, first_draw=Counterspell, second_draw=ForceOfWill)",1,0,2,0.0,0.0,0.0,0.0,0.0,0.0,0.0,0.0,0.0,0.0,1,1,1,1,1,20,0,outcome_linear_ranker_rev0025,counterfactual_ranker_blend_counter_rev0036,mulligan_ranker_rev0024,mulligan_outcome_ranker_rev0027,1.0,0.0,0.0,0.0,1.0,0.0,1.0,0.0,1.0,0.95,0.8,0.9,0.0,0.0,0.8333333333333334,0.0,0.26666666666666666,0.7333333333333333,1.0,0.0,0.2,0.0,0.0,0.0,0.0,0.0,0.0,1.0,0.0,1.0,0.125,0.375,0.625,0.125,0.0,0.0,0.0,0.0,0.0,0.0,0.0,1.0,0.0,0.0,0.0,0.0,0.0,0.0,0.0,0.0,0.0,0.0,0.0,0.0,0.0,0.0,0.0,0.0,0.0,0.0,0.0,0.0,0.0,0.0,0.0,1.0,0.0,0.0,0.0,0.0,0.0,0.0,0.0,0.0,0.0,0.0,0.0,0.0,0.0,0.0,0.0,0.6507142857142857,high_action+public_disagreement+profile_spread,0.3333333333333333,0.0,1.0
hybrid_vote_diverse_ranker,rev0041_s0005_acf_g0010_life20_outcome_fjace_vs_cf36_counter_wall_step0114,acf_g0010_life20_outcome_fjace_vs_cf36_counter_wall,114,0,6,14,7,5,random_budget_fill+hybrid_score_fill,"CHOOSE_FOR_EFFECT(effect=jace_brainstorm_putback, first_draw=ForceOfWill, second_draw=Island)",0,0,2,0.0,0.0,0.0,0.0,0.0,0.0,0.0,0.0,0.0,0.0,1,1,1,1,1,20,0,outcome_linear_ranker_rev0025,counterfactual_ranker_blend_counter_rev0036,mulligan_ranker_rev0024,mulligan_outcome_ranker_rev0027,1.0,0.0,0.0,0.0,1.0,0.0,1.0,0.0,1.0,0.95,0.8,0.9,0.0,0.0,0.8333333333333334,0.0,0.26666666666666666,0.7333333333333333,1.0,0.0,0.2,0.0,0.0,0.0,0.0,0.0,0.0,1.0,0.0,1.0,0.125,0.375,0.625,0.125,0.0,0.0,0.0,0.0,0.0,0.0,0.0,1.0,0.0,0.0,0.0,0.0,0.0,0.0,0.0,0.0,0.0,0.0,0.0,0.0,0.0,0.0,0.0,0.0,0.0,0.0,0.0,0.0,0.0,0.0,0.0,1.0,0.0,0.0,0.0,0.0,0.0,0.0,0.0,0.0,0.0,0.0,0.0,0.0,0.0,0.0,0.0,0.6507142857142857,high_action+public_disagreement+profile_spread,0.3333333333333333,0.0,1.0
hybrid_vote_diverse_ranker,rev0041_s0005_acf_g0010_life20_outcome_fjace_vs_cf36_counter_wall_step0114,acf_g0010_life20_outcome_fjace_vs_cf36_counter_wall,114,0,10,14,7,5,screen_vote,"CHOOSE_FOR_EFFECT(effect=jace_brainstorm_putback, first_draw=Island, second_draw=JaceTheMindSculptor)",0,1,2,0.0,0.0,0.0,0.0,0.0,0.0,0.0,0.0,0.0,0.0,1,1,1,1,1,20,0,outcome_linear_ranker_rev0025,counterfactual_ranker_blend_counter_rev0036,mulligan_ranker_rev0024,mulligan_outcome_ranker_rev0027,1.0,0.0,0.0,0.0,1.0,0.0,1.0,0.0,1.0,0.95,0.8,0.9,0.0,0.0,0.8333333333333334,0.0,0.26666666666666666,0.7333333333333333,1.0,0.0,0.2,0.0,0.0,0.0,0.0,0.0,0.0,1.0,0.0,1.0,0.125,0.375,0.625,0.125,0.0,0.0,0.0,0.0,0.0,0.0,0.0,1.0,0.0,0.0,0.0,0.0,0.0,0.0,0.0,0.0,0.0,0.0,0.0,0.0,0.0,0.0,0.0,0.0,0.0,0.0,0.0,0.0,0.0,0.0,0.0,1.0,0.0,0.0,0.0,0.0,0.0,0.0,0.0,0.0,0.0,0.0,0.0,0.0,0.0,0.0,0.0,0.6507142857142857,high_action+public_disagreement+profile_spread,0.3333333333333333,0.0,1.0
hybrid_vote_diverse_ranker,rev0041_s0005_acf_g0010_life20_outcome_fjace_vs_cf36_counter_wall_step0114,acf_g0010_life20_outcome_fjace_vs_cf36_counter_wall,114,0,13,14,7,5,hybrid_score_fill,"CHOOSE_FOR_EFFECT(effect=jace_brainstorm_putback, first_draw=JaceTheMindSculptor, second_draw=Island)",0,1,2,0.0,0.0,0.0,0.0,0.0,0.0,0.0,0.0,0.0,0.0,1,1,1,1,1,20,0,outcome_linear_ranker_rev0025,counterfactual_ranker_blend_counter_rev0036,mulligan_ranker_rev0024,mulligan_outcome_ranker_rev0027,1.0,0.0,0.0,0.0,1.0,0.0,1.0,0.0,1.0,0.95,0.8,0.9,0.0,0.0,0.8333333333333334,0.0,0.26666666666666666,0.7333333333333333,1.0,0.0,0.2,0.0,0.0,0.0,0.0,0.0,0.0,1.0,0.0,1.0,0.125,0.375,0.625,0.125,0.0,0.0,0.0,0.0,0.0,0.0,0.0,1.0,0.0,0.0,0.0,0.0,0.0,0.0,0.0,0.0,0.0,0.0,0.0,0.0,0.0,0.0,0.0,0.0,0.0,0.0,0.0,0.0,0.0,0.0,0.0,1.0,0.0,0.0,0.0,0.0,0.0,0.0,0.0,0.0,0.0,0.0,0.0,0.0,0.0,0.0,0.0,0.6507142857142857,high_action+public_disagreement+profile_spread,0.3333333333333333,0.0,1.0
unscreened_budget,rev0041_s0006_acf_g0019_life20_outcome_threat_fovr_vs_cf35_counter_wall_step0172,acf_g0019_life20_outcome_threat_fovr_vs_cf35_counter_wall,172,0,0,10,7,5,behavior_chosen,PASS,1,1,2,1.0,0.0,1.0,1.0,0.0,1.0,0.0,0.0,1.0,0.9999999989999999,1,1,1,1,1,20,1,outcome_ranker_blend_threat_rev0025,counterfactual_ranker_blend_counter_rev0035,mulligan_ranker_rev0024,mulligan_outcome_ranker_rev0027,0.0,1.0,0.0,0.0,1.0,0.0,1.0,0.0,1.0,0.95,0.0,0.0,1.0,1.0,0.16666666666666666,0.0,0.3,0.5166666666666667,0.0,1.0,0.0,0.13333333333333333,0.0,0.0,0.0,0.0,1.0,0.0,0.0,0.0,0.0,0.0,0.25,0.0,0.0,1.0,0.0,0.0,0.0,0.0,0.0,0.0,0.0,0.0,0.0,0.0,0.0,0.0,0.0,0.0,0.0,0.0,0.0,0.0,0.0,0.0,0.0,0.0,0.0,0.0,0.0,0.0,0.0,0.0,0.0,0.0,0.0,0.0,0.0,0.0,0.0,0.0,0.0,0.0,0.0,0.0,0.0,0.0,0.0,0.0,1.0,0.6430652604602853,high_action+public_disagreement+profile_spread+ranker_spread,0.3258426966292135,0.16115885366688798,1.0
unscreened_budget,rev0041_s0006_acf_g0019_life20_outcome_threat_fovr_vs_cf35_counter_wall_step0172,acf_g0019_life20_outcome_threat_fovr_vs_cf35_counter_wall,172,0,1,10,7,5,diversity_representative,"CAST(card=ForceOfWill, payment=pitch, pitch_card=ForceOfWill, target_card=ForceOfWill, target_id=15)",0,0,2,0.0,0.0,1.0,1.0,0.0,1.0,1.0,0.0,1.0,0.9999999989999999,0,0,1,1,1,20,1,outcome_ranker_blend_threat_rev0025,counterfactual_ranker_blend_counter_rev0035,mulligan_ranker_rev0024,mulligan_outcome_ranker_rev0027,0.0,1.0,0.0,0.0,1.0,0.0,1.0,0.0,1.0,0.95,0.0,0.0,1.0,1.0,0.16666666666666666,0.0,0.3,0.5166666666666667,0.0,1.0,0.0,0.13333333333333333,0.0,0.0,0.0,0.0,1.0,0.0,0.0,0.0,0.0,0.0,0.25,0.0,0.0,0.0,0.0,1.0,0.0,0.0,0.0,0.0,0.0,1.0,0.0,0.0,0.0,1.0,0.0,1.0,0.0,0.0,0.0,1.0,0.0,0.0,0.0,0.0,0.0,0.0,0.0,0.0,0.0,0.0,0.0,0.0,0.0,0.0,0.0,1.0,0.0,0.0,0.0,0.0,0.0,0.0,0.0,0.0,0.0,0.0,0.0,0.6430652604602853,high_action+public_disagreement+profile_spread+ranker_spread,0.3258426966292135,0.16115885366688798,1.0
unscreened_budget,rev0041_s0006_acf_g0019_life20_outcome_threat_fovr_vs_cf35_counter_wall_step0172,acf_g0019_life20_outcome_threat_fovr_vs_cf35_counter_wall,172,0,2,10,7,5,random_budget_fill,"CAST(card=ForceOfWill, payment=pitch, pitch_card=ForceOfWill, target_card=Counterspell, target_id=16)",0,0,2,0.0,0.0,1.0,1.0,0.0,1.0,1.0,0.0,1.0,0.9999999989999999,0,0,1,1,1,20,1,outcome_ranker_blend_threat_rev0025,counterfactual_ranker_blend_counter_rev0035,mulligan_ranker_rev0024,mulligan_outcome_ranker_rev0027,0.0,1.0,0.0,0.0,1.0,0.0,1.0,0.0,1.0,0.95,0.0,0.0,1.0,1.0,0.16666666666666666,0.0,0.3,0.5166666666666667,0.0,1.0,0.0,0.13333333333333333,0.0,0.0,0.0,0.0,1.0,0.0,0.0,0.0,0.0,0.0,0.25,0.0,0.0,0.0,0.0,1.0,0.0,0.0,0.0,0.0,0.0,1.0,0.0,0.0,0.0,1.0,0.0,1.0,0.0,0.0,1.0,0.0,0.0,0.0,0.0,0.0,0.0,0.0,0.0,0.0,0.0,0.0,0.0,0.0,0.0,0.0,0.0,1.0,0.0,0.0,0.0,0.0,0.0,0.0,0.0,0.0,0.0,0.0,0.0,0.6430652604602853,high_action+public_disagreement+profile_spread+ranker_spread,0.3258426966292135,0.16115885366688798,1.0
unscreened_budget,rev0041_s0006_acf_g0019_life20_outcome_threat_fovr_vs_cf35_counter_wall_step0172,acf_g0019_life20_outcome_threat_fovr_vs_cf35_counter_wall,172,0,3,10,7,5,random_budget_fill,"CAST(card=ForceOfWill, payment=pitch, pitch_card=ForceOfWill, target_card=Counterspell, target_id=17)",0,0,2,0.0,0.0,1.0,1.0,0.0,1.0,1.0,0.0,1.0,0.9999999989999999,0,0,1,1,1,20,1,outcome_ranker_blend_threat_rev0025,counterfactual_ranker_blend_counter_rev0035,mulligan_ranker_rev0024,mulligan_outcome_ranker_rev0027,0.0,1.0,0.0,0.0,1.0,0.0,1.0,0.0,1.0,0.95,0.0,0.0,1.0,1.0,0.16666666666666666,0.0,0.3,0.5166666666666667,0.0,1.0,0.0,0.13333333333333333,0.0,0.0,0.0,0.0,1.0,0.0,0.0,0.0,0.0,0.0,0.25,0.0,0.0,0.0,0.0,1.0,0.0,0.0,0.0,0.0,0.0,1.0,0.0,0.0,0.0,1.0,0.0,1.0,0.0,0.0,1.0,0.0,0.0,0.0,0.0,0.0,0.0,0.0,0.0,0.0,0.0,0.0,0.0,0.0,0.0,0.0,0.0,1.0,0.0,0.0,0.0,0.0,0.0,0.0,0.0,0.0,0.0,0.0,0.0,0.6430652604602853,high_action+public_disagreement+profile_spread+ranker_spread,0.3258426966292135,0.16115885366688798,1.0
unscreened_budget,rev0041_s0006_acf_g0019_life20_outcome_threat_fovr_vs_cf35_counter_wall_step0172,acf_g0019_life20_outcome_threat_fovr_vs_cf35_counter_wall,172,0,7,10,7,5,random_budget_fill,"CAST(card=ForceOfWill, payment=pitch, pitch_card=ForceOfWill, target_card=Counterspell, target_id=21)",0,1,2,0.0,0.0,1.0,1.0,0.0,1.0,1.0,0.0,1.0,0.9999999989999999,0,0,1,1,1,20,1,outcome_ranker_blend_threat_rev0025,counterfactual_ranker_blend_counter_rev0035,mulligan_ranker_rev0024,mulligan_outcome_ranker_rev0027,0.0,1.0,0.0,0.0,1.0,0.0,1.0,0.0,1.0,0.95,0.0,0.0,1.0,1.0,0.16666666666666666,0.0,0.3,0.5166666666666667,0.0,1.0,0.0,0.13333333333333333,0.0,0.0,0.0,0.0,1.0,0.0,0.0,0.0,0.0,0.0,0.25,0.0,0.0,0.0,0.0,1.0,0.0,0.0,0.0,0.0,0.0,1.0,0.0,0.0,0.0,1.0,0.0,1.0,0.0,0.0,1.0,0.0,0.0,0.0,0.0,0.0,0.0,0.0,0.0,0.0,0.0,0.0,0.0,0.0,0.0,0.0,0.0,1.0,0.0,0.0,0.0,0.0,0.0,0.0,0.0,0.0,0.0,0.0,0.0,0.6430652604602853,high_action+public_disagreement+profile_spread+ranker_spread,0.3258426966292135,0.16115885366688798,1.0
screened_vote_budget,rev0041_s0006_acf_g0019_life20_outcome_threat_fovr_vs_cf35_counter_wall_step0172,acf_g0019_life20_outcome_threat_fovr_vs_cf35_counter_wall,172,0,0,10,7,5,behavior_chosen+screen_vote,PASS,1,1,2,1.0,0.0,1.0,1.0,0.0,1.0,0.0,0.0,1.0,0.9999999989999999,1,1,1,1,1,20,1,outcome_ranker_blend_threat_rev0025,counterfactual_ranker_blend_counter_rev0035,mulligan_ranker_rev0024,mulligan_outcome_ranker_rev0027,0.0,1.0,0.0,0.0,1.0,0.0,1.0,0.0,1.0,0.95,0.0,0.0,1.0,1.0,0.16666666666666666,0.0,0.3,0.5166666666666667,0.0,1.0,0.0,0.13333333333333333,0.0,0.0,0.0,0.0,1.0,0.0,0.0,0.0,0.0,0.0,0.25,0.0,0.0,1.0,0.0,0.0,0.0,0.0,0.0,0.0,0.0,0.0,0.0,0.0,0.0,0.0,0.0,0.0,0.0,0.0,0.0,0.0,0.0,0.0,0.0,0.0,0.0,0.0,0.0,0.0,0.0,0.0,0.0,0.0,0.0,0.0,0.0,0.0,0.0,0.0,0.0,0.0,0.0,0.0,0.0,0.0,0.0,0.0,1.0,0.6430652604602853,high_action+public_disagreement+profile_spread+ranker_spread,0.3258426966292135,0.16115885366688798,1.0
screened_vote_budget,rev0041_s0006_acf_g0019_life20_outcome_threat_fovr_vs_cf35_counter_wall_step0172,acf_g0019_life20_outcome_threat_fovr_vs_cf35_counter_wall,172,0,1,10,7,5,diversity_representative,"CAST(card=ForceOfWill, payment=pitch, pitch_card=ForceOfWill, target_card=ForceOfWill, target_id=15)",0,0,2,0.0,0.0,1.0,1.0,0.0,1.0,1.0,0.0,1.0,0.9999999989999999,0,0,1,1,1,20,1,outcome_ranker_blend_threat_rev0025,counterfactual_ranker_blend_counter_rev0035,mulligan_ranker_rev0024,mulligan_outcome_ranker_rev0027,0.0,1.0,0.0,0.0,1.0,0.0,1.0,0.0,1.0,0.95,0.0,0.0,1.0,1.0,0.16666666666666666,0.0,0.3,0.5166666666666667,0.0,1.0,0.0,0.13333333333333333,0.0,0.0,0.0,0.0,1.0,0.0,0.0,0.0,0.0,0.0,0.25,0.0,0.0,0.0,0.0,1.0,0.0,0.0,0.0,0.0,0.0,1.0,0.0,0.0,0.0,1.0,0.0,1.0,0.0,0.0,0.0,1.0,0.0,0.0,0.0,0.0,0.0,0.0,0.0,0.0,0.0,0.0,0.0,0.0,0.0,0.0,0.0,1.0,0.0,0.0,0.0,0.0,0.0,0.0,0.0,0.0,0.0,0.0,0.0,0.6430652604602853,high_action+public_disagreement+profile_spread+ranker_spread,0.3258426966292135,0.16115885366688798,1.0
screened_vote_budget,rev0041_s0006_acf_g0019_life20_outcome_threat_fovr_vs_cf35_counter_wall_step0172,acf_g0019_life20_outcome_threat_fovr_vs_cf35_counter_wall,172,0,5,10,7,5,screen_vote,"CAST(card=ForceOfWill, payment=pitch, pitch_card=ForceOfWill, target_card=Counterspell, target_id=19)",0,1,2,0.0,0.0,1.0,1.0,0.0,1.0,1.0,0.0,1.0,0.9999999989999999,0,0,1,1,1,20,1,outcome_ranker_blend_threat_rev0025,counterfactual_ranker_blend_counter_rev0035,mulligan_ranker_rev0024,mulligan_outcome_ranker_rev0027,0.0,1.0,0.0,0.0,1.0,0.0,1.0,0.0,1.0,0.95,0.0,0.0,1.0,1.0,0.16666666666666666,0.0,0.3,0.5166666666666667,0.0,1.0,0.0,0.13333333333333333,0.0,0.0,0.0,0.0,1.0,0.0,0.0,0.0,0.0,0.0,0.25,0.0,0.0,0.0,0.0,1.0,0.0,0.0,0.0,0.0,0.0,1.0,0.0,0.0,0.0,1.0,0.0,1.0,0.0,0.0,1.0,0.0,0.0,0.0,0.0,0.0,0.0,0.0,0.0,0.0,0.0,0.0,0.0,0.0,0.0,0.0,0.0,1.0,0.0,0.0,0.0,0.0,0.0,0.0,0.0,0.0,0.0,0.0,0.0,0.6430652604602853,high_action+public_disagreement+profile_spread+ranker_spread,0.3258426966292135,0.16115885366688798,1.0
screened_vote_budget,rev0041_s0006_acf_g0019_life20_outcome_threat_fovr_vs_cf35_counter_wall_step0172,acf_g0019_life20_outcome_threat_fovr_vs_cf35_counter_wall,172,0,6,10,7,5,screen_vote,"CAST(card=ForceOfWill, payment=pitch, pitch_card=ForceOfWill, target_card=Counterspell, target_id=20)",0,1,2,0.0,0.0,1.0,1.0,0.0,1.0,1.0,0.0,1.0,0.9999999989999999,0,0,1,1,1,20,1,outcome_ranker_blend_threat_rev0025,counterfactual_ranker_blend_counter_rev0035,mulligan_ranker_rev0024,mulligan_outcome_ranker_rev0027,0.0,1.0,0.0,0.0,1.0,0.0,1.0,0.0,1.0,0.95,0.0,0.0,1.0,1.0,0.16666666666666666,0.0,0.3,0.5166666666666667,0.0,1.0,0.0,0.13333333333333333,0.0,0.0,0.0,0.0,1.0,0.0,0.0,0.0,0.0,0.0,0.25,0.0,0.0,0.0,0.0,1.0,0.0,0.0,0.0,0.0,0.0,1.0,0.0,0.0,0.0,1.0,0.0,1.0,0.0,0.0,1.0,0.0,0.0,0.0,0.0,0.0,0.0,0.0,0.0,0.0,0.0,0.0,0.0,0.0,0.0,0.0,0.0,1.0,0.0,0.0,0.0,0.0,0.0,0.0,0.0,0.0,0.0,0.0,0.0,0.6430652604602853,high_action+public_disagreement+profile_spread+ranker_spread,0.3258426966292135,0.16115885366688798,1.0
screened_vote_budget,rev0041_s0006_acf_g0019_life20_outcome_threat_fovr_vs_cf35_counter_wall_step0172,acf_g0019_life20_outcome_threat_fovr_vs_cf35_counter_wall,172,0,7,10,7,5,screen_vote,"CAST(card=ForceOfWill, payment=pitch, pitch_card=ForceOfWill, target_card=Counterspell, target_id=21)",0,1,2,0.0,0.0,1.0,1.0,0.0,1.0,1.0,0.0,1.0,0.9999999989999999,0,0,1,1,1,20,1,outcome_ranker_blend_threat_rev0025,counterfactual_ranker_blend_counter_rev0035,mulligan_ranker_rev0024,mulligan_outcome_ranker_rev0027,0.0,1.0,0.0,0.0,1.0,0.0,1.0,0.0,1.0,0.95,0.0,0.0,1.0,1.0,0.16666666666666666,0.0,0.3,0.5166666666666667,0.0,1.0,0.0,0.13333333333333333,0.0,0.0,0.0,0.0,1.0,0.0,0.0,0.0,0.0,0.0,0.25,0.0,0.0,0.0,0.0,1.0,0.0,0.0,0.0,0.0,0.0,1.0,0.0,0.0,0.0,1.0,0.0,1.0,0.0,0.0,1.0,0.0,0.0,0.0,0.0,0.0,0.0,0.0,0.0,0.0,0.0,0.0,0.0,0.0,0.0,0.0,0.0,1.0,0.0,0.0,0.0,0.0,0.0,0.0,0.0,0.0,0.0,0.0,0.0,0.6430652604602853,high_action+public_disagreement+profile_spread+ranker_spread,0.3258426966292135,0.16115885366688798,1.0
hybrid_vote_diverse_ranker,rev0041_s0006_acf_g0019_life20_outcome_threat_fovr_vs_cf35_counter_wall_step0172,acf_g0019_life20_outcome_threat_fovr_vs_cf35_counter_wall,172,0,0,10,7,5,behavior_chosen+diversity_representative,PASS,1,1,2,1.0,0.0,1.0,1.0,0.0,1.0,0.0,0.0,1.0,0.9999999989999999,1,1,1,1,1,20,1,outcome_ranker_blend_threat_rev0025,counterfactual_ranker_blend_counter_rev0035,mulligan_ranker_rev0024,mulligan_outcome_ranker_rev0027,0.0,1.0,0.0,0.0,1.0,0.0,1.0,0.0,1.0,0.95,0.0,0.0,1.0,1.0,0.16666666666666666,0.0,0.3,0.5166666666666667,0.0,1.0,0.0,0.13333333333333333,0.0,0.0,0.0,0.0,1.0,0.0,0.0,0.0,0.0,0.0,0.25,0.0,0.0,1.0,0.0,0.0,0.0,0.0,0.0,0.0,0.0,0.0,0.0,0.0,0.0,0.0,0.0,0.0,0.0,0.0,0.0,0.0,0.0,0.0,0.0,0.0,0.0,0.0,0.0,0.0,0.0,0.0,0.0,0.0,0.0,0.0,0.0,0.0,0.0,0.0,0.0,0.0,0.0,0.0,0.0,0.0,0.0,0.0,1.0,0.6430652604602853,high_action+public_disagreement+profile_spread+ranker_spread,0.3258426966292135,0.16115885366688798,1.0
hybrid_vote_diverse_ranker,rev0041_s0006_acf_g0019_life20_outcome_threat_fovr_vs_cf35_counter_wall_step0172,acf_g0019_life20_outcome_threat_fovr_vs_cf35_counter_wall,172,0,2,10,7,5,random_budget_fill+hybrid_score_fill,"CAST(card=ForceOfWill, payment=pitch, pitch_card=ForceOfWill, target_card=Counterspell, target_id=16)",0,0,2,0.0,0.0,1.0,1.0,0.0,1.0,1.0,0.0,1.0,0.9999999989999999,0,0,1,1,1,20,1,outcome_ranker_blend_threat_rev0025,counterfactual_ranker_blend_counter_rev0035,mulligan_ranker_rev0024,mulligan_outcome_ranker_rev0027,0.0,1.0,0.0,0.0,1.0,0.0,1.0,0.0,1.0,0.95,0.0,0.0,1.0,1.0,0.16666666666666666,0.0,0.3,0.5166666666666667,0.0,1.0,0.0,0.13333333333333333,0.0,0.0,0.0,0.0,1.0,0.0,0.0,0.0,0.0,0.0,0.25,0.0,0.0,0.0,0.0,1.0,0.0,0.0,0.0,0.0,0.0,1.0,0.0,0.0,0.0,1.0,0.0,1.0,0.0,0.0,1.0,0.0,0.0,0.0,0.0,0.0,0.0,0.0,0.0,0.0,0.0,0.0,0.0,0.0,0.0,0.0,0.0,1.0,0.0,0.0,0.0,0.0,0.0,0.0,0.0,0.0,0.0,0.0,0.0,0.6430652604602853,high_action+public_disagreement+profile_spread+ranker_spread,0.3258426966292135,0.16115885366688798,1.0
hybrid_vote_diverse_ranker,rev0041_s0006_acf_g0019_life20_outcome_threat_fovr_vs_cf35_counter_wall_step0172,acf_g0019_life20_outcome_threat_fovr_vs_cf35_counter_wall,172,0,5,10,7,5,screen_vote,"CAST(card=ForceOfWill, payment=pitch, pitch_card=ForceOfWill, target_card=Counterspell, target_id=19)",0,1,2,0.0,0.0,1.0,1.0,0.0,1.0,1.0,0.0,1.0,0.9999999989999999,0,0,1,1,1,20,1,outcome_ranker_blend_threat_rev0025,counterfactual_ranker_blend_counter_rev0035,mulligan_ranker_rev0024,mulligan_outcome_ranker_rev0027,0.0,1.0,0.0,0.0,1.0,0.0,1.0,0.0,1.0,0.95,0.0,0.0,1.0,1.0,0.16666666666666666,0.0,0.3,0.5166666666666667,0.0,1.0,0.0,0.13333333333333333,0.0,0.0,0.0,0.0,1.0,0.0,0.0,0.0,0.0,0.0,0.25,0.0,0.0,0.0,0.0,1.0,0.0,0.0,0.0,0.0,0.0,1.0,0.0,0.0,0.0,1.0,0.0,1.0,0.0,0.0,1.0,0.0,0.0,0.0,0.0,0.0,0.0,0.0,0.0,0.0,0.0,0.0,0.0,0.0,0.0,0.0,0.0,1.0,0.0,0.0,0.0,0.0,0.0,0.0,0.0,0.0,0.0,0.0,0.0,0.6430652604602853,high_action+public_disagreement+profile_spread+ranker_spread,0.3258426966292135,0.16115885366688798,1.0
hybrid_vote_diverse_ranker,rev0041_s0006_acf_g0019_life20_outcome_threat_fovr_vs_cf35_counter_wall_step0172,acf_g0019_life20_outcome_threat_fovr_vs_cf35_counter_wall,172,0,6,10,7,5,random_budget_fill+screen_vote+hybrid_top_prior+diversity_representative,"CAST(card=ForceOfWill, payment=pitch, pitch_card=ForceOfWill, target_card=Counterspell, target_id=20)",0,1,2,0.0,0.0,1.0,1.0,0.0,1.0,1.0,0.0,1.0,0.9999999989999999,0,0,1,1,1,20,1,outcome_ranker_blend_threat_rev0025,counterfactual_ranker_blend_counter_rev0035,mulligan_ranker_rev0024,mulligan_outcome_ranker_rev0027,0.0,1.0,0.0,0.0,1.0,0.0,1.0,0.0,1.0,0.95,0.0,0.0,1.0,1.0,0.16666666666666666,0.0,0.3,0.5166666666666667,0.0,1.0,0.0,0.13333333333333333,0.0,0.0,0.0,0.0,1.0,0.0,0.0,0.0,0.0,0.0,0.25,0.0,0.0,0.0,0.0,1.0,0.0,0.0,0.0,0.0,0.0,1.0,0.0,0.0,0.0,1.0,0.0,1.0,0.0,0.0,1.0,0.0,0.0,0.0,0.0,0.0,0.0,0.0,0.0,0.0,0.0,0.0,0.0,0.0,0.0,0.0,0.0,1.0,0.0,0.0,0.0,0.0,0.0,0.0,0.0,0.0,0.0,0.0,0.0,0.6430652604602853,high_action+public_disagreement+profile_spread+ranker_spread,0.3258426966292135,0.16115885366688798,1.0
hybrid_vote_diverse_ranker,rev0041_s0006_acf_g0019_life20_outcome_threat_fovr_vs_cf35_counter_wall_step0172,acf_g0019_life20_outcome_threat_fovr_vs_cf35_counter_wall,172,0,7,10,7,5,hybrid_score_fill,"CAST(card=ForceOfWill, payment=pitch, pitch_card=ForceOfWill, target_card=Counterspell, target_id=21)",0,1,2,0.0,0.0,1.0,1.0,0.0,1.0,1.0,0.0,1.0,0.9999999989999999,0,0,1,1,1,20,1,outcome_ranker_blend_threat_rev0025,counterfactual_ranker_blend_counter_rev0035,mulligan_ranker_rev0024,mulligan_outcome_ranker_rev0027,0.0,1.0,0.0,0.0,1.0,0.0,1.0,0.0,1.0,0.95,0.0,0.0,1.0,1.0,0.16666666666666666,0.0,0.3,0.5166666666666667,0.0,1.0,0.0,0.13333333333333333,0.0,0.0,0.0,0.0,1.0,0.0,0.0,0.0,0.0,0.0,0.25,0.0,0.0,0.0,0.0,1.0,0.0,0.0,0.0,0.0,0.0,1.0,0.0,0.0,0.0,1.0,0.0,1.0,0.0,0.0,1.0,0.0,0.0,0.0,0.0,0.0,0.0,0.0,0.0,0.0,0.0,0.0,0.0,0.0,0.0,0.0,0.0,1.0,0.0,0.0,0.0,0.0,0.0,0.0,0.0,0.0,0.0,0.0,0.0,0.6430652604602853,high_action+public_disagreement+profile_spread+ranker_spread,0.3258426966292135,0.16115885366688798,1.0
unscreened_budget,rev0041_s0007_acf_g0012_life20_outcome_threat_fovr_vs_outcome_threat_fovr_step0105,acf_g0012_life20_outcome_threat_fovr_vs_outcome_threat_fovr,105,1,0,13,7,5,behavior_chosen,PASS,1,1,2,1.0,0.0,1.0,1.0,1.0,1.0,0.0,0.0,0.0,0.0,1,1,1,1,1,20,0,outcome_ranker_blend_threat_rev0025,outcome_ranker_blend_threat_rev0025,mulligan_ranker_rev0024,mulligan_ranker_rev0024,0.0,1.0,0.0,0.0,1.0,0.0,1.0,0.0,1.0,1.0,0.0,0.0,0.7,0.7,0.5,0.16666666666666666,0.3333333333333333,0.38333333333333336,1.0,1.0,0.06666666666666667,0.13333333333333333,0.0,0.0,0.0,0.0,0.6666666666666666,0.0,0.0,0.0,0.125,0.0,0.375,0.125,0.125,1.0,0.0,0.0,0.0,0.0,0.0,0.0,0.0,0.0,0.0,0.0,0.0,0.0,0.0,0.0,0.0,0.0,0.0,0.0,0.0,0.0,0.0,0.0,0.0,0.0,0.0,0.0,0.0,0.0,0.0,0.0,0.0,0.0,0.0,0.0,0.0,0.0,0.0,0.0,0.0,0.0,0.0,0.0,0.0,0.0,1.0,0.640107379409233,high_action+public_disagreement+profile_spread+ranker_spread,0.5652173913043478,0.3231590128017491,1.0
unscreened_budget,rev0041_s0007_acf_g0012_life20_outcome_threat_fovr_vs_outcome_threat_fovr_step0105,acf_g0012_life20_outcome_threat_fovr_vs_outcome_threat_fovr,105,1,1,13,7,5,diversity_representative,"CAST(card=ForceOfWill, payment=pitch, pitch_card=ForceOfWill, target_card=OverlordOfTheFloodpits, target_id=12)",0,1,2,1.0,0.0,1.0,1.0,1.0,1.0,0.0,0.0,0.0,0.0,1,1,1,1,1,20,0,outcome_ranker_blend_threat_rev0025,outcome_ranker_blend_threat_rev0025,mulligan_ranker_rev0024,mulligan_ranker_rev0024,0.0,1.0,0.0,0.0,1.0,0.0,1.0,0.0,1.0,1.0,0.0,0.0,0.7,0.7,0.5,0.16666666666666666,0.3333333333333333,0.38333333333333336,1.0,1.0,0.06666666666666667,0.13333333333333333,0.0,0.0,0.0,0.0,0.6666666666666666,0.0,0.0,0.0,0.125,0.0,0.375,0.125,0.125,0.0,0.0,1.0,0.0,0.0,0.0,0.0,0.0,1.0,0.0,0.0,0.0,1.0,0.0,1.0,0.0,0.0,0.0,0.0,0.0,1.0,0.0,0.0,0.0,0.0,0.0,0.0,0.0,0.0,0.0,0.0,0.0,0.0,0.0,1.0,0.0,0.0,0.0,0.0,0.0,0.0,0.0,0.0,0.0,0.0,0.0,0.640107379409233,high_action+public_disagreement+profile_spread+ranker_spread,0.5652173913043478,0.3231590128017491,1.0
unscreened_budget,rev0041_s0007_acf_g0012_life20_outcome_threat_fovr_vs_outcome_threat_fovr_step0105,acf_g0012_life20_outcome_threat_fovr_vs_outcome_threat_fovr,105,1,2,13,7,5,diversity_representative,"CAST(card=ForceOfWill, payment=pitch, pitch_card=JaceTheMindSculptor, target_card=OverlordOfTheFloodpits, target_id=12)",0,0,2,1.0,0.0,1.0,1.0,1.0,1.0,0.0,0.0,0.0,0.0,1,1,1,1,1,20,0,outcome_ranker_blend_threat_rev0025,outcome_ranker_blend_threat_rev0025,mulligan_ranker_rev0024,mulligan_ranker_rev0024,0.0,1.0,0.0,0.0,1.0,0.0,1.0,0.0,1.0,1.0,0.0,0.0,0.7,0.7,0.5,0.16666666666666666,0.3333333333333333,0.38333333333333336,1.0,1.0,0.06666666666666667,0.13333333333333333,0.0,0.0,0.0,0.0,0.6666666666666666,0.0,0.0,0.0,0.125,0.0,0.375,0.125,0.125,0.0,0.0,1.0,0.0,0.0,0.0,0.0,0.0,1.0,0.0,0.0,0.0,1.0,0.0,0.0,1.0,0.0,0.0,0.0,0.0,1.0,0.0,0.0,0.0,0.0,0.0,0.0,0.0,0.0,0.0,0.0,0.0,0.0,0.0,1.0,0.0,0.0,0.0,0.0,0.0,0.0,0.0,0.0,0.0,0.0,0.0,0.640107379409233,high_action+public_disagreement+profile_spread+ranker_spread,0.5652173913043478,0.3231590128017491,1.0
unscreened_budget,rev0041_s0007_acf_g0012_life20_outcome_threat_fovr_vs_outcome_threat_fovr_step0105,acf_g0012_life20_outcome_threat_fovr_vs_outcome_threat_fovr,105,1,3,13,7,5,diversity_representative,"CAST(card=ForceOfWill, payment=pitch, pitch_card=OverlordOfTheFloodpits, target_card=OverlordOfTheFloodpits, target_id=12)",0,1,2,0.0,0.0,1.0,1.0,1.0,1.0,1.0,0.0,0.0,0.0,0,0,1,1,1,20,0,outcome_ranker_blend_threat_rev0025,outcome_ranker_blend_threat_rev0025,mulligan_ranker_rev0024,mulligan_ranker_rev0024,0.0,1.0,0.0,0.0,1.0,0.0,1.0,0.0,1.0,1.0,0.0,0.0,0.7,0.7,0.5,0.16666666666666666,0.3333333333333333,0.38333333333333336,1.0,1.0,0.06666666666666667,0.13333333333333333,0.0,0.0,0.0,0.0,0.6666666666666666,0.0,0.0,0.0,0.125,0.0,0.375,0.125,0.125,0.0,0.0,1.0,0.0,0.0,0.0,0.0,0.0,1.0,0.0,0.0,0.0,1.0,0.0,0.0,0.0,1.0,0.0,0.0,0.0,1.0,0.0,0.0,0.0,0.0,0.0,0.0,0.0,0.0,0.0,0.0,0.0,0.0,0.0,1.0,0.0,0.0,0.0,0.0,0.0,0.0,0.0,0.0,0.0,0.0,0.0,0.640107379409233,high_action+public_disagreement+profile_spread+ranker_spread,0.5652173913043478,0.3231590128017491,1.0
unscreened_budget,rev0041_s0007_acf_g0012_life20_outcome_threat_fovr_vs_outcome_threat_fovr_step0105,acf_g0012_life20_outcome_threat_fovr_vs_outcome_threat_fovr,105,1,12,13,7,5,random_budget_fill,"CAST(card=ForceOfWill, payment=pitch, pitch_card=OverlordOfTheFloodpits, target_card=ForceOfWill, target_id=15)",0,0,2,0.0,0.0,1.0,1.0,1.0,1.0,1.0,0.0,0.0,0.0,0,0,1,1,1,20,0,outcome_ranker_blend_threat_rev0025,outcome_ranker_blend_threat_rev0025,mulligan_ranker_rev0024,mulligan_ranker_rev0024,0.0,1.0,0.0,0.0,1.0,0.0,1.0,0.0,1.0,1.0,0.0,0.0,0.7,0.7,0.5,0.16666666666666666,0.3333333333333333,0.38333333333333336,1.0,1.0,0.06666666666666667,0.13333333333333333,0.0,0.0,0.0,0.0,0.6666666666666666,0.0,0.0,0.0,0.125,0.0,0.375,0.125,0.125,0.0,0.0,1.0,0.0,0.0,0.0,0.0,0.0,1.0,0.0,0.0,0.0,1.0,0.0,0.0,0.0,1.0,0.0,1.0,0.0,0.0,0.0,0.0,0.0,0.0,0.0,0.0,0.0,0.0,0.0,0.0,0.0,0.0,0.0,1.0,0.0,0.0,0.0,0.0,0.0,0.0,0.0,0.0,0.0,0.0,0.0,0.640107379409233,high_action+public_disagreement+profile_spread+ranker_spread,0.5652173913043478,0.3231590128017491,1.0
screened_vote_budget,rev0041_s0007_acf_g0012_life20_outcome_threat_fovr_vs_outcome_threat_fovr_step0105,acf_g0012_life20_outcome_threat_fovr_vs_outcome_threat_fovr,105,1,0,13,7,5,behavior_chosen+screen_vote,PASS,1,1,2,1.0,0.0,1.0,1.0,1.0,1.0,0.0,0.0,0.0,0.0,1,1,1,1,1,20,0,outcome_ranker_blend_threat_rev0025,outcome_ranker_blend_threat_rev0025,mulligan_ranker_rev0024,mulligan_ranker_rev0024,0.0,1.0,0.0,0.0,1.0,0.0,1.0,0.0,1.0,1.0,0.0,0.0,0.7,0.7,0.5,0.16666666666666666,0.3333333333333333,0.38333333333333336,1.0,1.0,0.06666666666666667,0.13333333333333333,0.0,0.0,0.0,0.0,0.6666666666666666,0.0,0.0,0.0,0.125,0.0,0.375,0.125,0.125,1.0,0.0,0.0,0.0,0.0,0.0,0.0,0.0,0.0,0.0,0.0,0.0,0.0,0.0,0.0,0.0,0.0,0.0,0.0,0.0,0.0,0.0,0.0,0.0,0.0,0.0,0.0,0.0,0.0,0.0,0.0,0.0,0.0,0.0,0.0,0.0,0.0,0.0,0.0,0.0,0.0,0.0,0.0,0.0,0.0,1.0,0.640107379409233,high_action+public_disagreement+profile_spread+ranker_spread,0.5652173913043478,0.3231590128017491,1.0
screened_vote_budget,rev0041_s0007_acf_g0012_life20_outcome_threat_fovr_vs_outcome_threat_fovr_step0105,acf_g0012_life20_outcome_threat_fovr_vs_outcome_threat_fovr,105,1,1,13,7,5,diversity_representative+screen_vote,"CAST(card=ForceOfWill, payment=pitch, pitch_card=ForceOfWill, target_card=OverlordOfTheFloodpits, target_id=12)",0,1,2,1.0,0.0,1.0,1.0,1.0,1.0,0.0,0.0,0.0,0.0,1,1,1,1,1,20,0,outcome_ranker_blend_threat_rev0025,outcome_ranker_blend_threat_rev0025,mulligan_ranker_rev0024,mulligan_ranker_rev0024,0.0,1.0,0.0,0.0,1.0,0.0,1.0,0.0,1.0,1.0,0.0,0.0,0.7,0.7,0.5,0.16666666666666666,0.3333333333333333,0.38333333333333336,1.0,1.0,0.06666666666666667,0.13333333333333333,0.0,0.0,0.0,0.0,0.6666666666666666,0.0,0.0,0.0,0.125,0.0,0.375,0.125,0.125,0.0,0.0,1.0,0.0,0.0,0.0,0.0,0.0,1.0,0.0,0.0,0.0,1.0,0.0,1.0,0.0,0.0,0.0,0.0,0.0,1.0,0.0,0.0,0.0,0.0,0.0,0.0,0.0,0.0,0.0,0.0,0.0,0.0,0.0,1.0,0.0,0.0,0.0,0.0,0.0,0.0,0.0,0.0,0.0,0.0,0.0,0.640107379409233,high_action+public_disagreement+profile_spread+ranker_spread,0.5652173913043478,0.3231590128017491,1.0
screened_vote_budget,rev0041_s0007_acf_g0012_life20_outcome_threat_fovr_vs_outcome_threat_fovr_step0105,acf_g0012_life20_outcome_threat_fovr_vs_outcome_threat_fovr,105,1,2,13,7,5,diversity_representative,"CAST(card=ForceOfWill, payment=pitch, pitch_card=JaceTheMindSculptor, target_card=OverlordOfTheFloodpits, target_id=12)",0,0,2,1.0,0.0,1.0,1.0,1.0,1.0,0.0,0.0,0.0,0.0,1,1,1,1,1,20,0,outcome_ranker_blend_threat_rev0025,outcome_ranker_blend_threat_rev0025,mulligan_ranker_rev0024,mulligan_ranker_rev0024,0.0,1.0,0.0,0.0,1.0,0.0,1.0,0.0,1.0,1.0,0.0,0.0,0.7,0.7,0.5,0.16666666666666666,0.3333333333333333,0.38333333333333336,1.0,1.0,0.06666666666666667,0.13333333333333333,0.0,0.0,0.0,0.0,0.6666666666666666,0.0,0.0,0.0,0.125,0.0,0.375,0.125,0.125,0.0,0.0,1.0,0.0,0.0,0.0,0.0,0.0,1.0,0.0,0.0,0.0,1.0,0.0,0.0,1.0,0.0,0.0,0.0,0.0,1.0,0.0,0.0,0.0,0.0,0.0,0.0,0.0,0.0,0.0,0.0,0.0,0.0,0.0,1.0,0.0,0.0,0.0,0.0,0.0,0.0,0.0,0.0,0.0,0.0,0.0,0.640107379409233,high_action+public_disagreement+profile_spread+ranker_spread,0.5652173913043478,0.3231590128017491,1.0
screened_vote_budget,rev0041_s0007_acf_g0012_life20_outcome_threat_fovr_vs_outcome_threat_fovr_step0105,acf_g0012_life20_outcome_threat_fovr_vs_outcome_threat_fovr,105,1,3,13,7,5,diversity_representative+screen_vote,"CAST(card=ForceOfWill, payment=pitch, pitch_card=OverlordOfTheFloodpits, target_card=OverlordOfTheFloodpits, target_id=12)",0,1,2,0.0,0.0,1.0,1.0,1.0,1.0,1.0,0.0,0.0,0.0,0,0,1,1,1,20,0,outcome_ranker_blend_threat_rev0025,outcome_ranker_blend_threat_rev0025,mulligan_ranker_rev0024,mulligan_ranker_rev0024,0.0,1.0,0.0,0.0,1.0,0.0,1.0,0.0,1.0,1.0,0.0,0.0,0.7,0.7,0.5,0.16666666666666666,0.3333333333333333,0.38333333333333336,1.0,1.0,0.06666666666666667,0.13333333333333333,0.0,0.0,0.0,0.0,0.6666666666666666,0.0,0.0,0.0,0.125,0.0,0.375,0.125,0.125,0.0,0.0,1.0,0.0,0.0,0.0,0.0,0.0,1.0,0.0,0.0,0.0,1.0,0.0,0.0,0.0,1.0,0.0,0.0,0.0,1.0,0.0,0.0,0.0,0.0,0.0,0.0,0.0,0.0,0.0,0.0,0.0,0.0,0.0,1.0,0.0,0.0,0.0,0.0,0.0,0.0,0.0,0.0,0.0,0.0,0.0,0.640107379409233,high_action+public_disagreement+profile_spread+ranker_spread,0.5652173913043478,0.3231590128017491,1.0
screened_vote_budget,rev0041_s0007_acf_g0012_life20_outcome_threat_fovr_vs_outcome_threat_fovr_step0105,acf_g0012_life20_outcome_threat_fovr_vs_outcome_threat_fovr,105,1,5,13,7,5,random_budget_fill,"CAST(card=ForceOfWill, payment=pitch, pitch_card=JaceTheMindSculptor, target_card=Counterspell, target_id=13)",0,0,2,1.0,0.0,1.0,1.0,1.0,1.0,0.0,0.0,0.0,0.0,1,1,1,1,1,20,0,outcome_ranker_blend_threat_rev0025,outcome_ranker_blend_threat_rev0025,mulligan_ranker_rev0024,mulligan_ranker_rev0024,0.0,1.0,0.0,0.0,1.0,0.0,1.0,0.0,1.0,1.0,0.0,0.0,0.7,0.7,0.5,0.16666666666666666,0.3333333333333333,0.38333333333333336,1.0,1.0,0.06666666666666667,0.13333333333333333,0.0,0.0,0.0,0.0,0.6666666666666666,0.0,0.0,0.0,0.125,0.0,0.375,0.125,0.125,0.0,0.0,1.0,0.0,0.0,0.0,0.0,0.0,1.0,0.0,0.0,0.0,1.0,0.0,0.0,1.0,0.0,1.0,0.0,0.0,0.0,0.0,0.0,0.0,0.0,0.0,0.0,0.0,0.0,0.0,0.0,0.0,0.0,0.0,1.0,0.0,0.0,0.0,0.0,0.0,0.0,0.0,0.0,0.0,0.0,0.0,0.640107379409233,high_action+public_disagreement+profile_spread+ranker_spread,0.5652173913043478,0.3231590128017491,1.0
hybrid_vote_diverse_ranker,rev0041_s0007_acf_g0012_life20_outcome_threat_fovr_vs_outcome_threat_fovr_step0105,acf_g0012_life20_outcome_threat_fovr_vs_outcome_threat_fovr,105,1,0,13,7,5,behavior_chosen+diversity_representative,PASS,1,1,2,1.0,0.0,1.0,1.0,1.0,1.0,0.0,0.0,0.0,0.0,1,1,1,1,1,20,0,outcome_ranker_blend_threat_rev0025,outcome_ranker_blend_threat_rev0025,mulligan_ranker_rev0024,mulligan_ranker_rev0024,0.0,1.0,0.0,0.0,1.0,0.0,1.0,0.0,1.0,1.0,0.0,0.0,0.7,0.7,0.5,0.16666666666666666,0.3333333333333333,0.38333333333333336,1.0,1.0,0.06666666666666667,0.13333333333333333,0.0,0.0,0.0,0.0,0.6666666666666666,0.0,0.0,0.0,0.125,0.0,0.375,0.125,0.125,1.0,0.0,0.0,0.0,0.0,0.0,0.0,0.0,0.0,0.0,0.0,0.0,0.0,0.0,0.0,0.0,0.0,0.0,0.0,0.0,0.0,0.0,0.0,0.0,0.0,0.0,0.0,0.0,0.0,0.0,0.0,0.0,0.0,0.0,0.0,0.0,0.0,0.0,0.0,0.0,0.0,0.0,0.0,0.0,0.0,1.0,0.640107379409233,high_action+public_disagreement+profile_spread+ranker_spread,0.5652173913043478,0.3231590128017491,1.0
hybrid_vote_diverse_ranker,rev0041_s0007_acf_g0012_life20_outcome_threat_fovr_vs_outcome_threat_fovr_step0105,acf_g0012_life20_outcome_threat_fovr_vs_outcome_threat_fovr,105,1,1,13,7,5,diversity_representative+screen_vote,"CAST(card=ForceOfWill, payment=pitch, pitch_card=ForceOfWill, target_card=OverlordOfTheFloodpits, target_id=12)",0,1,2,1.0,0.0,1.0,1.0,1.0,1.0,0.0,0.0,0.0,0.0,1,1,1,1,1,20,0,outcome_ranker_blend_threat_rev0025,outcome_ranker_blend_threat_rev0025,mulligan_ranker_rev0024,mulligan_ranker_rev0024,0.0,1.0,0.0,0.0,1.0,0.0,1.0,0.0,1.0,1.0,0.0,0.0,0.7,0.7,0.5,0.16666666666666666,0.3333333333333333,0.38333333333333336,1.0,1.0,0.06666666666666667,0.13333333333333333,0.0,0.0,0.0,0.0,0.6666666666666666,0.0,0.0,0.0,0.125,0.0,0.375,0.125,0.125,0.0,0.0,1.0,0.0,0.0,0.0,0.0,0.0,1.0,0.0,0.0,0.0,1.0,0.0,1.0,0.0,0.0,0.0,0.0,0.0,1.0,0.0,0.0,0.0,0.0,0.0,0.0,0.0,0.0,0.0,0.0,0.0,0.0,0.0,1.0,0.0,0.0,0.0,0.0,0.0,0.0,0.0,0.0,0.0,0.0,0.0,0.640107379409233,high_action+public_disagreement+profile_spread+ranker_spread,0.5652173913043478,0.3231590128017491,1.0
hybrid_vote_diverse_ranker,rev0041_s0007_acf_g0012_life20_outcome_threat_fovr_vs_outcome_threat_fovr_step0105,acf_g0012_life20_outcome_threat_fovr_vs_outcome_threat_fovr,105,1,2,13,7,5,diversity_representative,"CAST(card=ForceOfWill, payment=pitch, pitch_card=JaceTheMindSculptor, target_card=OverlordOfTheFloodpits, target_id=12)",0,0,2,1.0,0.0,1.0,1.0,1.0,1.0,0.0,0.0,0.0,0.0,1,1,1,1,1,20,0,outcome_ranker_blend_threat_rev0025,outcome_ranker_blend_threat_rev0025,mulligan_ranker_rev0024,mulligan_ranker_rev0024,0.0,1.0,0.0,0.0,1.0,0.0,1.0,0.0,1.0,1.0,0.0,0.0,0.7,0.7,0.5,0.16666666666666666,0.3333333333333333,0.38333333333333336,1.0,1.0,0.06666666666666667,0.13333333333333333,0.0,0.0,0.0,0.0,0.6666666666666666,0.0,0.0,0.0,0.125,0.0,0.375,0.125,0.125,0.0,0.0,1.0,0.0,0.0,0.0,0.0,0.0,1.0,0.0,0.0,0.0,1.0,0.0,0.0,1.0,0.0,0.0,0.0,0.0,1.0,0.0,0.0,0.0,0.0,0.0,0.0,0.0,0.0,0.0,0.0,0.0,0.0,0.0,1.0,0.0,0.0,0.0,0.0,0.0,0.0,0.0,0.0,0.0,0.0,0.0,0.640107379409233,high_action+public_disagreement+profile_spread+ranker_spread,0.5652173913043478,0.3231590128017491,1.0
hybrid_vote_diverse_ranker,rev0041_s0007_acf_g0012_life20_outcome_threat_fovr_vs_outcome_threat_fovr_step0105,acf_g0012_life20_outcome_threat_fovr_vs_outcome_threat_fovr,105,1,3,13,7,5,diversity_representative+screen_vote+hybrid_top_prior,"CAST(card=ForceOfWill, payment=pitch, pitch_card=OverlordOfTheFloodpits, target_card=OverlordOfTheFloodpits, target_id=12)",0,1,2,0.0,0.0,1.0,1.0,1.0,1.0,1.0,0.0,0.0,0.0,0,0,1,1,1,20,0,outcome_ranker_blend_threat_rev0025,outcome_ranker_blend_threat_rev0025,mulligan_ranker_rev0024,mulligan_ranker_rev0024,0.0,1.0,0.0,0.0,1.0,0.0,1.0,0.0,1.0,1.0,0.0,0.0,0.7,0.7,0.5,0.16666666666666666,0.3333333333333333,0.38333333333333336,1.0,1.0,0.06666666666666667,0.13333333333333333,0.0,0.0,0.0,0.0,0.6666666666666666,0.0,0.0,0.0,0.125,0.0,0.375,0.125,0.125,0.0,0.0,1.0,0.0,0.0,0.0,0.0,0.0,1.0,0.0,0.0,0.0,1.0,0.0,0.0,0.0,1.0,0.0,0.0,0.0,1.0,0.0,0.0,0.0,0.0,0.0,0.0,0.0,0.0,0.0,0.0,0.0,0.0,0.0,1.0,0.0,0.0,0.0,0.0,0.0,0.0,0.0,0.0,0.0,0.0,0.0,0.640107379409233,high_action+public_disagreement+profile_spread+ranker_spread,0.5652173913043478,0.3231590128017491,1.0
hybrid_vote_diverse_ranker,rev0041_s0007_acf_g0012_life20_outcome_threat_fovr_vs_outcome_threat_fovr_step0105,acf_g0012_life20_outcome_threat_fovr_vs_outcome_threat_fovr,105,1,9,13,7,5,random_budget_fill+hybrid_score_fill,"CAST(card=ForceOfWill, payment=pitch, pitch_card=OverlordOfTheFloodpits, target_card=Counterspell, target_id=14)",0,0,2,0.0,0.0,1.0,1.0,1.0,1.0,1.0,0.0,0.0,0.0,0,0,1,1,1,20,0,outcome_ranker_blend_threat_rev0025,outcome_ranker_blend_threat_rev0025,mulligan_ranker_rev0024,mulligan_ranker_rev0024,0.0,1.0,0.0,0.0,1.0,0.0,1.0,0.0,1.0,1.0,0.0,0.0,0.7,0.7,0.5,0.16666666666666666,0.3333333333333333,0.38333333333333336,1.0,1.0,0.06666666666666667,0.13333333333333333,0.0,0.0,0.0,0.0,0.6666666666666666,0.0,0.0,0.0,0.125,0.0,0.375,0.125,0.125,0.0,0.0,1.0,0.0,0.0,0.0,0.0,0.0,1.0,0.0,0.0,0.0,1.0,0.0,0.0,0.0,1.0,1.0,0.0,0.0,0.0,0.0,0.0,0.0,0.0,0.0,0.0,0.0,0.0,0.0,0.0,0.0,0.0,0.0,1.0,0.0,0.0,0.0,0.0,0.0,0.0,0.0,0.0,0.0,0.0,0.0,0.640107379409233,high_action+public_disagreement+profile_spread+ranker_spread,0.5652173913043478,0.3231590128017491,1.0
unscreened_budget,rev0041_s0008_acf_g0019_life20_outcome_threat_fovr_vs_cf35_counter_wall_step0174,acf_g0019_life20_outcome_threat_fovr_vs_cf35_counter_wall,174,0,0,9,6,5,behavior_chosen,PASS,1,1,2,1.0,0.0,1.0,1.0,0.0,1.0,0.0,0.0,1.0,0.9999999989999999,1,1,1,1,1,20,1,outcome_ranker_blend_threat_rev0025,counterfactual_ranker_blend_counter_rev0035,mulligan_ranker_rev0024,mulligan_outcome_ranker_rev0027,0.0,1.0,0.0,0.0,1.0,0.0,1.0,0.0,1.0,0.95,0.0,0.0,1.0,1.0,0.16666666666666666,0.0,0.3,0.5166666666666667,0.0,1.0,0.0,0.13333333333333333,0.0,0.0,0.0,0.0,1.0,0.0,0.0,0.0,0.0,0.0,0.25,0.0,0.0,1.0,0.0,0.0,0.0,0.0,0.0,0.0,0.0,0.0,0.0,0.0,0.0,0.0,0.0,0.0,0.0,0.0,0.0,0.0,0.0,0.0,0.0,0.0,0.0,0.0,0.0,0.0,0.0,0.0,0.0,0.0,0.0,0.0,0.0,0.0,0.0,0.0,0.0,0.0,0.0,0.0,0.0,0.0,0.0,0.0,1.0,0.6287795461745709,high_action+public_disagreement+profile_spread+ranker_spread,0.3258426966292135,0.16115885366688798,1.0
unscreened_budget,rev0041_s0008_acf_g0019_life20_outcome_threat_fovr_vs_cf35_counter_wall_step0174,acf_g0019_life20_outcome_threat_fovr_vs_cf35_counter_wall,174,0,1,9,6,5,diversity_representative,"CAST(card=ForceOfWill, payment=pitch, pitch_card=ForceOfWill, target_card=ForceOfWill, target_id=15)",0,0,2,0.0,0.0,1.0,1.0,0.0,1.0,1.0,0.0,1.0,0.9999999989999999,0,0,1,1,1,20,1,outcome_ranker_blend_threat_rev0025,counterfactual_ranker_blend_counter_rev0035,mulligan_ranker_rev0024,mulligan_outcome_ranker_rev0027,0.0,1.0,0.0,0.0,1.0,0.0,1.0,0.0,1.0,0.95,0.0,0.0,1.0,1.0,0.16666666666666666,0.0,0.3,0.5166666666666667,0.0,1.0,0.0,0.13333333333333333,0.0,0.0,0.0,0.0,1.0,0.0,0.0,0.0,0.0,0.0,0.25,0.0,0.0,0.0,0.0,1.0,0.0,0.0,0.0,0.0,0.0,1.0,0.0,0.0,0.0,1.0,0.0,1.0,0.0,0.0,0.0,1.0,0.0,0.0,0.0,0.0,0.0,0.0,0.0,0.0,0.0,0.0,0.0,0.0,0.0,0.0,0.0,1.0,0.0,0.0,0.0,0.0,0.0,0.0,0.0,0.0,0.0,0.0,0.0,0.6287795461745709,high_action+public_disagreement+profile_spread+ranker_spread,0.3258426966292135,0.16115885366688798,1.0
unscreened_budget,rev0041_s0008_acf_g0019_life20_outcome_threat_fovr_vs_cf35_counter_wall_step0174,acf_g0019_life20_outcome_threat_fovr_vs_cf35_counter_wall,174,0,2,9,6,5,random_budget_fill,"CAST(card=ForceOfWill, payment=pitch, pitch_card=ForceOfWill, target_card=Counterspell, target_id=16)",0,1,2,0.0,0.0,1.0,1.0,0.0,1.0,1.0,0.0,1.0,0.9999999989999999,0,0,1,1,1,20,1,outcome_ranker_blend_threat_rev0025,counterfactual_ranker_blend_counter_rev0035,mulligan_ranker_rev0024,mulligan_outcome_ranker_rev0027,0.0,1.0,0.0,0.0,1.0,0.0,1.0,0.0,1.0,0.95,0.0,0.0,1.0,1.0,0.16666666666666666,0.0,0.3,0.5166666666666667,0.0,1.0,0.0,0.13333333333333333,0.0,0.0,0.0,0.0,1.0,0.0,0.0,0.0,0.0,0.0,0.25,0.0,0.0,0.0,0.0,1.0,0.0,0.0,0.0,0.0,0.0,1.0,0.0,0.0,0.0,1.0,0.0,1.0,0.0,0.0,1.0,0.0,0.0,0.0,0.0,0.0,0.0,0.0,0.0,0.0,0.0,0.0,0.0,0.0,0.0,0.0,0.0,1.0,0.0,0.0,0.0,0.0,0.0,0.0,0.0,0.0,0.0,0.0,0.0,0.6287795461745709,high_action+public_disagreement+profile_spread+ranker_spread,0.3258426966292135,0.16115885366688798,1.0
unscreened_budget,rev0041_s0008_acf_g0019_life20_outcome_threat_fovr_vs_cf35_counter_wall_step0174,acf_g0019_life20_outcome_threat_fovr_vs_cf35_counter_wall,174,0,5,9,6,5,random_budget_fill,"CAST(card=ForceOfWill, payment=pitch, pitch_card=ForceOfWill, target_card=Counterspell, target_id=19)",0,1,2,0.0,0.0,1.0,1.0,0.0,1.0,1.0,0.0,1.0,0.9999999989999999,0,0,1,1,1,20,1,outcome_ranker_blend_threat_rev0025,counterfactual_ranker_blend_counter_rev0035,mulligan_ranker_rev0024,mulligan_outcome_ranker_rev0027,0.0,1.0,0.0,0.0,1.0,0.0,1.0,0.0,1.0,0.95,0.0,0.0,1.0,1.0,0.16666666666666666,0.0,0.3,0.5166666666666667,0.0,1.0,0.0,0.13333333333333333,0.0,0.0,0.0,0.0,1.0,0.0,0.0,0.0,0.0,0.0,0.25,0.0,0.0,0.0,0.0,1.0,0.0,0.0,0.0,0.0,0.0,1.0,0.0,0.0,0.0,1.0,0.0,1.0,0.0,0.0,1.0,0.0,0.0,0.0,0.0,0.0,0.0,0.0,0.0,0.0,0.0,0.0,0.0,0.0,0.0,0.0,0.0,1.0,0.0,0.0,0.0,0.0,0.0,0.0,0.0,0.0,0.0,0.0,0.0,0.6287795461745709,high_action+public_disagreement+profile_spread+ranker_spread,0.3258426966292135,0.16115885366688798,1.0
unscreened_budget,rev0041_s0008_acf_g0019_life20_outcome_threat_fovr_vs_cf35_counter_wall_step0174,acf_g0019_life20_outcome_threat_fovr_vs_cf35_counter_wall,174,0,6,9,6,5,random_budget_fill,"CAST(card=ForceOfWill, payment=pitch, pitch_card=ForceOfWill, target_card=Counterspell, target_id=20)",0,1,2,0.0,0.0,1.0,1.0,0.0,1.0,1.0,0.0,1.0,0.9999999989999999,0,0,1,1,1,20,1,outcome_ranker_blend_threat_rev0025,counterfactual_ranker_blend_counter_rev0035,mulligan_ranker_rev0024,mulligan_outcome_ranker_rev0027,0.0,1.0,0.0,0.0,1.0,0.0,1.0,0.0,1.0,0.95,0.0,0.0,1.0,1.0,0.16666666666666666,0.0,0.3,0.5166666666666667,0.0,1.0,0.0,0.13333333333333333,0.0,0.0,0.0,0.0,1.0,0.0,0.0,0.0,0.0,0.0,0.25,0.0,0.0,0.0,0.0,1.0,0.0,0.0,0.0,0.0,0.0,1.0,0.0,0.0,0.0,1.0,0.0,1.0,0.0,0.0,1.0,0.0,0.0,0.0,0.0,0.0,0.0,0.0,0.0,0.0,0.0,0.0,0.0,0.0,0.0,0.0,0.0,1.0,0.0,0.0,0.0,0.0,0.0,0.0,0.0,0.0,0.0,0.0,0.0,0.6287795461745709,high_action+public_disagreement+profile_spread+ranker_spread,0.3258426966292135,0.16115885366688798,1.0
screened_vote_budget,rev0041_s0008_acf_g0019_life20_outcome_threat_fovr_vs_cf35_counter_wall_step0174,acf_g0019_life20_outcome_threat_fovr_vs_cf35_counter_wall,174,0,0,9,6,5,behavior_chosen+screen_vote,PASS,1,1,2,1.0,0.0,1.0,1.0,0.0,1.0,0.0,0.0,1.0,0.9999999989999999,1,1,1,1,1,20,1,outcome_ranker_blend_threat_rev0025,counterfactual_ranker_blend_counter_rev0035,mulligan_ranker_rev0024,mulligan_outcome_ranker_rev0027,0.0,1.0,0.0,0.0,1.0,0.0,1.0,0.0,1.0,0.95,0.0,0.0,1.0,1.0,0.16666666666666666,0.0,0.3,0.5166666666666667,0.0,1.0,0.0,0.13333333333333333,0.0,0.0,0.0,0.0,1.0,0.0,0.0,0.0,0.0,0.0,0.25,0.0,0.0,1.0,0.0,0.0,0.0,0.0,0.0,0.0,0.0,0.0,0.0,0.0,0.0,0.0,0.0,0.0,0.0,0.0,0.0,0.0,0.0,0.0,0.0,0.0,0.0,0.0,0.0,0.0,0.0,0.0,0.0,0.0,0.0,0.0,0.0,0.0,0.0,0.0,0.0,0.0,0.0,0.0,0.0,0.0,0.0,0.0,1.0,0.6287795461745709,high_action+public_disagreement+profile_spread+ranker_spread,0.3258426966292135,0.16115885366688798,1.0
screened_vote_budget,rev0041_s0008_acf_g0019_life20_outcome_threat_fovr_vs_cf35_counter_wall_step0174,acf_g0019_life20_outcome_threat_fovr_vs_cf35_counter_wall,174,0,1,9,6,5,diversity_representative,"CAST(card=ForceOfWill, payment=pitch, pitch_card=ForceOfWill, target_card=ForceOfWill, target_id=15)",0,0,2,0.0,0.0,1.0,1.0,0.0,1.0,1.0,0.0,1.0,0.9999999989999999,0,0,1,1,1,20,1,outcome_ranker_blend_threat_rev0025,counterfactual_ranker_blend_counter_rev0035,mulligan_ranker_rev0024,mulligan_outcome_ranker_rev0027,0.0,1.0,0.0,0.0,1.0,0.0,1.0,0.0,1.0,0.95,0.0,0.0,1.0,1.0,0.16666666666666666,0.0,0.3,0.5166666666666667,0.0,1.0,0.0,0.13333333333333333,0.0,0.0,0.0,0.0,1.0,0.0,0.0,0.0,0.0,0.0,0.25,0.0,0.0,0.0,0.0,1.0,0.0,0.0,0.0,0.0,0.0,1.0,0.0,0.0,0.0,1.0,0.0,1.0,0.0,0.0,0.0,1.0,0.0,0.0,0.0,0.0,0.0,0.0,0.0,0.0,0.0,0.0,0.0,0.0,0.0,0.0,0.0,1.0,0.0,0.0,0.0,0.0,0.0,0.0,0.0,0.0,0.0,0.0,0.0,0.6287795461745709,high_action+public_disagreement+profile_spread+ranker_spread,0.3258426966292135,0.16115885366688798,1.0
screened_vote_budget,rev0041_s0008_acf_g0019_life20_outcome_threat_fovr_vs_cf35_counter_wall_step0174,acf_g0019_life20_outcome_threat_fovr_vs_cf35_counter_wall,174,0,2,9,6,5,random_budget_fill+screen_vote,"CAST(card=ForceOfWill, payment=pitch, pitch_card=ForceOfWill, target_card=Counterspell, target_id=16)",0,1,2,0.0,0.0,1.0,1.0,0.0,1.0,1.0,0.0,1.0,0.9999999989999999,0,0,1,1,1,20,1,outcome_ranker_blend_threat_rev0025,counterfactual_ranker_blend_counter_rev0035,mulligan_ranker_rev0024,mulligan_outcome_ranker_rev0027,0.0,1.0,0.0,0.0,1.0,0.0,1.0,0.0,1.0,0.95,0.0,0.0,1.0,1.0,0.16666666666666666,0.0,0.3,0.5166666666666667,0.0,1.0,0.0,0.13333333333333333,0.0,0.0,0.0,0.0,1.0,0.0,0.0,0.0,0.0,0.0,0.25,0.0,0.0,0.0,0.0,1.0,0.0,0.0,0.0,0.0,0.0,1.0,0.0,0.0,0.0,1.0,0.0,1.0,0.0,0.0,1.0,0.0,0.0,0.0,0.0,0.0,0.0,0.0,0.0,0.0,0.0,0.0,0.0,0.0,0.0,0.0,0.0,1.0,0.0,0.0,0.0,0.0,0.0,0.0,0.0,0.0,0.0,0.0,0.0,0.6287795461745709,high_action+public_disagreement+profile_spread+ranker_spread,0.3258426966292135,0.16115885366688798,1.0
screened_vote_budget,rev0041_s0008_acf_g0019_life20_outcome_threat_fovr_vs_cf35_counter_wall_step0174,acf_g0019_life20_outcome_threat_fovr_vs_cf35_counter_wall,174,0,5,9,6,5,random_budget_fill+screen_vote,"CAST(card=ForceOfWill, payment=pitch, pitch_card=ForceOfWill, target_card=Counterspell, target_id=19)",0,1,2,0.0,0.0,1.0,1.0,0.0,1.0,1.0,0.0,1.0,0.9999999989999999,0,0,1,1,1,20,1,outcome_ranker_blend_threat_rev0025,counterfactual_ranker_blend_counter_rev0035,mulligan_ranker_rev0024,mulligan_outcome_ranker_rev0027,0.0,1.0,0.0,0.0,1.0,0.0,1.0,0.0,1.0,0.95,0.0,0.0,1.0,1.0,0.16666666666666666,0.0,0.3,0.5166666666666667,0.0,1.0,0.0,0.13333333333333333,0.0,0.0,0.0,0.0,1.0,0.0,0.0,0.0,0.0,0.0,0.25,0.0,0.0,0.0,0.0,1.0,0.0,0.0,0.0,0.0,0.0,1.0,0.0,0.0,0.0,1.0,0.0,1.0,0.0,0.0,1.0,0.0,0.0,0.0,0.0,0.0,0.0,0.0,0.0,0.0,0.0,0.0,0.0,0.0,0.0,0.0,0.0,1.0,0.0,0.0,0.0,0.0,0.0,0.0,0.0,0.0,0.0,0.0,0.0,0.6287795461745709,high_action+public_disagreement+profile_spread+ranker_spread,0.3258426966292135,0.16115885366688798,1.0
screened_vote_budget,rev0041_s0008_acf_g0019_life20_outcome_threat_fovr_vs_cf35_counter_wall_step0174,acf_g0019_life20_outcome_threat_fovr_vs_cf35_counter_wall,174,0,6,9,6,5,screen_vote,"CAST(card=ForceOfWill, payment=pitch, pitch_card=ForceOfWill, target_card=Counterspell, target_id=20)",0,1,2,0.0,0.0,1.0,1.0,0.0,1.0,1.0,0.0,1.0,0.9999999989999999,0,0,1,1,1,20,1,outcome_ranker_blend_threat_rev0025,counterfactual_ranker_blend_counter_rev0035,mulligan_ranker_rev0024,mulligan_outcome_ranker_rev0027,0.0,1.0,0.0,0.0,1.0,0.0,1.0,0.0,1.0,0.95,0.0,0.0,1.0,1.0,0.16666666666666666,0.0,0.3,0.5166666666666667,0.0,1.0,0.0,0.13333333333333333,0.0,0.0,0.0,0.0,1.0,0.0,0.0,0.0,0.0,0.0,0.25,0.0,0.0,0.0,0.0,1.0,0.0,0.0,0.0,0.0,0.0,1.0,0.0,0.0,0.0,1.0,0.0,1.0,0.0,0.0,1.0,0.0,0.0,0.0,0.0,0.0,0.0,0.0,0.0,0.0,0.0,0.0,0.0,0.0,0.0,0.0,0.0,1.0,0.0,0.0,0.0,0.0,0.0,0.0,0.0,0.0,0.0,0.0,0.0,0.6287795461745709,high_action+public_disagreement+profile_spread+ranker_spread,0.3258426966292135,0.16115885366688798,1.0
hybrid_vote_diverse_ranker,rev0041_s0008_acf_g0019_life20_outcome_threat_fovr_vs_cf35_counter_wall_step0174,acf_g0019_life20_outcome_threat_fovr_vs_cf35_counter_wall,174,0,0,9,6,5,behavior_chosen+diversity_representative,PASS,1,1,2,1.0,0.0,1.0,1.0,0.0,1.0,0.0,0.0,1.0,0.9999999989999999,1,1,1,1,1,20,1,outcome_ranker_blend_threat_rev0025,counterfactual_ranker_blend_counter_rev0035,mulligan_ranker_rev0024,mulligan_outcome_ranker_rev0027,0.0,1.0,0.0,0.0,1.0,0.0,1.0,0.0,1.0,0.95,0.0,0.0,1.0,1.0,0.16666666666666666,0.0,0.3,0.5166666666666667,0.0,1.0,0.0,0.13333333333333333,0.0,0.0,0.0,0.0,1.0,0.0,0.0,0.0,0.0,0.0,0.25,0.0,0.0,1.0,0.0,0.0,0.0,0.0,0.0,0.0,0.0,0.0,0.0,0.0,0.0,0.0,0.0,0.0,0.0,0.0,0.0,0.0,0.0,0.0,0.0,0.0,0.0,0.0,0.0,0.0,0.0,0.0,0.0,0.0,0.0,0.0,0.0,0.0,0.0,0.0,0.0,0.0,0.0,0.0,0.0,0.0,0.0,0.0,1.0,0.6287795461745709,high_action+public_disagreement+profile_spread+ranker_spread,0.3258426966292135,0.16115885366688798,1.0
hybrid_vote_diverse_ranker,rev0041_s0008_acf_g0019_life20_outcome_threat_fovr_vs_cf35_counter_wall_step0174,acf_g0019_life20_outcome_threat_fovr_vs_cf35_counter_wall,174,0,2,9,6,5,screen_vote,"CAST(card=ForceOfWill, payment=pitch, pitch_card=ForceOfWill, target_card=Counterspell, target_id=16)",0,1,2,0.0,0.0,1.0,1.0,0.0,1.0,1.0,0.0,1.0,0.9999999989999999,0,0,1,1,1,20,1,outcome_ranker_blend_threat_rev0025,counterfactual_ranker_blend_counter_rev0035,mulligan_ranker_rev0024,mulligan_outcome_ranker_rev0027,0.0,1.0,0.0,0.0,1.0,0.0,1.0,0.0,1.0,0.95,0.0,0.0,1.0,1.0,0.16666666666666666,0.0,0.3,0.5166666666666667,0.0,1.0,0.0,0.13333333333333333,0.0,0.0,0.0,0.0,1.0,0.0,0.0,0.0,0.0,0.0,0.25,0.0,0.0,0.0,0.0,1.0,0.0,0.0,0.0,0.0,0.0,1.0,0.0,0.0,0.0,1.0,0.0,1.0,0.0,0.0,1.0,0.0,0.0,0.0,0.0,0.0,0.0,0.0,0.0,0.0,0.0,0.0,0.0,0.0,0.0,0.0,0.0,1.0,0.0,0.0,0.0,0.0,0.0,0.0,0.0,0.0,0.0,0.0,0.0,0.6287795461745709,high_action+public_disagreement+profile_spread+ranker_spread,0.3258426966292135,0.16115885366688798,1.0
hybrid_vote_diverse_ranker,rev0041_s0008_acf_g0019_life20_outcome_threat_fovr_vs_cf35_counter_wall_step0174,acf_g0019_life20_outcome_threat_fovr_vs_cf35_counter_wall,174,0,3,9,6,5,random_budget_fill+hybrid_score_fill,"CAST(card=ForceOfWill, payment=pitch, pitch_card=ForceOfWill, target_card=Counterspell, target_id=17)",0,0,2,0.0,0.0,1.0,1.0,0.0,1.0,1.0,0.0,1.0,0.9999999989999999,0,0,1,1,1,20,1,outcome_ranker_blend_threat_rev0025,counterfactual_ranker_blend_counter_rev0035,mulligan_ranker_rev0024,mulligan_outcome_ranker_rev0027,0.0,1.0,0.0,0.0,1.0,0.0,1.0,0.0,1.0,0.95,0.0,0.0,1.0,1.0,0.16666666666666666,0.0,0.3,0.5166666666666667,0.0,1.0,0.0,0.13333333333333333,0.0,0.0,0.0,0.0,1.0,0.0,0.0,0.0,0.0,0.0,0.25,0.0,0.0,0.0,0.0,1.0,0.0,0.0,0.0,0.0,0.0,1.0,0.0,0.0,0.0,1.0,0.0,1.0,0.0,0.0,1.0,0.0,0.0,0.0,0.0,0.0,0.0,0.0,0.0,0.0,0.0,0.0,0.0,0.0,0.0,0.0,0.0,1.0,0.0,0.0,0.0,0.0,0.0,0.0,0.0,0.0,0.0,0.0,0.0,0.6287795461745709,high_action+public_disagreement+profile_spread+ranker_spread,0.3258426966292135,0.16115885366688798,1.0
hybrid_vote_diverse_ranker,rev0041_s0008_acf_g0019_life20_outcome_threat_fovr_vs_cf35_counter_wall_step0174,acf_g0019_life20_outcome_threat_fovr_vs_cf35_counter_wall,174,0,5,9,6,5,random_budget_fill+screen_vote+hybrid_top_prior+diversity_representative,"CAST(card=ForceOfWill, payment=pitch, pitch_card=ForceOfWill, target_card=Counterspell, target_id=19)",0,1,2,0.0,0.0,1.0,1.0,0.0,1.0,1.0,0.0,1.0,0.9999999989999999,0,0,1,1,1,20,1,outcome_ranker_blend_threat_rev0025,counterfactual_ranker_blend_counter_rev0035,mulligan_ranker_rev0024,mulligan_outcome_ranker_rev0027,0.0,1.0,0.0,0.0,1.0,0.0,1.0,0.0,1.0,0.95,0.0,0.0,1.0,1.0,0.16666666666666666,0.0,0.3,0.5166666666666667,0.0,1.0,0.0,0.13333333333333333,0.0,0.0,0.0,0.0,1.0,0.0,0.0,0.0,0.0,0.0,0.25,0.0,0.0,0.0,0.0,1.0,0.0,0.0,0.0,0.0,0.0,1.0,0.0,0.0,0.0,1.0,0.0,1.0,0.0,0.0,1.0,0.0,0.0,0.0,0.0,0.0,0.0,0.0,0.0,0.0,0.0,0.0,0.0,0.0,0.0,0.0,0.0,1.0,0.0,0.0,0.0,0.0,0.0,0.0,0.0,0.0,0.0,0.0,0.0,0.6287795461745709,high_action+public_disagreement+profile_spread+ranker_spread,0.3258426966292135,0.16115885366688798,1.0
hybrid_vote_diverse_ranker,rev0041_s0008_acf_g0019_life20_outcome_threat_fovr_vs_cf35_counter_wall_step0174,acf_g0019_life20_outcome_threat_fovr_vs_cf35_counter_wall,174,0,6,9,6,5,hybrid_score_fill,"CAST(card=ForceOfWill, payment=pitch, pitch_card=ForceOfWill, target_card=Counterspell, target_id=20)",0,1,2,0.0,0.0,1.0,1.0,0.0,1.0,1.0,0.0,1.0,0.9999999989999999,0,0,1,1,1,20,1,outcome_ranker_blend_threat_rev0025,counterfactual_ranker_blend_counter_rev0035,mulligan_ranker_rev0024,mulligan_outcome_ranker_rev0027,0.0,1.0,0.0,0.0,1.0,0.0,1.0,0.0,1.0,0.95,0.0,0.0,1.0,1.0,0.16666666666666666,0.0,0.3,0.5166666666666667,0.0,1.0,0.0,0.13333333333333333,0.0,0.0,0.0,0.0,1.0,0.0,0.0,0.0,0.0,0.0,0.25,0.0,0.0,0.0,0.0,1.0,0.0,0.0,0.0,0.0,0.0,1.0,0.0,0.0,0.0,1.0,0.0,1.0,0.0,0.0,1.0,0.0,0.0,0.0,0.0,0.0,0.0,0.0,0.0,0.0,0.0,0.0,0.0,0.0,0.0,0.0,0.0,1.0,0.0,0.0,0.0,0.0,0.0,0.0,0.0,0.0,0.0,0.0,0.0,0.6287795461745709,high_action+public_disagreement+profile_spread+ranker_spread,0.3258426966292135,0.16115885366688798,1.0
unscreened_budget,rev0041_s0009_acf_g0020_life20_outcome_threat_fovr_vs_cf36_fjace_step0072,acf_g0020_life20_outcome_threat_fovr_vs_cf36_fjace,72,0,0,22,9,5,diversity_representative,"CHOOSE_FOR_EFFECT(effect=jace_brainstorm_putback, first_draw=Counterspell, second_draw=Counterspell)",0,0,2,0.0,0.0,1.0,1.0,0.0,1.0,1.0,0.0,1.0,0.9999999989999999,0,0,1,1,1,20,0,outcome_ranker_blend_threat_rev0025,counterfactual_linear_ranker_rev0036,mulligan_ranker_rev0024,mulligan_repeated_counterfactual_ranker_rev0030,1.0,0.0,0.0,0.0,1.0,0.0,1.0,0.0,1.0,0.9,0.1,0.3,0.5,0.2,0.6666666666666666,0.0,0.35,0.4666666666666667,1.0,0.0,0.2,0.0,0.0,0.0,0.0,0.0,0.0,1.0,0.0,1.0,0.125,0.25,0.375,0.125,0.125,0.0,0.0,0.0,0.0,0.0,0.0,1.0,0.0,0.0,0.0,0.0,0.0,0.0,0.0,0.0,0.0,0.0,0.0,0.0,0.0,0.0,0.0,0.0,0.0,0.0,0.0,0.0,0.0,0.0,0.0,1.0,0.0,0.0,0.0,0.0,0.0,0.0,0.0,0.0,0.0,0.0,0.0,0.0,0.0,0.0,0.0,0.6175806451612903,high_action+public_disagreement+profile_spread,0.3548387096774194,0.0,1.0
unscreened_budget,rev0041_s0009_acf_g0020_life20_outcome_threat_fovr_vs_cf36_fjace_step0072,acf_g0020_life20_outcome_threat_fovr_vs_cf36_fjace,72,0,6,22,9,5,random_budget_fill,"CHOOSE_FOR_EFFECT(effect=jace_brainstorm_putback, first_draw=ForceOfWill, second_draw=ForceOfWill)",0,0,2,0.0,0.0,1.0,1.0,0.0,1.0,1.0,0.0,1.0,0.9999999989999999,0,0,1,1,1,20,0,outcome_ranker_blend_threat_rev0025,counterfactual_linear_ranker_rev0036,mulligan_ranker_rev0024,mulligan_repeated_counterfactual_ranker_rev0030,1.0,0.0,0.0,0.0,1.0,0.0,1.0,0.0,1.0,0.9,0.1,0.3,0.5,0.2,0.6666666666666666,0.0,0.35,0.4666666666666667,1.0,0.0,0.2,0.0,0.0,0.0,0.0,0.0,0.0,1.0,0.0,1.0,0.125,0.25,0.375,0.125,0.125,0.0,0.0,0.0,0.0,0.0,0.0,1.0,0.0,0.0,0.0,0.0,0.0,0.0,0.0,0.0,0.0,0.0,0.0,0.0,0.0,0.0,0.0,0.0,0.0,0.0,0.0,0.0,0.0,0.0,0.0,1.0,0.0,0.0,0.0,0.0,0.0,0.0,0.0,0.0,0.0,0.0,0.0,0.0,0.0,0.0,0.0,0.6175806451612903,high_action+public_disagreement+profile_spread,0.3548387096774194,0.0,1.0
unscreened_budget,rev0041_s0009_acf_g0020_life20_outcome_threat_fovr_vs_cf36_fjace_step0072,acf_g0020_life20_outcome_threat_fovr_vs_cf36_fjace,72,0,8,22,9,5,random_budget_fill,"CHOOSE_FOR_EFFECT(effect=jace_brainstorm_putback, first_draw=ForceOfWill, second_draw=JaceTheMindSculptor)",0,0,2,0.0,0.0,1.0,1.0,0.0,1.0,1.0,0.0,1.0,0.9999999989999999,0,0,1,1,1,20,0,outcome_ranker_blend_threat_rev0025,counterfactual_linear_ranker_rev0036,mulligan_ranker_rev0024,mulligan_repeated_counterfactual_ranker_rev0030,1.0,0.0,0.0,0.0,1.0,0.0,1.0,0.0,1.0,0.9,0.1,0.3,0.5,0.2,0.6666666666666666,0.0,0.35,0.4666666666666667,1.0,0.0,0.2,0.0,0.0,0.0,0.0,0.0,0.0,1.0,0.0,1.0,0.125,0.25,0.375,0.125,0.125,0.0,0.0,0.0,0.0,0.0,0.0,1.0,0.0,0.0,0.0,0.0,0.0,0.0,0.0,0.0,0.0,0.0,0.0,0.0,0.0,0.0,0.0,0.0,0.0,0.0,0.0,0.0,0.0,0.0,0.0,1.0,0.0,0.0,0.0,0.0,0.0,0.0,0.0,0.0,0.0,0.0,0.0,0.0,0.0,0.0,0.0,0.6175806451612903,high_action+public_disagreement+profile_spread,0.3548387096774194,0.0,1.0
unscreened_budget,rev0041_s0009_acf_g0020_life20_outcome_threat_fovr_vs_cf36_fjace_step0072,acf_g0020_life20_outcome_threat_fovr_vs_cf36_fjace,72,0,19,22,9,5,random_budget_fill,"CHOOSE_FOR_EFFECT(effect=jace_brainstorm_putback, first_draw=OverlordOfTheFloodpits, second_draw=ForceOfWill)",0,0,2,0.0,0.0,1.0,1.0,0.0,1.0,1.0,0.0,1.0,0.9999999989999999,0,0,1,1,1,20,0,outcome_ranker_blend_threat_rev0025,counterfactual_linear_ranker_rev0036,mulligan_ranker_rev0024,mulligan_repeated_counterfactual_ranker_rev0030,1.0,0.0,0.0,0.0,1.0,0.0,1.0,0.0,1.0,0.9,0.1,0.3,0.5,0.2,0.6666666666666666,0.0,0.35,0.4666666666666667,1.0,0.0,0.2,0.0,0.0,0.0,0.0,0.0,0.0,1.0,0.0,1.0,0.125,0.25,0.375,0.125,0.125,0.0,0.0,0.0,0.0,0.0,0.0,1.0,0.0,0.0,0.0,0.0,0.0,0.0,0.0,0.0,0.0,0.0,0.0,0.0,0.0,0.0,0.0,0.0,0.0,0.0,0.0,0.0,0.0,0.0,0.0,1.0,0.0,0.0,0.0,0.0,0.0,0.0,0.0,0.0,0.0,0.0,0.0,0.0,0.0,0.0,0.0,0.6175806451612903,high_action+public_disagreement+profile_spread,0.3548387096774194,0.0,1.0
unscreened_budget,rev0041_s0009_acf_g0020_life20_outcome_threat_fovr_vs_cf36_fjace_step0072,acf_g0020_life20_outcome_threat_fovr_vs_cf36_fjace,72,0,20,22,9,5,behavior_chosen,"CHOOSE_FOR_EFFECT(effect=jace_brainstorm_putback, first_draw=OverlordOfTheFloodpits, second_draw=Island)",1,1,2,1.0,0.0,1.0,1.0,0.0,1.0,0.0,0.0,1.0,0.9999999989999999,1,1,1,1,1,20,0,outcome_ranker_blend_threat_rev0025,counterfactual_linear_ranker_rev0036,mulligan_ranker_rev0024,mulligan_repeated_counterfactual_ranker_rev0030,1.0,0.0,0.0,0.0,1.0,0.0,1.0,0.0,1.0,0.9,0.1,0.3,0.5,0.2,0.6666666666666666,0.0,0.35,0.4666666666666667,1.0,0.0,0.2,0.0,0.0,0.0,0.0,0.0,0.0,1.0,0.0,1.0,0.125,0.25,0.375,0.125,0.125,0.0,0.0,0.0,0.0,0.0,0.0,1.0,0.0,0.0,0.0,0.0,0.0,0.0,0.0,0.0,0.0,0.0,0.0,0.0,0.0,0.0,0.0,0.0,0.0,0.0,0.0,0.0,0.0,0.0,0.0,1.0,0.0,0.0,0.0,0.0,0.0,0.0,0.0,0.0,0.0,0.0,0.0,0.0,0.0,0.0,0.0,0.6175806451612903,high_action+public_disagreement+profile_spread,0.3548387096774194,0.0,1.0
screened_vote_budget,rev0041_s0009_acf_g0020_life20_outcome_threat_fovr_vs_cf36_fjace_step0072,acf_g0020_life20_outcome_threat_fovr_vs_cf36_fjace,72,0,0,22,9,5,diversity_representative,"CHOOSE_FOR_EFFECT(effect=jace_brainstorm_putback, first_draw=Counterspell, second_draw=Counterspell)",0,0,2,0.0,0.0,1.0,1.0,0.0,1.0,1.0,0.0,1.0,0.9999999989999999,0,0,1,1,1,20,0,outcome_ranker_blend_threat_rev0025,counterfactual_linear_ranker_rev0036,mulligan_ranker_rev0024,mulligan_repeated_counterfactual_ranker_rev0030,1.0,0.0,0.0,0.0,1.0,0.0,1.0,0.0,1.0,0.9,0.1,0.3,0.5,0.2,0.6666666666666666,0.0,0.35,0.4666666666666667,1.0,0.0,0.2,0.0,0.0,0.0,0.0,0.0,0.0,1.0,0.0,1.0,0.125,0.25,0.375,0.125,0.125,0.0,0.0,0.0,0.0,0.0,0.0,1.0,0.0,0.0,0.0,0.0,0.0,0.0,0.0,0.0,0.0,0.0,0.0,0.0,0.0,0.0,0.0,0.0,0.0,0.0,0.0,0.0,0.0,0.0,0.0,1.0,0.0,0.0,0.0,0.0,0.0,0.0,0.0,0.0,0.0,0.0,0.0,0.0,0.0,0.0,0.0,0.6175806451612903,high_action+public_disagreement+profile_spread,0.3548387096774194,0.0,1.0
screened_vote_budget,rev0041_s0009_acf_g0020_life20_outcome_threat_fovr_vs_cf36_fjace_step0072,acf_g0020_life20_outcome_threat_fovr_vs_cf36_fjace,72,0,3,22,9,5,random_budget_fill,"CHOOSE_FOR_EFFECT(effect=jace_brainstorm_putback, first_draw=Counterspell, second_draw=JaceTheMindSculptor)",0,0,2,0.0,0.0,1.0,1.0,0.0,1.0,1.0,0.0,1.0,0.9999999989999999,0,0,1,1,1,20,0,outcome_ranker_blend_threat_rev0025,counterfactual_linear_ranker_rev0036,mulligan_ranker_rev0024,mulligan_repeated_counterfactual_ranker_rev0030,1.0,0.0,0.0,0.0,1.0,0.0,1.0,0.0,1.0,0.9,0.1,0.3,0.5,0.2,0.6666666666666666,0.0,0.35,0.4666666666666667,1.0,0.0,0.2,0.0,0.0,0.0,0.0,0.0,0.0,1.0,0.0,1.0,0.125,0.25,0.375,0.125,0.125,0.0,0.0,0.0,0.0,0.0,0.0,1.0,0.0,0.0,0.0,0.0,0.0,0.0,0.0,0.0,0.0,0.0,0.0,0.0,0.0,0.0,0.0,0.0,0.0,0.0,0.0,0.0,0.0,0.0,0.0,1.0,0.0,0.0,0.0,0.0,0.0,0.0,0.0,0.0,0.0,0.0,0.0,0.0,0.0,0.0,0.0,0.6175806451612903,high_action+public_disagreement+profile_spread,0.3548387096774194,0.0,1.0
screened_vote_budget,rev0041_s0009_acf_g0020_life20_outcome_threat_fovr_vs_cf36_fjace_step0072,acf_g0020_life20_outcome_threat_fovr_vs_cf36_fjace,72,0,13,22,9,5,screen_vote,"CHOOSE_FOR_EFFECT(effect=jace_brainstorm_putback, first_draw=Island, second_draw=OverlordOfTheFloodpits)",0,1,2,0.0,0.0,1.0,1.0,0.0,1.0,1.0,0.0,1.0,0.9999999989999999,0,0,1,1,1,20,0,outcome_ranker_blend_threat_rev0025,counterfactual_linear_ranker_rev0036,mulligan_ranker_rev0024,mulligan_repeated_counterfactual_ranker_rev0030,1.0,0.0,0.0,0.0,1.0,0.0,1.0,0.0,1.0,0.9,0.1,0.3,0.5,0.2,0.6666666666666666,0.0,0.35,0.4666666666666667,1.0,0.0,0.2,0.0,0.0,0.0,0.0,0.0,0.0,1.0,0.0,1.0,0.125,0.25,0.375,0.125,0.125,0.0,0.0,0.0,0.0,0.0,0.0,1.0,0.0,0.0,0.0,0.0,0.0,0.0,0.0,0.0,0.0,0.0,0.0,0.0,0.0,0.0,0.0,0.0,0.0,0.0,0.0,0.0,0.0,0.0,0.0,1.0,0.0,0.0,0.0,0.0,0.0,0.0,0.0,0.0,0.0,0.0,0.0,0.0,0.0,0.0,0.0,0.6175806451612903,high_action+public_disagreement+profile_spread,0.3548387096774194,0.0,1.0
screened_vote_budget,rev0041_s0009_acf_g0020_life20_outcome_threat_fovr_vs_cf36_fjace_step0072,acf_g0020_life20_outcome_threat_fovr_vs_cf36_fjace,72,0,14,22,9,5,random_budget_fill+screen_vote,"CHOOSE_FOR_EFFECT(effect=jace_brainstorm_putback, first_draw=JaceTheMindSculptor, second_draw=Counterspell)",0,1,2,0.0,0.0,1.0,1.0,0.0,1.0,1.0,0.0,1.0,0.9999999989999999,0,0,1,1,1,20,0,outcome_ranker_blend_threat_rev0025,counterfactual_linear_ranker_rev0036,mulligan_ranker_rev0024,mulligan_repeated_counterfactual_ranker_rev0030,1.0,0.0,0.0,0.0,1.0,0.0,1.0,0.0,1.0,0.9,0.1,0.3,0.5,0.2,0.6666666666666666,0.0,0.35,0.4666666666666667,1.0,0.0,0.2,0.0,0.0,0.0,0.0,0.0,0.0,1.0,0.0,1.0,0.125,0.25,0.375,0.125,0.125,0.0,0.0,0.0,0.0,0.0,0.0,1.0,0.0,0.0,0.0,0.0,0.0,0.0,0.0,0.0,0.0,0.0,0.0,0.0,0.0,0.0,0.0,0.0,0.0,0.0,0.0,0.0,0.0,0.0,0.0,1.0,0.0,0.0,0.0,0.0,0.0,0.0,0.0,0.0,0.0,0.0,0.0,0.0,0.0,0.0,0.0,0.6175806451612903,high_action+public_disagreement+profile_spread,0.3548387096774194,0.0,1.0
screened_vote_budget,rev0041_s0009_acf_g0020_life20_outcome_threat_fovr_vs_cf36_fjace_step0072,acf_g0020_life20_outcome_threat_fovr_vs_cf36_fjace,72,0,20,22,9,5,behavior_chosen+screen_vote,"CHOOSE_FOR_EFFECT(effect=jace_brainstorm_putback, first_draw=OverlordOfTheFloodpits, second_draw=Island)",1,1,2,1.0,0.0,1.0,1.0,0.0,1.0,0.0,0.0,1.0,0.9999999989999999,1,1,1,1,1,20,0,outcome_ranker_blend_threat_rev0025,counterfactual_linear_ranker_rev0036,mulligan_ranker_rev0024,mulligan_repeated_counterfactual_ranker_rev0030,1.0,0.0,0.0,0.0,1.0,0.0,1.0,0.0,1.0,0.9,0.1,0.3,0.5,0.2,0.6666666666666666,0.0,0.35,0.4666666666666667,1.0,0.0,0.2,0.0,0.0,0.0,0.0,0.0,0.0,1.0,0.0,1.0,0.125,0.25,0.375,0.125,0.125,0.0,0.0,0.0,0.0,0.0,0.0,1.0,0.0,0.0,0.0,0.0,0.0,0.0,0.0,0.0,0.0,0.0,0.0,0.0,0.0,0.0,0.0,0.0,0.0,0.0,0.0,0.0,0.0,0.0,0.0,1.0,0.0,0.0,0.0,0.0,0.0,0.0,0.0,0.0,0.0,0.0,0.0,0.0,0.0,0.0,0.0,0.6175806451612903,high_action+public_disagreement+profile_spread,0.3548387096774194,0.0,1.0
hybrid_vote_diverse_ranker,rev0041_s0009_acf_g0020_life20_outcome_threat_fovr_vs_cf36_fjace_step0072,acf_g0020_life20_outcome_threat_fovr_vs_cf36_fjace,72,0,12,22,9,5,random_budget_fill+hybrid_score_fill,"CHOOSE_FOR_EFFECT(effect=jace_brainstorm_putback, first_draw=Island, second_draw=JaceTheMindSculptor)",0,0,2,0.0,0.0,1.0,1.0,0.0,1.0,1.0,0.0,1.0,0.9999999989999999,0,0,1,1,1,20,0,outcome_ranker_blend_threat_rev0025,counterfactual_linear_ranker_rev0036,mulligan_ranker_rev0024,mulligan_repeated_counterfactual_ranker_rev0030,1.0,0.0,0.0,0.0,1.0,0.0,1.0,0.0,1.0,0.9,0.1,0.3,0.5,0.2,0.6666666666666666,0.0,0.35,0.4666666666666667,1.0,0.0,0.2,0.0,0.0,0.0,0.0,0.0,0.0,1.0,0.0,1.0,0.125,0.25,0.375,0.125,0.125,0.0,0.0,0.0,0.0,0.0,0.0,1.0,0.0,0.0,0.0,0.0,0.0,0.0,0.0,0.0,0.0,0.0,0.0,0.0,0.0,0.0,0.0,0.0,0.0,0.0,0.0,0.0,0.0,0.0,0.0,1.0,0.0,0.0,0.0,0.0,0.0,0.0,0.0,0.0,0.0,0.0,0.0,0.0,0.0,0.0,0.0,0.6175806451612903,high_action+public_disagreement+profile_spread,0.3548387096774194,0.0,1.0
hybrid_vote_diverse_ranker,rev0041_s0009_acf_g0020_life20_outcome_threat_fovr_vs_cf36_fjace_step0072,acf_g0020_life20_outcome_threat_fovr_vs_cf36_fjace,72,0,13,22,9,5,screen_vote,"CHOOSE_FOR_EFFECT(effect=jace_brainstorm_putback, first_draw=Island, second_draw=OverlordOfTheFloodpits)",0,1,2,0.0,0.0,1.0,1.0,0.0,1.0,1.0,0.0,1.0,0.9999999989999999,0,0,1,1,1,20,0,outcome_ranker_blend_threat_rev0025,counterfactual_linear_ranker_rev0036,mulligan_ranker_rev0024,mulligan_repeated_counterfactual_ranker_rev0030,1.0,0.0,0.0,0.0,1.0,0.0,1.0,0.0,1.0,0.9,0.1,0.3,0.5,0.2,0.6666666666666666,0.0,0.35,0.4666666666666667,1.0,0.0,0.2,0.0,0.0,0.0,0.0,0.0,0.0,1.0,0.0,1.0,0.125,0.25,0.375,0.125,0.125,0.0,0.0,0.0,0.0,0.0,0.0,1.0,0.0,0.0,0.0,0.0,0.0,0.0,0.0,0.0,0.0,0.0,0.0,0.0,0.0,0.0,0.0,0.0,0.0,0.0,0.0,0.0,0.0,0.0,0.0,1.0,0.0,0.0,0.0,0.0,0.0,0.0,0.0,0.0,0.0,0.0,0.0,0.0,0.0,0.0,0.0,0.6175806451612903,high_action+public_disagreement+profile_spread,0.3548387096774194,0.0,1.0
hybrid_vote_diverse_ranker,rev0041_s0009_acf_g0020_life20_outcome_threat_fovr_vs_cf36_fjace_step0072,acf_g0020_life20_outcome_threat_fovr_vs_cf36_fjace,72,0,14,22,9,5,hybrid_score_fill,"CHOOSE_FOR_EFFECT(effect=jace_brainstorm_putback, first_draw=JaceTheMindSculptor, second_draw=Counterspell)",0,1,2,0.0,0.0,1.0,1.0,0.0,1.0,1.0,0.0,1.0,0.9999999989999999,0,0,1,1,1,20,0,outcome_ranker_blend_threat_rev0025,counterfactual_linear_ranker_rev0036,mulligan_ranker_rev0024,mulligan_repeated_counterfactual_ranker_rev0030,1.0,0.0,0.0,0.0,1.0,0.0,1.0,0.0,1.0,0.9,0.1,0.3,0.5,0.2,0.6666666666666666,0.0,0.35,0.4666666666666667,1.0,0.0,0.2,0.0,0.0,0.0,0.0,0.0,0.0,1.0,0.0,1.0,0.125,0.25,0.375,0.125,0.125,0.0,0.0,0.0,0.0,0.0,0.0,1.0,0.0,0.0,0.0,0.0,0.0,0.0,0.0,0.0,0.0,0.0,0.0,0.0,0.0,0.0,0.0,0.0,0.0,0.0,0.0,0.0,0.0,0.0,0.0,1.0,0.0,0.0,0.0,0.0,0.0,0.0,0.0,0.0,0.0,0.0,0.0,0.0,0.0,0.0,0.0,0.6175806451612903,high_action+public_disagreement+profile_spread,0.3548387096774194,0.0,1.0
hybrid_vote_diverse_ranker,rev0041_s0009_acf_g0020_life20_outcome_threat_fovr_vs_cf36_fjace_step0072,acf_g0020_life20_outcome_threat_fovr_vs_cf36_fjace,72,0,19,22,9,5,random_budget_fill+hybrid_score_fill,"CHOOSE_FOR_EFFECT(effect=jace_brainstorm_putback, first_draw=OverlordOfTheFloodpits, second_draw=ForceOfWill)",0,0,2,0.0,0.0,1.0,1.0,0.0,1.0,1.0,0.0,1.0,0.9999999989999999,0,0,1,1,1,20,0,outcome_ranker_blend_threat_rev0025,counterfactual_linear_ranker_rev0036,mulligan_ranker_rev0024,mulligan_repeated_counterfactual_ranker_rev0030,1.0,0.0,0.0,0.0,1.0,0.0,1.0,0.0,1.0,0.9,0.1,0.3,0.5,0.2,0.6666666666666666,0.0,0.35,0.4666666666666667,1.0,0.0,0.2,0.0,0.0,0.0,0.0,0.0,0.0,1.0,0.0,1.0,0.125,0.25,0.375,0.125,0.125,0.0,0.0,0.0,0.0,0.0,0.0,1.0,0.0,0.0,0.0,0.0,0.0,0.0,0.0,0.0,0.0,0.0,0.0,0.0,0.0,0.0,0.0,0.0,0.0,0.0,0.0,0.0,0.0,0.0,0.0,1.0,0.0,0.0,0.0,0.0,0.0,0.0,0.0,0.0,0.0,0.0,0.0,0.0,0.0,0.0,0.0,0.6175806451612903,high_action+public_disagreement+profile_spread,0.3548387096774194,0.0,1.0
hybrid_vote_diverse_ranker,rev0041_s0009_acf_g0020_life20_outcome_threat_fovr_vs_cf36_fjace_step0072,acf_g0020_life20_outcome_threat_fovr_vs_cf36_fjace,72,0,20,22,9,5,behavior_chosen+screen_vote+hybrid_top_prior+diversity_representative,"CHOOSE_FOR_EFFECT(effect=jace_brainstorm_putback, first_draw=OverlordOfTheFloodpits, second_draw=Island)",1,1,2,1.0,0.0,1.0,1.0,0.0,1.0,0.0,0.0,1.0,0.9999999989999999,1,1,1,1,1,20,0,outcome_ranker_blend_threat_rev0025,counterfactual_linear_ranker_rev0036,mulligan_ranker_rev0024,mulligan_repeated_counterfactual_ranker_rev0030,1.0,0.0,0.0,0.0,1.0,0.0,1.0,0.0,1.0,0.9,0.1,0.3,0.5,0.2,0.6666666666666666,0.0,0.35,0.4666666666666667,1.0,0.0,0.2,0.0,0.0,0.0,0.0,0.0,0.0,1.0,0.0,1.0,0.125,0.25,0.375,0.125,0.125,0.0,0.0,0.0,0.0,0.0,0.0,1.0,0.0,0.0,0.0,0.0,0.0,0.0,0.0,0.0,0.0,0.0,0.0,0.0,0.0,0.0,0.0,0.0,0.0,0.0,0.0,0.0,0.0,0.0,0.0,1.0,0.0,0.0,0.0,0.0,0.0,0.0,0.0,0.0,0.0,0.0,0.0,0.0,0.0,0.0,0.0,0.6175806451612903,high_action+public_disagreement+profile_spread,0.3548387096774194,0.0,1.0
unscreened_budget,rev0041_s0010_acf_g0011_life20_outcome_threat_fovr_vs_outcome_fjace_step0143,acf_g0011_life20_outcome_threat_fovr_vs_outcome_fjace,143,1,0,15,8,5,diversity_representative,"CHOOSE_FOR_EFFECT(effect=jace_brainstorm_putback, first_draw=Counterspell, second_draw=Counterspell)",0,0,2,1.0,0.0,1.0,1.0,1.0,1.0,0.0,0.0,0.0,0.0,1,1,1,1,1,20,1,outcome_ranker_blend_threat_rev0025,outcome_linear_ranker_rev0025,mulligan_ranker_rev0024,mulligan_ranker_rev0024,1.0,0.0,0.0,0.0,1.0,0.0,1.0,0.0,1.0,1.0,1.0,0.9,0.0,0.0,0.6666666666666666,0.5,0.21666666666666667,0.26666666666666666,1.0,1.0,0.06666666666666667,0.06666666666666667,0.0,0.0,0.0,0.0,0.0,1.0,0.0,1.0,0.125,0.25,0.375,0.25,0.0,0.0,0.0,0.0,0.0,0.0,0.0,1.0,0.0,0.0,0.0,0.0,0.0,0.0,0.0,0.0,0.0,0.0,0.0,0.0,0.0,0.0,0.0,0.0,0.0,0.0,0.0,0.0,0.0,0.0,0.0,1.0,0.0,0.0,0.0,0.0,0.0,0.0,0.0,0.0,0.0,0.0,0.0,0.0,0.0,0.0,0.0,0.615,high_action+public_disagreement+profile_spread,0.3333333333333333,0.0,1.0
unscreened_budget,rev0041_s0010_acf_g0011_life20_outcome_threat_fovr_vs_outcome_fjace_step0143,acf_g0011_life20_outcome_threat_fovr_vs_outcome_fjace,143,1,4,15,8,5,random_budget_fill,"CHOOSE_FOR_EFFECT(effect=jace_brainstorm_putback, first_draw=ForceOfWill, second_draw=Counterspell)",0,0,2,0.5,0.7071067811865476,1.0,1.0,1.0,1.0,0.5,0.0,0.0,0.0,0,0,1,1,1,20,1,outcome_ranker_blend_threat_rev0025,outcome_linear_ranker_rev0025,mulligan_ranker_rev0024,mulligan_ranker_rev0024,1.0,0.0,0.0,0.0,1.0,0.0,1.0,0.0,1.0,1.0,1.0,0.9,0.0,0.0,0.6666666666666666,0.5,0.21666666666666667,0.26666666666666666,1.0,1.0,0.06666666666666667,0.06666666666666667,0.0,0.0,0.0,0.0,0.0,1.0,0.0,1.0,0.125,0.25,0.375,0.25,0.0,0.0,0.0,0.0,0.0,0.0,0.0,1.0,0.0,0.0,0.0,0.0,0.0,0.0,0.0,0.0,0.0,0.0,0.0,0.0,0.0,0.0,0.0,0.0,0.0,0.0,0.0,0.0,0.0,0.0,0.0,1.0,0.0,0.0,0.0,0.0,0.0,0.0,0.0,0.0,0.0,0.0,0.0,0.0,0.0,0.0,0.0,0.615,high_action+public_disagreement+profile_spread,0.3333333333333333,0.0,1.0
unscreened_budget,rev0041_s0010_acf_g0011_life20_outcome_threat_fovr_vs_outcome_fjace_step0143,acf_g0011_life20_outcome_threat_fovr_vs_outcome_fjace,143,1,7,15,8,5,behavior_chosen,"CHOOSE_FOR_EFFECT(effect=jace_brainstorm_putback, first_draw=ForceOfWill, second_draw=JaceTheMindSculptor)",1,0,2,1.0,0.0,1.0,1.0,1.0,1.0,0.0,0.0,0.0,0.0,1,1,1,1,1,20,1,outcome_ranker_blend_threat_rev0025,outcome_linear_ranker_rev0025,mulligan_ranker_rev0024,mulligan_ranker_rev0024,1.0,0.0,0.0,0.0,1.0,0.0,1.0,0.0,1.0,1.0,1.0,0.9,0.0,0.0,0.6666666666666666,0.5,0.21666666666666667,0.26666666666666666,1.0,1.0,0.06666666666666667,0.06666666666666667,0.0,0.0,0.0,0.0,0.0,1.0,0.0,1.0,0.125,0.25,0.375,0.25,0.0,0.0,0.0,0.0,0.0,0.0,0.0,1.0,0.0,0.0,0.0,0.0,0.0,0.0,0.0,0.0,0.0,0.0,0.0,0.0,0.0,0.0,0.0,0.0,0.0,0.0,0.0,0.0,0.0,0.0,0.0,1.0,0.0,0.0,0.0,0.0,0.0,0.0,0.0,0.0,0.0,0.0,0.0,0.0,0.0,0.0,0.0,0.615,high_action+public_disagreement+profile_spread,0.3333333333333333,0.0,1.0
unscreened_budget,rev0041_s0010_acf_g0011_life20_outcome_threat_fovr_vs_outcome_fjace_step0143,acf_g0011_life20_outcome_threat_fovr_vs_outcome_fjace,143,1,9,15,8,5,random_budget_fill,"CHOOSE_FOR_EFFECT(effect=jace_brainstorm_putback, first_draw=Island, second_draw=ForceOfWill)",0,0,2,1.0,0.0,1.0,1.0,1.0,1.0,0.0,0.0,0.0,0.0,1,1,1,1,1,20,1,outcome_ranker_blend_threat_rev0025,outcome_linear_ranker_rev0025,mulligan_ranker_rev0024,mulligan_ranker_rev0024,1.0,0.0,0.0,0.0,1.0,0.0,1.0,0.0,1.0,1.0,1.0,0.9,0.0,0.0,0.6666666666666666,0.5,0.21666666666666667,0.26666666666666666,1.0,1.0,0.06666666666666667,0.06666666666666667,0.0,0.0,0.0,0.0,0.0,1.0,0.0,1.0,0.125,0.25,0.375,0.25,0.0,0.0,0.0,0.0,0.0,0.0,0.0,1.0,0.0,0.0,0.0,0.0,0.0,0.0,0.0,0.0,0.0,0.0,0.0,0.0,0.0,0.0,0.0,0.0,0.0,0.0,0.0,0.0,0.0,0.0,0.0,1.0,0.0,0.0,0.0,0.0,0.0,0.0,0.0,0.0,0.0,0.0,0.0,0.0,0.0,0.0,0.0,0.615,high_action+public_disagreement+profile_spread,0.3333333333333333,0.0,1.0
unscreened_budget,rev0041_s0010_acf_g0011_life20_outcome_threat_fovr_vs_outcome_fjace_step0143,acf_g0011_life20_outcome_threat_fovr_vs_outcome_fjace,143,1,11,15,8,5,random_budget_fill,"CHOOSE_FOR_EFFECT(effect=jace_brainstorm_putback, first_draw=JaceTheMindSculptor, second_draw=Counterspell)",0,0,2,1.0,0.0,1.0,1.0,1.0,1.0,0.0,0.0,0.0,0.0,1,1,1,1,1,20,1,outcome_ranker_blend_threat_rev0025,outcome_linear_ranker_rev0025,mulligan_ranker_rev0024,mulligan_ranker_rev0024,1.0,0.0,0.0,0.0,1.0,0.0,1.0,0.0,1.0,1.0,1.0,0.9,0.0,0.0,0.6666666666666666,0.5,0.21666666666666667,0.26666666666666666,1.0,1.0,0.06666666666666667,0.06666666666666667,0.0,0.0,0.0,0.0,0.0,1.0,0.0,1.0,0.125,0.25,0.375,0.25,0.0,0.0,0.0,0.0,0.0,0.0,0.0,1.0,0.0,0.0,0.0,0.0,0.0,0.0,0.0,0.0,0.0,0.0,0.0,0.0,0.0,0.0,0.0,0.0,0.0,0.0,0.0,0.0,0.0,0.0,0.0,1.0,0.0,0.0,0.0,0.0,0.0,0.0,0.0,0.0,0.0,0.0,0.0,0.0,0.0,0.0,0.0,0.615,high_action+public_disagreement+profile_spread,0.3333333333333333,0.0,1.0
screened_vote_budget,rev0041_s0010_acf_g0011_life20_outcome_threat_fovr_vs_outcome_fjace_step0143,acf_g0011_life20_outcome_threat_fovr_vs_outcome_fjace,143,1,0,15,8,5,diversity_representative,"CHOOSE_FOR_EFFECT(effect=jace_brainstorm_putback, first_draw=Counterspell, second_draw=Counterspell)",0,0,2,1.0,0.0,1.0,1.0,1.0,1.0,0.0,0.0,0.0,0.0,1,1,1,1,1,20,1,outcome_ranker_blend_threat_rev0025,outcome_linear_ranker_rev0025,mulligan_ranker_rev0024,mulligan_ranker_rev0024,1.0,0.0,0.0,0.0,1.0,0.0,1.0,0.0,1.0,1.0,1.0,0.9,0.0,0.0,0.6666666666666666,0.5,0.21666666666666667,0.26666666666666666,1.0,1.0,0.06666666666666667,0.06666666666666667,0.0,0.0,0.0,0.0,0.0,1.0,0.0,1.0,0.125,0.25,0.375,0.25,0.0,0.0,0.0,0.0,0.0,0.0,0.0,1.0,0.0,0.0,0.0,0.0,0.0,0.0,0.0,0.0,0.0,0.0,0.0,0.0,0.0,0.0,0.0,0.0,0.0,0.0,0.0,0.0,0.0,0.0,0.0,1.0,0.0,0.0,0.0,0.0,0.0,0.0,0.0,0.0,0.0,0.0,0.0,0.0,0.0,0.0,0.0,0.615,high_action+public_disagreement+profile_spread,0.3333333333333333,0.0,1.0
screened_vote_budget,rev0041_s0010_acf_g0011_life20_outcome_threat_fovr_vs_outcome_fjace_step0143,acf_g0011_life20_outcome_threat_fovr_vs_outcome_fjace,143,1,7,15,8,5,behavior_chosen,"CHOOSE_FOR_EFFECT(effect=jace_brainstorm_putback, first_draw=ForceOfWill, second_draw=JaceTheMindSculptor)",1,0,2,1.0,0.0,1.0,1.0,1.0,1.0,0.0,0.0,0.0,0.0,1,1,1,1,1,20,1,outcome_ranker_blend_threat_rev0025,outcome_linear_ranker_rev0025,mulligan_ranker_rev0024,mulligan_ranker_rev0024,1.0,0.0,0.0,0.0,1.0,0.0,1.0,0.0,1.0,1.0,1.0,0.9,0.0,0.0,0.6666666666666666,0.5,0.21666666666666667,0.26666666666666666,1.0,1.0,0.06666666666666667,0.06666666666666667,0.0,0.0,0.0,0.0,0.0,1.0,0.0,1.0,0.125,0.25,0.375,0.25,0.0,0.0,0.0,0.0,0.0,0.0,0.0,1.0,0.0,0.0,0.0,0.0,0.0,0.0,0.0,0.0,0.0,0.0,0.0,0.0,0.0,0.0,0.0,0.0,0.0,0.0,0.0,0.0,0.0,0.0,0.0,1.0,0.0,0.0,0.0,0.0,0.0,0.0,0.0,0.0,0.0,0.0,0.0,0.0,0.0,0.0,0.0,0.615,high_action+public_disagreement+profile_spread,0.3333333333333333,0.0,1.0
screened_vote_budget,rev0041_s0010_acf_g0011_life20_outcome_threat_fovr_vs_outcome_fjace_step0143,acf_g0011_life20_outcome_threat_fovr_vs_outcome_fjace,143,1,10,15,8,5,random_budget_fill+screen_vote,"CHOOSE_FOR_EFFECT(effect=jace_brainstorm_putback, first_draw=Island, second_draw=JaceTheMindSculptor)",0,1,2,1.0,0.0,1.0,1.0,1.0,1.0,0.0,0.0,0.0,0.0,1,1,1,1,1,20,1,outcome_ranker_blend_threat_rev0025,outcome_linear_ranker_rev0025,mulligan_ranker_rev0024,mulligan_ranker_rev0024,1.0,0.0,0.0,0.0,1.0,0.0,1.0,0.0,1.0,1.0,1.0,0.9,0.0,0.0,0.6666666666666666,0.5,0.21666666666666667,0.26666666666666666,1.0,1.0,0.06666666666666667,0.06666666666666667,0.0,0.0,0.0,0.0,0.0,1.0,0.0,1.0,0.125,0.25,0.375,0.25,0.0,0.0,0.0,0.0,0.0,0.0,0.0,1.0,0.0,0.0,0.0,0.0,0.0,0.0,0.0,0.0,0.0,0.0,0.0,0.0,0.0,0.0,0.0,0.0,0.0,0.0,0.0,0.0,0.0,0.0,0.0,1.0,0.0,0.0,0.0,0.0,0.0,0.0,0.0,0.0,0.0,0.0,0.0,0.0,0.0,0.0,0.0,0.615,high_action+public_disagreement+profile_spread,0.3333333333333333,0.0,1.0
screened_vote_budget,rev0041_s0010_acf_g0011_life20_outcome_threat_fovr_vs_outcome_fjace_step0143,acf_g0011_life20_outcome_threat_fovr_vs_outcome_fjace,143,1,12,15,8,5,random_budget_fill+screen_vote,"CHOOSE_FOR_EFFECT(effect=jace_brainstorm_putback, first_draw=JaceTheMindSculptor, second_draw=ForceOfWill)",0,1,2,1.0,0.0,1.0,1.0,1.0,1.0,0.0,0.0,0.0,0.0,1,1,1,1,1,20,1,outcome_ranker_blend_threat_rev0025,outcome_linear_ranker_rev0025,mulligan_ranker_rev0024,mulligan_ranker_rev0024,1.0,0.0,0.0,0.0,1.0,0.0,1.0,0.0,1.0,1.0,1.0,0.9,0.0,0.0,0.6666666666666666,0.5,0.21666666666666667,0.26666666666666666,1.0,1.0,0.06666666666666667,0.06666666666666667,0.0,0.0,0.0,0.0,0.0,1.0,0.0,1.0,0.125,0.25,0.375,0.25,0.0,0.0,0.0,0.0,0.0,0.0,0.0,1.0,0.0,0.0,0.0,0.0,0.0,0.0,0.0,0.0,0.0,0.0,0.0,0.0,0.0,0.0,0.0,0.0,0.0,0.0,0.0,0.0,0.0,0.0,0.0,1.0,0.0,0.0,0.0,0.0,0.0,0.0,0.0,0.0,0.0,0.0,0.0,0.0,0.0,0.0,0.0,0.615,high_action+public_disagreement+profile_spread,0.3333333333333333,0.0,1.0
screened_vote_budget,rev0041_s0010_acf_g0011_life20_outcome_threat_fovr_vs_outcome_fjace_step0143,acf_g0011_life20_outcome_threat_fovr_vs_outcome_fjace,143,1,13,15,8,5,screen_vote,"CHOOSE_FOR_EFFECT(effect=jace_brainstorm_putback, first_draw=JaceTheMindSculptor, second_draw=Island)",0,1,2,1.0,0.0,1.0,1.0,1.0,1.0,0.0,0.0,0.0,0.0,1,1,1,1,1,20,1,outcome_ranker_blend_threat_rev0025,outcome_linear_ranker_rev0025,mulligan_ranker_rev0024,mulligan_ranker_rev0024,1.0,0.0,0.0,0.0,1.0,0.0,1.0,0.0,1.0,1.0,1.0,0.9,0.0,0.0,0.6666666666666666,0.5,0.21666666666666667,0.26666666666666666,1.0,1.0,0.06666666666666667,0.06666666666666667,0.0,0.0,0.0,0.0,0.0,1.0,0.0,1.0,0.125,0.25,0.375,0.25,0.0,0.0,0.0,0.0,0.0,0.0,0.0,1.0,0.0,0.0,0.0,0.0,0.0,0.0,0.0,0.0,0.0,0.0,0.0,0.0,0.0,0.0,0.0,0.0,0.0,0.0,0.0,0.0,0.0,0.0,0.0,1.0,0.0,0.0,0.0,0.0,0.0,0.0,0.0,0.0,0.0,0.0,0.0,0.0,0.0,0.0,0.0,0.615,high_action+public_disagreement+profile_spread,0.3333333333333333,0.0,1.0
hybrid_vote_diverse_ranker,rev0041_s0010_acf_g0011_life20_outcome_threat_fovr_vs_outcome_fjace_step0143,acf_g0011_life20_outcome_threat_fovr_vs_outcome_fjace,143,1,7,15,8,5,behavior_chosen,"CHOOSE_FOR_EFFECT(effect=jace_brainstorm_putback, first_draw=ForceOfWill, second_draw=JaceTheMindSculptor)",1,0,2,1.0,0.0,1.0,1.0,1.0,1.0,0.0,0.0,0.0,0.0,1,1,1,1,1,20,1,outcome_ranker_blend_threat_rev0025,outcome_linear_ranker_rev0025,mulligan_ranker_rev0024,mulligan_ranker_rev0024,1.0,0.0,0.0,0.0,1.0,0.0,1.0,0.0,1.0,1.0,1.0,0.9,0.0,0.0,0.6666666666666666,0.5,0.21666666666666667,0.26666666666666666,1.0,1.0,0.06666666666666667,0.06666666666666667,0.0,0.0,0.0,0.0,0.0,1.0,0.0,1.0,0.125,0.25,0.375,0.25,0.0,0.0,0.0,0.0,0.0,0.0,0.0,1.0,0.0,0.0,0.0,0.0,0.0,0.0,0.0,0.0,0.0,0.0,0.0,0.0,0.0,0.0,0.0,0.0,0.0,0.0,0.0,0.0,0.0,0.0,0.0,1.0,0.0,0.0,0.0,0.0,0.0,0.0,0.0,0.0,0.0,0.0,0.0,0.0,0.0,0.0,0.0,0.615,high_action+public_disagreement+profile_spread,0.3333333333333333,0.0,1.0
hybrid_vote_diverse_ranker,rev0041_s0010_acf_g0011_life20_outcome_threat_fovr_vs_outcome_fjace_step0143,acf_g0011_life20_outcome_threat_fovr_vs_outcome_fjace,143,1,9,15,8,5,random_budget_fill+hybrid_score_fill,"CHOOSE_FOR_EFFECT(effect=jace_brainstorm_putback, first_draw=Island, second_draw=ForceOfWill)",0,0,2,1.0,0.0,1.0,1.0,1.0,1.0,0.0,0.0,0.0,0.0,1,1,1,1,1,20,1,outcome_ranker_blend_threat_rev0025,outcome_linear_ranker_rev0025,mulligan_ranker_rev0024,mulligan_ranker_rev0024,1.0,0.0,0.0,0.0,1.0,0.0,1.0,0.0,1.0,1.0,1.0,0.9,0.0,0.0,0.6666666666666666,0.5,0.21666666666666667,0.26666666666666666,1.0,1.0,0.06666666666666667,0.06666666666666667,0.0,0.0,0.0,0.0,0.0,1.0,0.0,1.0,0.125,0.25,0.375,0.25,0.0,0.0,0.0,0.0,0.0,0.0,0.0,1.0,0.0,0.0,0.0,0.0,0.0,0.0,0.0,0.0,0.0,0.0,0.0,0.0,0.0,0.0,0.0,0.0,0.0,0.0,0.0,0.0,0.0,0.0,0.0,1.0,0.0,0.0,0.0,0.0,0.0,0.0,0.0,0.0,0.0,0.0,0.0,0.0,0.0,0.0,0.0,0.615,high_action+public_disagreement+profile_spread,0.3333333333333333,0.0,1.0
hybrid_vote_diverse_ranker,rev0041_s0010_acf_g0011_life20_outcome_threat_fovr_vs_outcome_fjace_step0143,acf_g0011_life20_outcome_threat_fovr_vs_outcome_fjace,143,1,10,15,8,5,screen_vote,"CHOOSE_FOR_EFFECT(effect=jace_brainstorm_putback, first_draw=Island, second_draw=JaceTheMindSculptor)",0,1,2,1.0,0.0,1.0,1.0,1.0,1.0,0.0,0.0,0.0,0.0,1,1,1,1,1,20,1,outcome_ranker_blend_threat_rev0025,outcome_linear_ranker_rev0025,mulligan_ranker_rev0024,mulligan_ranker_rev0024,1.0,0.0,0.0,0.0,1.0,0.0,1.0,0.0,1.0,1.0,1.0,0.9,0.0,0.0,0.6666666666666666,0.5,0.21666666666666667,0.26666666666666666,1.0,1.0,0.06666666666666667,0.06666666666666667,0.0,0.0,0.0,0.0,0.0,1.0,0.0,1.0,0.125,0.25,0.375,0.25,0.0,0.0,0.0,0.0,0.0,0.0,0.0,1.0,0.0,0.0,0.0,0.0,0.0,0.0,0.0,0.0,0.0,0.0,0.0,0.0,0.0,0.0,0.0,0.0,0.0,0.0,0.0,0.0,0.0,0.0,0.0,1.0,0.0,0.0,0.0,0.0,0.0,0.0,0.0,0.0,0.0,0.0,0.0,0.0,0.0,0.0,0.0,0.615,high_action+public_disagreement+profile_spread,0.3333333333333333,0.0,1.0
hybrid_vote_diverse_ranker,rev0041_s0010_acf_g0011_life20_outcome_threat_fovr_vs_outcome_fjace_step0143,acf_g0011_life20_outcome_threat_fovr_vs_outcome_fjace,143,1,12,15,8,5,hybrid_score_fill,"CHOOSE_FOR_EFFECT(effect=jace_brainstorm_putback, first_draw=JaceTheMindSculptor, second_draw=ForceOfWill)",0,1,2,1.0,0.0,1.0,1.0,1.0,1.0,0.0,0.0,0.0,0.0,1,1,1,1,1,20,1,outcome_ranker_blend_threat_rev0025,outcome_linear_ranker_rev0025,mulligan_ranker_rev0024,mulligan_ranker_rev0024,1.0,0.0,0.0,0.0,1.0,0.0,1.0,0.0,1.0,1.0,1.0,0.9,0.0,0.0,0.6666666666666666,0.5,0.21666666666666667,0.26666666666666666,1.0,1.0,0.06666666666666667,0.06666666666666667,0.0,0.0,0.0,0.0,0.0,1.0,0.0,1.0,0.125,0.25,0.375,0.25,0.0,0.0,0.0,0.0,0.0,0.0,0.0,1.0,0.0,0.0,0.0,0.0,0.0,0.0,0.0,0.0,0.0,0.0,0.0,0.0,0.0,0.0,0.0,0.0,0.0,0.0,0.0,0.0,0.0,0.0,0.0,1.0,0.0,0.0,0.0,0.0,0.0,0.0,0.0,0.0,0.0,0.0,0.0,0.0,0.0,0.0,0.0,0.615,high_action+public_disagreement+profile_spread,0.3333333333333333,0.0,1.0
hybrid_vote_diverse_ranker,rev0041_s0010_acf_g0011_life20_outcome_threat_fovr_vs_outcome_fjace_step0143,acf_g0011_life20_outcome_threat_fovr_vs_outcome_fjace,143,1,13,15,8,5,random_budget_fill+screen_vote+hybrid_top_prior+diversity_representative,"CHOOSE_FOR_EFFECT(effect=jace_brainstorm_putback, first_draw=JaceTheMindSculptor, second_draw=Island)",0,1,2,1.0,0.0,1.0,1.0,1.0,1.0,0.0,0.0,0.0,0.0,1,1,1,1,1,20,1,outcome_ranker_blend_threat_rev0025,outcome_linear_ranker_rev0025,mulligan_ranker_rev0024,mulligan_ranker_rev0024,1.0,0.0,0.0,0.0,1.0,0.0,1.0,0.0,1.0,1.0,1.0,0.9,0.0,0.0,0.6666666666666666,0.5,0.21666666666666667,0.26666666666666666,1.0,1.0,0.06666666666666667,0.06666666666666667,0.0,0.0,0.0,0.0,0.0,1.0,0.0,1.0,0.125,0.25,0.375,0.25,0.0,0.0,0.0,0.0,0.0,0.0,0.0,1.0,0.0,0.0,0.0,0.0,0.0,0.0,0.0,0.0,0.0,0.0,0.0,0.0,0.0,0.0,0.0,0.0,0.0,0.0,0.0,0.0,0.0,0.0,0.0,1.0,0.0,0.0,0.0,0.0,0.0,0.0,0.0,0.0,0.0,0.0,0.0,0.0,0.0,0.0,0.0,0.615,high_action+public_disagreement+profile_spread,0.3333333333333333,0.0,1.0
unscreened_budget,rev0041_s0011_acf_g0012_life20_outcome_threat_fovr_vs_outcome_threat_fovr_step0106,acf_g0012_life20_outcome_threat_fovr_vs_outcome_threat_fovr,106,1,0,7,6,5,behavior_chosen,PASS,1,1,2,1.0,0.0,1.0,1.0,1.0,1.0,0.0,0.0,0.0,0.0,1,1,1,1,1,20,0,outcome_ranker_blend_threat_rev0025,outcome_ranker_blend_threat_rev0025,mulligan_ranker_rev0024,mulligan_ranker_rev0024,0.0,1.0,0.0,0.0,1.0,0.0,1.0,0.0,1.0,1.0,0.0,0.0,0.7,0.7,0.5,0.16666666666666666,0.3333333333333333,0.38333333333333336,1.0,1.0,0.06666666666666667,0.13333333333333333,0.0,0.0,0.0,0.0,0.3333333333333333,0.0,0.0,0.0,0.125,0.0,0.375,0.125,0.125,1.0,0.0,0.0,0.0,0.0,0.0,0.0,0.0,0.0,0.0,0.0,0.0,0.0,0.0,0.0,0.0,0.0,0.0,0.0,0.0,0.0,0.0,0.0,0.0,0.0,0.0,0.0,0.0,0.0,0.0,0.0,0.0,0.0,0.0,0.0,0.0,0.0,0.0,0.0,0.0,0.0,0.0,0.0,0.0,0.0,1.0,0.6115640111683442,high_action+public_disagreement+profile_spread+ranker_spread,0.3548387096774194,0.25961350365960156,1.0
unscreened_budget,rev0041_s0011_acf_g0012_life20_outcome_threat_fovr_vs_outcome_threat_fovr_step0106,acf_g0012_life20_outcome_threat_fovr_vs_outcome_threat_fovr,106,1,1,7,6,5,diversity_representative,"CAST(card=ForceOfWill, payment=pitch, pitch_card=ForceOfWill, target_card=Counterspell, target_id=13)",0,0,2,1.0,0.0,1.0,1.0,1.0,1.0,0.0,0.0,0.0,0.0,1,1,1,1,1,20,0,outcome_ranker_blend_threat_rev0025,outcome_ranker_blend_threat_rev0025,mulligan_ranker_rev0024,mulligan_ranker_rev0024,0.0,1.0,0.0,0.0,1.0,0.0,1.0,0.0,1.0,1.0,0.0,0.0,0.7,0.7,0.5,0.16666666666666666,0.3333333333333333,0.38333333333333336,1.0,1.0,0.06666666666666667,0.13333333333333333,0.0,0.0,0.0,0.0,0.3333333333333333,0.0,0.0,0.0,0.125,0.0,0.375,0.125,0.125,0.0,0.0,1.0,0.0,0.0,0.0,0.0,0.0,1.0,0.0,0.0,0.0,1.0,0.0,1.0,0.0,0.0,1.0,0.0,0.0,0.0,0.0,0.0,0.0,0.0,0.0,0.0,0.0,0.0,0.0,0.0,0.0,0.0,0.0,1.0,0.0,0.0,0.0,0.0,0.0,0.0,0.0,0.0,0.0,0.0,0.0,0.6115640111683442,high_action+public_disagreement+profile_spread+ranker_spread,0.3548387096774194,0.25961350365960156,1.0
unscreened_budget,rev0041_s0011_acf_g0012_life20_outcome_threat_fovr_vs_outcome_threat_fovr_step0106,acf_g0012_life20_outcome_threat_fovr_vs_outcome_threat_fovr,106,1,2,7,6,5,diversity_representative,"CAST(card=ForceOfWill, payment=pitch, pitch_card=JaceTheMindSculptor, target_card=Counterspell, target_id=13)",0,0,2,1.0,0.0,1.0,1.0,1.0,1.0,0.0,0.0,0.0,0.0,1,1,1,1,1,20,0,outcome_ranker_blend_threat_rev0025,outcome_ranker_blend_threat_rev0025,mulligan_ranker_rev0024,mulligan_ranker_rev0024,0.0,1.0,0.0,0.0,1.0,0.0,1.0,0.0,1.0,1.0,0.0,0.0,0.7,0.7,0.5,0.16666666666666666,0.3333333333333333,0.38333333333333336,1.0,1.0,0.06666666666666667,0.13333333333333333,0.0,0.0,0.0,0.0,0.3333333333333333,0.0,0.0,0.0,0.125,0.0,0.375,0.125,0.125,0.0,0.0,1.0,0.0,0.0,0.0,0.0,0.0,1.0,0.0,0.0,0.0,1.0,0.0,0.0,1.0,0.0,1.0,0.0,0.0,0.0,0.0,0.0,0.0,0.0,0.0,0.0,0.0,0.0,0.0,0.0,0.0,0.0,0.0,1.0,0.0,0.0,0.0,0.0,0.0,0.0,0.0,0.0,0.0,0.0,0.0,0.6115640111683442,high_action+public_disagreement+profile_spread+ranker_spread,0.3548387096774194,0.25961350365960156,1.0
unscreened_budget,rev0041_s0011_acf_g0012_life20_outcome_threat_fovr_vs_outcome_threat_fovr_step0106,acf_g0012_life20_outcome_threat_fovr_vs_outcome_threat_fovr,106,1,3,7,6,5,diversity_representative,"CAST(card=ForceOfWill, payment=pitch, pitch_card=OverlordOfTheFloodpits, target_card=Counterspell, target_id=13)",0,1,2,0.0,0.0,1.0,1.0,1.0,1.0,1.0,0.0,0.0,0.0,0,0,1,1,1,20,0,outcome_ranker_blend_threat_rev0025,outcome_ranker_blend_threat_rev0025,mulligan_ranker_rev0024,mulligan_ranker_rev0024,0.0,1.0,0.0,0.0,1.0,0.0,1.0,0.0,1.0,1.0,0.0,0.0,0.7,0.7,0.5,0.16666666666666666,0.3333333333333333,0.38333333333333336,1.0,1.0,0.06666666666666667,0.13333333333333333,0.0,0.0,0.0,0.0,0.3333333333333333,0.0,0.0,0.0,0.125,0.0,0.375,0.125,0.125,0.0,0.0,1.0,0.0,0.0,0.0,0.0,0.0,1.0,0.0,0.0,0.0,1.0,0.0,0.0,0.0,1.0,1.0,0.0,0.0,0.0,0.0,0.0,0.0,0.0,0.0,0.0,0.0,0.0,0.0,0.0,0.0,0.0,0.0,1.0,0.0,0.0,0.0,0.0,0.0,0.0,0.0,0.0,0.0,0.0,0.0,0.6115640111683442,high_action+public_disagreement+profile_spread+ranker_spread,0.3548387096774194,0.25961350365960156,1.0
unscreened_budget,rev0041_s0011_acf_g0012_life20_outcome_threat_fovr_vs_outcome_threat_fovr_step0106,acf_g0012_life20_outcome_threat_fovr_vs_outcome_threat_fovr,106,1,4,7,6,5,random_budget_fill,"CAST(card=ForceOfWill, payment=pitch, pitch_card=ForceOfWill, target_card=Counterspell, target_id=14)",0,1,2,1.0,0.0,1.0,1.0,1.0,1.0,0.0,0.0,0.0,0.0,1,1,1,1,1,20,0,outcome_ranker_blend_threat_rev0025,outcome_ranker_blend_threat_rev0025,mulligan_ranker_rev0024,mulligan_ranker_rev0024,0.0,1.0,0.0,0.0,1.0,0.0,1.0,0.0,1.0,1.0,0.0,0.0,0.7,0.7,0.5,0.16666666666666666,0.3333333333333333,0.38333333333333336,1.0,1.0,0.06666666666666667,0.13333333333333333,0.0,0.0,0.0,0.0,0.3333333333333333,0.0,0.0,0.0,0.125,0.0,0.375,0.125,0.125,0.0,0.0,1.0,0.0,0.0,0.0,0.0,0.0,1.0,0.0,0.0,0.0,1.0,0.0,1.0,0.0,0.0,1.0,0.0,0.0,0.0,0.0,0.0,0.0,0.0,0.0,0.0,0.0,0.0,0.0,0.0,0.0,0.0,0.0,1.0,0.0,0.0,0.0,0.0,0.0,0.0,0.0,0.0,0.0,0.0,0.0,0.6115640111683442,high_action+public_disagreement+profile_spread+ranker_spread,0.3548387096774194,0.25961350365960156,1.0
screened_vote_budget,rev0041_s0011_acf_g0012_life20_outcome_threat_fovr_vs_outcome_threat_fovr_step0106,acf_g0012_life20_outcome_threat_fovr_vs_outcome_threat_fovr,106,1,0,7,6,5,behavior_chosen+screen_vote,PASS,1,1,2,1.0,0.0,1.0,1.0,1.0,1.0,0.0,0.0,0.0,0.0,1,1,1,1,1,20,0,outcome_ranker_blend_threat_rev0025,outcome_ranker_blend_threat_rev0025,mulligan_ranker_rev0024,mulligan_ranker_rev0024,0.0,1.0,0.0,0.0,1.0,0.0,1.0,0.0,1.0,1.0,0.0,0.0,0.7,0.7,0.5,0.16666666666666666,0.3333333333333333,0.38333333333333336,1.0,1.0,0.06666666666666667,0.13333333333333333,0.0,0.0,0.0,0.0,0.3333333333333333,0.0,0.0,0.0,0.125,0.0,0.375,0.125,0.125,1.0,0.0,0.0,0.0,0.0,0.0,0.0,0.0,0.0,0.0,0.0,0.0,0.0,0.0,0.0,0.0,0.0,0.0,0.0,0.0,0.0,0.0,0.0,0.0,0.0,0.0,0.0,0.0,0.0,0.0,0.0,0.0,0.0,0.0,0.0,0.0,0.0,0.0,0.0,0.0,0.0,0.0,0.0,0.0,0.0,1.0,0.6115640111683442,high_action+public_disagreement+profile_spread+ranker_spread,0.3548387096774194,0.25961350365960156,1.0
screened_vote_budget,rev0041_s0011_acf_g0012_life20_outcome_threat_fovr_vs_outcome_threat_fovr_step0106,acf_g0012_life20_outcome_threat_fovr_vs_outcome_threat_fovr,106,1,1,7,6,5,diversity_representative,"CAST(card=ForceOfWill, payment=pitch, pitch_card=ForceOfWill, target_card=Counterspell, target_id=13)",0,0,2,1.0,0.0,1.0,1.0,1.0,1.0,0.0,0.0,0.0,0.0,1,1,1,1,1,20,0,outcome_ranker_blend_threat_rev0025,outcome_ranker_blend_threat_rev0025,mulligan_ranker_rev0024,mulligan_ranker_rev0024,0.0,1.0,0.0,0.0,1.0,0.0,1.0,0.0,1.0,1.0,0.0,0.0,0.7,0.7,0.5,0.16666666666666666,0.3333333333333333,0.38333333333333336,1.0,1.0,0.06666666666666667,0.13333333333333333,0.0,0.0,0.0,0.0,0.3333333333333333,0.0,0.0,0.0,0.125,0.0,0.375,0.125,0.125,0.0,0.0,1.0,0.0,0.0,0.0,0.0,0.0,1.0,0.0,0.0,0.0,1.0,0.0,1.0,0.0,0.0,1.0,0.0,0.0,0.0,0.0,0.0,0.0,0.0,0.0,0.0,0.0,0.0,0.0,0.0,0.0,0.0,0.0,1.0,0.0,0.0,0.0,0.0,0.0,0.0,0.0,0.0,0.0,0.0,0.0,0.6115640111683442,high_action+public_disagreement+profile_spread+ranker_spread,0.3548387096774194,0.25961350365960156,1.0
screened_vote_budget,rev0041_s0011_acf_g0012_life20_outcome_threat_fovr_vs_outcome_threat_fovr_step0106,acf_g0012_life20_outcome_threat_fovr_vs_outcome_threat_fovr,106,1,3,7,6,5,diversity_representative+screen_vote,"CAST(card=ForceOfWill, payment=pitch, pitch_card=OverlordOfTheFloodpits, target_card=Counterspell, target_id=13)",0,1,2,0.0,0.0,1.0,1.0,1.0,1.0,1.0,0.0,0.0,0.0,0,0,1,1,1,20,0,outcome_ranker_blend_threat_rev0025,outcome_ranker_blend_threat_rev0025,mulligan_ranker_rev0024,mulligan_ranker_rev0024,0.0,1.0,0.0,0.0,1.0,0.0,1.0,0.0,1.0,1.0,0.0,0.0,0.7,0.7,0.5,0.16666666666666666,0.3333333333333333,0.38333333333333336,1.0,1.0,0.06666666666666667,0.13333333333333333,0.0,0.0,0.0,0.0,0.3333333333333333,0.0,0.0,0.0,0.125,0.0,0.375,0.125,0.125,0.0,0.0,1.0,0.0,0.0,0.0,0.0,0.0,1.0,0.0,0.0,0.0,1.0,0.0,0.0,0.0,1.0,1.0,0.0,0.0,0.0,0.0,0.0,0.0,0.0,0.0,0.0,0.0,0.0,0.0,0.0,0.0,0.0,0.0,1.0,0.0,0.0,0.0,0.0,0.0,0.0,0.0,0.0,0.0,0.0,0.0,0.6115640111683442,high_action+public_disagreement+profile_spread+ranker_spread,0.3548387096774194,0.25961350365960156,1.0
screened_vote_budget,rev0041_s0011_acf_g0012_life20_outcome_threat_fovr_vs_outcome_threat_fovr_step0106,acf_g0012_life20_outcome_threat_fovr_vs_outcome_threat_fovr,106,1,4,7,6,5,screen_vote,"CAST(card=ForceOfWill, payment=pitch, pitch_card=ForceOfWill, target_card=Counterspell, target_id=14)",0,1,2,1.0,0.0,1.0,1.0,1.0,1.0,0.0,0.0,0.0,0.0,1,1,1,1,1,20,0,outcome_ranker_blend_threat_rev0025,outcome_ranker_blend_threat_rev0025,mulligan_ranker_rev0024,mulligan_ranker_rev0024,0.0,1.0,0.0,0.0,1.0,0.0,1.0,0.0,1.0,1.0,0.0,0.0,0.7,0.7,0.5,0.16666666666666666,0.3333333333333333,0.38333333333333336,1.0,1.0,0.06666666666666667,0.13333333333333333,0.0,0.0,0.0,0.0,0.3333333333333333,0.0,0.0,0.0,0.125,0.0,0.375,0.125,0.125,0.0,0.0,1.0,0.0,0.0,0.0,0.0,0.0,1.0,0.0,0.0,0.0,1.0,0.0,1.0,0.0,0.0,1.0,0.0,0.0,0.0,0.0,0.0,0.0,0.0,0.0,0.0,0.0,0.0,0.0,0.0,0.0,0.0,0.0,1.0,0.0,0.0,0.0,0.0,0.0,0.0,0.0,0.0,0.0,0.0,0.0,0.6115640111683442,high_action+public_disagreement+profile_spread+ranker_spread,0.3548387096774194,0.25961350365960156,1.0
screened_vote_budget,rev0041_s0011_acf_g0012_life20_outcome_threat_fovr_vs_outcome_threat_fovr_step0106,acf_g0012_life20_outcome_threat_fovr_vs_outcome_threat_fovr,106,1,6,7,6,5,screen_vote,"CAST(card=ForceOfWill, payment=pitch, pitch_card=OverlordOfTheFloodpits, target_card=Counterspell, target_id=14)",0,1,2,0.0,0.0,1.0,1.0,1.0,1.0,1.0,0.0,0.0,0.0,0,0,1,1,1,20,0,outcome_ranker_blend_threat_rev0025,outcome_ranker_blend_threat_rev0025,mulligan_ranker_rev0024,mulligan_ranker_rev0024,0.0,1.0,0.0,0.0,1.0,0.0,1.0,0.0,1.0,1.0,0.0,0.0,0.7,0.7,0.5,0.16666666666666666,0.3333333333333333,0.38333333333333336,1.0,1.0,0.06666666666666667,0.13333333333333333,0.0,0.0,0.0,0.0,0.3333333333333333,0.0,0.0,0.0,0.125,0.0,0.375,0.125,0.125,0.0,0.0,1.0,0.0,0.0,0.0,0.0,0.0,1.0,0.0,0.0,0.0,1.0,0.0,0.0,0.0,1.0,1.0,0.0,0.0,0.0,0.0,0.0,0.0,0.0,0.0,0.0,0.0,0.0,0.0,0.0,0.0,0.0,0.0,1.0,0.0,0.0,0.0,0.0,0.0,0.0,0.0,0.0,0.0,0.0,0.0,0.6115640111683442,high_action+public_disagreement+profile_spread+ranker_spread,0.3548387096774194,0.25961350365960156,1.0
hybrid_vote_diverse_ranker,rev0041_s0011_acf_g0012_life20_outcome_threat_fovr_vs_outcome_threat_fovr_step0106,acf_g0012_life20_outcome_threat_fovr_vs_outcome_threat_fovr,106,1,0,7,6,5,behavior_chosen+diversity_representative,PASS,1,1,2,1.0,0.0,1.0,1.0,1.0,1.0,0.0,0.0,0.0,0.0,1,1,1,1,1,20,0,outcome_ranker_blend_threat_rev0025,outcome_ranker_blend_threat_rev0025,mulligan_ranker_rev0024,mulligan_ranker_rev0024,0.0,1.0,0.0,0.0,1.0,0.0,1.0,0.0,1.0,1.0,0.0,0.0,0.7,0.7,0.5,0.16666666666666666,0.3333333333333333,0.38333333333333336,1.0,1.0,0.06666666666666667,0.13333333333333333,0.0,0.0,0.0,0.0,0.3333333333333333,0.0,0.0,0.0,0.125,0.0,0.375,0.125,0.125,1.0,0.0,0.0,0.0,0.0,0.0,0.0,0.0,0.0,0.0,0.0,0.0,0.0,0.0,0.0,0.0,0.0,0.0,0.0,0.0,0.0,0.0,0.0,0.0,0.0,0.0,0.0,0.0,0.0,0.0,0.0,0.0,0.0,0.0,0.0,0.0,0.0,0.0,0.0,0.0,0.0,0.0,0.0,0.0,0.0,1.0,0.6115640111683442,high_action+public_disagreement+profile_spread+ranker_spread,0.3548387096774194,0.25961350365960156,1.0
hybrid_vote_diverse_ranker,rev0041_s0011_acf_g0012_life20_outcome_threat_fovr_vs_outcome_threat_fovr_step0106,acf_g0012_life20_outcome_threat_fovr_vs_outcome_threat_fovr,106,1,2,7,6,5,diversity_representative,"CAST(card=ForceOfWill, payment=pitch, pitch_card=JaceTheMindSculptor, target_card=Counterspell, target_id=13)",0,0,2,1.0,0.0,1.0,1.0,1.0,1.0,0.0,0.0,0.0,0.0,1,1,1,1,1,20,0,outcome_ranker_blend_threat_rev0025,outcome_ranker_blend_threat_rev0025,mulligan_ranker_rev0024,mulligan_ranker_rev0024,0.0,1.0,0.0,0.0,1.0,0.0,1.0,0.0,1.0,1.0,0.0,0.0,0.7,0.7,0.5,0.16666666666666666,0.3333333333333333,0.38333333333333336,1.0,1.0,0.06666666666666667,0.13333333333333333,0.0,0.0,0.0,0.0,0.3333333333333333,0.0,0.0,0.0,0.125,0.0,0.375,0.125,0.125,0.0,0.0,1.0,0.0,0.0,0.0,0.0,0.0,1.0,0.0,0.0,0.0,1.0,0.0,0.0,1.0,0.0,1.0,0.0,0.0,0.0,0.0,0.0,0.0,0.0,0.0,0.0,0.0,0.0,0.0,0.0,0.0,0.0,0.0,1.0,0.0,0.0,0.0,0.0,0.0,0.0,0.0,0.0,0.0,0.0,0.0,0.6115640111683442,high_action+public_disagreement+profile_spread+ranker_spread,0.3548387096774194,0.25961350365960156,1.0
hybrid_vote_diverse_ranker,rev0041_s0011_acf_g0012_life20_outcome_threat_fovr_vs_outcome_threat_fovr_step0106,acf_g0012_life20_outcome_threat_fovr_vs_outcome_threat_fovr,106,1,3,7,6,5,diversity_representative+screen_vote+hybrid_top_prior,"CAST(card=ForceOfWill, payment=pitch, pitch_card=OverlordOfTheFloodpits, target_card=Counterspell, target_id=13)",0,1,2,0.0,0.0,1.0,1.0,1.0,1.0,1.0,0.0,0.0,0.0,0,0,1,1,1,20,0,outcome_ranker_blend_threat_rev0025,outcome_ranker_blend_threat_rev0025,mulligan_ranker_rev0024,mulligan_ranker_rev0024,0.0,1.0,0.0,0.0,1.0,0.0,1.0,0.0,1.0,1.0,0.0,0.0,0.7,0.7,0.5,0.16666666666666666,0.3333333333333333,0.38333333333333336,1.0,1.0,0.06666666666666667,0.13333333333333333,0.0,0.0,0.0,0.0,0.3333333333333333,0.0,0.0,0.0,0.125,0.0,0.375,0.125,0.125,0.0,0.0,1.0,0.0,0.0,0.0,0.0,0.0,1.0,0.0,0.0,0.0,1.0,0.0,0.0,0.0,1.0,1.0,0.0,0.0,0.0,0.0,0.0,0.0,0.0,0.0,0.0,0.0,0.0,0.0,0.0,0.0,0.0,0.0,1.0,0.0,0.0,0.0,0.0,0.0,0.0,0.0,0.0,0.0,0.0,0.0,0.6115640111683442,high_action+public_disagreement+profile_spread+ranker_spread,0.3548387096774194,0.25961350365960156,1.0
hybrid_vote_diverse_ranker,rev0041_s0011_acf_g0012_life20_outcome_threat_fovr_vs_outcome_threat_fovr_step0106,acf_g0012_life20_outcome_threat_fovr_vs_outcome_threat_fovr,106,1,4,7,6,5,diversity_representative,"CAST(card=ForceOfWill, payment=pitch, pitch_card=ForceOfWill, target_card=Counterspell, target_id=14)",0,1,2,1.0,0.0,1.0,1.0,1.0,1.0,0.0,0.0,0.0,0.0,1,1,1,1,1,20,0,outcome_ranker_blend_threat_rev0025,outcome_ranker_blend_threat_rev0025,mulligan_ranker_rev0024,mulligan_ranker_rev0024,0.0,1.0,0.0,0.0,1.0,0.0,1.0,0.0,1.0,1.0,0.0,0.0,0.7,0.7,0.5,0.16666666666666666,0.3333333333333333,0.38333333333333336,1.0,1.0,0.06666666666666667,0.13333333333333333,0.0,0.0,0.0,0.0,0.3333333333333333,0.0,0.0,0.0,0.125,0.0,0.375,0.125,0.125,0.0,0.0,1.0,0.0,0.0,0.0,0.0,0.0,1.0,0.0,0.0,0.0,1.0,0.0,1.0,0.0,0.0,1.0,0.0,0.0,0.0,0.0,0.0,0.0,0.0,0.0,0.0,0.0,0.0,0.0,0.0,0.0,0.0,0.0,1.0,0.0,0.0,0.0,0.0,0.0,0.0,0.0,0.0,0.0,0.0,0.0,0.6115640111683442,high_action+public_disagreement+profile_spread+ranker_spread,0.3548387096774194,0.25961350365960156,1.0
hybrid_vote_diverse_ranker,rev0041_s0011_acf_g0012_life20_outcome_threat_fovr_vs_outcome_threat_fovr_step0106,acf_g0012_life20_outcome_threat_fovr_vs_outcome_threat_fovr,106,1,6,7,6,5,random_budget_fill+screen_vote,"CAST(card=ForceOfWill, payment=pitch, pitch_card=OverlordOfTheFloodpits, target_card=Counterspell, target_id=14)",0,1,2,0.0,0.0,1.0,1.0,1.0,1.0,1.0,0.0,0.0,0.0,0,0,1,1,1,20,0,outcome_ranker_blend_threat_rev0025,outcome_ranker_blend_threat_rev0025,mulligan_ranker_rev0024,mulligan_ranker_rev0024,0.0,1.0,0.0,0.0,1.0,0.0,1.0,0.0,1.0,1.0,0.0,0.0,0.7,0.7,0.5,0.16666666666666666,0.3333333333333333,0.38333333333333336,1.0,1.0,0.06666666666666667,0.13333333333333333,0.0,0.0,0.0,0.0,0.3333333333333333,0.0,0.0,0.0,0.125,0.0,0.375,0.125,0.125,0.0,0.0,1.0,0.0,0.0,0.0,0.0,0.0,1.0,0.0,0.0,0.0,1.0,0.0,0.0,0.0,1.0,1.0,0.0,0.0,0.0,0.0,0.0,0.0,0.0,0.0,0.0,0.0,0.0,0.0,0.0,0.0,0.0,0.0,1.0,0.0,0.0,0.0,0.0,0.0,0.0,0.0,0.0,0.0,0.0,0.0,0.6115640111683442,high_action+public_disagreement+profile_spread+ranker_spread,0.3548387096774194,0.25961350365960156,1.0
