seed,config_name,starting_life,construction_knows_life,constructor_known_life,constructor_possible_life_totals,deck0_name,deck1_name,deck0_tuple,deck1_tuple,starting_player,winner_index,winner_name,loss_reason,decisions,log_events
4000,known_life_20,20,True,20,20|40,forty_force_jace_pressure,forty_force_jace_pressure,"(40, 20, 8, 6, 4, 2)","(40, 20, 8, 6, 4, 2)",0,0,forty_force_jace_pressure,player_1_attempted_to_draw_from_empty_library,221,315
4001,known_life_20,20,True,20,20|40,forty_force_jace_pressure,forty_force_jace_pressure,"(40, 20, 8, 6, 4, 2)","(40, 20, 8, 6, 4, 2)",1,0,forty_force_jace_pressure,player_1_attempted_to_draw_from_empty_library,281,383
4002,known_life_20,20,True,20,20|40,forty_force_jace_pressure,forty_overlord_impending,"(40, 20, 8, 6, 4, 2)","(40, 21, 7, 4, 2, 6)",0,0,forty_force_jace_pressure,player_1_attempted_to_draw_from_empty_library,231,322
4003,known_life_20,20,True,20,20|40,forty_force_jace_pressure,forty_overlord_impending,"(40, 20, 8, 6, 4, 2)","(40, 21, 7, 4, 2, 6)",1,1,forty_overlord_impending,player_0_life_total_zero_or_less,223,328
4004,known_life_20,20,True,20,20|40,forty_force_jace_pressure,forty_land_light_force_comboish,"(40, 20, 8, 6, 4, 2)","(40, 17, 9, 8, 4, 2)",0,0,forty_force_jace_pressure,player_1_attempted_to_draw_from_empty_library,259,374
4005,known_life_20,20,True,20,20|40,forty_force_jace_pressure,forty_land_light_force_comboish,"(40, 20, 8, 6, 4, 2)","(40, 17, 9, 8, 4, 2)",1,0,forty_force_jace_pressure,player_1_life_total_zero_or_less,107,157
4006,known_life_20,20,True,20,20|40,forty_force_jace_pressure,sixty_drawless_control_big,"(40, 20, 8, 6, 4, 2)","(60, 30, 12, 8, 6, 4)",0,1,sixty_drawless_control_big,player_0_attempted_to_draw_from_empty_library,231,328
4007,known_life_20,20,True,20,20|40,forty_force_jace_pressure,sixty_drawless_control_big,"(40, 20, 8, 6, 4, 2)","(60, 30, 12, 8, 6, 4)",1,1,sixty_drawless_control_big,player_0_attempted_to_draw_from_empty_library,315,437
4008,known_life_20,20,True,20,20|40,forty_force_jace_pressure,sixty_overlord_heavy,"(40, 20, 8, 6, 4, 2)","(60, 29, 10, 6, 3, 12)",0,1,sixty_overlord_heavy,player_0_life_total_zero_or_less,322,439
4009,known_life_20,20,True,20,20|40,forty_force_jace_pressure,sixty_overlord_heavy,"(40, 20, 8, 6, 4, 2)","(60, 29, 10, 6, 3, 12)",1,1,sixty_overlord_heavy,player_0_attempted_to_draw_from_empty_library,278,384
4010,known_life_20,20,True,20,20|40,forty_force_jace_pressure,sixty_counterwall_jace,"(40, 20, 8, 6, 4, 2)","(60, 31, 16, 7, 5, 1)",0,1,sixty_counterwall_jace,player_0_attempted_to_draw_from_empty_library,253,359
4011,known_life_20,20,True,20,20|40,forty_force_jace_pressure,sixty_counterwall_jace,"(40, 20, 8, 6, 4, 2)","(60, 31, 16, 7, 5, 1)",1,1,sixty_counterwall_jace,player_0_attempted_to_draw_from_empty_library,244,345
4012,known_life_20,20,True,20,20|40,forty_force_jace_pressure,forty_minimal_threat_decking_gambit,"(40, 20, 8, 6, 4, 2)","(40, 22, 12, 4, 1, 1)",0,0,forty_force_jace_pressure,player_1_attempted_to_draw_from_empty_library,335,504
4013,known_life_20,20,True,20,20|40,forty_force_jace_pressure,forty_minimal_threat_decking_gambit,"(40, 20, 8, 6, 4, 2)","(40, 22, 12, 4, 1, 1)",1,1,forty_minimal_threat_decking_gambit,player_0_attempted_to_draw_from_empty_library,270,393
4014,known_life_20,20,True,20,20|40,forty_force_jace_pressure,sixty_no_overlord_jace_only,"(40, 20, 8, 6, 4, 2)","(60, 30, 15, 9, 6, 0)",0,1,sixty_no_overlord_jace_only,player_0_attempted_to_draw_from_empty_library,278,381
4015,known_life_20,20,True,20,20|40,forty_force_jace_pressure,sixty_no_overlord_jace_only,"(40, 20, 8, 6, 4, 2)","(60, 30, 15, 9, 6, 0)",1,1,sixty_no_overlord_jace_only,player_0_attempted_to_draw_from_empty_library,288,392
4016,known_life_20,20,True,20,20|40,forty_overlord_impending,forty_force_jace_pressure,"(40, 21, 7, 4, 2, 6)","(40, 20, 8, 6, 4, 2)",0,0,forty_overlord_impending,player_1_attempted_to_draw_from_empty_library,210,300
4017,known_life_20,20,True,20,20|40,forty_overlord_impending,forty_force_jace_pressure,"(40, 21, 7, 4, 2, 6)","(40, 20, 8, 6, 4, 2)",1,1,forty_force_jace_pressure,player_0_attempted_to_draw_from_empty_library,213,302
4018,known_life_20,20,True,20,20|40,forty_overlord_impending,forty_overlord_impending,"(40, 21, 7, 4, 2, 6)","(40, 21, 7, 4, 2, 6)",0,0,forty_overlord_impending,player_1_life_total_zero_or_less,102,149
4019,known_life_20,20,True,20,20|40,forty_overlord_impending,forty_overlord_impending,"(40, 21, 7, 4, 2, 6)","(40, 21, 7, 4, 2, 6)",1,0,forty_overlord_impending,player_1_attempted_to_draw_from_empty_library,226,312
4020,known_life_20,20,True,20,20|40,forty_overlord_impending,forty_land_light_force_comboish,"(40, 21, 7, 4, 2, 6)","(40, 17, 9, 8, 4, 2)",0,0,forty_overlord_impending,player_1_attempted_to_draw_from_empty_library,261,387
4021,known_life_20,20,True,20,20|40,forty_overlord_impending,forty_land_light_force_comboish,"(40, 21, 7, 4, 2, 6)","(40, 17, 9, 8, 4, 2)",1,0,forty_overlord_impending,player_1_life_total_zero_or_less,168,243
4022,known_life_20,20,True,20,20|40,forty_overlord_impending,sixty_drawless_control_big,"(40, 21, 7, 4, 2, 6)","(60, 30, 12, 8, 6, 4)",0,1,sixty_drawless_control_big,player_0_life_total_zero_or_less,217,308
4023,known_life_20,20,True,20,20|40,forty_overlord_impending,sixty_drawless_control_big,"(40, 21, 7, 4, 2, 6)","(60, 30, 12, 8, 6, 4)",1,1,sixty_drawless_control_big,player_0_attempted_to_draw_from_empty_library,251,345
4024,known_life_20,20,True,20,20|40,forty_overlord_impending,sixty_overlord_heavy,"(40, 21, 7, 4, 2, 6)","(60, 29, 10, 6, 3, 12)",0,1,sixty_overlord_heavy,player_0_life_total_zero_or_less,231,321
4025,known_life_20,20,True,20,20|40,forty_overlord_impending,sixty_overlord_heavy,"(40, 21, 7, 4, 2, 6)","(60, 29, 10, 6, 3, 12)",1,0,forty_overlord_impending,player_1_life_total_zero_or_less,117,169
4026,known_life_20,20,True,20,20|40,forty_overlord_impending,sixty_counterwall_jace,"(40, 21, 7, 4, 2, 6)","(60, 31, 16, 7, 5, 1)",0,1,sixty_counterwall_jace,player_0_attempted_to_draw_from_empty_library,348,525
4027,known_life_20,20,True,20,20|40,forty_overlord_impending,sixty_counterwall_jace,"(40, 21, 7, 4, 2, 6)","(60, 31, 16, 7, 5, 1)",1,0,forty_overlord_impending,player_1_attempted_to_draw_from_empty_library,386,545
4028,known_life_20,20,True,20,20|40,forty_overlord_impending,forty_minimal_threat_decking_gambit,"(40, 21, 7, 4, 2, 6)","(40, 22, 12, 4, 1, 1)",0,0,forty_overlord_impending,player_1_life_total_zero_or_less,226,335
4029,known_life_20,20,True,20,20|40,forty_overlord_impending,forty_minimal_threat_decking_gambit,"(40, 21, 7, 4, 2, 6)","(40, 22, 12, 4, 1, 1)",1,0,forty_overlord_impending,player_1_life_total_zero_or_less,155,227
4030,known_life_20,20,True,20,20|40,forty_overlord_impending,sixty_no_overlord_jace_only,"(40, 21, 7, 4, 2, 6)","(60, 30, 15, 9, 6, 0)",0,1,sixty_no_overlord_jace_only,player_0_attempted_to_draw_from_empty_library,339,483
4031,known_life_20,20,True,20,20|40,forty_overlord_impending,sixty_no_overlord_jace_only,"(40, 21, 7, 4, 2, 6)","(60, 30, 15, 9, 6, 0)",1,1,sixty_no_overlord_jace_only,player_0_attempted_to_draw_from_empty_library,251,346
4032,known_life_20,20,True,20,20|40,forty_land_light_force_comboish,forty_force_jace_pressure,"(40, 17, 9, 8, 4, 2)","(40, 20, 8, 6, 4, 2)",0,0,forty_land_light_force_comboish,player_1_attempted_to_draw_from_empty_library,254,348
4033,known_life_20,20,True,20,20|40,forty_land_light_force_comboish,forty_force_jace_pressure,"(40, 17, 9, 8, 4, 2)","(40, 20, 8, 6, 4, 2)",1,1,forty_force_jace_pressure,player_0_attempted_to_draw_from_empty_library,299,440
4034,known_life_20,20,True,20,20|40,forty_land_light_force_comboish,forty_overlord_impending,"(40, 17, 9, 8, 4, 2)","(40, 21, 7, 4, 2, 6)",0,0,forty_land_light_force_comboish,player_1_attempted_to_draw_from_empty_library,184,268
4035,known_life_20,20,True,20,20|40,forty_land_light_force_comboish,forty_overlord_impending,"(40, 17, 9, 8, 4, 2)","(40, 21, 7, 4, 2, 6)",1,1,forty_overlord_impending,player_0_attempted_to_draw_from_empty_library,250,357
4036,known_life_20,20,True,20,20|40,forty_land_light_force_comboish,forty_land_light_force_comboish,"(40, 17, 9, 8, 4, 2)","(40, 17, 9, 8, 4, 2)",0,0,forty_land_light_force_comboish,player_1_attempted_to_draw_from_empty_library,244,345
4037,known_life_20,20,True,20,20|40,forty_land_light_force_comboish,forty_land_light_force_comboish,"(40, 17, 9, 8, 4, 2)","(40, 17, 9, 8, 4, 2)",1,0,forty_land_light_force_comboish,player_1_attempted_to_draw_from_empty_library,307,463
4038,known_life_20,20,True,20,20|40,forty_land_light_force_comboish,sixty_drawless_control_big,"(40, 17, 9, 8, 4, 2)","(60, 30, 12, 8, 6, 4)",0,1,sixty_drawless_control_big,player_0_attempted_to_draw_from_empty_library,247,351
4039,known_life_20,20,True,20,20|40,forty_land_light_force_comboish,sixty_drawless_control_big,"(40, 17, 9, 8, 4, 2)","(60, 30, 12, 8, 6, 4)",1,1,sixty_drawless_control_big,player_0_life_total_zero_or_less,204,284
4040,known_life_20,20,True,20,20|40,forty_land_light_force_comboish,sixty_overlord_heavy,"(40, 17, 9, 8, 4, 2)","(60, 29, 10, 6, 3, 12)",0,0,forty_land_light_force_comboish,player_1_life_total_zero_or_less,171,239
4041,known_life_20,20,True,20,20|40,forty_land_light_force_comboish,sixty_overlord_heavy,"(40, 17, 9, 8, 4, 2)","(60, 29, 10, 6, 3, 12)",1,1,sixty_overlord_heavy,player_0_attempted_to_draw_from_empty_library,215,311
4042,known_life_20,20,True,20,20|40,forty_land_light_force_comboish,sixty_counterwall_jace,"(40, 17, 9, 8, 4, 2)","(60, 31, 16, 7, 5, 1)",0,1,sixty_counterwall_jace,player_0_attempted_to_draw_from_empty_library,278,402
4043,known_life_20,20,True,20,20|40,forty_land_light_force_comboish,sixty_counterwall_jace,"(40, 17, 9, 8, 4, 2)","(60, 31, 16, 7, 5, 1)",1,1,sixty_counterwall_jace,player_0_attempted_to_draw_from_empty_library,258,372
4044,known_life_20,20,True,20,20|40,forty_land_light_force_comboish,forty_minimal_threat_decking_gambit,"(40, 17, 9, 8, 4, 2)","(40, 22, 12, 4, 1, 1)",0,0,forty_land_light_force_comboish,player_1_attempted_to_draw_from_empty_library,331,500
4045,known_life_20,20,True,20,20|40,forty_land_light_force_comboish,forty_minimal_threat_decking_gambit,"(40, 17, 9, 8, 4, 2)","(40, 22, 12, 4, 1, 1)",1,1,forty_minimal_threat_decking_gambit,player_0_attempted_to_draw_from_empty_library,340,512
4046,known_life_20,20,True,20,20|40,forty_land_light_force_comboish,sixty_no_overlord_jace_only,"(40, 17, 9, 8, 4, 2)","(60, 30, 15, 9, 6, 0)",0,1,sixty_no_overlord_jace_only,player_0_attempted_to_draw_from_empty_library,283,390
4047,known_life_20,20,True,20,20|40,forty_land_light_force_comboish,sixty_no_overlord_jace_only,"(40, 17, 9, 8, 4, 2)","(60, 30, 15, 9, 6, 0)",1,1,sixty_no_overlord_jace_only,player_0_attempted_to_draw_from_empty_library,232,328
4048,known_life_20,20,True,20,20|40,sixty_drawless_control_big,forty_force_jace_pressure,"(60, 30, 12, 8, 6, 4)","(40, 20, 8, 6, 4, 2)",0,1,forty_force_jace_pressure,player_0_attempted_to_draw_from_empty_library,409,592
4049,known_life_20,20,True,20,20|40,sixty_drawless_control_big,forty_force_jace_pressure,"(60, 30, 12, 8, 6, 4)","(40, 20, 8, 6, 4, 2)",1,1,forty_force_jace_pressure,player_0_attempted_to_draw_from_empty_library,384,544
4050,known_life_20,20,True,20,20|40,sixty_drawless_control_big,forty_overlord_impending,"(60, 30, 12, 8, 6, 4)","(40, 21, 7, 4, 2, 6)",0,0,sixty_drawless_control_big,player_1_attempted_to_draw_from_empty_library,237,327
4051,known_life_20,20,True,20,20|40,sixty_drawless_control_big,forty_overlord_impending,"(60, 30, 12, 8, 6, 4)","(40, 21, 7, 4, 2, 6)",1,0,sixty_drawless_control_big,player_1_attempted_to_draw_from_empty_library,297,440
4052,known_life_20,20,True,20,20|40,sixty_drawless_control_big,forty_land_light_force_comboish,"(60, 30, 12, 8, 6, 4)","(40, 17, 9, 8, 4, 2)",0,0,sixty_drawless_control_big,player_1_attempted_to_draw_from_empty_library,233,336
4053,known_life_20,20,True,20,20|40,sixty_drawless_control_big,forty_land_light_force_comboish,"(60, 30, 12, 8, 6, 4)","(40, 17, 9, 8, 4, 2)",1,1,forty_land_light_force_comboish,player_0_life_total_zero_or_less,173,257
4054,known_life_20,20,True,20,20|40,sixty_drawless_control_big,sixty_drawless_control_big,"(60, 30, 12, 8, 6, 4)","(60, 30, 12, 8, 6, 4)",0,1,sixty_drawless_control_big,player_0_life_total_zero_or_less,125,175
4055,known_life_20,20,True,20,20|40,sixty_drawless_control_big,sixty_drawless_control_big,"(60, 30, 12, 8, 6, 4)","(60, 30, 12, 8, 6, 4)",1,1,sixty_drawless_control_big,player_0_attempted_to_draw_from_empty_library,463,625
4056,known_life_20,20,True,20,20|40,sixty_drawless_control_big,sixty_overlord_heavy,"(60, 30, 12, 8, 6, 4)","(60, 29, 10, 6, 3, 12)",0,1,sixty_overlord_heavy,player_0_life_total_zero_or_less,183,253
4057,known_life_20,20,True,20,20|40,sixty_drawless_control_big,sixty_overlord_heavy,"(60, 30, 12, 8, 6, 4)","(60, 29, 10, 6, 3, 12)",1,1,sixty_overlord_heavy,player_0_life_total_zero_or_less,221,320
4058,known_life_20,20,True,20,20|40,sixty_drawless_control_big,sixty_counterwall_jace,"(60, 30, 12, 8, 6, 4)","(60, 31, 16, 7, 5, 1)",0,1,sixty_counterwall_jace,player_0_attempted_to_draw_from_empty_library,451,608
4059,known_life_20,20,True,20,20|40,sixty_drawless_control_big,sixty_counterwall_jace,"(60, 30, 12, 8, 6, 4)","(60, 31, 16, 7, 5, 1)",1,0,sixty_drawless_control_big,player_1_attempted_to_draw_from_empty_library,380,535
4060,known_life_20,20,True,20,20|40,sixty_drawless_control_big,forty_minimal_threat_decking_gambit,"(60, 30, 12, 8, 6, 4)","(40, 22, 12, 4, 1, 1)",0,0,sixty_drawless_control_big,player_1_life_total_zero_or_less,326,467
4061,known_life_20,20,True,20,20|40,sixty_drawless_control_big,forty_minimal_threat_decking_gambit,"(60, 30, 12, 8, 6, 4)","(40, 22, 12, 4, 1, 1)",1,0,sixty_drawless_control_big,player_1_life_total_zero_or_less,126,182
4062,known_life_20,20,True,20,20|40,sixty_drawless_control_big,sixty_no_overlord_jace_only,"(60, 30, 12, 8, 6, 4)","(60, 30, 15, 9, 6, 0)",0,0,sixty_drawless_control_big,player_1_attempted_to_draw_from_empty_library,385,541
4063,known_life_20,20,True,20,20|40,sixty_drawless_control_big,sixty_no_overlord_jace_only,"(60, 30, 12, 8, 6, 4)","(60, 30, 15, 9, 6, 0)",1,1,sixty_no_overlord_jace_only,player_0_attempted_to_draw_from_empty_library,344,502
4064,known_life_20,20,True,20,20|40,sixty_overlord_heavy,forty_force_jace_pressure,"(60, 29, 10, 6, 3, 12)","(40, 20, 8, 6, 4, 2)",0,1,forty_force_jace_pressure,player_0_life_total_zero_or_less,170,235
4065,known_life_20,20,True,20,20|40,sixty_overlord_heavy,forty_force_jace_pressure,"(60, 29, 10, 6, 3, 12)","(40, 20, 8, 6, 4, 2)",1,0,sixty_overlord_heavy,player_1_life_total_zero_or_less,124,180
4066,known_life_20,20,True,20,20|40,sixty_overlord_heavy,forty_overlord_impending,"(60, 29, 10, 6, 3, 12)","(40, 21, 7, 4, 2, 6)",0,0,sixty_overlord_heavy,player_1_attempted_to_draw_from_empty_library,178,249
4067,known_life_20,20,True,20,20|40,sixty_overlord_heavy,forty_overlord_impending,"(60, 29, 10, 6, 3, 12)","(40, 21, 7, 4, 2, 6)",1,0,sixty_overlord_heavy,player_1_life_total_zero_or_less,220,313
4068,known_life_20,20,True,20,20|40,sixty_overlord_heavy,forty_land_light_force_comboish,"(60, 29, 10, 6, 3, 12)","(40, 17, 9, 8, 4, 2)",0,1,forty_land_light_force_comboish,player_0_life_total_zero_or_less,175,258
4069,known_life_20,20,True,20,20|40,sixty_overlord_heavy,forty_land_light_force_comboish,"(60, 29, 10, 6, 3, 12)","(40, 17, 9, 8, 4, 2)",1,0,sixty_overlord_heavy,player_1_life_total_zero_or_less,128,185
4070,known_life_20,20,True,20,20|40,sixty_overlord_heavy,sixty_drawless_control_big,"(60, 29, 10, 6, 3, 12)","(60, 30, 12, 8, 6, 4)",0,0,sixty_overlord_heavy,player_1_life_total_zero_or_less,121,176
4071,known_life_20,20,True,20,20|40,sixty_overlord_heavy,sixty_drawless_control_big,"(60, 29, 10, 6, 3, 12)","(60, 30, 12, 8, 6, 4)",1,1,sixty_drawless_control_big,player_0_attempted_to_draw_from_empty_library,295,404
4072,known_life_20,20,True,20,20|40,sixty_overlord_heavy,sixty_overlord_heavy,"(60, 29, 10, 6, 3, 12)","(60, 29, 10, 6, 3, 12)",0,1,sixty_overlord_heavy,player_0_life_total_zero_or_less,153,214
4073,known_life_20,20,True,20,20|40,sixty_overlord_heavy,sixty_overlord_heavy,"(60, 29, 10, 6, 3, 12)","(60, 29, 10, 6, 3, 12)",1,0,sixty_overlord_heavy,player_1_life_total_zero_or_less,168,235
4074,known_life_20,20,True,20,20|40,sixty_overlord_heavy,sixty_counterwall_jace,"(60, 29, 10, 6, 3, 12)","(60, 31, 16, 7, 5, 1)",0,1,sixty_counterwall_jace,player_0_attempted_to_draw_from_empty_library,381,527
4075,known_life_20,20,True,20,20|40,sixty_overlord_heavy,sixty_counterwall_jace,"(60, 29, 10, 6, 3, 12)","(60, 31, 16, 7, 5, 1)",1,0,sixty_overlord_heavy,player_1_life_total_zero_or_less,163,238
4076,known_life_20,20,True,20,20|40,sixty_overlord_heavy,forty_minimal_threat_decking_gambit,"(60, 29, 10, 6, 3, 12)","(40, 22, 12, 4, 1, 1)",0,0,sixty_overlord_heavy,player_1_attempted_to_draw_from_empty_library,265,387
4077,known_life_20,20,True,20,20|40,sixty_overlord_heavy,forty_minimal_threat_decking_gambit,"(60, 29, 10, 6, 3, 12)","(40, 22, 12, 4, 1, 1)",1,0,sixty_overlord_heavy,player_1_attempted_to_draw_from_empty_library,291,422
4078,known_life_20,20,True,20,20|40,sixty_overlord_heavy,sixty_no_overlord_jace_only,"(60, 29, 10, 6, 3, 12)","(60, 30, 15, 9, 6, 0)",0,,draw_or_timeout,max_decisions_reached,500,744
4079,known_life_20,20,True,20,20|40,sixty_overlord_heavy,sixty_no_overlord_jace_only,"(60, 29, 10, 6, 3, 12)","(60, 30, 15, 9, 6, 0)",1,0,sixty_overlord_heavy,player_1_attempted_to_draw_from_empty_library,434,600
4080,known_life_20,20,True,20,20|40,sixty_counterwall_jace,forty_force_jace_pressure,"(60, 31, 16, 7, 5, 1)","(40, 20, 8, 6, 4, 2)",0,1,forty_force_jace_pressure,player_0_life_total_zero_or_less,159,227
4081,known_life_20,20,True,20,20|40,sixty_counterwall_jace,forty_force_jace_pressure,"(60, 31, 16, 7, 5, 1)","(40, 20, 8, 6, 4, 2)",1,1,forty_force_jace_pressure,player_0_attempted_to_draw_from_empty_library,298,407
4082,known_life_20,20,True,20,20|40,sixty_counterwall_jace,forty_overlord_impending,"(60, 31, 16, 7, 5, 1)","(40, 21, 7, 4, 2, 6)",0,0,sixty_counterwall_jace,player_1_attempted_to_draw_from_empty_library,395,573
4083,known_life_20,20,True,20,20|40,sixty_counterwall_jace,forty_overlord_impending,"(60, 31, 16, 7, 5, 1)","(40, 21, 7, 4, 2, 6)",1,1,forty_overlord_impending,player_0_life_total_zero_or_less,157,223
4084,known_life_20,20,True,20,20|40,sixty_counterwall_jace,forty_land_light_force_comboish,"(60, 31, 16, 7, 5, 1)","(40, 17, 9, 8, 4, 2)",0,0,sixty_counterwall_jace,player_1_attempted_to_draw_from_empty_library,309,428
4085,known_life_20,20,True,20,20|40,sixty_counterwall_jace,forty_land_light_force_comboish,"(60, 31, 16, 7, 5, 1)","(40, 17, 9, 8, 4, 2)",1,0,sixty_counterwall_jace,player_1_life_total_zero_or_less,182,259
4086,known_life_20,20,True,20,20|40,sixty_counterwall_jace,sixty_drawless_control_big,"(60, 31, 16, 7, 5, 1)","(60, 30, 12, 8, 6, 4)",0,0,sixty_counterwall_jace,player_1_attempted_to_draw_from_empty_library,468,662
4087,known_life_20,20,True,20,20|40,sixty_counterwall_jace,sixty_drawless_control_big,"(60, 31, 16, 7, 5, 1)","(60, 30, 12, 8, 6, 4)",1,0,sixty_counterwall_jace,player_1_attempted_to_draw_from_empty_library,172,237
4088,known_life_20,20,True,20,20|40,sixty_counterwall_jace,sixty_overlord_heavy,"(60, 31, 16, 7, 5, 1)","(60, 29, 10, 6, 3, 12)",0,1,sixty_overlord_heavy,player_0_attempted_to_draw_from_empty_library,455,664
4089,known_life_20,20,True,20,20|40,sixty_counterwall_jace,sixty_overlord_heavy,"(60, 31, 16, 7, 5, 1)","(60, 29, 10, 6, 3, 12)",1,0,sixty_counterwall_jace,player_1_attempted_to_draw_from_empty_library,435,617
4090,known_life_20,20,True,20,20|40,sixty_counterwall_jace,sixty_counterwall_jace,"(60, 31, 16, 7, 5, 1)","(60, 31, 16, 7, 5, 1)",0,0,sixty_counterwall_jace,player_1_attempted_to_draw_from_empty_library,471,664
4091,known_life_20,20,True,20,20|40,sixty_counterwall_jace,sixty_counterwall_jace,"(60, 31, 16, 7, 5, 1)","(60, 31, 16, 7, 5, 1)",1,1,sixty_counterwall_jace,player_0_attempted_to_draw_from_empty_library,467,700
4092,known_life_20,20,True,20,20|40,sixty_counterwall_jace,forty_minimal_threat_decking_gambit,"(60, 31, 16, 7, 5, 1)","(40, 22, 12, 4, 1, 1)",0,0,sixty_counterwall_jace,player_1_attempted_to_draw_from_empty_library,350,520
4093,known_life_20,20,True,20,20|40,sixty_counterwall_jace,forty_minimal_threat_decking_gambit,"(60, 31, 16, 7, 5, 1)","(40, 22, 12, 4, 1, 1)",1,1,forty_minimal_threat_decking_gambit,player_0_life_total_zero_or_less,113,165
4094,known_life_20,20,True,20,20|40,sixty_counterwall_jace,sixty_no_overlord_jace_only,"(60, 31, 16, 7, 5, 1)","(60, 30, 15, 9, 6, 0)",0,0,sixty_counterwall_jace,player_1_attempted_to_draw_from_empty_library,308,439
4095,known_life_20,20,True,20,20|40,sixty_counterwall_jace,sixty_no_overlord_jace_only,"(60, 31, 16, 7, 5, 1)","(60, 30, 15, 9, 6, 0)",1,1,sixty_no_overlord_jace_only,player_0_attempted_to_draw_from_empty_library,459,685
4096,known_life_20,20,True,20,20|40,forty_minimal_threat_decking_gambit,forty_force_jace_pressure,"(40, 22, 12, 4, 1, 1)","(40, 20, 8, 6, 4, 2)",0,0,forty_minimal_threat_decking_gambit,player_1_attempted_to_draw_from_empty_library,256,371
4097,known_life_20,20,True,20,20|40,forty_minimal_threat_decking_gambit,forty_force_jace_pressure,"(40, 22, 12, 4, 1, 1)","(40, 20, 8, 6, 4, 2)",1,1,forty_force_jace_pressure,player_0_attempted_to_draw_from_empty_library,335,504
4098,known_life_20,20,True,20,20|40,forty_minimal_threat_decking_gambit,forty_overlord_impending,"(40, 22, 12, 4, 1, 1)","(40, 21, 7, 4, 2, 6)",0,0,forty_minimal_threat_decking_gambit,player_1_attempted_to_draw_from_empty_library,260,388
4099,known_life_20,20,True,20,20|40,forty_minimal_threat_decking_gambit,forty_overlord_impending,"(40, 22, 12, 4, 1, 1)","(40, 21, 7, 4, 2, 6)",1,0,forty_minimal_threat_decking_gambit,player_1_attempted_to_draw_from_empty_library,227,327
4100,known_life_20,20,True,20,20|40,forty_minimal_threat_decking_gambit,forty_land_light_force_comboish,"(40, 22, 12, 4, 1, 1)","(40, 17, 9, 8, 4, 2)",0,0,forty_minimal_threat_decking_gambit,player_1_attempted_to_draw_from_empty_library,212,300
4101,known_life_20,20,True,20,20|40,forty_minimal_threat_decking_gambit,forty_land_light_force_comboish,"(40, 22, 12, 4, 1, 1)","(40, 17, 9, 8, 4, 2)",1,0,forty_minimal_threat_decking_gambit,player_1_attempted_to_draw_from_empty_library,294,418
4102,known_life_20,20,True,20,20|40,forty_minimal_threat_decking_gambit,sixty_drawless_control_big,"(40, 22, 12, 4, 1, 1)","(60, 30, 12, 8, 6, 4)",0,1,sixty_drawless_control_big,player_0_attempted_to_draw_from_empty_library,288,393
4103,known_life_20,20,True,20,20|40,forty_minimal_threat_decking_gambit,sixty_drawless_control_big,"(40, 22, 12, 4, 1, 1)","(60, 30, 12, 8, 6, 4)",1,1,sixty_drawless_control_big,player_0_attempted_to_draw_from_empty_library,385,559
4104,known_life_20,20,True,20,20|40,forty_minimal_threat_decking_gambit,sixty_overlord_heavy,"(40, 22, 12, 4, 1, 1)","(60, 29, 10, 6, 3, 12)",0,1,sixty_overlord_heavy,player_0_life_total_zero_or_less,243,355
4105,known_life_20,20,True,20,20|40,forty_minimal_threat_decking_gambit,sixty_overlord_heavy,"(40, 22, 12, 4, 1, 1)","(60, 29, 10, 6, 3, 12)",1,1,sixty_overlord_heavy,player_0_attempted_to_draw_from_empty_library,339,466
4106,known_life_20,20,True,20,20|40,forty_minimal_threat_decking_gambit,sixty_counterwall_jace,"(40, 22, 12, 4, 1, 1)","(60, 31, 16, 7, 5, 1)",0,1,sixty_counterwall_jace,player_0_attempted_to_draw_from_empty_library,341,512
4107,known_life_20,20,True,20,20|40,forty_minimal_threat_decking_gambit,sixty_counterwall_jace,"(40, 22, 12, 4, 1, 1)","(60, 31, 16, 7, 5, 1)",1,0,forty_minimal_threat_decking_gambit,player_1_attempted_to_draw_from_empty_library,391,549
4108,known_life_20,20,True,20,20|40,forty_minimal_threat_decking_gambit,forty_minimal_threat_decking_gambit,"(40, 22, 12, 4, 1, 1)","(40, 22, 12, 4, 1, 1)",0,0,forty_minimal_threat_decking_gambit,player_1_attempted_to_draw_from_empty_library,310,468
4109,known_life_20,20,True,20,20|40,forty_minimal_threat_decking_gambit,forty_minimal_threat_decking_gambit,"(40, 22, 12, 4, 1, 1)","(40, 22, 12, 4, 1, 1)",1,1,forty_minimal_threat_decking_gambit,player_0_attempted_to_draw_from_empty_library,331,496
4110,known_life_20,20,True,20,20|40,forty_minimal_threat_decking_gambit,sixty_no_overlord_jace_only,"(40, 22, 12, 4, 1, 1)","(60, 30, 15, 9, 6, 0)",0,1,sixty_no_overlord_jace_only,player_0_attempted_to_draw_from_empty_library,310,470
4111,known_life_20,20,True,20,20|40,forty_minimal_threat_decking_gambit,sixty_no_overlord_jace_only,"(40, 22, 12, 4, 1, 1)","(60, 30, 15, 9, 6, 0)",1,1,sixty_no_overlord_jace_only,player_0_attempted_to_draw_from_empty_library,246,350
4112,known_life_20,20,True,20,20|40,sixty_no_overlord_jace_only,forty_force_jace_pressure,"(60, 30, 15, 9, 6, 0)","(40, 20, 8, 6, 4, 2)",0,0,sixty_no_overlord_jace_only,player_1_attempted_to_draw_from_empty_library,370,543
4113,known_life_20,20,True,20,20|40,sixty_no_overlord_jace_only,forty_force_jace_pressure,"(60, 30, 15, 9, 6, 0)","(40, 20, 8, 6, 4, 2)",1,0,sixty_no_overlord_jace_only,player_1_attempted_to_draw_from_empty_library,316,435
4114,known_life_20,20,True,20,20|40,sixty_no_overlord_jace_only,forty_overlord_impending,"(60, 30, 15, 9, 6, 0)","(40, 21, 7, 4, 2, 6)",0,0,sixty_no_overlord_jace_only,player_1_attempted_to_draw_from_empty_library,253,362
4115,known_life_20,20,True,20,20|40,sixty_no_overlord_jace_only,forty_overlord_impending,"(60, 30, 15, 9, 6, 0)","(40, 21, 7, 4, 2, 6)",1,0,sixty_no_overlord_jace_only,player_1_attempted_to_draw_from_empty_library,283,388
4116,known_life_20,20,True,20,20|40,sixty_no_overlord_jace_only,forty_land_light_force_comboish,"(60, 30, 15, 9, 6, 0)","(40, 17, 9, 8, 4, 2)",0,1,forty_land_light_force_comboish,player_0_attempted_to_draw_from_empty_library,367,519
4117,known_life_20,20,True,20,20|40,sixty_no_overlord_jace_only,forty_land_light_force_comboish,"(60, 30, 15, 9, 6, 0)","(40, 17, 9, 8, 4, 2)",1,0,sixty_no_overlord_jace_only,player_1_attempted_to_draw_from_empty_library,396,579
4118,known_life_20,20,True,20,20|40,sixty_no_overlord_jace_only,sixty_drawless_control_big,"(60, 30, 15, 9, 6, 0)","(60, 30, 12, 8, 6, 4)",0,0,sixty_no_overlord_jace_only,player_1_attempted_to_draw_from_empty_library,333,470
4119,known_life_20,20,True,20,20|40,sixty_no_overlord_jace_only,sixty_drawless_control_big,"(60, 30, 15, 9, 6, 0)","(60, 30, 12, 8, 6, 4)",1,1,sixty_drawless_control_big,player_0_attempted_to_draw_from_empty_library,367,517
4120,known_life_20,20,True,20,20|40,sixty_no_overlord_jace_only,sixty_overlord_heavy,"(60, 30, 15, 9, 6, 0)","(60, 29, 10, 6, 3, 12)",0,1,sixty_overlord_heavy,player_0_attempted_to_draw_from_empty_library,430,610
4121,known_life_20,20,True,20,20|40,sixty_no_overlord_jace_only,sixty_overlord_heavy,"(60, 30, 15, 9, 6, 0)","(60, 29, 10, 6, 3, 12)",1,1,sixty_overlord_heavy,player_0_life_total_zero_or_less,180,266
4122,known_life_20,20,True,20,20|40,sixty_no_overlord_jace_only,sixty_counterwall_jace,"(60, 30, 15, 9, 6, 0)","(60, 31, 16, 7, 5, 1)",0,1,sixty_counterwall_jace,player_0_attempted_to_draw_from_empty_library,380,536
4123,known_life_20,20,True,20,20|40,sixty_no_overlord_jace_only,sixty_counterwall_jace,"(60, 30, 15, 9, 6, 0)","(60, 31, 16, 7, 5, 1)",1,0,sixty_no_overlord_jace_only,player_1_attempted_to_draw_from_empty_library,411,597
4124,known_life_20,20,True,20,20|40,sixty_no_overlord_jace_only,forty_minimal_threat_decking_gambit,"(60, 30, 15, 9, 6, 0)","(40, 22, 12, 4, 1, 1)",0,0,sixty_no_overlord_jace_only,player_1_attempted_to_draw_from_empty_library,297,451
4125,known_life_20,20,True,20,20|40,sixty_no_overlord_jace_only,forty_minimal_threat_decking_gambit,"(60, 30, 15, 9, 6, 0)","(40, 22, 12, 4, 1, 1)",1,1,forty_minimal_threat_decking_gambit,player_0_attempted_to_draw_from_empty_library,357,505
4126,known_life_20,20,True,20,20|40,sixty_no_overlord_jace_only,sixty_no_overlord_jace_only,"(60, 30, 15, 9, 6, 0)","(60, 30, 15, 9, 6, 0)",0,0,sixty_no_overlord_jace_only,player_1_attempted_to_draw_from_empty_library,182,265
4127,known_life_20,20,True,20,20|40,sixty_no_overlord_jace_only,sixty_no_overlord_jace_only,"(60, 30, 15, 9, 6, 0)","(60, 30, 15, 9, 6, 0)",1,0,sixty_no_overlord_jace_only,player_1_attempted_to_draw_from_empty_library,394,556
4128,known_life_40,40,True,40,20|40,forty_force_jace_pressure,forty_force_jace_pressure,"(40, 20, 8, 6, 4, 2)","(40, 20, 8, 6, 4, 2)",0,0,forty_force_jace_pressure,player_1_attempted_to_draw_from_empty_library,216,319
4129,known_life_40,40,True,40,20|40,forty_force_jace_pressure,forty_force_jace_pressure,"(40, 20, 8, 6, 4, 2)","(40, 20, 8, 6, 4, 2)",1,1,forty_force_jace_pressure,player_0_attempted_to_draw_from_empty_library,226,321
4130,known_life_40,40,True,40,20|40,forty_force_jace_pressure,forty_overlord_impending,"(40, 20, 8, 6, 4, 2)","(40, 21, 7, 4, 2, 6)",0,0,forty_force_jace_pressure,player_1_attempted_to_draw_from_empty_library,152,217
4131,known_life_40,40,True,40,20|40,forty_force_jace_pressure,forty_overlord_impending,"(40, 20, 8, 6, 4, 2)","(40, 21, 7, 4, 2, 6)",1,0,forty_force_jace_pressure,player_1_attempted_to_draw_from_empty_library,170,250
4132,known_life_40,40,True,40,20|40,forty_force_jace_pressure,forty_land_light_force_comboish,"(40, 20, 8, 6, 4, 2)","(40, 17, 9, 8, 4, 2)",0,0,forty_force_jace_pressure,player_1_attempted_to_draw_from_empty_library,300,410
4133,known_life_40,40,True,40,20|40,forty_force_jace_pressure,forty_land_light_force_comboish,"(40, 20, 8, 6, 4, 2)","(40, 17, 9, 8, 4, 2)",1,0,forty_force_jace_pressure,player_1_attempted_to_draw_from_empty_library,243,344
4134,known_life_40,40,True,40,20|40,forty_force_jace_pressure,sixty_drawless_control_big,"(40, 20, 8, 6, 4, 2)","(60, 30, 12, 8, 6, 4)",0,1,sixty_drawless_control_big,player_0_attempted_to_draw_from_empty_library,235,349
4135,known_life_40,40,True,40,20|40,forty_force_jace_pressure,sixty_drawless_control_big,"(40, 20, 8, 6, 4, 2)","(60, 30, 12, 8, 6, 4)",1,1,sixty_drawless_control_big,player_0_attempted_to_draw_from_empty_library,288,396
4136,known_life_40,40,True,40,20|40,forty_force_jace_pressure,sixty_overlord_heavy,"(40, 20, 8, 6, 4, 2)","(60, 29, 10, 6, 3, 12)",0,0,forty_force_jace_pressure,player_1_attempted_to_draw_from_empty_library,313,427
4137,known_life_40,40,True,40,20|40,forty_force_jace_pressure,sixty_overlord_heavy,"(40, 20, 8, 6, 4, 2)","(60, 29, 10, 6, 3, 12)",1,1,sixty_overlord_heavy,player_0_attempted_to_draw_from_empty_library,271,376
4138,known_life_40,40,True,40,20|40,forty_force_jace_pressure,sixty_counterwall_jace,"(40, 20, 8, 6, 4, 2)","(60, 31, 16, 7, 5, 1)",0,1,sixty_counterwall_jace,player_0_attempted_to_draw_from_empty_library,263,363
4139,known_life_40,40,True,40,20|40,forty_force_jace_pressure,sixty_counterwall_jace,"(40, 20, 8, 6, 4, 2)","(60, 31, 16, 7, 5, 1)",1,0,forty_force_jace_pressure,player_1_attempted_to_draw_from_empty_library,392,558
4140,known_life_40,40,True,40,20|40,forty_force_jace_pressure,forty_minimal_threat_decking_gambit,"(40, 20, 8, 6, 4, 2)","(40, 22, 12, 4, 1, 1)",0,1,forty_minimal_threat_decking_gambit,player_0_attempted_to_draw_from_empty_library,267,396
4141,known_life_40,40,True,40,20|40,forty_force_jace_pressure,forty_minimal_threat_decking_gambit,"(40, 20, 8, 6, 4, 2)","(40, 22, 12, 4, 1, 1)",1,1,forty_minimal_threat_decking_gambit,player_0_attempted_to_draw_from_empty_library,334,503
4142,known_life_40,40,True,40,20|40,forty_force_jace_pressure,sixty_no_overlord_jace_only,"(40, 20, 8, 6, 4, 2)","(60, 30, 15, 9, 6, 0)",0,1,sixty_no_overlord_jace_only,player_0_attempted_to_draw_from_empty_library,300,407
4143,known_life_40,40,True,40,20|40,forty_force_jace_pressure,sixty_no_overlord_jace_only,"(40, 20, 8, 6, 4, 2)","(60, 30, 15, 9, 6, 0)",1,1,sixty_no_overlord_jace_only,player_0_attempted_to_draw_from_empty_library,307,415
4144,known_life_40,40,True,40,20|40,forty_overlord_impending,forty_force_jace_pressure,"(40, 21, 7, 4, 2, 6)","(40, 20, 8, 6, 4, 2)",0,1,forty_force_jace_pressure,player_0_attempted_to_draw_from_empty_library,207,307
4145,known_life_40,40,True,40,20|40,forty_overlord_impending,forty_force_jace_pressure,"(40, 21, 7, 4, 2, 6)","(40, 20, 8, 6, 4, 2)",1,0,forty_overlord_impending,player_1_attempted_to_draw_from_empty_library,177,259
4146,known_life_40,40,True,40,20|40,forty_overlord_impending,forty_overlord_impending,"(40, 21, 7, 4, 2, 6)","(40, 21, 7, 4, 2, 6)",0,0,forty_overlord_impending,player_1_attempted_to_draw_from_empty_library,237,337
4147,known_life_40,40,True,40,20|40,forty_overlord_impending,forty_overlord_impending,"(40, 21, 7, 4, 2, 6)","(40, 21, 7, 4, 2, 6)",1,1,forty_overlord_impending,player_0_attempted_to_draw_from_empty_library,173,246
4148,known_life_40,40,True,40,20|40,forty_overlord_impending,forty_land_light_force_comboish,"(40, 21, 7, 4, 2, 6)","(40, 17, 9, 8, 4, 2)",0,1,forty_land_light_force_comboish,player_0_attempted_to_draw_from_empty_library,269,403
4149,known_life_40,40,True,40,20|40,forty_overlord_impending,forty_land_light_force_comboish,"(40, 21, 7, 4, 2, 6)","(40, 17, 9, 8, 4, 2)",1,1,forty_land_light_force_comboish,player_0_attempted_to_draw_from_empty_library,279,384
4150,known_life_40,40,True,40,20|40,forty_overlord_impending,sixty_drawless_control_big,"(40, 21, 7, 4, 2, 6)","(60, 30, 12, 8, 6, 4)",0,1,sixty_drawless_control_big,player_0_attempted_to_draw_from_empty_library,208,291
4151,known_life_40,40,True,40,20|40,forty_overlord_impending,sixty_drawless_control_big,"(40, 21, 7, 4, 2, 6)","(60, 30, 12, 8, 6, 4)",1,1,sixty_drawless_control_big,player_0_attempted_to_draw_from_empty_library,314,472
4152,known_life_40,40,True,40,20|40,forty_overlord_impending,sixty_overlord_heavy,"(40, 21, 7, 4, 2, 6)","(60, 29, 10, 6, 3, 12)",0,1,sixty_overlord_heavy,player_0_attempted_to_draw_from_empty_library,195,277
4153,known_life_40,40,True,40,20|40,forty_overlord_impending,sixty_overlord_heavy,"(40, 21, 7, 4, 2, 6)","(60, 29, 10, 6, 3, 12)",1,1,sixty_overlord_heavy,player_0_life_total_zero_or_less,255,371
4154,known_life_40,40,True,40,20|40,forty_overlord_impending,sixty_counterwall_jace,"(40, 21, 7, 4, 2, 6)","(60, 31, 16, 7, 5, 1)",0,1,sixty_counterwall_jace,player_0_attempted_to_draw_from_empty_library,340,480
4155,known_life_40,40,True,40,20|40,forty_overlord_impending,sixty_counterwall_jace,"(40, 21, 7, 4, 2, 6)","(60, 31, 16, 7, 5, 1)",1,0,forty_overlord_impending,player_1_attempted_to_draw_from_empty_library,377,533
4156,known_life_40,40,True,40,20|40,forty_overlord_impending,forty_minimal_threat_decking_gambit,"(40, 21, 7, 4, 2, 6)","(40, 22, 12, 4, 1, 1)",0,0,forty_overlord_impending,player_1_life_total_zero_or_less,189,274
4157,known_life_40,40,True,40,20|40,forty_overlord_impending,forty_minimal_threat_decking_gambit,"(40, 21, 7, 4, 2, 6)","(40, 22, 12, 4, 1, 1)",1,1,forty_minimal_threat_decking_gambit,player_0_attempted_to_draw_from_empty_library,308,460
4158,known_life_40,40,True,40,20|40,forty_overlord_impending,sixty_no_overlord_jace_only,"(40, 21, 7, 4, 2, 6)","(60, 30, 15, 9, 6, 0)",0,1,sixty_no_overlord_jace_only,player_0_attempted_to_draw_from_empty_library,178,251
4159,known_life_40,40,True,40,20|40,forty_overlord_impending,sixty_no_overlord_jace_only,"(40, 21, 7, 4, 2, 6)","(60, 30, 15, 9, 6, 0)",1,0,forty_overlord_impending,player_1_attempted_to_draw_from_empty_library,401,576
4160,known_life_40,40,True,40,20|40,forty_land_light_force_comboish,forty_force_jace_pressure,"(40, 17, 9, 8, 4, 2)","(40, 20, 8, 6, 4, 2)",0,1,forty_force_jace_pressure,player_0_attempted_to_draw_from_empty_library,306,453
4161,known_life_40,40,True,40,20|40,forty_land_light_force_comboish,forty_force_jace_pressure,"(40, 17, 9, 8, 4, 2)","(40, 20, 8, 6, 4, 2)",1,0,forty_land_light_force_comboish,player_1_attempted_to_draw_from_empty_library,233,331
4162,known_life_40,40,True,40,20|40,forty_land_light_force_comboish,forty_overlord_impending,"(40, 17, 9, 8, 4, 2)","(40, 21, 7, 4, 2, 6)",0,1,forty_overlord_impending,player_0_attempted_to_draw_from_empty_library,239,340
4163,known_life_40,40,True,40,20|40,forty_land_light_force_comboish,forty_overlord_impending,"(40, 17, 9, 8, 4, 2)","(40, 21, 7, 4, 2, 6)",1,1,forty_overlord_impending,player_0_attempted_to_draw_from_empty_library,204,291
4164,known_life_40,40,True,40,20|40,forty_land_light_force_comboish,forty_land_light_force_comboish,"(40, 17, 9, 8, 4, 2)","(40, 17, 9, 8, 4, 2)",0,0,forty_land_light_force_comboish,player_1_attempted_to_draw_from_empty_library,239,344
4165,known_life_40,40,True,40,20|40,forty_land_light_force_comboish,forty_land_light_force_comboish,"(40, 17, 9, 8, 4, 2)","(40, 17, 9, 8, 4, 2)",1,1,forty_land_light_force_comboish,player_0_attempted_to_draw_from_empty_library,272,375
4166,known_life_40,40,True,40,20|40,forty_land_light_force_comboish,sixty_drawless_control_big,"(40, 17, 9, 8, 4, 2)","(60, 30, 12, 8, 6, 4)",0,0,forty_land_light_force_comboish,player_1_attempted_to_draw_from_empty_library,382,542
4167,known_life_40,40,True,40,20|40,forty_land_light_force_comboish,sixty_drawless_control_big,"(40, 17, 9, 8, 4, 2)","(60, 30, 12, 8, 6, 4)",1,1,sixty_drawless_control_big,player_0_attempted_to_draw_from_empty_library,298,406
4168,known_life_40,40,True,40,20|40,forty_land_light_force_comboish,sixty_overlord_heavy,"(40, 17, 9, 8, 4, 2)","(60, 29, 10, 6, 3, 12)",0,0,forty_land_light_force_comboish,player_1_attempted_to_draw_from_empty_library,385,569
4169,known_life_40,40,True,40,20|40,forty_land_light_force_comboish,sixty_overlord_heavy,"(40, 17, 9, 8, 4, 2)","(60, 29, 10, 6, 3, 12)",1,1,sixty_overlord_heavy,player_0_life_total_zero_or_less,176,257
4170,known_life_40,40,True,40,20|40,forty_land_light_force_comboish,sixty_counterwall_jace,"(40, 17, 9, 8, 4, 2)","(60, 31, 16, 7, 5, 1)",0,1,sixty_counterwall_jace,player_0_attempted_to_draw_from_empty_library,348,524
4171,known_life_40,40,True,40,20|40,forty_land_light_force_comboish,sixty_counterwall_jace,"(40, 17, 9, 8, 4, 2)","(60, 31, 16, 7, 5, 1)",1,1,sixty_counterwall_jace,player_0_attempted_to_draw_from_empty_library,339,511
4172,known_life_40,40,True,40,20|40,forty_land_light_force_comboish,forty_minimal_threat_decking_gambit,"(40, 17, 9, 8, 4, 2)","(40, 22, 12, 4, 1, 1)",0,0,forty_land_light_force_comboish,player_1_attempted_to_draw_from_empty_library,305,465
4173,known_life_40,40,True,40,20|40,forty_land_light_force_comboish,forty_minimal_threat_decking_gambit,"(40, 17, 9, 8, 4, 2)","(40, 22, 12, 4, 1, 1)",1,0,forty_land_light_force_comboish,player_1_attempted_to_draw_from_empty_library,170,247
4174,known_life_40,40,True,40,20|40,forty_land_light_force_comboish,sixty_no_overlord_jace_only,"(40, 17, 9, 8, 4, 2)","(60, 30, 15, 9, 6, 0)",0,1,sixty_no_overlord_jace_only,player_0_attempted_to_draw_from_empty_library,254,360
4175,known_life_40,40,True,40,20|40,forty_land_light_force_comboish,sixty_no_overlord_jace_only,"(40, 17, 9, 8, 4, 2)","(60, 30, 15, 9, 6, 0)",1,1,sixty_no_overlord_jace_only,player_0_attempted_to_draw_from_empty_library,347,483
4176,known_life_40,40,True,40,20|40,sixty_drawless_control_big,forty_force_jace_pressure,"(60, 30, 12, 8, 6, 4)","(40, 20, 8, 6, 4, 2)",0,0,sixty_drawless_control_big,player_1_attempted_to_draw_from_empty_library,236,334
4177,known_life_40,40,True,40,20|40,sixty_drawless_control_big,forty_force_jace_pressure,"(60, 30, 12, 8, 6, 4)","(40, 20, 8, 6, 4, 2)",1,0,sixty_drawless_control_big,player_1_attempted_to_draw_from_empty_library,284,416
4178,known_life_40,40,True,40,20|40,sixty_drawless_control_big,forty_overlord_impending,"(60, 30, 12, 8, 6, 4)","(40, 21, 7, 4, 2, 6)",0,0,sixty_drawless_control_big,player_1_attempted_to_draw_from_empty_library,234,333
4179,known_life_40,40,True,40,20|40,sixty_drawless_control_big,forty_overlord_impending,"(60, 30, 12, 8, 6, 4)","(40, 21, 7, 4, 2, 6)",1,0,sixty_drawless_control_big,player_1_attempted_to_draw_from_empty_library,301,411
4180,known_life_40,40,True,40,20|40,sixty_drawless_control_big,forty_land_light_force_comboish,"(60, 30, 12, 8, 6, 4)","(40, 17, 9, 8, 4, 2)",0,0,sixty_drawless_control_big,player_1_attempted_to_draw_from_empty_library,296,404
4181,known_life_40,40,True,40,20|40,sixty_drawless_control_big,forty_land_light_force_comboish,"(60, 30, 12, 8, 6, 4)","(40, 17, 9, 8, 4, 2)",1,0,sixty_drawless_control_big,player_1_attempted_to_draw_from_empty_library,262,361
4182,known_life_40,40,True,40,20|40,sixty_drawless_control_big,sixty_drawless_control_big,"(60, 30, 12, 8, 6, 4)","(60, 30, 12, 8, 6, 4)",0,1,sixty_drawless_control_big,player_0_attempted_to_draw_from_empty_library,352,506
4183,known_life_40,40,True,40,20|40,sixty_drawless_control_big,sixty_drawless_control_big,"(60, 30, 12, 8, 6, 4)","(60, 30, 12, 8, 6, 4)",1,0,sixty_drawless_control_big,player_1_attempted_to_draw_from_empty_library,370,507
4184,known_life_40,40,True,40,20|40,sixty_drawless_control_big,sixty_overlord_heavy,"(60, 30, 12, 8, 6, 4)","(60, 29, 10, 6, 3, 12)",0,1,sixty_overlord_heavy,player_0_attempted_to_draw_from_empty_library,434,609
4185,known_life_40,40,True,40,20|40,sixty_drawless_control_big,sixty_overlord_heavy,"(60, 30, 12, 8, 6, 4)","(60, 29, 10, 6, 3, 12)",1,0,sixty_drawless_control_big,player_1_life_total_zero_or_less,177,247
4186,known_life_40,40,True,40,20|40,sixty_drawless_control_big,sixty_counterwall_jace,"(60, 30, 12, 8, 6, 4)","(60, 31, 16, 7, 5, 1)",0,1,sixty_counterwall_jace,player_0_life_total_zero_or_less,185,268
4187,known_life_40,40,True,40,20|40,sixty_drawless_control_big,sixty_counterwall_jace,"(60, 30, 12, 8, 6, 4)","(60, 31, 16, 7, 5, 1)",1,0,sixty_drawless_control_big,player_1_attempted_to_draw_from_empty_library,352,507
4188,known_life_40,40,True,40,20|40,sixty_drawless_control_big,forty_minimal_threat_decking_gambit,"(60, 30, 12, 8, 6, 4)","(40, 22, 12, 4, 1, 1)",0,1,forty_minimal_threat_decking_gambit,player_0_attempted_to_draw_from_empty_library,157,227
4189,known_life_40,40,True,40,20|40,sixty_drawless_control_big,forty_minimal_threat_decking_gambit,"(60, 30, 12, 8, 6, 4)","(40, 22, 12, 4, 1, 1)",1,0,sixty_drawless_control_big,player_1_attempted_to_draw_from_empty_library,326,487
4190,known_life_40,40,True,40,20|40,sixty_drawless_control_big,sixty_no_overlord_jace_only,"(60, 30, 12, 8, 6, 4)","(60, 30, 15, 9, 6, 0)",0,0,sixty_drawless_control_big,player_1_life_total_zero_or_less,310,451
4191,known_life_40,40,True,40,20|40,sixty_drawless_control_big,sixty_no_overlord_jace_only,"(60, 30, 12, 8, 6, 4)","(60, 30, 15, 9, 6, 0)",1,1,sixty_no_overlord_jace_only,player_0_attempted_to_draw_from_empty_library,483,725
4192,known_life_40,40,True,40,20|40,sixty_overlord_heavy,forty_force_jace_pressure,"(60, 29, 10, 6, 3, 12)","(40, 20, 8, 6, 4, 2)",0,0,sixty_overlord_heavy,player_1_attempted_to_draw_from_empty_library,249,353
4193,known_life_40,40,True,40,20|40,sixty_overlord_heavy,forty_force_jace_pressure,"(60, 29, 10, 6, 3, 12)","(40, 20, 8, 6, 4, 2)",1,1,forty_force_jace_pressure,player_0_attempted_to_draw_from_empty_library,164,235
4194,known_life_40,40,True,40,20|40,sixty_overlord_heavy,forty_overlord_impending,"(60, 29, 10, 6, 3, 12)","(40, 21, 7, 4, 2, 6)",0,1,forty_overlord_impending,player_0_attempted_to_draw_from_empty_library,282,398
4195,known_life_40,40,True,40,20|40,sixty_overlord_heavy,forty_overlord_impending,"(60, 29, 10, 6, 3, 12)","(40, 21, 7, 4, 2, 6)",1,0,sixty_overlord_heavy,player_1_life_total_zero_or_less,234,331
4196,known_life_40,40,True,40,20|40,sixty_overlord_heavy,forty_land_light_force_comboish,"(60, 29, 10, 6, 3, 12)","(40, 17, 9, 8, 4, 2)",0,1,forty_land_light_force_comboish,player_0_life_total_zero_or_less,177,255
4197,known_life_40,40,True,40,20|40,sixty_overlord_heavy,forty_land_light_force_comboish,"(60, 29, 10, 6, 3, 12)","(40, 17, 9, 8, 4, 2)",1,1,forty_land_light_force_comboish,player_0_attempted_to_draw_from_empty_library,359,507
4198,known_life_40,40,True,40,20|40,sixty_overlord_heavy,sixty_drawless_control_big,"(60, 29, 10, 6, 3, 12)","(60, 30, 12, 8, 6, 4)",0,1,sixty_drawless_control_big,player_0_attempted_to_draw_from_empty_library,288,414
4199,known_life_40,40,True,40,20|40,sixty_overlord_heavy,sixty_drawless_control_big,"(60, 29, 10, 6, 3, 12)","(60, 30, 12, 8, 6, 4)",1,1,sixty_drawless_control_big,player_0_attempted_to_draw_from_empty_library,338,462
4200,known_life_40,40,True,40,20|40,sixty_overlord_heavy,sixty_overlord_heavy,"(60, 29, 10, 6, 3, 12)","(60, 29, 10, 6, 3, 12)",0,1,sixty_overlord_heavy,player_0_attempted_to_draw_from_empty_library,342,506
4201,known_life_40,40,True,40,20|40,sixty_overlord_heavy,sixty_overlord_heavy,"(60, 29, 10, 6, 3, 12)","(60, 29, 10, 6, 3, 12)",1,0,sixty_overlord_heavy,player_1_attempted_to_draw_from_empty_library,326,458
4202,known_life_40,40,True,40,20|40,sixty_overlord_heavy,sixty_counterwall_jace,"(60, 29, 10, 6, 3, 12)","(60, 31, 16, 7, 5, 1)",0,1,sixty_counterwall_jace,player_0_attempted_to_draw_from_empty_library,413,583
4203,known_life_40,40,True,40,20|40,sixty_overlord_heavy,sixty_counterwall_jace,"(60, 29, 10, 6, 3, 12)","(60, 31, 16, 7, 5, 1)",1,0,sixty_overlord_heavy,player_1_attempted_to_draw_from_empty_library,424,604
4204,known_life_40,40,True,40,20|40,sixty_overlord_heavy,forty_minimal_threat_decking_gambit,"(60, 29, 10, 6, 3, 12)","(40, 22, 12, 4, 1, 1)",0,0,sixty_overlord_heavy,player_1_life_total_zero_or_less,260,378
4205,known_life_40,40,True,40,20|40,sixty_overlord_heavy,forty_minimal_threat_decking_gambit,"(60, 29, 10, 6, 3, 12)","(40, 22, 12, 4, 1, 1)",1,0,sixty_overlord_heavy,player_1_attempted_to_draw_from_empty_library,247,349
4206,known_life_40,40,True,40,20|40,sixty_overlord_heavy,sixty_no_overlord_jace_only,"(60, 29, 10, 6, 3, 12)","(60, 30, 15, 9, 6, 0)",0,0,sixty_overlord_heavy,player_1_life_total_zero_or_less,248,356
4207,known_life_40,40,True,40,20|40,sixty_overlord_heavy,sixty_no_overlord_jace_only,"(60, 29, 10, 6, 3, 12)","(60, 30, 15, 9, 6, 0)",1,1,sixty_no_overlord_jace_only,player_0_attempted_to_draw_from_empty_library,322,472
4208,known_life_40,40,True,40,20|40,sixty_counterwall_jace,forty_force_jace_pressure,"(60, 31, 16, 7, 5, 1)","(40, 20, 8, 6, 4, 2)",0,0,sixty_counterwall_jace,player_1_attempted_to_draw_from_empty_library,295,403
4209,known_life_40,40,True,40,20|40,sixty_counterwall_jace,forty_force_jace_pressure,"(60, 31, 16, 7, 5, 1)","(40, 20, 8, 6, 4, 2)",1,0,sixty_counterwall_jace,player_1_attempted_to_draw_from_empty_library,304,417
4210,known_life_40,40,True,40,20|40,sixty_counterwall_jace,forty_overlord_impending,"(60, 31, 16, 7, 5, 1)","(40, 21, 7, 4, 2, 6)",0,0,sixty_counterwall_jace,player_1_attempted_to_draw_from_empty_library,276,411
4211,known_life_40,40,True,40,20|40,sixty_counterwall_jace,forty_overlord_impending,"(60, 31, 16, 7, 5, 1)","(40, 21, 7, 4, 2, 6)",1,0,sixty_counterwall_jace,player_1_attempted_to_draw_from_empty_library,315,437
4212,known_life_40,40,True,40,20|40,sixty_counterwall_jace,forty_land_light_force_comboish,"(60, 31, 16, 7, 5, 1)","(40, 17, 9, 8, 4, 2)",0,0,sixty_counterwall_jace,player_1_attempted_to_draw_from_empty_library,277,376
4213,known_life_40,40,True,40,20|40,sixty_counterwall_jace,forty_land_light_force_comboish,"(60, 31, 16, 7, 5, 1)","(40, 17, 9, 8, 4, 2)",1,0,sixty_counterwall_jace,player_1_attempted_to_draw_from_empty_library,267,367
4214,known_life_40,40,True,40,20|40,sixty_counterwall_jace,sixty_drawless_control_big,"(60, 31, 16, 7, 5, 1)","(60, 30, 12, 8, 6, 4)",0,0,sixty_counterwall_jace,player_1_life_total_zero_or_less,387,571
4215,known_life_40,40,True,40,20|40,sixty_counterwall_jace,sixty_drawless_control_big,"(60, 31, 16, 7, 5, 1)","(60, 30, 12, 8, 6, 4)",1,0,sixty_counterwall_jace,player_1_attempted_to_draw_from_empty_library,411,585
4216,known_life_40,40,True,40,20|40,sixty_counterwall_jace,sixty_overlord_heavy,"(60, 31, 16, 7, 5, 1)","(60, 29, 10, 6, 3, 12)",0,1,sixty_overlord_heavy,player_0_attempted_to_draw_from_empty_library,372,524
4217,known_life_40,40,True,40,20|40,sixty_counterwall_jace,sixty_overlord_heavy,"(60, 31, 16, 7, 5, 1)","(60, 29, 10, 6, 3, 12)",1,1,sixty_overlord_heavy,player_0_life_total_zero_or_less,214,302
4218,known_life_40,40,True,40,20|40,sixty_counterwall_jace,sixty_counterwall_jace,"(60, 31, 16, 7, 5, 1)","(60, 31, 16, 7, 5, 1)",0,,draw_or_timeout,max_decisions_reached,500,752
4219,known_life_40,40,True,40,20|40,sixty_counterwall_jace,sixty_counterwall_jace,"(60, 31, 16, 7, 5, 1)","(60, 31, 16, 7, 5, 1)",1,1,sixty_counterwall_jace,player_0_attempted_to_draw_from_empty_library,498,742
4220,known_life_40,40,True,40,20|40,sixty_counterwall_jace,forty_minimal_threat_decking_gambit,"(60, 31, 16, 7, 5, 1)","(40, 22, 12, 4, 1, 1)",0,0,sixty_counterwall_jace,player_1_attempted_to_draw_from_empty_library,281,417
4221,known_life_40,40,True,40,20|40,sixty_counterwall_jace,forty_minimal_threat_decking_gambit,"(60, 31, 16, 7, 5, 1)","(40, 22, 12, 4, 1, 1)",1,0,sixty_counterwall_jace,player_1_attempted_to_draw_from_empty_library,338,509
4222,known_life_40,40,True,40,20|40,sixty_counterwall_jace,sixty_no_overlord_jace_only,"(60, 31, 16, 7, 5, 1)","(60, 30, 15, 9, 6, 0)",0,0,sixty_counterwall_jace,player_1_attempted_to_draw_from_empty_library,331,469
4223,known_life_40,40,True,40,20|40,sixty_counterwall_jace,sixty_no_overlord_jace_only,"(60, 31, 16, 7, 5, 1)","(60, 30, 15, 9, 6, 0)",1,1,sixty_no_overlord_jace_only,player_0_attempted_to_draw_from_empty_library,411,612
4224,known_life_40,40,True,40,20|40,forty_minimal_threat_decking_gambit,forty_force_jace_pressure,"(40, 22, 12, 4, 1, 1)","(40, 20, 8, 6, 4, 2)",0,0,forty_minimal_threat_decking_gambit,player_1_attempted_to_draw_from_empty_library,298,441
4225,known_life_40,40,True,40,20|40,forty_minimal_threat_decking_gambit,forty_force_jace_pressure,"(40, 22, 12, 4, 1, 1)","(40, 20, 8, 6, 4, 2)",1,1,forty_force_jace_pressure,player_0_attempted_to_draw_from_empty_library,339,510
4226,known_life_40,40,True,40,20|40,forty_minimal_threat_decking_gambit,forty_overlord_impending,"(40, 22, 12, 4, 1, 1)","(40, 21, 7, 4, 2, 6)",0,1,forty_overlord_impending,player_0_attempted_to_draw_from_empty_library,309,457
4227,known_life_40,40,True,40,20|40,forty_minimal_threat_decking_gambit,forty_overlord_impending,"(40, 22, 12, 4, 1, 1)","(40, 21, 7, 4, 2, 6)",1,1,forty_overlord_impending,player_0_attempted_to_draw_from_empty_library,221,314
4228,known_life_40,40,True,40,20|40,forty_minimal_threat_decking_gambit,forty_land_light_force_comboish,"(40, 22, 12, 4, 1, 1)","(40, 17, 9, 8, 4, 2)",0,0,forty_minimal_threat_decking_gambit,player_1_attempted_to_draw_from_empty_library,343,515
4229,known_life_40,40,True,40,20|40,forty_minimal_threat_decking_gambit,forty_land_light_force_comboish,"(40, 22, 12, 4, 1, 1)","(40, 17, 9, 8, 4, 2)",1,0,forty_minimal_threat_decking_gambit,player_1_attempted_to_draw_from_empty_library,251,356
4230,known_life_40,40,True,40,20|40,forty_minimal_threat_decking_gambit,sixty_drawless_control_big,"(40, 22, 12, 4, 1, 1)","(60, 30, 12, 8, 6, 4)",0,1,sixty_drawless_control_big,player_0_attempted_to_draw_from_empty_library,348,507
4231,known_life_40,40,True,40,20|40,forty_minimal_threat_decking_gambit,sixty_drawless_control_big,"(40, 22, 12, 4, 1, 1)","(60, 30, 12, 8, 6, 4)",1,1,sixty_drawless_control_big,player_0_attempted_to_draw_from_empty_library,336,505
4232,known_life_40,40,True,40,20|40,forty_minimal_threat_decking_gambit,sixty_overlord_heavy,"(40, 22, 12, 4, 1, 1)","(60, 29, 10, 6, 3, 12)",0,1,sixty_overlord_heavy,player_0_life_total_zero_or_less,218,314
4233,known_life_40,40,True,40,20|40,forty_minimal_threat_decking_gambit,sixty_overlord_heavy,"(40, 22, 12, 4, 1, 1)","(60, 29, 10, 6, 3, 12)",1,1,sixty_overlord_heavy,player_0_life_total_zero_or_less,161,235
4234,known_life_40,40,True,40,20|40,forty_minimal_threat_decking_gambit,sixty_counterwall_jace,"(40, 22, 12, 4, 1, 1)","(60, 31, 16, 7, 5, 1)",0,1,sixty_counterwall_jace,player_0_attempted_to_draw_from_empty_library,262,374
4235,known_life_40,40,True,40,20|40,forty_minimal_threat_decking_gambit,sixty_counterwall_jace,"(40, 22, 12, 4, 1, 1)","(60, 31, 16, 7, 5, 1)",1,0,forty_minimal_threat_decking_gambit,player_1_attempted_to_draw_from_empty_library,183,251
4236,known_life_40,40,True,40,20|40,forty_minimal_threat_decking_gambit,forty_minimal_threat_decking_gambit,"(40, 22, 12, 4, 1, 1)","(40, 22, 12, 4, 1, 1)",0,0,forty_minimal_threat_decking_gambit,player_1_attempted_to_draw_from_empty_library,337,504
4237,known_life_40,40,True,40,20|40,forty_minimal_threat_decking_gambit,forty_minimal_threat_decking_gambit,"(40, 22, 12, 4, 1, 1)","(40, 22, 12, 4, 1, 1)",1,1,forty_minimal_threat_decking_gambit,player_0_attempted_to_draw_from_empty_library,215,294
4238,known_life_40,40,True,40,20|40,forty_minimal_threat_decking_gambit,sixty_no_overlord_jace_only,"(40, 22, 12, 4, 1, 1)","(60, 30, 15, 9, 6, 0)",0,1,sixty_no_overlord_jace_only,player_0_attempted_to_draw_from_empty_library,321,486
4239,known_life_40,40,True,40,20|40,forty_minimal_threat_decking_gambit,sixty_no_overlord_jace_only,"(40, 22, 12, 4, 1, 1)","(60, 30, 15, 9, 6, 0)",1,1,sixty_no_overlord_jace_only,player_0_attempted_to_draw_from_empty_library,226,323
4240,known_life_40,40,True,40,20|40,sixty_no_overlord_jace_only,forty_force_jace_pressure,"(60, 30, 15, 9, 6, 0)","(40, 20, 8, 6, 4, 2)",0,0,sixty_no_overlord_jace_only,player_1_attempted_to_draw_from_empty_library,344,517
4241,known_life_40,40,True,40,20|40,sixty_no_overlord_jace_only,forty_force_jace_pressure,"(60, 30, 15, 9, 6, 0)","(40, 20, 8, 6, 4, 2)",1,0,sixty_no_overlord_jace_only,player_1_attempted_to_draw_from_empty_library,369,540
4242,known_life_40,40,True,40,20|40,sixty_no_overlord_jace_only,forty_overlord_impending,"(60, 30, 15, 9, 6, 0)","(40, 21, 7, 4, 2, 6)",0,0,sixty_no_overlord_jace_only,player_1_attempted_to_draw_from_empty_library,380,540
4243,known_life_40,40,True,40,20|40,sixty_no_overlord_jace_only,forty_overlord_impending,"(60, 30, 15, 9, 6, 0)","(40, 21, 7, 4, 2, 6)",1,0,sixty_no_overlord_jace_only,player_1_attempted_to_draw_from_empty_library,201,290
4244,known_life_40,40,True,40,20|40,sixty_no_overlord_jace_only,forty_land_light_force_comboish,"(60, 30, 15, 9, 6, 0)","(40, 17, 9, 8, 4, 2)",0,0,sixty_no_overlord_jace_only,player_1_attempted_to_draw_from_empty_library,314,475
4245,known_life_40,40,True,40,20|40,sixty_no_overlord_jace_only,forty_land_light_force_comboish,"(60, 30, 15, 9, 6, 0)","(40, 17, 9, 8, 4, 2)",1,0,sixty_no_overlord_jace_only,player_1_attempted_to_draw_from_empty_library,254,350
4246,known_life_40,40,True,40,20|40,sixty_no_overlord_jace_only,sixty_drawless_control_big,"(60, 30, 15, 9, 6, 0)","(60, 30, 12, 8, 6, 4)",0,1,sixty_drawless_control_big,player_0_attempted_to_draw_from_empty_library,170,246
4247,known_life_40,40,True,40,20|40,sixty_no_overlord_jace_only,sixty_drawless_control_big,"(60, 30, 15, 9, 6, 0)","(60, 30, 12, 8, 6, 4)",1,0,sixty_no_overlord_jace_only,player_1_attempted_to_draw_from_empty_library,442,598
4248,known_life_40,40,True,40,20|40,sixty_no_overlord_jace_only,sixty_overlord_heavy,"(60, 30, 15, 9, 6, 0)","(60, 29, 10, 6, 3, 12)",0,0,sixty_no_overlord_jace_only,player_1_attempted_to_draw_from_empty_library,316,430
4249,known_life_40,40,True,40,20|40,sixty_no_overlord_jace_only,sixty_overlord_heavy,"(60, 30, 15, 9, 6, 0)","(60, 29, 10, 6, 3, 12)",1,1,sixty_overlord_heavy,player_0_attempted_to_draw_from_empty_library,372,523
4250,known_life_40,40,True,40,20|40,sixty_no_overlord_jace_only,sixty_counterwall_jace,"(60, 30, 15, 9, 6, 0)","(60, 31, 16, 7, 5, 1)",0,1,sixty_counterwall_jace,player_0_attempted_to_draw_from_empty_library,406,561
4251,known_life_40,40,True,40,20|40,sixty_no_overlord_jace_only,sixty_counterwall_jace,"(60, 30, 15, 9, 6, 0)","(60, 31, 16, 7, 5, 1)",1,1,sixty_counterwall_jace,player_0_life_total_zero_or_less,263,369
4252,known_life_40,40,True,40,20|40,sixty_no_overlord_jace_only,forty_minimal_threat_decking_gambit,"(60, 30, 15, 9, 6, 0)","(40, 22, 12, 4, 1, 1)",0,0,sixty_no_overlord_jace_only,player_1_attempted_to_draw_from_empty_library,317,478
4253,known_life_40,40,True,40,20|40,sixty_no_overlord_jace_only,forty_minimal_threat_decking_gambit,"(60, 30, 15, 9, 6, 0)","(40, 22, 12, 4, 1, 1)",1,0,sixty_no_overlord_jace_only,player_1_attempted_to_draw_from_empty_library,338,508
4254,known_life_40,40,True,40,20|40,sixty_no_overlord_jace_only,sixty_no_overlord_jace_only,"(60, 30, 15, 9, 6, 0)","(60, 30, 15, 9, 6, 0)",0,,draw_or_timeout,max_decisions_reached,500,754
4255,known_life_40,40,True,40,20|40,sixty_no_overlord_jace_only,sixty_no_overlord_jace_only,"(60, 30, 15, 9, 6, 0)","(60, 30, 15, 9, 6, 0)",1,1,sixty_no_overlord_jace_only,player_0_attempted_to_draw_from_empty_library,394,565
4256,unknown_life_actual_20,20,False,,20|40,forty_force_jace_pressure,forty_force_jace_pressure,"(40, 20, 8, 6, 4, 2)","(40, 20, 8, 6, 4, 2)",0,0,forty_force_jace_pressure,player_1_attempted_to_draw_from_empty_library,228,324
4257,unknown_life_actual_20,20,False,,20|40,forty_force_jace_pressure,forty_force_jace_pressure,"(40, 20, 8, 6, 4, 2)","(40, 20, 8, 6, 4, 2)",1,1,forty_force_jace_pressure,player_0_life_total_zero_or_less,103,152
4258,unknown_life_actual_20,20,False,,20|40,forty_force_jace_pressure,forty_overlord_impending,"(40, 20, 8, 6, 4, 2)","(40, 21, 7, 4, 2, 6)",0,1,forty_overlord_impending,player_0_attempted_to_draw_from_empty_library,184,258
4259,unknown_life_actual_20,20,False,,20|40,forty_force_jace_pressure,forty_overlord_impending,"(40, 20, 8, 6, 4, 2)","(40, 21, 7, 4, 2, 6)",1,0,forty_force_jace_pressure,player_1_attempted_to_draw_from_empty_library,202,287
4260,unknown_life_actual_20,20,False,,20|40,forty_force_jace_pressure,forty_land_light_force_comboish,"(40, 20, 8, 6, 4, 2)","(40, 17, 9, 8, 4, 2)",0,0,forty_force_jace_pressure,player_1_life_total_zero_or_less,192,267
4261,unknown_life_actual_20,20,False,,20|40,forty_force_jace_pressure,forty_land_light_force_comboish,"(40, 20, 8, 6, 4, 2)","(40, 17, 9, 8, 4, 2)",1,1,forty_land_light_force_comboish,player_0_attempted_to_draw_from_empty_library,301,456
4262,unknown_life_actual_20,20,False,,20|40,forty_force_jace_pressure,sixty_drawless_control_big,"(40, 20, 8, 6, 4, 2)","(60, 30, 12, 8, 6, 4)",0,0,forty_force_jace_pressure,player_1_attempted_to_draw_from_empty_library,343,485
4263,unknown_life_actual_20,20,False,,20|40,forty_force_jace_pressure,sixty_drawless_control_big,"(40, 20, 8, 6, 4, 2)","(60, 30, 12, 8, 6, 4)",1,1,sixty_drawless_control_big,player_0_life_total_zero_or_less,190,270
4264,unknown_life_actual_20,20,False,,20|40,forty_force_jace_pressure,sixty_overlord_heavy,"(40, 20, 8, 6, 4, 2)","(60, 29, 10, 6, 3, 12)",0,1,sixty_overlord_heavy,player_0_life_total_zero_or_less,115,167
4265,unknown_life_actual_20,20,False,,20|40,forty_force_jace_pressure,sixty_overlord_heavy,"(40, 20, 8, 6, 4, 2)","(60, 29, 10, 6, 3, 12)",1,0,forty_force_jace_pressure,player_1_life_total_zero_or_less,144,204
4266,unknown_life_actual_20,20,False,,20|40,forty_force_jace_pressure,sixty_counterwall_jace,"(40, 20, 8, 6, 4, 2)","(60, 31, 16, 7, 5, 1)",0,1,sixty_counterwall_jace,player_0_attempted_to_draw_from_empty_library,392,550
4267,unknown_life_actual_20,20,False,,20|40,forty_force_jace_pressure,sixty_counterwall_jace,"(40, 20, 8, 6, 4, 2)","(60, 31, 16, 7, 5, 1)",1,0,forty_force_jace_pressure,player_1_attempted_to_draw_from_empty_library,233,332
4268,unknown_life_actual_20,20,False,,20|40,forty_force_jace_pressure,forty_minimal_threat_decking_gambit,"(40, 20, 8, 6, 4, 2)","(40, 22, 12, 4, 1, 1)",0,1,forty_minimal_threat_decking_gambit,player_0_attempted_to_draw_from_empty_library,241,348
4269,unknown_life_actual_20,20,False,,20|40,forty_force_jace_pressure,forty_minimal_threat_decking_gambit,"(40, 20, 8, 6, 4, 2)","(40, 22, 12, 4, 1, 1)",1,1,forty_minimal_threat_decking_gambit,player_0_attempted_to_draw_from_empty_library,331,498
4270,unknown_life_actual_20,20,False,,20|40,forty_force_jace_pressure,sixty_no_overlord_jace_only,"(40, 20, 8, 6, 4, 2)","(60, 30, 15, 9, 6, 0)",0,1,sixty_no_overlord_jace_only,player_0_attempted_to_draw_from_empty_library,315,430
4271,unknown_life_actual_20,20,False,,20|40,forty_force_jace_pressure,sixty_no_overlord_jace_only,"(40, 20, 8, 6, 4, 2)","(60, 30, 15, 9, 6, 0)",1,1,sixty_no_overlord_jace_only,player_0_attempted_to_draw_from_empty_library,344,516
4272,unknown_life_actual_20,20,False,,20|40,forty_overlord_impending,forty_force_jace_pressure,"(40, 21, 7, 4, 2, 6)","(40, 20, 8, 6, 4, 2)",0,0,forty_overlord_impending,player_1_life_total_zero_or_less,127,183
4273,unknown_life_actual_20,20,False,,20|40,forty_overlord_impending,forty_force_jace_pressure,"(40, 21, 7, 4, 2, 6)","(40, 20, 8, 6, 4, 2)",1,0,forty_overlord_impending,player_1_attempted_to_draw_from_empty_library,236,333
4274,unknown_life_actual_20,20,False,,20|40,forty_overlord_impending,forty_overlord_impending,"(40, 21, 7, 4, 2, 6)","(40, 21, 7, 4, 2, 6)",0,0,forty_overlord_impending,player_1_life_total_zero_or_less,135,195
4275,unknown_life_actual_20,20,False,,20|40,forty_overlord_impending,forty_overlord_impending,"(40, 21, 7, 4, 2, 6)","(40, 21, 7, 4, 2, 6)",1,1,forty_overlord_impending,player_0_attempted_to_draw_from_empty_library,297,428
4276,unknown_life_actual_20,20,False,,20|40,forty_overlord_impending,forty_land_light_force_comboish,"(40, 21, 7, 4, 2, 6)","(40, 17, 9, 8, 4, 2)",0,0,forty_overlord_impending,player_1_life_total_zero_or_less,184,272
4277,unknown_life_actual_20,20,False,,20|40,forty_overlord_impending,forty_land_light_force_comboish,"(40, 21, 7, 4, 2, 6)","(40, 17, 9, 8, 4, 2)",1,0,forty_overlord_impending,player_1_attempted_to_draw_from_empty_library,252,361
4278,unknown_life_actual_20,20,False,,20|40,forty_overlord_impending,sixty_drawless_control_big,"(40, 21, 7, 4, 2, 6)","(60, 30, 12, 8, 6, 4)",0,1,sixty_drawless_control_big,player_0_attempted_to_draw_from_empty_library,301,419
4279,unknown_life_actual_20,20,False,,20|40,forty_overlord_impending,sixty_drawless_control_big,"(40, 21, 7, 4, 2, 6)","(60, 30, 12, 8, 6, 4)",1,1,sixty_drawless_control_big,player_0_life_total_zero_or_less,324,452
4280,unknown_life_actual_20,20,False,,20|40,forty_overlord_impending,sixty_overlord_heavy,"(40, 21, 7, 4, 2, 6)","(60, 29, 10, 6, 3, 12)",0,0,forty_overlord_impending,player_1_life_total_zero_or_less,137,199
4281,unknown_life_actual_20,20,False,,20|40,forty_overlord_impending,sixty_overlord_heavy,"(40, 21, 7, 4, 2, 6)","(60, 29, 10, 6, 3, 12)",1,1,sixty_overlord_heavy,player_0_attempted_to_draw_from_empty_library,184,258
4282,unknown_life_actual_20,20,False,,20|40,forty_overlord_impending,sixty_counterwall_jace,"(40, 21, 7, 4, 2, 6)","(60, 31, 16, 7, 5, 1)",0,0,forty_overlord_impending,player_1_life_total_zero_or_less,131,190
4283,unknown_life_actual_20,20,False,,20|40,forty_overlord_impending,sixty_counterwall_jace,"(40, 21, 7, 4, 2, 6)","(60, 31, 16, 7, 5, 1)",1,0,forty_overlord_impending,player_1_life_total_zero_or_less,134,194
4284,unknown_life_actual_20,20,False,,20|40,forty_overlord_impending,forty_minimal_threat_decking_gambit,"(40, 21, 7, 4, 2, 6)","(40, 22, 12, 4, 1, 1)",0,1,forty_minimal_threat_decking_gambit,player_0_attempted_to_draw_from_empty_library,228,325
4285,unknown_life_actual_20,20,False,,20|40,forty_overlord_impending,forty_minimal_threat_decking_gambit,"(40, 21, 7, 4, 2, 6)","(40, 22, 12, 4, 1, 1)",1,0,forty_overlord_impending,player_1_life_total_zero_or_less,137,199
4286,unknown_life_actual_20,20,False,,20|40,forty_overlord_impending,sixty_no_overlord_jace_only,"(40, 21, 7, 4, 2, 6)","(60, 30, 15, 9, 6, 0)",0,1,sixty_no_overlord_jace_only,player_0_attempted_to_draw_from_empty_library,241,342
4287,unknown_life_actual_20,20,False,,20|40,forty_overlord_impending,sixty_no_overlord_jace_only,"(40, 21, 7, 4, 2, 6)","(60, 30, 15, 9, 6, 0)",1,1,sixty_no_overlord_jace_only,player_0_attempted_to_draw_from_empty_library,253,359
4288,unknown_life_actual_20,20,False,,20|40,forty_land_light_force_comboish,forty_force_jace_pressure,"(40, 17, 9, 8, 4, 2)","(40, 20, 8, 6, 4, 2)",0,0,forty_land_light_force_comboish,player_1_life_total_zero_or_less,212,299
4289,unknown_life_actual_20,20,False,,20|40,forty_land_light_force_comboish,forty_force_jace_pressure,"(40, 17, 9, 8, 4, 2)","(40, 20, 8, 6, 4, 2)",1,0,forty_land_light_force_comboish,player_1_life_total_zero_or_less,134,191
4290,unknown_life_actual_20,20,False,,20|40,forty_land_light_force_comboish,forty_overlord_impending,"(40, 17, 9, 8, 4, 2)","(40, 21, 7, 4, 2, 6)",0,1,forty_overlord_impending,player_0_attempted_to_draw_from_empty_library,251,356
4291,unknown_life_actual_20,20,False,,20|40,forty_land_light_force_comboish,forty_overlord_impending,"(40, 17, 9, 8, 4, 2)","(40, 21, 7, 4, 2, 6)",1,1,forty_overlord_impending,player_0_attempted_to_draw_from_empty_library,275,408
4292,unknown_life_actual_20,20,False,,20|40,forty_land_light_force_comboish,forty_land_light_force_comboish,"(40, 17, 9, 8, 4, 2)","(40, 17, 9, 8, 4, 2)",0,1,forty_land_light_force_comboish,player_0_attempted_to_draw_from_empty_library,282,393
4293,unknown_life_actual_20,20,False,,20|40,forty_land_light_force_comboish,forty_land_light_force_comboish,"(40, 17, 9, 8, 4, 2)","(40, 17, 9, 8, 4, 2)",1,0,forty_land_light_force_comboish,player_1_attempted_to_draw_from_empty_library,271,403
4294,unknown_life_actual_20,20,False,,20|40,forty_land_light_force_comboish,sixty_drawless_control_big,"(40, 17, 9, 8, 4, 2)","(60, 30, 12, 8, 6, 4)",0,0,forty_land_light_force_comboish,player_1_attempted_to_draw_from_empty_library,378,536
4295,unknown_life_actual_20,20,False,,20|40,forty_land_light_force_comboish,sixty_drawless_control_big,"(40, 17, 9, 8, 4, 2)","(60, 30, 12, 8, 6, 4)",1,1,sixty_drawless_control_big,player_0_life_total_zero_or_less,213,294
4296,unknown_life_actual_20,20,False,,20|40,forty_land_light_force_comboish,sixty_overlord_heavy,"(40, 17, 9, 8, 4, 2)","(60, 29, 10, 6, 3, 12)",0,1,sixty_overlord_heavy,player_0_attempted_to_draw_from_empty_library,240,345
4297,unknown_life_actual_20,20,False,,20|40,forty_land_light_force_comboish,sixty_overlord_heavy,"(40, 17, 9, 8, 4, 2)","(60, 29, 10, 6, 3, 12)",1,1,sixty_overlord_heavy,player_0_life_total_zero_or_less,124,183
4298,unknown_life_actual_20,20,False,,20|40,forty_land_light_force_comboish,sixty_counterwall_jace,"(40, 17, 9, 8, 4, 2)","(60, 31, 16, 7, 5, 1)",0,0,forty_land_light_force_comboish,player_1_life_total_zero_or_less,219,319
4299,unknown_life_actual_20,20,False,,20|40,forty_land_light_force_comboish,sixty_counterwall_jace,"(40, 17, 9, 8, 4, 2)","(60, 31, 16, 7, 5, 1)",1,1,sixty_counterwall_jace,player_0_attempted_to_draw_from_empty_library,245,346
4300,unknown_life_actual_20,20,False,,20|40,forty_land_light_force_comboish,forty_minimal_threat_decking_gambit,"(40, 17, 9, 8, 4, 2)","(40, 22, 12, 4, 1, 1)",0,1,forty_minimal_threat_decking_gambit,player_0_attempted_to_draw_from_empty_library,231,328
4301,unknown_life_actual_20,20,False,,20|40,forty_land_light_force_comboish,forty_minimal_threat_decking_gambit,"(40, 17, 9, 8, 4, 2)","(40, 22, 12, 4, 1, 1)",1,1,forty_minimal_threat_decking_gambit,player_0_attempted_to_draw_from_empty_library,239,344
4302,unknown_life_actual_20,20,False,,20|40,forty_land_light_force_comboish,sixty_no_overlord_jace_only,"(40, 17, 9, 8, 4, 2)","(60, 30, 15, 9, 6, 0)",0,1,sixty_no_overlord_jace_only,player_0_attempted_to_draw_from_empty_library,248,355
4303,unknown_life_actual_20,20,False,,20|40,forty_land_light_force_comboish,sixty_no_overlord_jace_only,"(40, 17, 9, 8, 4, 2)","(60, 30, 15, 9, 6, 0)",1,1,sixty_no_overlord_jace_only,player_0_attempted_to_draw_from_empty_library,221,313
4304,unknown_life_actual_20,20,False,,20|40,sixty_drawless_control_big,forty_force_jace_pressure,"(60, 30, 12, 8, 6, 4)","(40, 20, 8, 6, 4, 2)",0,0,sixty_drawless_control_big,player_1_attempted_to_draw_from_empty_library,340,472
4305,unknown_life_actual_20,20,False,,20|40,sixty_drawless_control_big,forty_force_jace_pressure,"(60, 30, 12, 8, 6, 4)","(40, 20, 8, 6, 4, 2)",1,0,sixty_drawless_control_big,player_1_attempted_to_draw_from_empty_library,284,387
4306,unknown_life_actual_20,20,False,,20|40,sixty_drawless_control_big,forty_overlord_impending,"(60, 30, 12, 8, 6, 4)","(40, 21, 7, 4, 2, 6)",0,0,sixty_drawless_control_big,player_1_life_total_zero_or_less,241,338
4307,unknown_life_actual_20,20,False,,20|40,sixty_drawless_control_big,forty_overlord_impending,"(60, 30, 12, 8, 6, 4)","(40, 21, 7, 4, 2, 6)",1,0,sixty_drawless_control_big,player_1_life_total_zero_or_less,197,275
4308,unknown_life_actual_20,20,False,,20|40,sixty_drawless_control_big,forty_land_light_force_comboish,"(60, 30, 12, 8, 6, 4)","(40, 17, 9, 8, 4, 2)",0,0,sixty_drawless_control_big,player_1_attempted_to_draw_from_empty_library,391,551
4309,unknown_life_actual_20,20,False,,20|40,sixty_drawless_control_big,forty_land_light_force_comboish,"(60, 30, 12, 8, 6, 4)","(40, 17, 9, 8, 4, 2)",1,0,sixty_drawless_control_big,player_1_attempted_to_draw_from_empty_library,256,365
4310,unknown_life_actual_20,20,False,,20|40,sixty_drawless_control_big,sixty_drawless_control_big,"(60, 30, 12, 8, 6, 4)","(60, 30, 12, 8, 6, 4)",0,1,sixty_drawless_control_big,player_0_life_total_zero_or_less,138,193
4311,unknown_life_actual_20,20,False,,20|40,sixty_drawless_control_big,sixty_drawless_control_big,"(60, 30, 12, 8, 6, 4)","(60, 30, 12, 8, 6, 4)",1,1,sixty_drawless_control_big,player_0_attempted_to_draw_from_empty_library,415,592
4312,unknown_life_actual_20,20,False,,20|40,sixty_drawless_control_big,sixty_overlord_heavy,"(60, 30, 12, 8, 6, 4)","(60, 29, 10, 6, 3, 12)",0,1,sixty_overlord_heavy,player_0_life_total_zero_or_less,124,177
4313,unknown_life_actual_20,20,False,,20|40,sixty_drawless_control_big,sixty_overlord_heavy,"(60, 30, 12, 8, 6, 4)","(60, 29, 10, 6, 3, 12)",1,0,sixty_drawless_control_big,player_1_attempted_to_draw_from_empty_library,444,603
4314,unknown_life_actual_20,20,False,,20|40,sixty_drawless_control_big,sixty_counterwall_jace,"(60, 30, 12, 8, 6, 4)","(60, 31, 16, 7, 5, 1)",0,1,sixty_counterwall_jace,player_0_attempted_to_draw_from_empty_library,426,590
4315,unknown_life_actual_20,20,False,,20|40,sixty_drawless_control_big,sixty_counterwall_jace,"(60, 30, 12, 8, 6, 4)","(60, 31, 16, 7, 5, 1)",1,0,sixty_drawless_control_big,player_1_attempted_to_draw_from_empty_library,472,656
4316,unknown_life_actual_20,20,False,,20|40,sixty_drawless_control_big,forty_minimal_threat_decking_gambit,"(60, 30, 12, 8, 6, 4)","(40, 22, 12, 4, 1, 1)",0,0,sixty_drawless_control_big,player_1_attempted_to_draw_from_empty_library,261,387
4317,unknown_life_actual_20,20,False,,20|40,sixty_drawless_control_big,forty_minimal_threat_decking_gambit,"(60, 30, 12, 8, 6, 4)","(40, 22, 12, 4, 1, 1)",1,0,sixty_drawless_control_big,player_1_attempted_to_draw_from_empty_library,339,511
4318,unknown_life_actual_20,20,False,,20|40,sixty_drawless_control_big,sixty_no_overlord_jace_only,"(60, 30, 12, 8, 6, 4)","(60, 30, 15, 9, 6, 0)",0,0,sixty_drawless_control_big,player_1_life_total_zero_or_less,139,194
4319,unknown_life_actual_20,20,False,,20|40,sixty_drawless_control_big,sixty_no_overlord_jace_only,"(60, 30, 12, 8, 6, 4)","(60, 30, 15, 9, 6, 0)",1,0,sixty_drawless_control_big,player_1_attempted_to_draw_from_empty_library,259,354
4320,unknown_life_actual_20,20,False,,20|40,sixty_overlord_heavy,forty_force_jace_pressure,"(60, 29, 10, 6, 3, 12)","(40, 20, 8, 6, 4, 2)",0,0,sixty_overlord_heavy,player_1_attempted_to_draw_from_empty_library,269,368
4321,unknown_life_actual_20,20,False,,20|40,sixty_overlord_heavy,forty_force_jace_pressure,"(60, 29, 10, 6, 3, 12)","(40, 20, 8, 6, 4, 2)",1,0,sixty_overlord_heavy,player_1_attempted_to_draw_from_empty_library,275,399
4322,unknown_life_actual_20,20,False,,20|40,sixty_overlord_heavy,forty_overlord_impending,"(60, 29, 10, 6, 3, 12)","(40, 21, 7, 4, 2, 6)",0,0,sixty_overlord_heavy,player_1_life_total_zero_or_less,179,248
4323,unknown_life_actual_20,20,False,,20|40,sixty_overlord_heavy,forty_overlord_impending,"(60, 29, 10, 6, 3, 12)","(40, 21, 7, 4, 2, 6)",1,1,forty_overlord_impending,player_0_life_total_zero_or_less,139,199
4324,unknown_life_actual_20,20,False,,20|40,sixty_overlord_heavy,forty_land_light_force_comboish,"(60, 29, 10, 6, 3, 12)","(40, 17, 9, 8, 4, 2)",0,1,forty_land_light_force_comboish,player_0_life_total_zero_or_less,168,234
4325,unknown_life_actual_20,20,False,,20|40,sixty_overlord_heavy,forty_land_light_force_comboish,"(60, 29, 10, 6, 3, 12)","(40, 17, 9, 8, 4, 2)",1,0,sixty_overlord_heavy,player_1_life_total_zero_or_less,169,237
4326,unknown_life_actual_20,20,False,,20|40,sixty_overlord_heavy,sixty_drawless_control_big,"(60, 29, 10, 6, 3, 12)","(60, 30, 12, 8, 6, 4)",0,0,sixty_overlord_heavy,player_1_life_total_zero_or_less,247,340
4327,unknown_life_actual_20,20,False,,20|40,sixty_overlord_heavy,sixty_drawless_control_big,"(60, 29, 10, 6, 3, 12)","(60, 30, 12, 8, 6, 4)",1,1,sixty_drawless_control_big,player_0_life_total_zero_or_less,177,245
4328,unknown_life_actual_20,20,False,,20|40,sixty_overlord_heavy,sixty_overlord_heavy,"(60, 29, 10, 6, 3, 12)","(60, 29, 10, 6, 3, 12)",0,0,sixty_overlord_heavy,player_1_life_total_zero_or_less,253,356
4329,unknown_life_actual_20,20,False,,20|40,sixty_overlord_heavy,sixty_overlord_heavy,"(60, 29, 10, 6, 3, 12)","(60, 29, 10, 6, 3, 12)",1,0,sixty_overlord_heavy,player_1_life_total_zero_or_less,158,225
4330,unknown_life_actual_20,20,False,,20|40,sixty_overlord_heavy,sixty_counterwall_jace,"(60, 29, 10, 6, 3, 12)","(60, 31, 16, 7, 5, 1)",0,0,sixty_overlord_heavy,player_1_life_total_zero_or_less,217,306
4331,unknown_life_actual_20,20,False,,20|40,sixty_overlord_heavy,sixty_counterwall_jace,"(60, 29, 10, 6, 3, 12)","(60, 31, 16, 7, 5, 1)",1,0,sixty_overlord_heavy,player_1_life_total_zero_or_less,267,385
4332,unknown_life_actual_20,20,False,,20|40,sixty_overlord_heavy,forty_minimal_threat_decking_gambit,"(60, 29, 10, 6, 3, 12)","(40, 22, 12, 4, 1, 1)",0,0,sixty_overlord_heavy,player_1_life_total_zero_or_less,188,269
4333,unknown_life_actual_20,20,False,,20|40,sixty_overlord_heavy,forty_minimal_threat_decking_gambit,"(60, 29, 10, 6, 3, 12)","(40, 22, 12, 4, 1, 1)",1,0,sixty_overlord_heavy,player_1_life_total_zero_or_less,130,189
4334,unknown_life_actual_20,20,False,,20|40,sixty_overlord_heavy,sixty_no_overlord_jace_only,"(60, 29, 10, 6, 3, 12)","(60, 30, 15, 9, 6, 0)",0,0,sixty_overlord_heavy,player_1_life_total_zero_or_less,331,486
4335,unknown_life_actual_20,20,False,,20|40,sixty_overlord_heavy,sixty_no_overlord_jace_only,"(60, 29, 10, 6, 3, 12)","(60, 30, 15, 9, 6, 0)",1,0,sixty_overlord_heavy,player_1_life_total_zero_or_less,260,383
4336,unknown_life_actual_20,20,False,,20|40,sixty_counterwall_jace,forty_force_jace_pressure,"(60, 31, 16, 7, 5, 1)","(40, 20, 8, 6, 4, 2)",0,0,sixty_counterwall_jace,player_1_attempted_to_draw_from_empty_library,347,488
4337,unknown_life_actual_20,20,False,,20|40,sixty_counterwall_jace,forty_force_jace_pressure,"(60, 31, 16, 7, 5, 1)","(40, 20, 8, 6, 4, 2)",1,0,sixty_counterwall_jace,player_1_attempted_to_draw_from_empty_library,283,385
4338,unknown_life_actual_20,20,False,,20|40,sixty_counterwall_jace,forty_overlord_impending,"(60, 31, 16, 7, 5, 1)","(40, 21, 7, 4, 2, 6)",0,0,sixty_counterwall_jace,player_1_attempted_to_draw_from_empty_library,301,410
4339,unknown_life_actual_20,20,False,,20|40,sixty_counterwall_jace,forty_overlord_impending,"(60, 31, 16, 7, 5, 1)","(40, 21, 7, 4, 2, 6)",1,1,forty_overlord_impending,player_0_life_total_zero_or_less,129,186
4340,unknown_life_actual_20,20,False,,20|40,sixty_counterwall_jace,forty_land_light_force_comboish,"(60, 31, 16, 7, 5, 1)","(40, 17, 9, 8, 4, 2)",0,0,sixty_counterwall_jace,player_1_attempted_to_draw_from_empty_library,281,384
4341,unknown_life_actual_20,20,False,,20|40,sixty_counterwall_jace,forty_land_light_force_comboish,"(60, 31, 16, 7, 5, 1)","(40, 17, 9, 8, 4, 2)",1,0,sixty_counterwall_jace,player_1_attempted_to_draw_from_empty_library,247,352
4342,unknown_life_actual_20,20,False,,20|40,sixty_counterwall_jace,sixty_drawless_control_big,"(60, 31, 16, 7, 5, 1)","(60, 30, 12, 8, 6, 4)",0,0,sixty_counterwall_jace,player_1_attempted_to_draw_from_empty_library,215,307
4343,unknown_life_actual_20,20,False,,20|40,sixty_counterwall_jace,sixty_drawless_control_big,"(60, 31, 16, 7, 5, 1)","(60, 30, 12, 8, 6, 4)",1,0,sixty_counterwall_jace,player_1_attempted_to_draw_from_empty_library,260,368
4344,unknown_life_actual_20,20,False,,20|40,sixty_counterwall_jace,sixty_overlord_heavy,"(60, 31, 16, 7, 5, 1)","(60, 29, 10, 6, 3, 12)",0,0,sixty_counterwall_jace,player_1_life_total_zero_or_less,248,346
4345,unknown_life_actual_20,20,False,,20|40,sixty_counterwall_jace,sixty_overlord_heavy,"(60, 31, 16, 7, 5, 1)","(60, 29, 10, 6, 3, 12)",1,1,sixty_overlord_heavy,player_0_life_total_zero_or_less,125,182
4346,unknown_life_actual_20,20,False,,20|40,sixty_counterwall_jace,sixty_counterwall_jace,"(60, 31, 16, 7, 5, 1)","(60, 31, 16, 7, 5, 1)",0,1,sixty_counterwall_jace,player_0_attempted_to_draw_from_empty_library,234,334
4347,unknown_life_actual_20,20,False,,20|40,sixty_counterwall_jace,sixty_counterwall_jace,"(60, 31, 16, 7, 5, 1)","(60, 31, 16, 7, 5, 1)",1,0,sixty_counterwall_jace,player_1_attempted_to_draw_from_empty_library,329,447
4348,unknown_life_actual_20,20,False,,20|40,sixty_counterwall_jace,forty_minimal_threat_decking_gambit,"(60, 31, 16, 7, 5, 1)","(40, 22, 12, 4, 1, 1)",0,0,sixty_counterwall_jace,player_1_attempted_to_draw_from_empty_library,306,463
4349,unknown_life_actual_20,20,False,,20|40,sixty_counterwall_jace,forty_minimal_threat_decking_gambit,"(60, 31, 16, 7, 5, 1)","(40, 22, 12, 4, 1, 1)",1,0,sixty_counterwall_jace,player_1_attempted_to_draw_from_empty_library,341,512
4350,unknown_life_actual_20,20,False,,20|40,sixty_counterwall_jace,sixty_no_overlord_jace_only,"(60, 31, 16, 7, 5, 1)","(60, 30, 15, 9, 6, 0)",0,1,sixty_no_overlord_jace_only,player_0_attempted_to_draw_from_empty_library,396,574
4351,unknown_life_actual_20,20,False,,20|40,sixty_counterwall_jace,sixty_no_overlord_jace_only,"(60, 31, 16, 7, 5, 1)","(60, 30, 15, 9, 6, 0)",1,,draw_or_timeout,max_decisions_reached,500,754
4352,unknown_life_actual_20,20,False,,20|40,forty_minimal_threat_decking_gambit,forty_force_jace_pressure,"(40, 22, 12, 4, 1, 1)","(40, 20, 8, 6, 4, 2)",0,0,forty_minimal_threat_decking_gambit,player_1_attempted_to_draw_from_empty_library,299,436
4353,unknown_life_actual_20,20,False,,20|40,forty_minimal_threat_decking_gambit,forty_force_jace_pressure,"(40, 22, 12, 4, 1, 1)","(40, 20, 8, 6, 4, 2)",1,0,forty_minimal_threat_decking_gambit,player_1_attempted_to_draw_from_empty_library,273,406
4354,unknown_life_actual_20,20,False,,20|40,forty_minimal_threat_decking_gambit,forty_overlord_impending,"(40, 22, 12, 4, 1, 1)","(40, 21, 7, 4, 2, 6)",0,1,forty_overlord_impending,player_0_attempted_to_draw_from_empty_library,251,355
4355,unknown_life_actual_20,20,False,,20|40,forty_minimal_threat_decking_gambit,forty_overlord_impending,"(40, 22, 12, 4, 1, 1)","(40, 21, 7, 4, 2, 6)",1,0,forty_minimal_threat_decking_gambit,player_1_life_total_zero_or_less,120,172
4356,unknown_life_actual_20,20,False,,20|40,forty_minimal_threat_decking_gambit,forty_land_light_force_comboish,"(40, 22, 12, 4, 1, 1)","(40, 17, 9, 8, 4, 2)",0,1,forty_land_light_force_comboish,player_0_attempted_to_draw_from_empty_library,264,365
4357,unknown_life_actual_20,20,False,,20|40,forty_minimal_threat_decking_gambit,forty_land_light_force_comboish,"(40, 22, 12, 4, 1, 1)","(40, 17, 9, 8, 4, 2)",1,1,forty_land_light_force_comboish,player_0_attempted_to_draw_from_empty_library,318,479
4358,unknown_life_actual_20,20,False,,20|40,forty_minimal_threat_decking_gambit,sixty_drawless_control_big,"(40, 22, 12, 4, 1, 1)","(60, 30, 12, 8, 6, 4)",0,1,sixty_drawless_control_big,player_0_life_total_zero_or_less,333,496
4359,unknown_life_actual_20,20,False,,20|40,forty_minimal_threat_decking_gambit,sixty_drawless_control_big,"(40, 22, 12, 4, 1, 1)","(60, 30, 12, 8, 6, 4)",1,0,forty_minimal_threat_decking_gambit,player_1_attempted_to_draw_from_empty_library,329,464
4360,unknown_life_actual_20,20,False,,20|40,forty_minimal_threat_decking_gambit,sixty_overlord_heavy,"(40, 22, 12, 4, 1, 1)","(60, 29, 10, 6, 3, 12)",0,1,sixty_overlord_heavy,player_0_attempted_to_draw_from_empty_library,208,301
4361,unknown_life_actual_20,20,False,,20|40,forty_minimal_threat_decking_gambit,sixty_overlord_heavy,"(40, 22, 12, 4, 1, 1)","(60, 29, 10, 6, 3, 12)",1,1,sixty_overlord_heavy,player_0_life_total_zero_or_less,132,188
4362,unknown_life_actual_20,20,False,,20|40,forty_minimal_threat_decking_gambit,sixty_counterwall_jace,"(40, 22, 12, 4, 1, 1)","(60, 31, 16, 7, 5, 1)",0,1,sixty_counterwall_jace,player_0_attempted_to_draw_from_empty_library,353,529
4363,unknown_life_actual_20,20,False,,20|40,forty_minimal_threat_decking_gambit,sixty_counterwall_jace,"(40, 22, 12, 4, 1, 1)","(60, 31, 16, 7, 5, 1)",1,0,forty_minimal_threat_decking_gambit,player_1_life_total_zero_or_less,178,249
4364,unknown_life_actual_20,20,False,,20|40,forty_minimal_threat_decking_gambit,forty_minimal_threat_decking_gambit,"(40, 22, 12, 4, 1, 1)","(40, 22, 12, 4, 1, 1)",0,0,forty_minimal_threat_decking_gambit,player_1_attempted_to_draw_from_empty_library,328,493
4365,unknown_life_actual_20,20,False,,20|40,forty_minimal_threat_decking_gambit,forty_minimal_threat_decking_gambit,"(40, 22, 12, 4, 1, 1)","(40, 22, 12, 4, 1, 1)",1,1,forty_minimal_threat_decking_gambit,player_0_attempted_to_draw_from_empty_library,315,475
4366,unknown_life_actual_20,20,False,,20|40,forty_minimal_threat_decking_gambit,sixty_no_overlord_jace_only,"(40, 22, 12, 4, 1, 1)","(60, 30, 15, 9, 6, 0)",0,1,sixty_no_overlord_jace_only,player_0_attempted_to_draw_from_empty_library,305,454
4367,unknown_life_actual_20,20,False,,20|40,forty_minimal_threat_decking_gambit,sixty_no_overlord_jace_only,"(40, 22, 12, 4, 1, 1)","(60, 30, 15, 9, 6, 0)",1,1,sixty_no_overlord_jace_only,player_0_attempted_to_draw_from_empty_library,327,493
4368,unknown_life_actual_20,20,False,,20|40,sixty_no_overlord_jace_only,forty_force_jace_pressure,"(60, 30, 15, 9, 6, 0)","(40, 20, 8, 6, 4, 2)",0,0,sixty_no_overlord_jace_only,player_1_attempted_to_draw_from_empty_library,298,404
4369,unknown_life_actual_20,20,False,,20|40,sixty_no_overlord_jace_only,forty_force_jace_pressure,"(60, 30, 15, 9, 6, 0)","(40, 20, 8, 6, 4, 2)",1,1,forty_force_jace_pressure,player_0_attempted_to_draw_from_empty_library,358,506
4370,unknown_life_actual_20,20,False,,20|40,sixty_no_overlord_jace_only,forty_overlord_impending,"(60, 30, 15, 9, 6, 0)","(40, 21, 7, 4, 2, 6)",0,1,forty_overlord_impending,player_0_attempted_to_draw_from_empty_library,366,515
4371,unknown_life_actual_20,20,False,,20|40,sixty_no_overlord_jace_only,forty_overlord_impending,"(60, 30, 15, 9, 6, 0)","(40, 21, 7, 4, 2, 6)",1,1,forty_overlord_impending,player_0_life_total_zero_or_less,130,189
4372,unknown_life_actual_20,20,False,,20|40,sixty_no_overlord_jace_only,forty_land_light_force_comboish,"(60, 30, 15, 9, 6, 0)","(40, 17, 9, 8, 4, 2)",0,1,forty_land_light_force_comboish,player_0_attempted_to_draw_from_empty_library,207,295
4373,unknown_life_actual_20,20,False,,20|40,sixty_no_overlord_jace_only,forty_land_light_force_comboish,"(60, 30, 15, 9, 6, 0)","(40, 17, 9, 8, 4, 2)",1,0,sixty_no_overlord_jace_only,player_1_attempted_to_draw_from_empty_library,264,379
4374,unknown_life_actual_20,20,False,,20|40,sixty_no_overlord_jace_only,sixty_drawless_control_big,"(60, 30, 15, 9, 6, 0)","(60, 30, 12, 8, 6, 4)",0,1,sixty_drawless_control_big,player_0_attempted_to_draw_from_empty_library,166,236
4375,unknown_life_actual_20,20,False,,20|40,sixty_no_overlord_jace_only,sixty_drawless_control_big,"(60, 30, 15, 9, 6, 0)","(60, 30, 12, 8, 6, 4)",1,0,sixty_no_overlord_jace_only,player_1_attempted_to_draw_from_empty_library,227,321
4376,unknown_life_actual_20,20,False,,20|40,sixty_no_overlord_jace_only,sixty_overlord_heavy,"(60, 30, 15, 9, 6, 0)","(60, 29, 10, 6, 3, 12)",0,1,sixty_overlord_heavy,player_0_life_total_zero_or_less,275,409
4377,unknown_life_actual_20,20,False,,20|40,sixty_no_overlord_jace_only,sixty_overlord_heavy,"(60, 30, 15, 9, 6, 0)","(60, 29, 10, 6, 3, 12)",1,1,sixty_overlord_heavy,player_0_life_total_zero_or_less,190,279
4378,unknown_life_actual_20,20,False,,20|40,sixty_no_overlord_jace_only,sixty_counterwall_jace,"(60, 30, 15, 9, 6, 0)","(60, 31, 16, 7, 5, 1)",0,0,sixty_no_overlord_jace_only,player_1_attempted_to_draw_from_empty_library,451,663
4379,unknown_life_actual_20,20,False,,20|40,sixty_no_overlord_jace_only,sixty_counterwall_jace,"(60, 30, 15, 9, 6, 0)","(60, 31, 16, 7, 5, 1)",1,0,sixty_no_overlord_jace_only,player_1_attempted_to_draw_from_empty_library,317,449
4380,unknown_life_actual_20,20,False,,20|40,sixty_no_overlord_jace_only,forty_minimal_threat_decking_gambit,"(60, 30, 15, 9, 6, 0)","(40, 22, 12, 4, 1, 1)",0,0,sixty_no_overlord_jace_only,player_1_attempted_to_draw_from_empty_library,322,458
4381,unknown_life_actual_20,20,False,,20|40,sixty_no_overlord_jace_only,forty_minimal_threat_decking_gambit,"(60, 30, 15, 9, 6, 0)","(40, 22, 12, 4, 1, 1)",1,0,sixty_no_overlord_jace_only,player_1_attempted_to_draw_from_empty_library,308,468
4382,unknown_life_actual_20,20,False,,20|40,sixty_no_overlord_jace_only,sixty_no_overlord_jace_only,"(60, 30, 15, 9, 6, 0)","(60, 30, 15, 9, 6, 0)",0,1,sixty_no_overlord_jace_only,player_0_attempted_to_draw_from_empty_library,289,413
4383,unknown_life_actual_20,20,False,,20|40,sixty_no_overlord_jace_only,sixty_no_overlord_jace_only,"(60, 30, 15, 9, 6, 0)","(60, 30, 15, 9, 6, 0)",1,0,sixty_no_overlord_jace_only,player_1_attempted_to_draw_from_empty_library,330,471
4384,unknown_life_actual_40,40,False,,20|40,forty_force_jace_pressure,forty_force_jace_pressure,"(40, 20, 8, 6, 4, 2)","(40, 20, 8, 6, 4, 2)",0,1,forty_force_jace_pressure,player_0_attempted_to_draw_from_empty_library,264,361
4385,unknown_life_actual_40,40,False,,20|40,forty_force_jace_pressure,forty_force_jace_pressure,"(40, 20, 8, 6, 4, 2)","(40, 20, 8, 6, 4, 2)",1,0,forty_force_jace_pressure,player_1_attempted_to_draw_from_empty_library,283,386
4386,unknown_life_actual_40,40,False,,20|40,forty_force_jace_pressure,forty_overlord_impending,"(40, 20, 8, 6, 4, 2)","(40, 21, 7, 4, 2, 6)",0,0,forty_force_jace_pressure,player_1_attempted_to_draw_from_empty_library,230,327
4387,unknown_life_actual_40,40,False,,20|40,forty_force_jace_pressure,forty_overlord_impending,"(40, 20, 8, 6, 4, 2)","(40, 21, 7, 4, 2, 6)",1,0,forty_force_jace_pressure,player_1_attempted_to_draw_from_empty_library,260,378
4388,unknown_life_actual_40,40,False,,20|40,forty_force_jace_pressure,forty_land_light_force_comboish,"(40, 20, 8, 6, 4, 2)","(40, 17, 9, 8, 4, 2)",0,1,forty_land_light_force_comboish,player_0_attempted_to_draw_from_empty_library,293,421
4389,unknown_life_actual_40,40,False,,20|40,forty_force_jace_pressure,forty_land_light_force_comboish,"(40, 20, 8, 6, 4, 2)","(40, 17, 9, 8, 4, 2)",1,0,forty_force_jace_pressure,player_1_life_total_zero_or_less,177,256
4390,unknown_life_actual_40,40,False,,20|40,forty_force_jace_pressure,sixty_drawless_control_big,"(40, 20, 8, 6, 4, 2)","(60, 30, 12, 8, 6, 4)",0,1,sixty_drawless_control_big,player_0_attempted_to_draw_from_empty_library,318,435
4391,unknown_life_actual_40,40,False,,20|40,forty_force_jace_pressure,sixty_drawless_control_big,"(40, 20, 8, 6, 4, 2)","(60, 30, 12, 8, 6, 4)",1,1,sixty_drawless_control_big,player_0_attempted_to_draw_from_empty_library,357,508
4392,unknown_life_actual_40,40,False,,20|40,forty_force_jace_pressure,sixty_overlord_heavy,"(40, 20, 8, 6, 4, 2)","(60, 29, 10, 6, 3, 12)",0,1,sixty_overlord_heavy,player_0_attempted_to_draw_from_empty_library,362,531
4393,unknown_life_actual_40,40,False,,20|40,forty_force_jace_pressure,sixty_overlord_heavy,"(40, 20, 8, 6, 4, 2)","(60, 29, 10, 6, 3, 12)",1,1,sixty_overlord_heavy,player_0_attempted_to_draw_from_empty_library,259,366
4394,unknown_life_actual_40,40,False,,20|40,forty_force_jace_pressure,sixty_counterwall_jace,"(40, 20, 8, 6, 4, 2)","(60, 31, 16, 7, 5, 1)",0,1,sixty_counterwall_jace,player_0_attempted_to_draw_from_empty_library,206,299
4395,unknown_life_actual_40,40,False,,20|40,forty_force_jace_pressure,sixty_counterwall_jace,"(40, 20, 8, 6, 4, 2)","(60, 31, 16, 7, 5, 1)",1,1,sixty_counterwall_jace,player_0_attempted_to_draw_from_empty_library,357,529
4396,unknown_life_actual_40,40,False,,20|40,forty_force_jace_pressure,forty_minimal_threat_decking_gambit,"(40, 20, 8, 6, 4, 2)","(40, 22, 12, 4, 1, 1)",0,1,forty_minimal_threat_decking_gambit,player_0_attempted_to_draw_from_empty_library,273,396
4397,unknown_life_actual_40,40,False,,20|40,forty_force_jace_pressure,forty_minimal_threat_decking_gambit,"(40, 20, 8, 6, 4, 2)","(40, 22, 12, 4, 1, 1)",1,1,forty_minimal_threat_decking_gambit,player_0_attempted_to_draw_from_empty_library,266,390
4398,unknown_life_actual_40,40,False,,20|40,forty_force_jace_pressure,sixty_no_overlord_jace_only,"(40, 20, 8, 6, 4, 2)","(60, 30, 15, 9, 6, 0)",0,1,sixty_no_overlord_jace_only,player_0_attempted_to_draw_from_empty_library,237,334
4399,unknown_life_actual_40,40,False,,20|40,forty_force_jace_pressure,sixty_no_overlord_jace_only,"(40, 20, 8, 6, 4, 2)","(60, 30, 15, 9, 6, 0)",1,1,sixty_no_overlord_jace_only,player_0_attempted_to_draw_from_empty_library,235,334
4400,unknown_life_actual_40,40,False,,20|40,forty_overlord_impending,forty_force_jace_pressure,"(40, 21, 7, 4, 2, 6)","(40, 20, 8, 6, 4, 2)",0,0,forty_overlord_impending,player_1_attempted_to_draw_from_empty_library,270,381
4401,unknown_life_actual_40,40,False,,20|40,forty_overlord_impending,forty_force_jace_pressure,"(40, 21, 7, 4, 2, 6)","(40, 20, 8, 6, 4, 2)",1,0,forty_overlord_impending,player_1_attempted_to_draw_from_empty_library,241,345
4402,unknown_life_actual_40,40,False,,20|40,forty_overlord_impending,forty_overlord_impending,"(40, 21, 7, 4, 2, 6)","(40, 21, 7, 4, 2, 6)",0,0,forty_overlord_impending,player_1_attempted_to_draw_from_empty_library,171,239
4403,unknown_life_actual_40,40,False,,20|40,forty_overlord_impending,forty_overlord_impending,"(40, 21, 7, 4, 2, 6)","(40, 21, 7, 4, 2, 6)",1,1,forty_overlord_impending,player_0_attempted_to_draw_from_empty_library,210,308
4404,unknown_life_actual_40,40,False,,20|40,forty_overlord_impending,forty_land_light_force_comboish,"(40, 21, 7, 4, 2, 6)","(40, 17, 9, 8, 4, 2)",0,0,forty_overlord_impending,player_1_attempted_to_draw_from_empty_library,194,286
4405,unknown_life_actual_40,40,False,,20|40,forty_overlord_impending,forty_land_light_force_comboish,"(40, 21, 7, 4, 2, 6)","(40, 17, 9, 8, 4, 2)",1,0,forty_overlord_impending,player_1_attempted_to_draw_from_empty_library,247,344
4406,unknown_life_actual_40,40,False,,20|40,forty_overlord_impending,sixty_drawless_control_big,"(40, 21, 7, 4, 2, 6)","(60, 30, 12, 8, 6, 4)",0,1,sixty_drawless_control_big,player_0_life_total_zero_or_less,178,254
4407,unknown_life_actual_40,40,False,,20|40,forty_overlord_impending,sixty_drawless_control_big,"(40, 21, 7, 4, 2, 6)","(60, 30, 12, 8, 6, 4)",1,0,forty_overlord_impending,player_1_attempted_to_draw_from_empty_library,392,553
4408,unknown_life_actual_40,40,False,,20|40,forty_overlord_impending,sixty_overlord_heavy,"(40, 21, 7, 4, 2, 6)","(60, 29, 10, 6, 3, 12)",0,0,forty_overlord_impending,player_1_attempted_to_draw_from_empty_library,277,395
4409,unknown_life_actual_40,40,False,,20|40,forty_overlord_impending,sixty_overlord_heavy,"(40, 21, 7, 4, 2, 6)","(60, 29, 10, 6, 3, 12)",1,1,sixty_overlord_heavy,player_0_attempted_to_draw_from_empty_library,187,263
4410,unknown_life_actual_40,40,False,,20|40,forty_overlord_impending,sixty_counterwall_jace,"(40, 21, 7, 4, 2, 6)","(60, 31, 16, 7, 5, 1)",0,0,forty_overlord_impending,player_1_attempted_to_draw_from_empty_library,390,556
4411,unknown_life_actual_40,40,False,,20|40,forty_overlord_impending,sixty_counterwall_jace,"(40, 21, 7, 4, 2, 6)","(60, 31, 16, 7, 5, 1)",1,1,sixty_counterwall_jace,player_0_attempted_to_draw_from_empty_library,322,485
4412,unknown_life_actual_40,40,False,,20|40,forty_overlord_impending,forty_minimal_threat_decking_gambit,"(40, 21, 7, 4, 2, 6)","(40, 22, 12, 4, 1, 1)",0,0,forty_overlord_impending,player_1_attempted_to_draw_from_empty_library,285,416
4413,unknown_life_actual_40,40,False,,20|40,forty_overlord_impending,forty_minimal_threat_decking_gambit,"(40, 21, 7, 4, 2, 6)","(40, 22, 12, 4, 1, 1)",1,1,forty_minimal_threat_decking_gambit,player_0_attempted_to_draw_from_empty_library,261,356
4414,unknown_life_actual_40,40,False,,20|40,forty_overlord_impending,sixty_no_overlord_jace_only,"(40, 21, 7, 4, 2, 6)","(60, 30, 15, 9, 6, 0)",0,1,sixty_no_overlord_jace_only,player_0_attempted_to_draw_from_empty_library,306,457
4415,unknown_life_actual_40,40,False,,20|40,forty_overlord_impending,sixty_no_overlord_jace_only,"(40, 21, 7, 4, 2, 6)","(60, 30, 15, 9, 6, 0)",1,1,sixty_no_overlord_jace_only,player_0_attempted_to_draw_from_empty_library,335,472
4416,unknown_life_actual_40,40,False,,20|40,forty_land_light_force_comboish,forty_force_jace_pressure,"(40, 17, 9, 8, 4, 2)","(40, 20, 8, 6, 4, 2)",0,0,forty_land_light_force_comboish,player_1_attempted_to_draw_from_empty_library,260,367
4417,unknown_life_actual_40,40,False,,20|40,forty_land_light_force_comboish,forty_force_jace_pressure,"(40, 17, 9, 8, 4, 2)","(40, 20, 8, 6, 4, 2)",1,0,forty_land_light_force_comboish,player_1_life_total_zero_or_less,172,249
4418,unknown_life_actual_40,40,False,,20|40,forty_land_light_force_comboish,forty_overlord_impending,"(40, 17, 9, 8, 4, 2)","(40, 21, 7, 4, 2, 6)",0,0,forty_land_light_force_comboish,player_1_attempted_to_draw_from_empty_library,194,275
4419,unknown_life_actual_40,40,False,,20|40,forty_land_light_force_comboish,forty_overlord_impending,"(40, 17, 9, 8, 4, 2)","(40, 21, 7, 4, 2, 6)",1,1,forty_overlord_impending,player_0_attempted_to_draw_from_empty_library,235,335
4420,unknown_life_actual_40,40,False,,20|40,forty_land_light_force_comboish,forty_land_light_force_comboish,"(40, 17, 9, 8, 4, 2)","(40, 17, 9, 8, 4, 2)",0,0,forty_land_light_force_comboish,player_1_attempted_to_draw_from_empty_library,187,265
4421,unknown_life_actual_40,40,False,,20|40,forty_land_light_force_comboish,forty_land_light_force_comboish,"(40, 17, 9, 8, 4, 2)","(40, 17, 9, 8, 4, 2)",1,0,forty_land_light_force_comboish,player_1_life_total_zero_or_less,156,228
4422,unknown_life_actual_40,40,False,,20|40,forty_land_light_force_comboish,sixty_drawless_control_big,"(40, 17, 9, 8, 4, 2)","(60, 30, 12, 8, 6, 4)",0,0,forty_land_light_force_comboish,player_1_attempted_to_draw_from_empty_library,384,530
4423,unknown_life_actual_40,40,False,,20|40,forty_land_light_force_comboish,sixty_drawless_control_big,"(40, 17, 9, 8, 4, 2)","(60, 30, 12, 8, 6, 4)",1,1,sixty_drawless_control_big,player_0_attempted_to_draw_from_empty_library,394,576
4424,unknown_life_actual_40,40,False,,20|40,forty_land_light_force_comboish,sixty_overlord_heavy,"(40, 17, 9, 8, 4, 2)","(60, 29, 10, 6, 3, 12)",0,1,sixty_overlord_heavy,player_0_attempted_to_draw_from_empty_library,307,427
4425,unknown_life_actual_40,40,False,,20|40,forty_land_light_force_comboish,sixty_overlord_heavy,"(40, 17, 9, 8, 4, 2)","(60, 29, 10, 6, 3, 12)",1,1,sixty_overlord_heavy,player_0_attempted_to_draw_from_empty_library,252,360
4426,unknown_life_actual_40,40,False,,20|40,forty_land_light_force_comboish,sixty_counterwall_jace,"(40, 17, 9, 8, 4, 2)","(60, 31, 16, 7, 5, 1)",0,1,sixty_counterwall_jace,player_0_attempted_to_draw_from_empty_library,257,360
4427,unknown_life_actual_40,40,False,,20|40,forty_land_light_force_comboish,sixty_counterwall_jace,"(40, 17, 9, 8, 4, 2)","(60, 31, 16, 7, 5, 1)",1,1,sixty_counterwall_jace,player_0_attempted_to_draw_from_empty_library,303,454
4428,unknown_life_actual_40,40,False,,20|40,forty_land_light_force_comboish,forty_minimal_threat_decking_gambit,"(40, 17, 9, 8, 4, 2)","(40, 22, 12, 4, 1, 1)",0,1,forty_minimal_threat_decking_gambit,player_0_attempted_to_draw_from_empty_library,245,345
4429,unknown_life_actual_40,40,False,,20|40,forty_land_light_force_comboish,forty_minimal_threat_decking_gambit,"(40, 17, 9, 8, 4, 2)","(40, 22, 12, 4, 1, 1)",1,0,forty_land_light_force_comboish,player_1_attempted_to_draw_from_empty_library,261,383
4430,unknown_life_actual_40,40,False,,20|40,forty_land_light_force_comboish,sixty_no_overlord_jace_only,"(40, 17, 9, 8, 4, 2)","(60, 30, 15, 9, 6, 0)",0,1,sixty_no_overlord_jace_only,player_0_attempted_to_draw_from_empty_library,212,300
4431,unknown_life_actual_40,40,False,,20|40,forty_land_light_force_comboish,sixty_no_overlord_jace_only,"(40, 17, 9, 8, 4, 2)","(60, 30, 15, 9, 6, 0)",1,1,sixty_no_overlord_jace_only,player_0_attempted_to_draw_from_empty_library,299,431
4432,unknown_life_actual_40,40,False,,20|40,sixty_drawless_control_big,forty_force_jace_pressure,"(60, 30, 12, 8, 6, 4)","(40, 20, 8, 6, 4, 2)",0,0,sixty_drawless_control_big,player_1_attempted_to_draw_from_empty_library,296,412
4433,unknown_life_actual_40,40,False,,20|40,sixty_drawless_control_big,forty_force_jace_pressure,"(60, 30, 12, 8, 6, 4)","(40, 20, 8, 6, 4, 2)",1,1,forty_force_jace_pressure,player_0_attempted_to_draw_from_empty_library,300,413
4434,unknown_life_actual_40,40,False,,20|40,sixty_drawless_control_big,forty_overlord_impending,"(60, 30, 12, 8, 6, 4)","(40, 21, 7, 4, 2, 6)",0,0,sixty_drawless_control_big,player_1_attempted_to_draw_from_empty_library,292,405
4435,unknown_life_actual_40,40,False,,20|40,sixty_drawless_control_big,forty_overlord_impending,"(60, 30, 12, 8, 6, 4)","(40, 21, 7, 4, 2, 6)",1,0,sixty_drawless_control_big,player_1_life_total_zero_or_less,345,497
4436,unknown_life_actual_40,40,False,,20|40,sixty_drawless_control_big,forty_land_light_force_comboish,"(60, 30, 12, 8, 6, 4)","(40, 17, 9, 8, 4, 2)",0,1,forty_land_light_force_comboish,player_0_attempted_to_draw_from_empty_library,174,248
4437,unknown_life_actual_40,40,False,,20|40,sixty_drawless_control_big,forty_land_light_force_comboish,"(60, 30, 12, 8, 6, 4)","(40, 17, 9, 8, 4, 2)",1,0,sixty_drawless_control_big,player_1_attempted_to_draw_from_empty_library,301,416
4438,unknown_life_actual_40,40,False,,20|40,sixty_drawless_control_big,sixty_drawless_control_big,"(60, 30, 12, 8, 6, 4)","(60, 30, 12, 8, 6, 4)",0,0,sixty_drawless_control_big,player_1_attempted_to_draw_from_empty_library,466,629
4439,unknown_life_actual_40,40,False,,20|40,sixty_drawless_control_big,sixty_drawless_control_big,"(60, 30, 12, 8, 6, 4)","(60, 30, 12, 8, 6, 4)",1,1,sixty_drawless_control_big,player_0_attempted_to_draw_from_empty_library,365,517
4440,unknown_life_actual_40,40,False,,20|40,sixty_drawless_control_big,sixty_overlord_heavy,"(60, 30, 12, 8, 6, 4)","(60, 29, 10, 6, 3, 12)",0,1,sixty_overlord_heavy,player_0_life_total_zero_or_less,268,377
4441,unknown_life_actual_40,40,False,,20|40,sixty_drawless_control_big,sixty_overlord_heavy,"(60, 30, 12, 8, 6, 4)","(60, 29, 10, 6, 3, 12)",1,0,sixty_drawless_control_big,player_1_life_total_zero_or_less,221,310
4442,unknown_life_actual_40,40,False,,20|40,sixty_drawless_control_big,sixty_counterwall_jace,"(60, 30, 12, 8, 6, 4)","(60, 31, 16, 7, 5, 1)",0,1,sixty_counterwall_jace,player_0_attempted_to_draw_from_empty_library,347,504
4443,unknown_life_actual_40,40,False,,20|40,sixty_drawless_control_big,sixty_counterwall_jace,"(60, 30, 12, 8, 6, 4)","(60, 31, 16, 7, 5, 1)",1,0,sixty_drawless_control_big,player_1_attempted_to_draw_from_empty_library,409,572
4444,unknown_life_actual_40,40,False,,20|40,sixty_drawless_control_big,forty_minimal_threat_decking_gambit,"(60, 30, 12, 8, 6, 4)","(40, 22, 12, 4, 1, 1)",0,0,sixty_drawless_control_big,player_1_attempted_to_draw_from_empty_library,319,483
4445,unknown_life_actual_40,40,False,,20|40,sixty_drawless_control_big,forty_minimal_threat_decking_gambit,"(60, 30, 12, 8, 6, 4)","(40, 22, 12, 4, 1, 1)",1,1,forty_minimal_threat_decking_gambit,player_0_attempted_to_draw_from_empty_library,369,529
4446,unknown_life_actual_40,40,False,,20|40,sixty_drawless_control_big,sixty_no_overlord_jace_only,"(60, 30, 12, 8, 6, 4)","(60, 30, 15, 9, 6, 0)",0,1,sixty_no_overlord_jace_only,player_0_attempted_to_draw_from_empty_library,422,623
4447,unknown_life_actual_40,40,False,,20|40,sixty_drawless_control_big,sixty_no_overlord_jace_only,"(60, 30, 12, 8, 6, 4)","(60, 30, 15, 9, 6, 0)",1,1,sixty_no_overlord_jace_only,player_0_attempted_to_draw_from_empty_library,415,587
4448,unknown_life_actual_40,40,False,,20|40,sixty_overlord_heavy,forty_force_jace_pressure,"(60, 29, 10, 6, 3, 12)","(40, 20, 8, 6, 4, 2)",0,0,sixty_overlord_heavy,player_1_attempted_to_draw_from_empty_library,344,481
4449,unknown_life_actual_40,40,False,,20|40,sixty_overlord_heavy,forty_force_jace_pressure,"(60, 29, 10, 6, 3, 12)","(40, 20, 8, 6, 4, 2)",1,0,sixty_overlord_heavy,player_1_attempted_to_draw_from_empty_library,190,266
4450,unknown_life_actual_40,40,False,,20|40,sixty_overlord_heavy,forty_overlord_impending,"(60, 29, 10, 6, 3, 12)","(40, 21, 7, 4, 2, 6)",0,0,sixty_overlord_heavy,player_1_attempted_to_draw_from_empty_library,298,429
4451,unknown_life_actual_40,40,False,,20|40,sixty_overlord_heavy,forty_overlord_impending,"(60, 29, 10, 6, 3, 12)","(40, 21, 7, 4, 2, 6)",1,0,sixty_overlord_heavy,player_1_attempted_to_draw_from_empty_library,170,240
4452,unknown_life_actual_40,40,False,,20|40,sixty_overlord_heavy,forty_land_light_force_comboish,"(60, 29, 10, 6, 3, 12)","(40, 17, 9, 8, 4, 2)",0,0,sixty_overlord_heavy,player_1_life_total_zero_or_less,152,218
4453,unknown_life_actual_40,40,False,,20|40,sixty_overlord_heavy,forty_land_light_force_comboish,"(60, 29, 10, 6, 3, 12)","(40, 17, 9, 8, 4, 2)",1,0,sixty_overlord_heavy,player_1_attempted_to_draw_from_empty_library,283,394
4454,unknown_life_actual_40,40,False,,20|40,sixty_overlord_heavy,sixty_drawless_control_big,"(60, 29, 10, 6, 3, 12)","(60, 30, 12, 8, 6, 4)",0,1,sixty_drawless_control_big,player_0_life_total_zero_or_less,235,332
4455,unknown_life_actual_40,40,False,,20|40,sixty_overlord_heavy,sixty_drawless_control_big,"(60, 29, 10, 6, 3, 12)","(60, 30, 12, 8, 6, 4)",1,1,sixty_drawless_control_big,player_0_attempted_to_draw_from_empty_library,344,466
4456,unknown_life_actual_40,40,False,,20|40,sixty_overlord_heavy,sixty_overlord_heavy,"(60, 29, 10, 6, 3, 12)","(60, 29, 10, 6, 3, 12)",0,0,sixty_overlord_heavy,player_1_attempted_to_draw_from_empty_library,374,529
4457,unknown_life_actual_40,40,False,,20|40,sixty_overlord_heavy,sixty_overlord_heavy,"(60, 29, 10, 6, 3, 12)","(60, 29, 10, 6, 3, 12)",1,1,sixty_overlord_heavy,player_0_life_total_zero_or_less,221,308
4458,unknown_life_actual_40,40,False,,20|40,sixty_overlord_heavy,sixty_counterwall_jace,"(60, 29, 10, 6, 3, 12)","(60, 31, 16, 7, 5, 1)",0,0,sixty_overlord_heavy,player_1_life_total_zero_or_less,186,270
4459,unknown_life_actual_40,40,False,,20|40,sixty_overlord_heavy,sixty_counterwall_jace,"(60, 29, 10, 6, 3, 12)","(60, 31, 16, 7, 5, 1)",1,0,sixty_overlord_heavy,player_1_attempted_to_draw_from_empty_library,421,604
4460,unknown_life_actual_40,40,False,,20|40,sixty_overlord_heavy,forty_minimal_threat_decking_gambit,"(60, 29, 10, 6, 3, 12)","(40, 22, 12, 4, 1, 1)",0,1,forty_minimal_threat_decking_gambit,player_0_attempted_to_draw_from_empty_library,368,520
4461,unknown_life_actual_40,40,False,,20|40,sixty_overlord_heavy,forty_minimal_threat_decking_gambit,"(60, 29, 10, 6, 3, 12)","(40, 22, 12, 4, 1, 1)",1,1,forty_minimal_threat_decking_gambit,player_0_attempted_to_draw_from_empty_library,283,397
4462,unknown_life_actual_40,40,False,,20|40,sixty_overlord_heavy,sixty_no_overlord_jace_only,"(60, 29, 10, 6, 3, 12)","(60, 30, 15, 9, 6, 0)",0,0,sixty_overlord_heavy,player_1_attempted_to_draw_from_empty_library,380,535
4463,unknown_life_actual_40,40,False,,20|40,sixty_overlord_heavy,sixty_no_overlord_jace_only,"(60, 29, 10, 6, 3, 12)","(60, 30, 15, 9, 6, 0)",1,1,sixty_no_overlord_jace_only,player_0_attempted_to_draw_from_empty_library,404,585
4464,unknown_life_actual_40,40,False,,20|40,sixty_counterwall_jace,forty_force_jace_pressure,"(60, 31, 16, 7, 5, 1)","(40, 20, 8, 6, 4, 2)",0,0,sixty_counterwall_jace,player_1_attempted_to_draw_from_empty_library,400,566
4465,unknown_life_actual_40,40,False,,20|40,sixty_counterwall_jace,forty_force_jace_pressure,"(60, 31, 16, 7, 5, 1)","(40, 20, 8, 6, 4, 2)",1,0,sixty_counterwall_jace,player_1_attempted_to_draw_from_empty_library,362,500
4466,unknown_life_actual_40,40,False,,20|40,sixty_counterwall_jace,forty_overlord_impending,"(60, 31, 16, 7, 5, 1)","(40, 21, 7, 4, 2, 6)",0,0,sixty_counterwall_jace,player_1_attempted_to_draw_from_empty_library,248,339
4467,unknown_life_actual_40,40,False,,20|40,sixty_counterwall_jace,forty_overlord_impending,"(60, 31, 16, 7, 5, 1)","(40, 21, 7, 4, 2, 6)",1,0,sixty_counterwall_jace,player_1_attempted_to_draw_from_empty_library,247,356
4468,unknown_life_actual_40,40,False,,20|40,sixty_counterwall_jace,forty_land_light_force_comboish,"(60, 31, 16, 7, 5, 1)","(40, 17, 9, 8, 4, 2)",0,0,sixty_counterwall_jace,player_1_attempted_to_draw_from_empty_library,309,421
4469,unknown_life_actual_40,40,False,,20|40,sixty_counterwall_jace,forty_land_light_force_comboish,"(60, 31, 16, 7, 5, 1)","(40, 17, 9, 8, 4, 2)",1,0,sixty_counterwall_jace,player_1_attempted_to_draw_from_empty_library,359,497
4470,unknown_life_actual_40,40,False,,20|40,sixty_counterwall_jace,sixty_drawless_control_big,"(60, 31, 16, 7, 5, 1)","(60, 30, 12, 8, 6, 4)",0,0,sixty_counterwall_jace,player_1_attempted_to_draw_from_empty_library,368,518
4471,unknown_life_actual_40,40,False,,20|40,sixty_counterwall_jace,sixty_drawless_control_big,"(60, 31, 16, 7, 5, 1)","(60, 30, 12, 8, 6, 4)",1,0,sixty_counterwall_jace,player_1_attempted_to_draw_from_empty_library,439,611
4472,unknown_life_actual_40,40,False,,20|40,sixty_counterwall_jace,sixty_overlord_heavy,"(60, 31, 16, 7, 5, 1)","(60, 29, 10, 6, 3, 12)",0,1,sixty_overlord_heavy,player_0_life_total_zero_or_less,190,276
4473,unknown_life_actual_40,40,False,,20|40,sixty_counterwall_jace,sixty_overlord_heavy,"(60, 31, 16, 7, 5, 1)","(60, 29, 10, 6, 3, 12)",1,1,sixty_overlord_heavy,player_0_life_total_zero_or_less,152,222
4474,unknown_life_actual_40,40,False,,20|40,sixty_counterwall_jace,sixty_counterwall_jace,"(60, 31, 16, 7, 5, 1)","(60, 31, 16, 7, 5, 1)",0,0,sixty_counterwall_jace,player_1_attempted_to_draw_from_empty_library,424,617
4475,unknown_life_actual_40,40,False,,20|40,sixty_counterwall_jace,sixty_counterwall_jace,"(60, 31, 16, 7, 5, 1)","(60, 31, 16, 7, 5, 1)",1,0,sixty_counterwall_jace,player_1_attempted_to_draw_from_empty_library,417,582
4476,unknown_life_actual_40,40,False,,20|40,sixty_counterwall_jace,forty_minimal_threat_decking_gambit,"(60, 31, 16, 7, 5, 1)","(40, 22, 12, 4, 1, 1)",0,0,sixty_counterwall_jace,player_1_attempted_to_draw_from_empty_library,333,500
4477,unknown_life_actual_40,40,False,,20|40,sixty_counterwall_jace,forty_minimal_threat_decking_gambit,"(60, 31, 16, 7, 5, 1)","(40, 22, 12, 4, 1, 1)",1,0,sixty_counterwall_jace,player_1_attempted_to_draw_from_empty_library,363,535
4478,unknown_life_actual_40,40,False,,20|40,sixty_counterwall_jace,sixty_no_overlord_jace_only,"(60, 31, 16, 7, 5, 1)","(60, 30, 15, 9, 6, 0)",0,1,sixty_no_overlord_jace_only,player_0_attempted_to_draw_from_empty_library,451,656
4479,unknown_life_actual_40,40,False,,20|40,sixty_counterwall_jace,sixty_no_overlord_jace_only,"(60, 31, 16, 7, 5, 1)","(60, 30, 15, 9, 6, 0)",1,0,sixty_counterwall_jace,player_1_life_total_zero_or_less,239,353
4480,unknown_life_actual_40,40,False,,20|40,forty_minimal_threat_decking_gambit,forty_force_jace_pressure,"(40, 22, 12, 4, 1, 1)","(40, 20, 8, 6, 4, 2)",0,0,forty_minimal_threat_decking_gambit,player_1_attempted_to_draw_from_empty_library,242,343
4481,unknown_life_actual_40,40,False,,20|40,forty_minimal_threat_decking_gambit,forty_force_jace_pressure,"(40, 22, 12, 4, 1, 1)","(40, 20, 8, 6, 4, 2)",1,1,forty_force_jace_pressure,player_0_attempted_to_draw_from_empty_library,315,477
4482,unknown_life_actual_40,40,False,,20|40,forty_minimal_threat_decking_gambit,forty_overlord_impending,"(40, 22, 12, 4, 1, 1)","(40, 21, 7, 4, 2, 6)",0,0,forty_minimal_threat_decking_gambit,player_1_attempted_to_draw_from_empty_library,212,312
4483,unknown_life_actual_40,40,False,,20|40,forty_minimal_threat_decking_gambit,forty_overlord_impending,"(40, 22, 12, 4, 1, 1)","(40, 21, 7, 4, 2, 6)",1,0,forty_minimal_threat_decking_gambit,player_1_attempted_to_draw_from_empty_library,330,494
4484,unknown_life_actual_40,40,False,,20|40,forty_minimal_threat_decking_gambit,forty_land_light_force_comboish,"(40, 22, 12, 4, 1, 1)","(40, 17, 9, 8, 4, 2)",0,0,forty_minimal_threat_decking_gambit,player_1_attempted_to_draw_from_empty_library,334,503
4485,unknown_life_actual_40,40,False,,20|40,forty_minimal_threat_decking_gambit,forty_land_light_force_comboish,"(40, 22, 12, 4, 1, 1)","(40, 17, 9, 8, 4, 2)",1,1,forty_land_light_force_comboish,player_0_attempted_to_draw_from_empty_library,230,326
4486,unknown_life_actual_40,40,False,,20|40,forty_minimal_threat_decking_gambit,sixty_drawless_control_big,"(40, 22, 12, 4, 1, 1)","(60, 30, 12, 8, 6, 4)",0,1,sixty_drawless_control_big,player_0_attempted_to_draw_from_empty_library,251,356
4487,unknown_life_actual_40,40,False,,20|40,forty_minimal_threat_decking_gambit,sixty_drawless_control_big,"(40, 22, 12, 4, 1, 1)","(60, 30, 12, 8, 6, 4)",1,1,sixty_drawless_control_big,player_0_attempted_to_draw_from_empty_library,319,479
4488,unknown_life_actual_40,40,False,,20|40,forty_minimal_threat_decking_gambit,sixty_overlord_heavy,"(40, 22, 12, 4, 1, 1)","(60, 29, 10, 6, 3, 12)",0,0,forty_minimal_threat_decking_gambit,player_1_attempted_to_draw_from_empty_library,278,381
4489,unknown_life_actual_40,40,False,,20|40,forty_minimal_threat_decking_gambit,sixty_overlord_heavy,"(40, 22, 12, 4, 1, 1)","(60, 29, 10, 6, 3, 12)",1,0,forty_minimal_threat_decking_gambit,player_1_attempted_to_draw_from_empty_library,301,433
4490,unknown_life_actual_40,40,False,,20|40,forty_minimal_threat_decking_gambit,sixty_counterwall_jace,"(40, 22, 12, 4, 1, 1)","(60, 31, 16, 7, 5, 1)",0,1,sixty_counterwall_jace,player_0_attempted_to_draw_from_empty_library,320,485
4491,unknown_life_actual_40,40,False,,20|40,forty_minimal_threat_decking_gambit,sixty_counterwall_jace,"(40, 22, 12, 4, 1, 1)","(60, 31, 16, 7, 5, 1)",1,1,sixty_counterwall_jace,player_0_attempted_to_draw_from_empty_library,323,484
4492,unknown_life_actual_40,40,False,,20|40,forty_minimal_threat_decking_gambit,forty_minimal_threat_decking_gambit,"(40, 22, 12, 4, 1, 1)","(40, 22, 12, 4, 1, 1)",0,1,forty_minimal_threat_decking_gambit,player_0_life_total_zero_or_less,151,218
4493,unknown_life_actual_40,40,False,,20|40,forty_minimal_threat_decking_gambit,forty_minimal_threat_decking_gambit,"(40, 22, 12, 4, 1, 1)","(40, 22, 12, 4, 1, 1)",1,1,forty_minimal_threat_decking_gambit,player_0_life_total_zero_or_less,146,212
4494,unknown_life_actual_40,40,False,,20|40,forty_minimal_threat_decking_gambit,sixty_no_overlord_jace_only,"(40, 22, 12, 4, 1, 1)","(60, 30, 15, 9, 6, 0)",0,1,sixty_no_overlord_jace_only,player_0_attempted_to_draw_from_empty_library,328,494
4495,unknown_life_actual_40,40,False,,20|40,forty_minimal_threat_decking_gambit,sixty_no_overlord_jace_only,"(40, 22, 12, 4, 1, 1)","(60, 30, 15, 9, 6, 0)",1,1,sixty_no_overlord_jace_only,player_0_attempted_to_draw_from_empty_library,207,293
4496,unknown_life_actual_40,40,False,,20|40,sixty_no_overlord_jace_only,forty_force_jace_pressure,"(60, 30, 15, 9, 6, 0)","(40, 20, 8, 6, 4, 2)",0,0,sixty_no_overlord_jace_only,player_1_attempted_to_draw_from_empty_library,270,371
4497,unknown_life_actual_40,40,False,,20|40,sixty_no_overlord_jace_only,forty_force_jace_pressure,"(60, 30, 15, 9, 6, 0)","(40, 20, 8, 6, 4, 2)",1,0,sixty_no_overlord_jace_only,player_1_attempted_to_draw_from_empty_library,302,452
4498,unknown_life_actual_40,40,False,,20|40,sixty_no_overlord_jace_only,forty_overlord_impending,"(60, 30, 15, 9, 6, 0)","(40, 21, 7, 4, 2, 6)",0,0,sixty_no_overlord_jace_only,player_1_attempted_to_draw_from_empty_library,322,479
4499,unknown_life_actual_40,40,False,,20|40,sixty_no_overlord_jace_only,forty_overlord_impending,"(60, 30, 15, 9, 6, 0)","(40, 21, 7, 4, 2, 6)",1,0,sixty_no_overlord_jace_only,player_1_attempted_to_draw_from_empty_library,286,388
4500,unknown_life_actual_40,40,False,,20|40,sixty_no_overlord_jace_only,forty_land_light_force_comboish,"(60, 30, 15, 9, 6, 0)","(40, 17, 9, 8, 4, 2)",0,0,sixty_no_overlord_jace_only,player_1_attempted_to_draw_from_empty_library,228,328
4501,unknown_life_actual_40,40,False,,20|40,sixty_no_overlord_jace_only,forty_land_light_force_comboish,"(60, 30, 15, 9, 6, 0)","(40, 17, 9, 8, 4, 2)",1,0,sixty_no_overlord_jace_only,player_1_attempted_to_draw_from_empty_library,280,414
4502,unknown_life_actual_40,40,False,,20|40,sixty_no_overlord_jace_only,sixty_drawless_control_big,"(60, 30, 15, 9, 6, 0)","(60, 30, 12, 8, 6, 4)",0,0,sixty_no_overlord_jace_only,player_1_attempted_to_draw_from_empty_library,369,507
4503,unknown_life_actual_40,40,False,,20|40,sixty_no_overlord_jace_only,sixty_drawless_control_big,"(60, 30, 15, 9, 6, 0)","(60, 30, 12, 8, 6, 4)",1,1,sixty_drawless_control_big,player_0_attempted_to_draw_from_empty_library,468,682
4504,unknown_life_actual_40,40,False,,20|40,sixty_no_overlord_jace_only,sixty_overlord_heavy,"(60, 30, 15, 9, 6, 0)","(60, 29, 10, 6, 3, 12)",0,0,sixty_no_overlord_jace_only,player_1_attempted_to_draw_from_empty_library,295,426
4505,unknown_life_actual_40,40,False,,20|40,sixty_no_overlord_jace_only,sixty_overlord_heavy,"(60, 30, 15, 9, 6, 0)","(60, 29, 10, 6, 3, 12)",1,0,sixty_no_overlord_jace_only,player_1_attempted_to_draw_from_empty_library,444,643
4506,unknown_life_actual_40,40,False,,20|40,sixty_no_overlord_jace_only,sixty_counterwall_jace,"(60, 30, 15, 9, 6, 0)","(60, 31, 16, 7, 5, 1)",0,1,sixty_counterwall_jace,player_0_attempted_to_draw_from_empty_library,198,283
4507,unknown_life_actual_40,40,False,,20|40,sixty_no_overlord_jace_only,sixty_counterwall_jace,"(60, 30, 15, 9, 6, 0)","(60, 31, 16, 7, 5, 1)",1,0,sixty_no_overlord_jace_only,player_1_attempted_to_draw_from_empty_library,482,717
4508,unknown_life_actual_40,40,False,,20|40,sixty_no_overlord_jace_only,forty_minimal_threat_decking_gambit,"(60, 30, 15, 9, 6, 0)","(40, 22, 12, 4, 1, 1)",0,0,sixty_no_overlord_jace_only,player_1_attempted_to_draw_from_empty_library,215,305
4509,unknown_life_actual_40,40,False,,20|40,sixty_no_overlord_jace_only,forty_minimal_threat_decking_gambit,"(60, 30, 15, 9, 6, 0)","(40, 22, 12, 4, 1, 1)",1,0,sixty_no_overlord_jace_only,player_1_attempted_to_draw_from_empty_library,285,407
4510,unknown_life_actual_40,40,False,,20|40,sixty_no_overlord_jace_only,sixty_no_overlord_jace_only,"(60, 30, 15, 9, 6, 0)","(60, 30, 15, 9, 6, 0)",0,0,sixty_no_overlord_jace_only,player_1_attempted_to_draw_from_empty_library,488,717
4511,unknown_life_actual_40,40,False,,20|40,sixty_no_overlord_jace_only,sixty_no_overlord_jace_only,"(60, 30, 15, 9, 6, 0)","(60, 30, 15, 9, 6, 0)",1,0,sixty_no_overlord_jace_only,player_1_attempted_to_draw_from_empty_library,469,637
