simulator_revision,strategy0,strategy1,deck0,deck1,agent0,agent1,mulligan0,mulligan1,starting_life,starting_player,seed,transition_seed,agent_seed,winner,p0_score,p1_score,p0_terminal_win,p1_terminal_win,is_nonterminal_draw,is_truncation,loss_reason,decisions,log_events,turn_number,reward_convention,interface,p0_terminal_only_score,p1_terminal_only_score,cpp_shadow_game_id,terminal_clean_max_decisions,terminal_clean_game,terminal_clean_status,arm_id,question,interpretation,target,opponent,target_deck,opponent_deck,target_agent,opponent_agent,target_mulligan,opponent_mulligan,target_deck_size,opponent_deck_size,target_island_count,target_counterspell_count,target_force_count,target_jace_count,target_overlord_count,opponent_island_count,opponent_counterspell_count,opponent_force_count,opponent_jace_count,opponent_overlord_count,target_seat,threat_seat,rep,counter_policy_axis,threat_policy_axis,size_axis,focus_target_seat,focus_target_score,focus_target_result,focus_terminal_mechanism,focus_terminal_loser,focus_terminal_loser_role,focus_is_library_out_win,focus_is_life_total_win
rev0067,guard_counter_wall40,pub_threat40_closure,forty_counterwall_scaled_from60,forty_overlord_impending,counter_guard,threat_closure,mulligan_outcome_ranker_rev0027,land_band_business,20,0,6767000,6767000,7767003,1,0.0,1.0,0.0,1.0,False,False,player_0_life_total_zero_or_less,133,0,11,draw_half_reporting_terminal_only_training,public_decision_frame,0.0,1.0,g00000_A_closure_counter40_vs_threat40_life20_seat0_sp0_r0,900,True,terminal,A_closure_counter40_vs_threat40,40-vs-40 legal-size response cell.,Library-aware closure baseline repaired in rev0063/rev0064.,guard_counter_wall40,pub_threat40_closure,forty_counterwall_scaled_from60,forty_overlord_impending,counter_guard,threat_closure,mulligan_outcome_ranker_rev0027,land_band_business,40,40,21,10,5,3,1,21,7,4,2,6,0,1,0,public_counter_guard,library_aware_threat_closure_targetguarded,counter40_vs_threat40,0,0.0,target_loss,life_total,0,target,False,False
rev0067,guard_counter_wall40,pub_threat40_closure,forty_counterwall_scaled_from60,forty_overlord_impending,counter_guard,threat_closure,mulligan_outcome_ranker_rev0027,land_band_business,20,0,6767001,6767001,7767004,0,1.0,0.0,1.0,0.0,False,False,player_1_attempted_to_draw_from_empty_library,121,0,11,draw_half_reporting_terminal_only_training,public_decision_frame,1.0,0.0,g00001_A_closure_counter40_vs_threat40_life20_seat0_sp0_r1,900,True,terminal,A_closure_counter40_vs_threat40,40-vs-40 legal-size response cell.,Library-aware closure baseline repaired in rev0063/rev0064.,guard_counter_wall40,pub_threat40_closure,forty_counterwall_scaled_from60,forty_overlord_impending,counter_guard,threat_closure,mulligan_outcome_ranker_rev0027,land_band_business,40,40,21,10,5,3,1,21,7,4,2,6,0,1,1,public_counter_guard,library_aware_threat_closure_targetguarded,counter40_vs_threat40,0,1.0,target_win,library_out,1,opponent,True,False
rev0067,guard_counter_wall40,pub_threat40_closure,forty_counterwall_scaled_from60,forty_overlord_impending,counter_guard,threat_closure,mulligan_outcome_ranker_rev0027,land_band_business,20,1,6767002,6767002,7767005,1,0.0,1.0,0.0,1.0,False,False,player_0_attempted_to_draw_from_empty_library,175,0,18,draw_half_reporting_terminal_only_training,public_decision_frame,0.0,1.0,g00002_A_closure_counter40_vs_threat40_life20_seat0_sp1_r0,900,True,terminal,A_closure_counter40_vs_threat40,40-vs-40 legal-size response cell.,Library-aware closure baseline repaired in rev0063/rev0064.,guard_counter_wall40,pub_threat40_closure,forty_counterwall_scaled_from60,forty_overlord_impending,counter_guard,threat_closure,mulligan_outcome_ranker_rev0027,land_band_business,40,40,21,10,5,3,1,21,7,4,2,6,0,1,0,public_counter_guard,library_aware_threat_closure_targetguarded,counter40_vs_threat40,0,0.0,target_loss,library_out,0,target,False,False
rev0067,guard_counter_wall40,pub_threat40_closure,forty_counterwall_scaled_from60,forty_overlord_impending,counter_guard,threat_closure,mulligan_outcome_ranker_rev0027,land_band_business,20,1,6767003,6767003,7767006,0,1.0,0.0,1.0,0.0,False,False,player_1_life_total_zero_or_less,155,0,12,draw_half_reporting_terminal_only_training,public_decision_frame,1.0,0.0,g00003_A_closure_counter40_vs_threat40_life20_seat0_sp1_r1,900,True,terminal,A_closure_counter40_vs_threat40,40-vs-40 legal-size response cell.,Library-aware closure baseline repaired in rev0063/rev0064.,guard_counter_wall40,pub_threat40_closure,forty_counterwall_scaled_from60,forty_overlord_impending,counter_guard,threat_closure,mulligan_outcome_ranker_rev0027,land_band_business,40,40,21,10,5,3,1,21,7,4,2,6,0,1,1,public_counter_guard,library_aware_threat_closure_targetguarded,counter40_vs_threat40,0,1.0,target_win,life_total,1,opponent,False,True
rev0067,pub_threat40_closure,guard_counter_wall40,forty_overlord_impending,forty_counterwall_scaled_from60,threat_closure,counter_guard,land_band_business,mulligan_outcome_ranker_rev0027,20,0,6767004,6767004,7767007,0,1.0,0.0,1.0,0.0,False,False,player_1_life_total_zero_or_less,141,0,12,draw_half_reporting_terminal_only_training,public_decision_frame,1.0,0.0,g00004_A_closure_counter40_vs_threat40_life20_seat1_sp0_r0,900,True,terminal,A_closure_counter40_vs_threat40,40-vs-40 legal-size response cell.,Library-aware closure baseline repaired in rev0063/rev0064.,guard_counter_wall40,pub_threat40_closure,forty_counterwall_scaled_from60,forty_overlord_impending,counter_guard,threat_closure,mulligan_outcome_ranker_rev0027,land_band_business,40,40,21,10,5,3,1,21,7,4,2,6,1,0,0,public_counter_guard,library_aware_threat_closure_targetguarded,counter40_vs_threat40,1,0.0,target_loss,life_total,1,target,False,False
rev0067,pub_threat40_closure,guard_counter_wall40,forty_overlord_impending,forty_counterwall_scaled_from60,threat_closure,counter_guard,land_band_business,mulligan_outcome_ranker_rev0027,20,0,6767005,6767005,7767008,1,0.0,1.0,0.0,1.0,False,False,player_0_attempted_to_draw_from_empty_library,195,0,15,draw_half_reporting_terminal_only_training,public_decision_frame,0.0,1.0,g00005_A_closure_counter40_vs_threat40_life20_seat1_sp0_r1,900,True,terminal,A_closure_counter40_vs_threat40,40-vs-40 legal-size response cell.,Library-aware closure baseline repaired in rev0063/rev0064.,guard_counter_wall40,pub_threat40_closure,forty_counterwall_scaled_from60,forty_overlord_impending,counter_guard,threat_closure,mulligan_outcome_ranker_rev0027,land_band_business,40,40,21,10,5,3,1,21,7,4,2,6,1,0,1,public_counter_guard,library_aware_threat_closure_targetguarded,counter40_vs_threat40,1,1.0,target_win,library_out,0,opponent,True,False
rev0067,pub_threat40_closure,guard_counter_wall40,forty_overlord_impending,forty_counterwall_scaled_from60,threat_closure,counter_guard,land_band_business,mulligan_outcome_ranker_rev0027,20,1,6767006,6767006,7767009,1,0.0,1.0,0.0,1.0,False,False,player_0_life_total_zero_or_less,135,0,13,draw_half_reporting_terminal_only_training,public_decision_frame,0.0,1.0,g00006_A_closure_counter40_vs_threat40_life20_seat1_sp1_r0,900,True,terminal,A_closure_counter40_vs_threat40,40-vs-40 legal-size response cell.,Library-aware closure baseline repaired in rev0063/rev0064.,guard_counter_wall40,pub_threat40_closure,forty_counterwall_scaled_from60,forty_overlord_impending,counter_guard,threat_closure,mulligan_outcome_ranker_rev0027,land_band_business,40,40,21,10,5,3,1,21,7,4,2,6,1,0,0,public_counter_guard,library_aware_threat_closure_targetguarded,counter40_vs_threat40,1,1.0,target_win,life_total,0,opponent,False,True
rev0067,pub_threat40_closure,guard_counter_wall40,forty_overlord_impending,forty_counterwall_scaled_from60,threat_closure,counter_guard,land_band_business,mulligan_outcome_ranker_rev0027,20,1,6767007,6767007,7767010,0,1.0,0.0,1.0,0.0,False,False,player_1_life_total_zero_or_less,105,0,10,draw_half_reporting_terminal_only_training,public_decision_frame,1.0,0.0,g00007_A_closure_counter40_vs_threat40_life20_seat1_sp1_r1,900,True,terminal,A_closure_counter40_vs_threat40,40-vs-40 legal-size response cell.,Library-aware closure baseline repaired in rev0063/rev0064.,guard_counter_wall40,pub_threat40_closure,forty_counterwall_scaled_from60,forty_overlord_impending,counter_guard,threat_closure,mulligan_outcome_ranker_rev0027,land_band_business,40,40,21,10,5,3,1,21,7,4,2,6,1,0,1,public_counter_guard,library_aware_threat_closure_targetguarded,counter40_vs_threat40,1,0.0,target_loss,life_total,1,target,False,False
rev0067,guard_counter_wall40,pub_threat40_closure,forty_counterwall_scaled_from60,forty_overlord_impending,counter_guard,threat_closure,mulligan_outcome_ranker_rev0027,land_band_business,40,0,6767008,6767008,7767011,0,1.0,0.0,1.0,0.0,False,False,player_1_attempted_to_draw_from_empty_library,211,0,16,draw_half_reporting_terminal_only_training,public_decision_frame,1.0,0.0,g00008_A_closure_counter40_vs_threat40_life40_seat0_sp0_r0,900,True,terminal,A_closure_counter40_vs_threat40,40-vs-40 legal-size response cell.,Library-aware closure baseline repaired in rev0063/rev0064.,guard_counter_wall40,pub_threat40_closure,forty_counterwall_scaled_from60,forty_overlord_impending,counter_guard,threat_closure,mulligan_outcome_ranker_rev0027,land_band_business,40,40,21,10,5,3,1,21,7,4,2,6,0,1,0,public_counter_guard,library_aware_threat_closure_targetguarded,counter40_vs_threat40,0,1.0,target_win,library_out,1,opponent,True,False
rev0067,guard_counter_wall40,pub_threat40_closure,forty_counterwall_scaled_from60,forty_overlord_impending,counter_guard,threat_closure,mulligan_outcome_ranker_rev0027,land_band_business,40,0,6767009,6767009,7767012,0,1.0,0.0,1.0,0.0,False,False,player_1_attempted_to_draw_from_empty_library,150,0,14,draw_half_reporting_terminal_only_training,public_decision_frame,1.0,0.0,g00009_A_closure_counter40_vs_threat40_life40_seat0_sp0_r1,900,True,terminal,A_closure_counter40_vs_threat40,40-vs-40 legal-size response cell.,Library-aware closure baseline repaired in rev0063/rev0064.,guard_counter_wall40,pub_threat40_closure,forty_counterwall_scaled_from60,forty_overlord_impending,counter_guard,threat_closure,mulligan_outcome_ranker_rev0027,land_band_business,40,40,21,10,5,3,1,21,7,4,2,6,0,1,1,public_counter_guard,library_aware_threat_closure_targetguarded,counter40_vs_threat40,0,1.0,target_win,library_out,1,opponent,True,False
rev0067,guard_counter_wall40,pub_threat40_closure,forty_counterwall_scaled_from60,forty_overlord_impending,counter_guard,threat_closure,mulligan_outcome_ranker_rev0027,land_band_business,40,1,6767010,6767010,7767013,1,0.0,1.0,0.0,1.0,False,False,player_0_attempted_to_draw_from_empty_library,175,0,16,draw_half_reporting_terminal_only_training,public_decision_frame,0.0,1.0,g00010_A_closure_counter40_vs_threat40_life40_seat0_sp1_r0,900,True,terminal,A_closure_counter40_vs_threat40,40-vs-40 legal-size response cell.,Library-aware closure baseline repaired in rev0063/rev0064.,guard_counter_wall40,pub_threat40_closure,forty_counterwall_scaled_from60,forty_overlord_impending,counter_guard,threat_closure,mulligan_outcome_ranker_rev0027,land_band_business,40,40,21,10,5,3,1,21,7,4,2,6,0,1,0,public_counter_guard,library_aware_threat_closure_targetguarded,counter40_vs_threat40,0,0.0,target_loss,library_out,0,target,False,False
rev0067,guard_counter_wall40,pub_threat40_closure,forty_counterwall_scaled_from60,forty_overlord_impending,counter_guard,threat_closure,mulligan_outcome_ranker_rev0027,land_band_business,40,1,6767011,6767011,7767014,1,0.0,1.0,0.0,1.0,False,False,player_0_life_total_zero_or_less,124,0,11,draw_half_reporting_terminal_only_training,public_decision_frame,0.0,1.0,g00011_A_closure_counter40_vs_threat40_life40_seat0_sp1_r1,900,True,terminal,A_closure_counter40_vs_threat40,40-vs-40 legal-size response cell.,Library-aware closure baseline repaired in rev0063/rev0064.,guard_counter_wall40,pub_threat40_closure,forty_counterwall_scaled_from60,forty_overlord_impending,counter_guard,threat_closure,mulligan_outcome_ranker_rev0027,land_band_business,40,40,21,10,5,3,1,21,7,4,2,6,0,1,1,public_counter_guard,library_aware_threat_closure_targetguarded,counter40_vs_threat40,0,0.0,target_loss,life_total,0,target,False,False
rev0067,pub_threat40_closure,guard_counter_wall40,forty_overlord_impending,forty_counterwall_scaled_from60,threat_closure,counter_guard,land_band_business,mulligan_outcome_ranker_rev0027,40,0,6767012,6767012,7767015,1,0.0,1.0,0.0,1.0,False,False,player_0_attempted_to_draw_from_empty_library,140,0,14,draw_half_reporting_terminal_only_training,public_decision_frame,0.0,1.0,g00012_A_closure_counter40_vs_threat40_life40_seat1_sp0_r0,900,True,terminal,A_closure_counter40_vs_threat40,40-vs-40 legal-size response cell.,Library-aware closure baseline repaired in rev0063/rev0064.,guard_counter_wall40,pub_threat40_closure,forty_counterwall_scaled_from60,forty_overlord_impending,counter_guard,threat_closure,mulligan_outcome_ranker_rev0027,land_band_business,40,40,21,10,5,3,1,21,7,4,2,6,1,0,0,public_counter_guard,library_aware_threat_closure_targetguarded,counter40_vs_threat40,1,1.0,target_win,library_out,0,opponent,True,False
rev0067,pub_threat40_closure,guard_counter_wall40,forty_overlord_impending,forty_counterwall_scaled_from60,threat_closure,counter_guard,land_band_business,mulligan_outcome_ranker_rev0027,40,0,6767013,6767013,7767016,1,0.0,1.0,0.0,1.0,False,False,player_0_attempted_to_draw_from_empty_library,132,0,14,draw_half_reporting_terminal_only_training,public_decision_frame,0.0,1.0,g00013_A_closure_counter40_vs_threat40_life40_seat1_sp0_r1,900,True,terminal,A_closure_counter40_vs_threat40,40-vs-40 legal-size response cell.,Library-aware closure baseline repaired in rev0063/rev0064.,guard_counter_wall40,pub_threat40_closure,forty_counterwall_scaled_from60,forty_overlord_impending,counter_guard,threat_closure,mulligan_outcome_ranker_rev0027,land_band_business,40,40,21,10,5,3,1,21,7,4,2,6,1,0,1,public_counter_guard,library_aware_threat_closure_targetguarded,counter40_vs_threat40,1,1.0,target_win,library_out,0,opponent,True,False
rev0067,pub_threat40_closure,guard_counter_wall40,forty_overlord_impending,forty_counterwall_scaled_from60,threat_closure,counter_guard,land_band_business,mulligan_outcome_ranker_rev0027,40,1,6767014,6767014,7767017,1,0.0,1.0,0.0,1.0,False,False,player_0_attempted_to_draw_from_empty_library,154,0,16,draw_half_reporting_terminal_only_training,public_decision_frame,0.0,1.0,g00014_A_closure_counter40_vs_threat40_life40_seat1_sp1_r0,900,True,terminal,A_closure_counter40_vs_threat40,40-vs-40 legal-size response cell.,Library-aware closure baseline repaired in rev0063/rev0064.,guard_counter_wall40,pub_threat40_closure,forty_counterwall_scaled_from60,forty_overlord_impending,counter_guard,threat_closure,mulligan_outcome_ranker_rev0027,land_band_business,40,40,21,10,5,3,1,21,7,4,2,6,1,0,0,public_counter_guard,library_aware_threat_closure_targetguarded,counter40_vs_threat40,1,1.0,target_win,library_out,0,opponent,True,False
rev0067,pub_threat40_closure,guard_counter_wall40,forty_overlord_impending,forty_counterwall_scaled_from60,threat_closure,counter_guard,land_band_business,mulligan_outcome_ranker_rev0027,40,1,6767015,6767015,7767018,1,0.0,1.0,0.0,1.0,False,False,player_0_attempted_to_draw_from_empty_library,216,0,21,draw_half_reporting_terminal_only_training,public_decision_frame,0.0,1.0,g00015_A_closure_counter40_vs_threat40_life40_seat1_sp1_r1,900,True,terminal,A_closure_counter40_vs_threat40,40-vs-40 legal-size response cell.,Library-aware closure baseline repaired in rev0063/rev0064.,guard_counter_wall40,pub_threat40_closure,forty_counterwall_scaled_from60,forty_overlord_impending,counter_guard,threat_closure,mulligan_outcome_ranker_rev0027,land_band_business,40,40,21,10,5,3,1,21,7,4,2,6,1,0,1,public_counter_guard,library_aware_threat_closure_targetguarded,counter40_vs_threat40,1,1.0,target_win,library_out,0,opponent,True,False
rev0067,guard_counter_wall40,pub_threat40_pressure,forty_counterwall_scaled_from60,forty_overlord_impending,counter_guard,threat_pressure,mulligan_outcome_ranker_rev0027,land_band_business,20,0,6767016,6767016,7767019,0,1.0,0.0,1.0,0.0,False,False,player_1_attempted_to_draw_from_empty_library,140,0,12,draw_half_reporting_terminal_only_training,public_decision_frame,1.0,0.0,g00016_A_pressure_counter40_vs_threat40_life20_seat0_sp0_r0,900,True,terminal,A_pressure_counter40_vs_threat40,40-vs-40 legal-size response cell.,Jace-pressure response from rev0066.,guard_counter_wall40,pub_threat40_pressure,forty_counterwall_scaled_from60,forty_overlord_impending,counter_guard,threat_pressure,mulligan_outcome_ranker_rev0027,land_band_business,40,40,21,10,5,3,1,21,7,4,2,6,0,1,0,public_counter_guard,jace_pressure_threat_response,counter40_vs_threat40,0,1.0,target_win,library_out,1,opponent,True,False
rev0067,guard_counter_wall40,pub_threat40_pressure,forty_counterwall_scaled_from60,forty_overlord_impending,counter_guard,threat_pressure,mulligan_outcome_ranker_rev0027,land_band_business,20,0,6767017,6767017,7767020,1,0.0,1.0,0.0,1.0,False,False,player_0_life_total_zero_or_less,100,0,10,draw_half_reporting_terminal_only_training,public_decision_frame,0.0,1.0,g00017_A_pressure_counter40_vs_threat40_life20_seat0_sp0_r1,900,True,terminal,A_pressure_counter40_vs_threat40,40-vs-40 legal-size response cell.,Jace-pressure response from rev0066.,guard_counter_wall40,pub_threat40_pressure,forty_counterwall_scaled_from60,forty_overlord_impending,counter_guard,threat_pressure,mulligan_outcome_ranker_rev0027,land_band_business,40,40,21,10,5,3,1,21,7,4,2,6,0,1,1,public_counter_guard,jace_pressure_threat_response,counter40_vs_threat40,0,0.0,target_loss,life_total,0,target,False,False
rev0067,guard_counter_wall40,pub_threat40_pressure,forty_counterwall_scaled_from60,forty_overlord_impending,counter_guard,threat_pressure,mulligan_outcome_ranker_rev0027,land_band_business,20,1,6767018,6767018,7767021,1,0.0,1.0,0.0,1.0,False,False,player_0_attempted_to_draw_from_empty_library,192,0,20,draw_half_reporting_terminal_only_training,public_decision_frame,0.0,1.0,g00018_A_pressure_counter40_vs_threat40_life20_seat0_sp1_r0,900,True,terminal,A_pressure_counter40_vs_threat40,40-vs-40 legal-size response cell.,Jace-pressure response from rev0066.,guard_counter_wall40,pub_threat40_pressure,forty_counterwall_scaled_from60,forty_overlord_impending,counter_guard,threat_pressure,mulligan_outcome_ranker_rev0027,land_band_business,40,40,21,10,5,3,1,21,7,4,2,6,0,1,0,public_counter_guard,jace_pressure_threat_response,counter40_vs_threat40,0,0.0,target_loss,library_out,0,target,False,False
rev0067,guard_counter_wall40,pub_threat40_pressure,forty_counterwall_scaled_from60,forty_overlord_impending,counter_guard,threat_pressure,mulligan_outcome_ranker_rev0027,land_band_business,20,1,6767019,6767019,7767022,1,0.0,1.0,0.0,1.0,False,False,player_0_life_total_zero_or_less,160,0,12,draw_half_reporting_terminal_only_training,public_decision_frame,0.0,1.0,g00019_A_pressure_counter40_vs_threat40_life20_seat0_sp1_r1,900,True,terminal,A_pressure_counter40_vs_threat40,40-vs-40 legal-size response cell.,Jace-pressure response from rev0066.,guard_counter_wall40,pub_threat40_pressure,forty_counterwall_scaled_from60,forty_overlord_impending,counter_guard,threat_pressure,mulligan_outcome_ranker_rev0027,land_band_business,40,40,21,10,5,3,1,21,7,4,2,6,0,1,1,public_counter_guard,jace_pressure_threat_response,counter40_vs_threat40,0,0.0,target_loss,life_total,0,target,False,False
rev0067,pub_threat40_pressure,guard_counter_wall40,forty_overlord_impending,forty_counterwall_scaled_from60,threat_pressure,counter_guard,land_band_business,mulligan_outcome_ranker_rev0027,20,0,6767020,6767020,7767023,0,1.0,0.0,1.0,0.0,False,False,player_1_life_total_zero_or_less,172,0,15,draw_half_reporting_terminal_only_training,public_decision_frame,1.0,0.0,g00020_A_pressure_counter40_vs_threat40_life20_seat1_sp0_r0,900,True,terminal,A_pressure_counter40_vs_threat40,40-vs-40 legal-size response cell.,Jace-pressure response from rev0066.,guard_counter_wall40,pub_threat40_pressure,forty_counterwall_scaled_from60,forty_overlord_impending,counter_guard,threat_pressure,mulligan_outcome_ranker_rev0027,land_band_business,40,40,21,10,5,3,1,21,7,4,2,6,1,0,0,public_counter_guard,jace_pressure_threat_response,counter40_vs_threat40,1,0.0,target_loss,life_total,1,target,False,False
rev0067,pub_threat40_pressure,guard_counter_wall40,forty_overlord_impending,forty_counterwall_scaled_from60,threat_pressure,counter_guard,land_band_business,mulligan_outcome_ranker_rev0027,20,0,6767021,6767021,7767024,0,1.0,0.0,1.0,0.0,False,False,player_1_attempted_to_draw_from_empty_library,160,0,12,draw_half_reporting_terminal_only_training,public_decision_frame,1.0,0.0,g00021_A_pressure_counter40_vs_threat40_life20_seat1_sp0_r1,900,True,terminal,A_pressure_counter40_vs_threat40,40-vs-40 legal-size response cell.,Jace-pressure response from rev0066.,guard_counter_wall40,pub_threat40_pressure,forty_counterwall_scaled_from60,forty_overlord_impending,counter_guard,threat_pressure,mulligan_outcome_ranker_rev0027,land_band_business,40,40,21,10,5,3,1,21,7,4,2,6,1,0,1,public_counter_guard,jace_pressure_threat_response,counter40_vs_threat40,1,0.0,target_loss,library_out,1,target,False,False
rev0067,pub_threat40_pressure,guard_counter_wall40,forty_overlord_impending,forty_counterwall_scaled_from60,threat_pressure,counter_guard,land_band_business,mulligan_outcome_ranker_rev0027,20,1,6767022,6767022,7767025,1,0.0,1.0,0.0,1.0,False,False,player_0_attempted_to_draw_from_empty_library,198,0,20,draw_half_reporting_terminal_only_training,public_decision_frame,0.0,1.0,g00022_A_pressure_counter40_vs_threat40_life20_seat1_sp1_r0,900,True,terminal,A_pressure_counter40_vs_threat40,40-vs-40 legal-size response cell.,Jace-pressure response from rev0066.,guard_counter_wall40,pub_threat40_pressure,forty_counterwall_scaled_from60,forty_overlord_impending,counter_guard,threat_pressure,mulligan_outcome_ranker_rev0027,land_band_business,40,40,21,10,5,3,1,21,7,4,2,6,1,0,0,public_counter_guard,jace_pressure_threat_response,counter40_vs_threat40,1,1.0,target_win,library_out,0,opponent,True,False
rev0067,pub_threat40_pressure,guard_counter_wall40,forty_overlord_impending,forty_counterwall_scaled_from60,threat_pressure,counter_guard,land_band_business,mulligan_outcome_ranker_rev0027,20,1,6767023,6767023,7767026,1,0.0,1.0,0.0,1.0,False,False,player_0_attempted_to_draw_from_empty_library,130,0,14,draw_half_reporting_terminal_only_training,public_decision_frame,0.0,1.0,g00023_A_pressure_counter40_vs_threat40_life20_seat1_sp1_r1,900,True,terminal,A_pressure_counter40_vs_threat40,40-vs-40 legal-size response cell.,Jace-pressure response from rev0066.,guard_counter_wall40,pub_threat40_pressure,forty_counterwall_scaled_from60,forty_overlord_impending,counter_guard,threat_pressure,mulligan_outcome_ranker_rev0027,land_band_business,40,40,21,10,5,3,1,21,7,4,2,6,1,0,1,public_counter_guard,jace_pressure_threat_response,counter40_vs_threat40,1,1.0,target_win,library_out,0,opponent,True,False
rev0067,guard_counter_wall40,pub_threat40_pressure,forty_counterwall_scaled_from60,forty_overlord_impending,counter_guard,threat_pressure,mulligan_outcome_ranker_rev0027,land_band_business,40,0,6767024,6767024,7767027,0,1.0,0.0,1.0,0.0,False,False,player_1_attempted_to_draw_from_empty_library,129,0,11,draw_half_reporting_terminal_only_training,public_decision_frame,1.0,0.0,g00024_A_pressure_counter40_vs_threat40_life40_seat0_sp0_r0,900,True,terminal,A_pressure_counter40_vs_threat40,40-vs-40 legal-size response cell.,Jace-pressure response from rev0066.,guard_counter_wall40,pub_threat40_pressure,forty_counterwall_scaled_from60,forty_overlord_impending,counter_guard,threat_pressure,mulligan_outcome_ranker_rev0027,land_band_business,40,40,21,10,5,3,1,21,7,4,2,6,0,1,0,public_counter_guard,jace_pressure_threat_response,counter40_vs_threat40,0,1.0,target_win,library_out,1,opponent,True,False
rev0067,guard_counter_wall40,pub_threat40_pressure,forty_counterwall_scaled_from60,forty_overlord_impending,counter_guard,threat_pressure,mulligan_outcome_ranker_rev0027,land_band_business,40,0,6767025,6767025,7767028,0,1.0,0.0,1.0,0.0,False,False,player_1_life_total_zero_or_less,150,0,14,draw_half_reporting_terminal_only_training,public_decision_frame,1.0,0.0,g00025_A_pressure_counter40_vs_threat40_life40_seat0_sp0_r1,900,True,terminal,A_pressure_counter40_vs_threat40,40-vs-40 legal-size response cell.,Jace-pressure response from rev0066.,guard_counter_wall40,pub_threat40_pressure,forty_counterwall_scaled_from60,forty_overlord_impending,counter_guard,threat_pressure,mulligan_outcome_ranker_rev0027,land_band_business,40,40,21,10,5,3,1,21,7,4,2,6,0,1,1,public_counter_guard,jace_pressure_threat_response,counter40_vs_threat40,0,1.0,target_win,life_total,1,opponent,False,True
rev0067,guard_counter_wall40,pub_threat40_pressure,forty_counterwall_scaled_from60,forty_overlord_impending,counter_guard,threat_pressure,mulligan_outcome_ranker_rev0027,land_band_business,40,1,6767026,6767026,7767029,1,0.0,1.0,0.0,1.0,False,False,player_0_life_total_zero_or_less,182,0,17,draw_half_reporting_terminal_only_training,public_decision_frame,0.0,1.0,g00026_A_pressure_counter40_vs_threat40_life40_seat0_sp1_r0,900,True,terminal,A_pressure_counter40_vs_threat40,40-vs-40 legal-size response cell.,Jace-pressure response from rev0066.,guard_counter_wall40,pub_threat40_pressure,forty_counterwall_scaled_from60,forty_overlord_impending,counter_guard,threat_pressure,mulligan_outcome_ranker_rev0027,land_band_business,40,40,21,10,5,3,1,21,7,4,2,6,0,1,0,public_counter_guard,jace_pressure_threat_response,counter40_vs_threat40,0,0.0,target_loss,life_total,0,target,False,False
rev0067,guard_counter_wall40,pub_threat40_pressure,forty_counterwall_scaled_from60,forty_overlord_impending,counter_guard,threat_pressure,mulligan_outcome_ranker_rev0027,land_band_business,40,1,6767027,6767027,7767030,0,1.0,0.0,1.0,0.0,False,False,player_1_attempted_to_draw_from_empty_library,205,0,15,draw_half_reporting_terminal_only_training,public_decision_frame,1.0,0.0,g00027_A_pressure_counter40_vs_threat40_life40_seat0_sp1_r1,900,True,terminal,A_pressure_counter40_vs_threat40,40-vs-40 legal-size response cell.,Jace-pressure response from rev0066.,guard_counter_wall40,pub_threat40_pressure,forty_counterwall_scaled_from60,forty_overlord_impending,counter_guard,threat_pressure,mulligan_outcome_ranker_rev0027,land_band_business,40,40,21,10,5,3,1,21,7,4,2,6,0,1,1,public_counter_guard,jace_pressure_threat_response,counter40_vs_threat40,0,1.0,target_win,library_out,1,opponent,True,False
rev0067,pub_threat40_pressure,guard_counter_wall40,forty_overlord_impending,forty_counterwall_scaled_from60,threat_pressure,counter_guard,land_band_business,mulligan_outcome_ranker_rev0027,40,0,6767028,6767028,7767031,1,0.0,1.0,0.0,1.0,False,False,player_0_attempted_to_draw_from_empty_library,253,0,27,draw_half_reporting_terminal_only_training,public_decision_frame,0.0,1.0,g00028_A_pressure_counter40_vs_threat40_life40_seat1_sp0_r0,900,True,terminal,A_pressure_counter40_vs_threat40,40-vs-40 legal-size response cell.,Jace-pressure response from rev0066.,guard_counter_wall40,pub_threat40_pressure,forty_counterwall_scaled_from60,forty_overlord_impending,counter_guard,threat_pressure,mulligan_outcome_ranker_rev0027,land_band_business,40,40,21,10,5,3,1,21,7,4,2,6,1,0,0,public_counter_guard,jace_pressure_threat_response,counter40_vs_threat40,1,1.0,target_win,library_out,0,opponent,True,False
rev0067,pub_threat40_pressure,guard_counter_wall40,forty_overlord_impending,forty_counterwall_scaled_from60,threat_pressure,counter_guard,land_band_business,mulligan_outcome_ranker_rev0027,40,0,6767029,6767029,7767032,0,1.0,0.0,1.0,0.0,False,False,player_1_life_total_zero_or_less,109,0,10,draw_half_reporting_terminal_only_training,public_decision_frame,1.0,0.0,g00029_A_pressure_counter40_vs_threat40_life40_seat1_sp0_r1,900,True,terminal,A_pressure_counter40_vs_threat40,40-vs-40 legal-size response cell.,Jace-pressure response from rev0066.,guard_counter_wall40,pub_threat40_pressure,forty_counterwall_scaled_from60,forty_overlord_impending,counter_guard,threat_pressure,mulligan_outcome_ranker_rev0027,land_band_business,40,40,21,10,5,3,1,21,7,4,2,6,1,0,1,public_counter_guard,jace_pressure_threat_response,counter40_vs_threat40,1,0.0,target_loss,life_total,1,target,False,False
rev0067,pub_threat40_pressure,guard_counter_wall40,forty_overlord_impending,forty_counterwall_scaled_from60,threat_pressure,counter_guard,land_band_business,mulligan_outcome_ranker_rev0027,40,1,6767030,6767030,7767033,1,0.0,1.0,0.0,1.0,False,False,player_0_attempted_to_draw_from_empty_library,188,0,17,draw_half_reporting_terminal_only_training,public_decision_frame,0.0,1.0,g00030_A_pressure_counter40_vs_threat40_life40_seat1_sp1_r0,900,True,terminal,A_pressure_counter40_vs_threat40,40-vs-40 legal-size response cell.,Jace-pressure response from rev0066.,guard_counter_wall40,pub_threat40_pressure,forty_counterwall_scaled_from60,forty_overlord_impending,counter_guard,threat_pressure,mulligan_outcome_ranker_rev0027,land_band_business,40,40,21,10,5,3,1,21,7,4,2,6,1,0,0,public_counter_guard,jace_pressure_threat_response,counter40_vs_threat40,1,1.0,target_win,library_out,0,opponent,True,False
rev0067,pub_threat40_pressure,guard_counter_wall40,forty_overlord_impending,forty_counterwall_scaled_from60,threat_pressure,counter_guard,land_band_business,mulligan_outcome_ranker_rev0027,40,1,6767031,6767031,7767034,1,0.0,1.0,0.0,1.0,False,False,player_0_life_total_zero_or_less,215,0,14,draw_half_reporting_terminal_only_training,public_decision_frame,0.0,1.0,g00031_A_pressure_counter40_vs_threat40_life40_seat1_sp1_r1,900,True,terminal,A_pressure_counter40_vs_threat40,40-vs-40 legal-size response cell.,Jace-pressure response from rev0066.,guard_counter_wall40,pub_threat40_pressure,forty_counterwall_scaled_from60,forty_overlord_impending,counter_guard,threat_pressure,mulligan_outcome_ranker_rev0027,land_band_business,40,40,21,10,5,3,1,21,7,4,2,6,1,0,1,public_counter_guard,jace_pressure_threat_response,counter40_vs_threat40,1,1.0,target_win,life_total,0,opponent,False,True
rev0067,guard_counter_wall40,pub_threat40_surge,forty_counterwall_scaled_from60,forty_overlord_impending,counter_guard,threat_surge,mulligan_outcome_ranker_rev0027,land_band_business,20,0,6767032,6767032,7767035,1,0.0,1.0,0.0,1.0,False,False,player_0_life_total_zero_or_less,148,0,12,draw_half_reporting_terminal_only_training,public_decision_frame,0.0,1.0,g00032_A_surge_counter40_vs_threat40_life20_seat0_sp0_r0,900,True,terminal,A_surge_counter40_vs_threat40,40-vs-40 legal-size response cell.,Face/protection surge: spends stack interaction to protect threats and prioritizes safe player damage.,guard_counter_wall40,pub_threat40_surge,forty_counterwall_scaled_from60,forty_overlord_impending,counter_guard,threat_surge,mulligan_outcome_ranker_rev0027,land_band_business,40,40,21,10,5,3,1,21,7,4,2,6,0,1,0,public_counter_guard,face_protect_threat_surge,counter40_vs_threat40,0,0.0,target_loss,life_total,0,target,False,False
rev0067,guard_counter_wall40,pub_threat40_surge,forty_counterwall_scaled_from60,forty_overlord_impending,counter_guard,threat_surge,mulligan_outcome_ranker_rev0027,land_band_business,20,0,6767033,6767033,7767036,1,0.0,1.0,0.0,1.0,False,False,player_0_life_total_zero_or_less,188,0,17,draw_half_reporting_terminal_only_training,public_decision_frame,0.0,1.0,g00033_A_surge_counter40_vs_threat40_life20_seat0_sp0_r1,900,True,terminal,A_surge_counter40_vs_threat40,40-vs-40 legal-size response cell.,Face/protection surge: spends stack interaction to protect threats and prioritizes safe player damage.,guard_counter_wall40,pub_threat40_surge,forty_counterwall_scaled_from60,forty_overlord_impending,counter_guard,threat_surge,mulligan_outcome_ranker_rev0027,land_band_business,40,40,21,10,5,3,1,21,7,4,2,6,0,1,1,public_counter_guard,face_protect_threat_surge,counter40_vs_threat40,0,0.0,target_loss,life_total,0,target,False,False
rev0067,guard_counter_wall40,pub_threat40_surge,forty_counterwall_scaled_from60,forty_overlord_impending,counter_guard,threat_surge,mulligan_outcome_ranker_rev0027,land_band_business,20,1,6767034,6767034,7767037,0,1.0,0.0,1.0,0.0,False,False,player_1_attempted_to_draw_from_empty_library,135,0,13,draw_half_reporting_terminal_only_training,public_decision_frame,1.0,0.0,g00034_A_surge_counter40_vs_threat40_life20_seat0_sp1_r0,900,True,terminal,A_surge_counter40_vs_threat40,40-vs-40 legal-size response cell.,Face/protection surge: spends stack interaction to protect threats and prioritizes safe player damage.,guard_counter_wall40,pub_threat40_surge,forty_counterwall_scaled_from60,forty_overlord_impending,counter_guard,threat_surge,mulligan_outcome_ranker_rev0027,land_band_business,40,40,21,10,5,3,1,21,7,4,2,6,0,1,0,public_counter_guard,face_protect_threat_surge,counter40_vs_threat40,0,1.0,target_win,library_out,1,opponent,True,False
rev0067,guard_counter_wall40,pub_threat40_surge,forty_counterwall_scaled_from60,forty_overlord_impending,counter_guard,threat_surge,mulligan_outcome_ranker_rev0027,land_band_business,20,1,6767035,6767035,7767038,0,1.0,0.0,1.0,0.0,False,False,player_1_attempted_to_draw_from_empty_library,146,0,14,draw_half_reporting_terminal_only_training,public_decision_frame,1.0,0.0,g00035_A_surge_counter40_vs_threat40_life20_seat0_sp1_r1,900,True,terminal,A_surge_counter40_vs_threat40,40-vs-40 legal-size response cell.,Face/protection surge: spends stack interaction to protect threats and prioritizes safe player damage.,guard_counter_wall40,pub_threat40_surge,forty_counterwall_scaled_from60,forty_overlord_impending,counter_guard,threat_surge,mulligan_outcome_ranker_rev0027,land_band_business,40,40,21,10,5,3,1,21,7,4,2,6,0,1,1,public_counter_guard,face_protect_threat_surge,counter40_vs_threat40,0,1.0,target_win,library_out,1,opponent,True,False
rev0067,pub_threat40_surge,guard_counter_wall40,forty_overlord_impending,forty_counterwall_scaled_from60,threat_surge,counter_guard,land_band_business,mulligan_outcome_ranker_rev0027,20,0,6767036,6767036,7767039,1,0.0,1.0,0.0,1.0,False,False,player_0_life_total_zero_or_less,94,0,10,draw_half_reporting_terminal_only_training,public_decision_frame,0.0,1.0,g00036_A_surge_counter40_vs_threat40_life20_seat1_sp0_r0,900,True,terminal,A_surge_counter40_vs_threat40,40-vs-40 legal-size response cell.,Face/protection surge: spends stack interaction to protect threats and prioritizes safe player damage.,guard_counter_wall40,pub_threat40_surge,forty_counterwall_scaled_from60,forty_overlord_impending,counter_guard,threat_surge,mulligan_outcome_ranker_rev0027,land_band_business,40,40,21,10,5,3,1,21,7,4,2,6,1,0,0,public_counter_guard,face_protect_threat_surge,counter40_vs_threat40,1,1.0,target_win,life_total,0,opponent,False,True
rev0067,pub_threat40_surge,guard_counter_wall40,forty_overlord_impending,forty_counterwall_scaled_from60,threat_surge,counter_guard,land_band_business,mulligan_outcome_ranker_rev0027,20,0,6767037,6767037,7767040,0,1.0,0.0,1.0,0.0,False,False,player_1_life_total_zero_or_less,100,0,9,draw_half_reporting_terminal_only_training,public_decision_frame,1.0,0.0,g00037_A_surge_counter40_vs_threat40_life20_seat1_sp0_r1,900,True,terminal,A_surge_counter40_vs_threat40,40-vs-40 legal-size response cell.,Face/protection surge: spends stack interaction to protect threats and prioritizes safe player damage.,guard_counter_wall40,pub_threat40_surge,forty_counterwall_scaled_from60,forty_overlord_impending,counter_guard,threat_surge,mulligan_outcome_ranker_rev0027,land_band_business,40,40,21,10,5,3,1,21,7,4,2,6,1,0,1,public_counter_guard,face_protect_threat_surge,counter40_vs_threat40,1,0.0,target_loss,life_total,1,target,False,False
rev0067,pub_threat40_surge,guard_counter_wall40,forty_overlord_impending,forty_counterwall_scaled_from60,threat_surge,counter_guard,land_band_business,mulligan_outcome_ranker_rev0027,20,1,6767038,6767038,7767041,0,1.0,0.0,1.0,0.0,False,False,player_1_life_total_zero_or_less,130,0,11,draw_half_reporting_terminal_only_training,public_decision_frame,1.0,0.0,g00038_A_surge_counter40_vs_threat40_life20_seat1_sp1_r0,900,True,terminal,A_surge_counter40_vs_threat40,40-vs-40 legal-size response cell.,Face/protection surge: spends stack interaction to protect threats and prioritizes safe player damage.,guard_counter_wall40,pub_threat40_surge,forty_counterwall_scaled_from60,forty_overlord_impending,counter_guard,threat_surge,mulligan_outcome_ranker_rev0027,land_band_business,40,40,21,10,5,3,1,21,7,4,2,6,1,0,0,public_counter_guard,face_protect_threat_surge,counter40_vs_threat40,1,0.0,target_loss,life_total,1,target,False,False
rev0067,pub_threat40_surge,guard_counter_wall40,forty_overlord_impending,forty_counterwall_scaled_from60,threat_surge,counter_guard,land_band_business,mulligan_outcome_ranker_rev0027,20,1,6767039,6767039,7767042,1,0.0,1.0,0.0,1.0,False,False,player_0_life_total_zero_or_less,121,0,9,draw_half_reporting_terminal_only_training,public_decision_frame,0.0,1.0,g00039_A_surge_counter40_vs_threat40_life20_seat1_sp1_r1,900,True,terminal,A_surge_counter40_vs_threat40,40-vs-40 legal-size response cell.,Face/protection surge: spends stack interaction to protect threats and prioritizes safe player damage.,guard_counter_wall40,pub_threat40_surge,forty_counterwall_scaled_from60,forty_overlord_impending,counter_guard,threat_surge,mulligan_outcome_ranker_rev0027,land_band_business,40,40,21,10,5,3,1,21,7,4,2,6,1,0,1,public_counter_guard,face_protect_threat_surge,counter40_vs_threat40,1,1.0,target_win,life_total,0,opponent,False,True
rev0067,guard_counter_wall40,pub_threat40_surge,forty_counterwall_scaled_from60,forty_overlord_impending,counter_guard,threat_surge,mulligan_outcome_ranker_rev0027,land_band_business,40,0,6767040,6767040,7767043,0,1.0,0.0,1.0,0.0,False,False,player_1_attempted_to_draw_from_empty_library,177,0,15,draw_half_reporting_terminal_only_training,public_decision_frame,1.0,0.0,g00040_A_surge_counter40_vs_threat40_life40_seat0_sp0_r0,900,True,terminal,A_surge_counter40_vs_threat40,40-vs-40 legal-size response cell.,Face/protection surge: spends stack interaction to protect threats and prioritizes safe player damage.,guard_counter_wall40,pub_threat40_surge,forty_counterwall_scaled_from60,forty_overlord_impending,counter_guard,threat_surge,mulligan_outcome_ranker_rev0027,land_band_business,40,40,21,10,5,3,1,21,7,4,2,6,0,1,0,public_counter_guard,face_protect_threat_surge,counter40_vs_threat40,0,1.0,target_win,library_out,1,opponent,True,False
rev0067,guard_counter_wall40,pub_threat40_surge,forty_counterwall_scaled_from60,forty_overlord_impending,counter_guard,threat_surge,mulligan_outcome_ranker_rev0027,land_band_business,40,0,6767041,6767041,7767044,0,1.0,0.0,1.0,0.0,False,False,player_1_attempted_to_draw_from_empty_library,191,0,16,draw_half_reporting_terminal_only_training,public_decision_frame,1.0,0.0,g00041_A_surge_counter40_vs_threat40_life40_seat0_sp0_r1,900,True,terminal,A_surge_counter40_vs_threat40,40-vs-40 legal-size response cell.,Face/protection surge: spends stack interaction to protect threats and prioritizes safe player damage.,guard_counter_wall40,pub_threat40_surge,forty_counterwall_scaled_from60,forty_overlord_impending,counter_guard,threat_surge,mulligan_outcome_ranker_rev0027,land_band_business,40,40,21,10,5,3,1,21,7,4,2,6,0,1,1,public_counter_guard,face_protect_threat_surge,counter40_vs_threat40,0,1.0,target_win,library_out,1,opponent,True,False
rev0067,guard_counter_wall40,pub_threat40_surge,forty_counterwall_scaled_from60,forty_overlord_impending,counter_guard,threat_surge,mulligan_outcome_ranker_rev0027,land_band_business,40,1,6767042,6767042,7767045,1,0.0,1.0,0.0,1.0,False,False,player_0_attempted_to_draw_from_empty_library,202,0,17,draw_half_reporting_terminal_only_training,public_decision_frame,0.0,1.0,g00042_A_surge_counter40_vs_threat40_life40_seat0_sp1_r0,900,True,terminal,A_surge_counter40_vs_threat40,40-vs-40 legal-size response cell.,Face/protection surge: spends stack interaction to protect threats and prioritizes safe player damage.,guard_counter_wall40,pub_threat40_surge,forty_counterwall_scaled_from60,forty_overlord_impending,counter_guard,threat_surge,mulligan_outcome_ranker_rev0027,land_band_business,40,40,21,10,5,3,1,21,7,4,2,6,0,1,0,public_counter_guard,face_protect_threat_surge,counter40_vs_threat40,0,0.0,target_loss,library_out,0,target,False,False
rev0067,guard_counter_wall40,pub_threat40_surge,forty_counterwall_scaled_from60,forty_overlord_impending,counter_guard,threat_surge,mulligan_outcome_ranker_rev0027,land_band_business,40,1,6767043,6767043,7767046,0,1.0,0.0,1.0,0.0,False,False,player_1_attempted_to_draw_from_empty_library,211,0,19,draw_half_reporting_terminal_only_training,public_decision_frame,1.0,0.0,g00043_A_surge_counter40_vs_threat40_life40_seat0_sp1_r1,900,True,terminal,A_surge_counter40_vs_threat40,40-vs-40 legal-size response cell.,Face/protection surge: spends stack interaction to protect threats and prioritizes safe player damage.,guard_counter_wall40,pub_threat40_surge,forty_counterwall_scaled_from60,forty_overlord_impending,counter_guard,threat_surge,mulligan_outcome_ranker_rev0027,land_band_business,40,40,21,10,5,3,1,21,7,4,2,6,0,1,1,public_counter_guard,face_protect_threat_surge,counter40_vs_threat40,0,1.0,target_win,library_out,1,opponent,True,False
rev0067,pub_threat40_surge,guard_counter_wall40,forty_overlord_impending,forty_counterwall_scaled_from60,threat_surge,counter_guard,land_band_business,mulligan_outcome_ranker_rev0027,40,0,6767044,6767044,7767047,0,1.0,0.0,1.0,0.0,False,False,player_1_attempted_to_draw_from_empty_library,142,0,13,draw_half_reporting_terminal_only_training,public_decision_frame,1.0,0.0,g00044_A_surge_counter40_vs_threat40_life40_seat1_sp0_r0,900,True,terminal,A_surge_counter40_vs_threat40,40-vs-40 legal-size response cell.,Face/protection surge: spends stack interaction to protect threats and prioritizes safe player damage.,guard_counter_wall40,pub_threat40_surge,forty_counterwall_scaled_from60,forty_overlord_impending,counter_guard,threat_surge,mulligan_outcome_ranker_rev0027,land_band_business,40,40,21,10,5,3,1,21,7,4,2,6,1,0,0,public_counter_guard,face_protect_threat_surge,counter40_vs_threat40,1,0.0,target_loss,library_out,1,target,False,False
rev0067,pub_threat40_surge,guard_counter_wall40,forty_overlord_impending,forty_counterwall_scaled_from60,threat_surge,counter_guard,land_band_business,mulligan_outcome_ranker_rev0027,40,0,6767045,6767045,7767048,0,1.0,0.0,1.0,0.0,False,False,player_1_attempted_to_draw_from_empty_library,199,0,16,draw_half_reporting_terminal_only_training,public_decision_frame,1.0,0.0,g00045_A_surge_counter40_vs_threat40_life40_seat1_sp0_r1,900,True,terminal,A_surge_counter40_vs_threat40,40-vs-40 legal-size response cell.,Face/protection surge: spends stack interaction to protect threats and prioritizes safe player damage.,guard_counter_wall40,pub_threat40_surge,forty_counterwall_scaled_from60,forty_overlord_impending,counter_guard,threat_surge,mulligan_outcome_ranker_rev0027,land_band_business,40,40,21,10,5,3,1,21,7,4,2,6,1,0,1,public_counter_guard,face_protect_threat_surge,counter40_vs_threat40,1,0.0,target_loss,library_out,1,target,False,False
rev0067,pub_threat40_surge,guard_counter_wall40,forty_overlord_impending,forty_counterwall_scaled_from60,threat_surge,counter_guard,land_band_business,mulligan_outcome_ranker_rev0027,40,1,6767046,6767046,7767049,1,0.0,1.0,0.0,1.0,False,False,player_0_attempted_to_draw_from_empty_library,217,0,21,draw_half_reporting_terminal_only_training,public_decision_frame,0.0,1.0,g00046_A_surge_counter40_vs_threat40_life40_seat1_sp1_r0,900,True,terminal,A_surge_counter40_vs_threat40,40-vs-40 legal-size response cell.,Face/protection surge: spends stack interaction to protect threats and prioritizes safe player damage.,guard_counter_wall40,pub_threat40_surge,forty_counterwall_scaled_from60,forty_overlord_impending,counter_guard,threat_surge,mulligan_outcome_ranker_rev0027,land_band_business,40,40,21,10,5,3,1,21,7,4,2,6,1,0,0,public_counter_guard,face_protect_threat_surge,counter40_vs_threat40,1,1.0,target_win,library_out,0,opponent,True,False
rev0067,pub_threat40_surge,guard_counter_wall40,forty_overlord_impending,forty_counterwall_scaled_from60,threat_surge,counter_guard,land_band_business,mulligan_outcome_ranker_rev0027,40,1,6767047,6767047,7767050,1,0.0,1.0,0.0,1.0,False,False,player_0_attempted_to_draw_from_empty_library,207,0,17,draw_half_reporting_terminal_only_training,public_decision_frame,0.0,1.0,g00047_A_surge_counter40_vs_threat40_life40_seat1_sp1_r1,900,True,terminal,A_surge_counter40_vs_threat40,40-vs-40 legal-size response cell.,Face/protection surge: spends stack interaction to protect threats and prioritizes safe player damage.,guard_counter_wall40,pub_threat40_surge,forty_counterwall_scaled_from60,forty_overlord_impending,counter_guard,threat_surge,mulligan_outcome_ranker_rev0027,land_band_business,40,40,21,10,5,3,1,21,7,4,2,6,1,0,1,public_counter_guard,face_protect_threat_surge,counter40_vs_threat40,1,1.0,target_win,library_out,0,opponent,True,False
rev0067,guard_counter_wall60,pub_threat40_closure,sixty_counterwall_jace,forty_overlord_impending,counter_guard,threat_closure,mulligan_outcome_ranker_rev0027,land_band_business,20,0,6767048,6767048,7767051,0,1.0,0.0,1.0,0.0,False,False,player_1_attempted_to_draw_from_empty_library,148,0,15,draw_half_reporting_terminal_only_training,public_decision_frame,1.0,0.0,g00048_B_closure_counter60_vs_threat40_life20_seat0_sp0_r0,900,True,terminal,B_closure_counter60_vs_threat40,60-vs-40 size-skew response cell.,Library-aware closure baseline repaired in rev0063/rev0064.,guard_counter_wall60,pub_threat40_closure,sixty_counterwall_jace,forty_overlord_impending,counter_guard,threat_closure,mulligan_outcome_ranker_rev0027,land_band_business,60,40,31,16,7,5,1,21,7,4,2,6,0,1,0,public_counter_guard,library_aware_threat_closure_targetguarded,counter60_vs_threat40,0,1.0,target_win,library_out,1,opponent,True,False
rev0067,guard_counter_wall60,pub_threat40_closure,sixty_counterwall_jace,forty_overlord_impending,counter_guard,threat_closure,mulligan_outcome_ranker_rev0027,land_band_business,20,0,6767049,6767049,7767052,1,0.0,1.0,0.0,1.0,False,False,player_0_attempted_to_draw_from_empty_library,116,0,10,draw_half_reporting_terminal_only_training,public_decision_frame,0.0,1.0,g00049_B_closure_counter60_vs_threat40_life20_seat0_sp0_r1,900,True,terminal,B_closure_counter60_vs_threat40,60-vs-40 size-skew response cell.,Library-aware closure baseline repaired in rev0063/rev0064.,guard_counter_wall60,pub_threat40_closure,sixty_counterwall_jace,forty_overlord_impending,counter_guard,threat_closure,mulligan_outcome_ranker_rev0027,land_band_business,60,40,31,16,7,5,1,21,7,4,2,6,0,1,1,public_counter_guard,library_aware_threat_closure_targetguarded,counter60_vs_threat40,0,0.0,target_loss,library_out,0,target,False,False
rev0067,guard_counter_wall60,pub_threat40_closure,sixty_counterwall_jace,forty_overlord_impending,counter_guard,threat_closure,mulligan_outcome_ranker_rev0027,land_band_business,20,1,6767050,6767050,7767053,1,0.0,1.0,0.0,1.0,False,False,player_0_attempted_to_draw_from_empty_library,140,0,14,draw_half_reporting_terminal_only_training,public_decision_frame,0.0,1.0,g00050_B_closure_counter60_vs_threat40_life20_seat0_sp1_r0,900,True,terminal,B_closure_counter60_vs_threat40,60-vs-40 size-skew response cell.,Library-aware closure baseline repaired in rev0063/rev0064.,guard_counter_wall60,pub_threat40_closure,sixty_counterwall_jace,forty_overlord_impending,counter_guard,threat_closure,mulligan_outcome_ranker_rev0027,land_band_business,60,40,31,16,7,5,1,21,7,4,2,6,0,1,0,public_counter_guard,library_aware_threat_closure_targetguarded,counter60_vs_threat40,0,0.0,target_loss,library_out,0,target,False,False
rev0067,guard_counter_wall60,pub_threat40_closure,sixty_counterwall_jace,forty_overlord_impending,counter_guard,threat_closure,mulligan_outcome_ranker_rev0027,land_band_business,20,1,6767051,6767051,7767054,1,0.0,1.0,0.0,1.0,False,False,player_0_life_total_zero_or_less,193,0,17,draw_half_reporting_terminal_only_training,public_decision_frame,0.0,1.0,g00051_B_closure_counter60_vs_threat40_life20_seat0_sp1_r1,900,True,terminal,B_closure_counter60_vs_threat40,60-vs-40 size-skew response cell.,Library-aware closure baseline repaired in rev0063/rev0064.,guard_counter_wall60,pub_threat40_closure,sixty_counterwall_jace,forty_overlord_impending,counter_guard,threat_closure,mulligan_outcome_ranker_rev0027,land_band_business,60,40,31,16,7,5,1,21,7,4,2,6,0,1,1,public_counter_guard,library_aware_threat_closure_targetguarded,counter60_vs_threat40,0,0.0,target_loss,life_total,0,target,False,False
rev0067,pub_threat40_closure,guard_counter_wall60,forty_overlord_impending,sixty_counterwall_jace,threat_closure,counter_guard,land_band_business,mulligan_outcome_ranker_rev0027,20,0,6767052,6767052,7767055,0,1.0,0.0,1.0,0.0,False,False,player_1_attempted_to_draw_from_empty_library,118,0,10,draw_half_reporting_terminal_only_training,public_decision_frame,1.0,0.0,g00052_B_closure_counter60_vs_threat40_life20_seat1_sp0_r0,900,True,terminal,B_closure_counter60_vs_threat40,60-vs-40 size-skew response cell.,Library-aware closure baseline repaired in rev0063/rev0064.,guard_counter_wall60,pub_threat40_closure,sixty_counterwall_jace,forty_overlord_impending,counter_guard,threat_closure,mulligan_outcome_ranker_rev0027,land_band_business,60,40,31,16,7,5,1,21,7,4,2,6,1,0,0,public_counter_guard,library_aware_threat_closure_targetguarded,counter60_vs_threat40,1,0.0,target_loss,library_out,1,target,False,False
rev0067,pub_threat40_closure,guard_counter_wall60,forty_overlord_impending,sixty_counterwall_jace,threat_closure,counter_guard,land_band_business,mulligan_outcome_ranker_rev0027,20,0,6767053,6767053,7767056,0,1.0,0.0,1.0,0.0,False,False,player_1_life_total_zero_or_less,117,0,10,draw_half_reporting_terminal_only_training,public_decision_frame,1.0,0.0,g00053_B_closure_counter60_vs_threat40_life20_seat1_sp0_r1,900,True,terminal,B_closure_counter60_vs_threat40,60-vs-40 size-skew response cell.,Library-aware closure baseline repaired in rev0063/rev0064.,guard_counter_wall60,pub_threat40_closure,sixty_counterwall_jace,forty_overlord_impending,counter_guard,threat_closure,mulligan_outcome_ranker_rev0027,land_band_business,60,40,31,16,7,5,1,21,7,4,2,6,1,0,1,public_counter_guard,library_aware_threat_closure_targetguarded,counter60_vs_threat40,1,0.0,target_loss,life_total,1,target,False,False
rev0067,pub_threat40_closure,guard_counter_wall60,forty_overlord_impending,sixty_counterwall_jace,threat_closure,counter_guard,land_band_business,mulligan_outcome_ranker_rev0027,20,1,6767054,6767054,7767057,0,1.0,0.0,1.0,0.0,False,False,player_1_life_total_zero_or_less,108,0,10,draw_half_reporting_terminal_only_training,public_decision_frame,1.0,0.0,g00054_B_closure_counter60_vs_threat40_life20_seat1_sp1_r0,900,True,terminal,B_closure_counter60_vs_threat40,60-vs-40 size-skew response cell.,Library-aware closure baseline repaired in rev0063/rev0064.,guard_counter_wall60,pub_threat40_closure,sixty_counterwall_jace,forty_overlord_impending,counter_guard,threat_closure,mulligan_outcome_ranker_rev0027,land_band_business,60,40,31,16,7,5,1,21,7,4,2,6,1,0,0,public_counter_guard,library_aware_threat_closure_targetguarded,counter60_vs_threat40,1,0.0,target_loss,life_total,1,target,False,False
rev0067,pub_threat40_closure,guard_counter_wall60,forty_overlord_impending,sixty_counterwall_jace,threat_closure,counter_guard,land_band_business,mulligan_outcome_ranker_rev0027,20,1,6767055,6767055,7767058,0,1.0,0.0,1.0,0.0,False,False,player_1_life_total_zero_or_less,181,0,18,draw_half_reporting_terminal_only_training,public_decision_frame,1.0,0.0,g00055_B_closure_counter60_vs_threat40_life20_seat1_sp1_r1,900,True,terminal,B_closure_counter60_vs_threat40,60-vs-40 size-skew response cell.,Library-aware closure baseline repaired in rev0063/rev0064.,guard_counter_wall60,pub_threat40_closure,sixty_counterwall_jace,forty_overlord_impending,counter_guard,threat_closure,mulligan_outcome_ranker_rev0027,land_band_business,60,40,31,16,7,5,1,21,7,4,2,6,1,0,1,public_counter_guard,library_aware_threat_closure_targetguarded,counter60_vs_threat40,1,0.0,target_loss,life_total,1,target,False,False
rev0067,guard_counter_wall60,pub_threat40_closure,sixty_counterwall_jace,forty_overlord_impending,counter_guard,threat_closure,mulligan_outcome_ranker_rev0027,land_band_business,40,0,6767056,6767056,7767059,0,1.0,0.0,1.0,0.0,False,False,player_1_attempted_to_draw_from_empty_library,175,0,14,draw_half_reporting_terminal_only_training,public_decision_frame,1.0,0.0,g00056_B_closure_counter60_vs_threat40_life40_seat0_sp0_r0,900,True,terminal,B_closure_counter60_vs_threat40,60-vs-40 size-skew response cell.,Library-aware closure baseline repaired in rev0063/rev0064.,guard_counter_wall60,pub_threat40_closure,sixty_counterwall_jace,forty_overlord_impending,counter_guard,threat_closure,mulligan_outcome_ranker_rev0027,land_band_business,60,40,31,16,7,5,1,21,7,4,2,6,0,1,0,public_counter_guard,library_aware_threat_closure_targetguarded,counter60_vs_threat40,0,1.0,target_win,library_out,1,opponent,True,False
rev0067,guard_counter_wall60,pub_threat40_closure,sixty_counterwall_jace,forty_overlord_impending,counter_guard,threat_closure,mulligan_outcome_ranker_rev0027,land_band_business,40,0,6767057,6767057,7767060,1,0.0,1.0,0.0,1.0,False,False,player_0_life_total_zero_or_less,152,0,12,draw_half_reporting_terminal_only_training,public_decision_frame,0.0,1.0,g00057_B_closure_counter60_vs_threat40_life40_seat0_sp0_r1,900,True,terminal,B_closure_counter60_vs_threat40,60-vs-40 size-skew response cell.,Library-aware closure baseline repaired in rev0063/rev0064.,guard_counter_wall60,pub_threat40_closure,sixty_counterwall_jace,forty_overlord_impending,counter_guard,threat_closure,mulligan_outcome_ranker_rev0027,land_band_business,60,40,31,16,7,5,1,21,7,4,2,6,0,1,1,public_counter_guard,library_aware_threat_closure_targetguarded,counter60_vs_threat40,0,0.0,target_loss,life_total,0,target,False,False
rev0067,guard_counter_wall60,pub_threat40_closure,sixty_counterwall_jace,forty_overlord_impending,counter_guard,threat_closure,mulligan_outcome_ranker_rev0027,land_band_business,40,1,6767058,6767058,7767061,1,0.0,1.0,0.0,1.0,False,False,player_0_life_total_zero_or_less,99,0,9,draw_half_reporting_terminal_only_training,public_decision_frame,0.0,1.0,g00058_B_closure_counter60_vs_threat40_life40_seat0_sp1_r0,900,True,terminal,B_closure_counter60_vs_threat40,60-vs-40 size-skew response cell.,Library-aware closure baseline repaired in rev0063/rev0064.,guard_counter_wall60,pub_threat40_closure,sixty_counterwall_jace,forty_overlord_impending,counter_guard,threat_closure,mulligan_outcome_ranker_rev0027,land_band_business,60,40,31,16,7,5,1,21,7,4,2,6,0,1,0,public_counter_guard,library_aware_threat_closure_targetguarded,counter60_vs_threat40,0,0.0,target_loss,life_total,0,target,False,False
rev0067,guard_counter_wall60,pub_threat40_closure,sixty_counterwall_jace,forty_overlord_impending,counter_guard,threat_closure,mulligan_outcome_ranker_rev0027,land_band_business,40,1,6767059,6767059,7767062,0,1.0,0.0,1.0,0.0,False,False,player_1_attempted_to_draw_from_empty_library,139,0,13,draw_half_reporting_terminal_only_training,public_decision_frame,1.0,0.0,g00059_B_closure_counter60_vs_threat40_life40_seat0_sp1_r1,900,True,terminal,B_closure_counter60_vs_threat40,60-vs-40 size-skew response cell.,Library-aware closure baseline repaired in rev0063/rev0064.,guard_counter_wall60,pub_threat40_closure,sixty_counterwall_jace,forty_overlord_impending,counter_guard,threat_closure,mulligan_outcome_ranker_rev0027,land_band_business,60,40,31,16,7,5,1,21,7,4,2,6,0,1,1,public_counter_guard,library_aware_threat_closure_targetguarded,counter60_vs_threat40,0,1.0,target_win,library_out,1,opponent,True,False
rev0067,pub_threat40_closure,guard_counter_wall60,forty_overlord_impending,sixty_counterwall_jace,threat_closure,counter_guard,land_band_business,mulligan_outcome_ranker_rev0027,40,0,6767060,6767060,7767063,1,0.0,1.0,0.0,1.0,False,False,player_0_life_total_zero_or_less,213,0,16,draw_half_reporting_terminal_only_training,public_decision_frame,0.0,1.0,g00060_B_closure_counter60_vs_threat40_life40_seat1_sp0_r0,900,True,terminal,B_closure_counter60_vs_threat40,60-vs-40 size-skew response cell.,Library-aware closure baseline repaired in rev0063/rev0064.,guard_counter_wall60,pub_threat40_closure,sixty_counterwall_jace,forty_overlord_impending,counter_guard,threat_closure,mulligan_outcome_ranker_rev0027,land_band_business,60,40,31,16,7,5,1,21,7,4,2,6,1,0,0,public_counter_guard,library_aware_threat_closure_targetguarded,counter60_vs_threat40,1,1.0,target_win,life_total,0,opponent,False,True
rev0067,pub_threat40_closure,guard_counter_wall60,forty_overlord_impending,sixty_counterwall_jace,threat_closure,counter_guard,land_band_business,mulligan_outcome_ranker_rev0027,40,0,6767061,6767061,7767064,1,0.0,1.0,0.0,1.0,False,False,player_0_attempted_to_draw_from_empty_library,126,0,12,draw_half_reporting_terminal_only_training,public_decision_frame,0.0,1.0,g00061_B_closure_counter60_vs_threat40_life40_seat1_sp0_r1,900,True,terminal,B_closure_counter60_vs_threat40,60-vs-40 size-skew response cell.,Library-aware closure baseline repaired in rev0063/rev0064.,guard_counter_wall60,pub_threat40_closure,sixty_counterwall_jace,forty_overlord_impending,counter_guard,threat_closure,mulligan_outcome_ranker_rev0027,land_band_business,60,40,31,16,7,5,1,21,7,4,2,6,1,0,1,public_counter_guard,library_aware_threat_closure_targetguarded,counter60_vs_threat40,1,1.0,target_win,library_out,0,opponent,True,False
rev0067,pub_threat40_closure,guard_counter_wall60,forty_overlord_impending,sixty_counterwall_jace,threat_closure,counter_guard,land_band_business,mulligan_outcome_ranker_rev0027,40,1,6767062,6767062,7767065,1,0.0,1.0,0.0,1.0,False,False,player_0_attempted_to_draw_from_empty_library,182,0,15,draw_half_reporting_terminal_only_training,public_decision_frame,0.0,1.0,g00062_B_closure_counter60_vs_threat40_life40_seat1_sp1_r0,900,True,terminal,B_closure_counter60_vs_threat40,60-vs-40 size-skew response cell.,Library-aware closure baseline repaired in rev0063/rev0064.,guard_counter_wall60,pub_threat40_closure,sixty_counterwall_jace,forty_overlord_impending,counter_guard,threat_closure,mulligan_outcome_ranker_rev0027,land_band_business,60,40,31,16,7,5,1,21,7,4,2,6,1,0,0,public_counter_guard,library_aware_threat_closure_targetguarded,counter60_vs_threat40,1,1.0,target_win,library_out,0,opponent,True,False
rev0067,pub_threat40_closure,guard_counter_wall60,forty_overlord_impending,sixty_counterwall_jace,threat_closure,counter_guard,land_band_business,mulligan_outcome_ranker_rev0027,40,1,6767063,6767063,7767066,1,0.0,1.0,0.0,1.0,False,False,player_0_attempted_to_draw_from_empty_library,168,0,16,draw_half_reporting_terminal_only_training,public_decision_frame,0.0,1.0,g00063_B_closure_counter60_vs_threat40_life40_seat1_sp1_r1,900,True,terminal,B_closure_counter60_vs_threat40,60-vs-40 size-skew response cell.,Library-aware closure baseline repaired in rev0063/rev0064.,guard_counter_wall60,pub_threat40_closure,sixty_counterwall_jace,forty_overlord_impending,counter_guard,threat_closure,mulligan_outcome_ranker_rev0027,land_band_business,60,40,31,16,7,5,1,21,7,4,2,6,1,0,1,public_counter_guard,library_aware_threat_closure_targetguarded,counter60_vs_threat40,1,1.0,target_win,library_out,0,opponent,True,False
rev0067,guard_counter_wall60,pub_threat40_pressure,sixty_counterwall_jace,forty_overlord_impending,counter_guard,threat_pressure,mulligan_outcome_ranker_rev0027,land_band_business,20,0,6767064,6767064,7767067,0,1.0,0.0,1.0,0.0,False,False,player_1_attempted_to_draw_from_empty_library,258,0,25,draw_half_reporting_terminal_only_training,public_decision_frame,1.0,0.0,g00064_B_pressure_counter60_vs_threat40_life20_seat0_sp0_r0,900,True,terminal,B_pressure_counter60_vs_threat40,60-vs-40 size-skew response cell.,Jace-pressure response from rev0066.,guard_counter_wall60,pub_threat40_pressure,sixty_counterwall_jace,forty_overlord_impending,counter_guard,threat_pressure,mulligan_outcome_ranker_rev0027,land_band_business,60,40,31,16,7,5,1,21,7,4,2,6,0,1,0,public_counter_guard,jace_pressure_threat_response,counter60_vs_threat40,0,1.0,target_win,library_out,1,opponent,True,False
rev0067,guard_counter_wall60,pub_threat40_pressure,sixty_counterwall_jace,forty_overlord_impending,counter_guard,threat_pressure,mulligan_outcome_ranker_rev0027,land_band_business,20,0,6767065,6767065,7767068,1,0.0,1.0,0.0,1.0,False,False,player_0_life_total_zero_or_less,154,0,12,draw_half_reporting_terminal_only_training,public_decision_frame,0.0,1.0,g00065_B_pressure_counter60_vs_threat40_life20_seat0_sp0_r1,900,True,terminal,B_pressure_counter60_vs_threat40,60-vs-40 size-skew response cell.,Jace-pressure response from rev0066.,guard_counter_wall60,pub_threat40_pressure,sixty_counterwall_jace,forty_overlord_impending,counter_guard,threat_pressure,mulligan_outcome_ranker_rev0027,land_band_business,60,40,31,16,7,5,1,21,7,4,2,6,0,1,1,public_counter_guard,jace_pressure_threat_response,counter60_vs_threat40,0,0.0,target_loss,life_total,0,target,False,False
rev0067,guard_counter_wall60,pub_threat40_pressure,sixty_counterwall_jace,forty_overlord_impending,counter_guard,threat_pressure,mulligan_outcome_ranker_rev0027,land_band_business,20,1,6767066,6767066,7767069,1,0.0,1.0,0.0,1.0,False,False,player_0_life_total_zero_or_less,94,0,8,draw_half_reporting_terminal_only_training,public_decision_frame,0.0,1.0,g00066_B_pressure_counter60_vs_threat40_life20_seat0_sp1_r0,900,True,terminal,B_pressure_counter60_vs_threat40,60-vs-40 size-skew response cell.,Jace-pressure response from rev0066.,guard_counter_wall60,pub_threat40_pressure,sixty_counterwall_jace,forty_overlord_impending,counter_guard,threat_pressure,mulligan_outcome_ranker_rev0027,land_band_business,60,40,31,16,7,5,1,21,7,4,2,6,0,1,0,public_counter_guard,jace_pressure_threat_response,counter60_vs_threat40,0,0.0,target_loss,life_total,0,target,False,False
rev0067,guard_counter_wall60,pub_threat40_pressure,sixty_counterwall_jace,forty_overlord_impending,counter_guard,threat_pressure,mulligan_outcome_ranker_rev0027,land_band_business,20,1,6767067,6767067,7767070,0,1.0,0.0,1.0,0.0,False,False,player_1_life_total_zero_or_less,272,0,28,draw_half_reporting_terminal_only_training,public_decision_frame,1.0,0.0,g00067_B_pressure_counter60_vs_threat40_life20_seat0_sp1_r1,900,True,terminal,B_pressure_counter60_vs_threat40,60-vs-40 size-skew response cell.,Jace-pressure response from rev0066.,guard_counter_wall60,pub_threat40_pressure,sixty_counterwall_jace,forty_overlord_impending,counter_guard,threat_pressure,mulligan_outcome_ranker_rev0027,land_band_business,60,40,31,16,7,5,1,21,7,4,2,6,0,1,1,public_counter_guard,jace_pressure_threat_response,counter60_vs_threat40,0,1.0,target_win,life_total,1,opponent,False,True
rev0067,pub_threat40_pressure,guard_counter_wall60,forty_overlord_impending,sixty_counterwall_jace,threat_pressure,counter_guard,land_band_business,mulligan_outcome_ranker_rev0027,20,0,6767068,6767068,7767071,1,0.0,1.0,0.0,1.0,False,False,player_0_attempted_to_draw_from_empty_library,203,0,19,draw_half_reporting_terminal_only_training,public_decision_frame,0.0,1.0,g00068_B_pressure_counter60_vs_threat40_life20_seat1_sp0_r0,900,True,terminal,B_pressure_counter60_vs_threat40,60-vs-40 size-skew response cell.,Jace-pressure response from rev0066.,guard_counter_wall60,pub_threat40_pressure,sixty_counterwall_jace,forty_overlord_impending,counter_guard,threat_pressure,mulligan_outcome_ranker_rev0027,land_band_business,60,40,31,16,7,5,1,21,7,4,2,6,1,0,0,public_counter_guard,jace_pressure_threat_response,counter60_vs_threat40,1,1.0,target_win,library_out,0,opponent,True,False
rev0067,pub_threat40_pressure,guard_counter_wall60,forty_overlord_impending,sixty_counterwall_jace,threat_pressure,counter_guard,land_band_business,mulligan_outcome_ranker_rev0027,20,0,6767069,6767069,7767072,0,1.0,0.0,1.0,0.0,False,False,player_1_life_total_zero_or_less,162,0,16,draw_half_reporting_terminal_only_training,public_decision_frame,1.0,0.0,g00069_B_pressure_counter60_vs_threat40_life20_seat1_sp0_r1,900,True,terminal,B_pressure_counter60_vs_threat40,60-vs-40 size-skew response cell.,Jace-pressure response from rev0066.,guard_counter_wall60,pub_threat40_pressure,sixty_counterwall_jace,forty_overlord_impending,counter_guard,threat_pressure,mulligan_outcome_ranker_rev0027,land_band_business,60,40,31,16,7,5,1,21,7,4,2,6,1,0,1,public_counter_guard,jace_pressure_threat_response,counter60_vs_threat40,1,0.0,target_loss,life_total,1,target,False,False
rev0067,pub_threat40_pressure,guard_counter_wall60,forty_overlord_impending,sixty_counterwall_jace,threat_pressure,counter_guard,land_band_business,mulligan_outcome_ranker_rev0027,20,1,6767070,6767070,7767073,0,1.0,0.0,1.0,0.0,False,False,player_1_attempted_to_draw_from_empty_library,127,0,13,draw_half_reporting_terminal_only_training,public_decision_frame,1.0,0.0,g00070_B_pressure_counter60_vs_threat40_life20_seat1_sp1_r0,900,True,terminal,B_pressure_counter60_vs_threat40,60-vs-40 size-skew response cell.,Jace-pressure response from rev0066.,guard_counter_wall60,pub_threat40_pressure,sixty_counterwall_jace,forty_overlord_impending,counter_guard,threat_pressure,mulligan_outcome_ranker_rev0027,land_band_business,60,40,31,16,7,5,1,21,7,4,2,6,1,0,0,public_counter_guard,jace_pressure_threat_response,counter60_vs_threat40,1,0.0,target_loss,library_out,1,target,False,False
rev0067,pub_threat40_pressure,guard_counter_wall60,forty_overlord_impending,sixty_counterwall_jace,threat_pressure,counter_guard,land_band_business,mulligan_outcome_ranker_rev0027,20,1,6767071,6767071,7767074,1,0.0,1.0,0.0,1.0,False,False,player_0_attempted_to_draw_from_empty_library,155,0,14,draw_half_reporting_terminal_only_training,public_decision_frame,0.0,1.0,g00071_B_pressure_counter60_vs_threat40_life20_seat1_sp1_r1,900,True,terminal,B_pressure_counter60_vs_threat40,60-vs-40 size-skew response cell.,Jace-pressure response from rev0066.,guard_counter_wall60,pub_threat40_pressure,sixty_counterwall_jace,forty_overlord_impending,counter_guard,threat_pressure,mulligan_outcome_ranker_rev0027,land_band_business,60,40,31,16,7,5,1,21,7,4,2,6,1,0,1,public_counter_guard,jace_pressure_threat_response,counter60_vs_threat40,1,1.0,target_win,library_out,0,opponent,True,False
rev0067,guard_counter_wall60,pub_threat40_pressure,sixty_counterwall_jace,forty_overlord_impending,counter_guard,threat_pressure,mulligan_outcome_ranker_rev0027,land_band_business,40,0,6767072,6767072,7767075,0,1.0,0.0,1.0,0.0,False,False,player_1_attempted_to_draw_from_empty_library,147,0,13,draw_half_reporting_terminal_only_training,public_decision_frame,1.0,0.0,g00072_B_pressure_counter60_vs_threat40_life40_seat0_sp0_r0,900,True,terminal,B_pressure_counter60_vs_threat40,60-vs-40 size-skew response cell.,Jace-pressure response from rev0066.,guard_counter_wall60,pub_threat40_pressure,sixty_counterwall_jace,forty_overlord_impending,counter_guard,threat_pressure,mulligan_outcome_ranker_rev0027,land_band_business,60,40,31,16,7,5,1,21,7,4,2,6,0,1,0,public_counter_guard,jace_pressure_threat_response,counter60_vs_threat40,0,1.0,target_win,library_out,1,opponent,True,False
rev0067,guard_counter_wall60,pub_threat40_pressure,sixty_counterwall_jace,forty_overlord_impending,counter_guard,threat_pressure,mulligan_outcome_ranker_rev0027,land_band_business,40,0,6767073,6767073,7767076,0,1.0,0.0,1.0,0.0,False,False,player_1_life_total_zero_or_less,203,0,19,draw_half_reporting_terminal_only_training,public_decision_frame,1.0,0.0,g00073_B_pressure_counter60_vs_threat40_life40_seat0_sp0_r1,900,True,terminal,B_pressure_counter60_vs_threat40,60-vs-40 size-skew response cell.,Jace-pressure response from rev0066.,guard_counter_wall60,pub_threat40_pressure,sixty_counterwall_jace,forty_overlord_impending,counter_guard,threat_pressure,mulligan_outcome_ranker_rev0027,land_band_business,60,40,31,16,7,5,1,21,7,4,2,6,0,1,1,public_counter_guard,jace_pressure_threat_response,counter60_vs_threat40,0,1.0,target_win,life_total,1,opponent,False,True
rev0067,guard_counter_wall60,pub_threat40_pressure,sixty_counterwall_jace,forty_overlord_impending,counter_guard,threat_pressure,mulligan_outcome_ranker_rev0027,land_band_business,40,1,6767074,6767074,7767077,0,1.0,0.0,1.0,0.0,False,False,player_1_attempted_to_draw_from_empty_library,170,0,16,draw_half_reporting_terminal_only_training,public_decision_frame,1.0,0.0,g00074_B_pressure_counter60_vs_threat40_life40_seat0_sp1_r0,900,True,terminal,B_pressure_counter60_vs_threat40,60-vs-40 size-skew response cell.,Jace-pressure response from rev0066.,guard_counter_wall60,pub_threat40_pressure,sixty_counterwall_jace,forty_overlord_impending,counter_guard,threat_pressure,mulligan_outcome_ranker_rev0027,land_band_business,60,40,31,16,7,5,1,21,7,4,2,6,0,1,0,public_counter_guard,jace_pressure_threat_response,counter60_vs_threat40,0,1.0,target_win,library_out,1,opponent,True,False
rev0067,guard_counter_wall60,pub_threat40_pressure,sixty_counterwall_jace,forty_overlord_impending,counter_guard,threat_pressure,mulligan_outcome_ranker_rev0027,land_band_business,40,1,6767075,6767075,7767078,0,1.0,0.0,1.0,0.0,False,False,player_1_attempted_to_draw_from_empty_library,275,0,29,draw_half_reporting_terminal_only_training,public_decision_frame,1.0,0.0,g00075_B_pressure_counter60_vs_threat40_life40_seat0_sp1_r1,900,True,terminal,B_pressure_counter60_vs_threat40,60-vs-40 size-skew response cell.,Jace-pressure response from rev0066.,guard_counter_wall60,pub_threat40_pressure,sixty_counterwall_jace,forty_overlord_impending,counter_guard,threat_pressure,mulligan_outcome_ranker_rev0027,land_band_business,60,40,31,16,7,5,1,21,7,4,2,6,0,1,1,public_counter_guard,jace_pressure_threat_response,counter60_vs_threat40,0,1.0,target_win,library_out,1,opponent,True,False
rev0067,pub_threat40_pressure,guard_counter_wall60,forty_overlord_impending,sixty_counterwall_jace,threat_pressure,counter_guard,land_band_business,mulligan_outcome_ranker_rev0027,40,0,6767076,6767076,7767079,0,1.0,0.0,1.0,0.0,False,False,player_1_attempted_to_draw_from_empty_library,146,0,12,draw_half_reporting_terminal_only_training,public_decision_frame,1.0,0.0,g00076_B_pressure_counter60_vs_threat40_life40_seat1_sp0_r0,900,True,terminal,B_pressure_counter60_vs_threat40,60-vs-40 size-skew response cell.,Jace-pressure response from rev0066.,guard_counter_wall60,pub_threat40_pressure,sixty_counterwall_jace,forty_overlord_impending,counter_guard,threat_pressure,mulligan_outcome_ranker_rev0027,land_band_business,60,40,31,16,7,5,1,21,7,4,2,6,1,0,0,public_counter_guard,jace_pressure_threat_response,counter60_vs_threat40,1,0.0,target_loss,library_out,1,target,False,False
rev0067,pub_threat40_pressure,guard_counter_wall60,forty_overlord_impending,sixty_counterwall_jace,threat_pressure,counter_guard,land_band_business,mulligan_outcome_ranker_rev0027,40,0,6767077,6767077,7767080,1,0.0,1.0,0.0,1.0,False,False,player_0_attempted_to_draw_from_empty_library,123,0,12,draw_half_reporting_terminal_only_training,public_decision_frame,0.0,1.0,g00077_B_pressure_counter60_vs_threat40_life40_seat1_sp0_r1,900,True,terminal,B_pressure_counter60_vs_threat40,60-vs-40 size-skew response cell.,Jace-pressure response from rev0066.,guard_counter_wall60,pub_threat40_pressure,sixty_counterwall_jace,forty_overlord_impending,counter_guard,threat_pressure,mulligan_outcome_ranker_rev0027,land_band_business,60,40,31,16,7,5,1,21,7,4,2,6,1,0,1,public_counter_guard,jace_pressure_threat_response,counter60_vs_threat40,1,1.0,target_win,library_out,0,opponent,True,False
rev0067,pub_threat40_pressure,guard_counter_wall60,forty_overlord_impending,sixty_counterwall_jace,threat_pressure,counter_guard,land_band_business,mulligan_outcome_ranker_rev0027,40,1,6767078,6767078,7767081,1,0.0,1.0,0.0,1.0,False,False,player_0_attempted_to_draw_from_empty_library,158,0,15,draw_half_reporting_terminal_only_training,public_decision_frame,0.0,1.0,g00078_B_pressure_counter60_vs_threat40_life40_seat1_sp1_r0,900,True,terminal,B_pressure_counter60_vs_threat40,60-vs-40 size-skew response cell.,Jace-pressure response from rev0066.,guard_counter_wall60,pub_threat40_pressure,sixty_counterwall_jace,forty_overlord_impending,counter_guard,threat_pressure,mulligan_outcome_ranker_rev0027,land_band_business,60,40,31,16,7,5,1,21,7,4,2,6,1,0,0,public_counter_guard,jace_pressure_threat_response,counter60_vs_threat40,1,1.0,target_win,library_out,0,opponent,True,False
rev0067,pub_threat40_pressure,guard_counter_wall60,forty_overlord_impending,sixty_counterwall_jace,threat_pressure,counter_guard,land_band_business,mulligan_outcome_ranker_rev0027,40,1,6767079,6767079,7767082,1,0.0,1.0,0.0,1.0,False,False,player_0_attempted_to_draw_from_empty_library,166,0,16,draw_half_reporting_terminal_only_training,public_decision_frame,0.0,1.0,g00079_B_pressure_counter60_vs_threat40_life40_seat1_sp1_r1,900,True,terminal,B_pressure_counter60_vs_threat40,60-vs-40 size-skew response cell.,Jace-pressure response from rev0066.,guard_counter_wall60,pub_threat40_pressure,sixty_counterwall_jace,forty_overlord_impending,counter_guard,threat_pressure,mulligan_outcome_ranker_rev0027,land_band_business,60,40,31,16,7,5,1,21,7,4,2,6,1,0,1,public_counter_guard,jace_pressure_threat_response,counter60_vs_threat40,1,1.0,target_win,library_out,0,opponent,True,False
rev0067,guard_counter_wall60,pub_threat40_surge,sixty_counterwall_jace,forty_overlord_impending,counter_guard,threat_surge,mulligan_outcome_ranker_rev0027,land_band_business,20,0,6767080,6767080,7767083,1,0.0,1.0,0.0,1.0,False,False,player_0_life_total_zero_or_less,105,0,10,draw_half_reporting_terminal_only_training,public_decision_frame,0.0,1.0,g00080_B_surge_counter60_vs_threat40_life20_seat0_sp0_r0,900,True,terminal,B_surge_counter60_vs_threat40,60-vs-40 size-skew response cell.,Face/protection surge: spends stack interaction to protect threats and prioritizes safe player damage.,guard_counter_wall60,pub_threat40_surge,sixty_counterwall_jace,forty_overlord_impending,counter_guard,threat_surge,mulligan_outcome_ranker_rev0027,land_band_business,60,40,31,16,7,5,1,21,7,4,2,6,0,1,0,public_counter_guard,face_protect_threat_surge,counter60_vs_threat40,0,0.0,target_loss,life_total,0,target,False,False
rev0067,guard_counter_wall60,pub_threat40_surge,sixty_counterwall_jace,forty_overlord_impending,counter_guard,threat_surge,mulligan_outcome_ranker_rev0027,land_band_business,20,0,6767081,6767081,7767084,0,1.0,0.0,1.0,0.0,False,False,player_1_attempted_to_draw_from_empty_library,142,0,15,draw_half_reporting_terminal_only_training,public_decision_frame,1.0,0.0,g00081_B_surge_counter60_vs_threat40_life20_seat0_sp0_r1,900,True,terminal,B_surge_counter60_vs_threat40,60-vs-40 size-skew response cell.,Face/protection surge: spends stack interaction to protect threats and prioritizes safe player damage.,guard_counter_wall60,pub_threat40_surge,sixty_counterwall_jace,forty_overlord_impending,counter_guard,threat_surge,mulligan_outcome_ranker_rev0027,land_band_business,60,40,31,16,7,5,1,21,7,4,2,6,0,1,1,public_counter_guard,face_protect_threat_surge,counter60_vs_threat40,0,1.0,target_win,library_out,1,opponent,True,False
rev0067,guard_counter_wall60,pub_threat40_surge,sixty_counterwall_jace,forty_overlord_impending,counter_guard,threat_surge,mulligan_outcome_ranker_rev0027,land_band_business,20,1,6767082,6767082,7767085,1,0.0,1.0,0.0,1.0,False,False,player_0_attempted_to_draw_from_empty_library,133,0,13,draw_half_reporting_terminal_only_training,public_decision_frame,0.0,1.0,g00082_B_surge_counter60_vs_threat40_life20_seat0_sp1_r0,900,True,terminal,B_surge_counter60_vs_threat40,60-vs-40 size-skew response cell.,Face/protection surge: spends stack interaction to protect threats and prioritizes safe player damage.,guard_counter_wall60,pub_threat40_surge,sixty_counterwall_jace,forty_overlord_impending,counter_guard,threat_surge,mulligan_outcome_ranker_rev0027,land_band_business,60,40,31,16,7,5,1,21,7,4,2,6,0,1,0,public_counter_guard,face_protect_threat_surge,counter60_vs_threat40,0,0.0,target_loss,library_out,0,target,False,False
rev0067,guard_counter_wall60,pub_threat40_surge,sixty_counterwall_jace,forty_overlord_impending,counter_guard,threat_surge,mulligan_outcome_ranker_rev0027,land_band_business,20,1,6767083,6767083,7767086,0,1.0,0.0,1.0,0.0,False,False,player_1_attempted_to_draw_from_empty_library,151,0,14,draw_half_reporting_terminal_only_training,public_decision_frame,1.0,0.0,g00083_B_surge_counter60_vs_threat40_life20_seat0_sp1_r1,900,True,terminal,B_surge_counter60_vs_threat40,60-vs-40 size-skew response cell.,Face/protection surge: spends stack interaction to protect threats and prioritizes safe player damage.,guard_counter_wall60,pub_threat40_surge,sixty_counterwall_jace,forty_overlord_impending,counter_guard,threat_surge,mulligan_outcome_ranker_rev0027,land_band_business,60,40,31,16,7,5,1,21,7,4,2,6,0,1,1,public_counter_guard,face_protect_threat_surge,counter60_vs_threat40,0,1.0,target_win,library_out,1,opponent,True,False
rev0067,pub_threat40_surge,guard_counter_wall60,forty_overlord_impending,sixty_counterwall_jace,threat_surge,counter_guard,land_band_business,mulligan_outcome_ranker_rev0027,20,0,6767084,6767084,7767087,1,0.0,1.0,0.0,1.0,False,False,player_0_attempted_to_draw_from_empty_library,111,0,10,draw_half_reporting_terminal_only_training,public_decision_frame,0.0,1.0,g00084_B_surge_counter60_vs_threat40_life20_seat1_sp0_r0,900,True,terminal,B_surge_counter60_vs_threat40,60-vs-40 size-skew response cell.,Face/protection surge: spends stack interaction to protect threats and prioritizes safe player damage.,guard_counter_wall60,pub_threat40_surge,sixty_counterwall_jace,forty_overlord_impending,counter_guard,threat_surge,mulligan_outcome_ranker_rev0027,land_band_business,60,40,31,16,7,5,1,21,7,4,2,6,1,0,0,public_counter_guard,face_protect_threat_surge,counter60_vs_threat40,1,1.0,target_win,library_out,0,opponent,True,False
rev0067,pub_threat40_surge,guard_counter_wall60,forty_overlord_impending,sixty_counterwall_jace,threat_surge,counter_guard,land_band_business,mulligan_outcome_ranker_rev0027,20,0,6767085,6767085,7767088,1,0.0,1.0,0.0,1.0,False,False,player_0_life_total_zero_or_less,154,0,10,draw_half_reporting_terminal_only_training,public_decision_frame,0.0,1.0,g00085_B_surge_counter60_vs_threat40_life20_seat1_sp0_r1,900,True,terminal,B_surge_counter60_vs_threat40,60-vs-40 size-skew response cell.,Face/protection surge: spends stack interaction to protect threats and prioritizes safe player damage.,guard_counter_wall60,pub_threat40_surge,sixty_counterwall_jace,forty_overlord_impending,counter_guard,threat_surge,mulligan_outcome_ranker_rev0027,land_band_business,60,40,31,16,7,5,1,21,7,4,2,6,1,0,1,public_counter_guard,face_protect_threat_surge,counter60_vs_threat40,1,1.0,target_win,life_total,0,opponent,False,True
rev0067,pub_threat40_surge,guard_counter_wall60,forty_overlord_impending,sixty_counterwall_jace,threat_surge,counter_guard,land_band_business,mulligan_outcome_ranker_rev0027,20,1,6767086,6767086,7767089,0,1.0,0.0,1.0,0.0,False,False,player_1_attempted_to_draw_from_empty_library,133,0,12,draw_half_reporting_terminal_only_training,public_decision_frame,1.0,0.0,g00086_B_surge_counter60_vs_threat40_life20_seat1_sp1_r0,900,True,terminal,B_surge_counter60_vs_threat40,60-vs-40 size-skew response cell.,Face/protection surge: spends stack interaction to protect threats and prioritizes safe player damage.,guard_counter_wall60,pub_threat40_surge,sixty_counterwall_jace,forty_overlord_impending,counter_guard,threat_surge,mulligan_outcome_ranker_rev0027,land_band_business,60,40,31,16,7,5,1,21,7,4,2,6,1,0,0,public_counter_guard,face_protect_threat_surge,counter60_vs_threat40,1,0.0,target_loss,library_out,1,target,False,False
rev0067,pub_threat40_surge,guard_counter_wall60,forty_overlord_impending,sixty_counterwall_jace,threat_surge,counter_guard,land_band_business,mulligan_outcome_ranker_rev0027,20,1,6767087,6767087,7767090,1,0.0,1.0,0.0,1.0,False,False,player_0_attempted_to_draw_from_empty_library,215,0,21,draw_half_reporting_terminal_only_training,public_decision_frame,0.0,1.0,g00087_B_surge_counter60_vs_threat40_life20_seat1_sp1_r1,900,True,terminal,B_surge_counter60_vs_threat40,60-vs-40 size-skew response cell.,Face/protection surge: spends stack interaction to protect threats and prioritizes safe player damage.,guard_counter_wall60,pub_threat40_surge,sixty_counterwall_jace,forty_overlord_impending,counter_guard,threat_surge,mulligan_outcome_ranker_rev0027,land_band_business,60,40,31,16,7,5,1,21,7,4,2,6,1,0,1,public_counter_guard,face_protect_threat_surge,counter60_vs_threat40,1,1.0,target_win,library_out,0,opponent,True,False
rev0067,guard_counter_wall60,pub_threat40_surge,sixty_counterwall_jace,forty_overlord_impending,counter_guard,threat_surge,mulligan_outcome_ranker_rev0027,land_band_business,40,0,6767088,6767088,7767091,1,0.0,1.0,0.0,1.0,False,False,player_0_attempted_to_draw_from_empty_library,199,0,14,draw_half_reporting_terminal_only_training,public_decision_frame,0.0,1.0,g00088_B_surge_counter60_vs_threat40_life40_seat0_sp0_r0,900,True,terminal,B_surge_counter60_vs_threat40,60-vs-40 size-skew response cell.,Face/protection surge: spends stack interaction to protect threats and prioritizes safe player damage.,guard_counter_wall60,pub_threat40_surge,sixty_counterwall_jace,forty_overlord_impending,counter_guard,threat_surge,mulligan_outcome_ranker_rev0027,land_band_business,60,40,31,16,7,5,1,21,7,4,2,6,0,1,0,public_counter_guard,face_protect_threat_surge,counter60_vs_threat40,0,0.0,target_loss,library_out,0,target,False,False
rev0067,guard_counter_wall60,pub_threat40_surge,sixty_counterwall_jace,forty_overlord_impending,counter_guard,threat_surge,mulligan_outcome_ranker_rev0027,land_band_business,40,0,6767089,6767089,7767092,0,1.0,0.0,1.0,0.0,False,False,player_1_attempted_to_draw_from_empty_library,226,0,17,draw_half_reporting_terminal_only_training,public_decision_frame,1.0,0.0,g00089_B_surge_counter60_vs_threat40_life40_seat0_sp0_r1,900,True,terminal,B_surge_counter60_vs_threat40,60-vs-40 size-skew response cell.,Face/protection surge: spends stack interaction to protect threats and prioritizes safe player damage.,guard_counter_wall60,pub_threat40_surge,sixty_counterwall_jace,forty_overlord_impending,counter_guard,threat_surge,mulligan_outcome_ranker_rev0027,land_band_business,60,40,31,16,7,5,1,21,7,4,2,6,0,1,1,public_counter_guard,face_protect_threat_surge,counter60_vs_threat40,0,1.0,target_win,library_out,1,opponent,True,False
rev0067,guard_counter_wall60,pub_threat40_surge,sixty_counterwall_jace,forty_overlord_impending,counter_guard,threat_surge,mulligan_outcome_ranker_rev0027,land_band_business,40,1,6767090,6767090,7767093,0,1.0,0.0,1.0,0.0,False,False,player_1_attempted_to_draw_from_empty_library,190,0,17,draw_half_reporting_terminal_only_training,public_decision_frame,1.0,0.0,g00090_B_surge_counter60_vs_threat40_life40_seat0_sp1_r0,900,True,terminal,B_surge_counter60_vs_threat40,60-vs-40 size-skew response cell.,Face/protection surge: spends stack interaction to protect threats and prioritizes safe player damage.,guard_counter_wall60,pub_threat40_surge,sixty_counterwall_jace,forty_overlord_impending,counter_guard,threat_surge,mulligan_outcome_ranker_rev0027,land_band_business,60,40,31,16,7,5,1,21,7,4,2,6,0,1,0,public_counter_guard,face_protect_threat_surge,counter60_vs_threat40,0,1.0,target_win,library_out,1,opponent,True,False
rev0067,guard_counter_wall60,pub_threat40_surge,sixty_counterwall_jace,forty_overlord_impending,counter_guard,threat_surge,mulligan_outcome_ranker_rev0027,land_band_business,40,1,6767091,6767091,7767094,0,1.0,0.0,1.0,0.0,False,False,player_1_attempted_to_draw_from_empty_library,166,0,16,draw_half_reporting_terminal_only_training,public_decision_frame,1.0,0.0,g00091_B_surge_counter60_vs_threat40_life40_seat0_sp1_r1,900,True,terminal,B_surge_counter60_vs_threat40,60-vs-40 size-skew response cell.,Face/protection surge: spends stack interaction to protect threats and prioritizes safe player damage.,guard_counter_wall60,pub_threat40_surge,sixty_counterwall_jace,forty_overlord_impending,counter_guard,threat_surge,mulligan_outcome_ranker_rev0027,land_band_business,60,40,31,16,7,5,1,21,7,4,2,6,0,1,1,public_counter_guard,face_protect_threat_surge,counter60_vs_threat40,0,1.0,target_win,library_out,1,opponent,True,False
rev0067,pub_threat40_surge,guard_counter_wall60,forty_overlord_impending,sixty_counterwall_jace,threat_surge,counter_guard,land_band_business,mulligan_outcome_ranker_rev0027,40,0,6767092,6767092,7767095,1,0.0,1.0,0.0,1.0,False,False,player_0_attempted_to_draw_from_empty_library,244,0,23,draw_half_reporting_terminal_only_training,public_decision_frame,0.0,1.0,g00092_B_surge_counter60_vs_threat40_life40_seat1_sp0_r0,900,True,terminal,B_surge_counter60_vs_threat40,60-vs-40 size-skew response cell.,Face/protection surge: spends stack interaction to protect threats and prioritizes safe player damage.,guard_counter_wall60,pub_threat40_surge,sixty_counterwall_jace,forty_overlord_impending,counter_guard,threat_surge,mulligan_outcome_ranker_rev0027,land_band_business,60,40,31,16,7,5,1,21,7,4,2,6,1,0,0,public_counter_guard,face_protect_threat_surge,counter60_vs_threat40,1,1.0,target_win,library_out,0,opponent,True,False
rev0067,pub_threat40_surge,guard_counter_wall60,forty_overlord_impending,sixty_counterwall_jace,threat_surge,counter_guard,land_band_business,mulligan_outcome_ranker_rev0027,40,0,6767093,6767093,7767096,0,1.0,0.0,1.0,0.0,False,False,player_1_life_total_zero_or_less,159,0,14,draw_half_reporting_terminal_only_training,public_decision_frame,1.0,0.0,g00093_B_surge_counter60_vs_threat40_life40_seat1_sp0_r1,900,True,terminal,B_surge_counter60_vs_threat40,60-vs-40 size-skew response cell.,Face/protection surge: spends stack interaction to protect threats and prioritizes safe player damage.,guard_counter_wall60,pub_threat40_surge,sixty_counterwall_jace,forty_overlord_impending,counter_guard,threat_surge,mulligan_outcome_ranker_rev0027,land_band_business,60,40,31,16,7,5,1,21,7,4,2,6,1,0,1,public_counter_guard,face_protect_threat_surge,counter60_vs_threat40,1,0.0,target_loss,life_total,1,target,False,False
rev0067,pub_threat40_surge,guard_counter_wall60,forty_overlord_impending,sixty_counterwall_jace,threat_surge,counter_guard,land_band_business,mulligan_outcome_ranker_rev0027,40,1,6767094,6767094,7767097,1,0.0,1.0,0.0,1.0,False,False,player_0_attempted_to_draw_from_empty_library,134,0,12,draw_half_reporting_terminal_only_training,public_decision_frame,0.0,1.0,g00094_B_surge_counter60_vs_threat40_life40_seat1_sp1_r0,900,True,terminal,B_surge_counter60_vs_threat40,60-vs-40 size-skew response cell.,Face/protection surge: spends stack interaction to protect threats and prioritizes safe player damage.,guard_counter_wall60,pub_threat40_surge,sixty_counterwall_jace,forty_overlord_impending,counter_guard,threat_surge,mulligan_outcome_ranker_rev0027,land_band_business,60,40,31,16,7,5,1,21,7,4,2,6,1,0,0,public_counter_guard,face_protect_threat_surge,counter60_vs_threat40,1,1.0,target_win,library_out,0,opponent,True,False
rev0067,pub_threat40_surge,guard_counter_wall60,forty_overlord_impending,sixty_counterwall_jace,threat_surge,counter_guard,land_band_business,mulligan_outcome_ranker_rev0027,40,1,6767095,6767095,7767098,1,0.0,1.0,0.0,1.0,False,False,player_0_life_total_zero_or_less,169,0,15,draw_half_reporting_terminal_only_training,public_decision_frame,0.0,1.0,g00095_B_surge_counter60_vs_threat40_life40_seat1_sp1_r1,900,True,terminal,B_surge_counter60_vs_threat40,60-vs-40 size-skew response cell.,Face/protection surge: spends stack interaction to protect threats and prioritizes safe player damage.,guard_counter_wall60,pub_threat40_surge,sixty_counterwall_jace,forty_overlord_impending,counter_guard,threat_surge,mulligan_outcome_ranker_rev0027,land_band_business,60,40,31,16,7,5,1,21,7,4,2,6,1,0,1,public_counter_guard,face_protect_threat_surge,counter60_vs_threat40,1,1.0,target_win,life_total,0,opponent,False,True
rev0067,guard_counter_wall60,pub_threat60_closure,sixty_counterwall_jace,sixty_overlord_scaled_from40,counter_guard,threat_closure,mulligan_outcome_ranker_rev0027,land_band_business,20,0,6767096,6767096,7767099,1,0.0,1.0,0.0,1.0,False,False,player_0_attempted_to_draw_from_empty_library,131,0,11,draw_half_reporting_terminal_only_training,public_decision_frame,0.0,1.0,g00096_C_closure_counter60_vs_threat60_life20_seat0_sp0_r0,900,True,terminal,C_closure_counter60_vs_threat60,60-vs-60 normalized response cell.,Library-aware closure baseline repaired in rev0063/rev0064.,guard_counter_wall60,pub_threat60_closure,sixty_counterwall_jace,sixty_overlord_scaled_from40,counter_guard,threat_closure,mulligan_outcome_ranker_rev0027,land_band_business,60,60,31,16,7,5,1,32,10,6,3,9,0,1,0,public_counter_guard,library_aware_threat_closure_targetguarded,counter60_vs_threat60,0,0.0,target_loss,library_out,0,target,False,False
rev0067,guard_counter_wall60,pub_threat60_closure,sixty_counterwall_jace,sixty_overlord_scaled_from40,counter_guard,threat_closure,mulligan_outcome_ranker_rev0027,land_band_business,20,0,6767097,6767097,7767100,1,0.0,1.0,0.0,1.0,False,False,player_0_life_total_zero_or_less,176,0,17,draw_half_reporting_terminal_only_training,public_decision_frame,0.0,1.0,g00097_C_closure_counter60_vs_threat60_life20_seat0_sp0_r1,900,True,terminal,C_closure_counter60_vs_threat60,60-vs-60 normalized response cell.,Library-aware closure baseline repaired in rev0063/rev0064.,guard_counter_wall60,pub_threat60_closure,sixty_counterwall_jace,sixty_overlord_scaled_from40,counter_guard,threat_closure,mulligan_outcome_ranker_rev0027,land_band_business,60,60,31,16,7,5,1,32,10,6,3,9,0,1,1,public_counter_guard,library_aware_threat_closure_targetguarded,counter60_vs_threat60,0,0.0,target_loss,life_total,0,target,False,False
rev0067,guard_counter_wall60,pub_threat60_closure,sixty_counterwall_jace,sixty_overlord_scaled_from40,counter_guard,threat_closure,mulligan_outcome_ranker_rev0027,land_band_business,20,1,6767098,6767098,7767101,1,0.0,1.0,0.0,1.0,False,False,player_0_life_total_zero_or_less,98,0,9,draw_half_reporting_terminal_only_training,public_decision_frame,0.0,1.0,g00098_C_closure_counter60_vs_threat60_life20_seat0_sp1_r0,900,True,terminal,C_closure_counter60_vs_threat60,60-vs-60 normalized response cell.,Library-aware closure baseline repaired in rev0063/rev0064.,guard_counter_wall60,pub_threat60_closure,sixty_counterwall_jace,sixty_overlord_scaled_from40,counter_guard,threat_closure,mulligan_outcome_ranker_rev0027,land_band_business,60,60,31,16,7,5,1,32,10,6,3,9,0,1,0,public_counter_guard,library_aware_threat_closure_targetguarded,counter60_vs_threat60,0,0.0,target_loss,life_total,0,target,False,False
rev0067,guard_counter_wall60,pub_threat60_closure,sixty_counterwall_jace,sixty_overlord_scaled_from40,counter_guard,threat_closure,mulligan_outcome_ranker_rev0027,land_band_business,20,1,6767099,6767099,7767102,1,0.0,1.0,0.0,1.0,False,False,player_0_attempted_to_draw_from_empty_library,150,0,14,draw_half_reporting_terminal_only_training,public_decision_frame,0.0,1.0,g00099_C_closure_counter60_vs_threat60_life20_seat0_sp1_r1,900,True,terminal,C_closure_counter60_vs_threat60,60-vs-60 normalized response cell.,Library-aware closure baseline repaired in rev0063/rev0064.,guard_counter_wall60,pub_threat60_closure,sixty_counterwall_jace,sixty_overlord_scaled_from40,counter_guard,threat_closure,mulligan_outcome_ranker_rev0027,land_band_business,60,60,31,16,7,5,1,32,10,6,3,9,0,1,1,public_counter_guard,library_aware_threat_closure_targetguarded,counter60_vs_threat60,0,0.0,target_loss,library_out,0,target,False,False
rev0067,pub_threat60_closure,guard_counter_wall60,sixty_overlord_scaled_from40,sixty_counterwall_jace,threat_closure,counter_guard,land_band_business,mulligan_outcome_ranker_rev0027,20,0,6767100,6767100,7767103,1,0.0,1.0,0.0,1.0,False,False,player_0_attempted_to_draw_from_empty_library,186,0,20,draw_half_reporting_terminal_only_training,public_decision_frame,0.0,1.0,g00100_C_closure_counter60_vs_threat60_life20_seat1_sp0_r0,900,True,terminal,C_closure_counter60_vs_threat60,60-vs-60 normalized response cell.,Library-aware closure baseline repaired in rev0063/rev0064.,guard_counter_wall60,pub_threat60_closure,sixty_counterwall_jace,sixty_overlord_scaled_from40,counter_guard,threat_closure,mulligan_outcome_ranker_rev0027,land_band_business,60,60,31,16,7,5,1,32,10,6,3,9,1,0,0,public_counter_guard,library_aware_threat_closure_targetguarded,counter60_vs_threat60,1,1.0,target_win,library_out,0,opponent,True,False
rev0067,pub_threat60_closure,guard_counter_wall60,sixty_overlord_scaled_from40,sixty_counterwall_jace,threat_closure,counter_guard,land_band_business,mulligan_outcome_ranker_rev0027,20,0,6767101,6767101,7767104,1,0.0,1.0,0.0,1.0,False,False,player_0_life_total_zero_or_less,272,0,23,draw_half_reporting_terminal_only_training,public_decision_frame,0.0,1.0,g00101_C_closure_counter60_vs_threat60_life20_seat1_sp0_r1,900,True,terminal,C_closure_counter60_vs_threat60,60-vs-60 normalized response cell.,Library-aware closure baseline repaired in rev0063/rev0064.,guard_counter_wall60,pub_threat60_closure,sixty_counterwall_jace,sixty_overlord_scaled_from40,counter_guard,threat_closure,mulligan_outcome_ranker_rev0027,land_band_business,60,60,31,16,7,5,1,32,10,6,3,9,1,0,1,public_counter_guard,library_aware_threat_closure_targetguarded,counter60_vs_threat60,1,1.0,target_win,life_total,0,opponent,False,True
rev0067,pub_threat60_closure,guard_counter_wall60,sixty_overlord_scaled_from40,sixty_counterwall_jace,threat_closure,counter_guard,land_band_business,mulligan_outcome_ranker_rev0027,20,1,6767102,6767102,7767105,0,1.0,0.0,1.0,0.0,False,False,player_1_life_total_zero_or_less,117,0,11,draw_half_reporting_terminal_only_training,public_decision_frame,1.0,0.0,g00102_C_closure_counter60_vs_threat60_life20_seat1_sp1_r0,900,True,terminal,C_closure_counter60_vs_threat60,60-vs-60 normalized response cell.,Library-aware closure baseline repaired in rev0063/rev0064.,guard_counter_wall60,pub_threat60_closure,sixty_counterwall_jace,sixty_overlord_scaled_from40,counter_guard,threat_closure,mulligan_outcome_ranker_rev0027,land_band_business,60,60,31,16,7,5,1,32,10,6,3,9,1,0,0,public_counter_guard,library_aware_threat_closure_targetguarded,counter60_vs_threat60,1,0.0,target_loss,life_total,1,target,False,False
rev0067,pub_threat60_closure,guard_counter_wall60,sixty_overlord_scaled_from40,sixty_counterwall_jace,threat_closure,counter_guard,land_band_business,mulligan_outcome_ranker_rev0027,20,1,6767103,6767103,7767106,1,0.0,1.0,0.0,1.0,False,False,player_0_attempted_to_draw_from_empty_library,275,0,28,draw_half_reporting_terminal_only_training,public_decision_frame,0.0,1.0,g00103_C_closure_counter60_vs_threat60_life20_seat1_sp1_r1,900,True,terminal,C_closure_counter60_vs_threat60,60-vs-60 normalized response cell.,Library-aware closure baseline repaired in rev0063/rev0064.,guard_counter_wall60,pub_threat60_closure,sixty_counterwall_jace,sixty_overlord_scaled_from40,counter_guard,threat_closure,mulligan_outcome_ranker_rev0027,land_band_business,60,60,31,16,7,5,1,32,10,6,3,9,1,0,1,public_counter_guard,library_aware_threat_closure_targetguarded,counter60_vs_threat60,1,1.0,target_win,library_out,0,opponent,True,False
rev0067,guard_counter_wall60,pub_threat60_closure,sixty_counterwall_jace,sixty_overlord_scaled_from40,counter_guard,threat_closure,mulligan_outcome_ranker_rev0027,land_band_business,40,0,6767104,6767104,7767107,1,0.0,1.0,0.0,1.0,False,False,player_0_life_total_zero_or_less,157,0,13,draw_half_reporting_terminal_only_training,public_decision_frame,0.0,1.0,g00104_C_closure_counter60_vs_threat60_life40_seat0_sp0_r0,900,True,terminal,C_closure_counter60_vs_threat60,60-vs-60 normalized response cell.,Library-aware closure baseline repaired in rev0063/rev0064.,guard_counter_wall60,pub_threat60_closure,sixty_counterwall_jace,sixty_overlord_scaled_from40,counter_guard,threat_closure,mulligan_outcome_ranker_rev0027,land_band_business,60,60,31,16,7,5,1,32,10,6,3,9,0,1,0,public_counter_guard,library_aware_threat_closure_targetguarded,counter60_vs_threat60,0,0.0,target_loss,life_total,0,target,False,False
rev0067,guard_counter_wall60,pub_threat60_closure,sixty_counterwall_jace,sixty_overlord_scaled_from40,counter_guard,threat_closure,mulligan_outcome_ranker_rev0027,land_band_business,40,0,6767105,6767105,7767108,1,0.0,1.0,0.0,1.0,False,False,player_0_life_total_zero_or_less,181,0,13,draw_half_reporting_terminal_only_training,public_decision_frame,0.0,1.0,g00105_C_closure_counter60_vs_threat60_life40_seat0_sp0_r1,900,True,terminal,C_closure_counter60_vs_threat60,60-vs-60 normalized response cell.,Library-aware closure baseline repaired in rev0063/rev0064.,guard_counter_wall60,pub_threat60_closure,sixty_counterwall_jace,sixty_overlord_scaled_from40,counter_guard,threat_closure,mulligan_outcome_ranker_rev0027,land_band_business,60,60,31,16,7,5,1,32,10,6,3,9,0,1,1,public_counter_guard,library_aware_threat_closure_targetguarded,counter60_vs_threat60,0,0.0,target_loss,life_total,0,target,False,False
rev0067,guard_counter_wall60,pub_threat60_closure,sixty_counterwall_jace,sixty_overlord_scaled_from40,counter_guard,threat_closure,mulligan_outcome_ranker_rev0027,land_band_business,40,1,6767106,6767106,7767109,0,1.0,0.0,1.0,0.0,False,False,player_1_attempted_to_draw_from_empty_library,314,0,29,draw_half_reporting_terminal_only_training,public_decision_frame,1.0,0.0,g00106_C_closure_counter60_vs_threat60_life40_seat0_sp1_r0,900,True,terminal,C_closure_counter60_vs_threat60,60-vs-60 normalized response cell.,Library-aware closure baseline repaired in rev0063/rev0064.,guard_counter_wall60,pub_threat60_closure,sixty_counterwall_jace,sixty_overlord_scaled_from40,counter_guard,threat_closure,mulligan_outcome_ranker_rev0027,land_band_business,60,60,31,16,7,5,1,32,10,6,3,9,0,1,0,public_counter_guard,library_aware_threat_closure_targetguarded,counter60_vs_threat60,0,1.0,target_win,library_out,1,opponent,True,False
rev0067,guard_counter_wall60,pub_threat60_closure,sixty_counterwall_jace,sixty_overlord_scaled_from40,counter_guard,threat_closure,mulligan_outcome_ranker_rev0027,land_band_business,40,1,6767107,6767107,7767110,1,0.0,1.0,0.0,1.0,False,False,player_0_life_total_zero_or_less,176,0,16,draw_half_reporting_terminal_only_training,public_decision_frame,0.0,1.0,g00107_C_closure_counter60_vs_threat60_life40_seat0_sp1_r1,900,True,terminal,C_closure_counter60_vs_threat60,60-vs-60 normalized response cell.,Library-aware closure baseline repaired in rev0063/rev0064.,guard_counter_wall60,pub_threat60_closure,sixty_counterwall_jace,sixty_overlord_scaled_from40,counter_guard,threat_closure,mulligan_outcome_ranker_rev0027,land_band_business,60,60,31,16,7,5,1,32,10,6,3,9,0,1,1,public_counter_guard,library_aware_threat_closure_targetguarded,counter60_vs_threat60,0,0.0,target_loss,life_total,0,target,False,False
rev0067,pub_threat60_closure,guard_counter_wall60,sixty_overlord_scaled_from40,sixty_counterwall_jace,threat_closure,counter_guard,land_band_business,mulligan_outcome_ranker_rev0027,40,0,6767108,6767108,7767111,1,0.0,1.0,0.0,1.0,False,False,player_0_attempted_to_draw_from_empty_library,164,0,15,draw_half_reporting_terminal_only_training,public_decision_frame,0.0,1.0,g00108_C_closure_counter60_vs_threat60_life40_seat1_sp0_r0,900,True,terminal,C_closure_counter60_vs_threat60,60-vs-60 normalized response cell.,Library-aware closure baseline repaired in rev0063/rev0064.,guard_counter_wall60,pub_threat60_closure,sixty_counterwall_jace,sixty_overlord_scaled_from40,counter_guard,threat_closure,mulligan_outcome_ranker_rev0027,land_band_business,60,60,31,16,7,5,1,32,10,6,3,9,1,0,0,public_counter_guard,library_aware_threat_closure_targetguarded,counter60_vs_threat60,1,1.0,target_win,library_out,0,opponent,True,False
rev0067,pub_threat60_closure,guard_counter_wall60,sixty_overlord_scaled_from40,sixty_counterwall_jace,threat_closure,counter_guard,land_band_business,mulligan_outcome_ranker_rev0027,40,0,6767109,6767109,7767112,1,0.0,1.0,0.0,1.0,False,False,player_0_attempted_to_draw_from_empty_library,134,0,13,draw_half_reporting_terminal_only_training,public_decision_frame,0.0,1.0,g00109_C_closure_counter60_vs_threat60_life40_seat1_sp0_r1,900,True,terminal,C_closure_counter60_vs_threat60,60-vs-60 normalized response cell.,Library-aware closure baseline repaired in rev0063/rev0064.,guard_counter_wall60,pub_threat60_closure,sixty_counterwall_jace,sixty_overlord_scaled_from40,counter_guard,threat_closure,mulligan_outcome_ranker_rev0027,land_band_business,60,60,31,16,7,5,1,32,10,6,3,9,1,0,1,public_counter_guard,library_aware_threat_closure_targetguarded,counter60_vs_threat60,1,1.0,target_win,library_out,0,opponent,True,False
rev0067,pub_threat60_closure,guard_counter_wall60,sixty_overlord_scaled_from40,sixty_counterwall_jace,threat_closure,counter_guard,land_band_business,mulligan_outcome_ranker_rev0027,40,1,6767110,6767110,7767113,1,0.0,1.0,0.0,1.0,False,False,player_0_attempted_to_draw_from_empty_library,164,0,16,draw_half_reporting_terminal_only_training,public_decision_frame,0.0,1.0,g00110_C_closure_counter60_vs_threat60_life40_seat1_sp1_r0,900,True,terminal,C_closure_counter60_vs_threat60,60-vs-60 normalized response cell.,Library-aware closure baseline repaired in rev0063/rev0064.,guard_counter_wall60,pub_threat60_closure,sixty_counterwall_jace,sixty_overlord_scaled_from40,counter_guard,threat_closure,mulligan_outcome_ranker_rev0027,land_band_business,60,60,31,16,7,5,1,32,10,6,3,9,1,0,0,public_counter_guard,library_aware_threat_closure_targetguarded,counter60_vs_threat60,1,1.0,target_win,library_out,0,opponent,True,False
rev0067,pub_threat60_closure,guard_counter_wall60,sixty_overlord_scaled_from40,sixty_counterwall_jace,threat_closure,counter_guard,land_band_business,mulligan_outcome_ranker_rev0027,40,1,6767111,6767111,7767114,1,0.0,1.0,0.0,1.0,False,False,player_0_attempted_to_draw_from_empty_library,255,0,19,draw_half_reporting_terminal_only_training,public_decision_frame,0.0,1.0,g00111_C_closure_counter60_vs_threat60_life40_seat1_sp1_r1,900,True,terminal,C_closure_counter60_vs_threat60,60-vs-60 normalized response cell.,Library-aware closure baseline repaired in rev0063/rev0064.,guard_counter_wall60,pub_threat60_closure,sixty_counterwall_jace,sixty_overlord_scaled_from40,counter_guard,threat_closure,mulligan_outcome_ranker_rev0027,land_band_business,60,60,31,16,7,5,1,32,10,6,3,9,1,0,1,public_counter_guard,library_aware_threat_closure_targetguarded,counter60_vs_threat60,1,1.0,target_win,library_out,0,opponent,True,False
rev0067,guard_counter_wall60,pub_threat60_pressure,sixty_counterwall_jace,sixty_overlord_scaled_from40,counter_guard,threat_pressure,mulligan_outcome_ranker_rev0027,land_band_business,20,0,6767112,6767112,7767115,0,1.0,0.0,1.0,0.0,False,False,player_1_attempted_to_draw_from_empty_library,135,0,14,draw_half_reporting_terminal_only_training,public_decision_frame,1.0,0.0,g00112_C_pressure_counter60_vs_threat60_life20_seat0_sp0_r0,900,True,terminal,C_pressure_counter60_vs_threat60,60-vs-60 normalized response cell.,Jace-pressure response from rev0066.,guard_counter_wall60,pub_threat60_pressure,sixty_counterwall_jace,sixty_overlord_scaled_from40,counter_guard,threat_pressure,mulligan_outcome_ranker_rev0027,land_band_business,60,60,31,16,7,5,1,32,10,6,3,9,0,1,0,public_counter_guard,jace_pressure_threat_response,counter60_vs_threat60,0,1.0,target_win,library_out,1,opponent,True,False
rev0067,guard_counter_wall60,pub_threat60_pressure,sixty_counterwall_jace,sixty_overlord_scaled_from40,counter_guard,threat_pressure,mulligan_outcome_ranker_rev0027,land_band_business,20,0,6767113,6767113,7767116,0,1.0,0.0,1.0,0.0,False,False,player_1_attempted_to_draw_from_empty_library,153,0,13,draw_half_reporting_terminal_only_training,public_decision_frame,1.0,0.0,g00113_C_pressure_counter60_vs_threat60_life20_seat0_sp0_r1,900,True,terminal,C_pressure_counter60_vs_threat60,60-vs-60 normalized response cell.,Jace-pressure response from rev0066.,guard_counter_wall60,pub_threat60_pressure,sixty_counterwall_jace,sixty_overlord_scaled_from40,counter_guard,threat_pressure,mulligan_outcome_ranker_rev0027,land_band_business,60,60,31,16,7,5,1,32,10,6,3,9,0,1,1,public_counter_guard,jace_pressure_threat_response,counter60_vs_threat60,0,1.0,target_win,library_out,1,opponent,True,False
rev0067,guard_counter_wall60,pub_threat60_pressure,sixty_counterwall_jace,sixty_overlord_scaled_from40,counter_guard,threat_pressure,mulligan_outcome_ranker_rev0027,land_band_business,20,1,6767114,6767114,7767117,0,1.0,0.0,1.0,0.0,False,False,player_1_life_total_zero_or_less,211,0,20,draw_half_reporting_terminal_only_training,public_decision_frame,1.0,0.0,g00114_C_pressure_counter60_vs_threat60_life20_seat0_sp1_r0,900,True,terminal,C_pressure_counter60_vs_threat60,60-vs-60 normalized response cell.,Jace-pressure response from rev0066.,guard_counter_wall60,pub_threat60_pressure,sixty_counterwall_jace,sixty_overlord_scaled_from40,counter_guard,threat_pressure,mulligan_outcome_ranker_rev0027,land_band_business,60,60,31,16,7,5,1,32,10,6,3,9,0,1,0,public_counter_guard,jace_pressure_threat_response,counter60_vs_threat60,0,1.0,target_win,life_total,1,opponent,False,True
rev0067,guard_counter_wall60,pub_threat60_pressure,sixty_counterwall_jace,sixty_overlord_scaled_from40,counter_guard,threat_pressure,mulligan_outcome_ranker_rev0027,land_band_business,20,1,6767115,6767115,7767118,1,0.0,1.0,0.0,1.0,False,False,player_0_life_total_zero_or_less,121,0,10,draw_half_reporting_terminal_only_training,public_decision_frame,0.0,1.0,g00115_C_pressure_counter60_vs_threat60_life20_seat0_sp1_r1,900,True,terminal,C_pressure_counter60_vs_threat60,60-vs-60 normalized response cell.,Jace-pressure response from rev0066.,guard_counter_wall60,pub_threat60_pressure,sixty_counterwall_jace,sixty_overlord_scaled_from40,counter_guard,threat_pressure,mulligan_outcome_ranker_rev0027,land_band_business,60,60,31,16,7,5,1,32,10,6,3,9,0,1,1,public_counter_guard,jace_pressure_threat_response,counter60_vs_threat60,0,0.0,target_loss,life_total,0,target,False,False
rev0067,pub_threat60_pressure,guard_counter_wall60,sixty_overlord_scaled_from40,sixty_counterwall_jace,threat_pressure,counter_guard,land_band_business,mulligan_outcome_ranker_rev0027,20,0,6767116,6767116,7767119,1,0.0,1.0,0.0,1.0,False,False,player_0_attempted_to_draw_from_empty_library,173,0,19,draw_half_reporting_terminal_only_training,public_decision_frame,0.0,1.0,g00116_C_pressure_counter60_vs_threat60_life20_seat1_sp0_r0,900,True,terminal,C_pressure_counter60_vs_threat60,60-vs-60 normalized response cell.,Jace-pressure response from rev0066.,guard_counter_wall60,pub_threat60_pressure,sixty_counterwall_jace,sixty_overlord_scaled_from40,counter_guard,threat_pressure,mulligan_outcome_ranker_rev0027,land_band_business,60,60,31,16,7,5,1,32,10,6,3,9,1,0,0,public_counter_guard,jace_pressure_threat_response,counter60_vs_threat60,1,1.0,target_win,library_out,0,opponent,True,False
rev0067,pub_threat60_pressure,guard_counter_wall60,sixty_overlord_scaled_from40,sixty_counterwall_jace,threat_pressure,counter_guard,land_band_business,mulligan_outcome_ranker_rev0027,20,0,6767117,6767117,7767120,1,0.0,1.0,0.0,1.0,False,False,player_0_attempted_to_draw_from_empty_library,264,0,28,draw_half_reporting_terminal_only_training,public_decision_frame,0.0,1.0,g00117_C_pressure_counter60_vs_threat60_life20_seat1_sp0_r1,900,True,terminal,C_pressure_counter60_vs_threat60,60-vs-60 normalized response cell.,Jace-pressure response from rev0066.,guard_counter_wall60,pub_threat60_pressure,sixty_counterwall_jace,sixty_overlord_scaled_from40,counter_guard,threat_pressure,mulligan_outcome_ranker_rev0027,land_band_business,60,60,31,16,7,5,1,32,10,6,3,9,1,0,1,public_counter_guard,jace_pressure_threat_response,counter60_vs_threat60,1,1.0,target_win,library_out,0,opponent,True,False
rev0067,pub_threat60_pressure,guard_counter_wall60,sixty_overlord_scaled_from40,sixty_counterwall_jace,threat_pressure,counter_guard,land_band_business,mulligan_outcome_ranker_rev0027,20,1,6767118,6767118,7767121,0,1.0,0.0,1.0,0.0,False,False,player_1_life_total_zero_or_less,182,0,16,draw_half_reporting_terminal_only_training,public_decision_frame,1.0,0.0,g00118_C_pressure_counter60_vs_threat60_life20_seat1_sp1_r0,900,True,terminal,C_pressure_counter60_vs_threat60,60-vs-60 normalized response cell.,Jace-pressure response from rev0066.,guard_counter_wall60,pub_threat60_pressure,sixty_counterwall_jace,sixty_overlord_scaled_from40,counter_guard,threat_pressure,mulligan_outcome_ranker_rev0027,land_band_business,60,60,31,16,7,5,1,32,10,6,3,9,1,0,0,public_counter_guard,jace_pressure_threat_response,counter60_vs_threat60,1,0.0,target_loss,life_total,1,target,False,False
rev0067,pub_threat60_pressure,guard_counter_wall60,sixty_overlord_scaled_from40,sixty_counterwall_jace,threat_pressure,counter_guard,land_band_business,mulligan_outcome_ranker_rev0027,20,1,6767119,6767119,7767122,1,0.0,1.0,0.0,1.0,False,False,player_0_attempted_to_draw_from_empty_library,128,0,14,draw_half_reporting_terminal_only_training,public_decision_frame,0.0,1.0,g00119_C_pressure_counter60_vs_threat60_life20_seat1_sp1_r1,900,True,terminal,C_pressure_counter60_vs_threat60,60-vs-60 normalized response cell.,Jace-pressure response from rev0066.,guard_counter_wall60,pub_threat60_pressure,sixty_counterwall_jace,sixty_overlord_scaled_from40,counter_guard,threat_pressure,mulligan_outcome_ranker_rev0027,land_band_business,60,60,31,16,7,5,1,32,10,6,3,9,1,0,1,public_counter_guard,jace_pressure_threat_response,counter60_vs_threat60,1,1.0,target_win,library_out,0,opponent,True,False
rev0067,guard_counter_wall60,pub_threat60_pressure,sixty_counterwall_jace,sixty_overlord_scaled_from40,counter_guard,threat_pressure,mulligan_outcome_ranker_rev0027,land_band_business,40,0,6767120,6767120,7767123,1,0.0,1.0,0.0,1.0,False,False,player_0_attempted_to_draw_from_empty_library,384,0,40,draw_half_reporting_terminal_only_training,public_decision_frame,0.0,1.0,g00120_C_pressure_counter60_vs_threat60_life40_seat0_sp0_r0,900,True,terminal,C_pressure_counter60_vs_threat60,60-vs-60 normalized response cell.,Jace-pressure response from rev0066.,guard_counter_wall60,pub_threat60_pressure,sixty_counterwall_jace,sixty_overlord_scaled_from40,counter_guard,threat_pressure,mulligan_outcome_ranker_rev0027,land_band_business,60,60,31,16,7,5,1,32,10,6,3,9,0,1,0,public_counter_guard,jace_pressure_threat_response,counter60_vs_threat60,0,0.0,target_loss,library_out,0,target,False,False
rev0067,guard_counter_wall60,pub_threat60_pressure,sixty_counterwall_jace,sixty_overlord_scaled_from40,counter_guard,threat_pressure,mulligan_outcome_ranker_rev0027,land_band_business,40,0,6767121,6767121,7767124,0,1.0,0.0,1.0,0.0,False,False,player_1_life_total_zero_or_less,212,0,15,draw_half_reporting_terminal_only_training,public_decision_frame,1.0,0.0,g00121_C_pressure_counter60_vs_threat60_life40_seat0_sp0_r1,900,True,terminal,C_pressure_counter60_vs_threat60,60-vs-60 normalized response cell.,Jace-pressure response from rev0066.,guard_counter_wall60,pub_threat60_pressure,sixty_counterwall_jace,sixty_overlord_scaled_from40,counter_guard,threat_pressure,mulligan_outcome_ranker_rev0027,land_band_business,60,60,31,16,7,5,1,32,10,6,3,9,0,1,1,public_counter_guard,jace_pressure_threat_response,counter60_vs_threat60,0,1.0,target_win,life_total,1,opponent,False,True
rev0067,guard_counter_wall60,pub_threat60_pressure,sixty_counterwall_jace,sixty_overlord_scaled_from40,counter_guard,threat_pressure,mulligan_outcome_ranker_rev0027,land_band_business,40,1,6767122,6767122,7767125,1,0.0,1.0,0.0,1.0,False,False,player_0_life_total_zero_or_less,199,0,18,draw_half_reporting_terminal_only_training,public_decision_frame,0.0,1.0,g00122_C_pressure_counter60_vs_threat60_life40_seat0_sp1_r0,900,True,terminal,C_pressure_counter60_vs_threat60,60-vs-60 normalized response cell.,Jace-pressure response from rev0066.,guard_counter_wall60,pub_threat60_pressure,sixty_counterwall_jace,sixty_overlord_scaled_from40,counter_guard,threat_pressure,mulligan_outcome_ranker_rev0027,land_band_business,60,60,31,16,7,5,1,32,10,6,3,9,0,1,0,public_counter_guard,jace_pressure_threat_response,counter60_vs_threat60,0,0.0,target_loss,life_total,0,target,False,False
rev0067,guard_counter_wall60,pub_threat60_pressure,sixty_counterwall_jace,sixty_overlord_scaled_from40,counter_guard,threat_pressure,mulligan_outcome_ranker_rev0027,land_band_business,40,1,6767123,6767123,7767126,0,1.0,0.0,1.0,0.0,False,False,player_1_attempted_to_draw_from_empty_library,219,0,20,draw_half_reporting_terminal_only_training,public_decision_frame,1.0,0.0,g00123_C_pressure_counter60_vs_threat60_life40_seat0_sp1_r1,900,True,terminal,C_pressure_counter60_vs_threat60,60-vs-60 normalized response cell.,Jace-pressure response from rev0066.,guard_counter_wall60,pub_threat60_pressure,sixty_counterwall_jace,sixty_overlord_scaled_from40,counter_guard,threat_pressure,mulligan_outcome_ranker_rev0027,land_band_business,60,60,31,16,7,5,1,32,10,6,3,9,0,1,1,public_counter_guard,jace_pressure_threat_response,counter60_vs_threat60,0,1.0,target_win,library_out,1,opponent,True,False
rev0067,pub_threat60_pressure,guard_counter_wall60,sixty_overlord_scaled_from40,sixty_counterwall_jace,threat_pressure,counter_guard,land_band_business,mulligan_outcome_ranker_rev0027,40,0,6767124,6767124,7767127,1,0.0,1.0,0.0,1.0,False,False,player_0_attempted_to_draw_from_empty_library,136,0,15,draw_half_reporting_terminal_only_training,public_decision_frame,0.0,1.0,g00124_C_pressure_counter60_vs_threat60_life40_seat1_sp0_r0,900,True,terminal,C_pressure_counter60_vs_threat60,60-vs-60 normalized response cell.,Jace-pressure response from rev0066.,guard_counter_wall60,pub_threat60_pressure,sixty_counterwall_jace,sixty_overlord_scaled_from40,counter_guard,threat_pressure,mulligan_outcome_ranker_rev0027,land_band_business,60,60,31,16,7,5,1,32,10,6,3,9,1,0,0,public_counter_guard,jace_pressure_threat_response,counter60_vs_threat60,1,1.0,target_win,library_out,0,opponent,True,False
rev0067,pub_threat60_pressure,guard_counter_wall60,sixty_overlord_scaled_from40,sixty_counterwall_jace,threat_pressure,counter_guard,land_band_business,mulligan_outcome_ranker_rev0027,40,0,6767125,6767125,7767128,1,0.0,1.0,0.0,1.0,False,False,player_0_life_total_zero_or_less,198,0,14,draw_half_reporting_terminal_only_training,public_decision_frame,0.0,1.0,g00125_C_pressure_counter60_vs_threat60_life40_seat1_sp0_r1,900,True,terminal,C_pressure_counter60_vs_threat60,60-vs-60 normalized response cell.,Jace-pressure response from rev0066.,guard_counter_wall60,pub_threat60_pressure,sixty_counterwall_jace,sixty_overlord_scaled_from40,counter_guard,threat_pressure,mulligan_outcome_ranker_rev0027,land_band_business,60,60,31,16,7,5,1,32,10,6,3,9,1,0,1,public_counter_guard,jace_pressure_threat_response,counter60_vs_threat60,1,1.0,target_win,life_total,0,opponent,False,True
rev0067,pub_threat60_pressure,guard_counter_wall60,sixty_overlord_scaled_from40,sixty_counterwall_jace,threat_pressure,counter_guard,land_band_business,mulligan_outcome_ranker_rev0027,40,1,6767126,6767126,7767129,1,0.0,1.0,0.0,1.0,False,False,player_0_attempted_to_draw_from_empty_library,172,0,17,draw_half_reporting_terminal_only_training,public_decision_frame,0.0,1.0,g00126_C_pressure_counter60_vs_threat60_life40_seat1_sp1_r0,900,True,terminal,C_pressure_counter60_vs_threat60,60-vs-60 normalized response cell.,Jace-pressure response from rev0066.,guard_counter_wall60,pub_threat60_pressure,sixty_counterwall_jace,sixty_overlord_scaled_from40,counter_guard,threat_pressure,mulligan_outcome_ranker_rev0027,land_band_business,60,60,31,16,7,5,1,32,10,6,3,9,1,0,0,public_counter_guard,jace_pressure_threat_response,counter60_vs_threat60,1,1.0,target_win,library_out,0,opponent,True,False
rev0067,pub_threat60_pressure,guard_counter_wall60,sixty_overlord_scaled_from40,sixty_counterwall_jace,threat_pressure,counter_guard,land_band_business,mulligan_outcome_ranker_rev0027,40,1,6767127,6767127,7767130,1,0.0,1.0,0.0,1.0,False,False,player_0_attempted_to_draw_from_empty_library,162,0,16,draw_half_reporting_terminal_only_training,public_decision_frame,0.0,1.0,g00127_C_pressure_counter60_vs_threat60_life40_seat1_sp1_r1,900,True,terminal,C_pressure_counter60_vs_threat60,60-vs-60 normalized response cell.,Jace-pressure response from rev0066.,guard_counter_wall60,pub_threat60_pressure,sixty_counterwall_jace,sixty_overlord_scaled_from40,counter_guard,threat_pressure,mulligan_outcome_ranker_rev0027,land_band_business,60,60,31,16,7,5,1,32,10,6,3,9,1,0,1,public_counter_guard,jace_pressure_threat_response,counter60_vs_threat60,1,1.0,target_win,library_out,0,opponent,True,False
rev0067,guard_counter_wall60,pub_threat60_surge,sixty_counterwall_jace,sixty_overlord_scaled_from40,counter_guard,threat_surge,mulligan_outcome_ranker_rev0027,land_band_business,20,0,6767128,6767128,7767131,1,0.0,1.0,0.0,1.0,False,False,player_0_life_total_zero_or_less,155,0,14,draw_half_reporting_terminal_only_training,public_decision_frame,0.0,1.0,g00128_C_surge_counter60_vs_threat60_life20_seat0_sp0_r0,900,True,terminal,C_surge_counter60_vs_threat60,60-vs-60 normalized response cell.,Face/protection surge: spends stack interaction to protect threats and prioritizes safe player damage.,guard_counter_wall60,pub_threat60_surge,sixty_counterwall_jace,sixty_overlord_scaled_from40,counter_guard,threat_surge,mulligan_outcome_ranker_rev0027,land_band_business,60,60,31,16,7,5,1,32,10,6,3,9,0,1,0,public_counter_guard,face_protect_threat_surge,counter60_vs_threat60,0,0.0,target_loss,life_total,0,target,False,False
rev0067,guard_counter_wall60,pub_threat60_surge,sixty_counterwall_jace,sixty_overlord_scaled_from40,counter_guard,threat_surge,mulligan_outcome_ranker_rev0027,land_band_business,20,0,6767129,6767129,7767132,1,0.0,1.0,0.0,1.0,False,False,player_0_life_total_zero_or_less,119,0,10,draw_half_reporting_terminal_only_training,public_decision_frame,0.0,1.0,g00129_C_surge_counter60_vs_threat60_life20_seat0_sp0_r1,900,True,terminal,C_surge_counter60_vs_threat60,60-vs-60 normalized response cell.,Face/protection surge: spends stack interaction to protect threats and prioritizes safe player damage.,guard_counter_wall60,pub_threat60_surge,sixty_counterwall_jace,sixty_overlord_scaled_from40,counter_guard,threat_surge,mulligan_outcome_ranker_rev0027,land_band_business,60,60,31,16,7,5,1,32,10,6,3,9,0,1,1,public_counter_guard,face_protect_threat_surge,counter60_vs_threat60,0,0.0,target_loss,life_total,0,target,False,False
rev0067,guard_counter_wall60,pub_threat60_surge,sixty_counterwall_jace,sixty_overlord_scaled_from40,counter_guard,threat_surge,mulligan_outcome_ranker_rev0027,land_band_business,20,1,6767130,6767130,7767133,1,0.0,1.0,0.0,1.0,False,False,player_0_attempted_to_draw_from_empty_library,193,0,19,draw_half_reporting_terminal_only_training,public_decision_frame,0.0,1.0,g00130_C_surge_counter60_vs_threat60_life20_seat0_sp1_r0,900,True,terminal,C_surge_counter60_vs_threat60,60-vs-60 normalized response cell.,Face/protection surge: spends stack interaction to protect threats and prioritizes safe player damage.,guard_counter_wall60,pub_threat60_surge,sixty_counterwall_jace,sixty_overlord_scaled_from40,counter_guard,threat_surge,mulligan_outcome_ranker_rev0027,land_band_business,60,60,31,16,7,5,1,32,10,6,3,9,0,1,0,public_counter_guard,face_protect_threat_surge,counter60_vs_threat60,0,0.0,target_loss,library_out,0,target,False,False
rev0067,guard_counter_wall60,pub_threat60_surge,sixty_counterwall_jace,sixty_overlord_scaled_from40,counter_guard,threat_surge,mulligan_outcome_ranker_rev0027,land_band_business,20,1,6767131,6767131,7767134,1,0.0,1.0,0.0,1.0,False,False,player_0_life_total_zero_or_less,158,0,15,draw_half_reporting_terminal_only_training,public_decision_frame,0.0,1.0,g00131_C_surge_counter60_vs_threat60_life20_seat0_sp1_r1,900,True,terminal,C_surge_counter60_vs_threat60,60-vs-60 normalized response cell.,Face/protection surge: spends stack interaction to protect threats and prioritizes safe player damage.,guard_counter_wall60,pub_threat60_surge,sixty_counterwall_jace,sixty_overlord_scaled_from40,counter_guard,threat_surge,mulligan_outcome_ranker_rev0027,land_band_business,60,60,31,16,7,5,1,32,10,6,3,9,0,1,1,public_counter_guard,face_protect_threat_surge,counter60_vs_threat60,0,0.0,target_loss,life_total,0,target,False,False
rev0067,pub_threat60_surge,guard_counter_wall60,sixty_overlord_scaled_from40,sixty_counterwall_jace,threat_surge,counter_guard,land_band_business,mulligan_outcome_ranker_rev0027,20,0,6767132,6767132,7767135,1,0.0,1.0,0.0,1.0,False,False,player_0_life_total_zero_or_less,150,0,11,draw_half_reporting_terminal_only_training,public_decision_frame,0.0,1.0,g00132_C_surge_counter60_vs_threat60_life20_seat1_sp0_r0,900,True,terminal,C_surge_counter60_vs_threat60,60-vs-60 normalized response cell.,Face/protection surge: spends stack interaction to protect threats and prioritizes safe player damage.,guard_counter_wall60,pub_threat60_surge,sixty_counterwall_jace,sixty_overlord_scaled_from40,counter_guard,threat_surge,mulligan_outcome_ranker_rev0027,land_band_business,60,60,31,16,7,5,1,32,10,6,3,9,1,0,0,public_counter_guard,face_protect_threat_surge,counter60_vs_threat60,1,1.0,target_win,life_total,0,opponent,False,True
rev0067,pub_threat60_surge,guard_counter_wall60,sixty_overlord_scaled_from40,sixty_counterwall_jace,threat_surge,counter_guard,land_band_business,mulligan_outcome_ranker_rev0027,20,0,6767133,6767133,7767136,0,1.0,0.0,1.0,0.0,False,False,player_1_attempted_to_draw_from_empty_library,187,0,16,draw_half_reporting_terminal_only_training,public_decision_frame,1.0,0.0,g00133_C_surge_counter60_vs_threat60_life20_seat1_sp0_r1,900,True,terminal,C_surge_counter60_vs_threat60,60-vs-60 normalized response cell.,Face/protection surge: spends stack interaction to protect threats and prioritizes safe player damage.,guard_counter_wall60,pub_threat60_surge,sixty_counterwall_jace,sixty_overlord_scaled_from40,counter_guard,threat_surge,mulligan_outcome_ranker_rev0027,land_band_business,60,60,31,16,7,5,1,32,10,6,3,9,1,0,1,public_counter_guard,face_protect_threat_surge,counter60_vs_threat60,1,0.0,target_loss,library_out,1,target,False,False
rev0067,pub_threat60_surge,guard_counter_wall60,sixty_overlord_scaled_from40,sixty_counterwall_jace,threat_surge,counter_guard,land_band_business,mulligan_outcome_ranker_rev0027,20,1,6767134,6767134,7767137,0,1.0,0.0,1.0,0.0,False,False,player_1_attempted_to_draw_from_empty_library,244,0,21,draw_half_reporting_terminal_only_training,public_decision_frame,1.0,0.0,g00134_C_surge_counter60_vs_threat60_life20_seat1_sp1_r0,900,True,terminal,C_surge_counter60_vs_threat60,60-vs-60 normalized response cell.,Face/protection surge: spends stack interaction to protect threats and prioritizes safe player damage.,guard_counter_wall60,pub_threat60_surge,sixty_counterwall_jace,sixty_overlord_scaled_from40,counter_guard,threat_surge,mulligan_outcome_ranker_rev0027,land_band_business,60,60,31,16,7,5,1,32,10,6,3,9,1,0,0,public_counter_guard,face_protect_threat_surge,counter60_vs_threat60,1,0.0,target_loss,library_out,1,target,False,False
rev0067,pub_threat60_surge,guard_counter_wall60,sixty_overlord_scaled_from40,sixty_counterwall_jace,threat_surge,counter_guard,land_band_business,mulligan_outcome_ranker_rev0027,20,1,6767135,6767135,7767138,0,1.0,0.0,1.0,0.0,False,False,player_1_life_total_zero_or_less,111,0,10,draw_half_reporting_terminal_only_training,public_decision_frame,1.0,0.0,g00135_C_surge_counter60_vs_threat60_life20_seat1_sp1_r1,900,True,terminal,C_surge_counter60_vs_threat60,60-vs-60 normalized response cell.,Face/protection surge: spends stack interaction to protect threats and prioritizes safe player damage.,guard_counter_wall60,pub_threat60_surge,sixty_counterwall_jace,sixty_overlord_scaled_from40,counter_guard,threat_surge,mulligan_outcome_ranker_rev0027,land_band_business,60,60,31,16,7,5,1,32,10,6,3,9,1,0,1,public_counter_guard,face_protect_threat_surge,counter60_vs_threat60,1,0.0,target_loss,life_total,1,target,False,False
rev0067,guard_counter_wall60,pub_threat60_surge,sixty_counterwall_jace,sixty_overlord_scaled_from40,counter_guard,threat_surge,mulligan_outcome_ranker_rev0027,land_band_business,40,0,6767136,6767136,7767139,1,0.0,1.0,0.0,1.0,False,False,player_0_attempted_to_draw_from_empty_library,121,0,11,draw_half_reporting_terminal_only_training,public_decision_frame,0.0,1.0,g00136_C_surge_counter60_vs_threat60_life40_seat0_sp0_r0,900,True,terminal,C_surge_counter60_vs_threat60,60-vs-60 normalized response cell.,Face/protection surge: spends stack interaction to protect threats and prioritizes safe player damage.,guard_counter_wall60,pub_threat60_surge,sixty_counterwall_jace,sixty_overlord_scaled_from40,counter_guard,threat_surge,mulligan_outcome_ranker_rev0027,land_band_business,60,60,31,16,7,5,1,32,10,6,3,9,0,1,0,public_counter_guard,face_protect_threat_surge,counter60_vs_threat60,0,0.0,target_loss,library_out,0,target,False,False
rev0067,guard_counter_wall60,pub_threat60_surge,sixty_counterwall_jace,sixty_overlord_scaled_from40,counter_guard,threat_surge,mulligan_outcome_ranker_rev0027,land_band_business,40,0,6767137,6767137,7767140,0,1.0,0.0,1.0,0.0,False,False,player_1_attempted_to_draw_from_empty_library,131,0,13,draw_half_reporting_terminal_only_training,public_decision_frame,1.0,0.0,g00137_C_surge_counter60_vs_threat60_life40_seat0_sp0_r1,900,True,terminal,C_surge_counter60_vs_threat60,60-vs-60 normalized response cell.,Face/protection surge: spends stack interaction to protect threats and prioritizes safe player damage.,guard_counter_wall60,pub_threat60_surge,sixty_counterwall_jace,sixty_overlord_scaled_from40,counter_guard,threat_surge,mulligan_outcome_ranker_rev0027,land_band_business,60,60,31,16,7,5,1,32,10,6,3,9,0,1,1,public_counter_guard,face_protect_threat_surge,counter60_vs_threat60,0,1.0,target_win,library_out,1,opponent,True,False
rev0067,guard_counter_wall60,pub_threat60_surge,sixty_counterwall_jace,sixty_overlord_scaled_from40,counter_guard,threat_surge,mulligan_outcome_ranker_rev0027,land_band_business,40,1,6767138,6767138,7767141,0,1.0,0.0,1.0,0.0,False,False,player_1_attempted_to_draw_from_empty_library,177,0,18,draw_half_reporting_terminal_only_training,public_decision_frame,1.0,0.0,g00138_C_surge_counter60_vs_threat60_life40_seat0_sp1_r0,900,True,terminal,C_surge_counter60_vs_threat60,60-vs-60 normalized response cell.,Face/protection surge: spends stack interaction to protect threats and prioritizes safe player damage.,guard_counter_wall60,pub_threat60_surge,sixty_counterwall_jace,sixty_overlord_scaled_from40,counter_guard,threat_surge,mulligan_outcome_ranker_rev0027,land_band_business,60,60,31,16,7,5,1,32,10,6,3,9,0,1,0,public_counter_guard,face_protect_threat_surge,counter60_vs_threat60,0,1.0,target_win,library_out,1,opponent,True,False
rev0067,guard_counter_wall60,pub_threat60_surge,sixty_counterwall_jace,sixty_overlord_scaled_from40,counter_guard,threat_surge,mulligan_outcome_ranker_rev0027,land_band_business,40,1,6767139,6767139,7767142,1,0.0,1.0,0.0,1.0,False,False,player_0_attempted_to_draw_from_empty_library,269,0,20,draw_half_reporting_terminal_only_training,public_decision_frame,0.0,1.0,g00139_C_surge_counter60_vs_threat60_life40_seat0_sp1_r1,900,True,terminal,C_surge_counter60_vs_threat60,60-vs-60 normalized response cell.,Face/protection surge: spends stack interaction to protect threats and prioritizes safe player damage.,guard_counter_wall60,pub_threat60_surge,sixty_counterwall_jace,sixty_overlord_scaled_from40,counter_guard,threat_surge,mulligan_outcome_ranker_rev0027,land_band_business,60,60,31,16,7,5,1,32,10,6,3,9,0,1,1,public_counter_guard,face_protect_threat_surge,counter60_vs_threat60,0,0.0,target_loss,library_out,0,target,False,False
rev0067,pub_threat60_surge,guard_counter_wall60,sixty_overlord_scaled_from40,sixty_counterwall_jace,threat_surge,counter_guard,land_band_business,mulligan_outcome_ranker_rev0027,40,0,6767140,6767140,7767143,0,1.0,0.0,1.0,0.0,False,False,player_1_life_total_zero_or_less,246,0,22,draw_half_reporting_terminal_only_training,public_decision_frame,1.0,0.0,g00140_C_surge_counter60_vs_threat60_life40_seat1_sp0_r0,900,True,terminal,C_surge_counter60_vs_threat60,60-vs-60 normalized response cell.,Face/protection surge: spends stack interaction to protect threats and prioritizes safe player damage.,guard_counter_wall60,pub_threat60_surge,sixty_counterwall_jace,sixty_overlord_scaled_from40,counter_guard,threat_surge,mulligan_outcome_ranker_rev0027,land_band_business,60,60,31,16,7,5,1,32,10,6,3,9,1,0,0,public_counter_guard,face_protect_threat_surge,counter60_vs_threat60,1,0.0,target_loss,life_total,1,target,False,False
rev0067,pub_threat60_surge,guard_counter_wall60,sixty_overlord_scaled_from40,sixty_counterwall_jace,threat_surge,counter_guard,land_band_business,mulligan_outcome_ranker_rev0027,40,0,6767141,6767141,7767144,0,1.0,0.0,1.0,0.0,False,False,player_1_life_total_zero_or_less,259,0,25,draw_half_reporting_terminal_only_training,public_decision_frame,1.0,0.0,g00141_C_surge_counter60_vs_threat60_life40_seat1_sp0_r1,900,True,terminal,C_surge_counter60_vs_threat60,60-vs-60 normalized response cell.,Face/protection surge: spends stack interaction to protect threats and prioritizes safe player damage.,guard_counter_wall60,pub_threat60_surge,sixty_counterwall_jace,sixty_overlord_scaled_from40,counter_guard,threat_surge,mulligan_outcome_ranker_rev0027,land_band_business,60,60,31,16,7,5,1,32,10,6,3,9,1,0,1,public_counter_guard,face_protect_threat_surge,counter60_vs_threat60,1,0.0,target_loss,life_total,1,target,False,False
rev0067,pub_threat60_surge,guard_counter_wall60,sixty_overlord_scaled_from40,sixty_counterwall_jace,threat_surge,counter_guard,land_band_business,mulligan_outcome_ranker_rev0027,40,1,6767142,6767142,7767145,1,0.0,1.0,0.0,1.0,False,False,player_0_attempted_to_draw_from_empty_library,279,0,21,draw_half_reporting_terminal_only_training,public_decision_frame,0.0,1.0,g00142_C_surge_counter60_vs_threat60_life40_seat1_sp1_r0,900,True,terminal,C_surge_counter60_vs_threat60,60-vs-60 normalized response cell.,Face/protection surge: spends stack interaction to protect threats and prioritizes safe player damage.,guard_counter_wall60,pub_threat60_surge,sixty_counterwall_jace,sixty_overlord_scaled_from40,counter_guard,threat_surge,mulligan_outcome_ranker_rev0027,land_band_business,60,60,31,16,7,5,1,32,10,6,3,9,1,0,0,public_counter_guard,face_protect_threat_surge,counter60_vs_threat60,1,1.0,target_win,library_out,0,opponent,True,False
rev0067,pub_threat60_surge,guard_counter_wall60,sixty_overlord_scaled_from40,sixty_counterwall_jace,threat_surge,counter_guard,land_band_business,mulligan_outcome_ranker_rev0027,40,1,6767143,6767143,7767146,0,1.0,0.0,1.0,0.0,False,False,player_1_attempted_to_draw_from_empty_library,138,0,15,draw_half_reporting_terminal_only_training,public_decision_frame,1.0,0.0,g00143_C_surge_counter60_vs_threat60_life40_seat1_sp1_r1,900,True,terminal,C_surge_counter60_vs_threat60,60-vs-60 normalized response cell.,Face/protection surge: spends stack interaction to protect threats and prioritizes safe player damage.,guard_counter_wall60,pub_threat60_surge,sixty_counterwall_jace,sixty_overlord_scaled_from40,counter_guard,threat_surge,mulligan_outcome_ranker_rev0027,land_band_business,60,60,31,16,7,5,1,32,10,6,3,9,1,0,1,public_counter_guard,face_protect_threat_surge,counter60_vs_threat60,1,0.0,target_loss,library_out,1,target,False,False
