pair_id,branch,strategy0,strategy1,deck0,deck1,agent0,agent1,fallback_mulligan0,mulligan1,starting_life,starting_player,seed,transition_seed,agent_seed,winner,p0_score,p1_score,p0_terminal_win,p1_terminal_win,is_nonterminal_draw,is_truncation,loss_reason,decisions,turn_number,branch_mulligans_taken,branch_kept_hand_size,opponent_mulligans_taken,p0_terminal_only_score,p1_terminal_only_score,kept_hand_Island,kept_hand_Counterspell,kept_hand_ForceOfWill,kept_hand_JaceTheMindSculptor,kept_hand_OverlordOfTheFloodpits,base_pair_id,rollout_rep,initial_hand_quality,initial_hand_Island,initial_hand_Counterspell,initial_hand_ForceOfWill,initial_hand_JaceTheMindSculptor,initial_hand_OverlordOfTheFloodpits
fjace_vs_wall_life20_sp0_s000_rep00,keep,forty_force_jace_pressure:code_jace_lock_rev0013:mulligan_outcome_ranker_rev0027,sixty_counterwall_jace:counter_happy:land_band_business,forty_force_jace_pressure,sixty_counterwall_jace,code_jace_lock_rev0013,counter_happy,mulligan_outcome_ranker_rev0027,land_band_business,20,0,104000,104000,1104003,1,0.0,1.0,0.0,1.0,False,False,player_0_attempted_to_draw_from_empty_library,134,14,0,7,0,0.0,1.0,2,2,1,1,1,fjace_vs_wall_life20_sp0_s000,0,9.569999999999999,2,2,1,1,1
fjace_vs_wall_life20_sp0_s000_rep00,mulligan,forty_force_jace_pressure:code_jace_lock_rev0013:mulligan_outcome_ranker_rev0027,sixty_counterwall_jace:counter_happy:land_band_business,forty_force_jace_pressure,sixty_counterwall_jace,code_jace_lock_rev0013,counter_happy,mulligan_outcome_ranker_rev0027,land_band_business,20,0,104000,104000,1104003,0,1.0,0.0,1.0,0.0,False,False,player_1_attempted_to_draw_from_empty_library,359,27,1,6,0,1.0,0.0,3,2,1,0,0,fjace_vs_wall_life20_sp0_s000,0,9.569999999999999,2,2,1,1,1
fjace_vs_wall_life20_sp0_s000_rep01,keep,forty_force_jace_pressure:code_jace_lock_rev0013:mulligan_outcome_ranker_rev0027,sixty_counterwall_jace:counter_happy:land_band_business,forty_force_jace_pressure,sixty_counterwall_jace,code_jace_lock_rev0013,counter_happy,mulligan_outcome_ranker_rev0027,land_band_business,20,0,113151,113151,1113154,1,0.0,1.0,0.0,1.0,False,False,player_0_attempted_to_draw_from_empty_library,128,13,0,7,0,0.0,1.0,2,2,1,1,1,fjace_vs_wall_life20_sp0_s000,1,9.569999999999999,2,2,1,1,1
fjace_vs_wall_life20_sp0_s000_rep01,mulligan,forty_force_jace_pressure:code_jace_lock_rev0013:mulligan_outcome_ranker_rev0027,sixty_counterwall_jace:counter_happy:land_band_business,forty_force_jace_pressure,sixty_counterwall_jace,code_jace_lock_rev0013,counter_happy,mulligan_outcome_ranker_rev0027,land_band_business,20,0,113151,113151,1113154,0,1.0,0.0,1.0,0.0,False,False,player_1_attempted_to_draw_from_empty_library,359,27,1,6,0,1.0,0.0,3,2,1,0,0,fjace_vs_wall_life20_sp0_s000,1,9.569999999999999,2,2,1,1,1
fjace_vs_wall_life20_sp0_s000_rep02,keep,forty_force_jace_pressure:code_jace_lock_rev0013:mulligan_outcome_ranker_rev0027,sixty_counterwall_jace:counter_happy:land_band_business,forty_force_jace_pressure,sixty_counterwall_jace,code_jace_lock_rev0013,counter_happy,mulligan_outcome_ranker_rev0027,land_band_business,20,0,122302,122302,1122305,1,0.0,1.0,0.0,1.0,False,False,player_0_attempted_to_draw_from_empty_library,126,13,0,7,0,0.0,1.0,2,2,1,1,1,fjace_vs_wall_life20_sp0_s000,2,9.569999999999999,2,2,1,1,1
fjace_vs_wall_life20_sp0_s000_rep02,mulligan,forty_force_jace_pressure:code_jace_lock_rev0013:mulligan_outcome_ranker_rev0027,sixty_counterwall_jace:counter_happy:land_band_business,forty_force_jace_pressure,sixty_counterwall_jace,code_jace_lock_rev0013,counter_happy,mulligan_outcome_ranker_rev0027,land_band_business,20,0,122302,122302,1122305,0,1.0,0.0,1.0,0.0,False,False,player_1_attempted_to_draw_from_empty_library,372,27,1,6,0,1.0,0.0,3,2,1,0,0,fjace_vs_wall_life20_sp0_s000,2,9.569999999999999,2,2,1,1,1
fjace_vs_wall_life20_sp1_s000_rep00,keep,forty_force_jace_pressure:code_jace_lock_rev0013:mulligan_outcome_ranker_rev0027,sixty_counterwall_jace:counter_happy:land_band_business,forty_force_jace_pressure,sixty_counterwall_jace,code_jace_lock_rev0013,counter_happy,mulligan_outcome_ranker_rev0027,land_band_business,20,1,104001,104001,1104004,1,0.0,1.0,0.0,1.0,False,False,player_0_attempted_to_draw_from_empty_library,351,27,0,7,0,0.0,1.0,3,1,2,1,0,fjace_vs_wall_life20_sp1_s000,0,9.19,3,1,2,1,0
fjace_vs_wall_life20_sp1_s000_rep00,mulligan,forty_force_jace_pressure:code_jace_lock_rev0013:mulligan_outcome_ranker_rev0027,sixty_counterwall_jace:counter_happy:land_band_business,forty_force_jace_pressure,sixty_counterwall_jace,code_jace_lock_rev0013,counter_happy,mulligan_outcome_ranker_rev0027,land_band_business,20,1,104001,104001,1104004,0,1.0,0.0,1.0,0.0,False,False,player_1_attempted_to_draw_from_empty_library,137,11,1,6,0,1.0,0.0,2,3,1,0,0,fjace_vs_wall_life20_sp1_s000,0,9.19,3,1,2,1,0
fjace_vs_wall_life20_sp1_s000_rep01,keep,forty_force_jace_pressure:code_jace_lock_rev0013:mulligan_outcome_ranker_rev0027,sixty_counterwall_jace:counter_happy:land_band_business,forty_force_jace_pressure,sixty_counterwall_jace,code_jace_lock_rev0013,counter_happy,mulligan_outcome_ranker_rev0027,land_band_business,20,1,113152,113152,1113155,1,0.0,1.0,0.0,1.0,False,False,player_0_attempted_to_draw_from_empty_library,351,27,0,7,0,0.0,1.0,3,1,2,1,0,fjace_vs_wall_life20_sp1_s000,1,9.19,3,1,2,1,0
fjace_vs_wall_life20_sp1_s000_rep01,mulligan,forty_force_jace_pressure:code_jace_lock_rev0013:mulligan_outcome_ranker_rev0027,sixty_counterwall_jace:counter_happy:land_band_business,forty_force_jace_pressure,sixty_counterwall_jace,code_jace_lock_rev0013,counter_happy,mulligan_outcome_ranker_rev0027,land_band_business,20,1,113152,113152,1113155,1,0.0,1.0,0.0,1.0,False,False,player_0_attempted_to_draw_from_empty_library,165,14,1,6,0,0.0,1.0,2,3,1,0,0,fjace_vs_wall_life20_sp1_s000,1,9.19,3,1,2,1,0
fjace_vs_wall_life20_sp1_s000_rep02,keep,forty_force_jace_pressure:code_jace_lock_rev0013:mulligan_outcome_ranker_rev0027,sixty_counterwall_jace:counter_happy:land_band_business,forty_force_jace_pressure,sixty_counterwall_jace,code_jace_lock_rev0013,counter_happy,mulligan_outcome_ranker_rev0027,land_band_business,20,1,122303,122303,1122306,1,0.0,1.0,0.0,1.0,False,False,player_0_attempted_to_draw_from_empty_library,351,27,0,7,0,0.0,1.0,3,1,2,1,0,fjace_vs_wall_life20_sp1_s000,2,9.19,3,1,2,1,0
fjace_vs_wall_life20_sp1_s000_rep02,mulligan,forty_force_jace_pressure:code_jace_lock_rev0013:mulligan_outcome_ranker_rev0027,sixty_counterwall_jace:counter_happy:land_band_business,forty_force_jace_pressure,sixty_counterwall_jace,code_jace_lock_rev0013,counter_happy,mulligan_outcome_ranker_rev0027,land_band_business,20,1,122303,122303,1122306,0,1.0,0.0,1.0,0.0,False,False,player_1_attempted_to_draw_from_empty_library,140,11,1,6,0,1.0,0.0,2,3,1,0,0,fjace_vs_wall_life20_sp1_s000,2,9.19,3,1,2,1,0
fjace_vs_wall_life20_sp0_s001_rep00,keep,forty_force_jace_pressure:code_jace_lock_rev0013:mulligan_outcome_ranker_rev0027,sixty_counterwall_jace:counter_happy:land_band_business,forty_force_jace_pressure,sixty_counterwall_jace,code_jace_lock_rev0013,counter_happy,mulligan_outcome_ranker_rev0027,land_band_business,20,0,104002,104002,1104005,0,1.0,0.0,1.0,0.0,False,False,player_1_attempted_to_draw_from_empty_library,306,30,0,7,0,1.0,0.0,4,0,2,1,0,fjace_vs_wall_life20_sp0_s001,0,8.04,4,0,2,1,0
fjace_vs_wall_life20_sp0_s001_rep00,mulligan,forty_force_jace_pressure:code_jace_lock_rev0013:mulligan_outcome_ranker_rev0027,sixty_counterwall_jace:counter_happy:land_band_business,forty_force_jace_pressure,sixty_counterwall_jace,code_jace_lock_rev0013,counter_happy,mulligan_outcome_ranker_rev0027,land_band_business,20,0,104002,104002,1104005,0,1.0,0.0,1.0,0.0,False,False,player_1_life_total_zero_or_less,145,14,1,6,0,1.0,0.0,2,1,1,2,0,fjace_vs_wall_life20_sp0_s001,0,8.04,4,0,2,1,0
fjace_vs_wall_life20_sp0_s001_rep01,keep,forty_force_jace_pressure:code_jace_lock_rev0013:mulligan_outcome_ranker_rev0027,sixty_counterwall_jace:counter_happy:land_band_business,forty_force_jace_pressure,sixty_counterwall_jace,code_jace_lock_rev0013,counter_happy,mulligan_outcome_ranker_rev0027,land_band_business,20,0,113153,113153,1113156,1,0.0,1.0,0.0,1.0,False,False,player_0_attempted_to_draw_from_empty_library,307,28,0,7,0,0.0,1.0,4,0,2,1,0,fjace_vs_wall_life20_sp0_s001,1,8.04,4,0,2,1,0
fjace_vs_wall_life20_sp0_s001_rep01,mulligan,forty_force_jace_pressure:code_jace_lock_rev0013:mulligan_outcome_ranker_rev0027,sixty_counterwall_jace:counter_happy:land_band_business,forty_force_jace_pressure,sixty_counterwall_jace,code_jace_lock_rev0013,counter_happy,mulligan_outcome_ranker_rev0027,land_band_business,20,0,113153,113153,1113156,0,1.0,0.0,1.0,0.0,False,False,player_1_life_total_zero_or_less,145,14,1,6,0,1.0,0.0,2,1,1,2,0,fjace_vs_wall_life20_sp0_s001,1,8.04,4,0,2,1,0
fjace_vs_wall_life20_sp0_s001_rep02,keep,forty_force_jace_pressure:code_jace_lock_rev0013:mulligan_outcome_ranker_rev0027,sixty_counterwall_jace:counter_happy:land_band_business,forty_force_jace_pressure,sixty_counterwall_jace,code_jace_lock_rev0013,counter_happy,mulligan_outcome_ranker_rev0027,land_band_business,20,0,122304,122304,1122307,1,0.0,1.0,0.0,1.0,False,False,player_0_attempted_to_draw_from_empty_library,336,30,0,7,0,0.0,1.0,4,0,2,1,0,fjace_vs_wall_life20_sp0_s001,2,8.04,4,0,2,1,0
fjace_vs_wall_life20_sp0_s001_rep02,mulligan,forty_force_jace_pressure:code_jace_lock_rev0013:mulligan_outcome_ranker_rev0027,sixty_counterwall_jace:counter_happy:land_band_business,forty_force_jace_pressure,sixty_counterwall_jace,code_jace_lock_rev0013,counter_happy,mulligan_outcome_ranker_rev0027,land_band_business,20,0,122304,122304,1122307,0,1.0,0.0,1.0,0.0,False,False,player_1_life_total_zero_or_less,145,14,1,6,0,1.0,0.0,2,1,1,2,0,fjace_vs_wall_life20_sp0_s001,2,8.04,4,0,2,1,0
fjace_vs_wall_life20_sp1_s001_rep00,keep,forty_force_jace_pressure:code_jace_lock_rev0013:mulligan_outcome_ranker_rev0027,sixty_counterwall_jace:counter_happy:land_band_business,forty_force_jace_pressure,sixty_counterwall_jace,code_jace_lock_rev0013,counter_happy,mulligan_outcome_ranker_rev0027,land_band_business,20,1,104003,104003,1104006,0,1.0,0.0,1.0,0.0,False,False,player_1_attempted_to_draw_from_empty_library,205,18,0,7,1,1.0,0.0,3,2,1,1,0,fjace_vs_wall_life20_sp1_s001,0,9.57,3,2,1,1,0
fjace_vs_wall_life20_sp1_s001_rep00,mulligan,forty_force_jace_pressure:code_jace_lock_rev0013:mulligan_outcome_ranker_rev0027,sixty_counterwall_jace:counter_happy:land_band_business,forty_force_jace_pressure,sixty_counterwall_jace,code_jace_lock_rev0013,counter_happy,mulligan_outcome_ranker_rev0027,land_band_business,20,1,104003,104003,1104006,1,0.0,1.0,0.0,1.0,False,False,player_0_attempted_to_draw_from_empty_library,232,24,1,6,1,0.0,1.0,3,0,1,0,2,fjace_vs_wall_life20_sp1_s001,0,9.57,3,2,1,1,0
fjace_vs_wall_life20_sp1_s001_rep01,keep,forty_force_jace_pressure:code_jace_lock_rev0013:mulligan_outcome_ranker_rev0027,sixty_counterwall_jace:counter_happy:land_band_business,forty_force_jace_pressure,sixty_counterwall_jace,code_jace_lock_rev0013,counter_happy,mulligan_outcome_ranker_rev0027,land_band_business,20,1,113154,113154,1113157,0,1.0,0.0,1.0,0.0,False,False,player_1_attempted_to_draw_from_empty_library,200,18,0,7,1,1.0,0.0,3,2,1,1,0,fjace_vs_wall_life20_sp1_s001,1,9.57,3,2,1,1,0
fjace_vs_wall_life20_sp1_s001_rep01,mulligan,forty_force_jace_pressure:code_jace_lock_rev0013:mulligan_outcome_ranker_rev0027,sixty_counterwall_jace:counter_happy:land_band_business,forty_force_jace_pressure,sixty_counterwall_jace,code_jace_lock_rev0013,counter_happy,mulligan_outcome_ranker_rev0027,land_band_business,20,1,113154,113154,1113157,1,0.0,1.0,0.0,1.0,False,False,player_0_attempted_to_draw_from_empty_library,241,25,1,6,1,0.0,1.0,3,0,1,0,2,fjace_vs_wall_life20_sp1_s001,1,9.57,3,2,1,1,0
fjace_vs_wall_life20_sp1_s001_rep02,keep,forty_force_jace_pressure:code_jace_lock_rev0013:mulligan_outcome_ranker_rev0027,sixty_counterwall_jace:counter_happy:land_band_business,forty_force_jace_pressure,sixty_counterwall_jace,code_jace_lock_rev0013,counter_happy,mulligan_outcome_ranker_rev0027,land_band_business,20,1,122305,122305,1122308,1,0.0,1.0,0.0,1.0,False,False,player_0_attempted_to_draw_from_empty_library,279,25,0,7,1,0.0,1.0,3,2,1,1,0,fjace_vs_wall_life20_sp1_s001,2,9.57,3,2,1,1,0
fjace_vs_wall_life20_sp1_s001_rep02,mulligan,forty_force_jace_pressure:code_jace_lock_rev0013:mulligan_outcome_ranker_rev0027,sixty_counterwall_jace:counter_happy:land_band_business,forty_force_jace_pressure,sixty_counterwall_jace,code_jace_lock_rev0013,counter_happy,mulligan_outcome_ranker_rev0027,land_band_business,20,1,122305,122305,1122308,1,0.0,1.0,0.0,1.0,False,False,player_0_attempted_to_draw_from_empty_library,240,25,1,6,1,0.0,1.0,3,0,1,0,2,fjace_vs_wall_life20_sp1_s001,2,9.57,3,2,1,1,0
fjace_vs_wall_life20_sp0_s002_rep00,keep,forty_force_jace_pressure:code_jace_lock_rev0013:mulligan_outcome_ranker_rev0027,sixty_counterwall_jace:counter_happy:land_band_business,forty_force_jace_pressure,sixty_counterwall_jace,code_jace_lock_rev0013,counter_happy,mulligan_outcome_ranker_rev0027,land_band_business,20,0,104004,104004,1104007,0,1.0,0.0,1.0,0.0,False,False,player_1_attempted_to_draw_from_empty_library,343,28,0,7,0,1.0,0.0,4,1,0,2,0,fjace_vs_wall_life20_sp0_s002,0,7.6,4,1,0,2,0
fjace_vs_wall_life20_sp0_s002_rep00,mulligan,forty_force_jace_pressure:code_jace_lock_rev0013:mulligan_outcome_ranker_rev0027,sixty_counterwall_jace:counter_happy:land_band_business,forty_force_jace_pressure,sixty_counterwall_jace,code_jace_lock_rev0013,counter_happy,mulligan_outcome_ranker_rev0027,land_band_business,20,0,104004,104004,1104007,0,1.0,0.0,1.0,0.0,False,False,player_1_attempted_to_draw_from_empty_library,161,14,1,6,0,1.0,0.0,3,1,1,1,0,fjace_vs_wall_life20_sp0_s002,0,7.6,4,1,0,2,0
fjace_vs_wall_life20_sp0_s002_rep01,keep,forty_force_jace_pressure:code_jace_lock_rev0013:mulligan_outcome_ranker_rev0027,sixty_counterwall_jace:counter_happy:land_band_business,forty_force_jace_pressure,sixty_counterwall_jace,code_jace_lock_rev0013,counter_happy,mulligan_outcome_ranker_rev0027,land_band_business,20,0,113155,113155,1113158,0,1.0,0.0,1.0,0.0,False,False,player_1_attempted_to_draw_from_empty_library,344,28,0,7,0,1.0,0.0,4,1,0,2,0,fjace_vs_wall_life20_sp0_s002,1,7.6,4,1,0,2,0
fjace_vs_wall_life20_sp0_s002_rep01,mulligan,forty_force_jace_pressure:code_jace_lock_rev0013:mulligan_outcome_ranker_rev0027,sixty_counterwall_jace:counter_happy:land_band_business,forty_force_jace_pressure,sixty_counterwall_jace,code_jace_lock_rev0013,counter_happy,mulligan_outcome_ranker_rev0027,land_band_business,20,0,113155,113155,1113158,0,1.0,0.0,1.0,0.0,False,False,player_1_attempted_to_draw_from_empty_library,151,14,1,6,0,1.0,0.0,3,1,1,1,0,fjace_vs_wall_life20_sp0_s002,1,7.6,4,1,0,2,0
fjace_vs_wall_life20_sp0_s002_rep02,keep,forty_force_jace_pressure:code_jace_lock_rev0013:mulligan_outcome_ranker_rev0027,sixty_counterwall_jace:counter_happy:land_band_business,forty_force_jace_pressure,sixty_counterwall_jace,code_jace_lock_rev0013,counter_happy,mulligan_outcome_ranker_rev0027,land_band_business,20,0,122306,122306,1122309,0,1.0,0.0,1.0,0.0,False,False,player_1_attempted_to_draw_from_empty_library,344,28,0,7,0,1.0,0.0,4,1,0,2,0,fjace_vs_wall_life20_sp0_s002,2,7.6,4,1,0,2,0
fjace_vs_wall_life20_sp0_s002_rep02,mulligan,forty_force_jace_pressure:code_jace_lock_rev0013:mulligan_outcome_ranker_rev0027,sixty_counterwall_jace:counter_happy:land_band_business,forty_force_jace_pressure,sixty_counterwall_jace,code_jace_lock_rev0013,counter_happy,mulligan_outcome_ranker_rev0027,land_band_business,20,0,122306,122306,1122309,1,0.0,1.0,0.0,1.0,False,False,player_0_attempted_to_draw_from_empty_library,178,16,1,6,0,0.0,1.0,3,1,1,1,0,fjace_vs_wall_life20_sp0_s002,2,7.6,4,1,0,2,0
fjace_vs_wall_life20_sp1_s002_rep00,keep,forty_force_jace_pressure:code_jace_lock_rev0013:mulligan_outcome_ranker_rev0027,sixty_counterwall_jace:counter_happy:land_band_business,forty_force_jace_pressure,sixty_counterwall_jace,code_jace_lock_rev0013,counter_happy,mulligan_outcome_ranker_rev0027,land_band_business,20,1,104005,104005,1104008,1,0.0,1.0,0.0,1.0,False,False,player_0_attempted_to_draw_from_empty_library,186,18,0,7,0,0.0,1.0,1,2,3,0,1,fjace_vs_wall_life20_sp1_s002,0,6.11,1,2,3,0,1
fjace_vs_wall_life20_sp1_s002_rep00,mulligan,forty_force_jace_pressure:code_jace_lock_rev0013:mulligan_outcome_ranker_rev0027,sixty_counterwall_jace:counter_happy:land_band_business,forty_force_jace_pressure,sixty_counterwall_jace,code_jace_lock_rev0013,counter_happy,mulligan_outcome_ranker_rev0027,land_band_business,20,1,104005,104005,1104008,1,0.0,1.0,0.0,1.0,False,False,player_0_attempted_to_draw_from_empty_library,320,26,1,6,0,0.0,1.0,2,1,1,2,0,fjace_vs_wall_life20_sp1_s002,0,6.11,1,2,3,0,1
fjace_vs_wall_life20_sp1_s002_rep01,keep,forty_force_jace_pressure:code_jace_lock_rev0013:mulligan_outcome_ranker_rev0027,sixty_counterwall_jace:counter_happy:land_band_business,forty_force_jace_pressure,sixty_counterwall_jace,code_jace_lock_rev0013,counter_happy,mulligan_outcome_ranker_rev0027,land_band_business,20,1,113156,113156,1113159,1,0.0,1.0,0.0,1.0,False,False,player_0_attempted_to_draw_from_empty_library,217,21,0,7,0,0.0,1.0,1,2,3,0,1,fjace_vs_wall_life20_sp1_s002,1,6.11,1,2,3,0,1
fjace_vs_wall_life20_sp1_s002_rep01,mulligan,forty_force_jace_pressure:code_jace_lock_rev0013:mulligan_outcome_ranker_rev0027,sixty_counterwall_jace:counter_happy:land_band_business,forty_force_jace_pressure,sixty_counterwall_jace,code_jace_lock_rev0013,counter_happy,mulligan_outcome_ranker_rev0027,land_band_business,20,1,113156,113156,1113159,0,1.0,0.0,1.0,0.0,False,False,player_1_attempted_to_draw_from_empty_library,277,23,1,6,0,1.0,0.0,2,1,1,2,0,fjace_vs_wall_life20_sp1_s002,1,6.11,1,2,3,0,1
fjace_vs_wall_life20_sp1_s002_rep02,keep,forty_force_jace_pressure:code_jace_lock_rev0013:mulligan_outcome_ranker_rev0027,sixty_counterwall_jace:counter_happy:land_band_business,forty_force_jace_pressure,sixty_counterwall_jace,code_jace_lock_rev0013,counter_happy,mulligan_outcome_ranker_rev0027,land_band_business,20,1,122307,122307,1122310,0,1.0,0.0,1.0,0.0,False,False,player_1_attempted_to_draw_from_empty_library,216,20,0,7,0,1.0,0.0,1,2,3,0,1,fjace_vs_wall_life20_sp1_s002,2,6.11,1,2,3,0,1
fjace_vs_wall_life20_sp1_s002_rep02,mulligan,forty_force_jace_pressure:code_jace_lock_rev0013:mulligan_outcome_ranker_rev0027,sixty_counterwall_jace:counter_happy:land_band_business,forty_force_jace_pressure,sixty_counterwall_jace,code_jace_lock_rev0013,counter_happy,mulligan_outcome_ranker_rev0027,land_band_business,20,1,122307,122307,1122310,1,0.0,1.0,0.0,1.0,False,False,player_0_attempted_to_draw_from_empty_library,322,26,1,6,0,0.0,1.0,2,1,1,2,0,fjace_vs_wall_life20_sp1_s002,2,6.11,1,2,3,0,1
fjace_vs_wall_life40_sp0_s000_rep00,keep,forty_force_jace_pressure:code_jace_lock_rev0013:mulligan_outcome_ranker_rev0027,sixty_counterwall_jace:counter_happy:land_band_business,forty_force_jace_pressure,sixty_counterwall_jace,code_jace_lock_rev0013,counter_happy,mulligan_outcome_ranker_rev0027,land_band_business,40,0,104006,104006,1104009,0,1.0,0.0,1.0,0.0,False,False,player_1_attempted_to_draw_from_empty_library,415,34,0,7,0,1.0,0.0,2,2,2,0,1,fjace_vs_wall_life40_sp0_s000,0,9.399999999999999,2,2,2,0,1
fjace_vs_wall_life40_sp0_s000_rep00,mulligan,forty_force_jace_pressure:code_jace_lock_rev0013:mulligan_outcome_ranker_rev0027,sixty_counterwall_jace:counter_happy:land_band_business,forty_force_jace_pressure,sixty_counterwall_jace,code_jace_lock_rev0013,counter_happy,mulligan_outcome_ranker_rev0027,land_band_business,40,0,104006,104006,1104009,0,1.0,0.0,1.0,0.0,False,False,player_1_attempted_to_draw_from_empty_library,395,29,1,6,0,1.0,0.0,4,0,2,0,0,fjace_vs_wall_life40_sp0_s000,0,9.399999999999999,2,2,2,0,1
fjace_vs_wall_life40_sp0_s000_rep01,keep,forty_force_jace_pressure:code_jace_lock_rev0013:mulligan_outcome_ranker_rev0027,sixty_counterwall_jace:counter_happy:land_band_business,forty_force_jace_pressure,sixty_counterwall_jace,code_jace_lock_rev0013,counter_happy,mulligan_outcome_ranker_rev0027,land_band_business,40,0,113157,113157,1113160,0,1.0,0.0,1.0,0.0,False,False,player_1_attempted_to_draw_from_empty_library,415,34,0,7,0,1.0,0.0,2,2,2,0,1,fjace_vs_wall_life40_sp0_s000,1,9.399999999999999,2,2,2,0,1
fjace_vs_wall_life40_sp0_s000_rep01,mulligan,forty_force_jace_pressure:code_jace_lock_rev0013:mulligan_outcome_ranker_rev0027,sixty_counterwall_jace:counter_happy:land_band_business,forty_force_jace_pressure,sixty_counterwall_jace,code_jace_lock_rev0013,counter_happy,mulligan_outcome_ranker_rev0027,land_band_business,40,0,113157,113157,1113160,0,1.0,0.0,1.0,0.0,False,False,player_1_attempted_to_draw_from_empty_library,386,28,1,6,0,1.0,0.0,4,0,2,0,0,fjace_vs_wall_life40_sp0_s000,1,9.399999999999999,2,2,2,0,1
fjace_vs_wall_life40_sp0_s000_rep02,keep,forty_force_jace_pressure:code_jace_lock_rev0013:mulligan_outcome_ranker_rev0027,sixty_counterwall_jace:counter_happy:land_band_business,forty_force_jace_pressure,sixty_counterwall_jace,code_jace_lock_rev0013,counter_happy,mulligan_outcome_ranker_rev0027,land_band_business,40,0,122308,122308,1122311,0,1.0,0.0,1.0,0.0,False,False,player_1_attempted_to_draw_from_empty_library,419,34,0,7,0,1.0,0.0,2,2,2,0,1,fjace_vs_wall_life40_sp0_s000,2,9.399999999999999,2,2,2,0,1
fjace_vs_wall_life40_sp0_s000_rep02,mulligan,forty_force_jace_pressure:code_jace_lock_rev0013:mulligan_outcome_ranker_rev0027,sixty_counterwall_jace:counter_happy:land_band_business,forty_force_jace_pressure,sixty_counterwall_jace,code_jace_lock_rev0013,counter_happy,mulligan_outcome_ranker_rev0027,land_band_business,40,0,122308,122308,1122311,0,1.0,0.0,1.0,0.0,False,False,player_1_attempted_to_draw_from_empty_library,386,28,1,6,0,1.0,0.0,4,0,2,0,0,fjace_vs_wall_life40_sp0_s000,2,9.399999999999999,2,2,2,0,1
fjace_vs_wall_life40_sp1_s000_rep00,keep,forty_force_jace_pressure:code_jace_lock_rev0013:mulligan_outcome_ranker_rev0027,sixty_counterwall_jace:counter_happy:land_band_business,forty_force_jace_pressure,sixty_counterwall_jace,code_jace_lock_rev0013,counter_happy,mulligan_outcome_ranker_rev0027,land_band_business,40,1,104007,104007,1104010,1,0.0,1.0,0.0,1.0,False,False,player_0_attempted_to_draw_from_empty_library,331,35,0,7,0,0.0,1.0,1,1,1,3,1,fjace_vs_wall_life40_sp1_s000,0,6.199999999999999,1,1,1,3,1
fjace_vs_wall_life40_sp1_s000_rep00,mulligan,forty_force_jace_pressure:code_jace_lock_rev0013:mulligan_outcome_ranker_rev0027,sixty_counterwall_jace:counter_happy:land_band_business,forty_force_jace_pressure,sixty_counterwall_jace,code_jace_lock_rev0013,counter_happy,mulligan_outcome_ranker_rev0027,land_band_business,40,1,104007,104007,1104010,1,0.0,1.0,0.0,1.0,False,False,player_0_attempted_to_draw_from_empty_library,308,30,1,6,0,0.0,1.0,3,1,2,0,0,fjace_vs_wall_life40_sp1_s000,0,6.199999999999999,1,1,1,3,1
fjace_vs_wall_life40_sp1_s000_rep01,keep,forty_force_jace_pressure:code_jace_lock_rev0013:mulligan_outcome_ranker_rev0027,sixty_counterwall_jace:counter_happy:land_band_business,forty_force_jace_pressure,sixty_counterwall_jace,code_jace_lock_rev0013,counter_happy,mulligan_outcome_ranker_rev0027,land_band_business,40,1,113158,113158,1113161,1,0.0,1.0,0.0,1.0,False,False,player_0_attempted_to_draw_from_empty_library,331,35,0,7,0,0.0,1.0,1,1,1,3,1,fjace_vs_wall_life40_sp1_s000,1,6.199999999999999,1,1,1,3,1
fjace_vs_wall_life40_sp1_s000_rep01,mulligan,forty_force_jace_pressure:code_jace_lock_rev0013:mulligan_outcome_ranker_rev0027,sixty_counterwall_jace:counter_happy:land_band_business,forty_force_jace_pressure,sixty_counterwall_jace,code_jace_lock_rev0013,counter_happy,mulligan_outcome_ranker_rev0027,land_band_business,40,1,113158,113158,1113161,1,0.0,1.0,0.0,1.0,False,False,player_0_attempted_to_draw_from_empty_library,307,30,1,6,0,0.0,1.0,3,1,2,0,0,fjace_vs_wall_life40_sp1_s000,1,6.199999999999999,1,1,1,3,1
fjace_vs_wall_life40_sp1_s000_rep02,keep,forty_force_jace_pressure:code_jace_lock_rev0013:mulligan_outcome_ranker_rev0027,sixty_counterwall_jace:counter_happy:land_band_business,forty_force_jace_pressure,sixty_counterwall_jace,code_jace_lock_rev0013,counter_happy,mulligan_outcome_ranker_rev0027,land_band_business,40,1,122309,122309,1122312,1,0.0,1.0,0.0,1.0,False,False,player_0_attempted_to_draw_from_empty_library,331,35,0,7,0,0.0,1.0,1,1,1,3,1,fjace_vs_wall_life40_sp1_s000,2,6.199999999999999,1,1,1,3,1
fjace_vs_wall_life40_sp1_s000_rep02,mulligan,forty_force_jace_pressure:code_jace_lock_rev0013:mulligan_outcome_ranker_rev0027,sixty_counterwall_jace:counter_happy:land_band_business,forty_force_jace_pressure,sixty_counterwall_jace,code_jace_lock_rev0013,counter_happy,mulligan_outcome_ranker_rev0027,land_band_business,40,1,122309,122309,1122312,1,0.0,1.0,0.0,1.0,False,False,player_0_attempted_to_draw_from_empty_library,314,30,1,6,0,0.0,1.0,3,1,2,0,0,fjace_vs_wall_life40_sp1_s000,2,6.199999999999999,1,1,1,3,1
fjace_vs_wall_life40_sp0_s001_rep00,keep,forty_force_jace_pressure:code_jace_lock_rev0013:mulligan_outcome_ranker_rev0027,sixty_counterwall_jace:counter_happy:land_band_business,forty_force_jace_pressure,sixty_counterwall_jace,code_jace_lock_rev0013,counter_happy,mulligan_outcome_ranker_rev0027,land_band_business,40,0,104008,104008,1104011,0,1.0,0.0,1.0,0.0,False,False,player_1_attempted_to_draw_from_empty_library,224,21,0,7,0,1.0,0.0,4,1,1,1,0,fjace_vs_wall_life40_sp0_s001,0,8.8,4,1,1,1,0
fjace_vs_wall_life40_sp0_s001_rep00,mulligan,forty_force_jace_pressure:code_jace_lock_rev0013:mulligan_outcome_ranker_rev0027,sixty_counterwall_jace:counter_happy:land_band_business,forty_force_jace_pressure,sixty_counterwall_jace,code_jace_lock_rev0013,counter_happy,mulligan_outcome_ranker_rev0027,land_band_business,40,0,104008,104008,1104011,0,1.0,0.0,1.0,0.0,False,False,player_1_attempted_to_draw_from_empty_library,395,33,1,6,0,1.0,0.0,3,1,2,0,0,fjace_vs_wall_life40_sp0_s001,0,8.8,4,1,1,1,0
fjace_vs_wall_life40_sp0_s001_rep01,keep,forty_force_jace_pressure:code_jace_lock_rev0013:mulligan_outcome_ranker_rev0027,sixty_counterwall_jace:counter_happy:land_band_business,forty_force_jace_pressure,sixty_counterwall_jace,code_jace_lock_rev0013,counter_happy,mulligan_outcome_ranker_rev0027,land_band_business,40,0,113159,113159,1113162,0,1.0,0.0,1.0,0.0,False,False,player_1_attempted_to_draw_from_empty_library,221,20,0,7,0,1.0,0.0,4,1,1,1,0,fjace_vs_wall_life40_sp0_s001,1,8.8,4,1,1,1,0
fjace_vs_wall_life40_sp0_s001_rep01,mulligan,forty_force_jace_pressure:code_jace_lock_rev0013:mulligan_outcome_ranker_rev0027,sixty_counterwall_jace:counter_happy:land_band_business,forty_force_jace_pressure,sixty_counterwall_jace,code_jace_lock_rev0013,counter_happy,mulligan_outcome_ranker_rev0027,land_band_business,40,0,113159,113159,1113162,0,1.0,0.0,1.0,0.0,False,False,player_1_attempted_to_draw_from_empty_library,395,33,1,6,0,1.0,0.0,3,1,2,0,0,fjace_vs_wall_life40_sp0_s001,1,8.8,4,1,1,1,0
fjace_vs_wall_life40_sp0_s001_rep02,keep,forty_force_jace_pressure:code_jace_lock_rev0013:mulligan_outcome_ranker_rev0027,sixty_counterwall_jace:counter_happy:land_band_business,forty_force_jace_pressure,sixty_counterwall_jace,code_jace_lock_rev0013,counter_happy,mulligan_outcome_ranker_rev0027,land_band_business,40,0,122310,122310,1122313,0,1.0,0.0,1.0,0.0,False,False,player_1_attempted_to_draw_from_empty_library,245,21,0,7,0,1.0,0.0,4,1,1,1,0,fjace_vs_wall_life40_sp0_s001,2,8.8,4,1,1,1,0
fjace_vs_wall_life40_sp0_s001_rep02,mulligan,forty_force_jace_pressure:code_jace_lock_rev0013:mulligan_outcome_ranker_rev0027,sixty_counterwall_jace:counter_happy:land_band_business,forty_force_jace_pressure,sixty_counterwall_jace,code_jace_lock_rev0013,counter_happy,mulligan_outcome_ranker_rev0027,land_band_business,40,0,122310,122310,1122313,0,1.0,0.0,1.0,0.0,False,False,player_1_attempted_to_draw_from_empty_library,398,33,1,6,0,1.0,0.0,3,1,2,0,0,fjace_vs_wall_life40_sp0_s001,2,8.8,4,1,1,1,0
fjace_vs_wall_life40_sp1_s001_rep00,keep,forty_force_jace_pressure:code_jace_lock_rev0013:mulligan_outcome_ranker_rev0027,sixty_counterwall_jace:counter_happy:land_band_business,forty_force_jace_pressure,sixty_counterwall_jace,code_jace_lock_rev0013,counter_happy,mulligan_outcome_ranker_rev0027,land_band_business,40,1,104009,104009,1104012,0,1.0,0.0,1.0,0.0,False,False,player_1_attempted_to_draw_from_empty_library,230,18,0,7,0,1.0,0.0,4,2,0,0,1,fjace_vs_wall_life40_sp1_s001,0,7.6499999999999995,4,2,0,0,1
fjace_vs_wall_life40_sp1_s001_rep00,mulligan,forty_force_jace_pressure:code_jace_lock_rev0013:mulligan_outcome_ranker_rev0027,sixty_counterwall_jace:counter_happy:land_band_business,forty_force_jace_pressure,sixty_counterwall_jace,code_jace_lock_rev0013,counter_happy,mulligan_outcome_ranker_rev0027,land_band_business,40,1,104009,104009,1104012,1,0.0,1.0,0.0,1.0,False,False,player_0_attempted_to_draw_from_empty_library,196,20,1,6,0,0.0,1.0,2,2,1,0,1,fjace_vs_wall_life40_sp1_s001,0,7.6499999999999995,4,2,0,0,1
fjace_vs_wall_life40_sp1_s001_rep01,keep,forty_force_jace_pressure:code_jace_lock_rev0013:mulligan_outcome_ranker_rev0027,sixty_counterwall_jace:counter_happy:land_band_business,forty_force_jace_pressure,sixty_counterwall_jace,code_jace_lock_rev0013,counter_happy,mulligan_outcome_ranker_rev0027,land_band_business,40,1,113160,113160,1113163,1,0.0,1.0,0.0,1.0,False,False,player_0_attempted_to_draw_from_empty_library,252,20,0,7,0,0.0,1.0,4,2,0,0,1,fjace_vs_wall_life40_sp1_s001,1,7.6499999999999995,4,2,0,0,1
fjace_vs_wall_life40_sp1_s001_rep01,mulligan,forty_force_jace_pressure:code_jace_lock_rev0013:mulligan_outcome_ranker_rev0027,sixty_counterwall_jace:counter_happy:land_band_business,forty_force_jace_pressure,sixty_counterwall_jace,code_jace_lock_rev0013,counter_happy,mulligan_outcome_ranker_rev0027,land_band_business,40,1,113160,113160,1113163,0,1.0,0.0,1.0,0.0,False,False,player_1_attempted_to_draw_from_empty_library,238,20,1,6,0,1.0,0.0,2,2,1,0,1,fjace_vs_wall_life40_sp1_s001,1,7.6499999999999995,4,2,0,0,1
fjace_vs_wall_life40_sp1_s001_rep02,keep,forty_force_jace_pressure:code_jace_lock_rev0013:mulligan_outcome_ranker_rev0027,sixty_counterwall_jace:counter_happy:land_band_business,forty_force_jace_pressure,sixty_counterwall_jace,code_jace_lock_rev0013,counter_happy,mulligan_outcome_ranker_rev0027,land_band_business,40,1,122311,122311,1122314,1,0.0,1.0,0.0,1.0,False,False,player_0_attempted_to_draw_from_empty_library,260,20,0,7,0,0.0,1.0,4,2,0,0,1,fjace_vs_wall_life40_sp1_s001,2,7.6499999999999995,4,2,0,0,1
fjace_vs_wall_life40_sp1_s001_rep02,mulligan,forty_force_jace_pressure:code_jace_lock_rev0013:mulligan_outcome_ranker_rev0027,sixty_counterwall_jace:counter_happy:land_band_business,forty_force_jace_pressure,sixty_counterwall_jace,code_jace_lock_rev0013,counter_happy,mulligan_outcome_ranker_rev0027,land_band_business,40,1,122311,122311,1122314,1,0.0,1.0,0.0,1.0,False,False,player_0_attempted_to_draw_from_empty_library,228,20,1,6,0,0.0,1.0,2,2,1,0,1,fjace_vs_wall_life40_sp1_s001,2,7.6499999999999995,4,2,0,0,1
fjace_vs_wall_life40_sp0_s002_rep00,keep,forty_force_jace_pressure:code_jace_lock_rev0013:mulligan_outcome_ranker_rev0027,sixty_counterwall_jace:counter_happy:land_band_business,forty_force_jace_pressure,sixty_counterwall_jace,code_jace_lock_rev0013,counter_happy,mulligan_outcome_ranker_rev0027,land_band_business,40,0,104010,104010,1104013,1,0.0,1.0,0.0,1.0,False,False,player_0_attempted_to_draw_from_empty_library,394,35,0,7,0,0.0,1.0,4,0,3,0,0,fjace_vs_wall_life40_sp0_s002,0,6.699999999999999,4,0,3,0,0
fjace_vs_wall_life40_sp0_s002_rep00,mulligan,forty_force_jace_pressure:code_jace_lock_rev0013:mulligan_outcome_ranker_rev0027,sixty_counterwall_jace:counter_happy:land_band_business,forty_force_jace_pressure,sixty_counterwall_jace,code_jace_lock_rev0013,counter_happy,mulligan_outcome_ranker_rev0027,land_band_business,40,0,104010,104010,1104013,0,1.0,0.0,1.0,0.0,False,False,player_1_attempted_to_draw_from_empty_library,351,28,1,6,0,1.0,0.0,2,1,1,1,1,fjace_vs_wall_life40_sp0_s002,0,6.699999999999999,4,0,3,0,0
fjace_vs_wall_life40_sp0_s002_rep01,keep,forty_force_jace_pressure:code_jace_lock_rev0013:mulligan_outcome_ranker_rev0027,sixty_counterwall_jace:counter_happy:land_band_business,forty_force_jace_pressure,sixty_counterwall_jace,code_jace_lock_rev0013,counter_happy,mulligan_outcome_ranker_rev0027,land_band_business,40,0,113161,113161,1113164,1,0.0,1.0,0.0,1.0,False,False,player_0_attempted_to_draw_from_empty_library,394,35,0,7,0,0.0,1.0,4,0,3,0,0,fjace_vs_wall_life40_sp0_s002,1,6.699999999999999,4,0,3,0,0
fjace_vs_wall_life40_sp0_s002_rep01,mulligan,forty_force_jace_pressure:code_jace_lock_rev0013:mulligan_outcome_ranker_rev0027,sixty_counterwall_jace:counter_happy:land_band_business,forty_force_jace_pressure,sixty_counterwall_jace,code_jace_lock_rev0013,counter_happy,mulligan_outcome_ranker_rev0027,land_band_business,40,0,113161,113161,1113164,0,1.0,0.0,1.0,0.0,False,False,player_1_attempted_to_draw_from_empty_library,351,28,1,6,0,1.0,0.0,2,1,1,1,1,fjace_vs_wall_life40_sp0_s002,1,6.699999999999999,4,0,3,0,0
fjace_vs_wall_life40_sp0_s002_rep02,keep,forty_force_jace_pressure:code_jace_lock_rev0013:mulligan_outcome_ranker_rev0027,sixty_counterwall_jace:counter_happy:land_band_business,forty_force_jace_pressure,sixty_counterwall_jace,code_jace_lock_rev0013,counter_happy,mulligan_outcome_ranker_rev0027,land_band_business,40,0,122312,122312,1122315,1,0.0,1.0,0.0,1.0,False,False,player_0_attempted_to_draw_from_empty_library,394,35,0,7,0,0.0,1.0,4,0,3,0,0,fjace_vs_wall_life40_sp0_s002,2,6.699999999999999,4,0,3,0,0
fjace_vs_wall_life40_sp0_s002_rep02,mulligan,forty_force_jace_pressure:code_jace_lock_rev0013:mulligan_outcome_ranker_rev0027,sixty_counterwall_jace:counter_happy:land_band_business,forty_force_jace_pressure,sixty_counterwall_jace,code_jace_lock_rev0013,counter_happy,mulligan_outcome_ranker_rev0027,land_band_business,40,0,122312,122312,1122315,0,1.0,0.0,1.0,0.0,False,False,player_1_attempted_to_draw_from_empty_library,351,28,1,6,0,1.0,0.0,2,1,1,1,1,fjace_vs_wall_life40_sp0_s002,2,6.699999999999999,4,0,3,0,0
fjace_vs_wall_life40_sp1_s002_rep00,keep,forty_force_jace_pressure:code_jace_lock_rev0013:mulligan_outcome_ranker_rev0027,sixty_counterwall_jace:counter_happy:land_band_business,forty_force_jace_pressure,sixty_counterwall_jace,code_jace_lock_rev0013,counter_happy,mulligan_outcome_ranker_rev0027,land_band_business,40,1,104011,104011,1104014,0,1.0,0.0,1.0,0.0,False,False,player_1_attempted_to_draw_from_empty_library,409,34,0,7,0,1.0,0.0,4,2,1,0,0,fjace_vs_wall_life40_sp1_s002,0,7.799999999999999,4,2,1,0,0
fjace_vs_wall_life40_sp1_s002_rep00,mulligan,forty_force_jace_pressure:code_jace_lock_rev0013:mulligan_outcome_ranker_rev0027,sixty_counterwall_jace:counter_happy:land_band_business,forty_force_jace_pressure,sixty_counterwall_jace,code_jace_lock_rev0013,counter_happy,mulligan_outcome_ranker_rev0027,land_band_business,40,1,104011,104011,1104014,0,1.0,0.0,1.0,0.0,False,False,player_1_life_total_zero_or_less,175,15,1,6,0,1.0,0.0,2,1,0,2,1,fjace_vs_wall_life40_sp1_s002,0,7.799999999999999,4,2,1,0,0
fjace_vs_wall_life40_sp1_s002_rep01,keep,forty_force_jace_pressure:code_jace_lock_rev0013:mulligan_outcome_ranker_rev0027,sixty_counterwall_jace:counter_happy:land_band_business,forty_force_jace_pressure,sixty_counterwall_jace,code_jace_lock_rev0013,counter_happy,mulligan_outcome_ranker_rev0027,land_band_business,40,1,113162,113162,1113165,0,1.0,0.0,1.0,0.0,False,False,player_1_attempted_to_draw_from_empty_library,409,34,0,7,0,1.0,0.0,4,2,1,0,0,fjace_vs_wall_life40_sp1_s002,1,7.799999999999999,4,2,1,0,0
fjace_vs_wall_life40_sp1_s002_rep01,mulligan,forty_force_jace_pressure:code_jace_lock_rev0013:mulligan_outcome_ranker_rev0027,sixty_counterwall_jace:counter_happy:land_band_business,forty_force_jace_pressure,sixty_counterwall_jace,code_jace_lock_rev0013,counter_happy,mulligan_outcome_ranker_rev0027,land_band_business,40,1,113162,113162,1113165,0,1.0,0.0,1.0,0.0,False,False,player_1_life_total_zero_or_less,175,15,1,6,0,1.0,0.0,2,1,0,2,1,fjace_vs_wall_life40_sp1_s002,1,7.799999999999999,4,2,1,0,0
fjace_vs_wall_life40_sp1_s002_rep02,keep,forty_force_jace_pressure:code_jace_lock_rev0013:mulligan_outcome_ranker_rev0027,sixty_counterwall_jace:counter_happy:land_band_business,forty_force_jace_pressure,sixty_counterwall_jace,code_jace_lock_rev0013,counter_happy,mulligan_outcome_ranker_rev0027,land_band_business,40,1,122313,122313,1122316,0,1.0,0.0,1.0,0.0,False,False,player_1_attempted_to_draw_from_empty_library,409,34,0,7,0,1.0,0.0,4,2,1,0,0,fjace_vs_wall_life40_sp1_s002,2,7.799999999999999,4,2,1,0,0
fjace_vs_wall_life40_sp1_s002_rep02,mulligan,forty_force_jace_pressure:code_jace_lock_rev0013:mulligan_outcome_ranker_rev0027,sixty_counterwall_jace:counter_happy:land_band_business,forty_force_jace_pressure,sixty_counterwall_jace,code_jace_lock_rev0013,counter_happy,mulligan_outcome_ranker_rev0027,land_band_business,40,1,122313,122313,1122316,0,1.0,0.0,1.0,0.0,False,False,player_1_life_total_zero_or_less,175,15,1,6,0,1.0,0.0,2,1,0,2,1,fjace_vs_wall_life40_sp1_s002,2,7.799999999999999,4,2,1,0,0
overlord_vs_jace60_life20_sp0_s000_rep00,keep,forty_overlord_impending:threat_rush:mulligan_outcome_ranker_rev0027,sixty_no_overlord_jace_only:code_jace_lock_rev0013:keep_always,forty_overlord_impending,sixty_no_overlord_jace_only,threat_rush,code_jace_lock_rev0013,mulligan_outcome_ranker_rev0027,keep_always,20,0,104012,104012,1104015,0,1.0,0.0,1.0,0.0,False,False,player_1_attempted_to_draw_from_empty_library,283,28,0,7,0,1.0,0.0,4,0,1,1,1,overlord_vs_jace60_life20_sp0_s000,0,8.270000000000001,4,0,1,1,1
overlord_vs_jace60_life20_sp0_s000_rep00,mulligan,forty_overlord_impending:threat_rush:mulligan_outcome_ranker_rev0027,sixty_no_overlord_jace_only:code_jace_lock_rev0013:keep_always,forty_overlord_impending,sixty_no_overlord_jace_only,threat_rush,code_jace_lock_rev0013,mulligan_outcome_ranker_rev0027,keep_always,20,0,104012,104012,1104015,0,1.0,0.0,1.0,0.0,False,False,player_1_attempted_to_draw_from_empty_library,137,12,1,6,0,1.0,0.0,5,0,0,0,1,overlord_vs_jace60_life20_sp0_s000,0,8.270000000000001,4,0,1,1,1
overlord_vs_jace60_life20_sp0_s000_rep01,keep,forty_overlord_impending:threat_rush:mulligan_outcome_ranker_rev0027,sixty_no_overlord_jace_only:code_jace_lock_rev0013:keep_always,forty_overlord_impending,sixty_no_overlord_jace_only,threat_rush,code_jace_lock_rev0013,mulligan_outcome_ranker_rev0027,keep_always,20,0,113163,113163,1113166,1,0.0,1.0,0.0,1.0,False,False,player_0_attempted_to_draw_from_empty_library,271,27,0,7,0,0.0,1.0,4,0,1,1,1,overlord_vs_jace60_life20_sp0_s000,1,8.270000000000001,4,0,1,1,1
overlord_vs_jace60_life20_sp0_s000_rep01,mulligan,forty_overlord_impending:threat_rush:mulligan_outcome_ranker_rev0027,sixty_no_overlord_jace_only:code_jace_lock_rev0013:keep_always,forty_overlord_impending,sixty_no_overlord_jace_only,threat_rush,code_jace_lock_rev0013,mulligan_outcome_ranker_rev0027,keep_always,20,0,113163,113163,1113166,1,0.0,1.0,0.0,1.0,False,False,player_0_attempted_to_draw_from_empty_library,123,11,1,6,0,0.0,1.0,5,0,0,0,1,overlord_vs_jace60_life20_sp0_s000,1,8.270000000000001,4,0,1,1,1
overlord_vs_jace60_life20_sp0_s000_rep02,keep,forty_overlord_impending:threat_rush:mulligan_outcome_ranker_rev0027,sixty_no_overlord_jace_only:code_jace_lock_rev0013:keep_always,forty_overlord_impending,sixty_no_overlord_jace_only,threat_rush,code_jace_lock_rev0013,mulligan_outcome_ranker_rev0027,keep_always,20,0,122314,122314,1122317,0,1.0,0.0,1.0,0.0,False,False,player_1_attempted_to_draw_from_empty_library,319,30,0,7,0,1.0,0.0,4,0,1,1,1,overlord_vs_jace60_life20_sp0_s000,2,8.270000000000001,4,0,1,1,1
overlord_vs_jace60_life20_sp0_s000_rep02,mulligan,forty_overlord_impending:threat_rush:mulligan_outcome_ranker_rev0027,sixty_no_overlord_jace_only:code_jace_lock_rev0013:keep_always,forty_overlord_impending,sixty_no_overlord_jace_only,threat_rush,code_jace_lock_rev0013,mulligan_outcome_ranker_rev0027,keep_always,20,0,122314,122314,1122317,0,1.0,0.0,1.0,0.0,False,False,player_1_attempted_to_draw_from_empty_library,147,12,1,6,0,1.0,0.0,5,0,0,0,1,overlord_vs_jace60_life20_sp0_s000,2,8.270000000000001,4,0,1,1,1
overlord_vs_jace60_life20_sp1_s000_rep00,keep,forty_overlord_impending:threat_rush:mulligan_outcome_ranker_rev0027,sixty_no_overlord_jace_only:code_jace_lock_rev0013:keep_always,forty_overlord_impending,sixty_no_overlord_jace_only,threat_rush,code_jace_lock_rev0013,mulligan_outcome_ranker_rev0027,keep_always,20,1,104013,104013,1104016,1,0.0,1.0,0.0,1.0,False,False,player_0_attempted_to_draw_from_empty_library,240,18,0,7,0,0.0,1.0,5,2,0,0,0,overlord_vs_jace60_life20_sp1_s000,0,5.299999999999999,5,2,0,0,0
overlord_vs_jace60_life20_sp1_s000_rep00,mulligan,forty_overlord_impending:threat_rush:mulligan_outcome_ranker_rev0027,sixty_no_overlord_jace_only:code_jace_lock_rev0013:keep_always,forty_overlord_impending,sixty_no_overlord_jace_only,threat_rush,code_jace_lock_rev0013,mulligan_outcome_ranker_rev0027,keep_always,20,1,104013,104013,1104016,1,0.0,1.0,0.0,1.0,False,False,player_0_attempted_to_draw_from_empty_library,127,14,1,6,0,0.0,1.0,4,2,0,0,0,overlord_vs_jace60_life20_sp1_s000,0,5.299999999999999,5,2,0,0,0
overlord_vs_jace60_life20_sp1_s000_rep01,keep,forty_overlord_impending:threat_rush:mulligan_outcome_ranker_rev0027,sixty_no_overlord_jace_only:code_jace_lock_rev0013:keep_always,forty_overlord_impending,sixty_no_overlord_jace_only,threat_rush,code_jace_lock_rev0013,mulligan_outcome_ranker_rev0027,keep_always,20,1,113164,113164,1113167,1,0.0,1.0,0.0,1.0,False,False,player_0_attempted_to_draw_from_empty_library,156,13,0,7,0,0.0,1.0,5,2,0,0,0,overlord_vs_jace60_life20_sp1_s000,1,5.299999999999999,5,2,0,0,0
overlord_vs_jace60_life20_sp1_s000_rep01,mulligan,forty_overlord_impending:threat_rush:mulligan_outcome_ranker_rev0027,sixty_no_overlord_jace_only:code_jace_lock_rev0013:keep_always,forty_overlord_impending,sixty_no_overlord_jace_only,threat_rush,code_jace_lock_rev0013,mulligan_outcome_ranker_rev0027,keep_always,20,1,113164,113164,1113167,1,0.0,1.0,0.0,1.0,False,False,player_0_attempted_to_draw_from_empty_library,124,13,1,6,0,0.0,1.0,4,2,0,0,0,overlord_vs_jace60_life20_sp1_s000,1,5.299999999999999,5,2,0,0,0
overlord_vs_jace60_life20_sp1_s000_rep02,keep,forty_overlord_impending:threat_rush:mulligan_outcome_ranker_rev0027,sixty_no_overlord_jace_only:code_jace_lock_rev0013:keep_always,forty_overlord_impending,sixty_no_overlord_jace_only,threat_rush,code_jace_lock_rev0013,mulligan_outcome_ranker_rev0027,keep_always,20,1,122315,122315,1122318,1,0.0,1.0,0.0,1.0,False,False,player_0_attempted_to_draw_from_empty_library,272,26,0,7,0,0.0,1.0,5,2,0,0,0,overlord_vs_jace60_life20_sp1_s000,2,5.299999999999999,5,2,0,0,0
overlord_vs_jace60_life20_sp1_s000_rep02,mulligan,forty_overlord_impending:threat_rush:mulligan_outcome_ranker_rev0027,sixty_no_overlord_jace_only:code_jace_lock_rev0013:keep_always,forty_overlord_impending,sixty_no_overlord_jace_only,threat_rush,code_jace_lock_rev0013,mulligan_outcome_ranker_rev0027,keep_always,20,1,122315,122315,1122318,1,0.0,1.0,0.0,1.0,False,False,player_0_attempted_to_draw_from_empty_library,125,13,1,6,0,0.0,1.0,4,2,0,0,0,overlord_vs_jace60_life20_sp1_s000,2,5.299999999999999,5,2,0,0,0
overlord_vs_jace60_life20_sp0_s001_rep00,keep,forty_overlord_impending:threat_rush:mulligan_outcome_ranker_rev0027,sixty_no_overlord_jace_only:code_jace_lock_rev0013:keep_always,forty_overlord_impending,sixty_no_overlord_jace_only,threat_rush,code_jace_lock_rev0013,mulligan_outcome_ranker_rev0027,keep_always,20,0,104014,104014,1104017,1,0.0,1.0,0.0,1.0,False,False,player_0_attempted_to_draw_from_empty_library,239,20,0,7,0,0.0,1.0,2,2,1,0,2,overlord_vs_jace60_life20_sp0_s001,0,9.52,2,2,1,0,2
overlord_vs_jace60_life20_sp0_s001_rep00,mulligan,forty_overlord_impending:threat_rush:mulligan_outcome_ranker_rev0027,sixty_no_overlord_jace_only:code_jace_lock_rev0013:keep_always,forty_overlord_impending,sixty_no_overlord_jace_only,threat_rush,code_jace_lock_rev0013,mulligan_outcome_ranker_rev0027,keep_always,20,0,104014,104014,1104017,1,0.0,1.0,0.0,1.0,False,False,player_0_attempted_to_draw_from_empty_library,216,18,1,6,0,0.0,1.0,3,1,0,0,2,overlord_vs_jace60_life20_sp0_s001,0,9.52,2,2,1,0,2
overlord_vs_jace60_life20_sp0_s001_rep01,keep,forty_overlord_impending:threat_rush:mulligan_outcome_ranker_rev0027,sixty_no_overlord_jace_only:code_jace_lock_rev0013:keep_always,forty_overlord_impending,sixty_no_overlord_jace_only,threat_rush,code_jace_lock_rev0013,mulligan_outcome_ranker_rev0027,keep_always,20,0,113165,113165,1113168,1,0.0,1.0,0.0,1.0,False,False,player_0_attempted_to_draw_from_empty_library,241,18,0,7,0,0.0,1.0,2,2,1,0,2,overlord_vs_jace60_life20_sp0_s001,1,9.52,2,2,1,0,2
overlord_vs_jace60_life20_sp0_s001_rep01,mulligan,forty_overlord_impending:threat_rush:mulligan_outcome_ranker_rev0027,sixty_no_overlord_jace_only:code_jace_lock_rev0013:keep_always,forty_overlord_impending,sixty_no_overlord_jace_only,threat_rush,code_jace_lock_rev0013,mulligan_outcome_ranker_rev0027,keep_always,20,0,113165,113165,1113168,1,0.0,1.0,0.0,1.0,False,False,player_0_attempted_to_draw_from_empty_library,216,18,1,6,0,0.0,1.0,3,1,0,0,2,overlord_vs_jace60_life20_sp0_s001,1,9.52,2,2,1,0,2
overlord_vs_jace60_life20_sp0_s001_rep02,keep,forty_overlord_impending:threat_rush:mulligan_outcome_ranker_rev0027,sixty_no_overlord_jace_only:code_jace_lock_rev0013:keep_always,forty_overlord_impending,sixty_no_overlord_jace_only,threat_rush,code_jace_lock_rev0013,mulligan_outcome_ranker_rev0027,keep_always,20,0,122316,122316,1122319,1,0.0,1.0,0.0,1.0,False,False,player_0_attempted_to_draw_from_empty_library,265,22,0,7,0,0.0,1.0,2,2,1,0,2,overlord_vs_jace60_life20_sp0_s001,2,9.52,2,2,1,0,2
overlord_vs_jace60_life20_sp0_s001_rep02,mulligan,forty_overlord_impending:threat_rush:mulligan_outcome_ranker_rev0027,sixty_no_overlord_jace_only:code_jace_lock_rev0013:keep_always,forty_overlord_impending,sixty_no_overlord_jace_only,threat_rush,code_jace_lock_rev0013,mulligan_outcome_ranker_rev0027,keep_always,20,0,122316,122316,1122319,1,0.0,1.0,0.0,1.0,False,False,player_0_attempted_to_draw_from_empty_library,207,18,1,6,0,0.0,1.0,3,1,0,0,2,overlord_vs_jace60_life20_sp0_s001,2,9.52,2,2,1,0,2
overlord_vs_jace60_life20_sp1_s001_rep00,keep,forty_overlord_impending:threat_rush:mulligan_outcome_ranker_rev0027,sixty_no_overlord_jace_only:code_jace_lock_rev0013:keep_always,forty_overlord_impending,sixty_no_overlord_jace_only,threat_rush,code_jace_lock_rev0013,mulligan_outcome_ranker_rev0027,keep_always,20,1,104015,104015,1104018,1,0.0,1.0,0.0,1.0,False,False,player_0_attempted_to_draw_from_empty_library,135,10,0,7,0,0.0,1.0,4,1,0,1,1,overlord_vs_jace60_life20_sp1_s001,0,7.55,4,1,0,1,1
overlord_vs_jace60_life20_sp1_s001_rep00,mulligan,forty_overlord_impending:threat_rush:mulligan_outcome_ranker_rev0027,sixty_no_overlord_jace_only:code_jace_lock_rev0013:keep_always,forty_overlord_impending,sixty_no_overlord_jace_only,threat_rush,code_jace_lock_rev0013,mulligan_outcome_ranker_rev0027,keep_always,20,1,104015,104015,1104018,1,0.0,1.0,0.0,1.0,False,False,player_0_attempted_to_draw_from_empty_library,112,11,1,6,0,0.0,1.0,3,0,1,0,2,overlord_vs_jace60_life20_sp1_s001,0,7.55,4,1,0,1,1
overlord_vs_jace60_life20_sp1_s001_rep01,keep,forty_overlord_impending:threat_rush:mulligan_outcome_ranker_rev0027,sixty_no_overlord_jace_only:code_jace_lock_rev0013:keep_always,forty_overlord_impending,sixty_no_overlord_jace_only,threat_rush,code_jace_lock_rev0013,mulligan_outcome_ranker_rev0027,keep_always,20,1,113166,113166,1113169,0,1.0,0.0,1.0,0.0,False,False,player_1_attempted_to_draw_from_empty_library,156,11,0,7,0,1.0,0.0,4,1,0,1,1,overlord_vs_jace60_life20_sp1_s001,1,7.55,4,1,0,1,1
overlord_vs_jace60_life20_sp1_s001_rep01,mulligan,forty_overlord_impending:threat_rush:mulligan_outcome_ranker_rev0027,sixty_no_overlord_jace_only:code_jace_lock_rev0013:keep_always,forty_overlord_impending,sixty_no_overlord_jace_only,threat_rush,code_jace_lock_rev0013,mulligan_outcome_ranker_rev0027,keep_always,20,1,113166,113166,1113169,1,0.0,1.0,0.0,1.0,False,False,player_0_attempted_to_draw_from_empty_library,110,10,1,6,0,0.0,1.0,3,0,1,0,2,overlord_vs_jace60_life20_sp1_s001,1,7.55,4,1,0,1,1
overlord_vs_jace60_life20_sp1_s001_rep02,keep,forty_overlord_impending:threat_rush:mulligan_outcome_ranker_rev0027,sixty_no_overlord_jace_only:code_jace_lock_rev0013:keep_always,forty_overlord_impending,sixty_no_overlord_jace_only,threat_rush,code_jace_lock_rev0013,mulligan_outcome_ranker_rev0027,keep_always,20,1,122317,122317,1122320,0,1.0,0.0,1.0,0.0,False,False,player_1_attempted_to_draw_from_empty_library,149,11,0,7,0,1.0,0.0,4,1,0,1,1,overlord_vs_jace60_life20_sp1_s001,2,7.55,4,1,0,1,1
overlord_vs_jace60_life20_sp1_s001_rep02,mulligan,forty_overlord_impending:threat_rush:mulligan_outcome_ranker_rev0027,sixty_no_overlord_jace_only:code_jace_lock_rev0013:keep_always,forty_overlord_impending,sixty_no_overlord_jace_only,threat_rush,code_jace_lock_rev0013,mulligan_outcome_ranker_rev0027,keep_always,20,1,122317,122317,1122320,0,1.0,0.0,1.0,0.0,False,False,player_1_attempted_to_draw_from_empty_library,121,11,1,6,0,1.0,0.0,3,0,1,0,2,overlord_vs_jace60_life20_sp1_s001,2,7.55,4,1,0,1,1
overlord_vs_jace60_life20_sp0_s002_rep00,keep,forty_overlord_impending:threat_rush:mulligan_outcome_ranker_rev0027,sixty_no_overlord_jace_only:code_jace_lock_rev0013:keep_always,forty_overlord_impending,sixty_no_overlord_jace_only,threat_rush,code_jace_lock_rev0013,mulligan_outcome_ranker_rev0027,keep_always,20,0,104016,104016,1104019,1,0.0,1.0,0.0,1.0,False,False,player_0_attempted_to_draw_from_empty_library,239,16,0,7,0,0.0,1.0,3,3,0,0,1,overlord_vs_jace60_life20_sp0_s002,0,8.1,3,3,0,0,1
overlord_vs_jace60_life20_sp0_s002_rep00,mulligan,forty_overlord_impending:threat_rush:mulligan_outcome_ranker_rev0027,sixty_no_overlord_jace_only:code_jace_lock_rev0013:keep_always,forty_overlord_impending,sixty_no_overlord_jace_only,threat_rush,code_jace_lock_rev0013,mulligan_outcome_ranker_rev0027,keep_always,20,0,104016,104016,1104019,1,0.0,1.0,0.0,1.0,False,False,player_0_attempted_to_draw_from_empty_library,178,16,1,6,0,0.0,1.0,2,2,1,0,1,overlord_vs_jace60_life20_sp0_s002,0,8.1,3,3,0,0,1
overlord_vs_jace60_life20_sp0_s002_rep01,keep,forty_overlord_impending:threat_rush:mulligan_outcome_ranker_rev0027,sixty_no_overlord_jace_only:code_jace_lock_rev0013:keep_always,forty_overlord_impending,sixty_no_overlord_jace_only,threat_rush,code_jace_lock_rev0013,mulligan_outcome_ranker_rev0027,keep_always,20,0,113167,113167,1113170,1,0.0,1.0,0.0,1.0,False,False,player_0_attempted_to_draw_from_empty_library,234,16,0,7,0,0.0,1.0,3,3,0,0,1,overlord_vs_jace60_life20_sp0_s002,1,8.1,3,3,0,0,1
overlord_vs_jace60_life20_sp0_s002_rep01,mulligan,forty_overlord_impending:threat_rush:mulligan_outcome_ranker_rev0027,sixty_no_overlord_jace_only:code_jace_lock_rev0013:keep_always,forty_overlord_impending,sixty_no_overlord_jace_only,threat_rush,code_jace_lock_rev0013,mulligan_outcome_ranker_rev0027,keep_always,20,0,113167,113167,1113170,1,0.0,1.0,0.0,1.0,False,False,player_0_attempted_to_draw_from_empty_library,175,16,1,6,0,0.0,1.0,2,2,1,0,1,overlord_vs_jace60_life20_sp0_s002,1,8.1,3,3,0,0,1
overlord_vs_jace60_life20_sp0_s002_rep02,keep,forty_overlord_impending:threat_rush:mulligan_outcome_ranker_rev0027,sixty_no_overlord_jace_only:code_jace_lock_rev0013:keep_always,forty_overlord_impending,sixty_no_overlord_jace_only,threat_rush,code_jace_lock_rev0013,mulligan_outcome_ranker_rev0027,keep_always,20,0,122318,122318,1122321,0,1.0,0.0,1.0,0.0,False,False,player_1_attempted_to_draw_from_empty_library,246,20,0,7,0,1.0,0.0,3,3,0,0,1,overlord_vs_jace60_life20_sp0_s002,2,8.1,3,3,0,0,1
overlord_vs_jace60_life20_sp0_s002_rep02,mulligan,forty_overlord_impending:threat_rush:mulligan_outcome_ranker_rev0027,sixty_no_overlord_jace_only:code_jace_lock_rev0013:keep_always,forty_overlord_impending,sixty_no_overlord_jace_only,threat_rush,code_jace_lock_rev0013,mulligan_outcome_ranker_rev0027,keep_always,20,0,122318,122318,1122321,0,1.0,0.0,1.0,0.0,False,False,player_1_attempted_to_draw_from_empty_library,215,18,1,6,0,1.0,0.0,2,2,1,0,1,overlord_vs_jace60_life20_sp0_s002,2,8.1,3,3,0,0,1
overlord_vs_jace60_life20_sp1_s002_rep00,keep,forty_overlord_impending:threat_rush:mulligan_outcome_ranker_rev0027,sixty_no_overlord_jace_only:code_jace_lock_rev0013:keep_always,forty_overlord_impending,sixty_no_overlord_jace_only,threat_rush,code_jace_lock_rev0013,mulligan_outcome_ranker_rev0027,keep_always,20,1,104017,104017,1104020,0,1.0,0.0,1.0,0.0,False,False,player_1_attempted_to_draw_from_empty_library,194,15,0,7,0,1.0,0.0,2,1,0,0,4,overlord_vs_jace60_life20_sp1_s002,0,5.8999999999999995,2,1,0,0,4
overlord_vs_jace60_life20_sp1_s002_rep00,mulligan,forty_overlord_impending:threat_rush:mulligan_outcome_ranker_rev0027,sixty_no_overlord_jace_only:code_jace_lock_rev0013:keep_always,forty_overlord_impending,sixty_no_overlord_jace_only,threat_rush,code_jace_lock_rev0013,mulligan_outcome_ranker_rev0027,keep_always,20,1,104017,104017,1104020,1,0.0,1.0,0.0,1.0,False,False,player_0_attempted_to_draw_from_empty_library,302,30,1,6,0,0.0,1.0,5,1,0,0,0,overlord_vs_jace60_life20_sp1_s002,0,5.8999999999999995,2,1,0,0,4
overlord_vs_jace60_life20_sp1_s002_rep01,keep,forty_overlord_impending:threat_rush:mulligan_outcome_ranker_rev0027,sixty_no_overlord_jace_only:code_jace_lock_rev0013:keep_always,forty_overlord_impending,sixty_no_overlord_jace_only,threat_rush,code_jace_lock_rev0013,mulligan_outcome_ranker_rev0027,keep_always,20,1,113168,113168,1113171,1,0.0,1.0,0.0,1.0,False,False,player_0_attempted_to_draw_from_empty_library,148,12,0,7,0,0.0,1.0,2,1,0,0,4,overlord_vs_jace60_life20_sp1_s002,1,5.8999999999999995,2,1,0,0,4
overlord_vs_jace60_life20_sp1_s002_rep01,mulligan,forty_overlord_impending:threat_rush:mulligan_outcome_ranker_rev0027,sixty_no_overlord_jace_only:code_jace_lock_rev0013:keep_always,forty_overlord_impending,sixty_no_overlord_jace_only,threat_rush,code_jace_lock_rev0013,mulligan_outcome_ranker_rev0027,keep_always,20,1,113168,113168,1113171,1,0.0,1.0,0.0,1.0,False,False,player_0_attempted_to_draw_from_empty_library,302,30,1,6,0,0.0,1.0,5,1,0,0,0,overlord_vs_jace60_life20_sp1_s002,1,5.8999999999999995,2,1,0,0,4
overlord_vs_jace60_life20_sp1_s002_rep02,keep,forty_overlord_impending:threat_rush:mulligan_outcome_ranker_rev0027,sixty_no_overlord_jace_only:code_jace_lock_rev0013:keep_always,forty_overlord_impending,sixty_no_overlord_jace_only,threat_rush,code_jace_lock_rev0013,mulligan_outcome_ranker_rev0027,keep_always,20,1,122319,122319,1122322,0,1.0,0.0,1.0,0.0,False,False,player_1_attempted_to_draw_from_empty_library,174,15,0,7,0,1.0,0.0,2,1,0,0,4,overlord_vs_jace60_life20_sp1_s002,2,5.8999999999999995,2,1,0,0,4
overlord_vs_jace60_life20_sp1_s002_rep02,mulligan,forty_overlord_impending:threat_rush:mulligan_outcome_ranker_rev0027,sixty_no_overlord_jace_only:code_jace_lock_rev0013:keep_always,forty_overlord_impending,sixty_no_overlord_jace_only,threat_rush,code_jace_lock_rev0013,mulligan_outcome_ranker_rev0027,keep_always,20,1,122319,122319,1122322,1,0.0,1.0,0.0,1.0,False,False,player_0_attempted_to_draw_from_empty_library,302,30,1,6,0,0.0,1.0,5,1,0,0,0,overlord_vs_jace60_life20_sp1_s002,2,5.8999999999999995,2,1,0,0,4
overlord_vs_jace60_life40_sp0_s000_rep00,keep,forty_overlord_impending:threat_rush:mulligan_outcome_ranker_rev0027,sixty_no_overlord_jace_only:code_jace_lock_rev0013:keep_always,forty_overlord_impending,sixty_no_overlord_jace_only,threat_rush,code_jace_lock_rev0013,mulligan_outcome_ranker_rev0027,keep_always,40,0,104018,104018,1104021,0,1.0,0.0,1.0,0.0,False,False,player_1_life_total_zero_or_less,140,11,0,7,0,1.0,0.0,5,1,0,0,1,overlord_vs_jace60_life40_sp0_s000,0,5.799999999999999,5,1,0,0,1
overlord_vs_jace60_life40_sp0_s000_rep00,mulligan,forty_overlord_impending:threat_rush:mulligan_outcome_ranker_rev0027,sixty_no_overlord_jace_only:code_jace_lock_rev0013:keep_always,forty_overlord_impending,sixty_no_overlord_jace_only,threat_rush,code_jace_lock_rev0013,mulligan_outcome_ranker_rev0027,keep_always,40,0,104018,104018,1104021,1,0.0,1.0,0.0,1.0,False,False,player_0_attempted_to_draw_from_empty_library,262,21,1,6,0,0.0,1.0,2,2,0,1,1,overlord_vs_jace60_life40_sp0_s000,0,5.799999999999999,5,1,0,0,1
overlord_vs_jace60_life40_sp0_s000_rep01,keep,forty_overlord_impending:threat_rush:mulligan_outcome_ranker_rev0027,sixty_no_overlord_jace_only:code_jace_lock_rev0013:keep_always,forty_overlord_impending,sixty_no_overlord_jace_only,threat_rush,code_jace_lock_rev0013,mulligan_outcome_ranker_rev0027,keep_always,40,0,113169,113169,1113172,0,1.0,0.0,1.0,0.0,False,False,player_1_life_total_zero_or_less,140,11,0,7,0,1.0,0.0,5,1,0,0,1,overlord_vs_jace60_life40_sp0_s000,1,5.799999999999999,5,1,0,0,1
overlord_vs_jace60_life40_sp0_s000_rep01,mulligan,forty_overlord_impending:threat_rush:mulligan_outcome_ranker_rev0027,sixty_no_overlord_jace_only:code_jace_lock_rev0013:keep_always,forty_overlord_impending,sixty_no_overlord_jace_only,threat_rush,code_jace_lock_rev0013,mulligan_outcome_ranker_rev0027,keep_always,40,0,113169,113169,1113172,1,0.0,1.0,0.0,1.0,False,False,player_0_attempted_to_draw_from_empty_library,189,15,1,6,0,0.0,1.0,2,2,0,1,1,overlord_vs_jace60_life40_sp0_s000,1,5.799999999999999,5,1,0,0,1
overlord_vs_jace60_life40_sp0_s000_rep02,keep,forty_overlord_impending:threat_rush:mulligan_outcome_ranker_rev0027,sixty_no_overlord_jace_only:code_jace_lock_rev0013:keep_always,forty_overlord_impending,sixty_no_overlord_jace_only,threat_rush,code_jace_lock_rev0013,mulligan_outcome_ranker_rev0027,keep_always,40,0,122320,122320,1122323,0,1.0,0.0,1.0,0.0,False,False,player_1_life_total_zero_or_less,140,11,0,7,0,1.0,0.0,5,1,0,0,1,overlord_vs_jace60_life40_sp0_s000,2,5.799999999999999,5,1,0,0,1
overlord_vs_jace60_life40_sp0_s000_rep02,mulligan,forty_overlord_impending:threat_rush:mulligan_outcome_ranker_rev0027,sixty_no_overlord_jace_only:code_jace_lock_rev0013:keep_always,forty_overlord_impending,sixty_no_overlord_jace_only,threat_rush,code_jace_lock_rev0013,mulligan_outcome_ranker_rev0027,keep_always,40,0,122320,122320,1122323,1,0.0,1.0,0.0,1.0,False,False,player_0_attempted_to_draw_from_empty_library,207,16,1,6,0,0.0,1.0,2,2,0,1,1,overlord_vs_jace60_life40_sp0_s000,2,5.799999999999999,5,1,0,0,1
overlord_vs_jace60_life40_sp1_s000_rep00,keep,forty_overlord_impending:threat_rush:mulligan_outcome_ranker_rev0027,sixty_no_overlord_jace_only:code_jace_lock_rev0013:keep_always,forty_overlord_impending,sixty_no_overlord_jace_only,threat_rush,code_jace_lock_rev0013,mulligan_outcome_ranker_rev0027,keep_always,40,1,104019,104019,1104022,1,0.0,1.0,0.0,1.0,False,False,player_0_attempted_to_draw_from_empty_library,150,14,0,7,0,0.0,1.0,3,2,0,1,1,overlord_vs_jace60_life40_sp1_s000,0,8.65,3,2,0,1,1
overlord_vs_jace60_life40_sp1_s000_rep00,mulligan,forty_overlord_impending:threat_rush:mulligan_outcome_ranker_rev0027,sixty_no_overlord_jace_only:code_jace_lock_rev0013:keep_always,forty_overlord_impending,sixty_no_overlord_jace_only,threat_rush,code_jace_lock_rev0013,mulligan_outcome_ranker_rev0027,keep_always,40,1,104019,104019,1104022,0,1.0,0.0,1.0,0.0,False,False,player_1_attempted_to_draw_from_empty_library,142,13,1,6,0,1.0,0.0,3,1,1,1,0,overlord_vs_jace60_life40_sp1_s000,0,8.65,3,2,0,1,1
overlord_vs_jace60_life40_sp1_s000_rep01,keep,forty_overlord_impending:threat_rush:mulligan_outcome_ranker_rev0027,sixty_no_overlord_jace_only:code_jace_lock_rev0013:keep_always,forty_overlord_impending,sixty_no_overlord_jace_only,threat_rush,code_jace_lock_rev0013,mulligan_outcome_ranker_rev0027,keep_always,40,1,113170,113170,1113173,0,1.0,0.0,1.0,0.0,False,False,player_1_attempted_to_draw_from_empty_library,173,15,0,7,0,1.0,0.0,3,2,0,1,1,overlord_vs_jace60_life40_sp1_s000,1,8.65,3,2,0,1,1
overlord_vs_jace60_life40_sp1_s000_rep01,mulligan,forty_overlord_impending:threat_rush:mulligan_outcome_ranker_rev0027,sixty_no_overlord_jace_only:code_jace_lock_rev0013:keep_always,forty_overlord_impending,sixty_no_overlord_jace_only,threat_rush,code_jace_lock_rev0013,mulligan_outcome_ranker_rev0027,keep_always,40,1,113170,113170,1113173,0,1.0,0.0,1.0,0.0,False,False,player_1_attempted_to_draw_from_empty_library,145,14,1,6,0,1.0,0.0,3,1,1,1,0,overlord_vs_jace60_life40_sp1_s000,1,8.65,3,2,0,1,1
overlord_vs_jace60_life40_sp1_s000_rep02,keep,forty_overlord_impending:threat_rush:mulligan_outcome_ranker_rev0027,sixty_no_overlord_jace_only:code_jace_lock_rev0013:keep_always,forty_overlord_impending,sixty_no_overlord_jace_only,threat_rush,code_jace_lock_rev0013,mulligan_outcome_ranker_rev0027,keep_always,40,1,122321,122321,1122324,0,1.0,0.0,1.0,0.0,False,False,player_1_attempted_to_draw_from_empty_library,207,18,0,7,0,1.0,0.0,3,2,0,1,1,overlord_vs_jace60_life40_sp1_s000,2,8.65,3,2,0,1,1
overlord_vs_jace60_life40_sp1_s000_rep02,mulligan,forty_overlord_impending:threat_rush:mulligan_outcome_ranker_rev0027,sixty_no_overlord_jace_only:code_jace_lock_rev0013:keep_always,forty_overlord_impending,sixty_no_overlord_jace_only,threat_rush,code_jace_lock_rev0013,mulligan_outcome_ranker_rev0027,keep_always,40,1,122321,122321,1122324,1,0.0,1.0,0.0,1.0,False,False,player_0_attempted_to_draw_from_empty_library,164,15,1,6,0,0.0,1.0,3,1,1,1,0,overlord_vs_jace60_life40_sp1_s000,2,8.65,3,2,0,1,1
overlord_vs_jace60_life40_sp0_s001_rep00,keep,forty_overlord_impending:threat_rush:mulligan_outcome_ranker_rev0027,sixty_no_overlord_jace_only:code_jace_lock_rev0013:keep_always,forty_overlord_impending,sixty_no_overlord_jace_only,threat_rush,code_jace_lock_rev0013,mulligan_outcome_ranker_rev0027,keep_always,40,0,104020,104020,1104023,1,0.0,1.0,0.0,1.0,False,False,player_0_attempted_to_draw_from_empty_library,217,17,0,7,0,0.0,1.0,4,2,0,0,1,overlord_vs_jace60_life40_sp0_s001,0,7.3999999999999995,4,2,0,0,1
overlord_vs_jace60_life40_sp0_s001_rep00,mulligan,forty_overlord_impending:threat_rush:mulligan_outcome_ranker_rev0027,sixty_no_overlord_jace_only:code_jace_lock_rev0013:keep_always,forty_overlord_impending,sixty_no_overlord_jace_only,threat_rush,code_jace_lock_rev0013,mulligan_outcome_ranker_rev0027,keep_always,40,0,104020,104020,1104023,1,0.0,1.0,0.0,1.0,False,False,player_0_attempted_to_draw_from_empty_library,265,21,1,6,0,0.0,1.0,4,1,0,0,1,overlord_vs_jace60_life40_sp0_s001,0,7.3999999999999995,4,2,0,0,1
overlord_vs_jace60_life40_sp0_s001_rep01,keep,forty_overlord_impending:threat_rush:mulligan_outcome_ranker_rev0027,sixty_no_overlord_jace_only:code_jace_lock_rev0013:keep_always,forty_overlord_impending,sixty_no_overlord_jace_only,threat_rush,code_jace_lock_rev0013,mulligan_outcome_ranker_rev0027,keep_always,40,0,113171,113171,1113174,1,0.0,1.0,0.0,1.0,False,False,player_0_attempted_to_draw_from_empty_library,217,18,0,7,0,0.0,1.0,4,2,0,0,1,overlord_vs_jace60_life40_sp0_s001,1,7.3999999999999995,4,2,0,0,1
overlord_vs_jace60_life40_sp0_s001_rep01,mulligan,forty_overlord_impending:threat_rush:mulligan_outcome_ranker_rev0027,sixty_no_overlord_jace_only:code_jace_lock_rev0013:keep_always,forty_overlord_impending,sixty_no_overlord_jace_only,threat_rush,code_jace_lock_rev0013,mulligan_outcome_ranker_rev0027,keep_always,40,0,113171,113171,1113174,1,0.0,1.0,0.0,1.0,False,False,player_0_attempted_to_draw_from_empty_library,265,21,1,6,0,0.0,1.0,4,1,0,0,1,overlord_vs_jace60_life40_sp0_s001,1,7.3999999999999995,4,2,0,0,1
overlord_vs_jace60_life40_sp0_s001_rep02,keep,forty_overlord_impending:threat_rush:mulligan_outcome_ranker_rev0027,sixty_no_overlord_jace_only:code_jace_lock_rev0013:keep_always,forty_overlord_impending,sixty_no_overlord_jace_only,threat_rush,code_jace_lock_rev0013,mulligan_outcome_ranker_rev0027,keep_always,40,0,122322,122322,1122325,0,1.0,0.0,1.0,0.0,False,False,player_1_attempted_to_draw_from_empty_library,262,23,0,7,0,1.0,0.0,4,2,0,0,1,overlord_vs_jace60_life40_sp0_s001,2,7.3999999999999995,4,2,0,0,1
overlord_vs_jace60_life40_sp0_s001_rep02,mulligan,forty_overlord_impending:threat_rush:mulligan_outcome_ranker_rev0027,sixty_no_overlord_jace_only:code_jace_lock_rev0013:keep_always,forty_overlord_impending,sixty_no_overlord_jace_only,threat_rush,code_jace_lock_rev0013,mulligan_outcome_ranker_rev0027,keep_always,40,0,122322,122322,1122325,1,0.0,1.0,0.0,1.0,False,False,player_0_attempted_to_draw_from_empty_library,262,21,1,6,0,0.0,1.0,4,1,0,0,1,overlord_vs_jace60_life40_sp0_s001,2,7.3999999999999995,4,2,0,0,1
overlord_vs_jace60_life40_sp1_s001_rep00,keep,forty_overlord_impending:threat_rush:mulligan_outcome_ranker_rev0027,sixty_no_overlord_jace_only:code_jace_lock_rev0013:keep_always,forty_overlord_impending,sixty_no_overlord_jace_only,threat_rush,code_jace_lock_rev0013,mulligan_outcome_ranker_rev0027,keep_always,40,1,104021,104021,1104024,1,0.0,1.0,0.0,1.0,False,False,player_0_attempted_to_draw_from_empty_library,254,22,0,7,0,0.0,1.0,3,1,2,0,1,overlord_vs_jace60_life40_sp1_s001,0,9.25,3,1,2,0,1
overlord_vs_jace60_life40_sp1_s001_rep00,mulligan,forty_overlord_impending:threat_rush:mulligan_outcome_ranker_rev0027,sixty_no_overlord_jace_only:code_jace_lock_rev0013:keep_always,forty_overlord_impending,sixty_no_overlord_jace_only,threat_rush,code_jace_lock_rev0013,mulligan_outcome_ranker_rev0027,keep_always,40,1,104021,104021,1104024,1,0.0,1.0,0.0,1.0,False,False,player_0_attempted_to_draw_from_empty_library,345,36,1,6,0,0.0,1.0,3,2,0,0,1,overlord_vs_jace60_life40_sp1_s001,0,9.25,3,1,2,0,1
overlord_vs_jace60_life40_sp1_s001_rep01,keep,forty_overlord_impending:threat_rush:mulligan_outcome_ranker_rev0027,sixty_no_overlord_jace_only:code_jace_lock_rev0013:keep_always,forty_overlord_impending,sixty_no_overlord_jace_only,threat_rush,code_jace_lock_rev0013,mulligan_outcome_ranker_rev0027,keep_always,40,1,113172,113172,1113175,1,0.0,1.0,0.0,1.0,False,False,player_0_attempted_to_draw_from_empty_library,254,22,0,7,0,0.0,1.0,3,1,2,0,1,overlord_vs_jace60_life40_sp1_s001,1,9.25,3,1,2,0,1
overlord_vs_jace60_life40_sp1_s001_rep01,mulligan,forty_overlord_impending:threat_rush:mulligan_outcome_ranker_rev0027,sixty_no_overlord_jace_only:code_jace_lock_rev0013:keep_always,forty_overlord_impending,sixty_no_overlord_jace_only,threat_rush,code_jace_lock_rev0013,mulligan_outcome_ranker_rev0027,keep_always,40,1,113172,113172,1113175,1,0.0,1.0,0.0,1.0,False,False,player_0_attempted_to_draw_from_empty_library,345,36,1,6,0,0.0,1.0,3,2,0,0,1,overlord_vs_jace60_life40_sp1_s001,1,9.25,3,1,2,0,1
overlord_vs_jace60_life40_sp1_s001_rep02,keep,forty_overlord_impending:threat_rush:mulligan_outcome_ranker_rev0027,sixty_no_overlord_jace_only:code_jace_lock_rev0013:keep_always,forty_overlord_impending,sixty_no_overlord_jace_only,threat_rush,code_jace_lock_rev0013,mulligan_outcome_ranker_rev0027,keep_always,40,1,122323,122323,1122326,1,0.0,1.0,0.0,1.0,False,False,player_0_attempted_to_draw_from_empty_library,254,22,0,7,0,0.0,1.0,3,1,2,0,1,overlord_vs_jace60_life40_sp1_s001,2,9.25,3,1,2,0,1
overlord_vs_jace60_life40_sp1_s001_rep02,mulligan,forty_overlord_impending:threat_rush:mulligan_outcome_ranker_rev0027,sixty_no_overlord_jace_only:code_jace_lock_rev0013:keep_always,forty_overlord_impending,sixty_no_overlord_jace_only,threat_rush,code_jace_lock_rev0013,mulligan_outcome_ranker_rev0027,keep_always,40,1,122323,122323,1122326,1,0.0,1.0,0.0,1.0,False,False,player_0_attempted_to_draw_from_empty_library,345,36,1,6,0,0.0,1.0,3,2,0,0,1,overlord_vs_jace60_life40_sp1_s001,2,9.25,3,1,2,0,1
overlord_vs_jace60_life40_sp0_s002_rep00,keep,forty_overlord_impending:threat_rush:mulligan_outcome_ranker_rev0027,sixty_no_overlord_jace_only:code_jace_lock_rev0013:keep_always,forty_overlord_impending,sixty_no_overlord_jace_only,threat_rush,code_jace_lock_rev0013,mulligan_outcome_ranker_rev0027,keep_always,40,0,104022,104022,1104025,1,0.0,1.0,0.0,1.0,False,False,player_0_attempted_to_draw_from_empty_library,128,12,0,7,0,0.0,1.0,4,1,1,0,1,overlord_vs_jace60_life40_sp0_s002,0,8.3,4,1,1,0,1
overlord_vs_jace60_life40_sp0_s002_rep00,mulligan,forty_overlord_impending:threat_rush:mulligan_outcome_ranker_rev0027,sixty_no_overlord_jace_only:code_jace_lock_rev0013:keep_always,forty_overlord_impending,sixty_no_overlord_jace_only,threat_rush,code_jace_lock_rev0013,mulligan_outcome_ranker_rev0027,keep_always,40,0,104022,104022,1104025,0,1.0,0.0,1.0,0.0,False,False,player_1_attempted_to_draw_from_empty_library,251,18,1,6,0,1.0,0.0,4,0,0,0,2,overlord_vs_jace60_life40_sp0_s002,0,8.3,4,1,1,0,1
overlord_vs_jace60_life40_sp0_s002_rep01,keep,forty_overlord_impending:threat_rush:mulligan_outcome_ranker_rev0027,sixty_no_overlord_jace_only:code_jace_lock_rev0013:keep_always,forty_overlord_impending,sixty_no_overlord_jace_only,threat_rush,code_jace_lock_rev0013,mulligan_outcome_ranker_rev0027,keep_always,40,0,113173,113173,1113176,0,1.0,0.0,1.0,0.0,False,False,player_1_attempted_to_draw_from_empty_library,139,12,0,7,0,1.0,0.0,4,1,1,0,1,overlord_vs_jace60_life40_sp0_s002,1,8.3,4,1,1,0,1
overlord_vs_jace60_life40_sp0_s002_rep01,mulligan,forty_overlord_impending:threat_rush:mulligan_outcome_ranker_rev0027,sixty_no_overlord_jace_only:code_jace_lock_rev0013:keep_always,forty_overlord_impending,sixty_no_overlord_jace_only,threat_rush,code_jace_lock_rev0013,mulligan_outcome_ranker_rev0027,keep_always,40,0,113173,113173,1113176,1,0.0,1.0,0.0,1.0,False,False,player_0_attempted_to_draw_from_empty_library,267,19,1,6,0,0.0,1.0,4,0,0,0,2,overlord_vs_jace60_life40_sp0_s002,1,8.3,4,1,1,0,1
overlord_vs_jace60_life40_sp0_s002_rep02,keep,forty_overlord_impending:threat_rush:mulligan_outcome_ranker_rev0027,sixty_no_overlord_jace_only:code_jace_lock_rev0013:keep_always,forty_overlord_impending,sixty_no_overlord_jace_only,threat_rush,code_jace_lock_rev0013,mulligan_outcome_ranker_rev0027,keep_always,40,0,122324,122324,1122327,1,0.0,1.0,0.0,1.0,False,False,player_0_attempted_to_draw_from_empty_library,129,12,0,7,0,0.0,1.0,4,1,1,0,1,overlord_vs_jace60_life40_sp0_s002,2,8.3,4,1,1,0,1
overlord_vs_jace60_life40_sp0_s002_rep02,mulligan,forty_overlord_impending:threat_rush:mulligan_outcome_ranker_rev0027,sixty_no_overlord_jace_only:code_jace_lock_rev0013:keep_always,forty_overlord_impending,sixty_no_overlord_jace_only,threat_rush,code_jace_lock_rev0013,mulligan_outcome_ranker_rev0027,keep_always,40,0,122324,122324,1122327,1,0.0,1.0,0.0,1.0,False,False,player_0_attempted_to_draw_from_empty_library,166,14,1,6,0,0.0,1.0,4,0,0,0,2,overlord_vs_jace60_life40_sp0_s002,2,8.3,4,1,1,0,1
overlord_vs_jace60_life40_sp1_s002_rep00,keep,forty_overlord_impending:threat_rush:mulligan_outcome_ranker_rev0027,sixty_no_overlord_jace_only:code_jace_lock_rev0013:keep_always,forty_overlord_impending,sixty_no_overlord_jace_only,threat_rush,code_jace_lock_rev0013,mulligan_outcome_ranker_rev0027,keep_always,40,1,104023,104023,1104026,0,1.0,0.0,1.0,0.0,False,False,player_1_attempted_to_draw_from_empty_library,139,13,0,7,0,1.0,0.0,5,0,0,0,2,overlord_vs_jace60_life40_sp1_s002,0,4.8,5,0,0,0,2
overlord_vs_jace60_life40_sp1_s002_rep00,mulligan,forty_overlord_impending:threat_rush:mulligan_outcome_ranker_rev0027,sixty_no_overlord_jace_only:code_jace_lock_rev0013:keep_always,forty_overlord_impending,sixty_no_overlord_jace_only,threat_rush,code_jace_lock_rev0013,mulligan_outcome_ranker_rev0027,keep_always,40,1,104023,104023,1104026,1,0.0,1.0,0.0,1.0,False,False,player_0_attempted_to_draw_from_empty_library,126,11,1,6,0,0.0,1.0,2,1,1,0,2,overlord_vs_jace60_life40_sp1_s002,0,4.8,5,0,0,0,2
overlord_vs_jace60_life40_sp1_s002_rep01,keep,forty_overlord_impending:threat_rush:mulligan_outcome_ranker_rev0027,sixty_no_overlord_jace_only:code_jace_lock_rev0013:keep_always,forty_overlord_impending,sixty_no_overlord_jace_only,threat_rush,code_jace_lock_rev0013,mulligan_outcome_ranker_rev0027,keep_always,40,1,113174,113174,1113177,1,0.0,1.0,0.0,1.0,False,False,player_0_attempted_to_draw_from_empty_library,136,13,0,7,0,0.0,1.0,5,0,0,0,2,overlord_vs_jace60_life40_sp1_s002,1,4.8,5,0,0,0,2
overlord_vs_jace60_life40_sp1_s002_rep01,mulligan,forty_overlord_impending:threat_rush:mulligan_outcome_ranker_rev0027,sixty_no_overlord_jace_only:code_jace_lock_rev0013:keep_always,forty_overlord_impending,sixty_no_overlord_jace_only,threat_rush,code_jace_lock_rev0013,mulligan_outcome_ranker_rev0027,keep_always,40,1,113174,113174,1113177,1,0.0,1.0,0.0,1.0,False,False,player_0_attempted_to_draw_from_empty_library,123,11,1,6,0,0.0,1.0,2,1,1,0,2,overlord_vs_jace60_life40_sp1_s002,1,4.8,5,0,0,0,2
overlord_vs_jace60_life40_sp1_s002_rep02,keep,forty_overlord_impending:threat_rush:mulligan_outcome_ranker_rev0027,sixty_no_overlord_jace_only:code_jace_lock_rev0013:keep_always,forty_overlord_impending,sixty_no_overlord_jace_only,threat_rush,code_jace_lock_rev0013,mulligan_outcome_ranker_rev0027,keep_always,40,1,122325,122325,1122328,1,0.0,1.0,0.0,1.0,False,False,player_0_attempted_to_draw_from_empty_library,138,13,0,7,0,0.0,1.0,5,0,0,0,2,overlord_vs_jace60_life40_sp1_s002,2,4.8,5,0,0,0,2
overlord_vs_jace60_life40_sp1_s002_rep02,mulligan,forty_overlord_impending:threat_rush:mulligan_outcome_ranker_rev0027,sixty_no_overlord_jace_only:code_jace_lock_rev0013:keep_always,forty_overlord_impending,sixty_no_overlord_jace_only,threat_rush,code_jace_lock_rev0013,mulligan_outcome_ranker_rev0027,keep_always,40,1,122325,122325,1122328,1,0.0,1.0,0.0,1.0,False,False,player_0_attempted_to_draw_from_empty_library,135,12,1,6,0,0.0,1.0,2,1,1,0,2,overlord_vs_jace60_life40_sp1_s002,2,4.8,5,0,0,0,2
wall_vs_overlord_life20_sp0_s000_rep00,keep,sixty_counterwall_jace:outcome_ranker_blend_counter_rev0025:mulligan_ranker_rev0024,forty_overlord_impending:threat_rush:land_band,sixty_counterwall_jace,forty_overlord_impending,outcome_ranker_blend_counter_rev0025,threat_rush,mulligan_ranker_rev0024,land_band,20,0,104024,104024,1104027,0,1.0,0.0,1.0,0.0,False,False,player_1_attempted_to_draw_from_empty_library,267,26,0,7,0,1.0,0.0,1,3,2,1,0,wall_vs_overlord_life20_sp0_s000,0,6.289999999999999,1,3,2,1,0
wall_vs_overlord_life20_sp0_s000_rep00,mulligan,sixty_counterwall_jace:outcome_ranker_blend_counter_rev0025:mulligan_ranker_rev0024,forty_overlord_impending:threat_rush:land_band,sixty_counterwall_jace,forty_overlord_impending,outcome_ranker_blend_counter_rev0025,threat_rush,mulligan_ranker_rev0024,land_band,20,0,104024,104024,1104027,0,1.0,0.0,1.0,0.0,False,False,player_1_attempted_to_draw_from_empty_library,275,19,1,6,0,1.0,0.0,3,3,0,0,0,wall_vs_overlord_life20_sp0_s000,0,6.289999999999999,1,3,2,1,0
wall_vs_overlord_life20_sp0_s000_rep01,keep,sixty_counterwall_jace:outcome_ranker_blend_counter_rev0025:mulligan_ranker_rev0024,forty_overlord_impending:threat_rush:land_band,sixty_counterwall_jace,forty_overlord_impending,outcome_ranker_blend_counter_rev0025,threat_rush,mulligan_ranker_rev0024,land_band,20,0,113175,113175,1113178,0,1.0,0.0,1.0,0.0,False,False,player_1_attempted_to_draw_from_empty_library,267,26,0,7,0,1.0,0.0,1,3,2,1,0,wall_vs_overlord_life20_sp0_s000,1,6.289999999999999,1,3,2,1,0
wall_vs_overlord_life20_sp0_s000_rep01,mulligan,sixty_counterwall_jace:outcome_ranker_blend_counter_rev0025:mulligan_ranker_rev0024,forty_overlord_impending:threat_rush:land_band,sixty_counterwall_jace,forty_overlord_impending,outcome_ranker_blend_counter_rev0025,threat_rush,mulligan_ranker_rev0024,land_band,20,0,113175,113175,1113178,0,1.0,0.0,1.0,0.0,False,False,player_1_attempted_to_draw_from_empty_library,279,19,1,6,0,1.0,0.0,3,3,0,0,0,wall_vs_overlord_life20_sp0_s000,1,6.289999999999999,1,3,2,1,0
wall_vs_overlord_life20_sp0_s000_rep02,keep,sixty_counterwall_jace:outcome_ranker_blend_counter_rev0025:mulligan_ranker_rev0024,forty_overlord_impending:threat_rush:land_band,sixty_counterwall_jace,forty_overlord_impending,outcome_ranker_blend_counter_rev0025,threat_rush,mulligan_ranker_rev0024,land_band,20,0,122326,122326,1122329,0,1.0,0.0,1.0,0.0,False,False,player_1_attempted_to_draw_from_empty_library,267,26,0,7,0,1.0,0.0,1,3,2,1,0,wall_vs_overlord_life20_sp0_s000,2,6.289999999999999,1,3,2,1,0
wall_vs_overlord_life20_sp0_s000_rep02,mulligan,sixty_counterwall_jace:outcome_ranker_blend_counter_rev0025:mulligan_ranker_rev0024,forty_overlord_impending:threat_rush:land_band,sixty_counterwall_jace,forty_overlord_impending,outcome_ranker_blend_counter_rev0025,threat_rush,mulligan_ranker_rev0024,land_band,20,0,122326,122326,1122329,0,1.0,0.0,1.0,0.0,False,False,player_1_attempted_to_draw_from_empty_library,279,19,1,6,0,1.0,0.0,3,3,0,0,0,wall_vs_overlord_life20_sp0_s000,2,6.289999999999999,1,3,2,1,0
wall_vs_overlord_life20_sp1_s000_rep00,keep,sixty_counterwall_jace:outcome_ranker_blend_counter_rev0025:mulligan_ranker_rev0024,forty_overlord_impending:threat_rush:land_band,sixty_counterwall_jace,forty_overlord_impending,outcome_ranker_blend_counter_rev0025,threat_rush,mulligan_ranker_rev0024,land_band,20,1,104025,104025,1104028,1,0.0,1.0,0.0,1.0,False,False,player_0_attempted_to_draw_from_empty_library,386,29,0,7,0,0.0,1.0,3,1,2,1,0,wall_vs_overlord_life20_sp1_s000,0,9.19,3,1,2,1,0
wall_vs_overlord_life20_sp1_s000_rep00,mulligan,sixty_counterwall_jace:outcome_ranker_blend_counter_rev0025:mulligan_ranker_rev0024,forty_overlord_impending:threat_rush:land_band,sixty_counterwall_jace,forty_overlord_impending,outcome_ranker_blend_counter_rev0025,threat_rush,mulligan_ranker_rev0024,land_band,20,1,104025,104025,1104028,0,1.0,0.0,1.0,0.0,False,False,player_1_attempted_to_draw_from_empty_library,390,31,1,6,0,1.0,0.0,4,1,0,1,0,wall_vs_overlord_life20_sp1_s000,0,9.19,3,1,2,1,0
wall_vs_overlord_life20_sp1_s000_rep01,keep,sixty_counterwall_jace:outcome_ranker_blend_counter_rev0025:mulligan_ranker_rev0024,forty_overlord_impending:threat_rush:land_band,sixty_counterwall_jace,forty_overlord_impending,outcome_ranker_blend_counter_rev0025,threat_rush,mulligan_ranker_rev0024,land_band,20,1,113176,113176,1113179,0,1.0,0.0,1.0,0.0,False,False,player_1_attempted_to_draw_from_empty_library,402,29,0,7,0,1.0,0.0,3,1,2,1,0,wall_vs_overlord_life20_sp1_s000,1,9.19,3,1,2,1,0
wall_vs_overlord_life20_sp1_s000_rep01,mulligan,sixty_counterwall_jace:outcome_ranker_blend_counter_rev0025:mulligan_ranker_rev0024,forty_overlord_impending:threat_rush:land_band,sixty_counterwall_jace,forty_overlord_impending,outcome_ranker_blend_counter_rev0025,threat_rush,mulligan_ranker_rev0024,land_band,20,1,113176,113176,1113179,0,1.0,0.0,1.0,0.0,False,False,player_1_attempted_to_draw_from_empty_library,390,31,1,6,0,1.0,0.0,4,1,0,1,0,wall_vs_overlord_life20_sp1_s000,1,9.19,3,1,2,1,0
wall_vs_overlord_life20_sp1_s000_rep02,keep,sixty_counterwall_jace:outcome_ranker_blend_counter_rev0025:mulligan_ranker_rev0024,forty_overlord_impending:threat_rush:land_band,sixty_counterwall_jace,forty_overlord_impending,outcome_ranker_blend_counter_rev0025,threat_rush,mulligan_ranker_rev0024,land_band,20,1,122327,122327,1122330,1,0.0,1.0,0.0,1.0,False,False,player_0_attempted_to_draw_from_empty_library,386,29,0,7,0,0.0,1.0,3,1,2,1,0,wall_vs_overlord_life20_sp1_s000,2,9.19,3,1,2,1,0
wall_vs_overlord_life20_sp1_s000_rep02,mulligan,sixty_counterwall_jace:outcome_ranker_blend_counter_rev0025:mulligan_ranker_rev0024,forty_overlord_impending:threat_rush:land_band,sixty_counterwall_jace,forty_overlord_impending,outcome_ranker_blend_counter_rev0025,threat_rush,mulligan_ranker_rev0024,land_band,20,1,122327,122327,1122330,1,0.0,1.0,0.0,1.0,False,False,player_0_attempted_to_draw_from_empty_library,391,30,1,6,0,0.0,1.0,4,1,0,1,0,wall_vs_overlord_life20_sp1_s000,2,9.19,3,1,2,1,0
wall_vs_overlord_life20_sp0_s001_rep00,keep,sixty_counterwall_jace:outcome_ranker_blend_counter_rev0025:mulligan_ranker_rev0024,forty_overlord_impending:threat_rush:land_band,sixty_counterwall_jace,forty_overlord_impending,outcome_ranker_blend_counter_rev0025,threat_rush,mulligan_ranker_rev0024,land_band,20,0,104026,104026,1104029,1,0.0,1.0,0.0,1.0,False,False,player_0_life_total_zero_or_less,112,10,0,7,0,0.0,1.0,6,1,0,0,0,wall_vs_overlord_life20_sp0_s001,0,2.85,6,1,0,0,0
wall_vs_overlord_life20_sp0_s001_rep00,mulligan,sixty_counterwall_jace:outcome_ranker_blend_counter_rev0025:mulligan_ranker_rev0024,forty_overlord_impending:threat_rush:land_band,sixty_counterwall_jace,forty_overlord_impending,outcome_ranker_blend_counter_rev0025,threat_rush,mulligan_ranker_rev0024,land_band,20,0,104026,104026,1104029,0,1.0,0.0,1.0,0.0,False,False,player_1_attempted_to_draw_from_empty_library,394,27,1,6,0,1.0,0.0,3,2,0,1,0,wall_vs_overlord_life20_sp0_s001,0,2.85,6,1,0,0,0
wall_vs_overlord_life20_sp0_s001_rep01,keep,sixty_counterwall_jace:outcome_ranker_blend_counter_rev0025:mulligan_ranker_rev0024,forty_overlord_impending:threat_rush:land_band,sixty_counterwall_jace,forty_overlord_impending,outcome_ranker_blend_counter_rev0025,threat_rush,mulligan_ranker_rev0024,land_band,20,0,113177,113177,1113180,1,0.0,1.0,0.0,1.0,False,False,player_0_life_total_zero_or_less,112,10,0,7,0,0.0,1.0,6,1,0,0,0,wall_vs_overlord_life20_sp0_s001,1,2.85,6,1,0,0,0
wall_vs_overlord_life20_sp0_s001_rep01,mulligan,sixty_counterwall_jace:outcome_ranker_blend_counter_rev0025:mulligan_ranker_rev0024,forty_overlord_impending:threat_rush:land_band,sixty_counterwall_jace,forty_overlord_impending,outcome_ranker_blend_counter_rev0025,threat_rush,mulligan_ranker_rev0024,land_band,20,0,113177,113177,1113180,0,1.0,0.0,1.0,0.0,False,False,player_1_attempted_to_draw_from_empty_library,394,27,1,6,0,1.0,0.0,3,2,0,1,0,wall_vs_overlord_life20_sp0_s001,1,2.85,6,1,0,0,0
wall_vs_overlord_life20_sp0_s001_rep02,keep,sixty_counterwall_jace:outcome_ranker_blend_counter_rev0025:mulligan_ranker_rev0024,forty_overlord_impending:threat_rush:land_band,sixty_counterwall_jace,forty_overlord_impending,outcome_ranker_blend_counter_rev0025,threat_rush,mulligan_ranker_rev0024,land_band,20,0,122328,122328,1122331,1,0.0,1.0,0.0,1.0,False,False,player_0_life_total_zero_or_less,112,10,0,7,0,0.0,1.0,6,1,0,0,0,wall_vs_overlord_life20_sp0_s001,2,2.85,6,1,0,0,0
wall_vs_overlord_life20_sp0_s001_rep02,mulligan,sixty_counterwall_jace:outcome_ranker_blend_counter_rev0025:mulligan_ranker_rev0024,forty_overlord_impending:threat_rush:land_band,sixty_counterwall_jace,forty_overlord_impending,outcome_ranker_blend_counter_rev0025,threat_rush,mulligan_ranker_rev0024,land_band,20,0,122328,122328,1122331,1,0.0,1.0,0.0,1.0,False,False,player_0_attempted_to_draw_from_empty_library,394,29,1,6,0,0.0,1.0,3,2,0,1,0,wall_vs_overlord_life20_sp0_s001,2,2.85,6,1,0,0,0
wall_vs_overlord_life20_sp1_s001_rep00,keep,sixty_counterwall_jace:outcome_ranker_blend_counter_rev0025:mulligan_ranker_rev0024,forty_overlord_impending:threat_rush:land_band,sixty_counterwall_jace,forty_overlord_impending,outcome_ranker_blend_counter_rev0025,threat_rush,mulligan_ranker_rev0024,land_band,20,1,104027,104027,1104030,0,1.0,0.0,1.0,0.0,False,False,player_1_life_total_zero_or_less,123,11,0,7,0,1.0,0.0,3,2,1,0,1,wall_vs_overlord_life20_sp1_s001,0,9.77,3,2,1,0,1
wall_vs_overlord_life20_sp1_s001_rep00,mulligan,sixty_counterwall_jace:outcome_ranker_blend_counter_rev0025:mulligan_ranker_rev0024,forty_overlord_impending:threat_rush:land_band,sixty_counterwall_jace,forty_overlord_impending,outcome_ranker_blend_counter_rev0025,threat_rush,mulligan_ranker_rev0024,land_band,20,1,104027,104027,1104030,0,1.0,0.0,1.0,0.0,False,False,player_1_attempted_to_draw_from_empty_library,267,19,1,6,0,1.0,0.0,1,3,0,2,0,wall_vs_overlord_life20_sp1_s001,0,9.77,3,2,1,0,1
wall_vs_overlord_life20_sp1_s001_rep01,keep,sixty_counterwall_jace:outcome_ranker_blend_counter_rev0025:mulligan_ranker_rev0024,forty_overlord_impending:threat_rush:land_band,sixty_counterwall_jace,forty_overlord_impending,outcome_ranker_blend_counter_rev0025,threat_rush,mulligan_ranker_rev0024,land_band,20,1,113178,113178,1113181,0,1.0,0.0,1.0,0.0,False,False,player_1_life_total_zero_or_less,123,11,0,7,0,1.0,0.0,3,2,1,0,1,wall_vs_overlord_life20_sp1_s001,1,9.77,3,2,1,0,1
wall_vs_overlord_life20_sp1_s001_rep01,mulligan,sixty_counterwall_jace:outcome_ranker_blend_counter_rev0025:mulligan_ranker_rev0024,forty_overlord_impending:threat_rush:land_band,sixty_counterwall_jace,forty_overlord_impending,outcome_ranker_blend_counter_rev0025,threat_rush,mulligan_ranker_rev0024,land_band,20,1,113178,113178,1113181,1,0.0,1.0,0.0,1.0,False,False,player_0_attempted_to_draw_from_empty_library,390,31,1,6,0,0.0,1.0,1,3,0,2,0,wall_vs_overlord_life20_sp1_s001,1,9.77,3,2,1,0,1
wall_vs_overlord_life20_sp1_s001_rep02,keep,sixty_counterwall_jace:outcome_ranker_blend_counter_rev0025:mulligan_ranker_rev0024,forty_overlord_impending:threat_rush:land_band,sixty_counterwall_jace,forty_overlord_impending,outcome_ranker_blend_counter_rev0025,threat_rush,mulligan_ranker_rev0024,land_band,20,1,122329,122329,1122332,0,1.0,0.0,1.0,0.0,False,False,player_1_life_total_zero_or_less,123,11,0,7,0,1.0,0.0,3,2,1,0,1,wall_vs_overlord_life20_sp1_s001,2,9.77,3,2,1,0,1
wall_vs_overlord_life20_sp1_s001_rep02,mulligan,sixty_counterwall_jace:outcome_ranker_blend_counter_rev0025:mulligan_ranker_rev0024,forty_overlord_impending:threat_rush:land_band,sixty_counterwall_jace,forty_overlord_impending,outcome_ranker_blend_counter_rev0025,threat_rush,mulligan_ranker_rev0024,land_band,20,1,122329,122329,1122332,0,1.0,0.0,1.0,0.0,False,False,player_1_attempted_to_draw_from_empty_library,267,19,1,6,0,1.0,0.0,1,3,0,2,0,wall_vs_overlord_life20_sp1_s001,2,9.77,3,2,1,0,1
wall_vs_overlord_life20_sp0_s002_rep00,keep,sixty_counterwall_jace:outcome_ranker_blend_counter_rev0025:mulligan_ranker_rev0024,forty_overlord_impending:threat_rush:land_band,sixty_counterwall_jace,forty_overlord_impending,outcome_ranker_blend_counter_rev0025,threat_rush,mulligan_ranker_rev0024,land_band,20,0,104028,104028,1104031,1,0.0,1.0,0.0,1.0,False,False,player_0_life_total_zero_or_less,153,10,0,7,0,0.0,1.0,3,2,1,1,0,wall_vs_overlord_life20_sp0_s002,0,9.57,3,2,1,1,0
wall_vs_overlord_life20_sp0_s002_rep00,mulligan,sixty_counterwall_jace:outcome_ranker_blend_counter_rev0025:mulligan_ranker_rev0024,forty_overlord_impending:threat_rush:land_band,sixty_counterwall_jace,forty_overlord_impending,outcome_ranker_blend_counter_rev0025,threat_rush,mulligan_ranker_rev0024,land_band,20,0,104028,104028,1104031,0,1.0,0.0,1.0,0.0,False,False,player_1_attempted_to_draw_from_empty_library,269,16,2,5,0,1.0,0.0,2,0,1,1,1,wall_vs_overlord_life20_sp0_s002,0,9.57,3,2,1,1,0
wall_vs_overlord_life20_sp0_s002_rep01,keep,sixty_counterwall_jace:outcome_ranker_blend_counter_rev0025:mulligan_ranker_rev0024,forty_overlord_impending:threat_rush:land_band,sixty_counterwall_jace,forty_overlord_impending,outcome_ranker_blend_counter_rev0025,threat_rush,mulligan_ranker_rev0024,land_band,20,0,113179,113179,1113182,0,1.0,0.0,1.0,0.0,False,False,player_1_attempted_to_draw_from_empty_library,339,30,0,7,0,1.0,0.0,3,2,1,1,0,wall_vs_overlord_life20_sp0_s002,1,9.57,3,2,1,1,0
wall_vs_overlord_life20_sp0_s002_rep01,mulligan,sixty_counterwall_jace:outcome_ranker_blend_counter_rev0025:mulligan_ranker_rev0024,forty_overlord_impending:threat_rush:land_band,sixty_counterwall_jace,forty_overlord_impending,outcome_ranker_blend_counter_rev0025,threat_rush,mulligan_ranker_rev0024,land_band,20,0,113179,113179,1113182,0,1.0,0.0,1.0,0.0,False,False,player_1_attempted_to_draw_from_empty_library,254,15,2,5,0,1.0,0.0,2,0,1,1,1,wall_vs_overlord_life20_sp0_s002,1,9.57,3,2,1,1,0
wall_vs_overlord_life20_sp0_s002_rep02,keep,sixty_counterwall_jace:outcome_ranker_blend_counter_rev0025:mulligan_ranker_rev0024,forty_overlord_impending:threat_rush:land_band,sixty_counterwall_jace,forty_overlord_impending,outcome_ranker_blend_counter_rev0025,threat_rush,mulligan_ranker_rev0024,land_band,20,0,122330,122330,1122333,1,0.0,1.0,0.0,1.0,False,False,player_0_life_total_zero_or_less,153,10,0,7,0,0.0,1.0,3,2,1,1,0,wall_vs_overlord_life20_sp0_s002,2,9.57,3,2,1,1,0
wall_vs_overlord_life20_sp0_s002_rep02,mulligan,sixty_counterwall_jace:outcome_ranker_blend_counter_rev0025:mulligan_ranker_rev0024,forty_overlord_impending:threat_rush:land_band,sixty_counterwall_jace,forty_overlord_impending,outcome_ranker_blend_counter_rev0025,threat_rush,mulligan_ranker_rev0024,land_band,20,0,122330,122330,1122333,0,1.0,0.0,1.0,0.0,False,False,player_1_attempted_to_draw_from_empty_library,269,16,2,5,0,1.0,0.0,2,0,1,1,1,wall_vs_overlord_life20_sp0_s002,2,9.57,3,2,1,1,0
wall_vs_overlord_life20_sp1_s002_rep00,keep,sixty_counterwall_jace:outcome_ranker_blend_counter_rev0025:mulligan_ranker_rev0024,forty_overlord_impending:threat_rush:land_band,sixty_counterwall_jace,forty_overlord_impending,outcome_ranker_blend_counter_rev0025,threat_rush,mulligan_ranker_rev0024,land_band,20,1,104029,104029,1104032,0,1.0,0.0,1.0,0.0,False,False,player_1_attempted_to_draw_from_empty_library,391,29,0,7,0,1.0,0.0,4,3,0,0,0,wall_vs_overlord_life20_sp1_s002,0,6.199999999999999,4,3,0,0,0
wall_vs_overlord_life20_sp1_s002_rep00,mulligan,sixty_counterwall_jace:outcome_ranker_blend_counter_rev0025:mulligan_ranker_rev0024,forty_overlord_impending:threat_rush:land_band,sixty_counterwall_jace,forty_overlord_impending,outcome_ranker_blend_counter_rev0025,threat_rush,mulligan_ranker_rev0024,land_band,20,1,104029,104029,1104032,0,1.0,0.0,1.0,0.0,False,False,player_1_attempted_to_draw_from_empty_library,350,35,1,6,0,1.0,0.0,3,2,1,0,0,wall_vs_overlord_life20_sp1_s002,0,6.199999999999999,4,3,0,0,0
wall_vs_overlord_life20_sp1_s002_rep01,keep,sixty_counterwall_jace:outcome_ranker_blend_counter_rev0025:mulligan_ranker_rev0024,forty_overlord_impending:threat_rush:land_band,sixty_counterwall_jace,forty_overlord_impending,outcome_ranker_blend_counter_rev0025,threat_rush,mulligan_ranker_rev0024,land_band,20,1,113180,113180,1113183,0,1.0,0.0,1.0,0.0,False,False,player_1_attempted_to_draw_from_empty_library,388,29,0,7,0,1.0,0.0,4,3,0,0,0,wall_vs_overlord_life20_sp1_s002,1,6.199999999999999,4,3,0,0,0
wall_vs_overlord_life20_sp1_s002_rep01,mulligan,sixty_counterwall_jace:outcome_ranker_blend_counter_rev0025:mulligan_ranker_rev0024,forty_overlord_impending:threat_rush:land_band,sixty_counterwall_jace,forty_overlord_impending,outcome_ranker_blend_counter_rev0025,threat_rush,mulligan_ranker_rev0024,land_band,20,1,113180,113180,1113183,0,1.0,0.0,1.0,0.0,False,False,player_1_attempted_to_draw_from_empty_library,350,35,1,6,0,1.0,0.0,3,2,1,0,0,wall_vs_overlord_life20_sp1_s002,1,6.199999999999999,4,3,0,0,0
wall_vs_overlord_life20_sp1_s002_rep02,keep,sixty_counterwall_jace:outcome_ranker_blend_counter_rev0025:mulligan_ranker_rev0024,forty_overlord_impending:threat_rush:land_band,sixty_counterwall_jace,forty_overlord_impending,outcome_ranker_blend_counter_rev0025,threat_rush,mulligan_ranker_rev0024,land_band,20,1,122331,122331,1122334,0,1.0,0.0,1.0,0.0,False,False,player_1_attempted_to_draw_from_empty_library,391,29,0,7,0,1.0,0.0,4,3,0,0,0,wall_vs_overlord_life20_sp1_s002,2,6.199999999999999,4,3,0,0,0
wall_vs_overlord_life20_sp1_s002_rep02,mulligan,sixty_counterwall_jace:outcome_ranker_blend_counter_rev0025:mulligan_ranker_rev0024,forty_overlord_impending:threat_rush:land_band,sixty_counterwall_jace,forty_overlord_impending,outcome_ranker_blend_counter_rev0025,threat_rush,mulligan_ranker_rev0024,land_band,20,1,122331,122331,1122334,0,1.0,0.0,1.0,0.0,False,False,player_1_attempted_to_draw_from_empty_library,350,35,1,6,0,1.0,0.0,3,2,1,0,0,wall_vs_overlord_life20_sp1_s002,2,6.199999999999999,4,3,0,0,0
wall_vs_overlord_life40_sp0_s000_rep00,keep,sixty_counterwall_jace:outcome_ranker_blend_counter_rev0025:mulligan_ranker_rev0024,forty_overlord_impending:threat_rush:land_band,sixty_counterwall_jace,forty_overlord_impending,outcome_ranker_blend_counter_rev0025,threat_rush,mulligan_ranker_rev0024,land_band,40,0,104030,104030,1104033,0,1.0,0.0,1.0,0.0,False,False,player_1_attempted_to_draw_from_empty_library,331,21,0,7,1,1.0,0.0,1,3,2,1,0,wall_vs_overlord_life40_sp0_s000,0,6.85,1,3,2,1,0
wall_vs_overlord_life40_sp0_s000_rep00,mulligan,sixty_counterwall_jace:outcome_ranker_blend_counter_rev0025:mulligan_ranker_rev0024,forty_overlord_impending:threat_rush:land_band,sixty_counterwall_jace,forty_overlord_impending,outcome_ranker_blend_counter_rev0025,threat_rush,mulligan_ranker_rev0024,land_band,40,0,104030,104030,1104033,1,0.0,1.0,0.0,1.0,False,False,player_0_attempted_to_draw_from_empty_library,388,31,1,6,1,0.0,1.0,3,1,2,0,0,wall_vs_overlord_life40_sp0_s000,0,6.85,1,3,2,1,0
wall_vs_overlord_life40_sp0_s000_rep01,keep,sixty_counterwall_jace:outcome_ranker_blend_counter_rev0025:mulligan_ranker_rev0024,forty_overlord_impending:threat_rush:land_band,sixty_counterwall_jace,forty_overlord_impending,outcome_ranker_blend_counter_rev0025,threat_rush,mulligan_ranker_rev0024,land_band,40,0,113181,113181,1113184,0,1.0,0.0,1.0,0.0,False,False,player_1_attempted_to_draw_from_empty_library,402,29,0,7,1,1.0,0.0,1,3,2,1,0,wall_vs_overlord_life40_sp0_s000,1,6.85,1,3,2,1,0
wall_vs_overlord_life40_sp0_s000_rep01,mulligan,sixty_counterwall_jace:outcome_ranker_blend_counter_rev0025:mulligan_ranker_rev0024,forty_overlord_impending:threat_rush:land_band,sixty_counterwall_jace,forty_overlord_impending,outcome_ranker_blend_counter_rev0025,threat_rush,mulligan_ranker_rev0024,land_band,40,0,113181,113181,1113184,1,0.0,1.0,0.0,1.0,False,False,player_0_attempted_to_draw_from_empty_library,388,31,1,6,1,0.0,1.0,3,1,2,0,0,wall_vs_overlord_life40_sp0_s000,1,6.85,1,3,2,1,0
wall_vs_overlord_life40_sp0_s000_rep02,keep,sixty_counterwall_jace:outcome_ranker_blend_counter_rev0025:mulligan_ranker_rev0024,forty_overlord_impending:threat_rush:land_band,sixty_counterwall_jace,forty_overlord_impending,outcome_ranker_blend_counter_rev0025,threat_rush,mulligan_ranker_rev0024,land_band,40,0,122332,122332,1122335,0,1.0,0.0,1.0,0.0,False,False,player_1_attempted_to_draw_from_empty_library,331,21,0,7,1,1.0,0.0,1,3,2,1,0,wall_vs_overlord_life40_sp0_s000,2,6.85,1,3,2,1,0
wall_vs_overlord_life40_sp0_s000_rep02,mulligan,sixty_counterwall_jace:outcome_ranker_blend_counter_rev0025:mulligan_ranker_rev0024,forty_overlord_impending:threat_rush:land_band,sixty_counterwall_jace,forty_overlord_impending,outcome_ranker_blend_counter_rev0025,threat_rush,mulligan_ranker_rev0024,land_band,40,0,122332,122332,1122335,1,0.0,1.0,0.0,1.0,False,False,player_0_attempted_to_draw_from_empty_library,388,31,1,6,1,0.0,1.0,3,1,2,0,0,wall_vs_overlord_life40_sp0_s000,2,6.85,1,3,2,1,0
wall_vs_overlord_life40_sp1_s000_rep00,keep,sixty_counterwall_jace:outcome_ranker_blend_counter_rev0025:mulligan_ranker_rev0024,forty_overlord_impending:threat_rush:land_band,sixty_counterwall_jace,forty_overlord_impending,outcome_ranker_blend_counter_rev0025,threat_rush,mulligan_ranker_rev0024,land_band,40,1,104031,104031,1104034,1,0.0,1.0,0.0,1.0,False,False,player_0_life_total_zero_or_less,183,12,0,7,0,0.0,1.0,2,2,1,1,1,wall_vs_overlord_life40_sp1_s000,0,9.7,2,2,1,1,1
wall_vs_overlord_life40_sp1_s000_rep00,mulligan,sixty_counterwall_jace:outcome_ranker_blend_counter_rev0025:mulligan_ranker_rev0024,forty_overlord_impending:threat_rush:land_band,sixty_counterwall_jace,forty_overlord_impending,outcome_ranker_blend_counter_rev0025,threat_rush,mulligan_ranker_rev0024,land_band,40,1,104031,104031,1104034,0,1.0,0.0,1.0,0.0,False,False,player_1_attempted_to_draw_from_empty_library,340,25,1,6,0,1.0,0.0,3,0,1,2,0,wall_vs_overlord_life40_sp1_s000,0,9.7,2,2,1,1,1
wall_vs_overlord_life40_sp1_s000_rep01,keep,sixty_counterwall_jace:outcome_ranker_blend_counter_rev0025:mulligan_ranker_rev0024,forty_overlord_impending:threat_rush:land_band,sixty_counterwall_jace,forty_overlord_impending,outcome_ranker_blend_counter_rev0025,threat_rush,mulligan_ranker_rev0024,land_band,40,1,113182,113182,1113185,1,0.0,1.0,0.0,1.0,False,False,player_0_life_total_zero_or_less,183,12,0,7,0,0.0,1.0,2,2,1,1,1,wall_vs_overlord_life40_sp1_s000,1,9.7,2,2,1,1,1
wall_vs_overlord_life40_sp1_s000_rep01,mulligan,sixty_counterwall_jace:outcome_ranker_blend_counter_rev0025:mulligan_ranker_rev0024,forty_overlord_impending:threat_rush:land_band,sixty_counterwall_jace,forty_overlord_impending,outcome_ranker_blend_counter_rev0025,threat_rush,mulligan_ranker_rev0024,land_band,40,1,113182,113182,1113185,0,1.0,0.0,1.0,0.0,False,False,player_1_attempted_to_draw_from_empty_library,340,25,1,6,0,1.0,0.0,3,0,1,2,0,wall_vs_overlord_life40_sp1_s000,1,9.7,2,2,1,1,1
wall_vs_overlord_life40_sp1_s000_rep02,keep,sixty_counterwall_jace:outcome_ranker_blend_counter_rev0025:mulligan_ranker_rev0024,forty_overlord_impending:threat_rush:land_band,sixty_counterwall_jace,forty_overlord_impending,outcome_ranker_blend_counter_rev0025,threat_rush,mulligan_ranker_rev0024,land_band,40,1,122333,122333,1122336,1,0.0,1.0,0.0,1.0,False,False,player_0_life_total_zero_or_less,183,12,0,7,0,0.0,1.0,2,2,1,1,1,wall_vs_overlord_life40_sp1_s000,2,9.7,2,2,1,1,1
wall_vs_overlord_life40_sp1_s000_rep02,mulligan,sixty_counterwall_jace:outcome_ranker_blend_counter_rev0025:mulligan_ranker_rev0024,forty_overlord_impending:threat_rush:land_band,sixty_counterwall_jace,forty_overlord_impending,outcome_ranker_blend_counter_rev0025,threat_rush,mulligan_ranker_rev0024,land_band,40,1,122333,122333,1122336,0,1.0,0.0,1.0,0.0,False,False,player_1_attempted_to_draw_from_empty_library,340,25,1,6,0,1.0,0.0,3,0,1,2,0,wall_vs_overlord_life40_sp1_s000,2,9.7,2,2,1,1,1
wall_vs_overlord_life40_sp0_s001_rep00,keep,sixty_counterwall_jace:outcome_ranker_blend_counter_rev0025:mulligan_ranker_rev0024,forty_overlord_impending:threat_rush:land_band,sixty_counterwall_jace,forty_overlord_impending,outcome_ranker_blend_counter_rev0025,threat_rush,mulligan_ranker_rev0024,land_band,40,0,104032,104032,1104035,0,1.0,0.0,1.0,0.0,False,False,player_1_attempted_to_draw_from_empty_library,255,20,0,7,0,1.0,0.0,1,3,0,2,1,wall_vs_overlord_life40_sp0_s001,0,6.1,1,3,0,2,1
wall_vs_overlord_life40_sp0_s001_rep00,mulligan,sixty_counterwall_jace:outcome_ranker_blend_counter_rev0025:mulligan_ranker_rev0024,forty_overlord_impending:threat_rush:land_band,sixty_counterwall_jace,forty_overlord_impending,outcome_ranker_blend_counter_rev0025,threat_rush,mulligan_ranker_rev0024,land_band,40,0,104032,104032,1104035,0,1.0,0.0,1.0,0.0,False,False,player_1_attempted_to_draw_from_empty_library,208,16,1,6,0,1.0,0.0,3,2,0,0,1,wall_vs_overlord_life40_sp0_s001,0,6.1,1,3,0,2,1
wall_vs_overlord_life40_sp0_s001_rep01,keep,sixty_counterwall_jace:outcome_ranker_blend_counter_rev0025:mulligan_ranker_rev0024,forty_overlord_impending:threat_rush:land_band,sixty_counterwall_jace,forty_overlord_impending,outcome_ranker_blend_counter_rev0025,threat_rush,mulligan_ranker_rev0024,land_band,40,0,113183,113183,1113186,0,1.0,0.0,1.0,0.0,False,False,player_1_attempted_to_draw_from_empty_library,255,20,0,7,0,1.0,0.0,1,3,0,2,1,wall_vs_overlord_life40_sp0_s001,1,6.1,1,3,0,2,1
wall_vs_overlord_life40_sp0_s001_rep01,mulligan,sixty_counterwall_jace:outcome_ranker_blend_counter_rev0025:mulligan_ranker_rev0024,forty_overlord_impending:threat_rush:land_band,sixty_counterwall_jace,forty_overlord_impending,outcome_ranker_blend_counter_rev0025,threat_rush,mulligan_ranker_rev0024,land_band,40,0,113183,113183,1113186,0,1.0,0.0,1.0,0.0,False,False,player_1_attempted_to_draw_from_empty_library,208,16,1,6,0,1.0,0.0,3,2,0,0,1,wall_vs_overlord_life40_sp0_s001,1,6.1,1,3,0,2,1
wall_vs_overlord_life40_sp0_s001_rep02,keep,sixty_counterwall_jace:outcome_ranker_blend_counter_rev0025:mulligan_ranker_rev0024,forty_overlord_impending:threat_rush:land_band,sixty_counterwall_jace,forty_overlord_impending,outcome_ranker_blend_counter_rev0025,threat_rush,mulligan_ranker_rev0024,land_band,40,0,122334,122334,1122337,0,1.0,0.0,1.0,0.0,False,False,player_1_attempted_to_draw_from_empty_library,255,20,0,7,0,1.0,0.0,1,3,0,2,1,wall_vs_overlord_life40_sp0_s001,2,6.1,1,3,0,2,1
wall_vs_overlord_life40_sp0_s001_rep02,mulligan,sixty_counterwall_jace:outcome_ranker_blend_counter_rev0025:mulligan_ranker_rev0024,forty_overlord_impending:threat_rush:land_band,sixty_counterwall_jace,forty_overlord_impending,outcome_ranker_blend_counter_rev0025,threat_rush,mulligan_ranker_rev0024,land_band,40,0,122334,122334,1122337,0,1.0,0.0,1.0,0.0,False,False,player_1_attempted_to_draw_from_empty_library,208,16,1,6,0,1.0,0.0,3,2,0,0,1,wall_vs_overlord_life40_sp0_s001,2,6.1,1,3,0,2,1
wall_vs_overlord_life40_sp1_s001_rep00,keep,sixty_counterwall_jace:outcome_ranker_blend_counter_rev0025:mulligan_ranker_rev0024,forty_overlord_impending:threat_rush:land_band,sixty_counterwall_jace,forty_overlord_impending,outcome_ranker_blend_counter_rev0025,threat_rush,mulligan_ranker_rev0024,land_band,40,1,104033,104033,1104036,1,0.0,1.0,0.0,1.0,False,False,player_0_attempted_to_draw_from_empty_library,374,29,0,7,0,0.0,1.0,3,3,0,0,1,wall_vs_overlord_life40_sp1_s001,0,8.1,3,3,0,0,1
wall_vs_overlord_life40_sp1_s001_rep00,mulligan,sixty_counterwall_jace:outcome_ranker_blend_counter_rev0025:mulligan_ranker_rev0024,forty_overlord_impending:threat_rush:land_band,sixty_counterwall_jace,forty_overlord_impending,outcome_ranker_blend_counter_rev0025,threat_rush,mulligan_ranker_rev0024,land_band,40,1,104033,104033,1104036,0,1.0,0.0,1.0,0.0,False,False,player_1_life_total_zero_or_less,152,15,1,6,0,1.0,0.0,2,2,1,0,1,wall_vs_overlord_life40_sp1_s001,0,8.1,3,3,0,0,1
wall_vs_overlord_life40_sp1_s001_rep01,keep,sixty_counterwall_jace:outcome_ranker_blend_counter_rev0025:mulligan_ranker_rev0024,forty_overlord_impending:threat_rush:land_band,sixty_counterwall_jace,forty_overlord_impending,outcome_ranker_blend_counter_rev0025,threat_rush,mulligan_ranker_rev0024,land_band,40,1,113184,113184,1113187,1,0.0,1.0,0.0,1.0,False,False,player_0_attempted_to_draw_from_empty_library,374,29,0,7,0,0.0,1.0,3,3,0,0,1,wall_vs_overlord_life40_sp1_s001,1,8.1,3,3,0,0,1
wall_vs_overlord_life40_sp1_s001_rep01,mulligan,sixty_counterwall_jace:outcome_ranker_blend_counter_rev0025:mulligan_ranker_rev0024,forty_overlord_impending:threat_rush:land_band,sixty_counterwall_jace,forty_overlord_impending,outcome_ranker_blend_counter_rev0025,threat_rush,mulligan_ranker_rev0024,land_band,40,1,113184,113184,1113187,0,1.0,0.0,1.0,0.0,False,False,player_1_life_total_zero_or_less,152,15,1,6,0,1.0,0.0,2,2,1,0,1,wall_vs_overlord_life40_sp1_s001,1,8.1,3,3,0,0,1
wall_vs_overlord_life40_sp1_s001_rep02,keep,sixty_counterwall_jace:outcome_ranker_blend_counter_rev0025:mulligan_ranker_rev0024,forty_overlord_impending:threat_rush:land_band,sixty_counterwall_jace,forty_overlord_impending,outcome_ranker_blend_counter_rev0025,threat_rush,mulligan_ranker_rev0024,land_band,40,1,122335,122335,1122338,1,0.0,1.0,0.0,1.0,False,False,player_0_attempted_to_draw_from_empty_library,377,29,0,7,0,0.0,1.0,3,3,0,0,1,wall_vs_overlord_life40_sp1_s001,2,8.1,3,3,0,0,1
wall_vs_overlord_life40_sp1_s001_rep02,mulligan,sixty_counterwall_jace:outcome_ranker_blend_counter_rev0025:mulligan_ranker_rev0024,forty_overlord_impending:threat_rush:land_band,sixty_counterwall_jace,forty_overlord_impending,outcome_ranker_blend_counter_rev0025,threat_rush,mulligan_ranker_rev0024,land_band,40,1,122335,122335,1122338,0,1.0,0.0,1.0,0.0,False,False,player_1_life_total_zero_or_less,152,15,1,6,0,1.0,0.0,2,2,1,0,1,wall_vs_overlord_life40_sp1_s001,2,8.1,3,3,0,0,1
wall_vs_overlord_life40_sp0_s002_rep00,keep,sixty_counterwall_jace:outcome_ranker_blend_counter_rev0025:mulligan_ranker_rev0024,forty_overlord_impending:threat_rush:land_band,sixty_counterwall_jace,forty_overlord_impending,outcome_ranker_blend_counter_rev0025,threat_rush,mulligan_ranker_rev0024,land_band,40,0,104034,104034,1104037,0,1.0,0.0,1.0,0.0,False,False,player_1_attempted_to_draw_from_empty_library,336,23,0,7,0,1.0,0.0,4,2,0,1,0,wall_vs_overlord_life40_sp0_s002,0,7.8999999999999995,4,2,0,1,0
wall_vs_overlord_life40_sp0_s002_rep00,mulligan,sixty_counterwall_jace:outcome_ranker_blend_counter_rev0025:mulligan_ranker_rev0024,forty_overlord_impending:threat_rush:land_band,sixty_counterwall_jace,forty_overlord_impending,outcome_ranker_blend_counter_rev0025,threat_rush,mulligan_ranker_rev0024,land_band,40,0,104034,104034,1104037,0,1.0,0.0,1.0,0.0,False,False,player_1_attempted_to_draw_from_empty_library,239,17,1,6,0,1.0,0.0,4,2,0,0,0,wall_vs_overlord_life40_sp0_s002,0,7.8999999999999995,4,2,0,1,0
wall_vs_overlord_life40_sp0_s002_rep01,keep,sixty_counterwall_jace:outcome_ranker_blend_counter_rev0025:mulligan_ranker_rev0024,forty_overlord_impending:threat_rush:land_band,sixty_counterwall_jace,forty_overlord_impending,outcome_ranker_blend_counter_rev0025,threat_rush,mulligan_ranker_rev0024,land_band,40,0,113185,113185,1113188,0,1.0,0.0,1.0,0.0,False,False,player_1_attempted_to_draw_from_empty_library,336,23,0,7,0,1.0,0.0,4,2,0,1,0,wall_vs_overlord_life40_sp0_s002,1,7.8999999999999995,4,2,0,1,0
wall_vs_overlord_life40_sp0_s002_rep01,mulligan,sixty_counterwall_jace:outcome_ranker_blend_counter_rev0025:mulligan_ranker_rev0024,forty_overlord_impending:threat_rush:land_band,sixty_counterwall_jace,forty_overlord_impending,outcome_ranker_blend_counter_rev0025,threat_rush,mulligan_ranker_rev0024,land_band,40,0,113185,113185,1113188,0,1.0,0.0,1.0,0.0,False,False,player_1_attempted_to_draw_from_empty_library,242,17,1,6,0,1.0,0.0,4,2,0,0,0,wall_vs_overlord_life40_sp0_s002,1,7.8999999999999995,4,2,0,1,0
wall_vs_overlord_life40_sp0_s002_rep02,keep,sixty_counterwall_jace:outcome_ranker_blend_counter_rev0025:mulligan_ranker_rev0024,forty_overlord_impending:threat_rush:land_band,sixty_counterwall_jace,forty_overlord_impending,outcome_ranker_blend_counter_rev0025,threat_rush,mulligan_ranker_rev0024,land_band,40,0,122336,122336,1122339,0,1.0,0.0,1.0,0.0,False,False,player_1_attempted_to_draw_from_empty_library,336,23,0,7,0,1.0,0.0,4,2,0,1,0,wall_vs_overlord_life40_sp0_s002,2,7.8999999999999995,4,2,0,1,0
wall_vs_overlord_life40_sp0_s002_rep02,mulligan,sixty_counterwall_jace:outcome_ranker_blend_counter_rev0025:mulligan_ranker_rev0024,forty_overlord_impending:threat_rush:land_band,sixty_counterwall_jace,forty_overlord_impending,outcome_ranker_blend_counter_rev0025,threat_rush,mulligan_ranker_rev0024,land_band,40,0,122336,122336,1122339,0,1.0,0.0,1.0,0.0,False,False,player_1_attempted_to_draw_from_empty_library,239,17,1,6,0,1.0,0.0,4,2,0,0,0,wall_vs_overlord_life40_sp0_s002,2,7.8999999999999995,4,2,0,1,0
wall_vs_overlord_life40_sp1_s002_rep00,keep,sixty_counterwall_jace:outcome_ranker_blend_counter_rev0025:mulligan_ranker_rev0024,forty_overlord_impending:threat_rush:land_band,sixty_counterwall_jace,forty_overlord_impending,outcome_ranker_blend_counter_rev0025,threat_rush,mulligan_ranker_rev0024,land_band,40,1,104035,104035,1104038,0,1.0,0.0,1.0,0.0,False,False,player_1_attempted_to_draw_from_empty_library,312,31,0,7,0,1.0,0.0,2,1,3,1,0,wall_vs_overlord_life40_sp1_s002,0,8.75,2,1,3,1,0
wall_vs_overlord_life40_sp1_s002_rep00,mulligan,sixty_counterwall_jace:outcome_ranker_blend_counter_rev0025:mulligan_ranker_rev0024,forty_overlord_impending:threat_rush:land_band,sixty_counterwall_jace,forty_overlord_impending,outcome_ranker_blend_counter_rev0025,threat_rush,mulligan_ranker_rev0024,land_band,40,1,104035,104035,1104038,0,1.0,0.0,1.0,0.0,False,False,player_1_attempted_to_draw_from_empty_library,353,30,1,6,0,1.0,0.0,3,2,1,0,0,wall_vs_overlord_life40_sp1_s002,0,8.75,2,1,3,1,0
wall_vs_overlord_life40_sp1_s002_rep01,keep,sixty_counterwall_jace:outcome_ranker_blend_counter_rev0025:mulligan_ranker_rev0024,forty_overlord_impending:threat_rush:land_band,sixty_counterwall_jace,forty_overlord_impending,outcome_ranker_blend_counter_rev0025,threat_rush,mulligan_ranker_rev0024,land_band,40,1,113186,113186,1113189,0,1.0,0.0,1.0,0.0,False,False,player_1_attempted_to_draw_from_empty_library,312,31,0,7,0,1.0,0.0,2,1,3,1,0,wall_vs_overlord_life40_sp1_s002,1,8.75,2,1,3,1,0
wall_vs_overlord_life40_sp1_s002_rep01,mulligan,sixty_counterwall_jace:outcome_ranker_blend_counter_rev0025:mulligan_ranker_rev0024,forty_overlord_impending:threat_rush:land_band,sixty_counterwall_jace,forty_overlord_impending,outcome_ranker_blend_counter_rev0025,threat_rush,mulligan_ranker_rev0024,land_band,40,1,113186,113186,1113189,0,1.0,0.0,1.0,0.0,False,False,player_1_attempted_to_draw_from_empty_library,355,30,1,6,0,1.0,0.0,3,2,1,0,0,wall_vs_overlord_life40_sp1_s002,1,8.75,2,1,3,1,0
wall_vs_overlord_life40_sp1_s002_rep02,keep,sixty_counterwall_jace:outcome_ranker_blend_counter_rev0025:mulligan_ranker_rev0024,forty_overlord_impending:threat_rush:land_band,sixty_counterwall_jace,forty_overlord_impending,outcome_ranker_blend_counter_rev0025,threat_rush,mulligan_ranker_rev0024,land_band,40,1,122337,122337,1122340,0,1.0,0.0,1.0,0.0,False,False,player_1_attempted_to_draw_from_empty_library,312,31,0,7,0,1.0,0.0,2,1,3,1,0,wall_vs_overlord_life40_sp1_s002,2,8.75,2,1,3,1,0
wall_vs_overlord_life40_sp1_s002_rep02,mulligan,sixty_counterwall_jace:outcome_ranker_blend_counter_rev0025:mulligan_ranker_rev0024,forty_overlord_impending:threat_rush:land_band,sixty_counterwall_jace,forty_overlord_impending,outcome_ranker_blend_counter_rev0025,threat_rush,mulligan_ranker_rev0024,land_band,40,1,122337,122337,1122340,0,1.0,0.0,1.0,0.0,False,False,player_1_attempted_to_draw_from_empty_library,355,30,1,6,0,1.0,0.0,3,2,1,0,0,wall_vs_overlord_life40_sp1_s002,2,8.75,2,1,3,1,0
