execution_id,debt_id,candidate_id,candidate_name,priority,risk_lane,execution_order,target_claim_ids,claim_context,source_need,next_concrete_action,safe_research_mode,forbidden_modes,public_release_dependency,manual_review_trigger,status,note
exec_debt_0001,debt_0150,cand_elissa_davey_garden_of_innocence_unclaimed_children,Elissa Davey / Garden of Innocence National — abandoned and unidentified children burial office,critical,lane_0_critical_manual_first,1,claim_0250|claim_0251|claim_0252|claim_0253|claim_0254,claim_0250:single_primary_or_institutional_shape/now_or_before_any_public_claim|claim_0251:multi_source_supported_shape/now_or_before_any_public_claim|claim_0252:boundary_or_counterclaim/now_or_before_any_public_claim|claim_0253:interpretive_not_fact_claim/now_or_before_any_public_claim,"Medical examiner/coroner policies, county contracts, cemetery criteria, and carefully sourced independent reporting.","Medical examiner/coroner policies, county contracts, cemetery criteria, and carefully sourced independent reporting.","Manual sensitive-boundary review only; use high-level policy, audit, annual, or governance sources; do not crawl/contact/live-check vulnerable-service or case-near sources.",Do not repeat child case facts unless necessary to category audit.,blocks_public_use_until_resolved_or_requarantined,before_any_public_use_or_source_expansion,ready_for_manual_execution,"Queue row generated from Evidence-Debt-current.csv; internal execution planning only, not permission to publish or contact."
exec_debt_0002,debt_0151,cand_elissa_davey_garden_of_innocence_unclaimed_children,Elissa Davey / Garden of Innocence National — abandoned and unidentified children burial office,critical,lane_0_critical_manual_first,2,claim_0250|claim_0251|claim_0252|claim_0253|claim_0254,claim_0250:single_primary_or_institutional_shape/now_or_before_any_public_claim|claim_0251:multi_source_supported_shape/now_or_before_any_public_claim|claim_0252:boundary_or_counterclaim/now_or_before_any_public_claim|claim_0253:interpretive_not_fact_claim/now_or_before_any_public_claim,"County protocols and third-party reporting on notification, next-of-kin search, and parental/family refusal or incapacity.","County protocols and third-party reporting on notification, next-of-kin search, and parental/family refusal or incapacity.","Manual sensitive-boundary review only; use high-level policy, audit, annual, or governance sources; do not crawl/contact/live-check vulnerable-service or case-near sources.","No non-load-bearing names, measurements, images, or grief details.",blocks_public_use_until_resolved_or_requarantined,before_any_public_use_or_source_expansion,ready_for_manual_execution,"Queue row generated from Evidence-Debt-current.csv; internal execution planning only, not permission to publish or contact."
exec_debt_0003,debt_0166,cand_abuelas_de_plaza_de_mayo_identity_restitution,Abuelas de Plaza de Mayo — right-to-identity search for stolen grandchildren,high,lane_1_high_sensitive_boundary,3,claim_0268|claim_0269|claim_0270|claim_0271,claim_0268:unsupported_or_missing_source_link/now_or_before_any_public_claim|claim_0269:multi_source_supported_shape/standard_refresh_cycle|claim_0270:multi_source_supported_shape/soon_keep_near_claim|claim_0271:boundary_or_counterclaim/soon_keep_near_claim,"High-level annual reports, governance statements, or public method summaries that do not require copying names, images, case pages, contact forms, DNA/intake instructions, or family stories.","High-level annual reports, governance statements, or public method summaries that do not require copying names, images, case pages, contact forms, DNA/intake instructions, or family stories.","Manual sensitive-boundary review only; use high-level policy, audit, annual, or governance sources; do not crawl/contact/live-check vulnerable-service or case-near sources.","No case list, no names/images, no public search instructions, no DNA/intake/contact path, no family narrative extraction, no public URL release without governance review.",blocks_or_conditions_public_claims_for_candidate,before_public_wording_or_candidate_promotion,ready_for_manual_execution,"Queue row generated from Evidence-Debt-current.csv; internal execution planning only, not permission to publish or contact."
exec_debt_0004,debt_0002,cand_bridget_tolley_fsis_mmiwg_canada,Bridget Tolley / Families of Sisters in Spirit (FSIS) — and the broader Indigenous-led MMIWG2S+ search and memorial office,high,lane_1_high_sensitive_boundary,4,claim_0004|claim_0005|claim_0006|claim_0284,claim_0004:multi_source_supported_shape/now_or_before_any_public_claim|claim_0005:interpretive_not_fact_claim/soon_keep_near_claim|claim_0006:boundary_or_counterclaim/soon_keep_near_claim|claim_0284:boundary_or_counterclaim/soon_keep_near_claim,"Family/survivor-led public statements and Indigenous-led data-governance materials that can be used without copying names, stories, event logistics, or support contacts.","Family/survivor-led public statements and Indigenous-led data-governance materials that can be used without copying names, stories, event logistics, or support contacts.","Manual sensitive-boundary review only; use high-level policy, audit, annual, or governance sources; do not crawl/contact/live-check vulnerable-service or case-near sources.","No case-list extraction, family-contact paths, support/service contact fields, social-media routes, vigil logistics, red-dress image reuse, testimony fragments, police-file details, or scorecard-as-safety language.",blocks_or_conditions_public_claims_for_candidate,before_public_wording_or_candidate_promotion,ready_for_manual_execution,"Queue row generated from Evidence-Debt-current.csv; internal execution planning only, not permission to publish or contact."
exec_debt_0005,debt_0003,cand_calais_grassroots_border_offices_rck_utopia56_hro_adm,Calais grassroots border offices / L’Auberge des Migrants / Refugee Community Kitchen / Utopia 56 / Human Rights Observers,high,lane_1_high_sensitive_boundary,5,claim_0007|claim_0008|claim_0009|claim_0010|claim_0285,claim_0007:multi_source_supported_shape/now_or_before_any_public_claim|claim_0008:interpretive_not_fact_claim/now_or_before_any_public_claim|claim_0009:boundary_or_counterclaim/now_or_before_any_public_claim|claim_0010:boundary_or_counterclaim/now_or_before_any_public_claim,"Current annual report, public service protocol, independent evaluation, safe local directory, or survivor-safe implementation review.","Current annual report, public service protocol, independent evaluation, safe local directory, or survivor-safe implementation review.","Manual sensitive-boundary review only; use high-level policy, audit, annual, or governance sources; do not crawl/contact/live-check vulnerable-service or case-near sources.",No live referral use; no unnecessary operational/shelter/staff/client details.,blocks_or_conditions_public_claims_for_candidate,before_public_wording_or_candidate_promotion,ready_for_manual_execution,"Queue row generated from Evidence-Debt-current.csv; internal execution planning only, not permission to publish or contact."
exec_debt_0006,debt_0004,cand_calais_grassroots_border_offices_rck_utopia56_hro_adm,Calais grassroots border offices / L’Auberge des Migrants / Refugee Community Kitchen / Utopia 56 / Human Rights Observers,high,lane_1_high_sensitive_boundary,6,claim_0007|claim_0008|claim_0009|claim_0010|claim_0285,claim_0007:multi_source_supported_shape/now_or_before_any_public_claim|claim_0008:interpretive_not_fact_claim/now_or_before_any_public_claim|claim_0009:boundary_or_counterclaim/now_or_before_any_public_claim|claim_0010:boundary_or_counterclaim/now_or_before_any_public_claim,"Public safeguarding policy, anonymised independent evaluation, accountable referral protocol, or survivor-safe local assessment.","Public safeguarding policy, anonymised independent evaluation, accountable referral protocol, or survivor-safe local assessment.","Manual sensitive-boundary review only; use high-level policy, audit, annual, or governance sources; do not crawl/contact/live-check vulnerable-service or case-near sources.",No live referral use; no unnecessary operational/shelter/staff/client details.,blocks_or_conditions_public_claims_for_candidate,before_public_wording_or_candidate_promotion,ready_for_manual_execution,"Queue row generated from Evidence-Debt-current.csv; internal execution planning only, not permission to publish or contact."
exec_debt_0007,debt_0005,cand_canada_group_of_five_private_refugee_sponsorship_circles,Canada Group of Five / Private Sponsorship of Refugees circles,high,lane_1_high_sensitive_boundary,7,claim_0011|claim_0012|claim_0013|claim_0014,claim_0011:multi_source_supported_shape/soon_keep_near_claim|claim_0012:interpretive_not_fact_claim/soon_keep_near_claim|claim_0013:boundary_or_counterclaim/soon_keep_near_claim|claim_0014:boundary_or_counterclaim/soon_keep_near_claim,"Current annual report, public service protocol, independent evaluation, safe local directory, or survivor-safe implementation review.","Current annual report, public service protocol, independent evaluation, safe local directory, or survivor-safe implementation review.","Manual sensitive-boundary review only; use high-level policy, audit, annual, or governance sources; do not crawl/contact/live-check vulnerable-service or case-near sources.",No live referral use; no unnecessary operational/shelter/staff/client details.,review_before_any_public_wording,before_public_wording_or_candidate_promotion,ready_for_manual_execution,"Queue row generated from Evidence-Debt-current.csv; internal execution planning only, not permission to publish or contact."
exec_debt_0008,debt_0006,cand_canada_group_of_five_private_refugee_sponsorship_circles,Canada Group of Five / Private Sponsorship of Refugees circles,high,lane_1_high_sensitive_boundary,8,claim_0011|claim_0012|claim_0013|claim_0014,claim_0011:multi_source_supported_shape/soon_keep_near_claim|claim_0012:interpretive_not_fact_claim/soon_keep_near_claim|claim_0013:boundary_or_counterclaim/soon_keep_near_claim|claim_0014:boundary_or_counterclaim/soon_keep_near_claim,Most recent official page/report plus one independent or local corroborating source.,Most recent official page/report plus one independent or local corroborating source.,"Manual sensitive-boundary review only; use high-level policy, audit, annual, or governance sources; do not crawl/contact/live-check vulnerable-service or case-near sources.",No live referral use; no unnecessary operational/shelter/staff/client details.,internal_evidence_quality_before_promotion_or_public_use,before_public_wording_or_candidate_promotion,ready_for_manual_execution,"Queue row generated from Evidence-Debt-current.csv; internal execution planning only, not permission to publish or contact."
exec_debt_0009,debt_0007,cand_canada_group_of_five_private_refugee_sponsorship_circles,Canada Group of Five / Private Sponsorship of Refugees circles,high,lane_1_high_sensitive_boundary,9,claim_0011|claim_0012|claim_0013|claim_0014,claim_0011:multi_source_supported_shape/soon_keep_near_claim|claim_0012:interpretive_not_fact_claim/soon_keep_near_claim|claim_0013:boundary_or_counterclaim/soon_keep_near_claim|claim_0014:boundary_or_counterclaim/soon_keep_near_claim,"Public safeguarding policy, anonymised independent evaluation, accountable referral protocol, or survivor-safe local assessment.","Public safeguarding policy, anonymised independent evaluation, accountable referral protocol, or survivor-safe local assessment.","Manual sensitive-boundary review only; use high-level policy, audit, annual, or governance sources; do not crawl/contact/live-check vulnerable-service or case-near sources.",No live referral use; no unnecessary operational/shelter/staff/client details.,review_before_any_public_wording,before_public_wording_or_candidate_promotion,ready_for_manual_execution,"Queue row generated from Evidence-Debt-current.csv; internal execution planning only, not permission to publish or contact."
exec_debt_0010,debt_0008,cand_chuuk_womens_council_ticc_apimar_safenet,Chuuk Women’s Council / Tongen Inepwineu Counselling Centre (TICC) / APIMAR SafeNet,high,lane_1_high_sensitive_boundary,10,claim_0015|claim_0016|claim_0017|claim_0018,claim_0015:multi_source_supported_shape/now_or_before_any_public_claim|claim_0016:interpretive_not_fact_claim/now_or_before_any_public_claim|claim_0017:boundary_or_counterclaim/now_or_before_any_public_claim|claim_0018:boundary_or_counterclaim/now_or_before_any_public_claim,"Current annual report, public service protocol, independent evaluation, safe local directory, or survivor-safe implementation review.","Current annual report, public service protocol, independent evaluation, safe local directory, or survivor-safe implementation review.","Manual sensitive-boundary review only; use high-level policy, audit, annual, or governance sources; do not crawl/contact/live-check vulnerable-service or case-near sources.",No live referral use; no unnecessary operational/shelter/staff/client details.,blocks_or_conditions_public_claims_for_candidate,before_public_wording_or_candidate_promotion,ready_for_manual_execution,"Queue row generated from Evidence-Debt-current.csv; internal execution planning only, not permission to publish or contact."
exec_debt_0011,debt_0009,cand_chuuk_womens_council_ticc_apimar_safenet,Chuuk Women’s Council / Tongen Inepwineu Counselling Centre (TICC) / APIMAR SafeNet,high,lane_1_high_sensitive_boundary,11,claim_0015|claim_0016|claim_0017|claim_0018,claim_0015:multi_source_supported_shape/now_or_before_any_public_claim|claim_0016:interpretive_not_fact_claim/now_or_before_any_public_claim|claim_0017:boundary_or_counterclaim/now_or_before_any_public_claim|claim_0018:boundary_or_counterclaim/now_or_before_any_public_claim,Most recent official page/report plus one independent or local corroborating source.,Most recent official page/report plus one independent or local corroborating source.,"Manual sensitive-boundary review only; use high-level policy, audit, annual, or governance sources; do not crawl/contact/live-check vulnerable-service or case-near sources.",No live referral use; no unnecessary operational/shelter/staff/client details.,blocks_or_conditions_public_claims_for_candidate,before_public_wording_or_candidate_promotion,ready_for_manual_execution,"Queue row generated from Evidence-Debt-current.csv; internal execution planning only, not permission to publish or contact."
exec_debt_0012,debt_0010,cand_chuuk_womens_council_ticc_apimar_safenet,Chuuk Women’s Council / Tongen Inepwineu Counselling Centre (TICC) / APIMAR SafeNet,high,lane_1_high_sensitive_boundary,12,claim_0015|claim_0016|claim_0017|claim_0018,claim_0015:multi_source_supported_shape/now_or_before_any_public_claim|claim_0016:interpretive_not_fact_claim/now_or_before_any_public_claim|claim_0017:boundary_or_counterclaim/now_or_before_any_public_claim|claim_0018:boundary_or_counterclaim/now_or_before_any_public_claim,"Public safeguarding policy, anonymised independent evaluation, accountable referral protocol, or survivor-safe local assessment.","Public safeguarding policy, anonymised independent evaluation, accountable referral protocol, or survivor-safe local assessment.","Manual sensitive-boundary review only; use high-level policy, audit, annual, or governance sources; do not crawl/contact/live-check vulnerable-service or case-near sources.",No live referral use; no unnecessary operational/shelter/staff/client details.,blocks_or_conditions_public_claims_for_candidate,before_public_wording_or_candidate_promotion,ready_for_manual_execution,"Queue row generated from Evidence-Debt-current.csv; internal execution planning only, not permission to publish or contact."
exec_debt_0013,debt_0012,cand_crystal_paikea_te_tai_tokerau_postvention_aotearoa,"Crystal Paikea / Te Tai Tokerau suicide postvention team — and the broader kaupapa Māori postvention office, including the Fusion group (Te Tai Tokerau ki Muriwhenua)",high,lane_1_high_sensitive_boundary,13,claim_0019|claim_0020|claim_0021|claim_0022,claim_0019:multi_source_supported_shape/now_or_before_any_public_claim|claim_0020:interpretive_not_fact_claim/soon_keep_near_claim|claim_0021:boundary_or_counterclaim/soon_keep_near_claim|claim_0022:boundary_or_counterclaim/soon_keep_near_claim,"Current annual report, public service protocol, independent evaluation, safe local directory, or survivor-safe implementation review.","Current annual report, public service protocol, independent evaluation, safe local directory, or survivor-safe implementation review.","Manual sensitive-boundary review only; use high-level policy, audit, annual, or governance sources; do not crawl/contact/live-check vulnerable-service or case-near sources.",No live referral use; no unnecessary operational/shelter/staff/client details.,blocks_or_conditions_public_claims_for_candidate,before_public_wording_or_candidate_promotion,ready_for_manual_execution,"Queue row generated from Evidence-Debt-current.csv; internal execution planning only, not permission to publish or contact."
exec_debt_0014,debt_0013,cand_crystal_paikea_te_tai_tokerau_postvention_aotearoa,"Crystal Paikea / Te Tai Tokerau suicide postvention team — and the broader kaupapa Māori postvention office, including the Fusion group (Te Tai Tokerau ki Muriwhenua)",high,lane_1_high_sensitive_boundary,14,claim_0019|claim_0020|claim_0021|claim_0022,claim_0019:multi_source_supported_shape/now_or_before_any_public_claim|claim_0020:interpretive_not_fact_claim/soon_keep_near_claim|claim_0021:boundary_or_counterclaim/soon_keep_near_claim|claim_0022:boundary_or_counterclaim/soon_keep_near_claim,"Public safeguarding policy, anonymised independent evaluation, accountable referral protocol, or survivor-safe local assessment.","Public safeguarding policy, anonymised independent evaluation, accountable referral protocol, or survivor-safe local assessment.","Manual sensitive-boundary review only; use high-level policy, audit, annual, or governance sources; do not crawl/contact/live-check vulnerable-service or case-near sources.",No live referral use; no unnecessary operational/shelter/staff/client details.,blocks_or_conditions_public_claims_for_candidate,before_public_wording_or_candidate_promotion,ready_for_manual_execution,"Queue row generated from Evidence-Debt-current.csv; internal execution planning only, not permission to publish or contact."
exec_debt_0015,debt_0168,cand_eaaf_forensic_return_of_names_and_remains,Equipo Argentino de Antropología Forense (EAAF) — forensic return of names and remains,high,lane_1_high_sensitive_boundary,15,claim_0276|claim_0277|claim_0278|claim_0279,claim_0276:multi_source_supported_shape/now_or_before_any_public_claim|claim_0277:single_primary_or_institutional_shape/now_or_before_any_public_claim|claim_0278:multi_source_supported_shape/now_or_before_any_public_claim|claim_0279:boundary_or_counterclaim/now_or_before_any_public_claim,"High-level institutional/method source or annual synthesis that separates mission and family-respect principles from case names, contact/sample instructions, excavation details, images, and judicial-process guidance.","High-level institutional/method source or annual synthesis that separates mission and family-respect principles from case names, contact/sample instructions, excavation details, images, and judicial-process guidance.","Manual sensitive-boundary review only; use high-level policy, audit, annual, or governance sources; do not crawl/contact/live-check vulnerable-service or case-near sources.","No case list, names roll, family testimony, DNA/sample path, public contact path, excavation/site map, court/legal guidance, donation/support path, image reuse, or live capacity claim.",blocks_or_conditions_public_claims_for_candidate,before_public_wording_or_candidate_promotion,ready_for_manual_execution,"Queue row generated from Evidence-Debt-current.csv; internal execution planning only, not permission to publish or contact."
exec_debt_0016,debt_0149,cand_elissa_davey_garden_of_innocence_unclaimed_children,Elissa Davey / Garden of Innocence National — abandoned and unidentified children burial office,high,lane_1_high_sensitive_boundary,16,claim_0250|claim_0251|claim_0252|claim_0253|claim_0254,claim_0250:single_primary_or_institutional_shape/now_or_before_any_public_claim|claim_0251:multi_source_supported_shape/now_or_before_any_public_claim|claim_0252:boundary_or_counterclaim/now_or_before_any_public_claim|claim_0253:interpretive_not_fact_claim/now_or_before_any_public_claim,"Recent local-garden reports, public cemetery pages, county/medical-examiner references, or current nonprofit filings by site.","Recent local-garden reports, public cemetery pages, county/medical-examiner references, or current nonprofit filings by site.","Manual sensitive-boundary review only; use high-level policy, audit, annual, or governance sources; do not crawl/contact/live-check vulnerable-service or case-near sources.",Do not publish live contacts or imply referral safety.,blocks_or_conditions_public_claims_for_candidate,before_public_wording_or_candidate_promotion,ready_for_manual_execution,"Queue row generated from Evidence-Debt-current.csv; internal execution planning only, not permission to publish or contact."
exec_debt_0017,debt_0152,cand_elissa_davey_garden_of_innocence_unclaimed_children,Elissa Davey / Garden of Innocence National — abandoned and unidentified children burial office,high,lane_1_high_sensitive_boundary,17,claim_0250|claim_0251|claim_0252|claim_0253|claim_0254,claim_0250:single_primary_or_institutional_shape/now_or_before_any_public_claim|claim_0251:multi_source_supported_shape/now_or_before_any_public_claim|claim_0252:boundary_or_counterclaim/now_or_before_any_public_claim|claim_0253:interpretive_not_fact_claim/now_or_before_any_public_claim,"Public ceremony policies, photo practices, consent policies, and examples where images are withheld or overused.","Public ceremony policies, photo practices, consent policies, and examples where images are withheld or overused.","Manual sensitive-boundary review only; use high-level policy, audit, annual, or governance sources; do not crawl/contact/live-check vulnerable-service or case-near sources.",Suppress decorative names/images and ceremony details in public edition.,blocks_or_conditions_public_claims_for_candidate,before_public_wording_or_candidate_promotion,ready_for_manual_execution,"Queue row generated from Evidence-Debt-current.csv; internal execution planning only, not permission to publish or contact."
exec_debt_0018,debt_0020,cand_faataua_le_ola_samoa_lifeline,Fa'ataua Le Ola / Samoa Lifeline,high,lane_1_high_sensitive_boundary,18,claim_0035|claim_0036|claim_0037|claim_0038,claim_0035:multi_source_supported_shape/now_or_before_any_public_claim|claim_0036:interpretive_not_fact_claim/now_or_before_any_public_claim|claim_0037:boundary_or_counterclaim/now_or_before_any_public_claim|claim_0038:boundary_or_counterclaim/now_or_before_any_public_claim,"Current annual report, public service protocol, independent evaluation, safe local directory, or survivor-safe implementation review.","Current annual report, public service protocol, independent evaluation, safe local directory, or survivor-safe implementation review.","Manual sensitive-boundary review only; use high-level policy, audit, annual, or governance sources; do not crawl/contact/live-check vulnerable-service or case-near sources.",No live referral use; no unnecessary operational/shelter/staff/client details.,blocks_or_conditions_public_claims_for_candidate,before_public_wording_or_candidate_promotion,ready_for_manual_execution,"Queue row generated from Evidence-Debt-current.csv; internal execution planning only, not permission to publish or contact."
exec_debt_0019,debt_0021,cand_faataua_le_ola_samoa_lifeline,Fa'ataua Le Ola / Samoa Lifeline,high,lane_1_high_sensitive_boundary,19,claim_0035|claim_0036|claim_0037|claim_0038,claim_0035:multi_source_supported_shape/now_or_before_any_public_claim|claim_0036:interpretive_not_fact_claim/now_or_before_any_public_claim|claim_0037:boundary_or_counterclaim/now_or_before_any_public_claim|claim_0038:boundary_or_counterclaim/now_or_before_any_public_claim,Most recent official page/report plus one independent or local corroborating source.,Most recent official page/report plus one independent or local corroborating source.,"Manual sensitive-boundary review only; use high-level policy, audit, annual, or governance sources; do not crawl/contact/live-check vulnerable-service or case-near sources.",No live referral use; no unnecessary operational/shelter/staff/client details.,blocks_or_conditions_public_claims_for_candidate,before_public_wording_or_candidate_promotion,ready_for_manual_execution,"Queue row generated from Evidence-Debt-current.csv; internal execution planning only, not permission to publish or contact."
exec_debt_0020,debt_0024,cand_femili_png_1_tok_bel_isi_survivor_case_management,Femili PNG / 1-Tok Kaunselin Helpim Lain / Bel Isi PNG,high,lane_1_high_sensitive_boundary,20,claim_0042|claim_0043|claim_0044|claim_0045,claim_0042:multi_source_supported_shape/now_or_before_any_public_claim|claim_0043:interpretive_not_fact_claim/now_or_before_any_public_claim|claim_0044:boundary_or_counterclaim/now_or_before_any_public_claim|claim_0045:boundary_or_counterclaim/now_or_before_any_public_claim,"Current annual report, public service protocol, independent evaluation, safe local directory, or survivor-safe implementation review.","Current annual report, public service protocol, independent evaluation, safe local directory, or survivor-safe implementation review.","Manual sensitive-boundary review only; use high-level policy, audit, annual, or governance sources; do not crawl/contact/live-check vulnerable-service or case-near sources.",No live referral use; no unnecessary operational/shelter/staff/client details.,blocks_or_conditions_public_claims_for_candidate,before_public_wording_or_candidate_promotion,ready_for_manual_execution,"Queue row generated from Evidence-Debt-current.csv; internal execution planning only, not permission to publish or contact."
exec_debt_0021,debt_0025,cand_femili_png_1_tok_bel_isi_survivor_case_management,Femili PNG / 1-Tok Kaunselin Helpim Lain / Bel Isi PNG,high,lane_1_high_sensitive_boundary,21,claim_0042|claim_0043|claim_0044|claim_0045,claim_0042:multi_source_supported_shape/now_or_before_any_public_claim|claim_0043:interpretive_not_fact_claim/now_or_before_any_public_claim|claim_0044:boundary_or_counterclaim/now_or_before_any_public_claim|claim_0045:boundary_or_counterclaim/now_or_before_any_public_claim,"Public safeguarding policy, anonymised independent evaluation, accountable referral protocol, or survivor-safe local assessment.","Public safeguarding policy, anonymised independent evaluation, accountable referral protocol, or survivor-safe local assessment.","Manual sensitive-boundary review only; use high-level policy, audit, annual, or governance sources; do not crawl/contact/live-check vulnerable-service or case-near sources.",No live referral use; no unnecessary operational/shelter/staff/client details.,blocks_or_conditions_public_claims_for_candidate,before_public_wording_or_candidate_promotion,ready_for_manual_execution,"Queue row generated from Evidence-Debt-current.csv; internal execution planning only, not permission to publish or contact."
exec_debt_0022,debt_0014,cand_fflag_uk_family_acceptance_parent_peer_support,FFLAG UK,high,lane_1_high_sensitive_boundary,22,claim_0023|claim_0024|claim_0025|claim_0026,claim_0023:single_primary_or_institutional_shape/now_or_before_any_public_claim|claim_0024:interpretive_not_fact_claim/now_or_before_any_public_claim|claim_0025:boundary_or_counterclaim/now_or_before_any_public_claim|claim_0026:boundary_or_counterclaim/now_or_before_any_public_claim,"Current annual report, public service protocol, independent evaluation, safe local directory, or survivor-safe implementation review.","Current annual report, public service protocol, independent evaluation, safe local directory, or survivor-safe implementation review.","Manual sensitive-boundary review only; use high-level policy, audit, annual, or governance sources; do not crawl/contact/live-check vulnerable-service or case-near sources.",No live referral use; no unnecessary operational/shelter/staff/client details.,blocks_or_conditions_public_claims_for_candidate,before_public_wording_or_candidate_promotion,ready_for_manual_execution,"Queue row generated from Evidence-Debt-current.csv; internal execution planning only, not permission to publish or contact."
exec_debt_0023,debt_0016,cand_fhr_unfinished_trc_constitutional_damages_families,Foundation for Human Rights / Unfinished Business of the TRC / constitutional-damages families,high,lane_1_high_sensitive_boundary,23,claim_0027|claim_0028|claim_0029,claim_0027:multi_source_supported_shape/soon_keep_near_claim|claim_0028:interpretive_not_fact_claim/soon_keep_near_claim|claim_0029:boundary_or_counterclaim/soon_keep_near_claim,"Public safeguarding policy, anonymised independent evaluation, accountable referral protocol, or survivor-safe local assessment.","Public safeguarding policy, anonymised independent evaluation, accountable referral protocol, or survivor-safe local assessment.","Manual sensitive-boundary review only; use high-level policy, audit, annual, or governance sources; do not crawl/contact/live-check vulnerable-service or case-near sources.",No live referral use; no unnecessary operational/shelter/staff/client details.,review_before_any_public_wording,before_public_wording_or_candidate_promotion,ready_for_manual_execution,"Queue row generated from Evidence-Debt-current.csv; internal execution planning only, not permission to publish or contact."
exec_debt_0024,debt_0027,cand_fiji_womens_crisis_centre_pwnavaw_regional_backbone,Fiji Women’s Crisis Centre / Pacific Women’s Network Against Violence Against Women,high,lane_1_high_sensitive_boundary,24,claim_0046|claim_0047|claim_0048|claim_0049,claim_0046:single_primary_or_institutional_shape/now_or_before_any_public_claim|claim_0047:interpretive_not_fact_claim/soon_keep_near_claim|claim_0048:boundary_or_counterclaim/soon_keep_near_claim|claim_0049:boundary_or_counterclaim/now_or_before_any_public_claim,"Current annual report, public service protocol, independent evaluation, safe local directory, or survivor-safe implementation review.","Current annual report, public service protocol, independent evaluation, safe local directory, or survivor-safe implementation review.","Manual sensitive-boundary review only; use high-level policy, audit, annual, or governance sources; do not crawl/contact/live-check vulnerable-service or case-near sources.",No live referral use; no unnecessary operational/shelter/staff/client details.,blocks_or_conditions_public_claims_for_candidate,before_public_wording_or_candidate_promotion,ready_for_manual_execution,"Queue row generated from Evidence-Debt-current.csv; internal execution planning only, not permission to publish or contact."
exec_debt_0025,debt_0028,cand_fiji_womens_crisis_centre_pwnavaw_regional_backbone,Fiji Women’s Crisis Centre / Pacific Women’s Network Against Violence Against Women,high,lane_1_high_sensitive_boundary,25,claim_0046|claim_0047|claim_0048|claim_0049,claim_0046:single_primary_or_institutional_shape/now_or_before_any_public_claim|claim_0047:interpretive_not_fact_claim/soon_keep_near_claim|claim_0048:boundary_or_counterclaim/soon_keep_near_claim|claim_0049:boundary_or_counterclaim/now_or_before_any_public_claim,"Public safeguarding policy, anonymised independent evaluation, accountable referral protocol, or survivor-safe local assessment.","Public safeguarding policy, anonymised independent evaluation, accountable referral protocol, or survivor-safe local assessment.","Manual sensitive-boundary review only; use high-level policy, audit, annual, or governance sources; do not crawl/contact/live-check vulnerable-service or case-near sources.",No live referral use; no unnecessary operational/shelter/staff/client details.,blocks_or_conditions_public_claims_for_candidate,before_public_wording_or_candidate_promotion,ready_for_manual_execution,"Queue row generated from Evidence-Debt-current.csv; internal execution planning only, not permission to publish or contact."
exec_debt_0026,debt_0017,cand_fsm_pohnpei_kosrae_family_protection_adviser,FSM Pohnpei / Kosrae Family Protection Adviser,high,lane_1_high_sensitive_boundary,26,claim_0030|claim_0031|claim_0032|claim_0033|claim_0034,claim_0030:single_primary_or_institutional_shape/now_or_before_any_public_claim|claim_0031:interpretive_not_fact_claim/soon_keep_near_claim|claim_0032:boundary_or_counterclaim/now_or_before_any_public_claim|claim_0033:boundary_or_counterclaim/now_or_before_any_public_claim,"Current survivor-safe implementation review, anonymised independent evaluation, safeguarding/confidentiality protocol, legal-aid/accompaniment evidence, or public annual report that does not expose contact/intake details.","Current survivor-safe implementation review, anonymised independent evaluation, safeguarding/confidentiality protocol, legal-aid/accompaniment evidence, or public annual report that does not expose contact/intake details.","Manual sensitive-boundary review only; use high-level policy, audit, annual, or governance sources; do not crawl/contact/live-check vulnerable-service or case-near sources.",No live referral use; no court/police instructions; no legal advice; no shelter/staff/client details; no protection-order-as-safety or No Drop-as-survivor-choice language.,blocks_or_conditions_public_claims_for_candidate,before_public_wording_or_candidate_promotion,ready_for_manual_execution,"Queue row generated from Evidence-Debt-current.csv; internal execution planning only, not permission to publish or contact."
exec_debt_0027,debt_0018,cand_fsm_pohnpei_kosrae_family_protection_adviser,FSM Pohnpei / Kosrae Family Protection Adviser,high,lane_1_high_sensitive_boundary,27,claim_0030|claim_0031|claim_0032|claim_0033|claim_0034,claim_0030:single_primary_or_institutional_shape/now_or_before_any_public_claim|claim_0031:interpretive_not_fact_claim/soon_keep_near_claim|claim_0032:boundary_or_counterclaim/now_or_before_any_public_claim|claim_0033:boundary_or_counterclaim/now_or_before_any_public_claim,"Current survivor-safe implementation review, anonymised independent evaluation, safeguarding/confidentiality protocol, legal-aid/accompaniment evidence, or public annual report that does not expose contact/intake details.","Current survivor-safe implementation review, anonymised independent evaluation, safeguarding/confidentiality protocol, legal-aid/accompaniment evidence, or public annual report that does not expose contact/intake details.","Manual sensitive-boundary review only; use high-level policy, audit, annual, or governance sources; do not crawl/contact/live-check vulnerable-service or case-near sources.",No live referral use; no court/police instructions; no legal advice; no shelter/staff/client details; no protection-order-as-safety or No Drop-as-survivor-choice language.,blocks_or_conditions_public_claims_for_candidate,before_public_wording_or_candidate_promotion,ready_for_manual_execution,"Queue row generated from Evidence-Debt-current.csv; internal execution planning only, not permission to publish or contact."
exec_debt_0028,debt_0019,cand_fsm_pohnpei_kosrae_family_protection_adviser,FSM Pohnpei / Kosrae Family Protection Adviser,high,lane_1_high_sensitive_boundary,28,claim_0030|claim_0031|claim_0032|claim_0033|claim_0034,claim_0030:single_primary_or_institutional_shape/now_or_before_any_public_claim|claim_0031:interpretive_not_fact_claim/soon_keep_near_claim|claim_0032:boundary_or_counterclaim/now_or_before_any_public_claim|claim_0033:boundary_or_counterclaim/now_or_before_any_public_claim,"Current survivor-safe implementation review, anonymised independent evaluation, safeguarding/confidentiality protocol, legal-aid/accompaniment evidence, or public annual report that does not expose contact/intake details.","Current survivor-safe implementation review, anonymised independent evaluation, safeguarding/confidentiality protocol, legal-aid/accompaniment evidence, or public annual report that does not expose contact/intake details.","Manual sensitive-boundary review only; use high-level policy, audit, annual, or governance sources; do not crawl/contact/live-check vulnerable-service or case-near sources.",No live referral use; no court/police instructions; no legal advice; no shelter/staff/client details; no protection-order-as-safety or No Drop-as-survivor-choice language.,blocks_or_conditions_public_claims_for_candidate,before_public_wording_or_candidate_promotion,ready_for_manual_execution,"Queue row generated from Evidence-Debt-current.csv; internal execution planning only, not permission to publish or contact."
exec_debt_0029,debt_0031,cand_fundacion_transformando_familias_argentina,Fundación Transformando Familias,high,lane_1_high_sensitive_boundary,29,claim_0053|claim_0054|claim_0055|claim_0056,claim_0053:single_primary_or_institutional_shape/soon_keep_near_claim|claim_0054:interpretive_not_fact_claim/soon_keep_near_claim|claim_0055:boundary_or_counterclaim/soon_keep_near_claim|claim_0056:boundary_or_counterclaim/now_or_before_any_public_claim,"Current annual report, public service protocol, independent evaluation, safe local directory, or survivor-safe implementation review.","Current annual report, public service protocol, independent evaluation, safe local directory, or survivor-safe implementation review.","Manual sensitive-boundary review only; use high-level policy, audit, annual, or governance sources; do not crawl/contact/live-check vulnerable-service or case-near sources.","Names/images/details must remain load-bearing, not decorative.",blocks_or_conditions_public_claims_for_candidate,before_public_wording_or_candidate_promotion,ready_for_manual_execution,"Queue row generated from Evidence-Debt-current.csv; internal execution planning only, not permission to publish or contact."
exec_debt_0030,debt_0033,cand_good_nanum_park_jin_ok_korea_disconnected_dead,Good Nanum (좋은 나눔) / Park Jin-ok — and Nanum and Nanum (나눔과 나눔) — South Korea,high,lane_1_high_sensitive_boundary,30,claim_0060|claim_0061|claim_0062|claim_0063,claim_0060:multi_source_supported_shape/now_or_before_any_public_claim|claim_0061:interpretive_not_fact_claim/now_or_before_any_public_claim|claim_0062:boundary_or_counterclaim/now_or_before_any_public_claim|claim_0063:boundary_or_counterclaim/now_or_before_any_public_claim,"Current annual report, public service protocol, independent evaluation, safe local directory, or survivor-safe implementation review.","Current annual report, public service protocol, independent evaluation, safe local directory, or survivor-safe implementation review.","Manual sensitive-boundary review only; use high-level policy, audit, annual, or governance sources; do not crawl/contact/live-check vulnerable-service or case-near sources.",No live referral use; no unnecessary operational/shelter/staff/client details.,blocks_or_conditions_public_claims_for_candidate,before_public_wording_or_candidate_promotion,ready_for_manual_execution,"Queue row generated from Evidence-Debt-current.csv; internal execution planning only, not permission to publish or contact."
exec_debt_0031,debt_0034,cand_hearing_voices_network_marius_romme_sandra_escher_patsy_hage,"Marius Romme, Sandra Escher, Patsy Hage / Hearing Voices Movement / Intervoice — translocal",high,lane_1_high_sensitive_boundary,31,claim_0064|claim_0065|claim_0066|claim_0067,claim_0064:multi_source_supported_shape/soon_keep_near_claim|claim_0065:interpretive_not_fact_claim/soon_keep_near_claim|claim_0066:boundary_or_counterclaim/soon_keep_near_claim|claim_0067:boundary_or_counterclaim/soon_keep_near_claim,"Current annual report, public service protocol, independent evaluation, safe local directory, or survivor-safe implementation review.","Current annual report, public service protocol, independent evaluation, safe local directory, or survivor-safe implementation review.","Manual sensitive-boundary review only; use high-level policy, audit, annual, or governance sources; do not crawl/contact/live-check vulnerable-service or case-near sources.","Names/images/details must remain load-bearing, not decorative.",review_before_any_public_wording,before_public_wording_or_candidate_promotion,ready_for_manual_execution,"Queue row generated from Evidence-Debt-current.csv; internal execution planning only, not permission to publish or contact."
exec_debt_0032,debt_0037,cand_helena_maleno_caminando_fronteras,Helena Maleno / Caminando Fronteras,high,lane_1_high_sensitive_boundary,32,claim_0068|claim_0069|claim_0070|claim_0071,claim_0068:multi_source_supported_shape/now_or_before_any_public_claim|claim_0069:interpretive_not_fact_claim/now_or_before_any_public_claim|claim_0070:boundary_or_counterclaim/now_or_before_any_public_claim|claim_0071:boundary_or_counterclaim/now_or_before_any_public_claim,"Current annual report, IOM methodology/undercount review, independent source on tracking limits, safeguarding/publication policy for distress-call evidence, or family-safe missing-person protocol.","Current annual report, IOM methodology/undercount review, independent source on tracking limits, safeguarding/publication policy for distress-call evidence, or family-safe missing-person protocol.","Manual sensitive-boundary review only; use high-level policy, audit, annual, or governance sources; do not crawl/contact/live-check vulnerable-service or case-near sources.","No live referral use; no route, coordinate, distress-call, family-search contact, missing-boat trace, person-level death record, image, or operational rescue detail.",blocks_or_conditions_public_claims_for_candidate,before_public_wording_or_candidate_promotion,ready_for_manual_execution,"Queue row generated from Evidence-Debt-current.csv; internal execution planning only, not permission to publish or contact."
exec_debt_0033,debt_0038,cand_homeless_memorial_keepers_dying_homeless_and_local_memorial_offices,Homeless memorial keepers / Dying Homeless and local memorial offices,high,lane_1_high_sensitive_boundary,33,claim_0072|claim_0073|claim_0074,claim_0072:multi_source_supported_shape/now_or_before_any_public_claim|claim_0073:interpretive_not_fact_claim/soon_keep_near_claim|claim_0074:boundary_or_counterclaim/soon_keep_near_claim,"If public prose is drafted, pair aggregate mortality data with memorial-source consent/load-bearing review and omit all person-level death-record fields by default.","If public prose is drafted, pair aggregate mortality data with memorial-source consent/load-bearing review and omit all person-level death-record fields by default.","Manual sensitive-boundary review only; use high-level policy, audit, annual, or governance sources; do not crawl/contact/live-check vulnerable-service or case-near sources.","No names, ages, exact death dates or locations, causes/manners of death, photographs, family tributes, Medical Examiner/coroner detail, event logistics, contact fields, or submit-a-name pathways.",blocks_or_conditions_public_claims_for_candidate,before_public_wording_or_candidate_promotion,ready_for_manual_execution,"Queue row generated from Evidence-Debt-current.csv; internal execution planning only, not permission to publish or contact."
exec_debt_0034,debt_0039,cand_homeshare_uk_homeshare_international_night_presence,Homeshare UK / HomeShare International,high,lane_1_high_sensitive_boundary,34,claim_0075|claim_0076|claim_0077|claim_0078,claim_0075:multi_source_supported_shape/soon_keep_near_claim|claim_0076:interpretive_not_fact_claim/soon_keep_near_claim|claim_0077:boundary_or_counterclaim/soon_keep_near_claim|claim_0078:boundary_or_counterclaim/soon_keep_near_claim,"Current annual report, public service protocol, independent evaluation, safe local directory, or survivor-safe implementation review.","Current annual report, public service protocol, independent evaluation, safe local directory, or survivor-safe implementation review.","Manual sensitive-boundary review only; use high-level policy, audit, annual, or governance sources; do not crawl/contact/live-check vulnerable-service or case-near sources.",No live referral use; no unnecessary operational/shelter/staff/client details.,review_before_any_public_wording,before_public_wording_or_candidate_promotion,ready_for_manual_execution,"Queue row generated from Evidence-Debt-current.csv; internal execution planning only, not permission to publish or contact."
exec_debt_0035,debt_0040,cand_homeshare_uk_homeshare_international_night_presence,Homeshare UK / HomeShare International,high,lane_1_high_sensitive_boundary,35,claim_0075|claim_0076|claim_0077|claim_0078,claim_0075:multi_source_supported_shape/soon_keep_near_claim|claim_0076:interpretive_not_fact_claim/soon_keep_near_claim|claim_0077:boundary_or_counterclaim/soon_keep_near_claim|claim_0078:boundary_or_counterclaim/soon_keep_near_claim,"Public safeguarding policy, anonymised independent evaluation, accountable referral protocol, or survivor-safe local assessment.","Public safeguarding policy, anonymised independent evaluation, accountable referral protocol, or survivor-safe local assessment.","Manual sensitive-boundary review only; use high-level policy, audit, annual, or governance sources; do not crawl/contact/live-check vulnerable-service or case-near sources.",No live referral use; no unnecessary operational/shelter/staff/client details.,review_before_any_public_wording,before_public_wording_or_candidate_promotion,ready_for_manual_execution,"Queue row generated from Evidence-Debt-current.csv; internal execution planning only, not permission to publish or contact."
exec_debt_0036,debt_0160,cand_jim_withers_operation_safety_net_street_medicine_institute,Jim Withers / Operation Safety Net / Street Medicine Institute — street medicine house-call-to-the-unsheltered office,high,lane_1_high_sensitive_boundary,36,claim_0262|claim_0263|claim_0264|claim_0266|claim_0267,claim_0262:multi_source_supported_shape/soon_keep_near_claim|claim_0263:single_primary_or_institutional_shape/now_or_before_any_public_claim|claim_0264:single_primary_or_institutional_shape/now_or_before_any_public_claim|claim_0266:boundary_or_counterclaim/soon_keep_near_claim,"Street-medicine privacy policy, consent forms, ethics protocols, or peer-reviewed operational guidance.","Street-medicine privacy policy, consent forms, ethics protocols, or peer-reviewed operational guidance.","Manual sensitive-boundary review only; use high-level policy, audit, annual, or governance sources; do not crawl/contact/live-check vulnerable-service or case-near sources.","Do not reproduce patient stories, clinical details, images, routes, or locations.",blocks_or_conditions_public_claims_for_candidate,before_public_wording_or_candidate_promotion,ready_for_manual_execution,"Queue row generated from Evidence-Debt-current.csv; internal execution planning only, not permission to publish or contact."
exec_debt_0037,debt_0161,cand_jim_withers_operation_safety_net_street_medicine_institute,Jim Withers / Operation Safety Net / Street Medicine Institute — street medicine house-call-to-the-unsheltered office,high,lane_1_high_sensitive_boundary,37,claim_0262|claim_0263|claim_0264|claim_0266|claim_0267,claim_0262:multi_source_supported_shape/soon_keep_near_claim|claim_0263:single_primary_or_institutional_shape/now_or_before_any_public_claim|claim_0264:single_primary_or_institutional_shape/now_or_before_any_public_claim|claim_0266:boundary_or_counterclaim/soon_keep_near_claim,"Local program policy on geolocation, mapping, police collaboration, data sharing, and outreach notes.","Local program policy on geolocation, mapping, police collaboration, data sharing, and outreach notes.","Manual sensitive-boundary review only; use high-level policy, audit, annual, or governance sources; do not crawl/contact/live-check vulnerable-service or case-near sources.","No camp locations, route maps, schedules, staff patterns, or operational intelligence.",blocks_or_conditions_public_claims_for_candidate,before_public_wording_or_candidate_promotion,ready_for_manual_execution,"Queue row generated from Evidence-Debt-current.csv; internal execution planning only, not permission to publish or contact."
exec_debt_0038,debt_0163,cand_jim_withers_operation_safety_net_street_medicine_institute,Jim Withers / Operation Safety Net / Street Medicine Institute — street medicine house-call-to-the-unsheltered office,high,lane_1_high_sensitive_boundary,38,claim_0262|claim_0263|claim_0264|claim_0266|claim_0267,claim_0262:multi_source_supported_shape/soon_keep_near_claim|claim_0263:single_primary_or_institutional_shape/now_or_before_any_public_claim|claim_0264:single_primary_or_institutional_shape/now_or_before_any_public_claim|claim_0266:boundary_or_counterclaim/soon_keep_near_claim,"Housing First evaluations, local continuum-of-care documents, patient perspectives, and policy critiques.","Housing First evaluations, local continuum-of-care documents, patient perspectives, and policy critiques.","Manual sensitive-boundary review only; use high-level policy, audit, annual, or governance sources; do not crawl/contact/live-check vulnerable-service or case-near sources.",Do not frame care-outside as adequate social repair.,blocks_or_conditions_public_claims_for_candidate,before_public_wording_or_candidate_promotion,ready_for_manual_execution,"Queue row generated from Evidence-Debt-current.csv; internal execution planning only, not permission to publish or contact."
exec_debt_0039,debt_0043,cand_kenya_cuevas_casa_de_las_munecas_tiresias_mexico,"Kenya Cuevas / Casa de las Muñecas Tiresias — Casa Hogar Paola Buenrostro (CDMX), Cuernavaca, and Apaxco shelters — with parallel offices Casa Frida (CDMX/Tapachula/Monterrey, founded 2020) and Casa Arcoíris (Tijuana)",high,lane_1_high_sensitive_boundary,39,claim_0083|claim_0084|claim_0085|claim_0086,claim_0083:multi_source_supported_shape/soon_keep_near_claim|claim_0084:interpretive_not_fact_claim/soon_keep_near_claim|claim_0085:boundary_or_counterclaim/soon_keep_near_claim|claim_0086:boundary_or_counterclaim/soon_keep_near_claim,"Current annual report, public service protocol, independent evaluation, safe local directory, or survivor-safe implementation review.","Current annual report, public service protocol, independent evaluation, safe local directory, or survivor-safe implementation review.","Manual sensitive-boundary review only; use high-level policy, audit, annual, or governance sources; do not crawl/contact/live-check vulnerable-service or case-near sources.",No live referral use; no unnecessary operational/shelter/staff/client details.,review_before_any_public_wording,before_public_wording_or_candidate_promotion,ready_for_manual_execution,"Queue row generated from Evidence-Debt-current.csv; internal execution planning only, not permission to publish or contact."
exec_debt_0040,debt_0044,cand_kenya_cuevas_casa_de_las_munecas_tiresias_mexico,"Kenya Cuevas / Casa de las Muñecas Tiresias — Casa Hogar Paola Buenrostro (CDMX), Cuernavaca, and Apaxco shelters — with parallel offices Casa Frida (CDMX/Tapachula/Monterrey, founded 2020) and Casa Arcoíris (Tijuana)",high,lane_1_high_sensitive_boundary,40,claim_0083|claim_0084|claim_0085|claim_0086,claim_0083:multi_source_supported_shape/soon_keep_near_claim|claim_0084:interpretive_not_fact_claim/soon_keep_near_claim|claim_0085:boundary_or_counterclaim/soon_keep_near_claim|claim_0086:boundary_or_counterclaim/soon_keep_near_claim,"Public safeguarding policy, anonymised independent evaluation, accountable referral protocol, or survivor-safe local assessment.","Public safeguarding policy, anonymised independent evaluation, accountable referral protocol, or survivor-safe local assessment.","Manual sensitive-boundary review only; use high-level policy, audit, annual, or governance sources; do not crawl/contact/live-check vulnerable-service or case-near sources.",No live referral use; no unnecessary operational/shelter/staff/client details.,review_before_any_public_wording,before_public_wording_or_candidate_promotion,ready_for_manual_execution,"Queue row generated from Evidence-Debt-current.csv; internal execution planning only, not permission to publish or contact."
exec_debt_0041,debt_0046,cand_khulumani_support_group_south_africa_unfinished_trc,Khulumani Support Group — South Africa,high,lane_1_high_sensitive_boundary,41,claim_0087|claim_0088|claim_0089,claim_0087:multi_source_supported_shape/soon_keep_near_claim|claim_0088:interpretive_not_fact_claim/soon_keep_near_claim|claim_0089:boundary_or_counterclaim/soon_keep_near_claim,"Public safeguarding policy, anonymised independent evaluation, accountable referral protocol, or survivor-safe local assessment.","Public safeguarding policy, anonymised independent evaluation, accountable referral protocol, or survivor-safe local assessment.","Manual sensitive-boundary review only; use high-level policy, audit, annual, or governance sources; do not crawl/contact/live-check vulnerable-service or case-near sources.",No live referral use; no unnecessary operational/shelter/staff/client details.,review_before_any_public_wording,before_public_wording_or_candidate_promotion,ready_for_manual_execution,"Queue row generated from Evidence-Debt-current.csv; internal execution planning only, not permission to publish or contact."
exec_debt_0042,debt_0048,cand_kiribati_kwcsc_women_children_support_centre,Kiribati Women and Children Support Centre (KWCSC),high,lane_1_high_sensitive_boundary,42,claim_0090|claim_0091|claim_0092|claim_0093,claim_0090:multi_source_supported_shape/now_or_before_any_public_claim|claim_0091:interpretive_not_fact_claim/now_or_before_any_public_claim|claim_0092:boundary_or_counterclaim/now_or_before_any_public_claim|claim_0093:boundary_or_counterclaim/now_or_before_any_public_claim,"Current annual report, public service protocol, independent evaluation, safe local directory, or survivor-safe implementation review.","Current annual report, public service protocol, independent evaluation, safe local directory, or survivor-safe implementation review.","Manual sensitive-boundary review only; use high-level policy, audit, annual, or governance sources; do not crawl/contact/live-check vulnerable-service or case-near sources.",No live referral use; no unnecessary operational/shelter/staff/client details.,blocks_or_conditions_public_claims_for_candidate,before_public_wording_or_candidate_promotion,ready_for_manual_execution,"Queue row generated from Evidence-Debt-current.csv; internal execution planning only, not permission to publish or contact."
exec_debt_0043,debt_0049,cand_kiribati_kwcsc_women_children_support_centre,Kiribati Women and Children Support Centre (KWCSC),high,lane_1_high_sensitive_boundary,43,claim_0090|claim_0091|claim_0092|claim_0093,claim_0090:multi_source_supported_shape/now_or_before_any_public_claim|claim_0091:interpretive_not_fact_claim/now_or_before_any_public_claim|claim_0092:boundary_or_counterclaim/now_or_before_any_public_claim|claim_0093:boundary_or_counterclaim/now_or_before_any_public_claim,Most recent official page/report plus one independent or local corroborating source.,Most recent official page/report plus one independent or local corroborating source.,"Manual sensitive-boundary review only; use high-level policy, audit, annual, or governance sources; do not crawl/contact/live-check vulnerable-service or case-near sources.",No live referral use; no unnecessary operational/shelter/staff/client details.,blocks_or_conditions_public_claims_for_candidate,before_public_wording_or_candidate_promotion,ready_for_manual_execution,"Queue row generated from Evidence-Debt-current.csv; internal execution planning only, not permission to publish or contact."
exec_debt_0044,debt_0050,cand_kiribati_kwcsc_women_children_support_centre,Kiribati Women and Children Support Centre (KWCSC),high,lane_1_high_sensitive_boundary,44,claim_0090|claim_0091|claim_0092|claim_0093,claim_0090:multi_source_supported_shape/now_or_before_any_public_claim|claim_0091:interpretive_not_fact_claim/now_or_before_any_public_claim|claim_0092:boundary_or_counterclaim/now_or_before_any_public_claim|claim_0093:boundary_or_counterclaim/now_or_before_any_public_claim,"Public safeguarding policy, anonymised independent evaluation, accountable referral protocol, or survivor-safe local assessment.","Public safeguarding policy, anonymised independent evaluation, accountable referral protocol, or survivor-safe local assessment.","Manual sensitive-boundary review only; use high-level policy, audit, annual, or governance sources; do not crawl/contact/live-check vulnerable-service or case-near sources.",No live referral use; no unnecessary operational/shelter/staff/client details.,blocks_or_conditions_public_claims_for_candidate,before_public_wording_or_candidate_promotion,ready_for_manual_execution,"Queue row generated from Evidence-Debt-current.csv; internal execution planning only, not permission to publish or contact."
exec_debt_0045,debt_0051,cand_kiribati_safenet_olsh_crisis_centre,Kiribati SafeNet / Our Lady of the Sacred Heart crisis centre line,high,lane_1_high_sensitive_boundary,45,claim_0094|claim_0095|claim_0096|claim_0097,claim_0094:single_source_supported_shape/now_or_before_any_public_claim|claim_0095:interpretive_not_fact_claim/now_or_before_any_public_claim|claim_0096:boundary_or_counterclaim/now_or_before_any_public_claim|claim_0097:boundary_or_counterclaim/now_or_before_any_public_claim,"Current annual report, public service protocol, independent evaluation, safe local directory, or survivor-safe implementation review.","Current annual report, public service protocol, independent evaluation, safe local directory, or survivor-safe implementation review.","Manual sensitive-boundary review only; use high-level policy, audit, annual, or governance sources; do not crawl/contact/live-check vulnerable-service or case-near sources.",No live referral use; no unnecessary operational/shelter/staff/client details.,blocks_or_conditions_public_claims_for_candidate,before_public_wording_or_candidate_promotion,ready_for_manual_execution,"Queue row generated from Evidence-Debt-current.csv; internal execution planning only, not permission to publish or contact."
exec_debt_0046,debt_0052,cand_kiribati_safenet_olsh_crisis_centre,Kiribati SafeNet / Our Lady of the Sacred Heart crisis centre line,high,lane_1_high_sensitive_boundary,46,claim_0094|claim_0095|claim_0096|claim_0097,claim_0094:single_source_supported_shape/now_or_before_any_public_claim|claim_0095:interpretive_not_fact_claim/now_or_before_any_public_claim|claim_0096:boundary_or_counterclaim/now_or_before_any_public_claim|claim_0097:boundary_or_counterclaim/now_or_before_any_public_claim,"Public safeguarding policy, anonymised independent evaluation, accountable referral protocol, or survivor-safe local assessment.","Public safeguarding policy, anonymised independent evaluation, accountable referral protocol, or survivor-safe local assessment.","Manual sensitive-boundary review only; use high-level policy, audit, annual, or governance sources; do not crawl/contact/live-check vulnerable-service or case-near sources.",No live referral use; no unnecessary operational/shelter/staff/client details.,blocks_or_conditions_public_claims_for_candidate,before_public_wording_or_candidate_promotion,ready_for_manual_execution,"Queue row generated from Evidence-Debt-current.csv; internal execution planning only, not permission to publish or contact."
exec_debt_0047,debt_0053,cand_lalish_rebaptism_yazidi_spiritual_council_iraq,"Lalish rebaptism office / Yazidi Spiritual Council — Baba Sheikh Khurto Hajji Ismail (d. 2020) and Khidher Domle, with successor Hazim Tahsin Beg",high,lane_1_high_sensitive_boundary,47,claim_0098|claim_0099|claim_0100|claim_0101,claim_0098:multi_source_supported_shape/soon_keep_near_claim|claim_0099:interpretive_not_fact_claim/soon_keep_near_claim|claim_0100:boundary_or_counterclaim/soon_keep_near_claim|claim_0101:boundary_or_counterclaim/soon_keep_near_claim,"Current annual report, public service protocol, independent evaluation, safe local directory, or survivor-safe implementation review.","Current annual report, public service protocol, independent evaluation, safe local directory, or survivor-safe implementation review.","Manual sensitive-boundary review only; use high-level policy, audit, annual, or governance sources; do not crawl/contact/live-check vulnerable-service or case-near sources.",No live referral use; no unnecessary operational/shelter/staff/client details.,review_before_any_public_wording,before_public_wording_or_candidate_promotion,ready_for_manual_execution,"Queue row generated from Evidence-Debt-current.csv; internal execution planning only, not permission to publish or contact."
exec_debt_0048,debt_0054,cand_lalish_rebaptism_yazidi_spiritual_council_iraq,"Lalish rebaptism office / Yazidi Spiritual Council — Baba Sheikh Khurto Hajji Ismail (d. 2020) and Khidher Domle, with successor Hazim Tahsin Beg",high,lane_1_high_sensitive_boundary,48,claim_0098|claim_0099|claim_0100|claim_0101,claim_0098:multi_source_supported_shape/soon_keep_near_claim|claim_0099:interpretive_not_fact_claim/soon_keep_near_claim|claim_0100:boundary_or_counterclaim/soon_keep_near_claim|claim_0101:boundary_or_counterclaim/soon_keep_near_claim,"Public safeguarding policy, anonymised independent evaluation, accountable referral protocol, or survivor-safe local assessment.","Public safeguarding policy, anonymised independent evaluation, accountable referral protocol, or survivor-safe local assessment.","Manual sensitive-boundary review only; use high-level policy, audit, annual, or governance sources; do not crawl/contact/live-check vulnerable-service or case-near sources.",No live referral use; no unnecessary operational/shelter/staff/client details.,review_before_any_public_wording,before_public_wording_or_candidate_promotion,ready_for_manual_execution,"Queue row generated from Evidence-Debt-current.csv; internal execution planning only, not permission to publish or contact."
exec_debt_0049,debt_0167,cand_las_patronas_veracruz_migrant_train_food_water,Las Patronas / Norma Romero — migrant train food-and-water threshold office,high,lane_1_high_sensitive_boundary,49,claim_0272|claim_0273|claim_0274|claim_0275,claim_0272:multi_source_supported_shape/now_or_before_any_public_claim|claim_0273:single_primary_or_institutional_shape/now_or_before_any_public_claim|claim_0274:multi_source_supported_shape/now_or_before_any_public_claim|claim_0275:boundary_or_counterclaim/now_or_before_any_public_claim,"High-level annual or governance source that separates work-shape/history from live routes, shelter/contact/intake, volunteer/donation paths, and images.","High-level annual or governance source that separates work-shape/history from live routes, shelter/contact/intake, volunteer/donation paths, and images.","Manual sensitive-boundary review only; use high-level policy, audit, annual, or governance sources; do not crawl/contact/live-check vulnerable-service or case-near sources.","No route or timing, no place instructions, no contact/donation/volunteer path, no shelter directory, no migrant story extraction, no image reuse, no current capacity claim.",blocks_or_conditions_public_claims_for_candidate,before_public_wording_or_candidate_promotion,ready_for_manual_execution,"Queue row generated from Evidence-Debt-current.csv; internal execution planning only, not permission to publish or contact."
exec_debt_0050,debt_0056,cand_le_va_pasifika_suicide_prevention_community_fund,Le Va / Pasifika Suicide Prevention Community Fund,high,lane_1_high_sensitive_boundary,50,claim_0102|claim_0103|claim_0104|claim_0105,claim_0102:multi_source_supported_shape/now_or_before_any_public_claim|claim_0103:interpretive_not_fact_claim/soon_keep_near_claim|claim_0104:boundary_or_counterclaim/soon_keep_near_claim|claim_0105:boundary_or_counterclaim/soon_keep_near_claim,"Current annual report, public service protocol, independent evaluation, safe local directory, or survivor-safe implementation review.","Current annual report, public service protocol, independent evaluation, safe local directory, or survivor-safe implementation review.","Manual sensitive-boundary review only; use high-level policy, audit, annual, or governance sources; do not crawl/contact/live-check vulnerable-service or case-near sources.",No live referral use; no unnecessary operational/shelter/staff/client details.,blocks_or_conditions_public_claims_for_candidate,before_public_wording_or_candidate_promotion,ready_for_manual_execution,"Queue row generated from Evidence-Debt-current.csv; internal execution planning only, not permission to publish or contact."
exec_debt_0051,debt_0062,cand_lifeline_fiji_crisis_helpline_community_outreach,Lifeline Fiji,high,lane_1_high_sensitive_boundary,51,claim_0111|claim_0112|claim_0113|claim_0114,claim_0111:unsupported_or_missing_source_link/now_or_before_any_public_claim|claim_0112:interpretive_not_fact_claim/soon_keep_near_claim|claim_0113:boundary_or_counterclaim/soon_keep_near_claim|claim_0114:boundary_or_counterclaim/now_or_before_any_public_claim,"Current annual report, public service protocol, independent evaluation, safe local directory, or survivor-safe implementation review.","Current annual report, public service protocol, independent evaluation, safe local directory, or survivor-safe implementation review.","Manual sensitive-boundary review only; use high-level policy, audit, annual, or governance sources; do not crawl/contact/live-check vulnerable-service or case-near sources.",No live referral use; no unnecessary operational/shelter/staff/client details.,blocks_or_conditions_public_claims_for_candidate,before_public_wording_or_candidate_promotion,ready_for_manual_execution,"Queue row generated from Evidence-Debt-current.csv; internal execution planning only, not permission to publish or contact."
exec_debt_0052,debt_0063,cand_lifeline_fiji_crisis_helpline_community_outreach,Lifeline Fiji,high,lane_1_high_sensitive_boundary,52,claim_0111|claim_0112|claim_0113|claim_0114,claim_0111:unsupported_or_missing_source_link/now_or_before_any_public_claim|claim_0112:interpretive_not_fact_claim/soon_keep_near_claim|claim_0113:boundary_or_counterclaim/soon_keep_near_claim|claim_0114:boundary_or_counterclaim/now_or_before_any_public_claim,Most recent official page/report plus one independent or local corroborating source.,Most recent official page/report plus one independent or local corroborating source.,"Manual sensitive-boundary review only; use high-level policy, audit, annual, or governance sources; do not crawl/contact/live-check vulnerable-service or case-near sources.",No live referral use; no unnecessary operational/shelter/staff/client details.,blocks_or_conditions_public_claims_for_candidate,before_public_wording_or_candidate_promotion,ready_for_manual_execution,"Queue row generated from Evidence-Debt-current.csv; internal execution planning only, not permission to publish or contact."
exec_debt_0053,debt_0058,cand_lifeline_port_moresby_png_counselling_refuge,LifeLine Port Moresby / Lifeline PNG counselling and refuge line,high,lane_1_high_sensitive_boundary,53,claim_0106|claim_0107|claim_0108|claim_0109|claim_0110,claim_0106:multi_source_supported_shape/now_or_before_any_public_claim|claim_0107:interpretive_not_fact_claim/now_or_before_any_public_claim|claim_0108:boundary_or_counterclaim/now_or_before_any_public_claim|claim_0109:boundary_or_counterclaim/now_or_before_any_public_claim,"Current annual report, public service protocol, independent evaluation, safe local directory, or survivor-safe implementation review.","Current annual report, public service protocol, independent evaluation, safe local directory, or survivor-safe implementation review.","Manual sensitive-boundary review only; use high-level policy, audit, annual, or governance sources; do not crawl/contact/live-check vulnerable-service or case-near sources.",No live referral use; no unnecessary operational/shelter/staff/client details.,blocks_or_conditions_public_claims_for_candidate,before_public_wording_or_candidate_promotion,ready_for_manual_execution,"Queue row generated from Evidence-Debt-current.csv; internal execution planning only, not permission to publish or contact."
exec_debt_0054,debt_0059,cand_lifeline_port_moresby_png_counselling_refuge,LifeLine Port Moresby / Lifeline PNG counselling and refuge line,high,lane_1_high_sensitive_boundary,54,claim_0106|claim_0107|claim_0108|claim_0109|claim_0110,claim_0106:multi_source_supported_shape/now_or_before_any_public_claim|claim_0107:interpretive_not_fact_claim/now_or_before_any_public_claim|claim_0108:boundary_or_counterclaim/now_or_before_any_public_claim|claim_0109:boundary_or_counterclaim/now_or_before_any_public_claim,Most recent official page/report plus one independent or local corroborating source.,Most recent official page/report plus one independent or local corroborating source.,"Manual sensitive-boundary review only; use high-level policy, audit, annual, or governance sources; do not crawl/contact/live-check vulnerable-service or case-near sources.",No live referral use; no unnecessary operational/shelter/staff/client details.,blocks_or_conditions_public_claims_for_candidate,before_public_wording_or_candidate_promotion,ready_for_manual_execution,"Queue row generated from Evidence-Debt-current.csv; internal execution planning only, not permission to publish or contact."
exec_debt_0055,debt_0060,cand_lifeline_port_moresby_png_counselling_refuge,LifeLine Port Moresby / Lifeline PNG counselling and refuge line,high,lane_1_high_sensitive_boundary,55,claim_0106|claim_0107|claim_0108|claim_0109|claim_0110,claim_0106:multi_source_supported_shape/now_or_before_any_public_claim|claim_0107:interpretive_not_fact_claim/now_or_before_any_public_claim|claim_0108:boundary_or_counterclaim/now_or_before_any_public_claim|claim_0109:boundary_or_counterclaim/now_or_before_any_public_claim,"Public safeguarding policy, anonymised independent evaluation, accountable referral protocol, or survivor-safe local assessment.","Public safeguarding policy, anonymised independent evaluation, accountable referral protocol, or survivor-safe local assessment.","Manual sensitive-boundary review only; use high-level policy, audit, annual, or governance sources; do not crawl/contact/live-check vulnerable-service or case-near sources.",No live referral use; no unnecessary operational/shelter/staff/client details.,blocks_or_conditions_public_claims_for_candidate,before_public_wording_or_candidate_promotion,ready_for_manual_execution,"Queue row generated from Evidence-Debt-current.csv; internal execution planning only, not permission to publish or contact."
exec_debt_0056,debt_0068,cand_madres_buscadoras_mexico_collectives,Madres Buscadoras / colectivos de búsqueda (Mexico),high,lane_1_high_sensitive_boundary,56,claim_0118|claim_0119|claim_0120,claim_0118:multi_source_supported_shape/soon_keep_near_claim|claim_0119:interpretive_not_fact_claim/soon_keep_near_claim|claim_0120:boundary_or_counterclaim/soon_keep_near_claim,"Boundary-safe public safeguarding policy, anonymised independent evaluation, accountable protection protocol, family-consent standard, or survivor/family-side local assessment that does not expose sites, routes, tips, cases, or images.","Boundary-safe public safeguarding policy, anonymised independent evaluation, accountable protection protocol, family-consent standard, or survivor/family-side local assessment that does not expose sites, routes, tips, cases, or images.","Manual sensitive-boundary review only; use high-level policy, audit, annual, or governance sources; do not crawl/contact/live-check vulnerable-service or case-near sources.","No live referral use; no search-site, route, tip-channel, grave/clandestine-site, forensic identifier, registry identifier, family-contact, protection-arrangement, current-brigade-location, image, or individual case-story detail.",review_before_any_public_wording,before_public_wording_or_candidate_promotion,ready_for_manual_execution,"Queue row generated from Evidence-Debt-current.csv; internal execution planning only, not permission to publish or contact."
exec_debt_0057,debt_0070,cand_mama_dragons_mama_bears_parent_reorientation_lgbtq_trans_youth,Mama Dragons / Mama Bears / parent-reorientation offices for LGBTQ+ and transgender children,high,lane_1_high_sensitive_boundary,57,claim_0124|claim_0125|claim_0126|claim_0127,claim_0124:multi_source_supported_shape/now_or_before_any_public_claim|claim_0125:interpretive_not_fact_claim/soon_keep_near_claim|claim_0126:boundary_or_counterclaim/soon_keep_near_claim|claim_0127:boundary_or_counterclaim/soon_keep_near_claim,"Current annual report, public service protocol, independent evaluation, safe local directory, or survivor-safe implementation review.","Current annual report, public service protocol, independent evaluation, safe local directory, or survivor-safe implementation review.","Manual sensitive-boundary review only; use high-level policy, audit, annual, or governance sources; do not crawl/contact/live-check vulnerable-service or case-near sources.",No live referral use; no unnecessary operational/shelter/staff/client details.,blocks_or_conditions_public_claims_for_candidate,before_public_wording_or_candidate_promotion,ready_for_manual_execution,"Queue row generated from Evidence-Debt-current.csv; internal execution planning only, not permission to publish or contact."
exec_debt_0058,debt_0154,cand_melinda_hunt_hart_island_project_public_cemetery_access,Melinda Hunt / The Hart Island Project — public cemetery access and anonymity-clock office,high,lane_1_high_sensitive_boundary,58,claim_0255|claim_0256|claim_0257,claim_0255:multi_source_supported_shape/now_or_before_any_public_claim|claim_0256:interpretive_not_fact_claim/soon_keep_near_claim|claim_0257:multi_source_supported_shape/now_or_before_any_public_claim,"Privacy policy, data-governance statement, family-submission protocol, or independent critique of public memorial databases.","Privacy policy, data-governance statement, family-submission protocol, or independent critique of public memorial databases.","Manual sensitive-boundary review only; use high-level policy, audit, annual, or governance sources; do not crawl/contact/live-check vulnerable-service or case-near sources.","Do not replicate names, plot numbers, ME numbers, fetal-remains details, images, or family stories unless directly necessary and redaction-reviewed.",blocks_or_conditions_public_claims_for_candidate,before_public_wording_or_candidate_promotion,ready_for_manual_execution,"Queue row generated from Evidence-Debt-current.csv; internal execution planning only, not permission to publish or contact."
exec_debt_0059,debt_0155,cand_melinda_hunt_hart_island_project_public_cemetery_access,Melinda Hunt / The Hart Island Project — public cemetery access and anonymity-clock office,high,lane_1_high_sensitive_boundary,59,claim_0255|claim_0256|claim_0257,claim_0255:multi_source_supported_shape/now_or_before_any_public_claim|claim_0256:interpretive_not_fact_claim/soon_keep_near_claim|claim_0257:multi_source_supported_shape/now_or_before_any_public_claim,NYC visitation rules; family testimony; accessibility review; community feedback from 2024/2025 planning.,NYC visitation rules; family testimony; accessibility review; community feedback from 2024/2025 planning.,"Manual sensitive-boundary review only; use high-level policy, audit, annual, or governance sources; do not crawl/contact/live-check vulnerable-service or case-near sources.",Do not present the cube as a tour/visit guide or publish operational scheduling details.,blocks_or_conditions_public_claims_for_candidate,before_public_wording_or_candidate_promotion,ready_for_manual_execution,"Queue row generated from Evidence-Debt-current.csv; internal execution planning only, not permission to publish or contact."
exec_debt_0060,debt_0156,cand_melinda_hunt_hart_island_project_public_cemetery_access,Melinda Hunt / The Hart Island Project — public cemetery access and anonymity-clock office,high,lane_2_high_source_balance_or_claim_support,60,claim_0255|claim_0256|claim_0257,claim_0255:multi_source_supported_shape/now_or_before_any_public_claim|claim_0256:interpretive_not_fact_claim/soon_keep_near_claim|claim_0257:multi_source_supported_shape/now_or_before_any_public_claim,"Submission terms, story moderation policy, family-authorship norms, critical museum/archives review.","Submission terms, story moderation policy, family-authorship norms, critical museum/archives review.","Manual desk review of already-public, high-level, non-operational sources only; preserve aggregate/institutional context and avoid extracting person-level, access-path, live-capacity, contact, route, image, testimony, legal, medical, or referral detail.","Treat story as submitted witness, not automatic truth or public-property narrative.",blocks_or_conditions_public_claims_for_candidate,before_public_wording_or_candidate_promotion,ready_for_manual_execution,"Queue row generated from Evidence-Debt-current.csv; internal execution planning only, not permission to publish or contact."
exec_debt_0061,debt_0072,cand_mia_atoui_embrace_lebanon_suicide_hotline,Mia Atoui / Embrace Lebanon — Embrace LifeLine [operational shortcode redacted],high,lane_1_high_sensitive_boundary,61,claim_0128|claim_0129|claim_0130|claim_0131|claim_0287,claim_0128:multi_source_supported_shape/now_or_before_any_public_claim|claim_0129:interpretive_not_fact_claim/now_or_before_any_public_claim|claim_0130:boundary_or_counterclaim/now_or_before_any_public_claim|claim_0131:boundary_or_counterclaim/now_or_before_any_public_claim,"Current annual report, public service protocol, independent evaluation, safe local directory, or survivor-safe implementation review.","Current annual report, public service protocol, independent evaluation, safe local directory, or survivor-safe implementation review.","Manual sensitive-boundary review only; use high-level policy, audit, annual, or governance sources; do not crawl/contact/live-check vulnerable-service or case-near sources.","No live referral use; no hotline shortcode/contact digits, service hours, call volume, caller/case detail, method, triage, current-capacity, or unnecessary operational/staff/client details.",blocks_or_conditions_public_claims_for_candidate,before_public_wording_or_candidate_promotion,ready_for_manual_execution,"Queue row generated from Evidence-Debt-current.csv; internal execution planning only, not permission to publish or contact."
exec_debt_0062,debt_0169,cand_mothers_srebrenica_zepa_truth_justice_remembrance,"Movement of Mothers of Srebrenica and Žepa Enclaves — family-led truth, remembrance, and accountability office",high,lane_1_high_sensitive_boundary,62,claim_0280|claim_0281|claim_0282|claim_0283,claim_0280:multi_source_supported_shape/now_or_before_any_public_claim|claim_0281:multi_source_supported_shape/now_or_before_any_public_claim|claim_0282:multi_source_supported_shape/now_or_before_any_public_claim|claim_0283:boundary_or_counterclaim/now_or_before_any_public_claim,"High-level institutional or UN/ICRC synthesis that separates mission, remembrance, missing-persons, and accountability work from victim names, family testimony, images, memorial logistics, contact paths, and legal procedure.","High-level institutional or UN/ICRC synthesis that separates mission, remembrance, missing-persons, and accountability work from victim names, family testimony, images, memorial logistics, contact paths, and legal procedure.","Manual sensitive-boundary review only; use high-level policy, audit, annual, or governance sources; do not crawl/contact/live-check vulnerable-service or case-near sources.","No case list, victim-name roll, family testimony, survivor quotation, memorial route/map, contact or donation path, litigation guidance, image reuse, event logistics, or current capacity claim.",blocks_or_conditions_public_claims_for_candidate,before_public_wording_or_candidate_promotion,ready_for_manual_execution,"Queue row generated from Evidence-Debt-current.csv; internal execution planning only, not permission to publish or contact."
exec_debt_0063,debt_0077,cand_nauru_counselling_social_work_qualification_pool,Nauru counselling and social-work qualification pool / service-capacity precursor,high,lane_1_high_sensitive_boundary,63,claim_0137|claim_0138|claim_0139|claim_0140,claim_0137:single_primary_or_institutional_shape/now_or_before_any_public_claim|claim_0138:interpretive_not_fact_claim/soon_keep_near_claim|claim_0139:boundary_or_counterclaim/soon_keep_near_claim|claim_0140:boundary_or_counterclaim/soon_keep_near_claim,"Current annual report, public service protocol, independent evaluation, safe local directory, or survivor-safe implementation review.","Current annual report, public service protocol, independent evaluation, safe local directory, or survivor-safe implementation review.","Manual sensitive-boundary review only; use high-level policy, audit, annual, or governance sources; do not crawl/contact/live-check vulnerable-service or case-near sources.",No live referral use; no unnecessary operational/shelter/staff/client details.,blocks_or_conditions_public_claims_for_candidate,before_public_wording_or_candidate_promotion,ready_for_manual_execution,"Queue row generated from Evidence-Debt-current.csv; internal execution planning only, not permission to publish or contact."
exec_debt_0064,debt_0078,cand_nauru_counselling_social_work_qualification_pool,Nauru counselling and social-work qualification pool / service-capacity precursor,high,lane_1_high_sensitive_boundary,64,claim_0137|claim_0138|claim_0139|claim_0140,claim_0137:single_primary_or_institutional_shape/now_or_before_any_public_claim|claim_0138:interpretive_not_fact_claim/soon_keep_near_claim|claim_0139:boundary_or_counterclaim/soon_keep_near_claim|claim_0140:boundary_or_counterclaim/soon_keep_near_claim,Most recent official page/report plus one independent or local corroborating source.,Most recent official page/report plus one independent or local corroborating source.,"Manual sensitive-boundary review only; use high-level policy, audit, annual, or governance sources; do not crawl/contact/live-check vulnerable-service or case-near sources.",No live referral use; no unnecessary operational/shelter/staff/client details.,blocks_or_conditions_public_claims_for_candidate,before_public_wording_or_candidate_promotion,ready_for_manual_execution,"Queue row generated from Evidence-Debt-current.csv; internal execution planning only, not permission to publish or contact."
exec_debt_0065,debt_0079,cand_nauru_counselling_social_work_qualification_pool,Nauru counselling and social-work qualification pool / service-capacity precursor,high,lane_1_high_sensitive_boundary,65,claim_0137|claim_0138|claim_0139|claim_0140,claim_0137:single_primary_or_institutional_shape/now_or_before_any_public_claim|claim_0138:interpretive_not_fact_claim/soon_keep_near_claim|claim_0139:boundary_or_counterclaim/soon_keep_near_claim|claim_0140:boundary_or_counterclaim/soon_keep_near_claim,"Public safeguarding policy, anonymised independent evaluation, accountable referral protocol, or survivor-safe local assessment.","Public safeguarding policy, anonymised independent evaluation, accountable referral protocol, or survivor-safe local assessment.","Manual sensitive-boundary review only; use high-level policy, audit, annual, or governance sources; do not crawl/contact/live-check vulnerable-service or case-near sources.",No live referral use; no unnecessary operational/shelter/staff/client details.,blocks_or_conditions_public_claims_for_candidate,before_public_wording_or_candidate_promotion,ready_for_manual_execution,"Queue row generated from Evidence-Debt-current.csv; internal execution planning only, not permission to publish or contact."
exec_debt_0066,debt_0074,cand_nauru_dvfpa_family_protection_coordination_committee_safety_orders,Nauru Domestic Violence and Family Protection Act / Family Protection Coordination Committee / safety-order threshold,high,lane_1_high_sensitive_boundary,66,claim_0132|claim_0133|claim_0134|claim_0135|claim_0136,claim_0132:multi_source_supported_shape/now_or_before_any_public_claim|claim_0133:interpretive_not_fact_claim/soon_keep_near_claim|claim_0134:boundary_or_counterclaim/now_or_before_any_public_claim|claim_0135:boundary_or_counterclaim/now_or_before_any_public_claim,"Current survivor-safe implementation review, anonymised independent evaluation, safeguarding/confidentiality protocol, legal-aid/accompaniment evidence, or public annual report that does not expose contact/intake details.","Current survivor-safe implementation review, anonymised independent evaluation, safeguarding/confidentiality protocol, legal-aid/accompaniment evidence, or public annual report that does not expose contact/intake details.","Manual sensitive-boundary review only; use high-level policy, audit, annual, or governance sources; do not crawl/contact/live-check vulnerable-service or case-near sources.",No live referral use; no court/police instructions; no legal advice; no shelter/staff/client details; no protection-order-as-safety or No Drop-as-survivor-choice language.,blocks_or_conditions_public_claims_for_candidate,before_public_wording_or_candidate_promotion,ready_for_manual_execution,"Queue row generated from Evidence-Debt-current.csv; internal execution planning only, not permission to publish or contact."
exec_debt_0067,debt_0075,cand_nauru_dvfpa_family_protection_coordination_committee_safety_orders,Nauru Domestic Violence and Family Protection Act / Family Protection Coordination Committee / safety-order threshold,high,lane_1_high_sensitive_boundary,67,claim_0132|claim_0133|claim_0134|claim_0135|claim_0136,claim_0132:multi_source_supported_shape/now_or_before_any_public_claim|claim_0133:interpretive_not_fact_claim/soon_keep_near_claim|claim_0134:boundary_or_counterclaim/now_or_before_any_public_claim|claim_0135:boundary_or_counterclaim/now_or_before_any_public_claim,"Current survivor-safe implementation review, anonymised independent evaluation, safeguarding/confidentiality protocol, legal-aid/accompaniment evidence, or public annual report that does not expose contact/intake details.","Current survivor-safe implementation review, anonymised independent evaluation, safeguarding/confidentiality protocol, legal-aid/accompaniment evidence, or public annual report that does not expose contact/intake details.","Manual sensitive-boundary review only; use high-level policy, audit, annual, or governance sources; do not crawl/contact/live-check vulnerable-service or case-near sources.",No live referral use; no court/police instructions; no legal advice; no shelter/staff/client details; no protection-order-as-safety or No Drop-as-survivor-choice language.,blocks_or_conditions_public_claims_for_candidate,before_public_wording_or_candidate_promotion,ready_for_manual_execution,"Queue row generated from Evidence-Debt-current.csv; internal execution planning only, not permission to publish or contact."
exec_debt_0068,debt_0076,cand_nauru_dvfpa_family_protection_coordination_committee_safety_orders,Nauru Domestic Violence and Family Protection Act / Family Protection Coordination Committee / safety-order threshold,high,lane_1_high_sensitive_boundary,68,claim_0132|claim_0133|claim_0134|claim_0135|claim_0136,claim_0132:multi_source_supported_shape/now_or_before_any_public_claim|claim_0133:interpretive_not_fact_claim/soon_keep_near_claim|claim_0134:boundary_or_counterclaim/now_or_before_any_public_claim|claim_0135:boundary_or_counterclaim/now_or_before_any_public_claim,"Current survivor-safe implementation review, anonymised independent evaluation, safeguarding/confidentiality protocol, legal-aid/accompaniment evidence, or public annual report that does not expose contact/intake details.","Current survivor-safe implementation review, anonymised independent evaluation, safeguarding/confidentiality protocol, legal-aid/accompaniment evidence, or public annual report that does not expose contact/intake details.","Manual sensitive-boundary review only; use high-level policy, audit, annual, or governance sources; do not crawl/contact/live-check vulnerable-service or case-near sources.",No live referral use; no court/police instructions; no legal advice; no shelter/staff/client details; no protection-order-as-safety or No Drop-as-survivor-choice language.,blocks_or_conditions_public_claims_for_candidate,before_public_wording_or_candidate_promotion,ready_for_manual_execution,"Queue row generated from Evidence-Debt-current.csv; internal execution planning only, not permission to publish or contact."
exec_debt_0069,debt_0081,cand_nelson_moz_nestor_cruz_evangelical_gang_exit_el_salvador,Pastor Nelson Moz / Eben-Ezer Baptist Church (El Salvador) and Pastor Nestor Cruz / Hungry Church (El Salvador) — religious exit-ramp from gang life,high,lane_1_high_sensitive_boundary,69,claim_0144|claim_0145|claim_0146|claim_0147,claim_0144:multi_source_supported_shape/soon_keep_near_claim|claim_0145:interpretive_not_fact_claim/soon_keep_near_claim|claim_0146:boundary_or_counterclaim/soon_keep_near_claim|claim_0147:boundary_or_counterclaim/soon_keep_near_claim,"Current annual report, public service protocol, independent evaluation, safe local directory, or survivor-safe implementation review.","Current annual report, public service protocol, independent evaluation, safe local directory, or survivor-safe implementation review.","Manual sensitive-boundary review only; use high-level policy, audit, annual, or governance sources; do not crawl/contact/live-check vulnerable-service or case-near sources.","Names/images/details must remain load-bearing, not decorative.",review_before_any_public_wording,before_public_wording_or_candidate_promotion,ready_for_manual_execution,"Queue row generated from Evidence-Debt-current.csv; internal execution planning only, not permission to publish or contact."
exec_debt_0070,debt_0083,cand_nicole_bell_safe_exit_initiative,Nicole Bell Peña / Living in Freedom Together lineage / Safe Exit Initiative successor office / Her Way Home,high,lane_1_high_sensitive_boundary,70,claim_0148|claim_0149|claim_0150|claim_0151,claim_0148:multi_source_supported_shape/soon_keep_near_claim|claim_0149:interpretive_not_fact_claim/soon_keep_near_claim|claim_0150:boundary_or_counterclaim/soon_keep_near_claim|claim_0151:boundary_or_counterclaim/soon_keep_near_claim,"Current annual report, public service protocol, independent evaluation, safe local directory, or survivor-safe implementation review.","Current annual report, public service protocol, independent evaluation, safe local directory, or survivor-safe implementation review.","Manual sensitive-boundary review only; use high-level policy, audit, annual, or governance sources; do not crawl/contact/live-check vulnerable-service or case-near sources.",No live referral use; no unnecessary operational/shelter/staff/client details.,review_before_any_public_wording,before_public_wording_or_candidate_promotion,ready_for_manual_execution,"Queue row generated from Evidence-Debt-current.csv; internal execution planning only, not permission to publish or contact."
exec_debt_0071,debt_0084,cand_nicole_bell_safe_exit_initiative,Nicole Bell Peña / Living in Freedom Together lineage / Safe Exit Initiative successor office / Her Way Home,high,lane_1_high_sensitive_boundary,71,claim_0148|claim_0149|claim_0150|claim_0151,claim_0148:multi_source_supported_shape/soon_keep_near_claim|claim_0149:interpretive_not_fact_claim/soon_keep_near_claim|claim_0150:boundary_or_counterclaim/soon_keep_near_claim|claim_0151:boundary_or_counterclaim/soon_keep_near_claim,Most recent official page/report plus one independent or local corroborating source.,Most recent official page/report plus one independent or local corroborating source.,"Manual sensitive-boundary review only; use high-level policy, audit, annual, or governance sources; do not crawl/contact/live-check vulnerable-service or case-near sources.",No live referral use; no unnecessary operational/shelter/staff/client details.,internal_evidence_quality_before_promotion_or_public_use,before_public_wording_or_candidate_promotion,ready_for_manual_execution,"Queue row generated from Evidence-Debt-current.csv; internal execution planning only, not permission to publish or contact."
exec_debt_0072,debt_0085,cand_nicole_bell_safe_exit_initiative,Nicole Bell Peña / Living in Freedom Together lineage / Safe Exit Initiative successor office / Her Way Home,high,lane_1_high_sensitive_boundary,72,claim_0148|claim_0149|claim_0150|claim_0151,claim_0148:multi_source_supported_shape/soon_keep_near_claim|claim_0149:interpretive_not_fact_claim/soon_keep_near_claim|claim_0150:boundary_or_counterclaim/soon_keep_near_claim|claim_0151:boundary_or_counterclaim/soon_keep_near_claim,"Public safeguarding policy, anonymised independent evaluation, accountable referral protocol, or survivor-safe local assessment.","Public safeguarding policy, anonymised independent evaluation, accountable referral protocol, or survivor-safe local assessment.","Manual sensitive-boundary review only; use high-level policy, audit, annual, or governance sources; do not crawl/contact/live-check vulnerable-service or case-near sources.",No live referral use; no unnecessary operational/shelter/staff/client details.,review_before_any_public_wording,before_public_wording_or_candidate_promotion,ready_for_manual_execution,"Queue row generated from Evidence-Debt-current.csv; internal execution planning only, not permission to publish or contact."
exec_debt_0073,debt_0086,cand_niue_gbv_service_gap_family_tree_mapping,Niue GBV service-gap marker / family-tree mapping intervention,high,lane_1_high_sensitive_boundary,73,claim_0152|claim_0153|claim_0154|claim_0155|claim_0156,claim_0152:multi_source_supported_shape/now_or_before_any_public_claim|claim_0153:interpretive_not_fact_claim/soon_keep_near_claim|claim_0154:boundary_or_counterclaim/soon_keep_near_claim|claim_0155:boundary_or_counterclaim/soon_keep_near_claim,"Current annual report, public service protocol, independent evaluation, safe local directory, or survivor-safe implementation review.","Current annual report, public service protocol, independent evaluation, safe local directory, or survivor-safe implementation review.","Manual sensitive-boundary review only; use high-level policy, audit, annual, or governance sources; do not crawl/contact/live-check vulnerable-service or case-near sources.",No live referral use; no unnecessary operational/shelter/staff/client details.,blocks_or_conditions_public_claims_for_candidate,before_public_wording_or_candidate_promotion,ready_for_manual_execution,"Queue row generated from Evidence-Debt-current.csv; internal execution planning only, not permission to publish or contact."
exec_debt_0074,debt_0087,cand_niue_gbv_service_gap_family_tree_mapping,Niue GBV service-gap marker / family-tree mapping intervention,high,lane_1_high_sensitive_boundary,74,claim_0152|claim_0153|claim_0154|claim_0155|claim_0156,claim_0152:multi_source_supported_shape/now_or_before_any_public_claim|claim_0153:interpretive_not_fact_claim/soon_keep_near_claim|claim_0154:boundary_or_counterclaim/soon_keep_near_claim|claim_0155:boundary_or_counterclaim/soon_keep_near_claim,Most recent official page/report plus one independent or local corroborating source.,Most recent official page/report plus one independent or local corroborating source.,"Manual sensitive-boundary review only; use high-level policy, audit, annual, or governance sources; do not crawl/contact/live-check vulnerable-service or case-near sources.",No live referral use; no unnecessary operational/shelter/staff/client details.,blocks_or_conditions_public_claims_for_candidate,before_public_wording_or_candidate_promotion,ready_for_manual_execution,"Queue row generated from Evidence-Debt-current.csv; internal execution planning only, not permission to publish or contact."
exec_debt_0075,debt_0088,cand_niue_gbv_service_gap_family_tree_mapping,Niue GBV service-gap marker / family-tree mapping intervention,high,lane_1_high_sensitive_boundary,75,claim_0152|claim_0153|claim_0154|claim_0155|claim_0156,claim_0152:multi_source_supported_shape/now_or_before_any_public_claim|claim_0153:interpretive_not_fact_claim/soon_keep_near_claim|claim_0154:boundary_or_counterclaim/soon_keep_near_claim|claim_0155:boundary_or_counterclaim/soon_keep_near_claim,"Public safeguarding policy, anonymised independent evaluation, accountable referral protocol, or survivor-safe local assessment.","Public safeguarding policy, anonymised independent evaluation, accountable referral protocol, or survivor-safe local assessment.","Manual sensitive-boundary review only; use high-level policy, audit, annual, or governance sources; do not crawl/contact/live-check vulnerable-service or case-near sources.",No live referral use; no unnecessary operational/shelter/staff/client details.,blocks_or_conditions_public_claims_for_candidate,before_public_wording_or_candidate_promotion,ready_for_manual_execution,"Queue row generated from Evidence-Debt-current.csv; internal execution planning only, not permission to publish or contact."
exec_debt_0076,debt_0089,cand_noel_e_bordador_nazareth_house_bahay_nazareth,Noel E. Bordador / Nazareth House (Bahay Nazareth),high,lane_1_high_sensitive_boundary,76,claim_0157|claim_0158|claim_0159|claim_0160,claim_0157:unsupported_or_missing_source_link/now_or_before_any_public_claim|claim_0158:interpretive_not_fact_claim/now_or_before_any_public_claim|claim_0159:boundary_or_counterclaim/now_or_before_any_public_claim|claim_0160:boundary_or_counterclaim/now_or_before_any_public_claim,"Current annual report, public service protocol, independent evaluation, safe local directory, or survivor-safe implementation review.","Current annual report, public service protocol, independent evaluation, safe local directory, or survivor-safe implementation review.","Manual sensitive-boundary review only; use high-level policy, audit, annual, or governance sources; do not crawl/contact/live-check vulnerable-service or case-near sources.",No live referral use; no unnecessary operational/shelter/staff/client details.,blocks_or_conditions_public_claims_for_candidate,before_public_wording_or_candidate_promotion,ready_for_manual_execution,"Queue row generated from Evidence-Debt-current.csv; internal execution planning only, not permission to publish or contact."
exec_debt_0077,debt_0090,cand_noel_e_bordador_nazareth_house_bahay_nazareth,Noel E. Bordador / Nazareth House (Bahay Nazareth),high,lane_1_high_sensitive_boundary,77,claim_0157|claim_0158|claim_0159|claim_0160,claim_0157:unsupported_or_missing_source_link/now_or_before_any_public_claim|claim_0158:interpretive_not_fact_claim/now_or_before_any_public_claim|claim_0159:boundary_or_counterclaim/now_or_before_any_public_claim|claim_0160:boundary_or_counterclaim/now_or_before_any_public_claim,"Public safeguarding policy, anonymised independent evaluation, accountable referral protocol, or survivor-safe local assessment.","Public safeguarding policy, anonymised independent evaluation, accountable referral protocol, or survivor-safe local assessment.","Manual sensitive-boundary review only; use high-level policy, audit, annual, or governance sources; do not crawl/contact/live-check vulnerable-service or case-near sources.",No live referral use; no unnecessary operational/shelter/staff/client details.,blocks_or_conditions_public_claims_for_candidate,before_public_wording_or_candidate_promotion,ready_for_manual_execution,"Queue row generated from Evidence-Debt-current.csv; internal execution planning only, not permission to publish or contact."
exec_debt_0078,debt_0093,cand_palau_family_protection_act_working_group_gbv_first_response,Palau Family Protection Act Working Group / inter-ministerial GBV first-response line,high,lane_1_high_sensitive_boundary,78,claim_0164|claim_0165|claim_0166|claim_0167|claim_0168,claim_0164:multi_source_supported_shape/now_or_before_any_public_claim|claim_0165:interpretive_not_fact_claim/now_or_before_any_public_claim|claim_0166:boundary_or_counterclaim/now_or_before_any_public_claim|claim_0167:boundary_or_counterclaim/now_or_before_any_public_claim,"Current survivor-safe implementation review, anonymised independent evaluation, safeguarding/confidentiality protocol, legal-aid/accompaniment evidence, or public annual report that does not expose contact/intake details.","Current survivor-safe implementation review, anonymised independent evaluation, safeguarding/confidentiality protocol, legal-aid/accompaniment evidence, or public annual report that does not expose contact/intake details.","Manual sensitive-boundary review only; use high-level policy, audit, annual, or governance sources; do not crawl/contact/live-check vulnerable-service or case-near sources.",No live referral use; no court/police instructions; no legal advice; no shelter/staff/client details; no protection-order-as-safety or No Drop-as-survivor-choice language.,blocks_or_conditions_public_claims_for_candidate,before_public_wording_or_candidate_promotion,ready_for_manual_execution,"Queue row generated from Evidence-Debt-current.csv; internal execution planning only, not permission to publish or contact."
exec_debt_0079,debt_0094,cand_palau_family_protection_act_working_group_gbv_first_response,Palau Family Protection Act Working Group / inter-ministerial GBV first-response line,high,lane_1_high_sensitive_boundary,79,claim_0164|claim_0165|claim_0166|claim_0167|claim_0168,claim_0164:multi_source_supported_shape/now_or_before_any_public_claim|claim_0165:interpretive_not_fact_claim/now_or_before_any_public_claim|claim_0166:boundary_or_counterclaim/now_or_before_any_public_claim|claim_0167:boundary_or_counterclaim/now_or_before_any_public_claim,"Current survivor-safe implementation review, anonymised independent evaluation, safeguarding/confidentiality protocol, legal-aid/accompaniment evidence, or public annual report that does not expose contact/intake details.","Current survivor-safe implementation review, anonymised independent evaluation, safeguarding/confidentiality protocol, legal-aid/accompaniment evidence, or public annual report that does not expose contact/intake details.","Manual sensitive-boundary review only; use high-level policy, audit, annual, or governance sources; do not crawl/contact/live-check vulnerable-service or case-near sources.",No live referral use; no court/police instructions; no legal advice; no shelter/staff/client details; no protection-order-as-safety or No Drop-as-survivor-choice language.,blocks_or_conditions_public_claims_for_candidate,before_public_wording_or_candidate_promotion,ready_for_manual_execution,"Queue row generated from Evidence-Debt-current.csv; internal execution planning only, not permission to publish or contact."
exec_debt_0080,debt_0095,cand_palau_family_protection_act_working_group_gbv_first_response,Palau Family Protection Act Working Group / inter-ministerial GBV first-response line,high,lane_1_high_sensitive_boundary,80,claim_0164|claim_0165|claim_0166|claim_0167|claim_0168,claim_0164:multi_source_supported_shape/now_or_before_any_public_claim|claim_0165:interpretive_not_fact_claim/now_or_before_any_public_claim|claim_0166:boundary_or_counterclaim/now_or_before_any_public_claim|claim_0167:boundary_or_counterclaim/now_or_before_any_public_claim,"Current survivor-safe implementation review, anonymised independent evaluation, safeguarding/confidentiality protocol, legal-aid/accompaniment evidence, or public annual report that does not expose contact/intake details.","Current survivor-safe implementation review, anonymised independent evaluation, safeguarding/confidentiality protocol, legal-aid/accompaniment evidence, or public annual report that does not expose contact/intake details.","Manual sensitive-boundary review only; use high-level policy, audit, annual, or governance sources; do not crawl/contact/live-check vulnerable-service or case-near sources.",No live referral use; no court/police instructions; no legal advice; no shelter/staff/client details; no protection-order-as-safety or No Drop-as-survivor-choice language.,blocks_or_conditions_public_claims_for_candidate,before_public_wording_or_candidate_promotion,ready_for_manual_execution,"Queue row generated from Evidence-Debt-current.csv; internal execution planning only, not permission to publish or contact."
exec_debt_0081,debt_0096,cand_palau_family_protection_act_working_group_gbv_first_response,Palau Family Protection Act Working Group / inter-ministerial GBV first-response line,high,lane_1_high_sensitive_boundary,81,claim_0164|claim_0165|claim_0166|claim_0167|claim_0168,claim_0164:multi_source_supported_shape/now_or_before_any_public_claim|claim_0165:interpretive_not_fact_claim/now_or_before_any_public_claim|claim_0166:boundary_or_counterclaim/now_or_before_any_public_claim|claim_0167:boundary_or_counterclaim/now_or_before_any_public_claim,"Current survivor-safe implementation review, anonymised independent evaluation, safeguarding/confidentiality protocol, legal-aid/accompaniment evidence, or public annual report that does not expose contact/intake details.","Current survivor-safe implementation review, anonymised independent evaluation, safeguarding/confidentiality protocol, legal-aid/accompaniment evidence, or public annual report that does not expose contact/intake details.","Manual sensitive-boundary review only; use high-level policy, audit, annual, or governance sources; do not crawl/contact/live-check vulnerable-service or case-near sources.",No live referral use; no court/police instructions; no legal advice; no shelter/staff/client details; no protection-order-as-safety or No Drop-as-survivor-choice language.,blocks_or_conditions_public_claims_for_candidate,before_public_wording_or_candidate_promotion,ready_for_manual_execution,"Queue row generated from Evidence-Debt-current.csv; internal execution planning only, not permission to publish or contact."
exec_debt_0082,debt_0097,cand_pohnpei_dhsa_first_gesi_gbv_staff_workshop,Pohnpei Division of FSM Department of Health and Social Affairs — first GESI/GBV staff workshop,high,lane_1_high_sensitive_boundary,82,claim_0169|claim_0170|claim_0171|claim_0172,claim_0169:multi_source_supported_shape/now_or_before_any_public_claim|claim_0170:interpretive_not_fact_claim/soon_keep_near_claim|claim_0171:boundary_or_counterclaim/soon_keep_near_claim|claim_0172:boundary_or_counterclaim/soon_keep_near_claim,"Current annual report, public service protocol, independent evaluation, safe local directory, or survivor-safe implementation review.","Current annual report, public service protocol, independent evaluation, safe local directory, or survivor-safe implementation review.","Manual sensitive-boundary review only; use high-level policy, audit, annual, or governance sources; do not crawl/contact/live-check vulnerable-service or case-near sources.",No live referral use; no unnecessary operational/shelter/staff/client details.,blocks_or_conditions_public_claims_for_candidate,before_public_wording_or_candidate_promotion,ready_for_manual_execution,"Queue row generated from Evidence-Debt-current.csv; internal execution planning only, not permission to publish or contact."
exec_debt_0083,debt_0098,cand_pohnpei_dhsa_first_gesi_gbv_staff_workshop,Pohnpei Division of FSM Department of Health and Social Affairs — first GESI/GBV staff workshop,high,lane_1_high_sensitive_boundary,83,claim_0169|claim_0170|claim_0171|claim_0172,claim_0169:multi_source_supported_shape/now_or_before_any_public_claim|claim_0170:interpretive_not_fact_claim/soon_keep_near_claim|claim_0171:boundary_or_counterclaim/soon_keep_near_claim|claim_0172:boundary_or_counterclaim/soon_keep_near_claim,"Public safeguarding policy, anonymised independent evaluation, accountable referral protocol, or survivor-safe local assessment.","Public safeguarding policy, anonymised independent evaluation, accountable referral protocol, or survivor-safe local assessment.","Manual sensitive-boundary review only; use high-level policy, audit, annual, or governance sources; do not crawl/contact/live-check vulnerable-service or case-near sources.",No live referral use; no unnecessary operational/shelter/staff/client details.,blocks_or_conditions_public_claims_for_candidate,before_public_wording_or_candidate_promotion,ready_for_manual_execution,"Queue row generated from Evidence-Debt-current.csv; internal execution planning only, not permission to publish or contact."
exec_debt_0084,debt_0099,cand_punanga_tauturu_cook_islands_womens_support_centre,Punanga Tauturu / Punanga Turuturu Itivaine / Cook Islands Women’s Support Centre,high,lane_1_high_sensitive_boundary,84,claim_0173|claim_0174|claim_0175|claim_0176,claim_0173:multi_source_supported_shape/soon_keep_near_claim|claim_0174:interpretive_not_fact_claim/soon_keep_near_claim|claim_0175:boundary_or_counterclaim/soon_keep_near_claim|claim_0176:boundary_or_counterclaim/soon_keep_near_claim,"Current annual report, public service protocol, independent evaluation, safe local directory, or survivor-safe implementation review.","Current annual report, public service protocol, independent evaluation, safe local directory, or survivor-safe implementation review.","Manual sensitive-boundary review only; use high-level policy, audit, annual, or governance sources; do not crawl/contact/live-check vulnerable-service or case-near sources.",No live referral use; no unnecessary operational/shelter/staff/client details.,review_before_any_public_wording,before_public_wording_or_candidate_promotion,ready_for_manual_execution,"Queue row generated from Evidence-Debt-current.csv; internal execution planning only, not permission to publish or contact."
exec_debt_0085,debt_0100,cand_punanga_tauturu_cook_islands_womens_support_centre,Punanga Tauturu / Punanga Turuturu Itivaine / Cook Islands Women’s Support Centre,high,lane_1_high_sensitive_boundary,85,claim_0173|claim_0174|claim_0175|claim_0176,claim_0173:multi_source_supported_shape/soon_keep_near_claim|claim_0174:interpretive_not_fact_claim/soon_keep_near_claim|claim_0175:boundary_or_counterclaim/soon_keep_near_claim|claim_0176:boundary_or_counterclaim/soon_keep_near_claim,Most recent official page/report plus one independent or local corroborating source.,Most recent official page/report plus one independent or local corroborating source.,"Manual sensitive-boundary review only; use high-level policy, audit, annual, or governance sources; do not crawl/contact/live-check vulnerable-service or case-near sources.",No live referral use; no unnecessary operational/shelter/staff/client details.,internal_evidence_quality_before_promotion_or_public_use,before_public_wording_or_candidate_promotion,ready_for_manual_execution,"Queue row generated from Evidence-Debt-current.csv; internal execution planning only, not permission to publish or contact."
exec_debt_0086,debt_0101,cand_punanga_tauturu_cook_islands_womens_support_centre,Punanga Tauturu / Punanga Turuturu Itivaine / Cook Islands Women’s Support Centre,high,lane_1_high_sensitive_boundary,86,claim_0173|claim_0174|claim_0175|claim_0176,claim_0173:multi_source_supported_shape/soon_keep_near_claim|claim_0174:interpretive_not_fact_claim/soon_keep_near_claim|claim_0175:boundary_or_counterclaim/soon_keep_near_claim|claim_0176:boundary_or_counterclaim/soon_keep_near_claim,"Public safeguarding policy, anonymised independent evaluation, accountable referral protocol, or survivor-safe local assessment.","Public safeguarding policy, anonymised independent evaluation, accountable referral protocol, or survivor-safe local assessment.","Manual sensitive-boundary review only; use high-level policy, audit, annual, or governance sources; do not crawl/contact/live-check vulnerable-service or case-near sources.",No live referral use; no unnecessary operational/shelter/staff/client details.,review_before_any_public_wording,before_public_wording_or_candidate_promotion,ready_for_manual_execution,"Queue row generated from Evidence-Debt-current.csv; internal execution planning only, not permission to publish or contact."
exec_debt_0087,debt_0104,cand_regional_gbv_counselling_framework_pacific_standards,Regional GBV Counselling Framework / RWG and Pacific Women’s Network to End Violence Against Women,high,lane_1_high_sensitive_boundary,87,claim_0181|claim_0182|claim_0183|claim_0184|claim_0185|claim_0286,claim_0181:multi_source_supported_shape/now_or_before_any_public_claim|claim_0182:interpretive_not_fact_claim/soon_keep_near_claim|claim_0183:boundary_or_counterclaim/soon_keep_near_claim|claim_0184:boundary_or_counterclaim/soon_keep_near_claim,"Current annual report, public service protocol, independent evaluation, safe local directory, or survivor-safe implementation review.","Current annual report, public service protocol, independent evaluation, safe local directory, or survivor-safe implementation review.","Manual sensitive-boundary review only; use high-level policy, audit, annual, or governance sources; do not crawl/contact/live-check vulnerable-service or case-near sources.",No live referral use; no unnecessary operational/shelter/staff/client details.,blocks_or_conditions_public_claims_for_candidate,before_public_wording_or_candidate_promotion,ready_for_manual_execution,"Queue row generated from Evidence-Debt-current.csv; internal execution planning only, not permission to publish or contact."
exec_debt_0088,debt_0105,cand_regional_gbv_counselling_framework_pacific_standards,Regional GBV Counselling Framework / RWG and Pacific Women’s Network to End Violence Against Women,high,lane_1_high_sensitive_boundary,88,claim_0181|claim_0182|claim_0183|claim_0184|claim_0185|claim_0286,claim_0181:multi_source_supported_shape/now_or_before_any_public_claim|claim_0182:interpretive_not_fact_claim/soon_keep_near_claim|claim_0183:boundary_or_counterclaim/soon_keep_near_claim|claim_0184:boundary_or_counterclaim/soon_keep_near_claim,Most recent official page/report plus one independent or local corroborating source.,Most recent official page/report plus one independent or local corroborating source.,"Manual sensitive-boundary review only; use high-level policy, audit, annual, or governance sources; do not crawl/contact/live-check vulnerable-service or case-near sources.",No live referral use; no unnecessary operational/shelter/staff/client details.,blocks_or_conditions_public_claims_for_candidate,before_public_wording_or_candidate_promotion,ready_for_manual_execution,"Queue row generated from Evidence-Debt-current.csv; internal execution planning only, not permission to publish or contact."
exec_debt_0089,debt_0106,cand_regional_gbv_counselling_framework_pacific_standards,Regional GBV Counselling Framework / RWG and Pacific Women’s Network to End Violence Against Women,high,lane_1_high_sensitive_boundary,89,claim_0181|claim_0182|claim_0183|claim_0184|claim_0185|claim_0286,claim_0181:multi_source_supported_shape/now_or_before_any_public_claim|claim_0182:interpretive_not_fact_claim/soon_keep_near_claim|claim_0183:boundary_or_counterclaim/soon_keep_near_claim|claim_0184:boundary_or_counterclaim/soon_keep_near_claim,"Public safeguarding policy, anonymised independent evaluation, accountable referral protocol, or survivor-safe local assessment.","Public safeguarding policy, anonymised independent evaluation, accountable referral protocol, or survivor-safe local assessment.","Manual sensitive-boundary review only; use high-level policy, audit, annual, or governance sources; do not crawl/contact/live-check vulnerable-service or case-near sources.",No live referral use; no unnecessary operational/shelter/staff/client details.,blocks_or_conditions_public_claims_for_candidate,before_public_wording_or_candidate_promotion,ready_for_manual_execution,"Queue row generated from Evidence-Debt-current.csv; internal execution planning only, not permission to publish or contact."
exec_debt_0090,debt_0102,cand_rwg_family_protection_domestic_violence_legislation_pacific,Regional Working Group on the Implementation of Family Protection / Domestic Violence Legislation (RWG),high,lane_1_high_sensitive_boundary,90,claim_0177|claim_0178|claim_0179|claim_0180,claim_0177:multi_source_supported_shape/now_or_before_any_public_claim|claim_0178:interpretive_not_fact_claim/soon_keep_near_claim|claim_0179:boundary_or_counterclaim/soon_keep_near_claim|claim_0180:boundary_or_counterclaim/soon_keep_near_claim,"Current annual report, public service protocol, independent evaluation, safe local directory, or survivor-safe implementation review.","Current annual report, public service protocol, independent evaluation, safe local directory, or survivor-safe implementation review.","Manual sensitive-boundary review only; use high-level policy, audit, annual, or governance sources; do not crawl/contact/live-check vulnerable-service or case-near sources.",No live referral use; no unnecessary operational/shelter/staff/client details.,blocks_or_conditions_public_claims_for_candidate,before_public_wording_or_candidate_promotion,ready_for_manual_execution,"Queue row generated from Evidence-Debt-current.csv; internal execution planning only, not permission to publish or contact."
exec_debt_0091,debt_0103,cand_rwg_family_protection_domestic_violence_legislation_pacific,Regional Working Group on the Implementation of Family Protection / Domestic Violence Legislation (RWG),high,lane_1_high_sensitive_boundary,91,claim_0177|claim_0178|claim_0179|claim_0180,claim_0177:multi_source_supported_shape/now_or_before_any_public_claim|claim_0178:interpretive_not_fact_claim/soon_keep_near_claim|claim_0179:boundary_or_counterclaim/soon_keep_near_claim|claim_0180:boundary_or_counterclaim/soon_keep_near_claim,"Public safeguarding policy, anonymised independent evaluation, accountable referral protocol, or survivor-safe local assessment.","Public safeguarding policy, anonymised independent evaluation, accountable referral protocol, or survivor-safe local assessment.","Manual sensitive-boundary review only; use high-level policy, audit, annual, or governance sources; do not crawl/contact/live-check vulnerable-service or case-near sources.",No live referral use; no unnecessary operational/shelter/staff/client details.,blocks_or_conditions_public_claims_for_candidate,before_public_wording_or_candidate_promotion,ready_for_manual_execution,"Queue row generated from Evidence-Debt-current.csv; internal execution planning only, not permission to publish or contact."
exec_debt_0092,debt_0108,cand_sally_j_finn_international_overdose_awareness_day,Sally J. Finn / International Overdose Awareness Day (and subsequent stewardship by the Penington Institute),high,lane_1_high_sensitive_boundary,92,claim_0186|claim_0187|claim_0188,claim_0186:multi_source_supported_shape/soon_keep_near_claim|claim_0187:interpretive_not_fact_claim/soon_keep_near_claim|claim_0188:boundary_or_counterclaim/soon_keep_near_claim,"Critical or participant-side evaluation of overdose memorial practice, memorial consent, stigma, and harm-reduction policy framing; safe aggregate annual reports only for mortality context.","Critical or participant-side evaluation of overdose memorial practice, memorial consent, stigma, and harm-reduction policy framing; safe aggregate annual reports only for mortality context.","Manual sensitive-boundary review only; use high-level policy, audit, annual, or governance sources; do not crawl/contact/live-check vulnerable-service or case-near sources.","Names/images/details must remain non-extractive by default; block event maps, memorial exhibits, broad image/story reuse, contact fields, naloxone/training access paths, and war-on-drugs framing.",internal_evidence_quality_before_promotion_or_public_use,before_public_wording_or_candidate_promotion,ready_for_manual_execution,"Queue row generated from Evidence-Debt-current.csv; internal execution planning only, not permission to publish or contact."
exec_debt_0093,debt_0109,cand_samoa_victim_support_group_campus_of_hope,Samoa Victim Support Group (SVSG) / Campus of Hope,high,lane_1_high_sensitive_boundary,93,claim_0189|claim_0190|claim_0191|claim_0192,claim_0189:multi_source_supported_shape/now_or_before_any_public_claim|claim_0190:interpretive_not_fact_claim/soon_keep_near_claim|claim_0191:boundary_or_counterclaim/soon_keep_near_claim|claim_0192:boundary_or_counterclaim/soon_keep_near_claim,"Current annual report, public service protocol, independent evaluation, safe local directory, or survivor-safe implementation review.","Current annual report, public service protocol, independent evaluation, safe local directory, or survivor-safe implementation review.","Manual sensitive-boundary review only; use high-level policy, audit, annual, or governance sources; do not crawl/contact/live-check vulnerable-service or case-near sources.",No live referral use; no unnecessary operational/shelter/staff/client details.,blocks_or_conditions_public_claims_for_candidate,before_public_wording_or_candidate_promotion,ready_for_manual_execution,"Queue row generated from Evidence-Debt-current.csv; internal execution planning only, not permission to publish or contact."
exec_debt_0094,debt_0110,cand_samoa_victim_support_group_campus_of_hope,Samoa Victim Support Group (SVSG) / Campus of Hope,high,lane_1_high_sensitive_boundary,94,claim_0189|claim_0190|claim_0191|claim_0192,claim_0189:multi_source_supported_shape/now_or_before_any_public_claim|claim_0190:interpretive_not_fact_claim/soon_keep_near_claim|claim_0191:boundary_or_counterclaim/soon_keep_near_claim|claim_0192:boundary_or_counterclaim/soon_keep_near_claim,"Public safeguarding policy, anonymised independent evaluation, accountable referral protocol, or survivor-safe local assessment.","Public safeguarding policy, anonymised independent evaluation, accountable referral protocol, or survivor-safe local assessment.","Manual sensitive-boundary review only; use high-level policy, audit, annual, or governance sources; do not crawl/contact/live-check vulnerable-service or case-near sources.",No live referral use; no unnecessary operational/shelter/staff/client details.,blocks_or_conditions_public_claims_for_candidate,before_public_wording_or_candidate_promotion,ready_for_manual_execution,"Queue row generated from Evidence-Debt-current.csv; internal execution planning only, not permission to publish or contact."
exec_debt_0095,debt_0112,cand_santegidio_humanitarian_corridors_safe_passage_office,Community of Sant’Egidio / FCEI / Tavola Valdese / ARCI humanitarian corridors,high,lane_1_high_sensitive_boundary,95,claim_0193|claim_0194|claim_0195|claim_0196,claim_0193:unsupported_or_missing_source_link/now_or_before_any_public_claim|claim_0194:interpretive_not_fact_claim/now_or_before_any_public_claim|claim_0195:boundary_or_counterclaim/now_or_before_any_public_claim|claim_0196:boundary_or_counterclaim/now_or_before_any_public_claim,"Current annual report, public service protocol, independent evaluation, safe local directory, or survivor-safe implementation review.","Current annual report, public service protocol, independent evaluation, safe local directory, or survivor-safe implementation review.","Manual sensitive-boundary review only; use high-level policy, audit, annual, or governance sources; do not crawl/contact/live-check vulnerable-service or case-near sources.",No live referral use; no unnecessary operational/shelter/staff/client details.,blocks_or_conditions_public_claims_for_candidate,before_public_wording_or_candidate_promotion,ready_for_manual_execution,"Queue row generated from Evidence-Debt-current.csv; internal execution planning only, not permission to publish or contact."
exec_debt_0096,debt_0113,cand_santegidio_humanitarian_corridors_safe_passage_office,Community of Sant’Egidio / FCEI / Tavola Valdese / ARCI humanitarian corridors,high,lane_1_high_sensitive_boundary,96,claim_0193|claim_0194|claim_0195|claim_0196,claim_0193:unsupported_or_missing_source_link/now_or_before_any_public_claim|claim_0194:interpretive_not_fact_claim/now_or_before_any_public_claim|claim_0195:boundary_or_counterclaim/now_or_before_any_public_claim|claim_0196:boundary_or_counterclaim/now_or_before_any_public_claim,"Refugee-led or beneficiary-side longitudinal evaluation, public safeguarding policy, or accountable non-referral implementation review.","Refugee-led or beneficiary-side longitudinal evaluation, public safeguarding policy, or accountable non-referral implementation review.","Manual sensitive-boundary review only; use high-level policy, audit, annual, or governance sources; do not crawl/contact/live-check vulnerable-service or case-near sources.",No live referral use; no unnecessary operational/shelter/staff/client details.,blocks_or_conditions_public_claims_for_candidate,before_public_wording_or_candidate_promotion,ready_for_manual_execution,"Queue row generated from Evidence-Debt-current.csv; internal execution planning only, not permission to publish or contact."
exec_debt_0097,debt_0115,cand_solomon_islands_fsc_ccc_safenet_survivor_referral_shelter,Solomon Islands Family Support Centre / Christian Care Centre / SAFENET,high,lane_1_high_sensitive_boundary,97,claim_0197|claim_0198|claim_0199|claim_0200,claim_0197:multi_source_supported_shape/now_or_before_any_public_claim|claim_0198:interpretive_not_fact_claim/now_or_before_any_public_claim|claim_0199:boundary_or_counterclaim/now_or_before_any_public_claim|claim_0200:boundary_or_counterclaim/now_or_before_any_public_claim,"Current annual report, public service protocol, independent evaluation, safe local directory, or survivor-safe implementation review.","Current annual report, public service protocol, independent evaluation, safe local directory, or survivor-safe implementation review.","Manual sensitive-boundary review only; use high-level policy, audit, annual, or governance sources; do not crawl/contact/live-check vulnerable-service or case-near sources.",No live referral use; no unnecessary operational/shelter/staff/client details.,blocks_or_conditions_public_claims_for_candidate,before_public_wording_or_candidate_promotion,ready_for_manual_execution,"Queue row generated from Evidence-Debt-current.csv; internal execution planning only, not permission to publish or contact."
exec_debt_0098,debt_0116,cand_solomon_islands_fsc_ccc_safenet_survivor_referral_shelter,Solomon Islands Family Support Centre / Christian Care Centre / SAFENET,high,lane_1_high_sensitive_boundary,98,claim_0197|claim_0198|claim_0199|claim_0200,claim_0197:multi_source_supported_shape/now_or_before_any_public_claim|claim_0198:interpretive_not_fact_claim/now_or_before_any_public_claim|claim_0199:boundary_or_counterclaim/now_or_before_any_public_claim|claim_0200:boundary_or_counterclaim/now_or_before_any_public_claim,"Public safeguarding policy, anonymised independent evaluation, accountable referral protocol, or survivor-safe local assessment.","Public safeguarding policy, anonymised independent evaluation, accountable referral protocol, or survivor-safe local assessment.","Manual sensitive-boundary review only; use high-level policy, audit, annual, or governance sources; do not crawl/contact/live-check vulnerable-service or case-near sources.",No live referral use; no unnecessary operational/shelter/staff/client details.,blocks_or_conditions_public_claims_for_candidate,before_public_wording_or_candidate_promotion,ready_for_manual_execution,"Queue row generated from Evidence-Debt-current.csv; internal execution planning only, not permission to publish or contact."
exec_debt_0099,debt_0118,cand_sonia_bermudez_gente_como_uno_people_like_us_cemetery,Sonia Bermúdez / Gente como Uno / People Like Us cemetery,high,lane_1_high_sensitive_boundary,99,claim_0201|claim_0202|claim_0203|claim_0204,claim_0201:multi_source_supported_shape/now_or_before_any_public_claim|claim_0202:interpretive_not_fact_claim/now_or_before_any_public_claim|claim_0203:boundary_or_counterclaim/now_or_before_any_public_claim|claim_0204:boundary_or_counterclaim/now_or_before_any_public_claim,"Current annual report, public service protocol, independent evaluation, safe local directory, or survivor-safe implementation review.","Current annual report, public service protocol, independent evaluation, safe local directory, or survivor-safe implementation review.","Manual sensitive-boundary review only; use high-level policy, audit, annual, or governance sources; do not crawl/contact/live-check vulnerable-service or case-near sources.",No live referral use; no unnecessary operational/shelter/staff/client details.,blocks_or_conditions_public_claims_for_candidate,before_public_wording_or_candidate_promotion,ready_for_manual_execution,"Queue row generated from Evidence-Debt-current.csv; internal execution planning only, not permission to publish or contact."
exec_debt_0100,debt_0119,cand_sonia_bermudez_gente_como_uno_people_like_us_cemetery,Sonia Bermúdez / Gente como Uno / People Like Us cemetery,high,lane_1_high_sensitive_boundary,100,claim_0201|claim_0202|claim_0203|claim_0204,claim_0201:multi_source_supported_shape/now_or_before_any_public_claim|claim_0202:interpretive_not_fact_claim/now_or_before_any_public_claim|claim_0203:boundary_or_counterclaim/now_or_before_any_public_claim|claim_0204:boundary_or_counterclaim/now_or_before_any_public_claim,Most recent official page/report plus one independent or local corroborating source.,Most recent official page/report plus one independent or local corroborating source.,"Manual sensitive-boundary review only; use high-level policy, audit, annual, or governance sources; do not crawl/contact/live-check vulnerable-service or case-near sources.",No live referral use; no unnecessary operational/shelter/staff/client details.,blocks_or_conditions_public_claims_for_candidate,before_public_wording_or_candidate_promotion,ready_for_manual_execution,"Queue row generated from Evidence-Debt-current.csv; internal execution planning only, not permission to publish or contact."
exec_debt_0101,debt_0120,cand_sonia_bermudez_gente_como_uno_people_like_us_cemetery,Sonia Bermúdez / Gente como Uno / People Like Us cemetery,high,lane_1_high_sensitive_boundary,101,claim_0201|claim_0202|claim_0203|claim_0204,claim_0201:multi_source_supported_shape/now_or_before_any_public_claim|claim_0202:interpretive_not_fact_claim/now_or_before_any_public_claim|claim_0203:boundary_or_counterclaim/now_or_before_any_public_claim|claim_0204:boundary_or_counterclaim/now_or_before_any_public_claim,"Public safeguarding policy, anonymised independent evaluation, accountable referral protocol, or survivor-safe local assessment.","Public safeguarding policy, anonymised independent evaluation, accountable referral protocol, or survivor-safe local assessment.","Manual sensitive-boundary review only; use high-level policy, audit, annual, or governance sources; do not crawl/contact/live-check vulnerable-service or case-near sources.",No live referral use; no unnecessary operational/shelter/staff/client details.,blocks_or_conditions_public_claims_for_candidate,before_public_wording_or_candidate_promotion,ready_for_manual_execution,"Queue row generated from Evidence-Debt-current.csv; internal execution planning only, not permission to publish or contact."
exec_debt_0102,debt_0122,cand_sudan_emergency_response_rooms_nafir,Sudan Emergency Response Rooms (ERRs) / غرف الطوارئ — and the nafir tradition that underlies them,high,lane_1_high_sensitive_boundary,102,claim_0208|claim_0209|claim_0210|claim_0211,claim_0208:multi_source_supported_shape/now_or_before_any_public_claim|claim_0209:interpretive_not_fact_claim/now_or_before_any_public_claim|claim_0210:boundary_or_counterclaim/now_or_before_any_public_claim|claim_0211:boundary_or_counterclaim/now_or_before_any_public_claim,"Anonymized, aggregate, conflict-sensitive evaluation or accountability source that does not expose rooms, routes, volunteers, transfer channels, or current access points.","Anonymized, aggregate, conflict-sensitive evaluation or accountability source that does not expose rooms, routes, volunteers, transfer channels, or current access points.","Manual sensitive-boundary review only; use high-level policy, audit, annual, or governance sources; do not crawl/contact/live-check vulnerable-service or case-near sources.",No live referral use; no unnecessary operational/shelter/staff/client details.,blocks_or_conditions_public_claims_for_candidate,before_public_wording_or_candidate_promotion,ready_for_manual_execution,"Queue row generated from Evidence-Debt-current.csv; internal execution planning only, not permission to publish or contact."
exec_debt_0103,debt_0123,cand_sudan_emergency_response_rooms_nafir,Sudan Emergency Response Rooms (ERRs) / غرف الطوارئ — and the nafir tradition that underlies them,high,lane_1_high_sensitive_boundary,103,claim_0208|claim_0209|claim_0210|claim_0211,claim_0208:multi_source_supported_shape/now_or_before_any_public_claim|claim_0209:interpretive_not_fact_claim/now_or_before_any_public_claim|claim_0210:boundary_or_counterclaim/now_or_before_any_public_claim|claim_0211:boundary_or_counterclaim/now_or_before_any_public_claim,"Public safeguarding policy, anonymised independent evaluation, accountable referral protocol, or survivor-safe local assessment.","Public safeguarding policy, anonymised independent evaluation, accountable referral protocol, or survivor-safe local assessment.","Manual sensitive-boundary review only; use high-level policy, audit, annual, or governance sources; do not crawl/contact/live-check vulnerable-service or case-near sources.",No live referral use; no unnecessary operational/shelter/staff/client details.,blocks_or_conditions_public_claims_for_candidate,before_public_wording_or_candidate_promotion,ready_for_manual_execution,"Queue row generated from Evidence-Debt-current.csv; internal execution planning only, not permission to publish or contact."
exec_debt_0104,debt_0127,cand_tuenjai_deetes_hadf_thailand_stateless,Tuenjai Deetes / Hill Area Development Foundation (HADF),high,lane_1_high_sensitive_boundary,104,claim_0218|claim_0219|claim_0220|claim_0221,claim_0218:multi_source_supported_shape/now_or_before_any_public_claim|claim_0219:interpretive_not_fact_claim/now_or_before_any_public_claim|claim_0220:boundary_or_counterclaim/now_or_before_any_public_claim|claim_0221:boundary_or_counterclaim/now_or_before_any_public_claim,"Current annual report, public service protocol, independent evaluation, safe local directory, or survivor-safe implementation review.","Current annual report, public service protocol, independent evaluation, safe local directory, or survivor-safe implementation review.","Manual sensitive-boundary review only; use high-level policy, audit, annual, or governance sources; do not crawl/contact/live-check vulnerable-service or case-near sources.",No live referral use; no unnecessary operational/shelter/staff/client details.,blocks_or_conditions_public_claims_for_candidate,before_public_wording_or_candidate_promotion,ready_for_manual_execution,"Queue row generated from Evidence-Debt-current.csv; internal execution planning only, not permission to publish or contact."
exec_debt_0105,debt_0128,cand_tuenjai_deetes_hadf_thailand_stateless,Tuenjai Deetes / Hill Area Development Foundation (HADF),high,lane_1_high_sensitive_boundary,105,claim_0218|claim_0219|claim_0220|claim_0221,claim_0218:multi_source_supported_shape/now_or_before_any_public_claim|claim_0219:interpretive_not_fact_claim/now_or_before_any_public_claim|claim_0220:boundary_or_counterclaim/now_or_before_any_public_claim|claim_0221:boundary_or_counterclaim/now_or_before_any_public_claim,"Public safeguarding policy, anonymised independent evaluation, accountable referral protocol, or survivor-safe local assessment.","Public safeguarding policy, anonymised independent evaluation, accountable referral protocol, or survivor-safe local assessment.","Manual sensitive-boundary review only; use high-level policy, audit, annual, or governance sources; do not crawl/contact/live-check vulnerable-service or case-near sources.",No live referral use; no unnecessary operational/shelter/staff/client details.,blocks_or_conditions_public_claims_for_candidate,before_public_wording_or_candidate_promotion,ready_for_manual_execution,"Queue row generated from Evidence-Debt-current.csv; internal execution planning only, not permission to publish or contact."
exec_debt_0106,debt_0129,cand_tuvalu_fatulei_gbv_counsellor_pool,FatuLei / Tuvalu Women for Change Association and Tuvalu GBV counsellor-training pool,high,lane_1_high_sensitive_boundary,106,claim_0222|claim_0223|claim_0224|claim_0225|claim_0226,claim_0222:multi_source_supported_shape/now_or_before_any_public_claim|claim_0223:interpretive_not_fact_claim/soon_keep_near_claim|claim_0224:boundary_or_counterclaim/soon_keep_near_claim|claim_0225:boundary_or_counterclaim/soon_keep_near_claim,"Current annual report, public service protocol, independent evaluation, safe local directory, or survivor-safe implementation review.","Current annual report, public service protocol, independent evaluation, safe local directory, or survivor-safe implementation review.","Manual sensitive-boundary review only; use high-level policy, audit, annual, or governance sources; do not crawl/contact/live-check vulnerable-service or case-near sources.",No live referral use; no unnecessary operational/shelter/staff/client details.,blocks_or_conditions_public_claims_for_candidate,before_public_wording_or_candidate_promotion,ready_for_manual_execution,"Queue row generated from Evidence-Debt-current.csv; internal execution planning only, not permission to publish or contact."
exec_debt_0107,debt_0130,cand_tuvalu_fatulei_gbv_counsellor_pool,FatuLei / Tuvalu Women for Change Association and Tuvalu GBV counsellor-training pool,high,lane_1_high_sensitive_boundary,107,claim_0222|claim_0223|claim_0224|claim_0225|claim_0226,claim_0222:multi_source_supported_shape/now_or_before_any_public_claim|claim_0223:interpretive_not_fact_claim/soon_keep_near_claim|claim_0224:boundary_or_counterclaim/soon_keep_near_claim|claim_0225:boundary_or_counterclaim/soon_keep_near_claim,Most recent official page/report plus one independent or local corroborating source.,Most recent official page/report plus one independent or local corroborating source.,"Manual sensitive-boundary review only; use high-level policy, audit, annual, or governance sources; do not crawl/contact/live-check vulnerable-service or case-near sources.",No live referral use; no unnecessary operational/shelter/staff/client details.,blocks_or_conditions_public_claims_for_candidate,before_public_wording_or_candidate_promotion,ready_for_manual_execution,"Queue row generated from Evidence-Debt-current.csv; internal execution planning only, not permission to publish or contact."
exec_debt_0108,debt_0131,cand_tuvalu_fatulei_gbv_counsellor_pool,FatuLei / Tuvalu Women for Change Association and Tuvalu GBV counsellor-training pool,high,lane_1_high_sensitive_boundary,108,claim_0222|claim_0223|claim_0224|claim_0225|claim_0226,claim_0222:multi_source_supported_shape/now_or_before_any_public_claim|claim_0223:interpretive_not_fact_claim/soon_keep_near_claim|claim_0224:boundary_or_counterclaim/soon_keep_near_claim|claim_0225:boundary_or_counterclaim/soon_keep_near_claim,"Public safeguarding policy, anonymised independent evaluation, accountable referral protocol, or survivor-safe local assessment.","Public safeguarding policy, anonymised independent evaluation, accountable referral protocol, or survivor-safe local assessment.","Manual sensitive-boundary review only; use high-level policy, audit, annual, or governance sources; do not crawl/contact/live-check vulnerable-service or case-near sources.",No live referral use; no unnecessary operational/shelter/staff/client details.,blocks_or_conditions_public_claims_for_candidate,before_public_wording_or_candidate_promotion,ready_for_manual_execution,"Queue row generated from Evidence-Debt-current.csv; internal execution planning only, not permission to publish or contact."
exec_debt_0109,debt_0133,cand_undp_mlsc_justice_pathways_fsm_palau_rmi,"UNDP / Micronesian Legal Services Corporation — Justice Pathways report for FSM, Palau, and RMI",high,lane_1_high_sensitive_boundary,109,claim_0227|claim_0228|claim_0229|claim_0230,claim_0227:single_primary_or_institutional_shape/now_or_before_any_public_claim|claim_0228:interpretive_not_fact_claim/soon_keep_near_claim|claim_0229:boundary_or_counterclaim/soon_keep_near_claim|claim_0230:boundary_or_counterclaim/soon_keep_near_claim,"Current survivor-safe implementation review, anonymised independent evaluation, safeguarding/confidentiality protocol, legal-aid/accompaniment evidence, or public annual report that does not expose contact/intake details.","Current survivor-safe implementation review, anonymised independent evaluation, safeguarding/confidentiality protocol, legal-aid/accompaniment evidence, or public annual report that does not expose contact/intake details.","Manual sensitive-boundary review only; use high-level policy, audit, annual, or governance sources; do not crawl/contact/live-check vulnerable-service or case-near sources.",No live referral use; no court/police instructions; no legal advice; no shelter/staff/client details; no protection-order-as-safety or No Drop-as-survivor-choice language.,blocks_or_conditions_public_claims_for_candidate,before_public_wording_or_candidate_promotion,ready_for_manual_execution,"Queue row generated from Evidence-Debt-current.csv; internal execution planning only, not permission to publish or contact."
exec_debt_0110,debt_0134,cand_undp_mlsc_justice_pathways_fsm_palau_rmi,"UNDP / Micronesian Legal Services Corporation — Justice Pathways report for FSM, Palau, and RMI",high,lane_1_high_sensitive_boundary,110,claim_0227|claim_0228|claim_0229|claim_0230,claim_0227:single_primary_or_institutional_shape/now_or_before_any_public_claim|claim_0228:interpretive_not_fact_claim/soon_keep_near_claim|claim_0229:boundary_or_counterclaim/soon_keep_near_claim|claim_0230:boundary_or_counterclaim/soon_keep_near_claim,"Current survivor-safe implementation review, anonymised independent evaluation, safeguarding/confidentiality protocol, legal-aid/accompaniment evidence, or public annual report that does not expose contact/intake details.","Current survivor-safe implementation review, anonymised independent evaluation, safeguarding/confidentiality protocol, legal-aid/accompaniment evidence, or public annual report that does not expose contact/intake details.","Manual sensitive-boundary review only; use high-level policy, audit, annual, or governance sources; do not crawl/contact/live-check vulnerable-service or case-near sources.",No live referral use; no court/police instructions; no legal advice; no shelter/staff/client details; no protection-order-as-safety or No Drop-as-survivor-choice language.,blocks_or_conditions_public_claims_for_candidate,before_public_wording_or_candidate_promotion,ready_for_manual_execution,"Queue row generated from Evidence-Debt-current.csv; internal execution planning only, not permission to publish or contact."
exec_debt_0111,debt_0135,cand_vanuatu_mhpss_call_centre_israaid_moh,Vanuatu MHPSS Call Centre / IsraAID + Ministry of Health,high,lane_1_high_sensitive_boundary,111,claim_0231|claim_0232|claim_0233|claim_0234,claim_0231:multi_source_supported_shape/now_or_before_any_public_claim|claim_0232:interpretive_not_fact_claim/now_or_before_any_public_claim|claim_0233:boundary_or_counterclaim/now_or_before_any_public_claim|claim_0234:boundary_or_counterclaim/now_or_before_any_public_claim,"Current annual report, public service protocol, independent evaluation, safe local directory, or survivor-safe implementation review.","Current annual report, public service protocol, independent evaluation, safe local directory, or survivor-safe implementation review.","Manual sensitive-boundary review only; use high-level policy, audit, annual, or governance sources; do not crawl/contact/live-check vulnerable-service or case-near sources.",No live referral use; no unnecessary operational/shelter/staff/client details.,blocks_or_conditions_public_claims_for_candidate,before_public_wording_or_candidate_promotion,ready_for_manual_execution,"Queue row generated from Evidence-Debt-current.csv; internal execution planning only, not permission to publish or contact."
exec_debt_0112,debt_0136,cand_vanuatu_womens_centre_feminist_crisis_centre,Vanuatu Women’s Centre,high,lane_1_high_sensitive_boundary,112,claim_0235|claim_0236|claim_0237|claim_0238,claim_0235:unsupported_or_missing_source_link/now_or_before_any_public_claim|claim_0236:interpretive_not_fact_claim/soon_keep_near_claim|claim_0237:boundary_or_counterclaim/soon_keep_near_claim|claim_0238:boundary_or_counterclaim/now_or_before_any_public_claim,"Current annual report, public service protocol, independent evaluation, safe local directory, or survivor-safe implementation review.","Current annual report, public service protocol, independent evaluation, safe local directory, or survivor-safe implementation review.","Manual sensitive-boundary review only; use high-level policy, audit, annual, or governance sources; do not crawl/contact/live-check vulnerable-service or case-near sources.",No live referral use; no unnecessary operational/shelter/staff/client details.,blocks_or_conditions_public_claims_for_candidate,before_public_wording_or_candidate_promotion,ready_for_manual_execution,"Queue row generated from Evidence-Debt-current.csv; internal execution planning only, not permission to publish or contact."
exec_debt_0113,debt_0137,cand_vanuatu_womens_centre_feminist_crisis_centre,Vanuatu Women’s Centre,high,lane_1_high_sensitive_boundary,113,claim_0235|claim_0236|claim_0237|claim_0238,claim_0235:unsupported_or_missing_source_link/now_or_before_any_public_claim|claim_0236:interpretive_not_fact_claim/soon_keep_near_claim|claim_0237:boundary_or_counterclaim/soon_keep_near_claim|claim_0238:boundary_or_counterclaim/now_or_before_any_public_claim,Most recent official page/report plus one independent or local corroborating source.,Most recent official page/report plus one independent or local corroborating source.,"Manual sensitive-boundary review only; use high-level policy, audit, annual, or governance sources; do not crawl/contact/live-check vulnerable-service or case-near sources.",No live referral use; no unnecessary operational/shelter/staff/client details.,blocks_or_conditions_public_claims_for_candidate,before_public_wording_or_candidate_promotion,ready_for_manual_execution,"Queue row generated from Evidence-Debt-current.csv; internal execution planning only, not permission to publish or contact."
exec_debt_0114,debt_0138,cand_vanuatu_womens_centre_feminist_crisis_centre,Vanuatu Women’s Centre,high,lane_1_high_sensitive_boundary,114,claim_0235|claim_0236|claim_0237|claim_0238,claim_0235:unsupported_or_missing_source_link/now_or_before_any_public_claim|claim_0236:interpretive_not_fact_claim/soon_keep_near_claim|claim_0237:boundary_or_counterclaim/soon_keep_near_claim|claim_0238:boundary_or_counterclaim/now_or_before_any_public_claim,"Public safeguarding policy, anonymised independent evaluation, accountable referral protocol, or survivor-safe local assessment.","Public safeguarding policy, anonymised independent evaluation, accountable referral protocol, or survivor-safe local assessment.","Manual sensitive-boundary review only; use high-level policy, audit, annual, or governance sources; do not crawl/contact/live-check vulnerable-service or case-near sources.",No live referral use; no unnecessary operational/shelter/staff/client details.,blocks_or_conditions_public_claims_for_candidate,before_public_wording_or_candidate_promotion,ready_for_manual_execution,"Queue row generated from Evidence-Debt-current.csv; internal execution planning only, not permission to publish or contact."
exec_debt_0115,debt_0143,cand_women_and_children_crisis_centre_tonga,Women and Children Crisis Centre (WCCC) Tonga,high,lane_1_high_sensitive_boundary,115,claim_0243|claim_0244|claim_0245|claim_0246,claim_0243:single_primary_or_institutional_shape/now_or_before_any_public_claim|claim_0244:interpretive_not_fact_claim/now_or_before_any_public_claim|claim_0245:boundary_or_counterclaim/now_or_before_any_public_claim|claim_0246:boundary_or_counterclaim/now_or_before_any_public_claim,"Current annual report, public service protocol, independent evaluation, safe local directory, or survivor-safe implementation review.","Current annual report, public service protocol, independent evaluation, safe local directory, or survivor-safe implementation review.","Manual sensitive-boundary review only; use high-level policy, audit, annual, or governance sources; do not crawl/contact/live-check vulnerable-service or case-near sources.",No live referral use; no unnecessary operational/shelter/staff/client details.,blocks_or_conditions_public_claims_for_candidate,before_public_wording_or_candidate_promotion,ready_for_manual_execution,"Queue row generated from Evidence-Debt-current.csv; internal execution planning only, not permission to publish or contact."
exec_debt_0116,debt_0144,cand_women_and_children_crisis_centre_tonga,Women and Children Crisis Centre (WCCC) Tonga,high,lane_1_high_sensitive_boundary,116,claim_0243|claim_0244|claim_0245|claim_0246,claim_0243:single_primary_or_institutional_shape/now_or_before_any_public_claim|claim_0244:interpretive_not_fact_claim/now_or_before_any_public_claim|claim_0245:boundary_or_counterclaim/now_or_before_any_public_claim|claim_0246:boundary_or_counterclaim/now_or_before_any_public_claim,Most recent official page/report plus one independent or local corroborating source.,Most recent official page/report plus one independent or local corroborating source.,"Manual sensitive-boundary review only; use high-level policy, audit, annual, or governance sources; do not crawl/contact/live-check vulnerable-service or case-near sources.",No live referral use; no unnecessary operational/shelter/staff/client details.,blocks_or_conditions_public_claims_for_candidate,before_public_wording_or_candidate_promotion,ready_for_manual_execution,"Queue row generated from Evidence-Debt-current.csv; internal execution planning only, not permission to publish or contact."
exec_debt_0117,debt_0145,cand_women_and_children_crisis_centre_tonga,Women and Children Crisis Centre (WCCC) Tonga,high,lane_1_high_sensitive_boundary,117,claim_0243|claim_0244|claim_0245|claim_0246,claim_0243:single_primary_or_institutional_shape/now_or_before_any_public_claim|claim_0244:interpretive_not_fact_claim/now_or_before_any_public_claim|claim_0245:boundary_or_counterclaim/now_or_before_any_public_claim|claim_0246:boundary_or_counterclaim/now_or_before_any_public_claim,"Public safeguarding policy, anonymised independent evaluation, accountable referral protocol, or survivor-safe local assessment.","Public safeguarding policy, anonymised independent evaluation, accountable referral protocol, or survivor-safe local assessment.","Manual sensitive-boundary review only; use high-level policy, audit, annual, or governance sources; do not crawl/contact/live-check vulnerable-service or case-near sources.",No live referral use; no unnecessary operational/shelter/staff/client details.,blocks_or_conditions_public_claims_for_candidate,before_public_wording_or_candidate_promotion,ready_for_manual_execution,"Queue row generated from Evidence-Debt-current.csv; internal execution planning only, not permission to publish or contact."
exec_debt_0118,debt_0139,cand_wutmi_weto_in_mour_marshall_islands,Women United Together Marshall Islands (WUTMI) / Weto In Mour,high,lane_1_high_sensitive_boundary,118,claim_0239|claim_0240|claim_0241|claim_0242,claim_0239:multi_source_supported_shape/now_or_before_any_public_claim|claim_0240:interpretive_not_fact_claim/now_or_before_any_public_claim|claim_0241:boundary_or_counterclaim/now_or_before_any_public_claim|claim_0242:boundary_or_counterclaim/now_or_before_any_public_claim,"Current annual report, public service protocol, independent evaluation, safe local directory, or survivor-safe implementation review.","Current annual report, public service protocol, independent evaluation, safe local directory, or survivor-safe implementation review.","Manual sensitive-boundary review only; use high-level policy, audit, annual, or governance sources; do not crawl/contact/live-check vulnerable-service or case-near sources.",No live referral use; no unnecessary operational/shelter/staff/client details.,blocks_or_conditions_public_claims_for_candidate,before_public_wording_or_candidate_promotion,ready_for_manual_execution,"Queue row generated from Evidence-Debt-current.csv; internal execution planning only, not permission to publish or contact."
exec_debt_0119,debt_0140,cand_wutmi_weto_in_mour_marshall_islands,Women United Together Marshall Islands (WUTMI) / Weto In Mour,high,lane_1_high_sensitive_boundary,119,claim_0239|claim_0240|claim_0241|claim_0242,claim_0239:multi_source_supported_shape/now_or_before_any_public_claim|claim_0240:interpretive_not_fact_claim/now_or_before_any_public_claim|claim_0241:boundary_or_counterclaim/now_or_before_any_public_claim|claim_0242:boundary_or_counterclaim/now_or_before_any_public_claim,Most recent official page/report plus one independent or local corroborating source.,Most recent official page/report plus one independent or local corroborating source.,"Manual sensitive-boundary review only; use high-level policy, audit, annual, or governance sources; do not crawl/contact/live-check vulnerable-service or case-near sources.",No live referral use; no unnecessary operational/shelter/staff/client details.,blocks_or_conditions_public_claims_for_candidate,before_public_wording_or_candidate_promotion,ready_for_manual_execution,"Queue row generated from Evidence-Debt-current.csv; internal execution planning only, not permission to publish or contact."
exec_debt_0120,debt_0141,cand_wutmi_weto_in_mour_marshall_islands,Women United Together Marshall Islands (WUTMI) / Weto In Mour,high,lane_1_high_sensitive_boundary,120,claim_0239|claim_0240|claim_0241|claim_0242,claim_0239:multi_source_supported_shape/now_or_before_any_public_claim|claim_0240:interpretive_not_fact_claim/now_or_before_any_public_claim|claim_0241:boundary_or_counterclaim/now_or_before_any_public_claim|claim_0242:boundary_or_counterclaim/now_or_before_any_public_claim,"Public safeguarding policy, anonymised independent evaluation, accountable referral protocol, or survivor-safe local assessment.","Public safeguarding policy, anonymised independent evaluation, accountable referral protocol, or survivor-safe local assessment.","Manual sensitive-boundary review only; use high-level policy, audit, annual, or governance sources; do not crawl/contact/live-check vulnerable-service or case-near sources.",No live referral use; no unnecessary operational/shelter/staff/client details.,blocks_or_conditions_public_claims_for_candidate,before_public_wording_or_candidate_promotion,ready_for_manual_execution,"Queue row generated from Evidence-Debt-current.csv; internal execution planning only, not permission to publish or contact."
exec_debt_0121,debt_0148,cand_zhang_shuqin_sun_village_china_children_of_incarcerated,Zhang Shuqin / Sun Village (太阳村),high,lane_1_high_sensitive_boundary,121,claim_0247|claim_0248|claim_0249,claim_0247:multi_source_supported_shape/now_or_before_any_public_claim|claim_0248:interpretive_not_fact_claim/now_or_before_any_public_claim|claim_0249:boundary_or_counterclaim/now_or_before_any_public_claim,"Independent evaluation, participant/guardian perspective, child-rights assessment, governance/funding source, or critical coverage.","Independent evaluation, participant/guardian perspective, child-rights assessment, governance/funding source, or critical coverage.","Manual sensitive-boundary review only; use high-level policy, audit, annual, or governance sources; do not crawl/contact/live-check vulnerable-service or case-near sources.","Do not repeat child names, identifying case details, precise home/routine details, or visitor-facing imagery unless strictly load-bearing.",blocks_or_conditions_public_claims_for_candidate,before_public_wording_or_candidate_promotion,ready_for_manual_execution,"Queue row generated from Evidence-Debt-current.csv; internal execution planning only, not permission to publish or contact."
