seed,n_tokens,dim,block_size,scenario,eps,method,blocks_read,read_fraction,cosine_to_full,mse_to_full,stopped
0,384,48,16,front_loaded,0.002,sequential,24,1.0,0.9999999954469181,7.294163537748111e-32,0
0,384,48,16,front_loaded,0.002,recency_first,24,1.0,0.9999999954469181,6.347172676650871e-32,0
0,384,48,16,front_loaded,0.002,attention_mass_desc,24,1.0,0.9999999954469179,6.95802928733628e-32,0
0,384,48,16,front_loaded,0.01,sequential,7,0.2916666666666667,0.9999746933287476,0.012168170197868552,1
0,384,48,16,front_loaded,0.01,recency_first,24,1.0,0.9999999954469181,6.347172676650871e-32,0
0,384,48,16,front_loaded,0.01,attention_mass_desc,13,0.5416666666666666,0.9999902155913737,0.002769549650128668,1
0,384,48,16,front_loaded,0.05,sequential,6,0.25,0.9999742525253751,0.013606075831277797,1
0,384,48,16,front_loaded,0.05,recency_first,22,0.9166666666666666,0.9958966021898965,0.00332900203208197,1
0,384,48,16,front_loaded,0.05,attention_mass_desc,4,0.16666666666666666,0.9997299825983499,0.017654932918546713,1
0,384,48,16,tail_surprise,0.002,sequential,24,1.0,0.9999999901847858,2.860545911153523e-33,0
0,384,48,16,tail_surprise,0.002,recency_first,24,1.0,0.9999999901847859,5.750236245578433e-33,0
0,384,48,16,tail_surprise,0.002,attention_mass_desc,24,1.0,0.999999990184786,7.994666384320968e-33,0
0,384,48,16,tail_surprise,0.01,sequential,24,1.0,0.9999999901847858,2.860545911153523e-33,0
0,384,48,16,tail_surprise,0.01,recency_first,7,0.2916666666666667,0.9998425100227772,0.0015897918016294903,1
0,384,48,16,tail_surprise,0.01,attention_mass_desc,11,0.4583333333333333,0.999966651702879,0.0006195943212784445,1
0,384,48,16,tail_surprise,0.05,sequential,24,1.0,0.9999999901847858,2.860545911153523e-33,0
0,384,48,16,tail_surprise,0.05,recency_first,5,0.20833333333333334,0.9530088487978725,0.011229273690106388,1
0,384,48,16,tail_surprise,0.05,attention_mass_desc,6,0.25,0.9998423029911903,0.001741808517312541,1
0,384,48,16,diffuse,0.002,sequential,24,1.0,0.9999999113993179,2.7114736358967433e-34,0
0,384,48,16,diffuse,0.002,recency_first,24,1.0,0.9999999113993179,1.9539850762268613e-34,0
0,384,48,16,diffuse,0.002,attention_mass_desc,24,1.0,0.9999999113993179,1.1941455278553344e-34,0
0,384,48,16,diffuse,0.01,sequential,24,1.0,0.9999999113993179,2.7114736358967433e-34,0
0,384,48,16,diffuse,0.01,recency_first,24,1.0,0.9999999113993179,1.9539850762268613e-34,0
0,384,48,16,diffuse,0.01,attention_mass_desc,24,1.0,0.9999999113993179,1.1941455278553344e-34,0
0,384,48,16,diffuse,0.05,sequential,24,1.0,0.9999999113993179,2.7114736358967433e-34,0
0,384,48,16,diffuse,0.05,recency_first,24,1.0,0.9999999113993179,1.9539850762268613e-34,0
0,384,48,16,diffuse,0.05,attention_mass_desc,24,1.0,0.9999999113993179,1.1941455278553344e-34,0
0,384,48,16,late_direction_flip,0.002,sequential,24,1.0,0.9999999694610493,1.3540441060831874e-33,0
0,384,48,16,late_direction_flip,0.002,recency_first,24,1.0,0.9999999694610493,2.3373999869490694e-33,0
0,384,48,16,late_direction_flip,0.002,attention_mass_desc,24,1.0,0.9999999694610493,3.397147327360389e-33,0
0,384,48,16,late_direction_flip,0.01,sequential,24,1.0,0.9999999694610493,1.3540441060831874e-33,0
0,384,48,16,late_direction_flip,0.01,recency_first,24,1.0,0.9999999694610493,2.3373999869490694e-33,0
0,384,48,16,late_direction_flip,0.01,attention_mass_desc,24,1.0,0.9999999694610493,3.397147327360389e-33,0
0,384,48,16,late_direction_flip,0.05,sequential,9,0.375,0.026821151627318848,0.06583849878079183,1
0,384,48,16,late_direction_flip,0.05,recency_first,9,0.375,0.7126742179436971,0.04262589342255654,1
0,384,48,16,late_direction_flip,0.05,attention_mass_desc,15,0.625,0.9977845455394456,0.00025621176560589157,1
1,384,48,16,front_loaded,0.002,sequential,24,1.0,0.9999999965506864,9.382789638960295e-32,0
1,384,48,16,front_loaded,0.002,recency_first,24,1.0,0.9999999965506864,4.488118932381151e-32,0
1,384,48,16,front_loaded,0.002,attention_mass_desc,24,1.0,0.9999999965506865,2.5316248810118947e-31,0
1,384,48,16,front_loaded,0.01,sequential,7,0.2916666666666667,0.9999892131347257,0.010114042743230965,1
1,384,48,16,front_loaded,0.01,recency_first,24,1.0,0.9999999965506864,4.488118932381151e-32,0
1,384,48,16,front_loaded,0.01,attention_mass_desc,7,0.2916666666666667,0.999992116093018,0.009348045356115704,1
1,384,48,16,front_loaded,0.05,sequential,3,0.125,0.970601286863334,0.04421312867785665,1
1,384,48,16,front_loaded,0.05,recency_first,22,0.9166666666666666,0.9984530902202053,0.0022312306183121665,1
1,384,48,16,front_loaded,0.05,attention_mass_desc,4,0.16666666666666666,0.9999273526533827,0.015476463966624296,1
1,384,48,16,tail_surprise,0.002,sequential,24,1.0,0.999999987759763,3.1845993367378314e-33,0
1,384,48,16,tail_surprise,0.002,recency_first,24,1.0,0.9999999877597628,4.711024791475979e-33,0
1,384,48,16,tail_surprise,0.002,attention_mass_desc,24,1.0,0.9999999877597628,5.580942528751633e-33,0
1,384,48,16,tail_surprise,0.01,sequential,24,1.0,0.999999987759763,3.1845993367378314e-33,0
1,384,48,16,tail_surprise,0.01,recency_first,13,0.5416666666666666,0.9998379525462711,0.000917087669817515,1
1,384,48,16,tail_surprise,0.01,attention_mass_desc,18,0.75,0.9999581942994253,9.47857254777925e-05,1
1,384,48,16,tail_surprise,0.05,sequential,21,0.875,0.9128837381437134,0.009618073440088743,1
1,384,48,16,tail_surprise,0.05,recency_first,4,0.16666666666666666,0.8779859864694117,0.021960532609091615,1
1,384,48,16,tail_surprise,0.05,attention_mass_desc,6,0.25,0.9998175887596913,0.0023589531839155534,1
1,384,48,16,diffuse,0.002,sequential,24,1.0,0.9999999008323608,2.0357900029423534e-34,0
1,384,48,16,diffuse,0.002,recency_first,24,1.0,0.999999900832361,1.848508947706203e-34,0
1,384,48,16,diffuse,0.002,attention_mass_desc,24,1.0,0.999999900832361,1.2047967617588986e-34,0
1,384,48,16,diffuse,0.01,sequential,24,1.0,0.9999999008323608,2.0357900029423534e-34,0
1,384,48,16,diffuse,0.01,recency_first,24,1.0,0.999999900832361,1.848508947706203e-34,0
1,384,48,16,diffuse,0.01,attention_mass_desc,24,1.0,0.999999900832361,1.2047967617588986e-34,0
1,384,48,16,diffuse,0.05,sequential,24,1.0,0.9999999008323608,2.0357900029423534e-34,0
1,384,48,16,diffuse,0.05,recency_first,24,1.0,0.999999900832361,1.848508947706203e-34,0
1,384,48,16,diffuse,0.05,attention_mass_desc,24,1.0,0.999999900832361,1.2047967617588986e-34,0
1,384,48,16,late_direction_flip,0.002,sequential,24,1.0,0.9999999762884157,9.23889972646484e-33,0
1,384,48,16,late_direction_flip,0.002,recency_first,24,1.0,0.9999999762884157,9.560910730614595e-33,0
1,384,48,16,late_direction_flip,0.002,attention_mass_desc,24,1.0,0.9999999762884157,8.379926821173967e-33,0
1,384,48,16,late_direction_flip,0.01,sequential,24,1.0,0.9999999762884157,9.23889972646484e-33,0
1,384,48,16,late_direction_flip,0.01,recency_first,24,1.0,0.9999999762884157,9.560910730614595e-33,0
1,384,48,16,late_direction_flip,0.01,attention_mass_desc,22,0.9166666666666666,0.9999587850477801,3.993488453446832e-06,1
1,384,48,16,late_direction_flip,0.05,sequential,7,0.2916666666666667,0.900293990173775,0.03297527874168565,1
1,384,48,16,late_direction_flip,0.05,recency_first,7,0.2916666666666667,-0.3447627883281105,0.09654890745243057,1
1,384,48,16,late_direction_flip,0.05,attention_mass_desc,11,0.4583333333333333,0.9992859121664769,0.00025002720962455713,1
2,384,48,16,front_loaded,0.002,sequential,24,1.0,0.9999999967018283,1.6230498756982438e-31,0
2,384,48,16,front_loaded,0.002,recency_first,24,1.0,0.9999999967018283,1.3372701151621137e-31,0
2,384,48,16,front_loaded,0.002,attention_mass_desc,24,1.0,0.9999999967018283,1.4673504767566882e-31,0
2,384,48,16,front_loaded,0.01,sequential,7,0.2916666666666667,0.9999846525449663,0.016264111428067534,1
2,384,48,16,front_loaded,0.01,recency_first,24,1.0,0.9999999967018283,1.3372701151621137e-31,0
2,384,48,16,front_loaded,0.01,attention_mass_desc,10,0.4166666666666667,0.9999914891912103,0.008356359979528436,1
2,384,48,16,front_loaded,0.05,sequential,7,0.2916666666666667,0.9999846525449663,0.016264111428067534,1
2,384,48,16,front_loaded,0.05,recency_first,23,0.9583333333333334,0.9993087761895871,0.001083891746832367,1
2,384,48,16,front_loaded,0.05,attention_mass_desc,5,0.20833333333333334,0.9992419594712416,0.025727572113803193,1
2,384,48,16,tail_surprise,0.002,sequential,24,1.0,0.9999999891372517,3.6575193260675254e-33,0
2,384,48,16,tail_surprise,0.002,recency_first,24,1.0,0.9999999891372517,6.642245440020541e-33,0
2,384,48,16,tail_surprise,0.002,attention_mass_desc,24,1.0,0.9999999891372517,7.438121726873776e-33,0
2,384,48,16,tail_surprise,0.01,sequential,24,1.0,0.9999999891372517,3.6575193260675254e-33,0
2,384,48,16,tail_surprise,0.01,recency_first,7,0.2916666666666667,0.9998887323002209,0.0012867807242409968,1
2,384,48,16,tail_surprise,0.01,attention_mass_desc,10,0.4166666666666667,0.9999165804387616,0.0006678124681044626,1
2,384,48,16,tail_surprise,0.05,sequential,24,1.0,0.9999999891372517,3.6575193260675254e-33,0
2,384,48,16,tail_surprise,0.05,recency_first,7,0.2916666666666667,0.9998887323002209,0.0012867807242409968,1
2,384,48,16,tail_surprise,0.05,attention_mass_desc,7,0.2916666666666667,0.9999037301174949,0.0011915296735709466,1
2,384,48,16,diffuse,0.002,sequential,24,1.0,0.9999999058813714,1.3369313572817791e-34,0
2,384,48,16,diffuse,0.002,recency_first,24,1.0,0.9999999058813713,2.8580577814442826e-34,0
2,384,48,16,diffuse,0.002,attention_mass_desc,24,1.0,0.9999999058813716,1.7072414651495703e-34,0
2,384,48,16,diffuse,0.01,sequential,24,1.0,0.9999999058813714,1.3369313572817791e-34,0
2,384,48,16,diffuse,0.01,recency_first,24,1.0,0.9999999058813713,2.8580577814442826e-34,0
2,384,48,16,diffuse,0.01,attention_mass_desc,24,1.0,0.9999999058813716,1.7072414651495703e-34,0
2,384,48,16,diffuse,0.05,sequential,24,1.0,0.9999999058813714,1.3369313572817791e-34,0
2,384,48,16,diffuse,0.05,recency_first,24,1.0,0.9999999058813713,2.8580577814442826e-34,0
2,384,48,16,diffuse,0.05,attention_mass_desc,24,1.0,0.9999999058813716,1.7072414651495703e-34,0
2,384,48,16,late_direction_flip,0.002,sequential,24,1.0,0.9999999599188858,3.3059603122526014e-33,0
2,384,48,16,late_direction_flip,0.002,recency_first,24,1.0,0.9999999599188859,3.29467948479921e-33,0
2,384,48,16,late_direction_flip,0.002,attention_mass_desc,24,1.0,0.9999999599188859,3.221199332929309e-33,0
2,384,48,16,late_direction_flip,0.01,sequential,24,1.0,0.9999999599188858,3.3059603122526014e-33,0
2,384,48,16,late_direction_flip,0.01,recency_first,24,1.0,0.9999999599188859,3.29467948479921e-33,0
2,384,48,16,late_direction_flip,0.01,attention_mass_desc,24,1.0,0.9999999599188859,3.221199332929309e-33,0
2,384,48,16,late_direction_flip,0.05,sequential,9,0.375,0.5602321030199504,0.04643256552722577,1
2,384,48,16,late_direction_flip,0.05,recency_first,9,0.375,0.03111488366709951,0.059514686891513346,1
2,384,48,16,late_direction_flip,0.05,attention_mass_desc,13,0.5416666666666666,0.9951213405710182,0.00019753736602690994,1
3,384,48,16,front_loaded,0.002,sequential,24,1.0,0.9999999963968584,1.7472422644558395e-31,0
3,384,48,16,front_loaded,0.002,recency_first,24,1.0,0.9999999963968584,2.5790157977944856e-31,0
3,384,48,16,front_loaded,0.002,attention_mass_desc,24,1.0,0.9999999963968582,1.554393482446377e-31,0
3,384,48,16,front_loaded,0.01,sequential,7,0.2916666666666667,0.9999507417927518,0.025054832147750034,1
3,384,48,16,front_loaded,0.01,recency_first,24,1.0,0.9999999963968584,2.5790157977944856e-31,0
3,384,48,16,front_loaded,0.01,attention_mass_desc,16,0.6666666666666666,0.9999967049125902,0.0016620273996093293,1
3,384,48,16,front_loaded,0.05,sequential,5,0.20833333333333334,0.9995856290089846,0.03056915095407232,1
3,384,48,16,front_loaded,0.05,recency_first,24,1.0,0.9999999963968584,2.5790157977944856e-31,1
3,384,48,16,front_loaded,0.05,attention_mass_desc,4,0.16666666666666666,0.9997038677026597,0.03715264525149978,1
3,384,48,16,tail_surprise,0.002,sequential,24,1.0,0.9999999887805582,2.9673865926997608e-33,0
3,384,48,16,tail_surprise,0.002,recency_first,24,1.0,0.9999999887805582,4.127019606414953e-33,0
3,384,48,16,tail_surprise,0.002,attention_mass_desc,24,1.0,0.9999999887805582,4.965350830905386e-33,0
3,384,48,16,tail_surprise,0.01,sequential,24,1.0,0.9999999887805582,2.9673865926997608e-33,0
3,384,48,16,tail_surprise,0.01,recency_first,8,0.3333333333333333,0.9994852469598372,0.002667995991551588,1
3,384,48,16,tail_surprise,0.01,attention_mass_desc,18,0.75,0.9999794764705956,8.506726856484272e-05,1
3,384,48,16,tail_surprise,0.05,sequential,24,1.0,0.9999999887805582,2.9673865926997608e-33,0
3,384,48,16,tail_surprise,0.05,recency_first,7,0.2916666666666667,0.9994616199536539,0.0028954662176068576,1
3,384,48,16,tail_surprise,0.05,attention_mass_desc,7,0.2916666666666667,0.999767424649715,0.002373409380878816,1
3,384,48,16,diffuse,0.002,sequential,24,1.0,0.9999999277055958,4.298586925231969e-34,0
3,384,48,16,diffuse,0.002,recency_first,24,1.0,0.999999927705596,4.728034194732377e-34,0
3,384,48,16,diffuse,0.002,attention_mass_desc,24,1.0,0.999999927705596,4.62709841314177e-34,0
3,384,48,16,diffuse,0.01,sequential,24,1.0,0.9999999277055958,4.298586925231969e-34,0
3,384,48,16,diffuse,0.01,recency_first,24,1.0,0.999999927705596,4.728034194732377e-34,0
3,384,48,16,diffuse,0.01,attention_mass_desc,24,1.0,0.999999927705596,4.62709841314177e-34,0
3,384,48,16,diffuse,0.05,sequential,24,1.0,0.9999999277055958,4.298586925231969e-34,0
3,384,48,16,diffuse,0.05,recency_first,24,1.0,0.999999927705596,4.728034194732377e-34,0
3,384,48,16,diffuse,0.05,attention_mass_desc,24,1.0,0.999999927705596,4.62709841314177e-34,0
3,384,48,16,late_direction_flip,0.002,sequential,24,1.0,0.9999999701843301,5.8670333642761356e-33,0
3,384,48,16,late_direction_flip,0.002,recency_first,24,1.0,0.9999999701843301,3.56998026176179e-33,0
3,384,48,16,late_direction_flip,0.002,attention_mass_desc,24,1.0,0.9999999701843303,3.546642780583465e-33,0
3,384,48,16,late_direction_flip,0.01,sequential,24,1.0,0.9999999701843301,5.8670333642761356e-33,0
3,384,48,16,late_direction_flip,0.01,recency_first,24,1.0,0.9999999701843301,3.56998026176179e-33,0
3,384,48,16,late_direction_flip,0.01,attention_mass_desc,24,1.0,0.9999999701843303,3.546642780583465e-33,0
3,384,48,16,late_direction_flip,0.05,sequential,6,0.25,0.8953973276273601,0.05567812694113744,1
3,384,48,16,late_direction_flip,0.05,recency_first,11,0.4583333333333333,-0.5263997841768042,0.0770841996958618,1
3,384,48,16,late_direction_flip,0.05,attention_mass_desc,12,0.5,0.9941523537784759,0.0003297304534844814,1
4,384,48,16,front_loaded,0.002,sequential,24,1.0,0.9999999968880869,2.543939399014254e-31,0
4,384,48,16,front_loaded,0.002,recency_first,24,1.0,0.9999999968880868,2.1400548606814214e-31,0
4,384,48,16,front_loaded,0.002,attention_mass_desc,24,1.0,0.9999999968880869,2.5667630716118344e-31,0
4,384,48,16,front_loaded,0.01,sequential,3,0.125,0.9987493835157232,0.031982510886418423,1
4,384,48,16,front_loaded,0.01,recency_first,24,1.0,0.9999999968880868,2.1400548606814214e-31,0
4,384,48,16,front_loaded,0.01,attention_mass_desc,10,0.4166666666666667,0.9999927861742389,0.008309294173259861,1
4,384,48,16,front_loaded,0.05,sequential,3,0.125,0.9987493835157232,0.031982510886418423,1
4,384,48,16,front_loaded,0.05,recency_first,22,0.9166666666666666,0.9585811294929047,0.22598845674610715,1
4,384,48,16,front_loaded,0.05,attention_mass_desc,3,0.125,0.9997796317670133,0.03130135828759375,1
4,384,48,16,tail_surprise,0.002,sequential,24,1.0,0.9999999895276612,2.4874753507185508e-33,0
4,384,48,16,tail_surprise,0.002,recency_first,24,1.0,0.9999999895276613,2.124764128123788e-32,0
4,384,48,16,tail_surprise,0.002,attention_mass_desc,24,1.0,0.9999999895276612,3.287275927504144e-32,0
4,384,48,16,tail_surprise,0.01,sequential,24,1.0,0.9999999895276612,2.4874753507185508e-33,0
4,384,48,16,tail_surprise,0.01,recency_first,7,0.2916666666666667,0.9998875649796501,0.0012251847907223713,1
4,384,48,16,tail_surprise,0.01,attention_mass_desc,10,0.4166666666666667,0.9999042582027869,0.0006326383261359896,1
4,384,48,16,tail_surprise,0.05,sequential,21,0.875,0.969676937795855,0.004603153924042906,1
4,384,48,16,tail_surprise,0.05,recency_first,7,0.2916666666666667,0.9998875649796501,0.0012251847907223713,1
4,384,48,16,tail_surprise,0.05,attention_mass_desc,6,0.25,0.9998687231568872,0.001419818360930153,1
4,384,48,16,diffuse,0.002,sequential,24,1.0,0.9999999053109385,1.9429382226588064e-34,0
4,384,48,16,diffuse,0.002,recency_first,24,1.0,0.9999999053109383,1.753934075227399e-34,0
4,384,48,16,diffuse,0.002,attention_mass_desc,24,1.0,0.9999999053109385,2.3635775879874927e-34,0
4,384,48,16,diffuse,0.01,sequential,24,1.0,0.9999999053109385,1.9429382226588064e-34,0
4,384,48,16,diffuse,0.01,recency_first,24,1.0,0.9999999053109383,1.753934075227399e-34,0
4,384,48,16,diffuse,0.01,attention_mass_desc,24,1.0,0.9999999053109385,2.3635775879874927e-34,0
4,384,48,16,diffuse,0.05,sequential,24,1.0,0.9999999053109385,1.9429382226588064e-34,0
4,384,48,16,diffuse,0.05,recency_first,24,1.0,0.9999999053109383,1.753934075227399e-34,0
4,384,48,16,diffuse,0.05,attention_mass_desc,24,1.0,0.9999999053109385,2.3635775879874927e-34,0
4,384,48,16,late_direction_flip,0.002,sequential,24,1.0,0.9999999826639243,1.3949485666716512e-32,0
4,384,48,16,late_direction_flip,0.002,recency_first,24,1.0,0.9999999826639243,1.1169766747125529e-32,0
4,384,48,16,late_direction_flip,0.002,attention_mass_desc,24,1.0,0.9999999826639245,1.0859248159412313e-32,0
4,384,48,16,late_direction_flip,0.01,sequential,9,0.375,0.9354408963445804,0.03724915566726184,1
4,384,48,16,late_direction_flip,0.01,recency_first,19,0.7916666666666666,0.8393141843285987,0.00823710790808183,1
4,384,48,16,late_direction_flip,0.01,attention_mass_desc,15,0.625,0.9998542870540271,7.797805783519337e-05,1
4,384,48,16,late_direction_flip,0.05,sequential,4,0.16666666666666666,0.8745027838242814,0.0414576055270121,1
4,384,48,16,late_direction_flip,0.05,recency_first,7,0.2916666666666667,-0.4560901843810663,0.1399449883645985,1
4,384,48,16,late_direction_flip,0.05,attention_mass_desc,9,0.375,0.9996611655289094,0.000382237718844882,1
5,384,48,16,front_loaded,0.002,sequential,24,1.0,0.9999999947945301,9.395315706762657e-32,0
5,384,48,16,front_loaded,0.002,recency_first,24,1.0,0.9999999947945301,8.94645867454147e-32,0
5,384,48,16,front_loaded,0.002,attention_mass_desc,24,1.0,0.9999999947945302,9.961910253162204e-32,0
5,384,48,16,front_loaded,0.01,sequential,7,0.2916666666666667,0.9999794991379143,0.004045417124916759,1
5,384,48,16,front_loaded,0.01,recency_first,24,1.0,0.9999999947945301,8.94645867454147e-32,0
5,384,48,16,front_loaded,0.01,attention_mass_desc,7,0.2916666666666667,0.999983616820337,0.0037100172897732305,1
5,384,48,16,front_loaded,0.05,sequential,7,0.2916666666666667,0.9999794991379143,0.004045417124916759,1
5,384,48,16,front_loaded,0.05,recency_first,22,0.9166666666666666,0.9913771249347174,0.005395554755183909,1
5,384,48,16,front_loaded,0.05,attention_mass_desc,5,0.20833333333333334,0.9999720110843382,0.005873122101799185,1
5,384,48,16,tail_surprise,0.002,sequential,24,1.0,0.9999999891890081,8.661183436180713e-33,0
5,384,48,16,tail_surprise,0.002,recency_first,24,1.0,0.999999989189008,2.176716178494867e-32,0
5,384,48,16,tail_surprise,0.002,attention_mass_desc,24,1.0,0.9999999891890081,2.2742775076357135e-32,0
5,384,48,16,tail_surprise,0.01,sequential,24,1.0,0.9999999891890081,8.661183436180713e-33,0
5,384,48,16,tail_surprise,0.01,recency_first,7,0.2916666666666667,0.9995875723697163,0.0035485097643717673,1
5,384,48,16,tail_surprise,0.01,attention_mass_desc,15,0.625,0.9999425389687653,0.000408249483029469,1
5,384,48,16,tail_surprise,0.05,sequential,21,0.875,0.8753750672656118,0.017047985732752013,1
5,384,48,16,tail_surprise,0.05,recency_first,4,0.16666666666666666,0.9114908371726007,0.021580892906585603,1
5,384,48,16,tail_surprise,0.05,attention_mass_desc,6,0.25,0.9997755625177576,0.003316196999843261,1
5,384,48,16,diffuse,0.002,sequential,24,1.0,0.9999999025102543,2.1922885705431327e-34,0
5,384,48,16,diffuse,0.002,recency_first,24,1.0,0.9999999025102544,3.5446794237713846e-34,0
5,384,48,16,diffuse,0.002,attention_mass_desc,24,1.0,0.9999999025102543,2.888933222027259e-34,0
5,384,48,16,diffuse,0.01,sequential,24,1.0,0.9999999025102543,2.1922885705431327e-34,0
5,384,48,16,diffuse,0.01,recency_first,24,1.0,0.9999999025102544,3.5446794237713846e-34,0
5,384,48,16,diffuse,0.01,attention_mass_desc,24,1.0,0.9999999025102543,2.888933222027259e-34,0
5,384,48,16,diffuse,0.05,sequential,24,1.0,0.9999999025102543,2.1922885705431327e-34,0
5,384,48,16,diffuse,0.05,recency_first,24,1.0,0.9999999025102544,3.5446794237713846e-34,0
5,384,48,16,diffuse,0.05,attention_mass_desc,24,1.0,0.9999999025102543,2.888933222027259e-34,0
5,384,48,16,late_direction_flip,0.002,sequential,24,1.0,0.9999999773459083,4.199684565197292e-33,0
5,384,48,16,late_direction_flip,0.002,recency_first,24,1.0,0.9999999773459083,7.274794883656597e-33,0
5,384,48,16,late_direction_flip,0.002,attention_mass_desc,24,1.0,0.9999999773459084,3.9501994847151714e-33,0
5,384,48,16,late_direction_flip,0.01,sequential,24,1.0,0.9999999773459083,4.199684565197292e-33,0
5,384,48,16,late_direction_flip,0.01,recency_first,23,0.9583333333333334,0.9951489495045073,0.0001609116982097726,1
5,384,48,16,late_direction_flip,0.01,attention_mass_desc,19,0.7916666666666666,0.9998909390060426,2.114150750255054e-05,1
5,384,48,16,late_direction_flip,0.05,sequential,4,0.16666666666666666,0.709456659043201,0.05078872466450703,1
5,384,48,16,late_direction_flip,0.05,recency_first,9,0.375,-0.0022823496942404285,0.10108444234644685,1
5,384,48,16,late_direction_flip,0.05,attention_mass_desc,10,0.4166666666666667,0.9993633655736288,0.00031667370452568514,1
6,384,48,16,front_loaded,0.002,sequential,24,1.0,0.9999999964768546,1.725863000133404e-31,0
6,384,48,16,front_loaded,0.002,recency_first,24,1.0,0.9999999964768542,1.2024813501284656e-31,0
6,384,48,16,front_loaded,0.002,attention_mass_desc,24,1.0,0.9999999964768544,2.0400828277259085e-31,0
6,384,48,16,front_loaded,0.01,sequential,7,0.2916666666666667,0.9999824524369101,0.012826252952817516,1
6,384,48,16,front_loaded,0.01,recency_first,24,1.0,0.9999999964768542,1.2024813501284656e-31,0
6,384,48,16,front_loaded,0.01,attention_mass_desc,9,0.375,0.9999910462001323,0.007388056714542808,1
6,384,48,16,front_loaded,0.05,sequential,6,0.25,0.9999819202687223,0.014125581807576818,1
6,384,48,16,front_loaded,0.05,recency_first,22,0.9166666666666666,0.9911065216354823,0.012852694526003183,1
6,384,48,16,front_loaded,0.05,attention_mass_desc,4,0.16666666666666666,0.999880634804664,0.01914550415145953,1
6,384,48,16,tail_surprise,0.002,sequential,24,1.0,0.9999999893970195,6.650539532244218e-33,0
6,384,48,16,tail_surprise,0.002,recency_first,24,1.0,0.9999999893970195,3.9928565178411026e-33,0
6,384,48,16,tail_surprise,0.002,attention_mass_desc,24,1.0,0.9999999893970195,3.656508400925818e-33,0
6,384,48,16,tail_surprise,0.01,sequential,24,1.0,0.9999999893970195,6.650539532244218e-33,0
6,384,48,16,tail_surprise,0.01,recency_first,7,0.2916666666666667,0.9998872776669647,0.0008658865733972943,1
6,384,48,16,tail_surprise,0.01,attention_mass_desc,9,0.375,0.9999455959430179,0.0005335502646855135,1
6,384,48,16,tail_surprise,0.05,sequential,24,1.0,0.9999999893970195,6.650539532244218e-33,0
6,384,48,16,tail_surprise,0.05,recency_first,6,0.25,0.9998860877894109,0.001013483520227997,1
6,384,48,16,tail_surprise,0.05,attention_mass_desc,6,0.25,0.9998860877894109,0.001013483520227997,1
6,384,48,16,diffuse,0.002,sequential,24,1.0,0.9999999187851429,3.3881763463063637e-34,0
6,384,48,16,diffuse,0.002,recency_first,24,1.0,0.999999918785143,3.97482639365674e-34,0
6,384,48,16,diffuse,0.002,attention_mass_desc,24,1.0,0.9999999187851429,2.982153250692653e-34,0
6,384,48,16,diffuse,0.01,sequential,24,1.0,0.9999999187851429,3.3881763463063637e-34,0
6,384,48,16,diffuse,0.01,recency_first,24,1.0,0.999999918785143,3.97482639365674e-34,0
6,384,48,16,diffuse,0.01,attention_mass_desc,24,1.0,0.9999999187851429,2.982153250692653e-34,0
6,384,48,16,diffuse,0.05,sequential,24,1.0,0.9999999187851429,3.3881763463063637e-34,0
6,384,48,16,diffuse,0.05,recency_first,24,1.0,0.999999918785143,3.97482639365674e-34,0
6,384,48,16,diffuse,0.05,attention_mass_desc,24,1.0,0.9999999187851429,2.982153250692653e-34,0
6,384,48,16,late_direction_flip,0.002,sequential,24,1.0,0.9999999760080737,5.860356556363465e-33,0
6,384,48,16,late_direction_flip,0.002,recency_first,24,1.0,0.9999999760080738,5.008797102111778e-33,0
6,384,48,16,late_direction_flip,0.002,attention_mass_desc,24,1.0,0.9999999760080738,3.865338890663901e-33,0
6,384,48,16,late_direction_flip,0.01,sequential,24,1.0,0.9999999760080737,5.860356556363465e-33,0
6,384,48,16,late_direction_flip,0.01,recency_first,24,1.0,0.9999999760080738,5.008797102111778e-33,0
6,384,48,16,late_direction_flip,0.01,attention_mass_desc,24,1.0,0.9999999760080738,3.865338890663901e-33,0
6,384,48,16,late_direction_flip,0.05,sequential,8,0.3333333333333333,0.9475022109641736,0.023870981736233993,1
6,384,48,16,late_direction_flip,0.05,recency_first,11,0.4583333333333333,-0.4770334524913443,0.06233675701725386,1
6,384,48,16,late_direction_flip,0.05,attention_mass_desc,9,0.375,0.9933571226194732,0.001994588106979949,1
7,384,48,16,front_loaded,0.002,sequential,24,1.0,0.9999999963912872,2.4071716892409964e-31,0
7,384,48,16,front_loaded,0.002,recency_first,24,1.0,0.9999999963912871,1.4484698432263606e-31,0
7,384,48,16,front_loaded,0.002,attention_mass_desc,24,1.0,0.9999999963912872,1.8726458825925224e-31,0
7,384,48,16,front_loaded,0.01,sequential,7,0.2916666666666667,0.9999884431008527,0.012489358226032884,1
7,384,48,16,front_loaded,0.01,recency_first,24,1.0,0.9999999963912871,1.4484698432263606e-31,1
7,384,48,16,front_loaded,0.01,attention_mass_desc,11,0.4583333333333333,0.9999943261016933,0.00491012490782457,1
7,384,48,16,front_loaded,0.05,sequential,3,0.125,0.9863470679323946,0.028896979626956015,1
7,384,48,16,front_loaded,0.05,recency_first,22,0.9166666666666666,0.9989166898259463,0.0019887169345046782,1
7,384,48,16,front_loaded,0.05,attention_mass_desc,4,0.16666666666666666,0.99996549707105,0.018827573886303184,1
7,384,48,16,tail_surprise,0.002,sequential,24,1.0,0.9999999885849951,1.6322757822938174e-33,0
7,384,48,16,tail_surprise,0.002,recency_first,24,1.0,0.9999999885849951,7.141237894051474e-33,0
7,384,48,16,tail_surprise,0.002,attention_mass_desc,24,1.0,0.9999999885849951,1.2880910363730518e-32,0
7,384,48,16,tail_surprise,0.01,sequential,24,1.0,0.9999999885849951,1.6322757822938174e-33,0
7,384,48,16,tail_surprise,0.01,recency_first,12,0.5,0.9997594082399989,0.0019290952026673597,1
7,384,48,16,tail_surprise,0.01,attention_mass_desc,22,0.9166666666666666,0.9999856665629934,1.733358005016347e-05,1
7,384,48,16,tail_surprise,0.05,sequential,24,1.0,0.9999999885849951,1.6322757822938174e-33,0
7,384,48,16,tail_surprise,0.05,recency_first,6,0.25,0.9996357096288906,0.0048630804060667545,1
7,384,48,16,tail_surprise,0.05,attention_mass_desc,6,0.25,0.9996485787809632,0.004610612746745137,1
7,384,48,16,diffuse,0.002,sequential,24,1.0,0.9999999010313406,1.48785844170742e-34,0
7,384,48,16,diffuse,0.002,recency_first,24,1.0,0.9999999010313405,2.355355211633357e-34,0
7,384,48,16,diffuse,0.002,attention_mass_desc,24,1.0,0.9999999010313406,1.8707983792434991e-34,0
7,384,48,16,diffuse,0.01,sequential,24,1.0,0.9999999010313406,1.48785844170742e-34,0
7,384,48,16,diffuse,0.01,recency_first,24,1.0,0.9999999010313405,2.355355211633357e-34,0
7,384,48,16,diffuse,0.01,attention_mass_desc,24,1.0,0.9999999010313406,1.8707983792434991e-34,0
7,384,48,16,diffuse,0.05,sequential,24,1.0,0.9999999010313406,1.48785844170742e-34,0
7,384,48,16,diffuse,0.05,recency_first,24,1.0,0.9999999010313405,2.355355211633357e-34,0
7,384,48,16,diffuse,0.05,attention_mass_desc,24,1.0,0.9999999010313406,1.8707983792434991e-34,0
7,384,48,16,late_direction_flip,0.002,sequential,24,1.0,0.9999999659499766,4.236920491587831e-33,0
7,384,48,16,late_direction_flip,0.002,recency_first,24,1.0,0.9999999659499765,3.007992085891665e-33,0
7,384,48,16,late_direction_flip,0.002,attention_mass_desc,24,1.0,0.9999999659499765,4.1212763369325604e-33,0
7,384,48,16,late_direction_flip,0.01,sequential,24,1.0,0.9999999659499766,4.236920491587831e-33,0
7,384,48,16,late_direction_flip,0.01,recency_first,24,1.0,0.9999999659499765,3.007992085891665e-33,0
7,384,48,16,late_direction_flip,0.01,attention_mass_desc,24,1.0,0.9999999659499765,4.1212763369325604e-33,0
7,384,48,16,late_direction_flip,0.05,sequential,7,0.2916666666666667,0.43837357942333044,0.052250757967890325,1
7,384,48,16,late_direction_flip,0.05,recency_first,9,0.375,0.24611324080639338,0.07685439015825556,1
7,384,48,16,late_direction_flip,0.05,attention_mass_desc,10,0.4166666666666667,0.9970149002864013,0.00031167685167914685,1
8,384,48,16,front_loaded,0.002,sequential,24,1.0,0.999999996536453,1.4933026100195472e-31,0
8,384,48,16,front_loaded,0.002,recency_first,24,1.0,0.9999999965364533,1.7971258561924942e-31,0
8,384,48,16,front_loaded,0.002,attention_mass_desc,24,1.0,0.9999999965364532,1.3558522123104773e-31,0
8,384,48,16,front_loaded,0.01,sequential,7,0.2916666666666667,0.999985723959967,0.008136379510623497,1
8,384,48,16,front_loaded,0.01,recency_first,24,1.0,0.9999999965364533,1.7971258561924942e-31,1
8,384,48,16,front_loaded,0.01,attention_mass_desc,8,0.3333333333333333,0.9999905221672751,0.005398600676255004,1
8,384,48,16,front_loaded,0.05,sequential,7,0.2916666666666667,0.999985723959967,0.008136379510623497,1
8,384,48,16,front_loaded,0.05,recency_first,24,1.0,0.9999999965364533,1.7971258561924942e-31,1
8,384,48,16,front_loaded,0.05,attention_mass_desc,4,0.16666666666666666,0.9991913471090725,0.01237439363116405,1
8,384,48,16,tail_surprise,0.002,sequential,24,1.0,0.9999999896872128,4.8672989287887965e-33,0
8,384,48,16,tail_surprise,0.002,recency_first,24,1.0,0.9999999896872129,1.1771870626874716e-32,0
8,384,48,16,tail_surprise,0.002,attention_mass_desc,24,1.0,0.999999989687213,2.3641354304641715e-32,0
8,384,48,16,tail_surprise,0.01,sequential,24,1.0,0.9999999896872128,4.8672989287887965e-33,0
8,384,48,16,tail_surprise,0.01,recency_first,6,0.25,0.9999288816816494,0.0006938719041110564,1
8,384,48,16,tail_surprise,0.01,attention_mass_desc,7,0.2916666666666667,0.9999509969724684,0.0004929729578083173,1
8,384,48,16,tail_surprise,0.05,sequential,21,0.875,0.8575195926042015,0.020750609741536277,1
8,384,48,16,tail_surprise,0.05,recency_first,4,0.16666666666666666,0.9464698870705014,0.018294143503161737,1
8,384,48,16,tail_surprise,0.05,attention_mass_desc,4,0.16666666666666666,0.9998982494861184,0.00083179043097337,1
8,384,48,16,diffuse,0.002,sequential,24,1.0,0.9999999243603696,9.729456539160684e-35,0
8,384,48,16,diffuse,0.002,recency_first,24,1.0,0.9999999243603696,3.046522586659712e-34,0
8,384,48,16,diffuse,0.002,attention_mass_desc,24,1.0,0.9999999243603696,1.2102706165073956e-34,0
8,384,48,16,diffuse,0.01,sequential,24,1.0,0.9999999243603696,9.729456539160684e-35,0
8,384,48,16,diffuse,0.01,recency_first,24,1.0,0.9999999243603696,3.046522586659712e-34,0
8,384,48,16,diffuse,0.01,attention_mass_desc,24,1.0,0.9999999243603696,1.2102706165073956e-34,0
8,384,48,16,diffuse,0.05,sequential,24,1.0,0.9999999243603696,9.729456539160684e-35,0
8,384,48,16,diffuse,0.05,recency_first,24,1.0,0.9999999243603696,3.046522586659712e-34,0
8,384,48,16,diffuse,0.05,attention_mass_desc,24,1.0,0.9999999243603696,1.2102706165073956e-34,0
8,384,48,16,late_direction_flip,0.002,sequential,24,1.0,0.9999999702798205,3.145070400455555e-33,0
8,384,48,16,late_direction_flip,0.002,recency_first,24,1.0,0.9999999702798205,2.7774864599030457e-33,0
8,384,48,16,late_direction_flip,0.002,attention_mass_desc,24,1.0,0.9999999702798205,4.1684371702875506e-33,0
8,384,48,16,late_direction_flip,0.01,sequential,24,1.0,0.9999999702798205,3.145070400455555e-33,0
8,384,48,16,late_direction_flip,0.01,recency_first,24,1.0,0.9999999702798205,2.7774864599030457e-33,0
8,384,48,16,late_direction_flip,0.01,attention_mass_desc,24,1.0,0.9999999702798205,4.1684371702875506e-33,0
8,384,48,16,late_direction_flip,0.05,sequential,9,0.375,0.797701499271032,0.04176758353639539,1
8,384,48,16,late_direction_flip,0.05,recency_first,7,0.2916666666666667,-0.22517425208287145,0.06884160359927928,1
8,384,48,16,late_direction_flip,0.05,attention_mass_desc,12,0.5,0.9972731783501689,0.000321102354615037,1
9,384,48,16,front_loaded,0.002,sequential,24,1.0,0.999999995992645,1.45818977091444e-31,0
9,384,48,16,front_loaded,0.002,recency_first,24,1.0,0.9999999959926449,1.0010762231056576e-31,0
9,384,48,16,front_loaded,0.002,attention_mass_desc,24,1.0,0.9999999959926449,1.0348765444017819e-31,0
9,384,48,16,front_loaded,0.01,sequential,7,0.2916666666666667,0.9999495587724241,0.02857165268721652,1
9,384,48,16,front_loaded,0.01,recency_first,24,1.0,0.9999999959926449,1.0010762231056576e-31,0
9,384,48,16,front_loaded,0.01,attention_mass_desc,19,0.7916666666666666,0.9999951508856746,0.0006754610712976318,1
9,384,48,16,front_loaded,0.05,sequential,4,0.16666666666666666,0.991927458962703,0.03979981645722325,1
9,384,48,16,front_loaded,0.05,recency_first,20,0.8333333333333334,0.9818622332506421,0.03671144650592629,1
9,384,48,16,front_loaded,0.05,attention_mass_desc,4,0.16666666666666666,0.9995789066932721,0.03557345747224381,1
9,384,48,16,tail_surprise,0.002,sequential,24,1.0,0.9999999921727456,6.25916260645244e-33,0
9,384,48,16,tail_surprise,0.002,recency_first,24,1.0,0.9999999921727457,1.1261674732101822e-32,0
9,384,48,16,tail_surprise,0.002,attention_mass_desc,24,1.0,0.9999999921727457,2.8287864047830066e-32,0
9,384,48,16,tail_surprise,0.01,sequential,23,0.9583333333333334,0.980145607400278,0.006547175805906084,1
9,384,48,16,tail_surprise,0.01,recency_first,7,0.2916666666666667,0.9999493569570198,0.001561628013104962,1
9,384,48,16,tail_surprise,0.01,attention_mass_desc,7,0.2916666666666667,0.9999577034226099,0.0013072507888114504,1
9,384,48,16,tail_surprise,0.05,sequential,21,0.875,0.9791542504385639,0.007606385819114036,1
9,384,48,16,tail_surprise,0.05,recency_first,2,0.08333333333333333,0.7387973407121388,0.07732589710009004,1
9,384,48,16,tail_surprise,0.05,attention_mass_desc,3,0.125,0.9997380288145338,0.003229737932292332,1
9,384,48,16,diffuse,0.002,sequential,24,1.0,0.9999999186451632,2.0969643724318787e-34,0
9,384,48,16,diffuse,0.002,recency_first,24,1.0,0.9999999186451632,1.8860023196043056e-34,0
9,384,48,16,diffuse,0.002,attention_mass_desc,24,1.0,0.9999999186451632,2.7987344998727843e-34,0
9,384,48,16,diffuse,0.01,sequential,24,1.0,0.9999999186451632,2.0969643724318787e-34,0
9,384,48,16,diffuse,0.01,recency_first,24,1.0,0.9999999186451632,1.8860023196043056e-34,0
9,384,48,16,diffuse,0.01,attention_mass_desc,24,1.0,0.9999999186451632,2.7987344998727843e-34,0
9,384,48,16,diffuse,0.05,sequential,24,1.0,0.9999999186451632,2.0969643724318787e-34,0
9,384,48,16,diffuse,0.05,recency_first,24,1.0,0.9999999186451632,1.8860023196043056e-34,0
9,384,48,16,diffuse,0.05,attention_mass_desc,24,1.0,0.9999999186451632,2.7987344998727843e-34,0
9,384,48,16,late_direction_flip,0.002,sequential,24,1.0,0.9999999585441233,1.78236681932131e-33,0
9,384,48,16,late_direction_flip,0.002,recency_first,24,1.0,0.9999999585441233,3.0214162313780556e-33,0
9,384,48,16,late_direction_flip,0.002,attention_mass_desc,24,1.0,0.9999999585441233,1.818035236239761e-33,0
9,384,48,16,late_direction_flip,0.01,sequential,24,1.0,0.9999999585441233,1.78236681932131e-33,0
9,384,48,16,late_direction_flip,0.01,recency_first,24,1.0,0.9999999585441233,3.0214162313780556e-33,0
9,384,48,16,late_direction_flip,0.01,attention_mass_desc,24,1.0,0.9999999585441233,1.818035236239761e-33,0
9,384,48,16,late_direction_flip,0.05,sequential,9,0.375,0.23801604753739203,0.05134428219241447,1
9,384,48,16,late_direction_flip,0.05,recency_first,9,0.375,0.4158054397423088,0.04412075738214771,1
9,384,48,16,late_direction_flip,0.05,attention_mass_desc,15,0.625,0.9949313705622751,0.00014331480590425494,1
10,384,48,16,front_loaded,0.002,sequential,24,1.0,0.9999999963584162,1.028416497647403e-31,0
10,384,48,16,front_loaded,0.002,recency_first,24,1.0,0.9999999963584162,1.05946208711552e-31,0
10,384,48,16,front_loaded,0.002,attention_mass_desc,24,1.0,0.9999999963584162,1.030252149625647e-31,0
10,384,48,16,front_loaded,0.01,sequential,7,0.2916666666666667,0.9999328156758063,0.03309563370223522,1
10,384,48,16,front_loaded,0.01,recency_first,21,0.875,0.99414214388561,0.009826805530215357,1
10,384,48,16,front_loaded,0.01,attention_mass_desc,17,0.7083333333333334,0.9999940382231851,0.001892398144601709,1
10,384,48,16,front_loaded,0.05,sequential,4,0.16666666666666666,0.9763767298907989,0.059297879727534475,1
10,384,48,16,front_loaded,0.05,recency_first,21,0.875,0.99414214388561,0.009826805530215357,1
10,384,48,16,front_loaded,0.05,attention_mass_desc,5,0.20833333333333334,0.999929595119634,0.03160419148994917,1
10,384,48,16,tail_surprise,0.002,sequential,24,1.0,0.9999999900032401,4.7103625963250155e-33,0
10,384,48,16,tail_surprise,0.002,recency_first,24,1.0,0.9999999900032401,1.0938304072819616e-32,0
10,384,48,16,tail_surprise,0.002,attention_mass_desc,24,1.0,0.9999999900032401,6.208945487785311e-33,0
10,384,48,16,tail_surprise,0.01,sequential,24,1.0,0.9999999900032401,4.7103625963250155e-33,0
10,384,48,16,tail_surprise,0.01,recency_first,7,0.2916666666666667,0.9995735696784599,0.00419941898047813,1
10,384,48,16,tail_surprise,0.01,attention_mass_desc,18,0.75,0.999956018649793,0.00016032992930074992,1
10,384,48,16,tail_surprise,0.05,sequential,22,0.9166666666666666,0.824346344702837,0.02690527270435607,1
10,384,48,16,tail_surprise,0.05,recency_first,3,0.125,0.9587678011570604,0.01996778736736058,1
10,384,48,16,tail_surprise,0.05,attention_mass_desc,4,0.16666666666666666,0.9981646889911893,0.00669216499492003,1
10,384,48,16,diffuse,0.002,sequential,24,1.0,0.9999999330208601,3.046969519407681e-34,0
10,384,48,16,diffuse,0.002,recency_first,24,1.0,0.9999999330208602,3.7407168979042244e-34,0
10,384,48,16,diffuse,0.002,attention_mass_desc,24,1.0,0.9999999330208602,3.5532604464366096e-34,0
10,384,48,16,diffuse,0.01,sequential,24,1.0,0.9999999330208601,3.046969519407681e-34,0
10,384,48,16,diffuse,0.01,recency_first,24,1.0,0.9999999330208602,3.7407168979042244e-34,0
10,384,48,16,diffuse,0.01,attention_mass_desc,24,1.0,0.9999999330208602,3.5532604464366096e-34,0
10,384,48,16,diffuse,0.05,sequential,24,1.0,0.9999999330208601,3.046969519407681e-34,0
10,384,48,16,diffuse,0.05,recency_first,24,1.0,0.9999999330208602,3.7407168979042244e-34,0
10,384,48,16,diffuse,0.05,attention_mass_desc,24,1.0,0.9999999330208602,3.5532604464366096e-34,0
10,384,48,16,late_direction_flip,0.002,sequential,24,1.0,0.9999999710841412,2.6595011123323872e-33,0
10,384,48,16,late_direction_flip,0.002,recency_first,24,1.0,0.9999999710841412,2.5073451235619503e-33,0
10,384,48,16,late_direction_flip,0.002,attention_mass_desc,24,1.0,0.9999999710841413,3.5927495873372174e-33,0
10,384,48,16,late_direction_flip,0.01,sequential,24,1.0,0.9999999710841412,2.6595011123323872e-33,0
10,384,48,16,late_direction_flip,0.01,recency_first,24,1.0,0.9999999710841412,2.5073451235619503e-33,0
10,384,48,16,late_direction_flip,0.01,attention_mass_desc,24,1.0,0.9999999710841413,3.5927495873372174e-33,0
10,384,48,16,late_direction_flip,0.05,sequential,9,0.375,0.8817951040980676,0.03161048319103913,1
10,384,48,16,late_direction_flip,0.05,recency_first,9,0.375,-0.3572342276042685,0.0727622813684564,1
10,384,48,16,late_direction_flip,0.05,attention_mass_desc,11,0.4583333333333333,0.997293134350489,0.0005515827765230586,1
11,384,48,16,front_loaded,0.002,sequential,24,1.0,0.9999999964446615,8.810032367510837e-32,0
11,384,48,16,front_loaded,0.002,recency_first,24,1.0,0.9999999964446615,7.708233675856101e-32,0
11,384,48,16,front_loaded,0.002,attention_mass_desc,24,1.0,0.9999999964446615,9.417001226546627e-32,0
11,384,48,16,front_loaded,0.01,sequential,19,0.7916666666666666,0.9999931040857386,0.0016776867901243655,1
11,384,48,16,front_loaded,0.01,recency_first,24,1.0,0.9999999964446615,7.708233675856101e-32,0
11,384,48,16,front_loaded,0.01,attention_mass_desc,21,0.875,0.9999981961245494,0.00044107760671099894,1
11,384,48,16,front_loaded,0.05,sequential,7,0.2916666666666667,0.9999687403735695,0.04253634033525252,1
11,384,48,16,front_loaded,0.05,recency_first,23,0.9583333333333334,0.9993125214978423,0.0014380484733455708,1
11,384,48,16,front_loaded,0.05,attention_mass_desc,4,0.16666666666666666,0.998950190786266,0.06480585043388606,1
11,384,48,16,tail_surprise,0.002,sequential,24,1.0,0.999999988906902,5.769765125060094e-33,0
11,384,48,16,tail_surprise,0.002,recency_first,24,1.0,0.999999988906902,7.782211453667851e-33,0
11,384,48,16,tail_surprise,0.002,attention_mass_desc,24,1.0,0.999999988906902,7.201172432685399e-33,0
11,384,48,16,tail_surprise,0.01,sequential,24,1.0,0.999999988906902,5.769765125060094e-33,0
11,384,48,16,tail_surprise,0.01,recency_first,7,0.2916666666666667,0.9996744498793169,0.0025172741207291874,1
11,384,48,16,tail_surprise,0.01,attention_mass_desc,15,0.625,0.9999466234468307,0.0002719454512695081,1
11,384,48,16,tail_surprise,0.05,sequential,24,1.0,0.999999988906902,5.769765125060094e-33,0
11,384,48,16,tail_surprise,0.05,recency_first,5,0.20833333333333334,0.9988777798147211,0.003845622121486262,1
11,384,48,16,tail_surprise,0.05,attention_mass_desc,5,0.20833333333333334,0.9992847313391123,0.0035945728932987894,1
11,384,48,16,diffuse,0.002,sequential,24,1.0,0.9999999163830662,1.015519365461631e-34,0
11,384,48,16,diffuse,0.002,recency_first,24,1.0,0.9999999163830662,1.339710911632161e-34,0
11,384,48,16,diffuse,0.002,attention_mass_desc,24,1.0,0.9999999163830662,9.154847962066543e-35,0
11,384,48,16,diffuse,0.01,sequential,24,1.0,0.9999999163830662,1.015519365461631e-34,0
11,384,48,16,diffuse,0.01,recency_first,24,1.0,0.9999999163830662,1.339710911632161e-34,0
11,384,48,16,diffuse,0.01,attention_mass_desc,24,1.0,0.9999999163830662,9.154847962066543e-35,0
11,384,48,16,diffuse,0.05,sequential,24,1.0,0.9999999163830662,1.015519365461631e-34,0
11,384,48,16,diffuse,0.05,recency_first,24,1.0,0.9999999163830662,1.339710911632161e-34,0
11,384,48,16,diffuse,0.05,attention_mass_desc,24,1.0,0.9999999163830662,9.154847962066543e-35,0
11,384,48,16,late_direction_flip,0.002,sequential,24,1.0,0.999999974080857,3.485720826694848e-33,0
11,384,48,16,late_direction_flip,0.002,recency_first,24,1.0,0.999999974080857,3.1577383112429166e-33,0
11,384,48,16,late_direction_flip,0.002,attention_mass_desc,24,1.0,0.9999999740808567,3.064341366755583e-33,0
11,384,48,16,late_direction_flip,0.01,sequential,24,1.0,0.999999974080857,3.485720826694848e-33,0
11,384,48,16,late_direction_flip,0.01,recency_first,24,1.0,0.999999974080857,3.1577383112429166e-33,0
11,384,48,16,late_direction_flip,0.01,attention_mass_desc,24,1.0,0.9999999740808567,3.064341366755583e-33,0
11,384,48,16,late_direction_flip,0.05,sequential,9,0.375,0.8363874970664209,0.03905337611247634,1
11,384,48,16,late_direction_flip,0.05,recency_first,10,0.4166666666666667,-0.16819101023820843,0.07033924605734738,1
11,384,48,16,late_direction_flip,0.05,attention_mass_desc,13,0.5416666666666666,0.9971962093584062,0.0005269710515109324,1
12,384,48,16,front_loaded,0.002,sequential,24,1.0,0.9999999971944371,1.8090412938627494e-31,0
12,384,48,16,front_loaded,0.002,recency_first,24,1.0,0.9999999971944374,1.5051098630263817e-31,0
12,384,48,16,front_loaded,0.002,attention_mass_desc,24,1.0,0.9999999971944373,1.8842271664019837e-31,0
12,384,48,16,front_loaded,0.01,sequential,7,0.2916666666666667,0.9999973466747838,0.004537909462095005,1
12,384,48,16,front_loaded,0.01,recency_first,24,1.0,0.9999999971944374,1.5051098630263817e-31,1
12,384,48,16,front_loaded,0.01,attention_mass_desc,6,0.25,0.9999971839630498,0.005346691727641455,1
12,384,48,16,front_loaded,0.05,sequential,5,0.20833333333333334,0.9850549837392433,0.032640829361142654,1
12,384,48,16,front_loaded,0.05,recency_first,20,0.8333333333333334,0.9968411383912266,0.006678105756296325,1
12,384,48,16,front_loaded,0.05,attention_mass_desc,3,0.125,0.9994646801678383,0.011986210941701698,1
12,384,48,16,tail_surprise,0.002,sequential,24,1.0,0.999999987551424,2.484023315641636e-33,0
12,384,48,16,tail_surprise,0.002,recency_first,24,1.0,0.9999999875514239,4.095234239168718e-33,0
12,384,48,16,tail_surprise,0.002,attention_mass_desc,24,1.0,0.9999999875514239,4.4570357270938075e-33,0
12,384,48,16,tail_surprise,0.01,sequential,24,1.0,0.999999987551424,2.484023315641636e-33,0
12,384,48,16,tail_surprise,0.01,recency_first,7,0.2916666666666667,0.9995679309483039,0.0021140819957656595,1
12,384,48,16,tail_surprise,0.01,attention_mass_desc,16,0.6666666666666666,0.9999290100200328,0.0001825328309108778,1
12,384,48,16,tail_surprise,0.05,sequential,24,1.0,0.999999987551424,2.484023315641636e-33,0
12,384,48,16,tail_surprise,0.05,recency_first,7,0.2916666666666667,0.9995679309483039,0.0021140819957656595,1
12,384,48,16,tail_surprise,0.05,attention_mass_desc,7,0.2916666666666667,0.9997651696230799,0.0016967093241829912,1
12,384,48,16,diffuse,0.002,sequential,24,1.0,0.9999999036386461,1.474305014801313e-34,0
12,384,48,16,diffuse,0.002,recency_first,24,1.0,0.9999999036386461,1.36619871767069e-34,0
12,384,48,16,diffuse,0.002,attention_mass_desc,24,1.0,0.9999999036386461,1.617127578426221e-34,0
12,384,48,16,diffuse,0.01,sequential,24,1.0,0.9999999036386461,1.474305014801313e-34,0
12,384,48,16,diffuse,0.01,recency_first,24,1.0,0.9999999036386461,1.36619871767069e-34,0
12,384,48,16,diffuse,0.01,attention_mass_desc,24,1.0,0.9999999036386461,1.617127578426221e-34,0
12,384,48,16,diffuse,0.05,sequential,24,1.0,0.9999999036386461,1.474305014801313e-34,0
12,384,48,16,diffuse,0.05,recency_first,24,1.0,0.9999999036386461,1.36619871767069e-34,0
12,384,48,16,diffuse,0.05,attention_mass_desc,24,1.0,0.9999999036386461,1.617127578426221e-34,0
12,384,48,16,late_direction_flip,0.002,sequential,24,1.0,0.99999996848597,2.879816243101667e-33,0
12,384,48,16,late_direction_flip,0.002,recency_first,24,1.0,0.9999999684859698,3.0711676216323346e-33,0
12,384,48,16,late_direction_flip,0.002,attention_mass_desc,24,1.0,0.99999996848597,2.363418574825895e-33,0
12,384,48,16,late_direction_flip,0.01,sequential,24,1.0,0.99999996848597,2.879816243101667e-33,0
12,384,48,16,late_direction_flip,0.01,recency_first,24,1.0,0.9999999684859698,3.0711676216323346e-33,0
12,384,48,16,late_direction_flip,0.01,attention_mass_desc,24,1.0,0.99999996848597,2.363418574825895e-33,0
12,384,48,16,late_direction_flip,0.05,sequential,9,0.375,0.6859080493003918,0.034454218250006004,1
12,384,48,16,late_direction_flip,0.05,recency_first,7,0.2916666666666667,-0.04662041547799156,0.0655367492883977,1
12,384,48,16,late_direction_flip,0.05,attention_mass_desc,14,0.5833333333333334,0.9986299844960929,0.00015380671313350278,1
13,384,48,16,front_loaded,0.002,sequential,24,1.0,0.9999999969001121,1.0229998196788138e-31,0
13,384,48,16,front_loaded,0.002,recency_first,24,1.0,0.9999999969001121,7.310208154016072e-32,0
13,384,48,16,front_loaded,0.002,attention_mass_desc,24,1.0,0.9999999969001121,1.1079012313938845e-31,0
13,384,48,16,front_loaded,0.01,sequential,7,0.2916666666666667,0.9999926116164348,0.009829452350453008,1
13,384,48,16,front_loaded,0.01,recency_first,21,0.875,0.9962014464719033,0.007452659251823805,1
13,384,48,16,front_loaded,0.01,attention_mass_desc,6,0.25,0.9999964358931334,0.00872138638773546,1
13,384,48,16,front_loaded,0.05,sequential,2,0.08333333333333333,0.9834461960631616,0.04703380298776055,1
13,384,48,16,front_loaded,0.05,recency_first,21,0.875,0.9962014464719033,0.007452659251823805,1
13,384,48,16,front_loaded,0.05,attention_mass_desc,4,0.16666666666666666,0.999992800380024,0.013753071229292849,1
13,384,48,16,tail_surprise,0.002,sequential,24,1.0,0.9999999890719337,2.642699379744634e-33,0
13,384,48,16,tail_surprise,0.002,recency_first,24,1.0,0.9999999890719338,8.62261154821573e-33,0
13,384,48,16,tail_surprise,0.002,attention_mass_desc,24,1.0,0.999999989071934,4.5593507553893794e-33,0
13,384,48,16,tail_surprise,0.01,sequential,24,1.0,0.9999999890719337,2.642699379744634e-33,0
13,384,48,16,tail_surprise,0.01,recency_first,7,0.2916666666666667,0.9999288586062929,0.0009670488722082859,1
13,384,48,16,tail_surprise,0.01,attention_mass_desc,6,0.25,0.9999491338965821,0.0008861763861963472,1
13,384,48,16,tail_surprise,0.05,sequential,20,0.8333333333333334,0.7881837878043811,0.027858218349869537,1
13,384,48,16,tail_surprise,0.05,recency_first,3,0.125,0.9541349026978222,0.011064950120213614,1
13,384,48,16,tail_surprise,0.05,attention_mass_desc,5,0.20833333333333334,0.9999402168572039,0.0010492189868954623,1
13,384,48,16,diffuse,0.002,sequential,24,1.0,0.9999999080102885,1.3138108527690433e-34,0
13,384,48,16,diffuse,0.002,recency_first,24,1.0,0.9999999080102886,1.220525580245038e-34,0
13,384,48,16,diffuse,0.002,attention_mass_desc,24,1.0,0.9999999080102886,1.1225015961192803e-34,0
13,384,48,16,diffuse,0.01,sequential,24,1.0,0.9999999080102885,1.3138108527690433e-34,0
13,384,48,16,diffuse,0.01,recency_first,24,1.0,0.9999999080102886,1.220525580245038e-34,0
13,384,48,16,diffuse,0.01,attention_mass_desc,24,1.0,0.9999999080102886,1.1225015961192803e-34,0
13,384,48,16,diffuse,0.05,sequential,24,1.0,0.9999999080102885,1.3138108527690433e-34,0
13,384,48,16,diffuse,0.05,recency_first,24,1.0,0.9999999080102886,1.220525580245038e-34,0
13,384,48,16,diffuse,0.05,attention_mass_desc,24,1.0,0.9999999080102886,1.1225015961192803e-34,0
13,384,48,16,late_direction_flip,0.002,sequential,24,1.0,0.9999999749298534,4.1661266045101313e-33,0
13,384,48,16,late_direction_flip,0.002,recency_first,24,1.0,0.9999999749298534,3.974996840337609e-33,0
13,384,48,16,late_direction_flip,0.002,attention_mass_desc,24,1.0,0.9999999749298534,3.5595027500051245e-33,0
13,384,48,16,late_direction_flip,0.01,sequential,18,0.75,0.9864512717069795,0.0016846842319287452,1
13,384,48,16,late_direction_flip,0.01,recency_first,24,1.0,0.9999999749298534,3.974996840337609e-33,0
13,384,48,16,late_direction_flip,0.01,attention_mass_desc,24,1.0,0.9999999749298534,3.5595027500051245e-33,1
13,384,48,16,late_direction_flip,0.05,sequential,5,0.20833333333333334,0.8246972281615885,0.05239219609954534,1
13,384,48,16,late_direction_flip,0.05,recency_first,7,0.2916666666666667,-0.35974362151825884,0.03928537164472825,1
13,384,48,16,late_direction_flip,0.05,attention_mass_desc,11,0.4583333333333333,0.9988821920886248,0.0004034785792601583,1
14,384,48,16,front_loaded,0.002,sequential,24,1.0,0.9999999962317365,2.026040685676146e-31,0
14,384,48,16,front_loaded,0.002,recency_first,24,1.0,0.9999999962317366,1.3153725361972558e-31,0
14,384,48,16,front_loaded,0.002,attention_mass_desc,24,1.0,0.9999999962317366,2.2180017343518673e-31,0
14,384,48,16,front_loaded,0.01,sequential,17,0.7083333333333334,0.9999708170027997,0.005567006372151243,1
14,384,48,16,front_loaded,0.01,recency_first,24,1.0,0.9999999962317366,1.3153725361972558e-31,0
14,384,48,16,front_loaded,0.01,attention_mass_desc,19,0.7916666666666666,0.9999938604664271,0.0011525842260739073,1
14,384,48,16,front_loaded,0.05,sequential,6,0.25,0.9999442303891327,0.049057074166685755,1
14,384,48,16,front_loaded,0.05,recency_first,23,0.9583333333333334,0.9962717647670727,0.01490456190257087,1
14,384,48,16,front_loaded,0.05,attention_mass_desc,5,0.20833333333333334,0.9998827755115196,0.055820740642398725,1
14,384,48,16,tail_surprise,0.002,sequential,24,1.0,0.9999999880851397,2.5049627883442836e-33,0
14,384,48,16,tail_surprise,0.002,recency_first,24,1.0,0.9999999880851397,3.690613410357676e-33,0
14,384,48,16,tail_surprise,0.002,attention_mass_desc,24,1.0,0.9999999880851397,3.094528061684699e-33,0
14,384,48,16,tail_surprise,0.01,sequential,24,1.0,0.9999999880851397,2.5049627883442836e-33,0
14,384,48,16,tail_surprise,0.01,recency_first,8,0.3333333333333333,0.9997365535353252,0.0022584406139993934,1
14,384,48,16,tail_surprise,0.01,attention_mass_desc,20,0.8333333333333334,0.9999711487161163,4.500309574947137e-05,1
14,384,48,16,tail_surprise,0.05,sequential,24,1.0,0.9999999880851397,2.5049627883442836e-33,0
14,384,48,16,tail_surprise,0.05,recency_first,7,0.2916666666666667,0.9997281094113412,0.002447451852521397,1
14,384,48,16,tail_surprise,0.05,attention_mass_desc,6,0.25,0.9996776012251837,0.0028143733395589784,1
14,384,48,16,diffuse,0.002,sequential,24,1.0,0.999999902058944,2.530353374486549e-34,0
14,384,48,16,diffuse,0.002,recency_first,24,1.0,0.999999902058944,2.617520413197349e-34,0
14,384,48,16,diffuse,0.002,attention_mass_desc,24,1.0,0.9999999020589438,2.113919194791727e-34,0
14,384,48,16,diffuse,0.01,sequential,24,1.0,0.999999902058944,2.530353374486549e-34,0
14,384,48,16,diffuse,0.01,recency_first,24,1.0,0.999999902058944,2.617520413197349e-34,0
14,384,48,16,diffuse,0.01,attention_mass_desc,24,1.0,0.9999999020589438,2.113919194791727e-34,0
14,384,48,16,diffuse,0.05,sequential,24,1.0,0.999999902058944,2.530353374486549e-34,0
14,384,48,16,diffuse,0.05,recency_first,24,1.0,0.999999902058944,2.617520413197349e-34,0
14,384,48,16,diffuse,0.05,attention_mass_desc,24,1.0,0.9999999020589438,2.113919194791727e-34,0
14,384,48,16,late_direction_flip,0.002,sequential,24,1.0,0.9999999717641872,1.932685118589961e-33,0
14,384,48,16,late_direction_flip,0.002,recency_first,24,1.0,0.9999999717641872,2.7685399683146626e-33,0
14,384,48,16,late_direction_flip,0.002,attention_mass_desc,24,1.0,0.9999999717641872,1.9944612650401752e-33,0
14,384,48,16,late_direction_flip,0.01,sequential,24,1.0,0.9999999717641872,1.932685118589961e-33,0
14,384,48,16,late_direction_flip,0.01,recency_first,24,1.0,0.9999999717641872,2.7685399683146626e-33,0
14,384,48,16,late_direction_flip,0.01,attention_mass_desc,24,1.0,0.9999999717641872,1.9944612650401752e-33,0
14,384,48,16,late_direction_flip,0.05,sequential,8,0.3333333333333333,0.8846859502873805,0.03430822563444444,1
14,384,48,16,late_direction_flip,0.05,recency_first,10,0.4166666666666667,-0.3576105883782912,0.061317635205030176,1
14,384,48,16,late_direction_flip,0.05,attention_mass_desc,10,0.4166666666666667,0.9959379186368708,0.0008814767865763037,1
15,384,48,16,front_loaded,0.002,sequential,24,1.0,0.9999999966205878,1.6898781401357118e-31,0
15,384,48,16,front_loaded,0.002,recency_first,24,1.0,0.9999999966205878,2.0580066088546668e-31,0
15,384,48,16,front_loaded,0.002,attention_mass_desc,24,1.0,0.9999999966205877,2.5537630444872206e-31,0
15,384,48,16,front_loaded,0.01,sequential,12,0.5,0.999984137153868,0.01186668807865167,1
15,384,48,16,front_loaded,0.01,recency_first,24,1.0,0.9999999966205878,2.0580066088546668e-31,0
15,384,48,16,front_loaded,0.01,attention_mass_desc,17,0.7083333333333334,0.9999954540535583,0.002042120609191942,1
15,384,48,16,front_loaded,0.05,sequential,6,0.25,0.9999674812186237,0.038320455361087295,1
15,384,48,16,front_loaded,0.05,recency_first,24,1.0,0.9999999966205878,2.0580066088546668e-31,1
15,384,48,16,front_loaded,0.05,attention_mass_desc,4,0.16666666666666666,0.9997755039662404,0.04821781224599823,1
15,384,48,16,tail_surprise,0.002,sequential,24,1.0,0.9999999915035154,1.9590005187903695e-32,0
15,384,48,16,tail_surprise,0.002,recency_first,24,1.0,0.9999999915035152,1.7114837263038253e-32,0
15,384,48,16,tail_surprise,0.002,attention_mass_desc,24,1.0,0.9999999915035153,1.933442136951891e-32,0
15,384,48,16,tail_surprise,0.01,sequential,24,1.0,0.9999999915035154,1.9590005187903695e-32,0
15,384,48,16,tail_surprise,0.01,recency_first,7,0.2916666666666667,0.9999485958270933,0.0012909512118103508,1
15,384,48,16,tail_surprise,0.01,attention_mass_desc,9,0.375,0.9999657894938212,0.000751356420268924,1
15,384,48,16,tail_surprise,0.05,sequential,24,1.0,0.9999999915035154,1.9590005187903695e-32,1
15,384,48,16,tail_surprise,0.05,recency_first,7,0.2916666666666667,0.9999485958270933,0.0012909512118103508,1
15,384,48,16,tail_surprise,0.05,attention_mass_desc,6,0.25,0.9999481637876418,0.0013899819552895697,1
15,384,48,16,diffuse,0.002,sequential,24,1.0,0.9999999129585148,1.8588762951322687e-34,0
15,384,48,16,diffuse,0.002,recency_first,24,1.0,0.9999999129585149,1.6018009994132534e-34,0
15,384,48,16,diffuse,0.002,attention_mass_desc,24,1.0,0.9999999129585146,1.701039661034861e-34,0
15,384,48,16,diffuse,0.01,sequential,24,1.0,0.9999999129585148,1.8588762951322687e-34,0
15,384,48,16,diffuse,0.01,recency_first,24,1.0,0.9999999129585149,1.6018009994132534e-34,0
15,384,48,16,diffuse,0.01,attention_mass_desc,24,1.0,0.9999999129585146,1.701039661034861e-34,0
15,384,48,16,diffuse,0.05,sequential,24,1.0,0.9999999129585148,1.8588762951322687e-34,0
15,384,48,16,diffuse,0.05,recency_first,24,1.0,0.9999999129585149,1.6018009994132534e-34,0
15,384,48,16,diffuse,0.05,attention_mass_desc,24,1.0,0.9999999129585146,1.701039661034861e-34,0
15,384,48,16,late_direction_flip,0.002,sequential,24,1.0,0.9999999761454558,7.630911188050614e-33,0
15,384,48,16,late_direction_flip,0.002,recency_first,24,1.0,0.9999999761454558,4.515510265009813e-33,0
15,384,48,16,late_direction_flip,0.002,attention_mass_desc,24,1.0,0.9999999761454559,4.561994209534455e-33,0
15,384,48,16,late_direction_flip,0.01,sequential,24,1.0,0.9999999761454558,7.630911188050614e-33,0
15,384,48,16,late_direction_flip,0.01,recency_first,24,1.0,0.9999999761454558,4.515510265009813e-33,0
15,384,48,16,late_direction_flip,0.01,attention_mass_desc,24,1.0,0.9999999761454559,4.561994209534455e-33,0
15,384,48,16,late_direction_flip,0.05,sequential,8,0.3333333333333333,0.7515800829859975,0.06465472594226637,1
15,384,48,16,late_direction_flip,0.05,recency_first,9,0.375,-0.0518311300508697,0.09045424877353443,1
15,384,48,16,late_direction_flip,0.05,attention_mass_desc,12,0.5,0.9975770659131497,0.00046880019401056386,1
16,384,48,16,front_loaded,0.002,sequential,24,1.0,0.9999999958183817,1.6139100152891502e-31,0
16,384,48,16,front_loaded,0.002,recency_first,24,1.0,0.9999999958183816,7.962800299795976e-32,0
16,384,48,16,front_loaded,0.002,attention_mass_desc,24,1.0,0.9999999958183816,1.489227993951292e-31,0
16,384,48,16,front_loaded,0.01,sequential,7,0.2916666666666667,0.9999669543719102,0.016543885210169616,1
16,384,48,16,front_loaded,0.01,recency_first,24,1.0,0.9999999958183816,7.962800299795976e-32,0
16,384,48,16,front_loaded,0.01,attention_mass_desc,15,0.625,0.9999887339256408,0.002540980204205139,1
16,384,48,16,front_loaded,0.05,sequential,6,0.25,0.999967482017109,0.018564620810481533,1
16,384,48,16,front_loaded,0.05,recency_first,23,0.9583333333333334,0.9980351397396123,0.0024721338780708314,1
16,384,48,16,front_loaded,0.05,attention_mass_desc,5,0.20833333333333334,0.999960558855484,0.02391694125629205,1
16,384,48,16,tail_surprise,0.002,sequential,24,1.0,0.9999999885520373,2.4312791290148963e-33,0
16,384,48,16,tail_surprise,0.002,recency_first,24,1.0,0.9999999885520372,3.7680745697623616e-33,0
16,384,48,16,tail_surprise,0.002,attention_mass_desc,24,1.0,0.9999999885520372,4.262342760976271e-33,0
16,384,48,16,tail_surprise,0.01,sequential,24,1.0,0.9999999885520373,2.4312791290148963e-33,0
16,384,48,16,tail_surprise,0.01,recency_first,9,0.375,0.9998398404737849,0.0013151286316037626,1
16,384,48,16,tail_surprise,0.01,attention_mass_desc,12,0.5,0.999936106499954,0.0005658665093765007,1
16,384,48,16,tail_surprise,0.05,sequential,20,0.8333333333333334,0.9013536836139225,0.012185940918660376,1
16,384,48,16,tail_surprise,0.05,recency_first,5,0.20833333333333334,0.909874361399929,0.01805920477470338,1
16,384,48,16,tail_surprise,0.05,attention_mass_desc,6,0.25,0.9998582373593505,0.002046464826424397,1
16,384,48,16,diffuse,0.002,sequential,24,1.0,0.9999999042748053,1.1490285853028365e-34,0
16,384,48,16,diffuse,0.002,recency_first,24,1.0,0.9999999042748053,1.685942976880609e-34,0
16,384,48,16,diffuse,0.002,attention_mass_desc,24,1.0,0.9999999042748055,1.8719772026310571e-34,0
16,384,48,16,diffuse,0.01,sequential,24,1.0,0.9999999042748053,1.1490285853028365e-34,0
16,384,48,16,diffuse,0.01,recency_first,24,1.0,0.9999999042748053,1.685942976880609e-34,0
16,384,48,16,diffuse,0.01,attention_mass_desc,24,1.0,0.9999999042748055,1.8719772026310571e-34,0
16,384,48,16,diffuse,0.05,sequential,24,1.0,0.9999999042748053,1.1490285853028365e-34,0
16,384,48,16,diffuse,0.05,recency_first,24,1.0,0.9999999042748053,1.685942976880609e-34,0
16,384,48,16,diffuse,0.05,attention_mass_desc,24,1.0,0.9999999042748055,1.8719772026310571e-34,0
16,384,48,16,late_direction_flip,0.002,sequential,24,1.0,0.9999999817119768,1.0458456503449076e-32,0
16,384,48,16,late_direction_flip,0.002,recency_first,24,1.0,0.9999999817119769,9.444831643049519e-33,0
16,384,48,16,late_direction_flip,0.002,attention_mass_desc,24,1.0,0.9999999817119769,1.406314617465477e-32,0
16,384,48,16,late_direction_flip,0.01,sequential,24,1.0,0.9999999817119768,1.0458456503449076e-32,0
16,384,48,16,late_direction_flip,0.01,recency_first,24,1.0,0.9999999817119769,9.444831643049519e-33,0
16,384,48,16,late_direction_flip,0.01,attention_mass_desc,22,0.9166666666666666,0.9999551567478561,9.277081769126309e-06,1
16,384,48,16,late_direction_flip,0.05,sequential,7,0.2916666666666667,0.9070347151226259,0.04326793535226048,1
16,384,48,16,late_direction_flip,0.05,recency_first,9,0.375,-0.2438647216661012,0.1064983295628336,1
16,384,48,16,late_direction_flip,0.05,attention_mass_desc,11,0.4583333333333333,0.9990704927325094,0.000747829892995573,1
17,384,48,16,front_loaded,0.002,sequential,24,1.0,0.9999999959625717,1.9388573357567552e-31,0
17,384,48,16,front_loaded,0.002,recency_first,24,1.0,0.9999999959625716,2.156353817192702e-31,0
17,384,48,16,front_loaded,0.002,attention_mass_desc,24,1.0,0.9999999959625717,1.988860017315881e-31,0
17,384,48,16,front_loaded,0.01,sequential,7,0.2916666666666667,0.9999894438245285,0.00701870379939315,1
17,384,48,16,front_loaded,0.01,recency_first,24,1.0,0.9999999959625716,2.156353817192702e-31,0
17,384,48,16,front_loaded,0.01,attention_mass_desc,10,0.4166666666666667,0.9999911458480151,0.003521938248576753,1
17,384,48,16,front_loaded,0.05,sequential,3,0.125,0.9900662166708172,0.027742551785629444,1
17,384,48,16,front_loaded,0.05,recency_first,22,0.9166666666666666,0.9893649243758015,0.018510423192180218,1
17,384,48,16,front_loaded,0.05,attention_mass_desc,4,0.16666666666666666,0.9995305730603872,0.0118155301389843,1
17,384,48,16,tail_surprise,0.002,sequential,24,1.0,0.9999999899891817,3.2158547519475705e-33,0
17,384,48,16,tail_surprise,0.002,recency_first,24,1.0,0.9999999899891816,2.929143843153009e-33,0
17,384,48,16,tail_surprise,0.002,attention_mass_desc,24,1.0,0.9999999899891816,8.86976315379062e-33,0
17,384,48,16,tail_surprise,0.01,sequential,24,1.0,0.9999999899891817,3.2158547519475705e-33,0
17,384,48,16,tail_surprise,0.01,recency_first,4,0.16666666666666666,0.9068885106047295,0.016547071494735503,1
17,384,48,16,tail_surprise,0.01,attention_mass_desc,6,0.25,0.9999731303644706,0.0004395203048559875,1
17,384,48,16,tail_surprise,0.05,sequential,21,0.875,0.8307695828024546,0.04243692701579663,1
17,384,48,16,tail_surprise,0.05,recency_first,4,0.16666666666666666,0.9068885106047295,0.016547071494735503,1
17,384,48,16,tail_surprise,0.05,attention_mass_desc,5,0.20833333333333334,0.9999755819815052,0.000539690482068686,1
17,384,48,16,diffuse,0.002,sequential,24,1.0,0.9999998685914636,7.548002285790171e-35,0
17,384,48,16,diffuse,0.002,recency_first,24,1.0,0.9999998685914636,7.738848691539298e-35,0
17,384,48,16,diffuse,0.002,attention_mass_desc,24,1.0,0.9999998685914637,1.3998845898980821e-34,0
17,384,48,16,diffuse,0.01,sequential,24,1.0,0.9999998685914636,7.548002285790171e-35,0
17,384,48,16,diffuse,0.01,recency_first,24,1.0,0.9999998685914636,7.738848691539298e-35,0
17,384,48,16,diffuse,0.01,attention_mass_desc,24,1.0,0.9999998685914637,1.3998845898980821e-34,0
17,384,48,16,diffuse,0.05,sequential,24,1.0,0.9999998685914636,7.548002285790171e-35,0
17,384,48,16,diffuse,0.05,recency_first,24,1.0,0.9999998685914636,7.738848691539298e-35,0
17,384,48,16,diffuse,0.05,attention_mass_desc,24,1.0,0.9999998685914637,1.3998845898980821e-34,0
17,384,48,16,late_direction_flip,0.002,sequential,24,1.0,0.9999999711096743,8.17909361133598e-33,0
17,384,48,16,late_direction_flip,0.002,recency_first,24,1.0,0.9999999711096742,4.0976204927008874e-33,0
17,384,48,16,late_direction_flip,0.002,attention_mass_desc,24,1.0,0.9999999711096744,8.450362442675239e-33,0
17,384,48,16,late_direction_flip,0.01,sequential,24,1.0,0.9999999711096743,8.17909361133598e-33,0
17,384,48,16,late_direction_flip,0.01,recency_first,24,1.0,0.9999999711096742,4.0976204927008874e-33,0
17,384,48,16,late_direction_flip,0.01,attention_mass_desc,24,1.0,0.9999999711096744,8.450362442675239e-33,0
17,384,48,16,late_direction_flip,0.05,sequential,4,0.16666666666666666,0.8939623380718731,0.04085071137930987,1
17,384,48,16,late_direction_flip,0.05,recency_first,10,0.4166666666666667,-0.2960684048234885,0.06382261355139844,1
17,384,48,16,late_direction_flip,0.05,attention_mass_desc,13,0.5416666666666666,0.9982144921381247,0.0003071591388718884,1
18,384,48,16,front_loaded,0.002,sequential,24,1.0,0.9999999968882455,2.0454579715607687e-31,0
18,384,48,16,front_loaded,0.002,recency_first,24,1.0,0.9999999968882456,2.9305431516282278e-31,0
18,384,48,16,front_loaded,0.002,attention_mass_desc,24,1.0,0.9999999968882455,2.286640573554762e-31,0
18,384,48,16,front_loaded,0.01,sequential,9,0.375,0.9999834939910699,0.028140253002126376,1
18,384,48,16,front_loaded,0.01,recency_first,23,0.9583333333333334,0.9999302490630665,0.00012007754436044898,1
18,384,48,16,front_loaded,0.01,attention_mass_desc,17,0.7083333333333334,0.9999963317103123,0.002927177516850481,1
18,384,48,16,front_loaded,0.05,sequential,4,0.16666666666666666,0.9841869189912911,0.043997346056491415,1
18,384,48,16,front_loaded,0.05,recency_first,21,0.875,0.998158098216642,0.004236939710091119,1
18,384,48,16,front_loaded,0.05,attention_mass_desc,4,0.16666666666666666,0.9999384794232605,0.05189850431431952,1
18,384,48,16,tail_surprise,0.002,sequential,24,1.0,0.9999999885578567,2.538731802307531e-33,0
18,384,48,16,tail_surprise,0.002,recency_first,24,1.0,0.9999999885578565,2.6598547402162594e-33,0
18,384,48,16,tail_surprise,0.002,attention_mass_desc,24,1.0,0.9999999885578565,1.320476787358969e-32,0
18,384,48,16,tail_surprise,0.01,sequential,24,1.0,0.9999999885578567,2.538731802307531e-33,0
18,384,48,16,tail_surprise,0.01,recency_first,8,0.3333333333333333,0.9998108421000157,0.0014716981195293996,1
18,384,48,16,tail_surprise,0.01,attention_mass_desc,15,0.625,0.9999149589562679,0.00027104741126283174,1
18,384,48,16,tail_surprise,0.05,sequential,22,0.9166666666666666,0.9101013316084893,0.010941810106107399,1
18,384,48,16,tail_surprise,0.05,recency_first,3,0.125,0.9236988230252867,0.017673428148427973,1
18,384,48,16,tail_surprise,0.05,attention_mass_desc,5,0.20833333333333334,0.9995265161427731,0.0022355032956525166,1
18,384,48,16,diffuse,0.002,sequential,24,1.0,0.9999999077772321,4.240570548866576e-34,0
18,384,48,16,diffuse,0.002,recency_first,24,1.0,0.9999999077772321,1.9813574972483292e-34,0
18,384,48,16,diffuse,0.002,attention_mass_desc,24,1.0,0.9999999077772322,3.0753907017952735e-34,0
18,384,48,16,diffuse,0.01,sequential,24,1.0,0.9999999077772321,4.240570548866576e-34,0
18,384,48,16,diffuse,0.01,recency_first,24,1.0,0.9999999077772321,1.9813574972483292e-34,0
18,384,48,16,diffuse,0.01,attention_mass_desc,24,1.0,0.9999999077772322,3.0753907017952735e-34,0
18,384,48,16,diffuse,0.05,sequential,24,1.0,0.9999999077772321,4.240570548866576e-34,0
18,384,48,16,diffuse,0.05,recency_first,24,1.0,0.9999999077772321,1.9813574972483292e-34,0
18,384,48,16,diffuse,0.05,attention_mass_desc,24,1.0,0.9999999077772322,3.0753907017952735e-34,0
18,384,48,16,late_direction_flip,0.002,sequential,24,1.0,0.9999999616934298,1.462282646328278e-33,0
18,384,48,16,late_direction_flip,0.002,recency_first,24,1.0,0.9999999616934295,1.682000172912226e-33,0
18,384,48,16,late_direction_flip,0.002,attention_mass_desc,24,1.0,0.9999999616934296,1.3379731391501955e-33,0
18,384,48,16,late_direction_flip,0.01,sequential,24,1.0,0.9999999616934298,1.462282646328278e-33,0
18,384,48,16,late_direction_flip,0.01,recency_first,24,1.0,0.9999999616934295,1.682000172912226e-33,0
18,384,48,16,late_direction_flip,0.01,attention_mass_desc,24,1.0,0.9999999616934296,1.3379731391501955e-33,0
18,384,48,16,late_direction_flip,0.05,sequential,9,0.375,0.4594159776575075,0.05272638201459986,1
18,384,48,16,late_direction_flip,0.05,recency_first,9,0.375,0.1973587939209741,0.05287475323727045,1
18,384,48,16,late_direction_flip,0.05,attention_mass_desc,13,0.5416666666666666,0.9951987984637503,0.0003171198539051693,1
19,384,48,16,front_loaded,0.002,sequential,24,1.0,0.9999999963692013,2.593264670117413e-31,0
19,384,48,16,front_loaded,0.002,recency_first,24,1.0,0.9999999963692012,1.539923930650655e-31,0
19,384,48,16,front_loaded,0.002,attention_mass_desc,24,1.0,0.9999999963692013,3.5961575805591214e-31,0
19,384,48,16,front_loaded,0.01,sequential,10,0.4166666666666667,0.9999802688340647,0.012344820924457761,1
19,384,48,16,front_loaded,0.01,recency_first,24,1.0,0.9999999963692012,1.539923930650655e-31,0
19,384,48,16,front_loaded,0.01,attention_mass_desc,15,0.625,0.9999948599881249,0.0027346749462968355,1
19,384,48,16,front_loaded,0.05,sequential,3,0.125,0.9993085948369912,0.04331011940967656,1
19,384,48,16,front_loaded,0.05,recency_first,24,1.0,0.9999999963692012,1.539923930650655e-31,0
19,384,48,16,front_loaded,0.05,attention_mass_desc,3,0.125,0.9993085948369912,0.04331011940967656,1
19,384,48,16,tail_surprise,0.002,sequential,24,1.0,0.9999999897326575,5.034062394025452e-33,0
19,384,48,16,tail_surprise,0.002,recency_first,24,1.0,0.9999999897326574,5.399757119240464e-32,0
19,384,48,16,tail_surprise,0.002,attention_mass_desc,24,1.0,0.9999999897326575,5.066248996676767e-32,0
19,384,48,16,tail_surprise,0.01,sequential,24,1.0,0.9999999897326575,5.034062394025452e-33,0
19,384,48,16,tail_surprise,0.01,recency_first,7,0.2916666666666667,0.9997894139686323,0.001280586239841915,1
19,384,48,16,tail_surprise,0.01,attention_mass_desc,11,0.4583333333333333,0.9999429758276095,0.0004382418459686946,1
19,384,48,16,tail_surprise,0.05,sequential,24,1.0,0.9999999897326575,5.034062394025452e-33,0
19,384,48,16,tail_surprise,0.05,recency_first,7,0.2916666666666667,0.9997894139686323,0.001280586239841915,1
19,384,48,16,tail_surprise,0.05,attention_mass_desc,7,0.2916666666666667,0.9998945084435871,0.00107595062961736,1
19,384,48,16,diffuse,0.002,sequential,24,1.0,0.9999999277388422,4.043076238513955e-34,0
19,384,48,16,diffuse,0.002,recency_first,24,1.0,0.9999999277388423,2.9681723678167205e-34,0
19,384,48,16,diffuse,0.002,attention_mass_desc,24,1.0,0.9999999277388423,3.1092329143886772e-34,0
19,384,48,16,diffuse,0.01,sequential,24,1.0,0.9999999277388422,4.043076238513955e-34,0
19,384,48,16,diffuse,0.01,recency_first,24,1.0,0.9999999277388423,2.9681723678167205e-34,0
19,384,48,16,diffuse,0.01,attention_mass_desc,24,1.0,0.9999999277388423,3.1092329143886772e-34,0
19,384,48,16,diffuse,0.05,sequential,24,1.0,0.9999999277388422,4.043076238513955e-34,0
19,384,48,16,diffuse,0.05,recency_first,24,1.0,0.9999999277388423,2.9681723678167205e-34,0
19,384,48,16,diffuse,0.05,attention_mass_desc,24,1.0,0.9999999277388423,3.1092329143886772e-34,0
19,384,48,16,late_direction_flip,0.002,sequential,24,1.0,0.9999999889211133,1.5717973816069112e-32,0
19,384,48,16,late_direction_flip,0.002,recency_first,24,1.0,0.9999999889211133,2.2814875981522073e-32,0
19,384,48,16,late_direction_flip,0.002,attention_mass_desc,24,1.0,0.9999999889211131,2.135445355500397e-32,0
19,384,48,16,late_direction_flip,0.01,sequential,10,0.4166666666666667,0.9905828238898045,0.01087921679585196,1
19,384,48,16,late_direction_flip,0.01,recency_first,22,0.9166666666666666,0.9978910680504384,0.00040314063454713534,1
19,384,48,16,late_direction_flip,0.01,attention_mass_desc,16,0.6666666666666666,0.9999297709944461,0.00021091452869252865,1
19,384,48,16,late_direction_flip,0.05,sequential,6,0.25,0.5143498435942101,0.07599336739295094,1
19,384,48,16,late_direction_flip,0.05,recency_first,7,0.2916666666666667,-0.44988355155888166,0.20897840517895597,1
19,384,48,16,late_direction_flip,0.05,attention_mass_desc,7,0.2916666666666667,0.9992758700211777,0.0027004952748436208,1
20,384,48,16,front_loaded,0.002,sequential,24,1.0,0.9999999961876948,1.0558033217654407e-31,0
20,384,48,16,front_loaded,0.002,recency_first,24,1.0,0.9999999961876946,6.914890971160338e-32,0
20,384,48,16,front_loaded,0.002,attention_mass_desc,24,1.0,0.9999999961876948,1.1302851515548225e-31,0
20,384,48,16,front_loaded,0.01,sequential,7,0.2916666666666667,0.9999862156836348,0.009851885880367358,1
20,384,48,16,front_loaded,0.01,recency_first,24,1.0,0.9999999961876946,6.914890971160338e-32,0
20,384,48,16,front_loaded,0.01,attention_mass_desc,10,0.4166666666666667,0.9999951162971982,0.00395530683125688,1
20,384,48,16,front_loaded,0.05,sequential,4,0.16666666666666666,0.9879324116121722,0.025875556925020905,1
20,384,48,16,front_loaded,0.05,recency_first,21,0.875,0.9869928339585355,0.01926126908554368,1
20,384,48,16,front_loaded,0.05,attention_mass_desc,3,0.125,0.9989344267064493,0.01765339731050247,1
20,384,48,16,tail_surprise,0.002,sequential,24,1.0,0.9999999894173146,8.0737653991878e-33,0
20,384,48,16,tail_surprise,0.002,recency_first,24,1.0,0.9999999894173145,6.611262347668742e-33,0
20,384,48,16,tail_surprise,0.002,attention_mass_desc,24,1.0,0.9999999894173145,4.6628882978098065e-33,0
20,384,48,16,tail_surprise,0.01,sequential,24,1.0,0.9999999894173146,8.0737653991878e-33,0
20,384,48,16,tail_surprise,0.01,recency_first,7,0.2916666666666667,0.9998607453641606,0.0017274839412253415,1
20,384,48,16,tail_surprise,0.01,attention_mass_desc,13,0.5416666666666666,0.9999511577979274,0.00038083527634944067,1
20,384,48,16,tail_surprise,0.05,sequential,24,1.0,0.9999999894173146,8.0737653991878e-33,0
20,384,48,16,tail_surprise,0.05,recency_first,7,0.2916666666666667,0.9998607453641606,0.0017274839412253415,1
20,384,48,16,tail_surprise,0.05,attention_mass_desc,7,0.2916666666666667,0.9998970002181617,0.0014927755240242543,1
20,384,48,16,diffuse,0.002,sequential,24,1.0,0.9999999088162623,1.2742560801005144e-34,0
20,384,48,16,diffuse,0.002,recency_first,24,1.0,0.9999999088162623,1.7435911790021854e-34,0
20,384,48,16,diffuse,0.002,attention_mass_desc,24,1.0,0.9999999088162623,1.3388445967850708e-34,0
20,384,48,16,diffuse,0.01,sequential,24,1.0,0.9999999088162623,1.2742560801005144e-34,0
20,384,48,16,diffuse,0.01,recency_first,24,1.0,0.9999999088162623,1.7435911790021854e-34,0
20,384,48,16,diffuse,0.01,attention_mass_desc,24,1.0,0.9999999088162623,1.3388445967850708e-34,0
20,384,48,16,diffuse,0.05,sequential,24,1.0,0.9999999088162623,1.2742560801005144e-34,0
20,384,48,16,diffuse,0.05,recency_first,24,1.0,0.9999999088162623,1.7435911790021854e-34,0
20,384,48,16,diffuse,0.05,attention_mass_desc,24,1.0,0.9999999088162623,1.3388445967850708e-34,0
20,384,48,16,late_direction_flip,0.002,sequential,24,1.0,0.9999999579500514,1.857167443178635e-33,0
20,384,48,16,late_direction_flip,0.002,recency_first,24,1.0,0.9999999579500511,2.6648065101690983e-33,0
20,384,48,16,late_direction_flip,0.002,attention_mass_desc,24,1.0,0.9999999579500514,1.57779945576221e-33,0
20,384,48,16,late_direction_flip,0.01,sequential,24,1.0,0.9999999579500514,1.857167443178635e-33,0
20,384,48,16,late_direction_flip,0.01,recency_first,24,1.0,0.9999999579500511,2.6648065101690983e-33,0
20,384,48,16,late_direction_flip,0.01,attention_mass_desc,24,1.0,0.9999999579500514,1.57779945576221e-33,0
20,384,48,16,late_direction_flip,0.05,sequential,9,0.375,0.33727821928921975,0.05086345622823019,1
20,384,48,16,late_direction_flip,0.05,recency_first,8,0.3333333333333333,0.30153739044885663,0.04963094180586373,1
20,384,48,16,late_direction_flip,0.05,attention_mass_desc,16,0.6666666666666666,0.9979775363208769,7.766505902030597e-05,1
21,384,48,16,front_loaded,0.002,sequential,24,1.0,0.9999999965858366,1.180898490184468e-31,0
21,384,48,16,front_loaded,0.002,recency_first,24,1.0,0.9999999965858366,1.011426685963518e-31,0
21,384,48,16,front_loaded,0.002,attention_mass_desc,24,1.0,0.9999999965858364,1.3741710770905467e-31,0
21,384,48,16,front_loaded,0.01,sequential,7,0.2916666666666667,0.9999753887248165,0.023443332853558967,1
21,384,48,16,front_loaded,0.01,recency_first,24,1.0,0.9999999965858366,1.011426685963518e-31,0
21,384,48,16,front_loaded,0.01,attention_mass_desc,15,0.625,0.9999931391877338,0.003824431849948899,1
21,384,48,16,front_loaded,0.05,sequential,3,0.125,0.9899032751069092,0.036324221133614866,1
21,384,48,16,front_loaded,0.05,recency_first,22,0.9166666666666666,0.9959190046237092,0.01129169210753977,1
21,384,48,16,front_loaded,0.05,attention_mass_desc,5,0.20833333333333334,0.9999730475060566,0.03196842439403998,1
21,384,48,16,tail_surprise,0.002,sequential,24,1.0,0.9999999907366586,2.6396783592630206e-33,0
21,384,48,16,tail_surprise,0.002,recency_first,24,1.0,0.9999999907366584,1.263763397119884e-32,0
21,384,48,16,tail_surprise,0.002,attention_mass_desc,24,1.0,0.9999999907366585,1.2659310087028002e-32,0
21,384,48,16,tail_surprise,0.01,sequential,24,1.0,0.9999999907366586,2.6396783592630206e-33,0
21,384,48,16,tail_surprise,0.01,recency_first,7,0.2916666666666667,0.9999162984763192,0.001684102419539657,1
21,384,48,16,tail_surprise,0.01,attention_mass_desc,9,0.375,0.9999270994695808,0.0010429294527343712,1
21,384,48,16,tail_surprise,0.05,sequential,21,0.875,0.8028909058679699,0.03451132391926242,1
21,384,48,16,tail_surprise,0.05,recency_first,2,0.08333333333333333,0.849081184126903,0.052933394786864825,1
21,384,48,16,tail_surprise,0.05,attention_mass_desc,5,0.20833333333333334,0.999895945168072,0.0022110978239823615,1
21,384,48,16,diffuse,0.002,sequential,24,1.0,0.9999999105892302,2.68822088826954e-34,0
21,384,48,16,diffuse,0.002,recency_first,24,1.0,0.9999999105892302,3.328617965864701e-34,0
21,384,48,16,diffuse,0.002,attention_mass_desc,24,1.0,0.9999999105892302,1.5531439515430253e-34,0
21,384,48,16,diffuse,0.01,sequential,24,1.0,0.9999999105892302,2.68822088826954e-34,0
21,384,48,16,diffuse,0.01,recency_first,24,1.0,0.9999999105892302,3.328617965864701e-34,0
21,384,48,16,diffuse,0.01,attention_mass_desc,24,1.0,0.9999999105892302,1.5531439515430253e-34,0
21,384,48,16,diffuse,0.05,sequential,24,1.0,0.9999999105892302,2.68822088826954e-34,0
21,384,48,16,diffuse,0.05,recency_first,24,1.0,0.9999999105892302,3.328617965864701e-34,0
21,384,48,16,diffuse,0.05,attention_mass_desc,24,1.0,0.9999999105892302,1.5531439515430253e-34,0
21,384,48,16,late_direction_flip,0.002,sequential,24,1.0,0.9999999809425024,8.873373145920926e-33,0
21,384,48,16,late_direction_flip,0.002,recency_first,24,1.0,0.9999999809425023,5.414877747969748e-33,0
21,384,48,16,late_direction_flip,0.002,attention_mass_desc,24,1.0,0.9999999809425022,8.245532796939111e-33,0
21,384,48,16,late_direction_flip,0.01,sequential,24,1.0,0.9999999809425024,8.873373145920926e-33,0
21,384,48,16,late_direction_flip,0.01,recency_first,24,1.0,0.9999999809425023,5.414877747969748e-33,0
21,384,48,16,late_direction_flip,0.01,attention_mass_desc,24,1.0,0.9999999809425022,8.245532796939111e-33,1
21,384,48,16,late_direction_flip,0.05,sequential,9,0.375,0.938596135047892,0.030500626201856094,1
21,384,48,16,late_direction_flip,0.05,recency_first,9,0.375,-0.42805520906474714,0.11690835509027832,1
21,384,48,16,late_direction_flip,0.05,attention_mass_desc,9,0.375,0.9979233155709357,0.0015562408959895197,1
22,384,48,16,front_loaded,0.002,sequential,24,1.0,0.9999999966371284,2.123881939205068e-31,0
22,384,48,16,front_loaded,0.002,recency_first,24,1.0,0.9999999966371284,1.9711491745398278e-31,0
22,384,48,16,front_loaded,0.002,attention_mass_desc,24,1.0,0.9999999966371282,2.2201358051626403e-31,0
22,384,48,16,front_loaded,0.01,sequential,4,0.16666666666666666,0.9995093507868819,0.011953480587420344,1
22,384,48,16,front_loaded,0.01,recency_first,24,1.0,0.9999999966371284,1.9711491745398278e-31,0
22,384,48,16,front_loaded,0.01,attention_mass_desc,6,0.25,0.9999916037048133,0.010268410908872766,1
22,384,48,16,front_loaded,0.05,sequential,4,0.16666666666666666,0.9995093507868819,0.011953480587420344,1
22,384,48,16,front_loaded,0.05,recency_first,24,1.0,0.9999999966371284,1.9711491745398278e-31,0
22,384,48,16,front_loaded,0.05,attention_mass_desc,4,0.16666666666666666,0.9997930911185553,0.012786427521310822,1
22,384,48,16,tail_surprise,0.002,sequential,24,1.0,0.9999999897685585,3.9299127136690716e-33,0
22,384,48,16,tail_surprise,0.002,recency_first,24,1.0,0.9999999897685584,4.57546286462465e-33,0
22,384,48,16,tail_surprise,0.002,attention_mass_desc,24,1.0,0.9999999897685585,1.0516003808972206e-32,0
22,384,48,16,tail_surprise,0.01,sequential,24,1.0,0.9999999897685585,3.9299127136690716e-33,0
22,384,48,16,tail_surprise,0.01,recency_first,7,0.2916666666666667,0.999874339055832,0.0015225825028280643,1
22,384,48,16,tail_surprise,0.01,attention_mass_desc,11,0.4583333333333333,0.9999643111389851,0.0005374280666181251,1
22,384,48,16,tail_surprise,0.05,sequential,23,0.9583333333333334,0.9970011944102435,0.0004776145218523834,1
22,384,48,16,tail_surprise,0.05,recency_first,7,0.2916666666666667,0.999874339055832,0.0015225825028280643,1
22,384,48,16,tail_surprise,0.05,attention_mass_desc,4,0.16666666666666666,0.996491174077548,0.003043431959843763,1
22,384,48,16,diffuse,0.002,sequential,24,1.0,0.9999998912242702,1.2394615334119524e-34,0
22,384,48,16,diffuse,0.002,recency_first,24,1.0,0.9999998912242702,1.4592172463431464e-34,0
22,384,48,16,diffuse,0.002,attention_mass_desc,24,1.0,0.99999989122427,1.5067993214660554e-34,0
22,384,48,16,diffuse,0.01,sequential,24,1.0,0.9999998912242702,1.2394615334119524e-34,0
22,384,48,16,diffuse,0.01,recency_first,24,1.0,0.9999998912242702,1.4592172463431464e-34,0
22,384,48,16,diffuse,0.01,attention_mass_desc,24,1.0,0.99999989122427,1.5067993214660554e-34,0
22,384,48,16,diffuse,0.05,sequential,24,1.0,0.9999998912242702,1.2394615334119524e-34,0
22,384,48,16,diffuse,0.05,recency_first,24,1.0,0.9999998912242702,1.4592172463431464e-34,0
22,384,48,16,diffuse,0.05,attention_mass_desc,24,1.0,0.99999989122427,1.5067993214660554e-34,0
22,384,48,16,late_direction_flip,0.002,sequential,24,1.0,0.9999999701695356,2.2383939752510622e-33,0
22,384,48,16,late_direction_flip,0.002,recency_first,24,1.0,0.9999999701695357,3.118732469946756e-33,0
22,384,48,16,late_direction_flip,0.002,attention_mass_desc,24,1.0,0.9999999701695355,2.852479081171005e-33,0
22,384,48,16,late_direction_flip,0.01,sequential,24,1.0,0.9999999701695356,2.2383939752510622e-33,0
22,384,48,16,late_direction_flip,0.01,recency_first,24,1.0,0.9999999701695357,3.118732469946756e-33,0
22,384,48,16,late_direction_flip,0.01,attention_mass_desc,24,1.0,0.9999999701695355,2.852479081171005e-33,0
22,384,48,16,late_direction_flip,0.05,sequential,6,0.25,0.7186173991746143,0.046265986337850305,1
22,384,48,16,late_direction_flip,0.05,recency_first,10,0.4166666666666667,-0.12848006766190007,0.050146265317176746,1
22,384,48,16,late_direction_flip,0.05,attention_mass_desc,14,0.5833333333333334,0.9975954218325819,0.0003153183925831893,1
23,384,48,16,front_loaded,0.002,sequential,24,1.0,0.9999999958871156,8.011116252266375e-32,0
23,384,48,16,front_loaded,0.002,recency_first,24,1.0,0.9999999958871157,9.342377710504825e-32,0
23,384,48,16,front_loaded,0.002,attention_mass_desc,24,1.0,0.9999999958871157,5.758887884000485e-32,0
23,384,48,16,front_loaded,0.01,sequential,9,0.375,0.9999546192736086,0.015765807619122118,1
23,384,48,16,front_loaded,0.01,recency_first,24,1.0,0.9999999958871157,9.342377710504825e-32,0
23,384,48,16,front_loaded,0.01,attention_mass_desc,15,0.625,0.9999841222477391,0.0028465228039442915,1
23,384,48,16,front_loaded,0.05,sequential,4,0.16666666666666666,0.9950679505599154,0.03370817070598334,1
23,384,48,16,front_loaded,0.05,recency_first,20,0.8333333333333334,0.9774397649678784,0.0528138009572725,1
23,384,48,16,front_loaded,0.05,attention_mass_desc,5,0.20833333333333334,0.9999424485150613,0.027604418711868844,1
23,384,48,16,tail_surprise,0.002,sequential,24,1.0,0.9999999879317152,5.652905313330348e-33,0
23,384,48,16,tail_surprise,0.002,recency_first,24,1.0,0.999999987931715,4.619974917375787e-33,0
23,384,48,16,tail_surprise,0.002,attention_mass_desc,24,1.0,0.9999999879317152,6.338014767505598e-33,0
23,384,48,16,tail_surprise,0.01,sequential,24,1.0,0.9999999879317152,5.652905313330348e-33,0
23,384,48,16,tail_surprise,0.01,recency_first,11,0.4583333333333333,0.9996992467792917,0.0013016432981028776,1
23,384,48,16,tail_surprise,0.01,attention_mass_desc,18,0.75,0.9999578805764608,0.00010556494638977859,1
23,384,48,16,tail_surprise,0.05,sequential,22,0.9166666666666666,0.867891037361022,0.014261651678939585,1
23,384,48,16,tail_surprise,0.05,recency_first,3,0.125,0.8515232380105073,0.04667084830793816,1
23,384,48,16,tail_surprise,0.05,attention_mass_desc,6,0.25,0.9996761984412422,0.0023646270564966505,1
23,384,48,16,diffuse,0.002,sequential,24,1.0,0.999999916590187,2.3756674083469978e-34,0
23,384,48,16,diffuse,0.002,recency_first,24,1.0,0.9999999165901867,2.127858701808163e-34,0
23,384,48,16,diffuse,0.002,attention_mass_desc,24,1.0,0.9999999165901868,4.9910676839101215e-34,0
23,384,48,16,diffuse,0.01,sequential,24,1.0,0.999999916590187,2.3756674083469978e-34,0
23,384,48,16,diffuse,0.01,recency_first,24,1.0,0.9999999165901867,2.127858701808163e-34,0
23,384,48,16,diffuse,0.01,attention_mass_desc,24,1.0,0.9999999165901868,4.9910676839101215e-34,0
23,384,48,16,diffuse,0.05,sequential,24,1.0,0.999999916590187,2.3756674083469978e-34,0
23,384,48,16,diffuse,0.05,recency_first,24,1.0,0.9999999165901867,2.127858701808163e-34,0
23,384,48,16,diffuse,0.05,attention_mass_desc,24,1.0,0.9999999165901868,4.9910676839101215e-34,0
23,384,48,16,late_direction_flip,0.002,sequential,24,1.0,0.9999999692770405,3.1437107453231036e-33,0
23,384,48,16,late_direction_flip,0.002,recency_first,24,1.0,0.9999999692770406,3.496170971473658e-33,0
23,384,48,16,late_direction_flip,0.002,attention_mass_desc,24,1.0,0.9999999692770405,3.242436597534165e-33,0
23,384,48,16,late_direction_flip,0.01,sequential,24,1.0,0.9999999692770405,3.1437107453231036e-33,0
23,384,48,16,late_direction_flip,0.01,recency_first,24,1.0,0.9999999692770406,3.496170971473658e-33,0
23,384,48,16,late_direction_flip,0.01,attention_mass_desc,24,1.0,0.9999999692770405,3.242436597534165e-33,0
23,384,48,16,late_direction_flip,0.05,sequential,7,0.2916666666666667,0.5940352869628331,0.06098358358732841,1
23,384,48,16,late_direction_flip,0.05,recency_first,8,0.3333333333333333,0.10925186782325383,0.08858453915189868,1
23,384,48,16,late_direction_flip,0.05,attention_mass_desc,11,0.4583333333333333,0.9964465210730217,0.000511994701010864,1
24,384,48,16,front_loaded,0.002,sequential,24,1.0,0.9999999959745252,1.5667139171036353e-31,0
24,384,48,16,front_loaded,0.002,recency_first,24,1.0,0.9999999959745249,1.658747288144015e-31,0
24,384,48,16,front_loaded,0.002,attention_mass_desc,24,1.0,0.9999999959745249,2.6010887605164862e-31,0
24,384,48,16,front_loaded,0.01,sequential,5,0.20833333333333334,0.9977091027281842,0.017558415937636063,1
24,384,48,16,front_loaded,0.01,recency_first,24,1.0,0.9999999959745249,1.658747288144015e-31,0
24,384,48,16,front_loaded,0.01,attention_mass_desc,9,0.375,0.9999856759391351,0.006581065596351655,1
24,384,48,16,front_loaded,0.05,sequential,5,0.20833333333333334,0.9977091027281842,0.017558415937636063,1
24,384,48,16,front_loaded,0.05,recency_first,20,0.8333333333333334,0.8824404200824045,0.1804879889495197,1
24,384,48,16,front_loaded,0.05,attention_mass_desc,6,0.25,0.9999855908626771,0.011283805967568237,1
24,384,48,16,tail_surprise,0.002,sequential,24,1.0,0.9999999898500533,7.70774780485776e-33,0
24,384,48,16,tail_surprise,0.002,recency_first,24,1.0,0.9999999898500536,6.815124414617348e-33,0
24,384,48,16,tail_surprise,0.002,attention_mass_desc,24,1.0,0.9999999898500536,8.791945427766184e-33,0
24,384,48,16,tail_surprise,0.01,sequential,23,0.9583333333333334,0.99662729420205,0.0005447177307765925,1
24,384,48,16,tail_surprise,0.01,recency_first,7,0.2916666666666667,0.9999369374575863,0.0010861030023639649,1
24,384,48,16,tail_surprise,0.01,attention_mass_desc,8,0.3333333333333333,0.9999356291290633,0.0008133545744932951,1
24,384,48,16,tail_surprise,0.05,sequential,23,0.9583333333333334,0.99662729420205,0.0005447177307765925,1
24,384,48,16,tail_surprise,0.05,recency_first,7,0.2916666666666667,0.9999369374575863,0.0010861030023639649,1
24,384,48,16,tail_surprise,0.05,attention_mass_desc,6,0.25,0.9999418547692701,0.001170142749692152,1
24,384,48,16,diffuse,0.002,sequential,24,1.0,0.9999998872211413,1.7407797883464686e-34,0
24,384,48,16,diffuse,0.002,recency_first,24,1.0,0.9999998872211414,1.714372797544559e-34,0
24,384,48,16,diffuse,0.002,attention_mass_desc,24,1.0,0.9999998872211414,1.5628099436319743e-34,0
24,384,48,16,diffuse,0.01,sequential,24,1.0,0.9999998872211413,1.7407797883464686e-34,0
24,384,48,16,diffuse,0.01,recency_first,24,1.0,0.9999998872211414,1.714372797544559e-34,0
24,384,48,16,diffuse,0.01,attention_mass_desc,24,1.0,0.9999998872211414,1.5628099436319743e-34,0
24,384,48,16,diffuse,0.05,sequential,24,1.0,0.9999998872211413,1.7407797883464686e-34,0
24,384,48,16,diffuse,0.05,recency_first,24,1.0,0.9999998872211414,1.714372797544559e-34,0
24,384,48,16,diffuse,0.05,attention_mass_desc,24,1.0,0.9999998872211414,1.5628099436319743e-34,0
24,384,48,16,late_direction_flip,0.002,sequential,24,1.0,0.999999974732024,2.7547475012650143e-33,0
24,384,48,16,late_direction_flip,0.002,recency_first,24,1.0,0.999999974732024,2.413215454262604e-33,0
24,384,48,16,late_direction_flip,0.002,attention_mass_desc,24,1.0,0.9999999747320241,2.7605035052695407e-33,0
24,384,48,16,late_direction_flip,0.01,sequential,24,1.0,0.999999974732024,2.7547475012650143e-33,0
24,384,48,16,late_direction_flip,0.01,recency_first,24,1.0,0.999999974732024,2.413215454262604e-33,0
24,384,48,16,late_direction_flip,0.01,attention_mass_desc,24,1.0,0.9999999747320241,2.7605035052695407e-33,1
24,384,48,16,late_direction_flip,0.05,sequential,7,0.2916666666666667,-0.4158625623274177,0.11232671382081892,1
24,384,48,16,late_direction_flip,0.05,recency_first,4,0.16666666666666666,0.8345972529272605,0.07011210960793758,1
24,384,48,16,late_direction_flip,0.05,attention_mass_desc,11,0.4583333333333333,0.9989869005476049,0.0003746208259216466,1
25,384,48,16,front_loaded,0.002,sequential,24,1.0,0.9999999965232602,6.998448244268388e-32,0
25,384,48,16,front_loaded,0.002,recency_first,24,1.0,0.9999999965232601,5.184864213303742e-32,0
25,384,48,16,front_loaded,0.002,attention_mass_desc,24,1.0,0.9999999965232602,7.780756975324433e-32,0
25,384,48,16,front_loaded,0.01,sequential,7,0.2916666666666667,0.9999865949389641,0.015413942155000582,1
25,384,48,16,front_loaded,0.01,recency_first,24,1.0,0.9999999965232601,5.184864213303742e-32,0
25,384,48,16,front_loaded,0.01,attention_mass_desc,12,0.5,0.999994850886254,0.00458914401502201,1
25,384,48,16,front_loaded,0.05,sequential,3,0.125,0.9897917186621386,0.04273376581578523,1
25,384,48,16,front_loaded,0.05,recency_first,22,0.9166666666666666,0.9855183934114577,0.03418191128342903,1
25,384,48,16,front_loaded,0.05,attention_mass_desc,4,0.16666666666666666,0.9998715927557955,0.023740378095385442,1
25,384,48,16,tail_surprise,0.002,sequential,24,1.0,0.9999999884368458,3.62937113425846e-33,0
25,384,48,16,tail_surprise,0.002,recency_first,24,1.0,0.9999999884368459,8.116682697936321e-33,0
25,384,48,16,tail_surprise,0.002,attention_mass_desc,24,1.0,0.9999999884368459,6.023884473399482e-33,0
25,384,48,16,tail_surprise,0.01,sequential,24,1.0,0.9999999884368458,3.62937113425846e-33,0
25,384,48,16,tail_surprise,0.01,recency_first,11,0.4583333333333333,0.9996541797284338,0.0012626296407794951,1
25,384,48,16,tail_surprise,0.01,attention_mass_desc,16,0.6666666666666666,0.9999432613698144,0.00026550821422735295,1
25,384,48,16,tail_surprise,0.05,sequential,21,0.875,0.9229970532002139,0.009354345330229684,1
25,384,48,16,tail_surprise,0.05,recency_first,4,0.16666666666666666,0.8760893757014182,0.027218720766970964,1
25,384,48,16,tail_surprise,0.05,attention_mass_desc,6,0.25,0.999763005223868,0.0024956039233233287,1
25,384,48,16,diffuse,0.002,sequential,24,1.0,0.9999999126512722,2.3148471482499182e-34,0
25,384,48,16,diffuse,0.002,recency_first,24,1.0,0.9999999126512723,1.7068202463405257e-34,0
25,384,48,16,diffuse,0.002,attention_mass_desc,24,1.0,0.9999999126512723,3.324206341688431e-34,0
25,384,48,16,diffuse,0.01,sequential,24,1.0,0.9999999126512722,2.3148471482499182e-34,0
25,384,48,16,diffuse,0.01,recency_first,24,1.0,0.9999999126512723,1.7068202463405257e-34,0
25,384,48,16,diffuse,0.01,attention_mass_desc,24,1.0,0.9999999126512723,3.324206341688431e-34,0
25,384,48,16,diffuse,0.05,sequential,24,1.0,0.9999999126512722,2.3148471482499182e-34,0
25,384,48,16,diffuse,0.05,recency_first,24,1.0,0.9999999126512723,1.7068202463405257e-34,0
25,384,48,16,diffuse,0.05,attention_mass_desc,24,1.0,0.9999999126512723,3.324206341688431e-34,0
25,384,48,16,late_direction_flip,0.002,sequential,24,1.0,0.9999999727490023,6.603989955951656e-33,0
25,384,48,16,late_direction_flip,0.002,recency_first,24,1.0,0.9999999727490024,6.560841476647471e-33,0
25,384,48,16,late_direction_flip,0.002,attention_mass_desc,24,1.0,0.9999999727490024,5.781520068568317e-33,0
25,384,48,16,late_direction_flip,0.01,sequential,24,1.0,0.9999999727490023,6.603989955951656e-33,0
25,384,48,16,late_direction_flip,0.01,recency_first,24,1.0,0.9999999727490024,6.560841476647471e-33,0
25,384,48,16,late_direction_flip,0.01,attention_mass_desc,24,1.0,0.9999999727490024,5.781520068568317e-33,0
25,384,48,16,late_direction_flip,0.05,sequential,5,0.20833333333333334,0.9008084795758751,0.042440658983775616,1
25,384,48,16,late_direction_flip,0.05,recency_first,11,0.4583333333333333,-0.46351331695231,0.07244766814770405,1
25,384,48,16,late_direction_flip,0.05,attention_mass_desc,12,0.5,0.9980742321818421,0.0004763586270197969,1
26,384,48,16,front_loaded,0.002,sequential,24,1.0,0.9999999960835966,8.205665269304867e-32,0
26,384,48,16,front_loaded,0.002,recency_first,24,1.0,0.9999999960835964,5.788221953693805e-32,0
26,384,48,16,front_loaded,0.002,attention_mass_desc,24,1.0,0.9999999960835964,7.696898775662572e-32,0
26,384,48,16,front_loaded,0.01,sequential,8,0.3333333333333333,0.9999556433499321,0.01852255408497763,1
26,384,48,16,front_loaded,0.01,recency_first,24,1.0,0.9999999960835964,5.788221953693805e-32,0
26,384,48,16,front_loaded,0.01,attention_mass_desc,17,0.7083333333333334,0.9999964030594006,0.0009431631788248667,1
26,384,48,16,front_loaded,0.05,sequential,6,0.25,0.9999547021124907,0.023200749097760254,1
26,384,48,16,front_loaded,0.05,recency_first,24,1.0,0.9999999960835964,5.788221953693805e-32,0
26,384,48,16,front_loaded,0.05,attention_mass_desc,5,0.20833333333333334,0.9998839706541985,0.02581916663704915,1
26,384,48,16,tail_surprise,0.002,sequential,24,1.0,0.9999999901374768,1.175250631660217e-32,0
26,384,48,16,tail_surprise,0.002,recency_first,24,1.0,0.9999999901374768,2.5016686613418296e-32,0
26,384,48,16,tail_surprise,0.002,attention_mass_desc,24,1.0,0.999999990137477,2.346274185634877e-32,0
26,384,48,16,tail_surprise,0.01,sequential,24,1.0,0.9999999901374768,1.175250631660217e-32,0
26,384,48,16,tail_surprise,0.01,recency_first,7,0.2916666666666667,0.9998023540257486,0.0016025907684989243,1
26,384,48,16,tail_surprise,0.01,attention_mass_desc,11,0.4583333333333333,0.9999411714254482,0.0005669432127826439,1
26,384,48,16,tail_surprise,0.05,sequential,24,1.0,0.9999999901374768,1.175250631660217e-32,0
26,384,48,16,tail_surprise,0.05,recency_first,7,0.2916666666666667,0.9998023540257486,0.0016025907684989243,1
26,384,48,16,tail_surprise,0.05,attention_mass_desc,6,0.25,0.9998061980908086,0.001840820390343545,1
26,384,48,16,diffuse,0.002,sequential,24,1.0,0.9999999305957845,1.6683105616182746e-34,0
26,384,48,16,diffuse,0.002,recency_first,24,1.0,0.9999999305957845,1.985079350752675e-34,0
26,384,48,16,diffuse,0.002,attention_mass_desc,24,1.0,0.9999999305957845,2.60842441342122e-34,0
26,384,48,16,diffuse,0.01,sequential,24,1.0,0.9999999305957845,1.6683105616182746e-34,0
26,384,48,16,diffuse,0.01,recency_first,24,1.0,0.9999999305957845,1.985079350752675e-34,0
26,384,48,16,diffuse,0.01,attention_mass_desc,24,1.0,0.9999999305957845,2.60842441342122e-34,0
26,384,48,16,diffuse,0.05,sequential,24,1.0,0.9999999305957845,1.6683105616182746e-34,0
26,384,48,16,diffuse,0.05,recency_first,24,1.0,0.9999999305957845,1.985079350752675e-34,0
26,384,48,16,diffuse,0.05,attention_mass_desc,24,1.0,0.9999999305957845,2.60842441342122e-34,0
26,384,48,16,late_direction_flip,0.002,sequential,24,1.0,0.9999999550282035,2.1896726731453554e-33,0
26,384,48,16,late_direction_flip,0.002,recency_first,24,1.0,0.9999999550282034,1.985325959671691e-33,0
26,384,48,16,late_direction_flip,0.002,attention_mass_desc,24,1.0,0.9999999550282035,1.669145407502015e-33,0
26,384,48,16,late_direction_flip,0.01,sequential,24,1.0,0.9999999550282035,2.1896726731453554e-33,0
26,384,48,16,late_direction_flip,0.01,recency_first,24,1.0,0.9999999550282034,1.985325959671691e-33,0
26,384,48,16,late_direction_flip,0.01,attention_mass_desc,24,1.0,0.9999999550282035,1.669145407502015e-33,0
26,384,48,16,late_direction_flip,0.05,sequential,9,0.375,0.4139703494914022,0.041930199863918514,1
26,384,48,16,late_direction_flip,0.05,recency_first,8,0.3333333333333333,0.24484499622925643,0.04203006338872595,1
26,384,48,16,late_direction_flip,0.05,attention_mass_desc,16,0.6666666666666666,0.9964433557332012,8.23068550300505e-05,1
27,384,48,16,front_loaded,0.002,sequential,24,1.0,0.9999999963435378,2.0649636546205734e-31,0
27,384,48,16,front_loaded,0.002,recency_first,24,1.0,0.9999999963435378,2.075119925811678e-31,0
27,384,48,16,front_loaded,0.002,attention_mass_desc,24,1.0,0.9999999963435378,2.503186224548741e-31,0
27,384,48,16,front_loaded,0.01,sequential,9,0.375,0.9999652457985442,0.020862182738216162,1
27,384,48,16,front_loaded,0.01,recency_first,24,1.0,0.9999999963435378,2.075119925811678e-31,0
27,384,48,16,front_loaded,0.01,attention_mass_desc,14,0.5833333333333334,0.9999954648863244,0.003568011875979349,1
27,384,48,16,front_loaded,0.05,sequential,7,0.2916666666666667,0.9999648042401358,0.025797342885193798,1
27,384,48,16,front_loaded,0.05,recency_first,21,0.875,0.9993834796539076,0.0007846945267410126,1
27,384,48,16,front_loaded,0.05,attention_mass_desc,3,0.125,0.9998742602432213,0.04182114180304327,1
27,384,48,16,tail_surprise,0.002,sequential,24,1.0,0.9999999891502047,2.6406305096871867e-33,0
27,384,48,16,tail_surprise,0.002,recency_first,24,1.0,0.9999999891502047,5.221075708612272e-33,0
27,384,48,16,tail_surprise,0.002,attention_mass_desc,24,1.0,0.9999999891502047,5.670459362302627e-33,0
27,384,48,16,tail_surprise,0.01,sequential,24,1.0,0.9999999891502047,2.6406305096871867e-33,0
27,384,48,16,tail_surprise,0.01,recency_first,9,0.375,0.9998883931902542,0.0010344430404671577,1
27,384,48,16,tail_surprise,0.01,attention_mass_desc,12,0.5,0.99996077306122,0.00034023666541436944,1
27,384,48,16,tail_surprise,0.05,sequential,24,1.0,0.9999999891502047,2.6406305096871867e-33,0
27,384,48,16,tail_surprise,0.05,recency_first,4,0.16666666666666666,0.9974963549075182,0.002892077987427752,1
27,384,48,16,tail_surprise,0.05,attention_mass_desc,5,0.20833333333333334,0.9998063024341716,0.0017592436610791636,1
27,384,48,16,diffuse,0.002,sequential,24,1.0,0.99999991322526,2.2048943454098785e-34,0
27,384,48,16,diffuse,0.002,recency_first,24,1.0,0.9999999132252602,2.3540155995979424e-34,0
27,384,48,16,diffuse,0.002,attention_mass_desc,24,1.0,0.9999999132252602,2.3696986533951632e-34,0
27,384,48,16,diffuse,0.01,sequential,24,1.0,0.99999991322526,2.2048943454098785e-34,0
27,384,48,16,diffuse,0.01,recency_first,24,1.0,0.9999999132252602,2.3540155995979424e-34,0
27,384,48,16,diffuse,0.01,attention_mass_desc,24,1.0,0.9999999132252602,2.3696986533951632e-34,0
27,384,48,16,diffuse,0.05,sequential,24,1.0,0.99999991322526,2.2048943454098785e-34,0
27,384,48,16,diffuse,0.05,recency_first,24,1.0,0.9999999132252602,2.3540155995979424e-34,0
27,384,48,16,diffuse,0.05,attention_mass_desc,24,1.0,0.9999999132252602,2.3696986533951632e-34,0
27,384,48,16,late_direction_flip,0.002,sequential,24,1.0,0.999999971547175,2.451987176267226e-33,0
27,384,48,16,late_direction_flip,0.002,recency_first,24,1.0,0.999999971547175,2.3169620585027726e-33,0
27,384,48,16,late_direction_flip,0.002,attention_mass_desc,24,1.0,0.999999971547175,2.798997026944468e-33,0
27,384,48,16,late_direction_flip,0.01,sequential,24,1.0,0.999999971547175,2.451987176267226e-33,0
27,384,48,16,late_direction_flip,0.01,recency_first,24,1.0,0.999999971547175,2.3169620585027726e-33,0
27,384,48,16,late_direction_flip,0.01,attention_mass_desc,24,1.0,0.999999971547175,2.798997026944468e-33,0
27,384,48,16,late_direction_flip,0.05,sequential,9,0.375,-0.1515869282102697,0.0749156257411585,1
27,384,48,16,late_direction_flip,0.05,recency_first,8,0.3333333333333333,0.7780493971483482,0.047547339125180395,1
27,384,48,16,late_direction_flip,0.05,attention_mass_desc,14,0.5833333333333334,0.9990720874861039,0.00016719676995165188,1
28,384,48,16,front_loaded,0.002,sequential,24,1.0,0.9999999958534687,1.01659008408265e-31,0
28,384,48,16,front_loaded,0.002,recency_first,24,1.0,0.9999999958534688,1.1741451967727037e-31,0
28,384,48,16,front_loaded,0.002,attention_mass_desc,24,1.0,0.9999999958534689,1.0165324064931698e-31,0
28,384,48,16,front_loaded,0.01,sequential,7,0.2916666666666667,0.9999697381844987,0.010633177200935004,1
28,384,48,16,front_loaded,0.01,recency_first,24,1.0,0.9999999958534688,1.1741451967727037e-31,0
28,384,48,16,front_loaded,0.01,attention_mass_desc,10,0.4166666666666667,0.9999884004763888,0.004799159585456952,1
28,384,48,16,front_loaded,0.05,sequential,7,0.2916666666666667,0.9999697381844987,0.010633177200935004,1
28,384,48,16,front_loaded,0.05,recency_first,24,1.0,0.9999999958534688,1.1741451967727037e-31,1
28,384,48,16,front_loaded,0.05,attention_mass_desc,5,0.20833333333333334,0.9998386664273139,0.013236104278521418,1
28,384,48,16,tail_surprise,0.002,sequential,24,1.0,0.9999999914546491,1.3745384582583238e-32,0
28,384,48,16,tail_surprise,0.002,recency_first,24,1.0,0.9999999914546492,1.6264206449323717e-32,0
28,384,48,16,tail_surprise,0.002,attention_mass_desc,24,1.0,0.9999999914546492,1.980206828710654e-32,0
28,384,48,16,tail_surprise,0.01,sequential,24,1.0,0.9999999914546491,1.3745384582583238e-32,0
28,384,48,16,tail_surprise,0.01,recency_first,7,0.2916666666666667,0.9999778723415188,0.0006386000835361925,1
28,384,48,16,tail_surprise,0.01,attention_mass_desc,7,0.2916666666666667,0.9999845153114797,0.0005483648093330275,1
28,384,48,16,tail_surprise,0.05,sequential,20,0.8333333333333334,0.950491522965818,0.023481358079252734,1
28,384,48,16,tail_surprise,0.05,recency_first,5,0.20833333333333334,0.7487354388433876,0.05257895576799212,1
28,384,48,16,tail_surprise,0.05,attention_mass_desc,6,0.25,0.9999774271559337,0.0007038625568915902,1
28,384,48,16,diffuse,0.002,sequential,24,1.0,0.9999999108682519,1.478441285548269e-34,0
28,384,48,16,diffuse,0.002,recency_first,24,1.0,0.999999910868252,1.402757204217904e-34,0
28,384,48,16,diffuse,0.002,attention_mass_desc,24,1.0,0.9999999108682519,1.3450355336994014e-34,0
28,384,48,16,diffuse,0.01,sequential,24,1.0,0.9999999108682519,1.478441285548269e-34,0
28,384,48,16,diffuse,0.01,recency_first,24,1.0,0.999999910868252,1.402757204217904e-34,0
28,384,48,16,diffuse,0.01,attention_mass_desc,24,1.0,0.9999999108682519,1.3450355336994014e-34,0
28,384,48,16,diffuse,0.05,sequential,24,1.0,0.9999999108682519,1.478441285548269e-34,0
28,384,48,16,diffuse,0.05,recency_first,24,1.0,0.999999910868252,1.402757204217904e-34,0
28,384,48,16,diffuse,0.05,attention_mass_desc,24,1.0,0.9999999108682519,1.3450355336994014e-34,0
28,384,48,16,late_direction_flip,0.002,sequential,24,1.0,0.9999999681729188,4.8136963863913e-33,0
28,384,48,16,late_direction_flip,0.002,recency_first,24,1.0,0.9999999681729187,4.8540432708260237e-33,0
28,384,48,16,late_direction_flip,0.002,attention_mass_desc,24,1.0,0.9999999681729187,4.754576857173945e-33,0
28,384,48,16,late_direction_flip,0.01,sequential,24,1.0,0.9999999681729188,4.8136963863913e-33,0
28,384,48,16,late_direction_flip,0.01,recency_first,24,1.0,0.9999999681729187,4.8540432708260237e-33,0
28,384,48,16,late_direction_flip,0.01,attention_mass_desc,24,1.0,0.9999999681729187,4.754576857173945e-33,0
28,384,48,16,late_direction_flip,0.05,sequential,9,0.375,0.8018480558946732,0.04083351382366684,1
28,384,48,16,late_direction_flip,0.05,recency_first,10,0.4166666666666667,-0.2816095141522896,0.07117849924750007,1
28,384,48,16,late_direction_flip,0.05,attention_mass_desc,12,0.5,0.9960661116396669,0.0006101955905695281,1
29,384,48,16,front_loaded,0.002,sequential,24,1.0,0.9999999966024883,1.9589114946848673e-31,0
29,384,48,16,front_loaded,0.002,recency_first,24,1.0,0.9999999966024882,1.104641193727604e-31,0
29,384,48,16,front_loaded,0.002,attention_mass_desc,24,1.0,0.999999996602488,1.5371428677491897e-31,0
29,384,48,16,front_loaded,0.01,sequential,10,0.4166666666666667,0.9999428327893933,0.024246977739999443,1
29,384,48,16,front_loaded,0.01,recency_first,23,0.9583333333333334,0.9982391522813575,0.004441693411267785,1
29,384,48,16,front_loaded,0.01,attention_mass_desc,16,0.6666666666666666,0.9999948715372499,0.0030751776313558583,1
29,384,48,16,front_loaded,0.05,sequential,2,0.08333333333333333,0.9775179248335555,0.08098453069125416,1
29,384,48,16,front_loaded,0.05,recency_first,21,0.875,0.9897777730131305,0.05452220759463566,1
29,384,48,16,front_loaded,0.05,attention_mass_desc,4,0.16666666666666666,0.9998092513041723,0.05329505681063096,1
29,384,48,16,tail_surprise,0.002,sequential,24,1.0,0.9999999904236887,4.745647018422198e-33,0
29,384,48,16,tail_surprise,0.002,recency_first,24,1.0,0.9999999904236886,1.2077832214821244e-32,0
29,384,48,16,tail_surprise,0.002,attention_mass_desc,24,1.0,0.9999999904236886,1.1511886541303351e-32,0
29,384,48,16,tail_surprise,0.01,sequential,24,1.0,0.9999999904236887,4.745647018422198e-33,0
29,384,48,16,tail_surprise,0.01,recency_first,5,0.20833333333333334,0.9979373758392228,0.0015835356446598648,1
29,384,48,16,tail_surprise,0.01,attention_mass_desc,6,0.25,0.9999735273779387,0.0005085359797702273,1
29,384,48,16,tail_surprise,0.05,sequential,22,0.9166666666666666,0.965938457204153,0.00822980699109691,1
29,384,48,16,tail_surprise,0.05,recency_first,5,0.20833333333333334,0.9979373758392228,0.0015835356446598648,1
29,384,48,16,tail_surprise,0.05,attention_mass_desc,5,0.20833333333333334,0.9999492175640246,0.0006291801467032534,1
29,384,48,16,diffuse,0.002,sequential,24,1.0,0.9999999293217795,1.2153044261701356e-34,0
29,384,48,16,diffuse,0.002,recency_first,24,1.0,0.9999999293217794,2.9127574519025462e-34,0
29,384,48,16,diffuse,0.002,attention_mass_desc,24,1.0,0.9999999293217794,4.4213575143890994e-34,0
29,384,48,16,diffuse,0.01,sequential,24,1.0,0.9999999293217795,1.2153044261701356e-34,0
29,384,48,16,diffuse,0.01,recency_first,24,1.0,0.9999999293217794,2.9127574519025462e-34,0
29,384,48,16,diffuse,0.01,attention_mass_desc,24,1.0,0.9999999293217794,4.4213575143890994e-34,0
29,384,48,16,diffuse,0.05,sequential,24,1.0,0.9999999293217795,1.2153044261701356e-34,0
29,384,48,16,diffuse,0.05,recency_first,24,1.0,0.9999999293217794,2.9127574519025462e-34,0
29,384,48,16,diffuse,0.05,attention_mass_desc,24,1.0,0.9999999293217794,4.4213575143890994e-34,0
29,384,48,16,late_direction_flip,0.002,sequential,24,1.0,0.999999981431441,1.0458608338136056e-33,0
29,384,48,16,late_direction_flip,0.002,recency_first,24,1.0,0.9999999814314412,2.7993692668222284e-33,0
29,384,48,16,late_direction_flip,0.002,attention_mass_desc,24,1.0,0.999999981431441,2.070186611120147e-33,0
29,384,48,16,late_direction_flip,0.01,sequential,24,1.0,0.999999981431441,1.0458608338136056e-33,0
29,384,48,16,late_direction_flip,0.01,recency_first,24,1.0,0.9999999814314412,2.7993692668222284e-33,0
29,384,48,16,late_direction_flip,0.01,attention_mass_desc,23,0.9583333333333334,0.9999844379610456,2.075977958951775e-06,1
29,384,48,16,late_direction_flip,0.05,sequential,8,0.3333333333333333,-0.23352672109085373,0.11184978687703732,1
29,384,48,16,late_direction_flip,0.05,recency_first,4,0.16666666666666666,0.9165566305150403,0.04233518783679761,1
29,384,48,16,late_direction_flip,0.05,attention_mass_desc,11,0.4583333333333333,0.9986596082211825,0.0007291937521599388,1
30,384,48,16,front_loaded,0.002,sequential,24,1.0,0.9999999962956156,1.8126636972542434e-31,0
30,384,48,16,front_loaded,0.002,recency_first,24,1.0,0.9999999962956156,1.3496455629549905e-31,0
30,384,48,16,front_loaded,0.002,attention_mass_desc,24,1.0,0.9999999962956154,1.835451360541544e-31,0
30,384,48,16,front_loaded,0.01,sequential,7,0.2916666666666667,0.9999795247659853,0.011126663030983674,1
30,384,48,16,front_loaded,0.01,recency_first,24,1.0,0.9999999962956156,1.3496455629549905e-31,0
30,384,48,16,front_loaded,0.01,attention_mass_desc,10,0.4166666666666667,0.9999911863230304,0.005390425782251304,1
30,384,48,16,front_loaded,0.05,sequential,7,0.2916666666666667,0.9999795247659853,0.011126663030983674,1
30,384,48,16,front_loaded,0.05,recency_first,23,0.9583333333333334,0.9986962096992452,0.0015940793135399542,1
30,384,48,16,front_loaded,0.05,attention_mass_desc,6,0.25,0.9999769316777274,0.013038401492165235,1
30,384,48,16,tail_surprise,0.002,sequential,24,1.0,0.9999999903434054,4.05705418265401e-33,0
30,384,48,16,tail_surprise,0.002,recency_first,24,1.0,0.9999999903434054,6.158336537667909e-33,0
30,384,48,16,tail_surprise,0.002,attention_mass_desc,24,1.0,0.9999999903434054,9.363455107877969e-33,0
30,384,48,16,tail_surprise,0.01,sequential,24,1.0,0.9999999903434054,4.05705418265401e-33,0
30,384,48,16,tail_surprise,0.01,recency_first,7,0.2916666666666667,0.9998902919998308,0.0013411225085857787,1
30,384,48,16,tail_surprise,0.01,attention_mass_desc,9,0.375,0.9999148824674821,0.0008704293266460257,1
30,384,48,16,tail_surprise,0.05,sequential,24,1.0,0.9999999903434054,4.05705418265401e-33,0
30,384,48,16,tail_surprise,0.05,recency_first,5,0.20833333333333334,0.9978203158348777,0.0024909556452058757,1
30,384,48,16,tail_surprise,0.05,attention_mass_desc,5,0.20833333333333334,0.9996793261399017,0.0018793187228942374,1
30,384,48,16,diffuse,0.002,sequential,24,1.0,0.9999999277844391,2.5165650400342278e-34,0
30,384,48,16,diffuse,0.002,recency_first,24,1.0,0.9999999277844394,2.736027539445345e-34,0
30,384,48,16,diffuse,0.002,attention_mass_desc,24,1.0,0.9999999277844391,4.939664963031141e-34,0
30,384,48,16,diffuse,0.01,sequential,24,1.0,0.9999999277844391,2.5165650400342278e-34,0
30,384,48,16,diffuse,0.01,recency_first,24,1.0,0.9999999277844394,2.736027539445345e-34,0
30,384,48,16,diffuse,0.01,attention_mass_desc,24,1.0,0.9999999277844391,4.939664963031141e-34,0
30,384,48,16,diffuse,0.05,sequential,24,1.0,0.9999999277844391,2.5165650400342278e-34,0
30,384,48,16,diffuse,0.05,recency_first,24,1.0,0.9999999277844394,2.736027539445345e-34,0
30,384,48,16,diffuse,0.05,attention_mass_desc,24,1.0,0.9999999277844391,4.939664963031141e-34,0
30,384,48,16,late_direction_flip,0.002,sequential,24,1.0,0.9999999772722602,4.234018000119926e-33,0
30,384,48,16,late_direction_flip,0.002,recency_first,24,1.0,0.9999999772722602,4.8249517448004236e-33,0
30,384,48,16,late_direction_flip,0.002,attention_mass_desc,24,1.0,0.9999999772722601,5.027770560512676e-33,0
30,384,48,16,late_direction_flip,0.01,sequential,24,1.0,0.9999999772722602,4.234018000119926e-33,0
30,384,48,16,late_direction_flip,0.01,recency_first,24,1.0,0.9999999772722602,4.8249517448004236e-33,0
30,384,48,16,late_direction_flip,0.01,attention_mass_desc,24,1.0,0.9999999772722601,5.027770560512676e-33,0
30,384,48,16,late_direction_flip,0.05,sequential,8,0.3333333333333333,0.9190015498140526,0.0310386240645078,1
30,384,48,16,late_direction_flip,0.05,recency_first,5,0.20833333333333334,-0.4102042778873828,0.1164417873365002,1
30,384,48,16,late_direction_flip,0.05,attention_mass_desc,10,0.4166666666666667,0.9977050904263949,0.0008334129626089383,1
31,384,48,16,front_loaded,0.002,sequential,24,1.0,0.9999999965059961,3.1310630530385766e-31,0
31,384,48,16,front_loaded,0.002,recency_first,24,1.0,0.9999999965059961,2.070685647655216e-31,0
31,384,48,16,front_loaded,0.002,attention_mass_desc,24,1.0,0.9999999965059961,3.352163823008282e-31,0
31,384,48,16,front_loaded,0.01,sequential,8,0.3333333333333333,0.9999837902349786,0.01437113806330404,1
31,384,48,16,front_loaded,0.01,recency_first,24,1.0,0.9999999965059961,2.070685647655216e-31,0
31,384,48,16,front_loaded,0.01,attention_mass_desc,13,0.5416666666666666,0.9999937342361175,0.0034926544059527775,1
31,384,48,16,front_loaded,0.05,sequential,7,0.2916666666666667,0.9999836687990151,0.016488741156288636,1
31,384,48,16,front_loaded,0.05,recency_first,22,0.9166666666666666,0.9974898495211496,0.003422684758254284,1
31,384,48,16,front_loaded,0.05,attention_mass_desc,5,0.20833333333333334,0.9999825437372567,0.022027318701475812,1
31,384,48,16,tail_surprise,0.002,sequential,24,1.0,0.9999999889923198,1.6894518275178134e-33,0
31,384,48,16,tail_surprise,0.002,recency_first,24,1.0,0.9999999889923198,4.298485049054897e-33,0
31,384,48,16,tail_surprise,0.002,attention_mass_desc,24,1.0,0.9999999889923198,3.463915406487095e-33,0
31,384,48,16,tail_surprise,0.01,sequential,24,1.0,0.9999999889923198,1.6894518275178134e-33,0
31,384,48,16,tail_surprise,0.01,recency_first,7,0.2916666666666667,0.9998655331226349,0.001351763948368583,1
31,384,48,16,tail_surprise,0.01,attention_mass_desc,13,0.5416666666666666,0.999957662937317,0.0002493961334838585,1
31,384,48,16,tail_surprise,0.05,sequential,20,0.8333333333333334,0.7108415338463052,0.04386902462839159,1
31,384,48,16,tail_surprise,0.05,recency_first,5,0.20833333333333334,0.9373470235971298,0.012536994849252118,1
31,384,48,16,tail_surprise,0.05,attention_mass_desc,6,0.25,0.9998722300981825,0.0013994789541004193,1
31,384,48,16,diffuse,0.002,sequential,24,1.0,0.9999999070146902,2.0953658225620887e-34,0
31,384,48,16,diffuse,0.002,recency_first,24,1.0,0.9999999070146902,1.7628601028060551e-34,0
31,384,48,16,diffuse,0.002,attention_mass_desc,24,1.0,0.9999999070146902,2.0473248378119204e-34,0
31,384,48,16,diffuse,0.01,sequential,24,1.0,0.9999999070146902,2.0953658225620887e-34,0
31,384,48,16,diffuse,0.01,recency_first,24,1.0,0.9999999070146902,1.7628601028060551e-34,0
31,384,48,16,diffuse,0.01,attention_mass_desc,24,1.0,0.9999999070146902,2.0473248378119204e-34,0
31,384,48,16,diffuse,0.05,sequential,24,1.0,0.9999999070146902,2.0953658225620887e-34,0
31,384,48,16,diffuse,0.05,recency_first,24,1.0,0.9999999070146902,1.7628601028060551e-34,0
31,384,48,16,diffuse,0.05,attention_mass_desc,24,1.0,0.9999999070146902,2.0473248378119204e-34,0
31,384,48,16,late_direction_flip,0.002,sequential,24,1.0,0.9999999721858721,2.8912145587664765e-33,0
31,384,48,16,late_direction_flip,0.002,recency_first,24,1.0,0.9999999721858723,3.6886072333322724e-33,0
31,384,48,16,late_direction_flip,0.002,attention_mass_desc,24,1.0,0.9999999721858721,3.241167063635277e-33,0
31,384,48,16,late_direction_flip,0.01,sequential,13,0.5416666666666666,0.5796485068213966,0.04949194760952449,1
31,384,48,16,late_direction_flip,0.01,recency_first,12,0.5,0.1484228853358106,0.07646648327701021,1
31,384,48,16,late_direction_flip,0.01,attention_mass_desc,20,0.8333333333333334,0.9998951609082325,6.005521687761357e-06,1
31,384,48,16,late_direction_flip,0.05,sequential,9,0.375,0.5810774072076474,0.055980913399023814,1
31,384,48,16,late_direction_flip,0.05,recency_first,8,0.3333333333333333,0.1417839525286782,0.08822364551284508,1
31,384,48,16,late_direction_flip,0.05,attention_mass_desc,11,0.4583333333333333,0.9988088836172365,0.0002167269638666049,1
