seed,regime,branches,policy,threshold,cache_compute_fraction,verify_compute_fraction,total_compute_fraction,implied_speedup,share_error_rate,early_exit_error_rate,total_error_rate,utility
0,clean_clusters,18,no_share_no_exit,0.72,1.0,1.0,1.0,1.0,0.0,0.0,0.0,1.0
0,clean_clusters,18,exact_prefix_only,0.72,0.3333333333333333,1.0,0.6333333333333333,1.5789473684210527,0.0,0.0,0.0,1.5789473684210527
0,clean_clusters,18,similarity_share,0.72,0.16666666666666666,1.0,0.5416666666666667,1.8461538461538458,0.0,0.0,0.0,1.8461538461538458
0,clean_clusters,18,conservative_share,0.72,0.3333333333333333,1.0,0.6333333333333333,1.5789473684210527,0.0,0.0,0.0,1.5789473684210527
0,clean_clusters,18,sim_share_conf_exit,0.72,0.16666666666666666,0.8194444444444444,0.4604166666666667,2.171945701357466,0.0,0.0,0.0,2.171945701357466
0,clean_clusters,18,sim_share_entropy_exit,0.72,0.16666666666666666,0.8680555555555556,0.4822916666666667,2.073434125269978,0.0,0.0,0.0,2.073434125269978
0,clean_clusters,18,oracle_cluster_exit,0.72,0.16666666666666666,0.3844444444444444,0.26466666666666666,3.7783375314861463,0.0,0.0,0.0,3.7783375314861463
0,clean_clusters,18,no_share_no_exit,0.82,1.0,1.0,1.0,1.0,0.0,0.0,0.0,1.0
0,clean_clusters,18,exact_prefix_only,0.82,0.3333333333333333,1.0,0.6333333333333333,1.5789473684210527,0.0,0.0,0.0,1.5789473684210527
0,clean_clusters,18,similarity_share,0.82,0.2222222222222222,1.0,0.5722222222222222,1.7475728155339807,0.0,0.0,0.0,1.7475728155339807
0,clean_clusters,18,conservative_share,0.82,0.6111111111111112,1.0,0.7861111111111112,1.2720848056537102,0.0,0.0,0.0,1.2720848056537102
0,clean_clusters,18,sim_share_conf_exit,0.82,0.2222222222222222,0.8194444444444444,0.49097222222222225,2.0367751060820365,0.0,0.0,0.0,2.0367751060820365
0,clean_clusters,18,sim_share_entropy_exit,0.82,0.2222222222222222,0.8680555555555556,0.5128472222222222,1.949898442789438,0.0,0.0,0.0,1.949898442789438
0,clean_clusters,18,oracle_cluster_exit,0.82,0.16666666666666666,0.3844444444444444,0.26466666666666666,3.7783375314861463,0.0,0.0,0.0,3.7783375314861463
0,clean_clusters,18,no_share_no_exit,0.9,1.0,1.0,1.0,1.0,0.0,0.0,0.0,1.0
0,clean_clusters,18,exact_prefix_only,0.9,0.3333333333333333,1.0,0.6333333333333333,1.5789473684210527,0.0,0.0,0.0,1.5789473684210527
0,clean_clusters,18,similarity_share,0.9,0.5555555555555556,1.0,0.7555555555555555,1.3235294117647058,0.0,0.0,0.0,1.3235294117647058
0,clean_clusters,18,conservative_share,0.9,1.0,1.0,1.0,1.0,0.0,0.0,0.0,1.0
0,clean_clusters,18,sim_share_conf_exit,0.9,0.5555555555555556,0.8194444444444444,0.6743055555555556,1.4830072090628217,0.0,0.0,0.0,1.4830072090628217
0,clean_clusters,18,sim_share_entropy_exit,0.9,0.5555555555555556,0.8680555555555556,0.6961805555555556,1.4364089775561097,0.0,0.0,0.0,1.4364089775561097
0,clean_clusters,18,oracle_cluster_exit,0.9,0.16666666666666666,0.3844444444444444,0.26466666666666666,3.7783375314861463,0.0,0.0,0.0,3.7783375314861463
0,near_miss_branches,18,no_share_no_exit,0.72,1.0,1.0,1.0,1.0,0.0,0.0,0.0,1.0
0,near_miss_branches,18,exact_prefix_only,0.72,1.0,1.0,1.0,1.0,0.0,0.0,0.0,1.0
0,near_miss_branches,18,similarity_share,0.72,0.9444444444444444,1.0,0.9694444444444446,1.0315186246418337,0.0,0.0,0.0,1.0315186246418337
0,near_miss_branches,18,conservative_share,0.72,1.0,1.0,1.0,1.0,0.0,0.0,0.0,1.0
0,near_miss_branches,18,sim_share_conf_exit,0.72,0.9444444444444444,0.8555555555555555,0.9044444444444445,1.1056511056511056,0.0,0.0,0.0,1.1056511056511056
0,near_miss_branches,18,sim_share_entropy_exit,0.72,0.9444444444444444,0.9201388888888888,0.9335069444444445,1.071229310024177,0.0,0.05555555555555555,0.05555555555555555,0.6267848655797326
0,near_miss_branches,18,oracle_cluster_exit,0.72,0.16666666666666666,0.3844444444444444,0.26466666666666666,3.7783375314861463,0.0,0.0,0.0,3.7783375314861463
0,near_miss_branches,18,no_share_no_exit,0.82,1.0,1.0,1.0,1.0,0.0,0.0,0.0,1.0
0,near_miss_branches,18,exact_prefix_only,0.82,1.0,1.0,1.0,1.0,0.0,0.0,0.0,1.0
0,near_miss_branches,18,similarity_share,0.82,1.0,1.0,1.0,1.0,0.0,0.0,0.0,1.0
0,near_miss_branches,18,conservative_share,0.82,1.0,1.0,1.0,1.0,0.0,0.0,0.0,1.0
0,near_miss_branches,18,sim_share_conf_exit,0.82,1.0,0.8555555555555555,0.935,1.06951871657754,0.0,0.0,0.0,1.06951871657754
0,near_miss_branches,18,sim_share_entropy_exit,0.82,1.0,0.9201388888888888,0.9640625,1.0372771474878444,0.0,0.05555555555555555,0.05555555555555555,0.5928327030434
0,near_miss_branches,18,oracle_cluster_exit,0.82,0.16666666666666666,0.3844444444444444,0.26466666666666666,3.7783375314861463,0.0,0.0,0.0,3.7783375314861463
0,near_miss_branches,18,no_share_no_exit,0.9,1.0,1.0,1.0,1.0,0.0,0.0,0.0,1.0
0,near_miss_branches,18,exact_prefix_only,0.9,1.0,1.0,1.0,1.0,0.0,0.0,0.0,1.0
0,near_miss_branches,18,similarity_share,0.9,1.0,1.0,1.0,1.0,0.0,0.0,0.0,1.0
0,near_miss_branches,18,conservative_share,0.9,1.0,1.0,1.0,1.0,0.0,0.0,0.0,1.0
0,near_miss_branches,18,sim_share_conf_exit,0.9,1.0,0.8555555555555555,0.935,1.06951871657754,0.0,0.0,0.0,1.06951871657754
0,near_miss_branches,18,sim_share_entropy_exit,0.9,1.0,0.9201388888888888,0.9640625,1.0372771474878444,0.0,0.05555555555555555,0.05555555555555555,0.5928327030434
0,near_miss_branches,18,oracle_cluster_exit,0.9,0.16666666666666666,0.3844444444444444,0.26466666666666666,3.7783375314861463,0.0,0.0,0.0,3.7783375314861463
0,late_divergence,18,no_share_no_exit,0.72,1.0,1.0,1.0,1.0,0.0,0.0,0.0,1.0
0,late_divergence,18,exact_prefix_only,0.72,1.0,1.0,1.0,1.0,0.0,0.0,0.0,1.0
0,late_divergence,18,similarity_share,0.72,0.3888888888888889,1.0,0.663888888888889,1.5062761506276148,0.0,0.0,0.0,1.5062761506276148
0,late_divergence,18,conservative_share,0.72,1.0,1.0,1.0,1.0,0.0,0.0,0.0,1.0
0,late_divergence,18,sim_share_conf_exit,0.72,0.3888888888888889,0.8555555555555555,0.5988888888888889,1.6697588126159555,0.0,0.0,0.0,1.6697588126159555
0,late_divergence,18,sim_share_entropy_exit,0.72,0.3888888888888889,0.7013888888888888,0.5295138888888888,1.8885245901639347,0.0,0.1111111111111111,0.1111111111111111,0.9996357012750459
0,late_divergence,18,oracle_cluster_exit,0.72,0.16666666666666666,0.3844444444444444,0.26466666666666666,3.7783375314861463,0.0,0.0,0.0,3.7783375314861463
0,late_divergence,18,no_share_no_exit,0.82,1.0,1.0,1.0,1.0,0.0,0.0,0.0,1.0
0,late_divergence,18,exact_prefix_only,0.82,1.0,1.0,1.0,1.0,0.0,0.0,0.0,1.0
0,late_divergence,18,similarity_share,0.82,0.6111111111111112,1.0,0.7861111111111112,1.2720848056537102,0.0,0.0,0.0,1.2720848056537102
0,late_divergence,18,conservative_share,0.82,1.0,1.0,1.0,1.0,0.0,0.0,0.0,1.0
0,late_divergence,18,sim_share_conf_exit,0.82,0.6111111111111112,0.8555555555555555,0.7211111111111111,1.386748844375963,0.0,0.0,0.0,1.386748844375963
0,late_divergence,18,sim_share_entropy_exit,0.82,0.6111111111111112,0.7013888888888888,0.6517361111111111,1.534363345764518,0.0,0.1111111111111111,0.1111111111111111,0.6454744568756292
0,late_divergence,18,oracle_cluster_exit,0.82,0.16666666666666666,0.3844444444444444,0.26466666666666666,3.7783375314861463,0.0,0.0,0.0,3.7783375314861463
0,late_divergence,18,no_share_no_exit,0.9,1.0,1.0,1.0,1.0,0.0,0.0,0.0,1.0
0,late_divergence,18,exact_prefix_only,0.9,1.0,1.0,1.0,1.0,0.0,0.0,0.0,1.0
0,late_divergence,18,similarity_share,0.9,1.0,1.0,1.0,1.0,0.0,0.0,0.0,1.0
0,late_divergence,18,conservative_share,0.9,1.0,1.0,1.0,1.0,0.0,0.0,0.0,1.0
0,late_divergence,18,sim_share_conf_exit,0.9,1.0,0.8555555555555555,0.935,1.06951871657754,0.0,0.0,0.0,1.06951871657754
0,late_divergence,18,sim_share_entropy_exit,0.9,1.0,0.7013888888888888,0.8656250000000001,1.1552346570397112,0.0,0.1111111111111111,0.1111111111111111,0.26634576815082234
0,late_divergence,18,oracle_cluster_exit,0.9,0.16666666666666666,0.3844444444444444,0.26466666666666666,3.7783375314861463,0.0,0.0,0.0,3.7783375314861463
0,confidence_trap,18,no_share_no_exit,0.72,1.0,1.0,1.0,1.0,0.0,0.0,0.0,1.0
0,confidence_trap,18,exact_prefix_only,0.72,0.3333333333333333,1.0,0.6333333333333333,1.5789473684210527,0.0,0.0,0.0,1.5789473684210527
0,confidence_trap,18,similarity_share,0.72,0.2777777777777778,1.0,0.6027777777777779,1.658986175115207,0.0,0.0,0.0,1.658986175115207
0,confidence_trap,18,conservative_share,0.72,0.5555555555555556,1.0,0.7555555555555555,1.3235294117647058,0.0,0.0,0.0,1.3235294117647058
0,confidence_trap,18,sim_share_conf_exit,0.72,0.2777777777777778,0.7111111111111111,0.4727777777777778,2.115158636897767,0.0,0.2222222222222222,0.2222222222222222,0.3373808591199894
0,confidence_trap,18,sim_share_entropy_exit,0.72,0.2777777777777778,0.9340277777777778,0.5730902777777778,1.7449257800666464,0.0,0.05555555555555555,0.05555555555555555,1.300481335622202
0,confidence_trap,18,oracle_cluster_exit,0.72,0.16666666666666666,0.5133333333333333,0.32266666666666666,3.0991735537190084,0.0,0.0,0.0,3.0991735537190084
0,confidence_trap,18,no_share_no_exit,0.82,1.0,1.0,1.0,1.0,0.0,0.0,0.0,1.0
0,confidence_trap,18,exact_prefix_only,0.82,0.3333333333333333,1.0,0.6333333333333333,1.5789473684210527,0.0,0.0,0.0,1.5789473684210527
0,confidence_trap,18,similarity_share,0.82,0.6111111111111112,1.0,0.7861111111111112,1.2720848056537102,0.0,0.0,0.0,1.2720848056537102
0,confidence_trap,18,conservative_share,0.82,1.0,1.0,1.0,1.0,0.0,0.0,0.0,1.0
0,confidence_trap,18,sim_share_conf_exit,0.82,0.6111111111111112,0.7111111111111111,0.6561111111111111,1.5241320914479255,0.0,0.2222222222222222,0.2222222222222222,-0.2536456863298522
0,confidence_trap,18,sim_share_entropy_exit,0.82,0.6111111111111112,0.9340277777777778,0.7564236111111111,1.322010557723204,0.0,0.05555555555555555,0.05555555555555555,0.8775661132787596
0,confidence_trap,18,oracle_cluster_exit,0.82,0.16666666666666666,0.5133333333333333,0.32266666666666666,3.0991735537190084,0.0,0.0,0.0,3.0991735537190084
0,confidence_trap,18,no_share_no_exit,0.9,1.0,1.0,1.0,1.0,0.0,0.0,0.0,1.0
0,confidence_trap,18,exact_prefix_only,0.9,0.3333333333333333,1.0,0.6333333333333333,1.5789473684210527,0.0,0.0,0.0,1.5789473684210527
0,confidence_trap,18,similarity_share,0.9,1.0,1.0,1.0,1.0,0.0,0.0,0.0,1.0
0,confidence_trap,18,conservative_share,0.9,1.0,1.0,1.0,1.0,0.0,0.0,0.0,1.0
0,confidence_trap,18,sim_share_conf_exit,0.9,1.0,0.7111111111111111,0.8700000000000001,1.1494252873563218,0.0,0.2222222222222222,0.2222222222222222,-0.6283524904214559
0,confidence_trap,18,sim_share_entropy_exit,0.9,1.0,0.9340277777777778,0.9703125000000001,1.0305958132045088,0.0,0.05555555555555555,0.05555555555555555,0.5861513687600644
0,confidence_trap,18,oracle_cluster_exit,0.9,0.16666666666666666,0.5133333333333333,0.32266666666666666,3.0991735537190084,0.0,0.0,0.0,3.0991735537190084
0,many_small_clusters,18,no_share_no_exit,0.72,1.0,1.0,1.0,1.0,0.0,0.0,0.0,1.0
0,many_small_clusters,18,exact_prefix_only,0.72,0.7777777777777778,1.0,0.8777777777777778,1.139240506329114,0.0,0.0,0.0,1.139240506329114
0,many_small_clusters,18,similarity_share,0.72,0.7777777777777778,1.0,0.8777777777777778,1.139240506329114,0.0,0.0,0.0,1.139240506329114
0,many_small_clusters,18,conservative_share,0.72,0.9444444444444444,1.0,0.9694444444444446,1.0315186246418337,0.0,0.0,0.0,1.0315186246418337
0,many_small_clusters,18,sim_share_conf_exit,0.72,0.7777777777777778,0.8555555555555556,0.8127777777777778,1.2303485987696514,0.0,0.0,0.0,1.2303485987696514
0,many_small_clusters,18,sim_share_entropy_exit,0.72,0.7777777777777778,0.8819444444444444,0.8246527777777778,1.2126315789473685,0.0,0.0,0.0,1.2126315789473685
0,many_small_clusters,18,oracle_cluster_exit,0.72,0.5,0.3844444444444445,0.44800000000000006,2.2321428571428568,0.0,0.0,0.0,2.2321428571428568
0,many_small_clusters,18,no_share_no_exit,0.82,1.0,1.0,1.0,1.0,0.0,0.0,0.0,1.0
0,many_small_clusters,18,exact_prefix_only,0.82,0.7777777777777778,1.0,0.8777777777777778,1.139240506329114,0.0,0.0,0.0,1.139240506329114
0,many_small_clusters,18,similarity_share,0.82,0.8888888888888888,1.0,0.9388888888888889,1.0650887573964498,0.0,0.0,0.0,1.0650887573964498
0,many_small_clusters,18,conservative_share,0.82,1.0,1.0,1.0,1.0,0.0,0.0,0.0,1.0
0,many_small_clusters,18,sim_share_conf_exit,0.82,0.8888888888888888,0.8555555555555556,0.8738888888888889,1.144310235219326,0.0,0.0,0.0,1.144310235219326
0,many_small_clusters,18,sim_share_entropy_exit,0.82,0.8888888888888888,0.8819444444444444,0.8857638888888889,1.128969031752254,0.0,0.0,0.0,1.128969031752254
0,many_small_clusters,18,oracle_cluster_exit,0.82,0.5,0.3844444444444445,0.44800000000000006,2.2321428571428568,0.0,0.0,0.0,2.2321428571428568
0,many_small_clusters,18,no_share_no_exit,0.9,1.0,1.0,1.0,1.0,0.0,0.0,0.0,1.0
0,many_small_clusters,18,exact_prefix_only,0.9,0.7777777777777778,1.0,0.8777777777777778,1.139240506329114,0.0,0.0,0.0,1.139240506329114
0,many_small_clusters,18,similarity_share,0.9,1.0,1.0,1.0,1.0,0.0,0.0,0.0,1.0
0,many_small_clusters,18,conservative_share,0.9,1.0,1.0,1.0,1.0,0.0,0.0,0.0,1.0
0,many_small_clusters,18,sim_share_conf_exit,0.9,1.0,0.8555555555555556,0.935,1.06951871657754,0.0,0.0,0.0,1.06951871657754
0,many_small_clusters,18,sim_share_entropy_exit,0.9,1.0,0.8819444444444444,0.946875,1.056105610561056,0.0,0.0,0.0,1.056105610561056
0,many_small_clusters,18,oracle_cluster_exit,0.9,0.5,0.3844444444444445,0.44800000000000006,2.2321428571428568,0.0,0.0,0.0,2.2321428571428568
1,clean_clusters,18,no_share_no_exit,0.72,1.0,1.0,1.0,1.0,0.0,0.0,0.0,1.0
1,clean_clusters,18,exact_prefix_only,0.72,0.3333333333333333,1.0,0.6333333333333333,1.5789473684210527,0.0,0.0,0.0,1.5789473684210527
1,clean_clusters,18,similarity_share,0.72,0.16666666666666666,1.0,0.5416666666666667,1.8461538461538458,0.0,0.0,0.0,1.8461538461538458
1,clean_clusters,18,conservative_share,0.72,0.3333333333333333,1.0,0.6333333333333333,1.5789473684210527,0.0,0.0,0.0,1.5789473684210527
1,clean_clusters,18,sim_share_conf_exit,0.72,0.16666666666666666,0.963888888888889,0.5254166666666668,1.90325138778747,0.0,0.0,0.0,1.90325138778747
1,clean_clusters,18,sim_share_entropy_exit,0.72,0.16666666666666666,0.8888888888888888,0.49166666666666664,2.0338983050847457,0.0,0.0,0.0,2.0338983050847457
1,clean_clusters,18,oracle_cluster_exit,0.72,0.16666666666666666,0.3844444444444444,0.26466666666666666,3.7783375314861463,0.0,0.0,0.0,3.7783375314861463
1,clean_clusters,18,no_share_no_exit,0.82,1.0,1.0,1.0,1.0,0.0,0.0,0.0,1.0
1,clean_clusters,18,exact_prefix_only,0.82,0.3333333333333333,1.0,0.6333333333333333,1.5789473684210527,0.0,0.0,0.0,1.5789473684210527
1,clean_clusters,18,similarity_share,0.82,0.2222222222222222,1.0,0.5722222222222222,1.7475728155339807,0.0,0.0,0.0,1.7475728155339807
1,clean_clusters,18,conservative_share,0.82,0.7777777777777778,1.0,0.8777777777777778,1.139240506329114,0.0,0.0,0.0,1.139240506329114
1,clean_clusters,18,sim_share_conf_exit,0.82,0.2222222222222222,0.963888888888889,0.5559722222222223,1.7986510117411938,0.0,0.0,0.0,1.7986510117411938
1,clean_clusters,18,sim_share_entropy_exit,0.82,0.2222222222222222,0.8888888888888888,0.5222222222222221,1.914893617021277,0.0,0.0,0.0,1.914893617021277
1,clean_clusters,18,oracle_cluster_exit,0.82,0.16666666666666666,0.3844444444444444,0.26466666666666666,3.7783375314861463,0.0,0.0,0.0,3.7783375314861463
1,clean_clusters,18,no_share_no_exit,0.9,1.0,1.0,1.0,1.0,0.0,0.0,0.0,1.0
1,clean_clusters,18,exact_prefix_only,0.9,0.3333333333333333,1.0,0.6333333333333333,1.5789473684210527,0.0,0.0,0.0,1.5789473684210527
1,clean_clusters,18,similarity_share,0.9,0.6111111111111112,1.0,0.7861111111111112,1.2720848056537102,0.0,0.0,0.0,1.2720848056537102
1,clean_clusters,18,conservative_share,0.9,1.0,1.0,1.0,1.0,0.0,0.0,0.0,1.0
1,clean_clusters,18,sim_share_conf_exit,0.9,0.6111111111111112,0.963888888888889,0.7698611111111112,1.298935594443442,0.0,0.0,0.0,1.298935594443442
1,clean_clusters,18,sim_share_entropy_exit,0.9,0.6111111111111112,0.8888888888888888,0.7361111111111112,1.3584905660377358,0.0,0.0,0.0,1.3584905660377358
1,clean_clusters,18,oracle_cluster_exit,0.9,0.16666666666666666,0.3844444444444444,0.26466666666666666,3.7783375314861463,0.0,0.0,0.0,3.7783375314861463
1,near_miss_branches,18,no_share_no_exit,0.72,1.0,1.0,1.0,1.0,0.0,0.0,0.0,1.0
1,near_miss_branches,18,exact_prefix_only,0.72,1.0,1.0,1.0,1.0,0.0,0.0,0.0,1.0
1,near_miss_branches,18,similarity_share,0.72,0.8333333333333334,1.0,0.9083333333333334,1.1009174311926604,0.0,0.0,0.0,1.1009174311926604
1,near_miss_branches,18,conservative_share,0.72,1.0,1.0,1.0,1.0,0.0,0.0,0.0,1.0
1,near_miss_branches,18,sim_share_conf_exit,0.72,0.8333333333333334,0.963888888888889,0.8920833333333335,1.1209715086408218,0.0,0.0,0.0,1.1209715086408218
1,near_miss_branches,18,sim_share_entropy_exit,0.72,0.8333333333333334,0.9270833333333334,0.8755208333333334,1.1421772754312909,0.0,0.0,0.0,1.1421772754312909
1,near_miss_branches,18,oracle_cluster_exit,0.72,0.16666666666666666,0.3844444444444444,0.26466666666666666,3.7783375314861463,0.0,0.0,0.0,3.7783375314861463
1,near_miss_branches,18,no_share_no_exit,0.82,1.0,1.0,1.0,1.0,0.0,0.0,0.0,1.0
1,near_miss_branches,18,exact_prefix_only,0.82,1.0,1.0,1.0,1.0,0.0,0.0,0.0,1.0
1,near_miss_branches,18,similarity_share,0.82,1.0,1.0,1.0,1.0,0.0,0.0,0.0,1.0
1,near_miss_branches,18,conservative_share,0.82,1.0,1.0,1.0,1.0,0.0,0.0,0.0,1.0
1,near_miss_branches,18,sim_share_conf_exit,0.82,1.0,0.963888888888889,0.9837500000000001,1.016518424396442,0.0,0.0,0.0,1.016518424396442
1,near_miss_branches,18,sim_share_entropy_exit,0.82,1.0,0.9270833333333334,0.9671875000000001,1.0339256865912763,0.0,0.0,0.0,1.0339256865912763
1,near_miss_branches,18,oracle_cluster_exit,0.82,0.16666666666666666,0.3844444444444444,0.26466666666666666,3.7783375314861463,0.0,0.0,0.0,3.7783375314861463
1,near_miss_branches,18,no_share_no_exit,0.9,1.0,1.0,1.0,1.0,0.0,0.0,0.0,1.0
1,near_miss_branches,18,exact_prefix_only,0.9,1.0,1.0,1.0,1.0,0.0,0.0,0.0,1.0
1,near_miss_branches,18,similarity_share,0.9,1.0,1.0,1.0,1.0,0.0,0.0,0.0,1.0
1,near_miss_branches,18,conservative_share,0.9,1.0,1.0,1.0,1.0,0.0,0.0,0.0,1.0
1,near_miss_branches,18,sim_share_conf_exit,0.9,1.0,0.963888888888889,0.9837500000000001,1.016518424396442,0.0,0.0,0.0,1.016518424396442
1,near_miss_branches,18,sim_share_entropy_exit,0.9,1.0,0.9270833333333334,0.9671875000000001,1.0339256865912763,0.0,0.0,0.0,1.0339256865912763
1,near_miss_branches,18,oracle_cluster_exit,0.9,0.16666666666666666,0.3844444444444444,0.26466666666666666,3.7783375314861463,0.0,0.0,0.0,3.7783375314861463
1,late_divergence,18,no_share_no_exit,0.72,1.0,1.0,1.0,1.0,0.0,0.0,0.0,1.0
1,late_divergence,18,exact_prefix_only,0.72,1.0,1.0,1.0,1.0,0.0,0.0,0.0,1.0
1,late_divergence,18,similarity_share,0.72,0.2222222222222222,1.0,0.5722222222222222,1.7475728155339807,0.0,0.0,0.0,1.7475728155339807
1,late_divergence,18,conservative_share,0.72,1.0,1.0,1.0,1.0,0.0,0.0,0.0,1.0
1,late_divergence,18,sim_share_conf_exit,0.72,0.2222222222222222,0.963888888888889,0.5559722222222223,1.7986510117411938,0.0,0.0,0.0,1.7986510117411938
1,late_divergence,18,sim_share_entropy_exit,0.72,0.2222222222222222,0.7013888888888888,0.4378472222222222,2.283901665344964,0.0,0.0,0.0,2.283901665344964
1,late_divergence,18,oracle_cluster_exit,0.72,0.16666666666666666,0.3844444444444444,0.26466666666666666,3.7783375314861463,0.0,0.0,0.0,3.7783375314861463
1,late_divergence,18,no_share_no_exit,0.82,1.0,1.0,1.0,1.0,0.0,0.0,0.0,1.0
1,late_divergence,18,exact_prefix_only,0.82,1.0,1.0,1.0,1.0,0.0,0.0,0.0,1.0
1,late_divergence,18,similarity_share,0.82,0.6666666666666666,1.0,0.8166666666666667,1.2244897959183674,0.0,0.0,0.0,1.2244897959183674
1,late_divergence,18,conservative_share,0.82,1.0,1.0,1.0,1.0,0.0,0.0,0.0,1.0
1,late_divergence,18,sim_share_conf_exit,0.82,0.6666666666666666,0.963888888888889,0.8004166666666668,1.24934929724102,0.0,0.0,0.0,1.24934929724102
1,late_divergence,18,sim_share_entropy_exit,0.82,0.6666666666666666,0.7013888888888888,0.6822916666666667,1.4656488549618318,0.0,0.0,0.0,1.4656488549618318
1,late_divergence,18,oracle_cluster_exit,0.82,0.16666666666666666,0.3844444444444444,0.26466666666666666,3.7783375314861463,0.0,0.0,0.0,3.7783375314861463
1,late_divergence,18,no_share_no_exit,0.9,1.0,1.0,1.0,1.0,0.0,0.0,0.0,1.0
1,late_divergence,18,exact_prefix_only,0.9,1.0,1.0,1.0,1.0,0.0,0.0,0.0,1.0
1,late_divergence,18,similarity_share,0.9,1.0,1.0,1.0,1.0,0.0,0.0,0.0,1.0
1,late_divergence,18,conservative_share,0.9,1.0,1.0,1.0,1.0,0.0,0.0,0.0,1.0
1,late_divergence,18,sim_share_conf_exit,0.9,1.0,0.963888888888889,0.9837500000000001,1.016518424396442,0.0,0.0,0.0,1.016518424396442
1,late_divergence,18,sim_share_entropy_exit,0.9,1.0,0.7013888888888888,0.8656250000000001,1.1552346570397112,0.0,0.0,0.0,1.1552346570397112
1,late_divergence,18,oracle_cluster_exit,0.9,0.16666666666666666,0.3844444444444444,0.26466666666666666,3.7783375314861463,0.0,0.0,0.0,3.7783375314861463
1,confidence_trap,18,no_share_no_exit,0.72,1.0,1.0,1.0,1.0,0.0,0.0,0.0,1.0
1,confidence_trap,18,exact_prefix_only,0.72,0.3333333333333333,1.0,0.6333333333333333,1.5789473684210527,0.0,0.0,0.0,1.5789473684210527
1,confidence_trap,18,similarity_share,0.72,0.2222222222222222,1.0,0.5722222222222222,1.7475728155339807,0.0,0.0,0.0,1.7475728155339807
1,confidence_trap,18,conservative_share,0.72,0.6666666666666666,1.0,0.8166666666666667,1.2244897959183674,0.0,0.0,0.0,1.2244897959183674
1,confidence_trap,18,sim_share_conf_exit,0.72,0.2222222222222222,0.7472222222222222,0.4584722222222222,2.1811572250833082,0.0,0.16666666666666666,0.16666666666666666,0.847823891749975
1,confidence_trap,18,sim_share_entropy_exit,0.72,0.2222222222222222,0.9236111111111112,0.5378472222222223,1.8592640413169785,0.0,0.16666666666666666,0.16666666666666666,0.5259307079836453
1,confidence_trap,18,oracle_cluster_exit,0.72,0.16666666666666666,0.5133333333333333,0.32266666666666666,3.0991735537190084,0.0,0.0,0.0,3.0991735537190084
1,confidence_trap,18,no_share_no_exit,0.82,1.0,1.0,1.0,1.0,0.0,0.0,0.0,1.0
1,confidence_trap,18,exact_prefix_only,0.82,0.3333333333333333,1.0,0.6333333333333333,1.5789473684210527,0.0,0.0,0.0,1.5789473684210527
1,confidence_trap,18,similarity_share,0.82,0.5,1.0,0.7250000000000001,1.379310344827586,0.0,0.0,0.0,1.379310344827586
1,confidence_trap,18,conservative_share,0.82,1.0,1.0,1.0,1.0,0.0,0.0,0.0,1.0
1,confidence_trap,18,sim_share_conf_exit,0.82,0.5,0.7472222222222222,0.6112500000000001,1.6359918200408996,0.0,0.16666666666666666,0.16666666666666666,0.30265848670756634
1,confidence_trap,18,sim_share_entropy_exit,0.82,0.5,0.9236111111111112,0.690625,1.4479638009049773,0.0,0.16666666666666666,0.16666666666666666,0.11463046757164408
1,confidence_trap,18,oracle_cluster_exit,0.82,0.16666666666666666,0.5133333333333333,0.32266666666666666,3.0991735537190084,0.0,0.0,0.0,3.0991735537190084
1,confidence_trap,18,no_share_no_exit,0.9,1.0,1.0,1.0,1.0,0.0,0.0,0.0,1.0
1,confidence_trap,18,exact_prefix_only,0.9,0.3333333333333333,1.0,0.6333333333333333,1.5789473684210527,0.0,0.0,0.0,1.5789473684210527
1,confidence_trap,18,similarity_share,0.9,0.9444444444444444,1.0,0.9694444444444446,1.0315186246418337,0.0,0.0,0.0,1.0315186246418337
1,confidence_trap,18,conservative_share,0.9,1.0,1.0,1.0,1.0,0.0,0.0,0.0,1.0
1,confidence_trap,18,sim_share_conf_exit,0.9,0.9444444444444444,0.7472222222222222,0.8556944444444445,1.1686414543093653,0.0,0.16666666666666666,0.16666666666666666,-0.16469187902396798
1,confidence_trap,18,sim_share_entropy_exit,0.9,0.9444444444444444,0.9236111111111112,0.9350694444444445,1.0694392870404752,0.0,0.16666666666666666,0.16666666666666666,-0.26389404629285806
1,confidence_trap,18,oracle_cluster_exit,0.9,0.16666666666666666,0.5133333333333333,0.32266666666666666,3.0991735537190084,0.0,0.0,0.0,3.0991735537190084
1,many_small_clusters,18,no_share_no_exit,0.72,1.0,1.0,1.0,1.0,0.0,0.0,0.0,1.0
1,many_small_clusters,18,exact_prefix_only,0.72,0.7222222222222222,1.0,0.8472222222222223,1.1803278688524588,0.0,0.0,0.0,1.1803278688524588
1,many_small_clusters,18,similarity_share,0.72,0.8888888888888888,1.0,0.9388888888888889,1.0650887573964498,0.0,0.0,0.0,1.0650887573964498
1,many_small_clusters,18,conservative_share,0.72,1.0,1.0,1.0,1.0,0.0,0.0,0.0,1.0
1,many_small_clusters,18,sim_share_conf_exit,0.72,0.8888888888888888,0.9277777777777777,0.9063888888888889,1.1032791909285933,0.0,0.0,0.0,1.1032791909285933
1,many_small_clusters,18,sim_share_entropy_exit,0.72,0.8888888888888888,0.90625,0.896701388888889,1.1151984511132622,0.0,0.0,0.0,1.1151984511132622
1,many_small_clusters,18,oracle_cluster_exit,0.72,0.5,0.3844444444444444,0.448,2.232142857142857,0.0,0.0,0.0,2.232142857142857
1,many_small_clusters,18,no_share_no_exit,0.82,1.0,1.0,1.0,1.0,0.0,0.0,0.0,1.0
1,many_small_clusters,18,exact_prefix_only,0.82,0.7222222222222222,1.0,0.8472222222222223,1.1803278688524588,0.0,0.0,0.0,1.1803278688524588
1,many_small_clusters,18,similarity_share,0.82,1.0,1.0,1.0,1.0,0.0,0.0,0.0,1.0
1,many_small_clusters,18,conservative_share,0.82,1.0,1.0,1.0,1.0,0.0,0.0,0.0,1.0
1,many_small_clusters,18,sim_share_conf_exit,0.82,1.0,0.9277777777777777,0.9675,1.0335917312661498,0.0,0.0,0.0,1.0335917312661498
1,many_small_clusters,18,sim_share_entropy_exit,0.82,1.0,0.90625,0.9578125000000001,1.0440456769983686,0.0,0.0,0.0,1.0440456769983686
1,many_small_clusters,18,oracle_cluster_exit,0.82,0.5,0.3844444444444444,0.448,2.232142857142857,0.0,0.0,0.0,2.232142857142857
1,many_small_clusters,18,no_share_no_exit,0.9,1.0,1.0,1.0,1.0,0.0,0.0,0.0,1.0
1,many_small_clusters,18,exact_prefix_only,0.9,0.7222222222222222,1.0,0.8472222222222223,1.1803278688524588,0.0,0.0,0.0,1.1803278688524588
1,many_small_clusters,18,similarity_share,0.9,1.0,1.0,1.0,1.0,0.0,0.0,0.0,1.0
1,many_small_clusters,18,conservative_share,0.9,1.0,1.0,1.0,1.0,0.0,0.0,0.0,1.0
1,many_small_clusters,18,sim_share_conf_exit,0.9,1.0,0.9277777777777777,0.9675,1.0335917312661498,0.0,0.0,0.0,1.0335917312661498
1,many_small_clusters,18,sim_share_entropy_exit,0.9,1.0,0.90625,0.9578125000000001,1.0440456769983686,0.0,0.0,0.0,1.0440456769983686
1,many_small_clusters,18,oracle_cluster_exit,0.9,0.5,0.3844444444444444,0.448,2.232142857142857,0.0,0.0,0.0,2.232142857142857
2,clean_clusters,18,no_share_no_exit,0.72,1.0,1.0,1.0,1.0,0.0,0.0,0.0,1.0
2,clean_clusters,18,exact_prefix_only,0.72,0.3333333333333333,1.0,0.6333333333333333,1.5789473684210527,0.0,0.0,0.0,1.5789473684210527
2,clean_clusters,18,similarity_share,0.72,0.16666666666666666,1.0,0.5416666666666667,1.8461538461538458,0.0,0.0,0.0,1.8461538461538458
2,clean_clusters,18,conservative_share,0.72,0.3888888888888889,1.0,0.663888888888889,1.5062761506276148,0.0,0.0,0.0,1.5062761506276148
2,clean_clusters,18,sim_share_conf_exit,0.72,0.16666666666666666,0.963888888888889,0.5254166666666668,1.90325138778747,0.0,0.0,0.0,1.90325138778747
2,clean_clusters,18,sim_share_entropy_exit,0.72,0.16666666666666666,0.90625,0.4994791666666667,2.0020855057351405,0.0,0.0,0.0,2.0020855057351405
2,clean_clusters,18,oracle_cluster_exit,0.72,0.16666666666666666,0.3844444444444444,0.26466666666666666,3.7783375314861463,0.0,0.0,0.0,3.7783375314861463
2,clean_clusters,18,no_share_no_exit,0.82,1.0,1.0,1.0,1.0,0.0,0.0,0.0,1.0
2,clean_clusters,18,exact_prefix_only,0.82,0.3333333333333333,1.0,0.6333333333333333,1.5789473684210527,0.0,0.0,0.0,1.5789473684210527
2,clean_clusters,18,similarity_share,0.82,0.2777777777777778,1.0,0.6027777777777779,1.658986175115207,0.0,0.0,0.0,1.658986175115207
2,clean_clusters,18,conservative_share,0.82,0.7777777777777778,1.0,0.8777777777777778,1.139240506329114,0.0,0.0,0.0,1.139240506329114
2,clean_clusters,18,sim_share_conf_exit,0.82,0.2777777777777778,0.963888888888889,0.5865277777777779,1.7049490883258345,0.0,0.0,0.0,1.7049490883258345
2,clean_clusters,18,sim_share_entropy_exit,0.82,0.2777777777777778,0.90625,0.5605902777777778,1.7838340043357075,0.0,0.0,0.0,1.7838340043357075
2,clean_clusters,18,oracle_cluster_exit,0.82,0.16666666666666666,0.3844444444444444,0.26466666666666666,3.7783375314861463,0.0,0.0,0.0,3.7783375314861463
2,clean_clusters,18,no_share_no_exit,0.9,1.0,1.0,1.0,1.0,0.0,0.0,0.0,1.0
2,clean_clusters,18,exact_prefix_only,0.9,0.3333333333333333,1.0,0.6333333333333333,1.5789473684210527,0.0,0.0,0.0,1.5789473684210527
2,clean_clusters,18,similarity_share,0.9,0.7222222222222222,1.0,0.8472222222222223,1.1803278688524588,0.0,0.0,0.0,1.1803278688524588
2,clean_clusters,18,conservative_share,0.9,1.0,1.0,1.0,1.0,0.0,0.0,0.0,1.0
2,clean_clusters,18,sim_share_conf_exit,0.9,0.7222222222222222,0.963888888888889,0.8309722222222223,1.2034096607053315,0.0,0.0,0.0,1.2034096607053315
2,clean_clusters,18,sim_share_entropy_exit,0.9,0.7222222222222222,0.90625,0.8050347222222223,1.2421824455466897,0.0,0.0,0.0,1.2421824455466897
2,clean_clusters,18,oracle_cluster_exit,0.9,0.16666666666666666,0.3844444444444444,0.26466666666666666,3.7783375314861463,0.0,0.0,0.0,3.7783375314861463
2,near_miss_branches,18,no_share_no_exit,0.72,1.0,1.0,1.0,1.0,0.0,0.0,0.0,1.0
2,near_miss_branches,18,exact_prefix_only,0.72,1.0,1.0,1.0,1.0,0.0,0.0,0.0,1.0
2,near_miss_branches,18,similarity_share,0.72,1.0,1.0,1.0,1.0,0.0,0.0,0.0,1.0
2,near_miss_branches,18,conservative_share,0.72,1.0,1.0,1.0,1.0,0.0,0.0,0.0,1.0
2,near_miss_branches,18,sim_share_conf_exit,0.72,1.0,1.0,1.0,1.0,0.0,0.0,0.0,1.0
2,near_miss_branches,18,sim_share_entropy_exit,0.72,1.0,0.8923611111111112,0.9515625000000001,1.050903119868637,0.0,0.0,0.0,1.050903119868637
2,near_miss_branches,18,oracle_cluster_exit,0.72,0.16666666666666666,0.3844444444444444,0.26466666666666666,3.7783375314861463,0.0,0.0,0.0,3.7783375314861463
2,near_miss_branches,18,no_share_no_exit,0.82,1.0,1.0,1.0,1.0,0.0,0.0,0.0,1.0
2,near_miss_branches,18,exact_prefix_only,0.82,1.0,1.0,1.0,1.0,0.0,0.0,0.0,1.0
2,near_miss_branches,18,similarity_share,0.82,1.0,1.0,1.0,1.0,0.0,0.0,0.0,1.0
2,near_miss_branches,18,conservative_share,0.82,1.0,1.0,1.0,1.0,0.0,0.0,0.0,1.0
2,near_miss_branches,18,sim_share_conf_exit,0.82,1.0,1.0,1.0,1.0,0.0,0.0,0.0,1.0
2,near_miss_branches,18,sim_share_entropy_exit,0.82,1.0,0.8923611111111112,0.9515625000000001,1.050903119868637,0.0,0.0,0.0,1.050903119868637
2,near_miss_branches,18,oracle_cluster_exit,0.82,0.16666666666666666,0.3844444444444444,0.26466666666666666,3.7783375314861463,0.0,0.0,0.0,3.7783375314861463
2,near_miss_branches,18,no_share_no_exit,0.9,1.0,1.0,1.0,1.0,0.0,0.0,0.0,1.0
2,near_miss_branches,18,exact_prefix_only,0.9,1.0,1.0,1.0,1.0,0.0,0.0,0.0,1.0
2,near_miss_branches,18,similarity_share,0.9,1.0,1.0,1.0,1.0,0.0,0.0,0.0,1.0
2,near_miss_branches,18,conservative_share,0.9,1.0,1.0,1.0,1.0,0.0,0.0,0.0,1.0
2,near_miss_branches,18,sim_share_conf_exit,0.9,1.0,1.0,1.0,1.0,0.0,0.0,0.0,1.0
2,near_miss_branches,18,sim_share_entropy_exit,0.9,1.0,0.8923611111111112,0.9515625000000001,1.050903119868637,0.0,0.0,0.0,1.050903119868637
2,near_miss_branches,18,oracle_cluster_exit,0.9,0.16666666666666666,0.3844444444444444,0.26466666666666666,3.7783375314861463,0.0,0.0,0.0,3.7783375314861463
2,late_divergence,18,no_share_no_exit,0.72,1.0,1.0,1.0,1.0,0.0,0.0,0.0,1.0
2,late_divergence,18,exact_prefix_only,0.72,1.0,1.0,1.0,1.0,0.0,0.0,0.0,1.0
2,late_divergence,18,similarity_share,0.72,0.2777777777777778,1.0,0.6027777777777779,1.658986175115207,0.0,0.0,0.0,1.658986175115207
2,late_divergence,18,conservative_share,0.72,1.0,1.0,1.0,1.0,0.0,0.0,0.0,1.0
2,late_divergence,18,sim_share_conf_exit,0.72,0.2777777777777778,1.0,0.6027777777777779,1.658986175115207,0.0,0.0,0.0,1.658986175115207
2,late_divergence,18,sim_share_entropy_exit,0.72,0.2777777777777778,0.6701388888888888,0.4543402777777778,2.2009935040122275,0.0,0.05555555555555555,0.05555555555555555,1.756549059567783
2,late_divergence,18,oracle_cluster_exit,0.72,0.16666666666666666,0.3844444444444444,0.26466666666666666,3.7783375314861463,0.0,0.0,0.0,3.7783375314861463
2,late_divergence,18,no_share_no_exit,0.82,1.0,1.0,1.0,1.0,0.0,0.0,0.0,1.0
2,late_divergence,18,exact_prefix_only,0.82,1.0,1.0,1.0,1.0,0.0,0.0,0.0,1.0
2,late_divergence,18,similarity_share,0.82,0.8333333333333334,1.0,0.9083333333333334,1.1009174311926604,0.0,0.0,0.0,1.1009174311926604
2,late_divergence,18,conservative_share,0.82,1.0,1.0,1.0,1.0,0.0,0.0,0.0,1.0
2,late_divergence,18,sim_share_conf_exit,0.82,0.8333333333333334,1.0,0.9083333333333334,1.1009174311926604,0.0,0.0,0.0,1.1009174311926604
2,late_divergence,18,sim_share_entropy_exit,0.82,0.8333333333333334,0.6701388888888888,0.7598958333333334,1.315969842357779,0.0,0.05555555555555555,0.05555555555555555,0.8715253979133346
2,late_divergence,18,oracle_cluster_exit,0.82,0.16666666666666666,0.3844444444444444,0.26466666666666666,3.7783375314861463,0.0,0.0,0.0,3.7783375314861463
2,late_divergence,18,no_share_no_exit,0.9,1.0,1.0,1.0,1.0,0.0,0.0,0.0,1.0
2,late_divergence,18,exact_prefix_only,0.9,1.0,1.0,1.0,1.0,0.0,0.0,0.0,1.0
2,late_divergence,18,similarity_share,0.9,1.0,1.0,1.0,1.0,0.0,0.0,0.0,1.0
2,late_divergence,18,conservative_share,0.9,1.0,1.0,1.0,1.0,0.0,0.0,0.0,1.0
2,late_divergence,18,sim_share_conf_exit,0.9,1.0,1.0,1.0,1.0,0.0,0.0,0.0,1.0
2,late_divergence,18,sim_share_entropy_exit,0.9,1.0,0.6701388888888888,0.8515625,1.1743119266055047,0.0,0.05555555555555555,0.05555555555555555,0.7298674821610602
2,late_divergence,18,oracle_cluster_exit,0.9,0.16666666666666666,0.3844444444444444,0.26466666666666666,3.7783375314861463,0.0,0.0,0.0,3.7783375314861463
2,confidence_trap,18,no_share_no_exit,0.72,1.0,1.0,1.0,1.0,0.0,0.0,0.0,1.0
2,confidence_trap,18,exact_prefix_only,0.72,0.3333333333333333,1.0,0.6333333333333333,1.5789473684210527,0.0,0.0,0.0,1.5789473684210527
2,confidence_trap,18,similarity_share,0.72,0.2777777777777778,1.0,0.6027777777777779,1.658986175115207,0.0,0.0,0.0,1.658986175115207
2,confidence_trap,18,conservative_share,0.72,0.6666666666666666,1.0,0.8166666666666667,1.2244897959183674,0.0,0.0,0.0,1.2244897959183674
2,confidence_trap,18,sim_share_conf_exit,0.72,0.2777777777777778,0.7833333333333334,0.5052777777777778,1.9791094007696535,0.0,0.16666666666666666,0.16666666666666666,0.6457760674363202
2,confidence_trap,18,sim_share_entropy_exit,0.72,0.2777777777777778,0.9513888888888888,0.5809027777777778,1.7214584578601315,0.0,0.0,0.0,1.7214584578601315
2,confidence_trap,18,oracle_cluster_exit,0.72,0.16666666666666666,0.5133333333333333,0.32266666666666666,3.0991735537190084,0.0,0.0,0.0,3.0991735537190084
2,confidence_trap,18,no_share_no_exit,0.82,1.0,1.0,1.0,1.0,0.0,0.0,0.0,1.0
2,confidence_trap,18,exact_prefix_only,0.82,0.3333333333333333,1.0,0.6333333333333333,1.5789473684210527,0.0,0.0,0.0,1.5789473684210527
2,confidence_trap,18,similarity_share,0.82,0.7222222222222222,1.0,0.8472222222222223,1.1803278688524588,0.0,0.0,0.0,1.1803278688524588
2,confidence_trap,18,conservative_share,0.82,1.0,1.0,1.0,1.0,0.0,0.0,0.0,1.0
2,confidence_trap,18,sim_share_conf_exit,0.82,0.7222222222222222,0.7833333333333334,0.7497222222222223,1.3338273434605408,0.0,0.16666666666666666,0.16666666666666666,0.0004940101272075115
2,confidence_trap,18,sim_share_entropy_exit,0.82,0.7222222222222222,0.9513888888888888,0.8253472222222222,1.2116112747160286,0.0,0.0,0.0,1.2116112747160286
2,confidence_trap,18,oracle_cluster_exit,0.82,0.16666666666666666,0.5133333333333333,0.32266666666666666,3.0991735537190084,0.0,0.0,0.0,3.0991735537190084
2,confidence_trap,18,no_share_no_exit,0.9,1.0,1.0,1.0,1.0,0.0,0.0,0.0,1.0
2,confidence_trap,18,exact_prefix_only,0.9,0.3333333333333333,1.0,0.6333333333333333,1.5789473684210527,0.0,0.0,0.0,1.5789473684210527
2,confidence_trap,18,similarity_share,0.9,1.0,1.0,1.0,1.0,0.0,0.0,0.0,1.0
2,confidence_trap,18,conservative_share,0.9,1.0,1.0,1.0,1.0,0.0,0.0,0.0,1.0
2,confidence_trap,18,sim_share_conf_exit,0.9,1.0,0.7833333333333334,0.9025000000000001,1.1080332409972298,0.0,0.16666666666666666,0.16666666666666666,-0.22530009233610349
2,confidence_trap,18,sim_share_entropy_exit,0.9,1.0,0.9513888888888888,0.978125,1.0223642172523961,0.0,0.0,0.0,1.0223642172523961
2,confidence_trap,18,oracle_cluster_exit,0.9,0.16666666666666666,0.5133333333333333,0.32266666666666666,3.0991735537190084,0.0,0.0,0.0,3.0991735537190084
2,many_small_clusters,18,no_share_no_exit,0.72,1.0,1.0,1.0,1.0,0.0,0.0,0.0,1.0
2,many_small_clusters,18,exact_prefix_only,0.72,0.8333333333333334,1.0,0.9083333333333334,1.1009174311926604,0.0,0.0,0.0,1.1009174311926604
2,many_small_clusters,18,similarity_share,0.72,0.6666666666666666,1.0,0.8166666666666667,1.2244897959183674,0.0,0.0,0.0,1.2244897959183674
2,many_small_clusters,18,conservative_share,0.72,1.0,1.0,1.0,1.0,0.0,0.0,0.0,1.0
2,many_small_clusters,18,sim_share_conf_exit,0.72,0.6666666666666666,0.9277777777777777,0.7841666666666667,1.2752391073326248,0.0,0.0,0.0,1.2752391073326248
2,many_small_clusters,18,sim_share_entropy_exit,0.72,0.6666666666666666,0.9340277777777778,0.7869791666666668,1.2706816677696888,0.0,0.0,0.0,1.2706816677696888
2,many_small_clusters,18,oracle_cluster_exit,0.72,0.5,0.3844444444444444,0.448,2.232142857142857,0.0,0.0,0.0,2.232142857142857
2,many_small_clusters,18,no_share_no_exit,0.82,1.0,1.0,1.0,1.0,0.0,0.0,0.0,1.0
2,many_small_clusters,18,exact_prefix_only,0.82,0.8333333333333334,1.0,0.9083333333333334,1.1009174311926604,0.0,0.0,0.0,1.1009174311926604
2,many_small_clusters,18,similarity_share,0.82,1.0,1.0,1.0,1.0,0.0,0.0,0.0,1.0
2,many_small_clusters,18,conservative_share,0.82,1.0,1.0,1.0,1.0,0.0,0.0,0.0,1.0
2,many_small_clusters,18,sim_share_conf_exit,0.82,1.0,0.9277777777777777,0.9675,1.0335917312661498,0.0,0.0,0.0,1.0335917312661498
2,many_small_clusters,18,sim_share_entropy_exit,0.82,1.0,0.9340277777777778,0.9703125000000001,1.0305958132045088,0.0,0.0,0.0,1.0305958132045088
2,many_small_clusters,18,oracle_cluster_exit,0.82,0.5,0.3844444444444444,0.448,2.232142857142857,0.0,0.0,0.0,2.232142857142857
2,many_small_clusters,18,no_share_no_exit,0.9,1.0,1.0,1.0,1.0,0.0,0.0,0.0,1.0
2,many_small_clusters,18,exact_prefix_only,0.9,0.8333333333333334,1.0,0.9083333333333334,1.1009174311926604,0.0,0.0,0.0,1.1009174311926604
2,many_small_clusters,18,similarity_share,0.9,1.0,1.0,1.0,1.0,0.0,0.0,0.0,1.0
2,many_small_clusters,18,conservative_share,0.9,1.0,1.0,1.0,1.0,0.0,0.0,0.0,1.0
2,many_small_clusters,18,sim_share_conf_exit,0.9,1.0,0.9277777777777777,0.9675,1.0335917312661498,0.0,0.0,0.0,1.0335917312661498
2,many_small_clusters,18,sim_share_entropy_exit,0.9,1.0,0.9340277777777778,0.9703125000000001,1.0305958132045088,0.0,0.0,0.0,1.0305958132045088
2,many_small_clusters,18,oracle_cluster_exit,0.9,0.5,0.3844444444444444,0.448,2.232142857142857,0.0,0.0,0.0,2.232142857142857
3,clean_clusters,18,no_share_no_exit,0.72,1.0,1.0,1.0,1.0,0.0,0.0,0.0,1.0
3,clean_clusters,18,exact_prefix_only,0.72,0.3333333333333333,1.0,0.6333333333333333,1.5789473684210527,0.0,0.0,0.0,1.5789473684210527
3,clean_clusters,18,similarity_share,0.72,0.16666666666666666,1.0,0.5416666666666667,1.8461538461538458,0.0,0.0,0.0,1.8461538461538458
3,clean_clusters,18,conservative_share,0.72,0.3333333333333333,1.0,0.6333333333333333,1.5789473684210527,0.0,0.0,0.0,1.5789473684210527
3,clean_clusters,18,sim_share_conf_exit,0.72,0.16666666666666666,0.963888888888889,0.5254166666666668,1.90325138778747,0.0,0.0,0.0,1.90325138778747
3,clean_clusters,18,sim_share_entropy_exit,0.72,0.16666666666666666,0.9270833333333334,0.5088541666666667,1.9651995905834185,0.0,0.0,0.0,1.9651995905834185
3,clean_clusters,18,oracle_cluster_exit,0.72,0.16666666666666666,0.3844444444444444,0.26466666666666666,3.7783375314861463,0.0,0.0,0.0,3.7783375314861463
3,clean_clusters,18,no_share_no_exit,0.82,1.0,1.0,1.0,1.0,0.0,0.0,0.0,1.0
3,clean_clusters,18,exact_prefix_only,0.82,0.3333333333333333,1.0,0.6333333333333333,1.5789473684210527,0.0,0.0,0.0,1.5789473684210527
3,clean_clusters,18,similarity_share,0.82,0.2222222222222222,1.0,0.5722222222222222,1.7475728155339807,0.0,0.0,0.0,1.7475728155339807
3,clean_clusters,18,conservative_share,0.82,0.7777777777777778,1.0,0.8777777777777778,1.139240506329114,0.0,0.0,0.0,1.139240506329114
3,clean_clusters,18,sim_share_conf_exit,0.82,0.2222222222222222,0.963888888888889,0.5559722222222223,1.7986510117411938,0.0,0.0,0.0,1.7986510117411938
3,clean_clusters,18,sim_share_entropy_exit,0.82,0.2222222222222222,0.9270833333333334,0.5394097222222223,1.8538783392339875,0.0,0.0,0.0,1.8538783392339875
3,clean_clusters,18,oracle_cluster_exit,0.82,0.16666666666666666,0.3844444444444444,0.26466666666666666,3.7783375314861463,0.0,0.0,0.0,3.7783375314861463
3,clean_clusters,18,no_share_no_exit,0.9,1.0,1.0,1.0,1.0,0.0,0.0,0.0,1.0
3,clean_clusters,18,exact_prefix_only,0.9,0.3333333333333333,1.0,0.6333333333333333,1.5789473684210527,0.0,0.0,0.0,1.5789473684210527
3,clean_clusters,18,similarity_share,0.9,0.6666666666666666,1.0,0.8166666666666667,1.2244897959183674,0.0,0.0,0.0,1.2244897959183674
3,clean_clusters,18,conservative_share,0.9,1.0,1.0,1.0,1.0,0.0,0.0,0.0,1.0
3,clean_clusters,18,sim_share_conf_exit,0.9,0.6666666666666666,0.963888888888889,0.8004166666666668,1.24934929724102,0.0,0.0,0.0,1.24934929724102
3,clean_clusters,18,sim_share_entropy_exit,0.9,0.6666666666666666,0.9270833333333334,0.7838541666666667,1.2757475083056478,0.0,0.0,0.0,1.2757475083056478
3,clean_clusters,18,oracle_cluster_exit,0.9,0.16666666666666666,0.3844444444444444,0.26466666666666666,3.7783375314861463,0.0,0.0,0.0,3.7783375314861463
3,near_miss_branches,18,no_share_no_exit,0.72,1.0,1.0,1.0,1.0,0.0,0.0,0.0,1.0
3,near_miss_branches,18,exact_prefix_only,0.72,1.0,1.0,1.0,1.0,0.0,0.0,0.0,1.0
3,near_miss_branches,18,similarity_share,0.72,0.8333333333333334,1.0,0.9083333333333334,1.1009174311926604,0.0,0.0,0.0,1.1009174311926604
3,near_miss_branches,18,conservative_share,0.72,1.0,1.0,1.0,1.0,0.0,0.0,0.0,1.0
3,near_miss_branches,18,sim_share_conf_exit,0.72,0.8333333333333334,1.0,0.9083333333333334,1.1009174311926604,0.0,0.0,0.0,1.1009174311926604
3,near_miss_branches,18,sim_share_entropy_exit,0.72,0.8333333333333334,0.8993055555555556,0.8630208333333333,1.1587205793602897,0.0,0.0,0.0,1.1587205793602897
3,near_miss_branches,18,oracle_cluster_exit,0.72,0.16666666666666666,0.3844444444444444,0.26466666666666666,3.7783375314861463,0.0,0.0,0.0,3.7783375314861463
3,near_miss_branches,18,no_share_no_exit,0.82,1.0,1.0,1.0,1.0,0.0,0.0,0.0,1.0
3,near_miss_branches,18,exact_prefix_only,0.82,1.0,1.0,1.0,1.0,0.0,0.0,0.0,1.0
3,near_miss_branches,18,similarity_share,0.82,1.0,1.0,1.0,1.0,0.0,0.0,0.0,1.0
3,near_miss_branches,18,conservative_share,0.82,1.0,1.0,1.0,1.0,0.0,0.0,0.0,1.0
3,near_miss_branches,18,sim_share_conf_exit,0.82,1.0,1.0,1.0,1.0,0.0,0.0,0.0,1.0
3,near_miss_branches,18,sim_share_entropy_exit,0.82,1.0,0.8993055555555556,0.9546875000000001,1.0474631751227494,0.0,0.0,0.0,1.0474631751227494
3,near_miss_branches,18,oracle_cluster_exit,0.82,0.16666666666666666,0.3844444444444444,0.26466666666666666,3.7783375314861463,0.0,0.0,0.0,3.7783375314861463
3,near_miss_branches,18,no_share_no_exit,0.9,1.0,1.0,1.0,1.0,0.0,0.0,0.0,1.0
3,near_miss_branches,18,exact_prefix_only,0.9,1.0,1.0,1.0,1.0,0.0,0.0,0.0,1.0
3,near_miss_branches,18,similarity_share,0.9,1.0,1.0,1.0,1.0,0.0,0.0,0.0,1.0
3,near_miss_branches,18,conservative_share,0.9,1.0,1.0,1.0,1.0,0.0,0.0,0.0,1.0
3,near_miss_branches,18,sim_share_conf_exit,0.9,1.0,1.0,1.0,1.0,0.0,0.0,0.0,1.0
3,near_miss_branches,18,sim_share_entropy_exit,0.9,1.0,0.8993055555555556,0.9546875000000001,1.0474631751227494,0.0,0.0,0.0,1.0474631751227494
3,near_miss_branches,18,oracle_cluster_exit,0.9,0.16666666666666666,0.3844444444444444,0.26466666666666666,3.7783375314861463,0.0,0.0,0.0,3.7783375314861463
3,late_divergence,18,no_share_no_exit,0.72,1.0,1.0,1.0,1.0,0.0,0.0,0.0,1.0
3,late_divergence,18,exact_prefix_only,0.72,1.0,1.0,1.0,1.0,0.0,0.0,0.0,1.0
3,late_divergence,18,similarity_share,0.72,0.3888888888888889,1.0,0.663888888888889,1.5062761506276148,0.0,0.0,0.0,1.5062761506276148
3,late_divergence,18,conservative_share,0.72,1.0,1.0,1.0,1.0,0.0,0.0,0.0,1.0
3,late_divergence,18,sim_share_conf_exit,0.72,0.3888888888888889,1.0,0.663888888888889,1.5062761506276148,0.0,0.0,0.0,1.5062761506276148
3,late_divergence,18,sim_share_entropy_exit,0.72,0.3888888888888889,0.6736111111111112,0.5170138888888889,1.9341840161182002,0.0,0.0,0.0,1.9341840161182002
3,late_divergence,18,oracle_cluster_exit,0.72,0.16666666666666666,0.3844444444444444,0.26466666666666666,3.7783375314861463,0.0,0.0,0.0,3.7783375314861463
3,late_divergence,18,no_share_no_exit,0.82,1.0,1.0,1.0,1.0,0.0,0.0,0.0,1.0
3,late_divergence,18,exact_prefix_only,0.82,1.0,1.0,1.0,1.0,0.0,0.0,0.0,1.0
3,late_divergence,18,similarity_share,0.82,0.7222222222222222,1.0,0.8472222222222223,1.1803278688524588,0.0,0.0,0.0,1.1803278688524588
3,late_divergence,18,conservative_share,0.82,1.0,1.0,1.0,1.0,0.0,0.0,0.0,1.0
3,late_divergence,18,sim_share_conf_exit,0.82,0.7222222222222222,1.0,0.8472222222222223,1.1803278688524588,0.0,0.0,0.0,1.1803278688524588
3,late_divergence,18,sim_share_entropy_exit,0.82,0.7222222222222222,0.6736111111111112,0.7003472222222222,1.427863163113535,0.0,0.0,0.0,1.427863163113535
3,late_divergence,18,oracle_cluster_exit,0.82,0.16666666666666666,0.3844444444444444,0.26466666666666666,3.7783375314861463,0.0,0.0,0.0,3.7783375314861463
3,late_divergence,18,no_share_no_exit,0.9,1.0,1.0,1.0,1.0,0.0,0.0,0.0,1.0
3,late_divergence,18,exact_prefix_only,0.9,1.0,1.0,1.0,1.0,0.0,0.0,0.0,1.0
3,late_divergence,18,similarity_share,0.9,0.9444444444444444,1.0,0.9694444444444446,1.0315186246418337,0.0,0.0,0.0,1.0315186246418337
3,late_divergence,18,conservative_share,0.9,1.0,1.0,1.0,1.0,0.0,0.0,0.0,1.0
3,late_divergence,18,sim_share_conf_exit,0.9,0.9444444444444444,1.0,0.9694444444444446,1.0315186246418337,0.0,0.0,0.0,1.0315186246418337
3,late_divergence,18,sim_share_entropy_exit,0.9,0.9444444444444444,0.6736111111111112,0.8225694444444445,1.2157028281975517,0.0,0.0,0.0,1.2157028281975517
3,late_divergence,18,oracle_cluster_exit,0.9,0.16666666666666666,0.3844444444444444,0.26466666666666666,3.7783375314861463,0.0,0.0,0.0,3.7783375314861463
3,confidence_trap,18,no_share_no_exit,0.72,1.0,1.0,1.0,1.0,0.0,0.0,0.0,1.0
3,confidence_trap,18,exact_prefix_only,0.72,0.3333333333333333,1.0,0.6333333333333333,1.5789473684210527,0.0,0.0,0.0,1.5789473684210527
3,confidence_trap,18,similarity_share,0.72,0.2222222222222222,1.0,0.5722222222222222,1.7475728155339807,0.0,0.0,0.0,1.7475728155339807
3,confidence_trap,18,conservative_share,0.72,0.7222222222222222,1.0,0.8472222222222223,1.1803278688524588,0.0,0.0,0.0,1.1803278688524588
3,confidence_trap,18,sim_share_conf_exit,0.72,0.2222222222222222,0.7833333333333334,0.47472222222222227,2.1064950263311877,0.0,0.1111111111111111,0.1111111111111111,1.2176061374422988
3,confidence_trap,18,sim_share_entropy_exit,0.72,0.2222222222222222,0.90625,0.5300347222222223,1.8866688503111693,0.0,0.05555555555555555,0.05555555555555555,1.4422244058667248
3,confidence_trap,18,oracle_cluster_exit,0.72,0.16666666666666666,0.5133333333333333,0.32266666666666666,3.0991735537190084,0.0,0.0,0.0,3.0991735537190084
3,confidence_trap,18,no_share_no_exit,0.82,1.0,1.0,1.0,1.0,0.0,0.0,0.0,1.0
3,confidence_trap,18,exact_prefix_only,0.82,0.3333333333333333,1.0,0.6333333333333333,1.5789473684210527,0.0,0.0,0.0,1.5789473684210527
3,confidence_trap,18,similarity_share,0.82,0.5555555555555556,1.0,0.7555555555555555,1.3235294117647058,0.0,0.0,0.0,1.3235294117647058
3,confidence_trap,18,conservative_share,0.82,0.8888888888888888,1.0,0.9388888888888889,1.0650887573964498,0.0,0.0,0.0,1.0650887573964498
3,confidence_trap,18,sim_share_conf_exit,0.82,0.5555555555555556,0.7833333333333334,0.6580555555555556,1.5196285352469394,0.0,0.1111111111111111,0.1111111111111111,0.6307396463580506
3,confidence_trap,18,sim_share_entropy_exit,0.82,0.5555555555555556,0.90625,0.7133680555555556,1.4018009247992211,0.0,0.05555555555555555,0.05555555555555555,0.9573564803547767
3,confidence_trap,18,oracle_cluster_exit,0.82,0.16666666666666666,0.5133333333333333,0.32266666666666666,3.0991735537190084,0.0,0.0,0.0,3.0991735537190084
3,confidence_trap,18,no_share_no_exit,0.9,1.0,1.0,1.0,1.0,0.0,0.0,0.0,1.0
3,confidence_trap,18,exact_prefix_only,0.9,0.3333333333333333,1.0,0.6333333333333333,1.5789473684210527,0.0,0.0,0.0,1.5789473684210527
3,confidence_trap,18,similarity_share,0.9,0.8888888888888888,1.0,0.9388888888888889,1.0650887573964498,0.0,0.0,0.0,1.0650887573964498
3,confidence_trap,18,conservative_share,0.9,1.0,1.0,1.0,1.0,0.0,0.0,0.0,1.0
3,confidence_trap,18,sim_share_conf_exit,0.9,0.8888888888888888,0.7833333333333334,0.841388888888889,1.188511059755695,0.0,0.1111111111111111,0.1111111111111111,0.2996221708668061
3,confidence_trap,18,sim_share_entropy_exit,0.9,0.8888888888888888,0.90625,0.896701388888889,1.1151984511132622,0.0,0.05555555555555555,0.05555555555555555,0.6707540066688178
3,confidence_trap,18,oracle_cluster_exit,0.9,0.16666666666666666,0.5133333333333333,0.32266666666666666,3.0991735537190084,0.0,0.0,0.0,3.0991735537190084
3,many_small_clusters,18,no_share_no_exit,0.72,1.0,1.0,1.0,1.0,0.0,0.0,0.0,1.0
3,many_small_clusters,18,exact_prefix_only,0.72,0.6111111111111112,1.0,0.7861111111111112,1.2720848056537102,0.0,0.0,0.0,1.2720848056537102
3,many_small_clusters,18,similarity_share,0.72,0.8888888888888888,1.0,0.9388888888888889,1.0650887573964498,0.0,0.0,0.0,1.0650887573964498
3,many_small_clusters,18,conservative_share,0.72,1.0,1.0,1.0,1.0,0.0,0.0,0.0,1.0
3,many_small_clusters,18,sim_share_conf_exit,0.72,0.8888888888888888,0.9277777777777779,0.906388888888889,1.103279190928593,0.0,0.0,0.0,1.103279190928593
3,many_small_clusters,18,sim_share_entropy_exit,0.72,0.8888888888888888,0.9236111111111112,0.904513888888889,1.1055662188099806,0.0,0.0,0.0,1.1055662188099806
3,many_small_clusters,18,oracle_cluster_exit,0.72,0.5,0.3844444444444444,0.448,2.232142857142857,0.0,0.0,0.0,2.232142857142857
3,many_small_clusters,18,no_share_no_exit,0.82,1.0,1.0,1.0,1.0,0.0,0.0,0.0,1.0
3,many_small_clusters,18,exact_prefix_only,0.82,0.6111111111111112,1.0,0.7861111111111112,1.2720848056537102,0.0,0.0,0.0,1.2720848056537102
3,many_small_clusters,18,similarity_share,0.82,1.0,1.0,1.0,1.0,0.0,0.0,0.0,1.0
3,many_small_clusters,18,conservative_share,0.82,1.0,1.0,1.0,1.0,0.0,0.0,0.0,1.0
3,many_small_clusters,18,sim_share_conf_exit,0.82,1.0,0.9277777777777779,0.9675000000000001,1.0335917312661498,0.0,0.0,0.0,1.0335917312661498
3,many_small_clusters,18,sim_share_entropy_exit,0.82,1.0,0.9236111111111112,0.9656250000000001,1.035598705501618,0.0,0.0,0.0,1.035598705501618
3,many_small_clusters,18,oracle_cluster_exit,0.82,0.5,0.3844444444444444,0.448,2.232142857142857,0.0,0.0,0.0,2.232142857142857
3,many_small_clusters,18,no_share_no_exit,0.9,1.0,1.0,1.0,1.0,0.0,0.0,0.0,1.0
3,many_small_clusters,18,exact_prefix_only,0.9,0.6111111111111112,1.0,0.7861111111111112,1.2720848056537102,0.0,0.0,0.0,1.2720848056537102
3,many_small_clusters,18,similarity_share,0.9,1.0,1.0,1.0,1.0,0.0,0.0,0.0,1.0
3,many_small_clusters,18,conservative_share,0.9,1.0,1.0,1.0,1.0,0.0,0.0,0.0,1.0
3,many_small_clusters,18,sim_share_conf_exit,0.9,1.0,0.9277777777777779,0.9675000000000001,1.0335917312661498,0.0,0.0,0.0,1.0335917312661498
3,many_small_clusters,18,sim_share_entropy_exit,0.9,1.0,0.9236111111111112,0.9656250000000001,1.035598705501618,0.0,0.0,0.0,1.035598705501618
3,many_small_clusters,18,oracle_cluster_exit,0.9,0.5,0.3844444444444444,0.448,2.232142857142857,0.0,0.0,0.0,2.232142857142857
4,clean_clusters,18,no_share_no_exit,0.72,1.0,1.0,1.0,1.0,0.0,0.0,0.0,1.0
4,clean_clusters,18,exact_prefix_only,0.72,0.3333333333333333,1.0,0.6333333333333333,1.5789473684210527,0.0,0.0,0.0,1.5789473684210527
4,clean_clusters,18,similarity_share,0.72,0.16666666666666666,1.0,0.5416666666666667,1.8461538461538458,0.0,0.0,0.0,1.8461538461538458
4,clean_clusters,18,conservative_share,0.72,0.3333333333333333,1.0,0.6333333333333333,1.5789473684210527,0.0,0.0,0.0,1.5789473684210527
4,clean_clusters,18,sim_share_conf_exit,0.72,0.16666666666666666,0.9277777777777779,0.5091666666666668,1.963993453355155,0.0,0.0,0.0,1.963993453355155
4,clean_clusters,18,sim_share_entropy_exit,0.72,0.16666666666666666,0.8784722222222222,0.4869791666666667,2.0534759358288768,0.0,0.0,0.0,2.0534759358288768
4,clean_clusters,18,oracle_cluster_exit,0.72,0.16666666666666666,0.3844444444444444,0.26466666666666666,3.7783375314861463,0.0,0.0,0.0,3.7783375314861463
4,clean_clusters,18,no_share_no_exit,0.82,1.0,1.0,1.0,1.0,0.0,0.0,0.0,1.0
4,clean_clusters,18,exact_prefix_only,0.82,0.3333333333333333,1.0,0.6333333333333333,1.5789473684210527,0.0,0.0,0.0,1.5789473684210527
4,clean_clusters,18,similarity_share,0.82,0.2777777777777778,1.0,0.6027777777777779,1.658986175115207,0.0,0.0,0.0,1.658986175115207
4,clean_clusters,18,conservative_share,0.82,0.8333333333333334,1.0,0.9083333333333334,1.1009174311926604,0.0,0.0,0.0,1.1009174311926604
4,clean_clusters,18,sim_share_conf_exit,0.82,0.2777777777777778,0.9277777777777779,0.5702777777777779,1.7535314174378955,0.0,0.0,0.0,1.7535314174378955
4,clean_clusters,18,sim_share_entropy_exit,0.82,0.2777777777777778,0.8784722222222222,0.5480902777777779,1.8245169464681656,0.0,0.0,0.0,1.8245169464681656
4,clean_clusters,18,oracle_cluster_exit,0.82,0.16666666666666666,0.3844444444444444,0.26466666666666666,3.7783375314861463,0.0,0.0,0.0,3.7783375314861463
4,clean_clusters,18,no_share_no_exit,0.9,1.0,1.0,1.0,1.0,0.0,0.0,0.0,1.0
4,clean_clusters,18,exact_prefix_only,0.9,0.3333333333333333,1.0,0.6333333333333333,1.5789473684210527,0.0,0.0,0.0,1.5789473684210527
4,clean_clusters,18,similarity_share,0.9,0.7777777777777778,1.0,0.8777777777777778,1.139240506329114,0.0,0.0,0.0,1.139240506329114
4,clean_clusters,18,conservative_share,0.9,1.0,1.0,1.0,1.0,0.0,0.0,0.0,1.0
4,clean_clusters,18,sim_share_conf_exit,0.9,0.7777777777777778,0.9277777777777779,0.8452777777777779,1.1830430496220834,0.0,0.0,0.0,1.1830430496220834
4,clean_clusters,18,sim_share_entropy_exit,0.9,0.7777777777777778,0.8784722222222222,0.8230902777777778,1.2149335583210292,0.0,0.0,0.0,1.2149335583210292
4,clean_clusters,18,oracle_cluster_exit,0.9,0.16666666666666666,0.3844444444444444,0.26466666666666666,3.7783375314861463,0.0,0.0,0.0,3.7783375314861463
4,near_miss_branches,18,no_share_no_exit,0.72,1.0,1.0,1.0,1.0,0.0,0.0,0.0,1.0
4,near_miss_branches,18,exact_prefix_only,0.72,1.0,1.0,1.0,1.0,0.0,0.0,0.0,1.0
4,near_miss_branches,18,similarity_share,0.72,0.9444444444444444,1.0,0.9694444444444446,1.0315186246418337,0.0,0.0,0.0,1.0315186246418337
4,near_miss_branches,18,conservative_share,0.72,1.0,1.0,1.0,1.0,0.0,0.0,0.0,1.0
4,near_miss_branches,18,sim_share_conf_exit,0.72,0.9444444444444444,0.9277777777777777,0.9369444444444445,1.0672991402312482,0.0,0.0,0.0,1.0672991402312482
4,near_miss_branches,18,sim_share_entropy_exit,0.72,0.9444444444444444,0.9236111111111112,0.9350694444444445,1.0694392870404752,0.0,0.0,0.0,1.0694392870404752
4,near_miss_branches,18,oracle_cluster_exit,0.72,0.16666666666666666,0.3844444444444444,0.26466666666666666,3.7783375314861463,0.0,0.0,0.0,3.7783375314861463
4,near_miss_branches,18,no_share_no_exit,0.82,1.0,1.0,1.0,1.0,0.0,0.0,0.0,1.0
4,near_miss_branches,18,exact_prefix_only,0.82,1.0,1.0,1.0,1.0,0.0,0.0,0.0,1.0
4,near_miss_branches,18,similarity_share,0.82,1.0,1.0,1.0,1.0,0.0,0.0,0.0,1.0
4,near_miss_branches,18,conservative_share,0.82,1.0,1.0,1.0,1.0,0.0,0.0,0.0,1.0
4,near_miss_branches,18,sim_share_conf_exit,0.82,1.0,0.9277777777777777,0.9675,1.0335917312661498,0.0,0.0,0.0,1.0335917312661498
4,near_miss_branches,18,sim_share_entropy_exit,0.82,1.0,0.9236111111111112,0.9656250000000001,1.035598705501618,0.0,0.0,0.0,1.035598705501618
4,near_miss_branches,18,oracle_cluster_exit,0.82,0.16666666666666666,0.3844444444444444,0.26466666666666666,3.7783375314861463,0.0,0.0,0.0,3.7783375314861463
4,near_miss_branches,18,no_share_no_exit,0.9,1.0,1.0,1.0,1.0,0.0,0.0,0.0,1.0
4,near_miss_branches,18,exact_prefix_only,0.9,1.0,1.0,1.0,1.0,0.0,0.0,0.0,1.0
4,near_miss_branches,18,similarity_share,0.9,1.0,1.0,1.0,1.0,0.0,0.0,0.0,1.0
4,near_miss_branches,18,conservative_share,0.9,1.0,1.0,1.0,1.0,0.0,0.0,0.0,1.0
4,near_miss_branches,18,sim_share_conf_exit,0.9,1.0,0.9277777777777777,0.9675,1.0335917312661498,0.0,0.0,0.0,1.0335917312661498
4,near_miss_branches,18,sim_share_entropy_exit,0.9,1.0,0.9236111111111112,0.9656250000000001,1.035598705501618,0.0,0.0,0.0,1.035598705501618
4,near_miss_branches,18,oracle_cluster_exit,0.9,0.16666666666666666,0.3844444444444444,0.26466666666666666,3.7783375314861463,0.0,0.0,0.0,3.7783375314861463
4,late_divergence,18,no_share_no_exit,0.72,1.0,1.0,1.0,1.0,0.0,0.0,0.0,1.0
4,late_divergence,18,exact_prefix_only,0.72,1.0,1.0,1.0,1.0,0.0,0.0,0.0,1.0
4,late_divergence,18,similarity_share,0.72,0.4444444444444444,1.0,0.6944444444444444,1.44,0.0,0.0,0.0,1.44
4,late_divergence,18,conservative_share,0.72,1.0,1.0,1.0,1.0,0.0,0.0,0.0,1.0
4,late_divergence,18,sim_share_conf_exit,0.72,0.4444444444444444,0.9277777777777777,0.6619444444444444,1.5107007973143096,0.0,0.0,0.0,1.5107007973143096
4,late_divergence,18,sim_share_entropy_exit,0.72,0.4444444444444444,0.7083333333333334,0.5631944444444446,1.7755856966707764,0.0,0.0,0.0,1.7755856966707764
4,late_divergence,18,oracle_cluster_exit,0.72,0.16666666666666666,0.3844444444444444,0.26466666666666666,3.7783375314861463,0.0,0.0,0.0,3.7783375314861463
4,late_divergence,18,no_share_no_exit,0.82,1.0,1.0,1.0,1.0,0.0,0.0,0.0,1.0
4,late_divergence,18,exact_prefix_only,0.82,1.0,1.0,1.0,1.0,0.0,0.0,0.0,1.0
4,late_divergence,18,similarity_share,0.82,0.7777777777777778,1.0,0.8777777777777778,1.139240506329114,0.0,0.0,0.0,1.139240506329114
4,late_divergence,18,conservative_share,0.82,1.0,1.0,1.0,1.0,0.0,0.0,0.0,1.0
4,late_divergence,18,sim_share_conf_exit,0.82,0.7777777777777778,0.9277777777777777,0.8452777777777778,1.1830430496220834,0.0,0.0,0.0,1.1830430496220834
4,late_divergence,18,sim_share_entropy_exit,0.82,0.7777777777777778,0.7083333333333334,0.7465277777777779,1.33953488372093,0.0,0.0,0.0,1.33953488372093
4,late_divergence,18,oracle_cluster_exit,0.82,0.16666666666666666,0.3844444444444444,0.26466666666666666,3.7783375314861463,0.0,0.0,0.0,3.7783375314861463
4,late_divergence,18,no_share_no_exit,0.9,1.0,1.0,1.0,1.0,0.0,0.0,0.0,1.0
4,late_divergence,18,exact_prefix_only,0.9,1.0,1.0,1.0,1.0,0.0,0.0,0.0,1.0
4,late_divergence,18,similarity_share,0.9,1.0,1.0,1.0,1.0,0.0,0.0,0.0,1.0
4,late_divergence,18,conservative_share,0.9,1.0,1.0,1.0,1.0,0.0,0.0,0.0,1.0
4,late_divergence,18,sim_share_conf_exit,0.9,1.0,0.9277777777777777,0.9675,1.0335917312661498,0.0,0.0,0.0,1.0335917312661498
4,late_divergence,18,sim_share_entropy_exit,0.9,1.0,0.7083333333333334,0.8687500000000001,1.1510791366906472,0.0,0.0,0.0,1.1510791366906472
4,late_divergence,18,oracle_cluster_exit,0.9,0.16666666666666666,0.3844444444444444,0.26466666666666666,3.7783375314861463,0.0,0.0,0.0,3.7783375314861463
4,confidence_trap,18,no_share_no_exit,0.72,1.0,1.0,1.0,1.0,0.0,0.0,0.0,1.0
4,confidence_trap,18,exact_prefix_only,0.72,0.3333333333333333,1.0,0.6333333333333333,1.5789473684210527,0.0,0.0,0.0,1.5789473684210527
4,confidence_trap,18,similarity_share,0.72,0.2777777777777778,1.0,0.6027777777777779,1.658986175115207,0.0,0.0,0.0,1.658986175115207
4,confidence_trap,18,conservative_share,0.72,0.7222222222222222,1.0,0.8472222222222223,1.1803278688524588,0.0,0.0,0.0,1.1803278688524588
4,confidence_trap,18,sim_share_conf_exit,0.72,0.2777777777777778,0.7111111111111111,0.4727777777777778,2.115158636897767,0.0,0.1111111111111111,0.1111111111111111,1.2262697480088782
4,confidence_trap,18,sim_share_entropy_exit,0.72,0.2777777777777778,0.9027777777777778,0.5590277777777778,1.7888198757763976,0.0,0.05555555555555555,0.05555555555555555,1.3443754313319531
4,confidence_trap,18,oracle_cluster_exit,0.72,0.16666666666666666,0.5133333333333333,0.32266666666666666,3.0991735537190084,0.0,0.0,0.0,3.0991735537190084
4,confidence_trap,18,no_share_no_exit,0.82,1.0,1.0,1.0,1.0,0.0,0.0,0.0,1.0
4,confidence_trap,18,exact_prefix_only,0.82,0.3333333333333333,1.0,0.6333333333333333,1.5789473684210527,0.0,0.0,0.0,1.5789473684210527
4,confidence_trap,18,similarity_share,0.82,0.7777777777777778,1.0,0.8777777777777778,1.139240506329114,0.0,0.0,0.0,1.139240506329114
4,confidence_trap,18,conservative_share,0.82,1.0,1.0,1.0,1.0,0.0,0.0,0.0,1.0
4,confidence_trap,18,sim_share_conf_exit,0.82,0.7777777777777778,0.7111111111111111,0.7477777777777779,1.337295690936107,0.0,0.1111111111111111,0.1111111111111111,0.44840680204721806
4,confidence_trap,18,sim_share_entropy_exit,0.82,0.7777777777777778,0.9027777777777778,0.8340277777777778,1.199000832639467,0.0,0.05555555555555555,0.05555555555555555,0.7545563881950226
4,confidence_trap,18,oracle_cluster_exit,0.82,0.16666666666666666,0.5133333333333333,0.32266666666666666,3.0991735537190084,0.0,0.0,0.0,3.0991735537190084
4,confidence_trap,18,no_share_no_exit,0.9,1.0,1.0,1.0,1.0,0.0,0.0,0.0,1.0
4,confidence_trap,18,exact_prefix_only,0.9,0.3333333333333333,1.0,0.6333333333333333,1.5789473684210527,0.0,0.0,0.0,1.5789473684210527
4,confidence_trap,18,similarity_share,0.9,1.0,1.0,1.0,1.0,0.0,0.0,0.0,1.0
4,confidence_trap,18,conservative_share,0.9,1.0,1.0,1.0,1.0,0.0,0.0,0.0,1.0
4,confidence_trap,18,sim_share_conf_exit,0.9,1.0,0.7111111111111111,0.8700000000000001,1.1494252873563218,0.0,0.1111111111111111,0.1111111111111111,0.26053639846743293
4,confidence_trap,18,sim_share_entropy_exit,0.9,1.0,0.9027777777777778,0.95625,1.0457516339869282,0.0,0.05555555555555555,0.05555555555555555,0.6013071895424837
4,confidence_trap,18,oracle_cluster_exit,0.9,0.16666666666666666,0.5133333333333333,0.32266666666666666,3.0991735537190084,0.0,0.0,0.0,3.0991735537190084
4,many_small_clusters,18,no_share_no_exit,0.72,1.0,1.0,1.0,1.0,0.0,0.0,0.0,1.0
4,many_small_clusters,18,exact_prefix_only,0.72,0.7777777777777778,1.0,0.8777777777777778,1.139240506329114,0.0,0.0,0.0,1.139240506329114
4,many_small_clusters,18,similarity_share,0.72,0.6666666666666666,1.0,0.8166666666666667,1.2244897959183674,0.0,0.0,0.0,1.2244897959183674
4,many_small_clusters,18,conservative_share,0.72,0.8888888888888888,1.0,0.9388888888888889,1.0650887573964498,0.0,0.0,0.0,1.0650887573964498
4,many_small_clusters,18,sim_share_conf_exit,0.72,0.6666666666666666,0.8916666666666667,0.7679166666666668,1.3022246337493215,0.0,0.0,0.0,1.3022246337493215
4,many_small_clusters,18,sim_share_entropy_exit,0.72,0.6666666666666666,0.8958333333333334,0.7697916666666667,1.2990527740189446,0.0,0.0,0.0,1.2990527740189446
4,many_small_clusters,18,oracle_cluster_exit,0.72,0.5,0.3844444444444444,0.448,2.232142857142857,0.0,0.0,0.0,2.232142857142857
4,many_small_clusters,18,no_share_no_exit,0.82,1.0,1.0,1.0,1.0,0.0,0.0,0.0,1.0
4,many_small_clusters,18,exact_prefix_only,0.82,0.7777777777777778,1.0,0.8777777777777778,1.139240506329114,0.0,0.0,0.0,1.139240506329114
4,many_small_clusters,18,similarity_share,0.82,1.0,1.0,1.0,1.0,0.0,0.0,0.0,1.0
4,many_small_clusters,18,conservative_share,0.82,1.0,1.0,1.0,1.0,0.0,0.0,0.0,1.0
4,many_small_clusters,18,sim_share_conf_exit,0.82,1.0,0.8916666666666667,0.9512500000000002,1.0512483574244413,0.0,0.0,0.0,1.0512483574244413
4,many_small_clusters,18,sim_share_entropy_exit,0.82,1.0,0.8958333333333334,0.953125,1.0491803278688525,0.0,0.0,0.0,1.0491803278688525
4,many_small_clusters,18,oracle_cluster_exit,0.82,0.5,0.3844444444444444,0.448,2.232142857142857,0.0,0.0,0.0,2.232142857142857
4,many_small_clusters,18,no_share_no_exit,0.9,1.0,1.0,1.0,1.0,0.0,0.0,0.0,1.0
4,many_small_clusters,18,exact_prefix_only,0.9,0.7777777777777778,1.0,0.8777777777777778,1.139240506329114,0.0,0.0,0.0,1.139240506329114
4,many_small_clusters,18,similarity_share,0.9,1.0,1.0,1.0,1.0,0.0,0.0,0.0,1.0
4,many_small_clusters,18,conservative_share,0.9,1.0,1.0,1.0,1.0,0.0,0.0,0.0,1.0
4,many_small_clusters,18,sim_share_conf_exit,0.9,1.0,0.8916666666666667,0.9512500000000002,1.0512483574244413,0.0,0.0,0.0,1.0512483574244413
4,many_small_clusters,18,sim_share_entropy_exit,0.9,1.0,0.8958333333333334,0.953125,1.0491803278688525,0.0,0.0,0.0,1.0491803278688525
4,many_small_clusters,18,oracle_cluster_exit,0.9,0.5,0.3844444444444444,0.448,2.232142857142857,0.0,0.0,0.0,2.232142857142857
5,clean_clusters,18,no_share_no_exit,0.72,1.0,1.0,1.0,1.0,0.0,0.0,0.0,1.0
5,clean_clusters,18,exact_prefix_only,0.72,0.3333333333333333,1.0,0.6333333333333333,1.5789473684210527,0.0,0.0,0.0,1.5789473684210527
5,clean_clusters,18,similarity_share,0.72,0.16666666666666666,1.0,0.5416666666666667,1.8461538461538458,0.0,0.0,0.0,1.8461538461538458
5,clean_clusters,18,conservative_share,0.72,0.3333333333333333,1.0,0.6333333333333333,1.5789473684210527,0.0,0.0,0.0,1.5789473684210527
5,clean_clusters,18,sim_share_conf_exit,0.72,0.16666666666666666,0.963888888888889,0.5254166666666668,1.90325138778747,0.0,0.0,0.0,1.90325138778747
5,clean_clusters,18,sim_share_entropy_exit,0.72,0.16666666666666666,0.9305555555555556,0.5104166666666667,1.9591836734693875,0.0,0.0,0.0,1.9591836734693875
5,clean_clusters,18,oracle_cluster_exit,0.72,0.16666666666666666,0.3844444444444444,0.26466666666666666,3.7783375314861463,0.0,0.0,0.0,3.7783375314861463
5,clean_clusters,18,no_share_no_exit,0.82,1.0,1.0,1.0,1.0,0.0,0.0,0.0,1.0
5,clean_clusters,18,exact_prefix_only,0.82,0.3333333333333333,1.0,0.6333333333333333,1.5789473684210527,0.0,0.0,0.0,1.5789473684210527
5,clean_clusters,18,similarity_share,0.82,0.3333333333333333,1.0,0.6333333333333333,1.5789473684210527,0.0,0.0,0.0,1.5789473684210527
5,clean_clusters,18,conservative_share,0.82,0.8888888888888888,1.0,0.9388888888888889,1.0650887573964498,0.0,0.0,0.0,1.0650887573964498
5,clean_clusters,18,sim_share_conf_exit,0.82,0.3333333333333333,0.963888888888889,0.6170833333333334,1.6205266711681294,0.0,0.0,0.0,1.6205266711681294
5,clean_clusters,18,sim_share_entropy_exit,0.82,0.3333333333333333,0.9305555555555556,0.6020833333333333,1.6608996539792389,0.0,0.0,0.0,1.6608996539792389
5,clean_clusters,18,oracle_cluster_exit,0.82,0.16666666666666666,0.3844444444444444,0.26466666666666666,3.7783375314861463,0.0,0.0,0.0,3.7783375314861463
5,clean_clusters,18,no_share_no_exit,0.9,1.0,1.0,1.0,1.0,0.0,0.0,0.0,1.0
5,clean_clusters,18,exact_prefix_only,0.9,0.3333333333333333,1.0,0.6333333333333333,1.5789473684210527,0.0,0.0,0.0,1.5789473684210527
5,clean_clusters,18,similarity_share,0.9,0.8888888888888888,1.0,0.9388888888888889,1.0650887573964498,0.0,0.0,0.0,1.0650887573964498
5,clean_clusters,18,conservative_share,0.9,1.0,1.0,1.0,1.0,0.0,0.0,0.0,1.0
5,clean_clusters,18,sim_share_conf_exit,0.9,0.8888888888888888,0.963888888888889,0.922638888888889,1.0838476591901247,0.0,0.0,0.0,1.0838476591901247
5,clean_clusters,18,sim_share_entropy_exit,0.9,0.8888888888888888,0.9305555555555556,0.9076388888888889,1.1017597551644989,0.0,0.0,0.0,1.1017597551644989
5,clean_clusters,18,oracle_cluster_exit,0.9,0.16666666666666666,0.3844444444444444,0.26466666666666666,3.7783375314861463,0.0,0.0,0.0,3.7783375314861463
5,near_miss_branches,18,no_share_no_exit,0.72,1.0,1.0,1.0,1.0,0.0,0.0,0.0,1.0
5,near_miss_branches,18,exact_prefix_only,0.72,1.0,1.0,1.0,1.0,0.0,0.0,0.0,1.0
5,near_miss_branches,18,similarity_share,0.72,1.0,1.0,1.0,1.0,0.0,0.0,0.0,1.0
5,near_miss_branches,18,conservative_share,0.72,1.0,1.0,1.0,1.0,0.0,0.0,0.0,1.0
5,near_miss_branches,18,sim_share_conf_exit,0.72,1.0,1.0,1.0,1.0,0.0,0.0,0.0,1.0
5,near_miss_branches,18,sim_share_entropy_exit,0.72,1.0,0.8993055555555556,0.9546875000000001,1.0474631751227494,0.0,0.05555555555555555,0.05555555555555555,0.603018730678305
5,near_miss_branches,18,oracle_cluster_exit,0.72,0.16666666666666666,0.3844444444444444,0.26466666666666666,3.7783375314861463,0.0,0.0,0.0,3.7783375314861463
5,near_miss_branches,18,no_share_no_exit,0.82,1.0,1.0,1.0,1.0,0.0,0.0,0.0,1.0
5,near_miss_branches,18,exact_prefix_only,0.82,1.0,1.0,1.0,1.0,0.0,0.0,0.0,1.0
5,near_miss_branches,18,similarity_share,0.82,1.0,1.0,1.0,1.0,0.0,0.0,0.0,1.0
5,near_miss_branches,18,conservative_share,0.82,1.0,1.0,1.0,1.0,0.0,0.0,0.0,1.0
5,near_miss_branches,18,sim_share_conf_exit,0.82,1.0,1.0,1.0,1.0,0.0,0.0,0.0,1.0
5,near_miss_branches,18,sim_share_entropy_exit,0.82,1.0,0.8993055555555556,0.9546875000000001,1.0474631751227494,0.0,0.05555555555555555,0.05555555555555555,0.603018730678305
5,near_miss_branches,18,oracle_cluster_exit,0.82,0.16666666666666666,0.3844444444444444,0.26466666666666666,3.7783375314861463,0.0,0.0,0.0,3.7783375314861463
5,near_miss_branches,18,no_share_no_exit,0.9,1.0,1.0,1.0,1.0,0.0,0.0,0.0,1.0
5,near_miss_branches,18,exact_prefix_only,0.9,1.0,1.0,1.0,1.0,0.0,0.0,0.0,1.0
5,near_miss_branches,18,similarity_share,0.9,1.0,1.0,1.0,1.0,0.0,0.0,0.0,1.0
5,near_miss_branches,18,conservative_share,0.9,1.0,1.0,1.0,1.0,0.0,0.0,0.0,1.0
5,near_miss_branches,18,sim_share_conf_exit,0.9,1.0,1.0,1.0,1.0,0.0,0.0,0.0,1.0
5,near_miss_branches,18,sim_share_entropy_exit,0.9,1.0,0.8993055555555556,0.9546875000000001,1.0474631751227494,0.0,0.05555555555555555,0.05555555555555555,0.603018730678305
5,near_miss_branches,18,oracle_cluster_exit,0.9,0.16666666666666666,0.3844444444444444,0.26466666666666666,3.7783375314861463,0.0,0.0,0.0,3.7783375314861463
5,late_divergence,18,no_share_no_exit,0.72,1.0,1.0,1.0,1.0,0.0,0.0,0.0,1.0
5,late_divergence,18,exact_prefix_only,0.72,1.0,1.0,1.0,1.0,0.0,0.0,0.0,1.0
5,late_divergence,18,similarity_share,0.72,0.5,1.0,0.7250000000000001,1.379310344827586,0.0,0.0,0.0,1.379310344827586
5,late_divergence,18,conservative_share,0.72,1.0,1.0,1.0,1.0,0.0,0.0,0.0,1.0
5,late_divergence,18,sim_share_conf_exit,0.72,0.5,1.0,0.7250000000000001,1.379310344827586,0.0,0.0,0.0,1.379310344827586
5,late_divergence,18,sim_share_entropy_exit,0.72,0.5,0.6909722222222222,0.5859375,1.7066666666666668,0.0,0.05555555555555555,0.05555555555555555,1.2622222222222224
5,late_divergence,18,oracle_cluster_exit,0.72,0.16666666666666666,0.3844444444444444,0.26466666666666666,3.7783375314861463,0.0,0.0,0.0,3.7783375314861463
5,late_divergence,18,no_share_no_exit,0.82,1.0,1.0,1.0,1.0,0.0,0.0,0.0,1.0
5,late_divergence,18,exact_prefix_only,0.82,1.0,1.0,1.0,1.0,0.0,0.0,0.0,1.0
5,late_divergence,18,similarity_share,0.82,1.0,1.0,1.0,1.0,0.0,0.0,0.0,1.0
5,late_divergence,18,conservative_share,0.82,1.0,1.0,1.0,1.0,0.0,0.0,0.0,1.0
5,late_divergence,18,sim_share_conf_exit,0.82,1.0,1.0,1.0,1.0,0.0,0.0,0.0,1.0
5,late_divergence,18,sim_share_entropy_exit,0.82,1.0,0.6909722222222222,0.8609375,1.161524500907441,0.0,0.05555555555555555,0.05555555555555555,0.7170800564629967
5,late_divergence,18,oracle_cluster_exit,0.82,0.16666666666666666,0.3844444444444444,0.26466666666666666,3.7783375314861463,0.0,0.0,0.0,3.7783375314861463
5,late_divergence,18,no_share_no_exit,0.9,1.0,1.0,1.0,1.0,0.0,0.0,0.0,1.0
5,late_divergence,18,exact_prefix_only,0.9,1.0,1.0,1.0,1.0,0.0,0.0,0.0,1.0
5,late_divergence,18,similarity_share,0.9,1.0,1.0,1.0,1.0,0.0,0.0,0.0,1.0
5,late_divergence,18,conservative_share,0.9,1.0,1.0,1.0,1.0,0.0,0.0,0.0,1.0
5,late_divergence,18,sim_share_conf_exit,0.9,1.0,1.0,1.0,1.0,0.0,0.0,0.0,1.0
5,late_divergence,18,sim_share_entropy_exit,0.9,1.0,0.6909722222222222,0.8609375,1.161524500907441,0.0,0.05555555555555555,0.05555555555555555,0.7170800564629967
5,late_divergence,18,oracle_cluster_exit,0.9,0.16666666666666666,0.3844444444444444,0.26466666666666666,3.7783375314861463,0.0,0.0,0.0,3.7783375314861463
5,confidence_trap,18,no_share_no_exit,0.72,1.0,1.0,1.0,1.0,0.0,0.0,0.0,1.0
5,confidence_trap,18,exact_prefix_only,0.72,0.3333333333333333,1.0,0.6333333333333333,1.5789473684210527,0.0,0.0,0.0,1.5789473684210527
5,confidence_trap,18,similarity_share,0.72,0.3333333333333333,1.0,0.6333333333333333,1.5789473684210527,0.0,0.0,0.0,1.5789473684210527
5,confidence_trap,18,conservative_share,0.72,0.8333333333333334,1.0,0.9083333333333334,1.1009174311926604,0.0,0.0,0.0,1.1009174311926604
5,confidence_trap,18,sim_share_conf_exit,0.72,0.3333333333333333,0.7833333333333333,0.5358333333333334,1.8662519440124414,0.0,0.1111111111111111,0.1111111111111111,0.9773630551235526
5,confidence_trap,18,sim_share_entropy_exit,0.72,0.3333333333333333,0.9652777777777778,0.6177083333333333,1.6188870151770658,0.0,0.0,0.0,1.6188870151770658
5,confidence_trap,18,oracle_cluster_exit,0.72,0.16666666666666666,0.5133333333333333,0.32266666666666666,3.0991735537190084,0.0,0.0,0.0,3.0991735537190084
5,confidence_trap,18,no_share_no_exit,0.82,1.0,1.0,1.0,1.0,0.0,0.0,0.0,1.0
5,confidence_trap,18,exact_prefix_only,0.82,0.3333333333333333,1.0,0.6333333333333333,1.5789473684210527,0.0,0.0,0.0,1.5789473684210527
5,confidence_trap,18,similarity_share,0.82,0.8333333333333334,1.0,0.9083333333333334,1.1009174311926604,0.0,0.0,0.0,1.1009174311926604
5,confidence_trap,18,conservative_share,0.82,1.0,1.0,1.0,1.0,0.0,0.0,0.0,1.0
5,confidence_trap,18,sim_share_conf_exit,0.82,0.8333333333333334,0.7833333333333333,0.8108333333333333,1.2332990750256938,0.0,0.1111111111111111,0.1111111111111111,0.34441018613680496
5,confidence_trap,18,sim_share_entropy_exit,0.82,0.8333333333333334,0.9652777777777778,0.8927083333333334,1.1201866977829638,0.0,0.0,0.0,1.1201866977829638
5,confidence_trap,18,oracle_cluster_exit,0.82,0.16666666666666666,0.5133333333333333,0.32266666666666666,3.0991735537190084,0.0,0.0,0.0,3.0991735537190084
5,confidence_trap,18,no_share_no_exit,0.9,1.0,1.0,1.0,1.0,0.0,0.0,0.0,1.0
5,confidence_trap,18,exact_prefix_only,0.9,0.3333333333333333,1.0,0.6333333333333333,1.5789473684210527,0.0,0.0,0.0,1.5789473684210527
5,confidence_trap,18,similarity_share,0.9,1.0,1.0,1.0,1.0,0.0,0.0,0.0,1.0
5,confidence_trap,18,conservative_share,0.9,1.0,1.0,1.0,1.0,0.0,0.0,0.0,1.0
5,confidence_trap,18,sim_share_conf_exit,0.9,1.0,0.7833333333333333,0.9025000000000001,1.1080332409972298,0.0,0.1111111111111111,0.1111111111111111,0.21914435210834093
5,confidence_trap,18,sim_share_entropy_exit,0.9,1.0,0.9652777777777778,0.984375,1.0158730158730158,0.0,0.0,0.0,1.0158730158730158
5,confidence_trap,18,oracle_cluster_exit,0.9,0.16666666666666666,0.5133333333333333,0.32266666666666666,3.0991735537190084,0.0,0.0,0.0,3.0991735537190084
5,many_small_clusters,18,no_share_no_exit,0.72,1.0,1.0,1.0,1.0,0.0,0.0,0.0,1.0
5,many_small_clusters,18,exact_prefix_only,0.72,0.6111111111111112,1.0,0.7861111111111112,1.2720848056537102,0.0,0.0,0.0,1.2720848056537102
5,many_small_clusters,18,similarity_share,0.72,0.7222222222222222,1.0,0.8472222222222223,1.1803278688524588,0.0,0.0,0.0,1.1803278688524588
5,many_small_clusters,18,conservative_share,0.72,0.9444444444444444,1.0,0.9694444444444446,1.0315186246418337,0.0,0.0,0.0,1.0315186246418337
5,many_small_clusters,18,sim_share_conf_exit,0.72,0.7222222222222222,1.0,0.8472222222222223,1.1803278688524588,0.0,0.0,0.0,1.1803278688524588
5,many_small_clusters,18,sim_share_entropy_exit,0.72,0.7222222222222222,0.9097222222222222,0.8065972222222222,1.2397761515281964,0.0,0.0,0.0,1.2397761515281964
5,many_small_clusters,18,oracle_cluster_exit,0.72,0.5,0.3844444444444444,0.448,2.232142857142857,0.0,0.0,0.0,2.232142857142857
5,many_small_clusters,18,no_share_no_exit,0.82,1.0,1.0,1.0,1.0,0.0,0.0,0.0,1.0
5,many_small_clusters,18,exact_prefix_only,0.82,0.6111111111111112,1.0,0.7861111111111112,1.2720848056537102,0.0,0.0,0.0,1.2720848056537102
5,many_small_clusters,18,similarity_share,0.82,0.8888888888888888,1.0,0.9388888888888889,1.0650887573964498,0.0,0.0,0.0,1.0650887573964498
5,many_small_clusters,18,conservative_share,0.82,1.0,1.0,1.0,1.0,0.0,0.0,0.0,1.0
5,many_small_clusters,18,sim_share_conf_exit,0.82,0.8888888888888888,1.0,0.9388888888888889,1.0650887573964498,0.0,0.0,0.0,1.0650887573964498
5,many_small_clusters,18,sim_share_entropy_exit,0.82,0.8888888888888888,0.9097222222222222,0.898263888888889,1.1132586006957865,0.0,0.0,0.0,1.1132586006957865
5,many_small_clusters,18,oracle_cluster_exit,0.82,0.5,0.3844444444444444,0.448,2.232142857142857,0.0,0.0,0.0,2.232142857142857
5,many_small_clusters,18,no_share_no_exit,0.9,1.0,1.0,1.0,1.0,0.0,0.0,0.0,1.0
5,many_small_clusters,18,exact_prefix_only,0.9,0.6111111111111112,1.0,0.7861111111111112,1.2720848056537102,0.0,0.0,0.0,1.2720848056537102
5,many_small_clusters,18,similarity_share,0.9,1.0,1.0,1.0,1.0,0.0,0.0,0.0,1.0
5,many_small_clusters,18,conservative_share,0.9,1.0,1.0,1.0,1.0,0.0,0.0,0.0,1.0
5,many_small_clusters,18,sim_share_conf_exit,0.9,1.0,1.0,1.0,1.0,0.0,0.0,0.0,1.0
5,many_small_clusters,18,sim_share_entropy_exit,0.9,1.0,0.9097222222222222,0.9593750000000001,1.042345276872964,0.0,0.0,0.0,1.042345276872964
5,many_small_clusters,18,oracle_cluster_exit,0.9,0.5,0.3844444444444444,0.448,2.232142857142857,0.0,0.0,0.0,2.232142857142857
6,clean_clusters,18,no_share_no_exit,0.72,1.0,1.0,1.0,1.0,0.0,0.0,0.0,1.0
6,clean_clusters,18,exact_prefix_only,0.72,0.3333333333333333,1.0,0.6333333333333333,1.5789473684210527,0.0,0.0,0.0,1.5789473684210527
6,clean_clusters,18,similarity_share,0.72,0.16666666666666666,1.0,0.5416666666666667,1.8461538461538458,0.0,0.0,0.0,1.8461538461538458
6,clean_clusters,18,conservative_share,0.72,0.3333333333333333,1.0,0.6333333333333333,1.5789473684210527,0.0,0.0,0.0,1.5789473684210527
6,clean_clusters,18,sim_share_conf_exit,0.72,0.16666666666666666,0.8916666666666667,0.4929166666666667,2.0287404902789516,0.0,0.0,0.0,2.0287404902789516
6,clean_clusters,18,sim_share_entropy_exit,0.72,0.16666666666666666,0.9166666666666666,0.5041666666666667,1.9834710743801653,0.0,0.0,0.0,1.9834710743801653
6,clean_clusters,18,oracle_cluster_exit,0.72,0.16666666666666666,0.3844444444444444,0.26466666666666666,3.7783375314861463,0.0,0.0,0.0,3.7783375314861463
6,clean_clusters,18,no_share_no_exit,0.82,1.0,1.0,1.0,1.0,0.0,0.0,0.0,1.0
6,clean_clusters,18,exact_prefix_only,0.82,0.3333333333333333,1.0,0.6333333333333333,1.5789473684210527,0.0,0.0,0.0,1.5789473684210527
6,clean_clusters,18,similarity_share,0.82,0.16666666666666666,1.0,0.5416666666666667,1.8461538461538458,0.0,0.0,0.0,1.8461538461538458
6,clean_clusters,18,conservative_share,0.82,0.7222222222222222,1.0,0.8472222222222223,1.1803278688524588,0.0,0.0,0.0,1.1803278688524588
6,clean_clusters,18,sim_share_conf_exit,0.82,0.16666666666666666,0.8916666666666667,0.4929166666666667,2.0287404902789516,0.0,0.0,0.0,2.0287404902789516
6,clean_clusters,18,sim_share_entropy_exit,0.82,0.16666666666666666,0.9166666666666666,0.5041666666666667,1.9834710743801653,0.0,0.0,0.0,1.9834710743801653
6,clean_clusters,18,oracle_cluster_exit,0.82,0.16666666666666666,0.3844444444444444,0.26466666666666666,3.7783375314861463,0.0,0.0,0.0,3.7783375314861463
6,clean_clusters,18,no_share_no_exit,0.9,1.0,1.0,1.0,1.0,0.0,0.0,0.0,1.0
6,clean_clusters,18,exact_prefix_only,0.9,0.3333333333333333,1.0,0.6333333333333333,1.5789473684210527,0.0,0.0,0.0,1.5789473684210527
6,clean_clusters,18,similarity_share,0.9,0.5555555555555556,1.0,0.7555555555555555,1.3235294117647058,0.0,0.0,0.0,1.3235294117647058
6,clean_clusters,18,conservative_share,0.9,1.0,1.0,1.0,1.0,0.0,0.0,0.0,1.0
6,clean_clusters,18,sim_share_conf_exit,0.9,0.5555555555555556,0.8916666666666667,0.7068055555555557,1.4148162703871092,0.0,0.0,0.0,1.4148162703871092
6,clean_clusters,18,sim_share_entropy_exit,0.9,0.5555555555555556,0.9166666666666666,0.7180555555555556,1.3926499032882012,0.0,0.0,0.0,1.3926499032882012
6,clean_clusters,18,oracle_cluster_exit,0.9,0.16666666666666666,0.3844444444444444,0.26466666666666666,3.7783375314861463,0.0,0.0,0.0,3.7783375314861463
6,near_miss_branches,18,no_share_no_exit,0.72,1.0,1.0,1.0,1.0,0.0,0.0,0.0,1.0
6,near_miss_branches,18,exact_prefix_only,0.72,1.0,1.0,1.0,1.0,0.0,0.0,0.0,1.0
6,near_miss_branches,18,similarity_share,0.72,0.8333333333333334,1.0,0.9083333333333334,1.1009174311926604,0.0,0.0,0.0,1.1009174311926604
6,near_miss_branches,18,conservative_share,0.72,1.0,1.0,1.0,1.0,0.0,0.0,0.0,1.0
6,near_miss_branches,18,sim_share_conf_exit,0.72,0.8333333333333334,0.9277777777777777,0.8758333333333334,1.1417697431018077,0.0,0.0,0.0,1.1417697431018077
6,near_miss_branches,18,sim_share_entropy_exit,0.72,0.8333333333333334,0.9236111111111112,0.8739583333333334,1.1442193087008343,0.0,0.05555555555555555,0.05555555555555555,0.6997748642563899
6,near_miss_branches,18,oracle_cluster_exit,0.72,0.16666666666666666,0.3844444444444444,0.26466666666666666,3.7783375314861463,0.0,0.0,0.0,3.7783375314861463
6,near_miss_branches,18,no_share_no_exit,0.82,1.0,1.0,1.0,1.0,0.0,0.0,0.0,1.0
6,near_miss_branches,18,exact_prefix_only,0.82,1.0,1.0,1.0,1.0,0.0,0.0,0.0,1.0
6,near_miss_branches,18,similarity_share,0.82,0.9444444444444444,1.0,0.9694444444444446,1.0315186246418337,0.0,0.0,0.0,1.0315186246418337
6,near_miss_branches,18,conservative_share,0.82,1.0,1.0,1.0,1.0,0.0,0.0,0.0,1.0
6,near_miss_branches,18,sim_share_conf_exit,0.82,0.9444444444444444,0.9277777777777777,0.9369444444444445,1.0672991402312482,0.0,0.0,0.0,1.0672991402312482
6,near_miss_branches,18,sim_share_entropy_exit,0.82,0.9444444444444444,0.9236111111111112,0.9350694444444445,1.0694392870404752,0.0,0.05555555555555555,0.05555555555555555,0.6249948425960308
6,near_miss_branches,18,oracle_cluster_exit,0.82,0.16666666666666666,0.3844444444444444,0.26466666666666666,3.7783375314861463,0.0,0.0,0.0,3.7783375314861463
6,near_miss_branches,18,no_share_no_exit,0.9,1.0,1.0,1.0,1.0,0.0,0.0,0.0,1.0
6,near_miss_branches,18,exact_prefix_only,0.9,1.0,1.0,1.0,1.0,0.0,0.0,0.0,1.0
6,near_miss_branches,18,similarity_share,0.9,1.0,1.0,1.0,1.0,0.0,0.0,0.0,1.0
6,near_miss_branches,18,conservative_share,0.9,1.0,1.0,1.0,1.0,0.0,0.0,0.0,1.0
6,near_miss_branches,18,sim_share_conf_exit,0.9,1.0,0.9277777777777777,0.9675,1.0335917312661498,0.0,0.0,0.0,1.0335917312661498
6,near_miss_branches,18,sim_share_entropy_exit,0.9,1.0,0.9236111111111112,0.9656250000000001,1.035598705501618,0.0,0.05555555555555555,0.05555555555555555,0.5911542610571736
6,near_miss_branches,18,oracle_cluster_exit,0.9,0.16666666666666666,0.3844444444444444,0.26466666666666666,3.7783375314861463,0.0,0.0,0.0,3.7783375314861463
6,late_divergence,18,no_share_no_exit,0.72,1.0,1.0,1.0,1.0,0.0,0.0,0.0,1.0
6,late_divergence,18,exact_prefix_only,0.72,1.0,1.0,1.0,1.0,0.0,0.0,0.0,1.0
6,late_divergence,18,similarity_share,0.72,0.3333333333333333,1.0,0.6333333333333333,1.5789473684210527,0.0,0.0,0.0,1.5789473684210527
6,late_divergence,18,conservative_share,0.72,1.0,1.0,1.0,1.0,0.0,0.0,0.0,1.0
6,late_divergence,18,sim_share_conf_exit,0.72,0.3333333333333333,0.9277777777777777,0.6008333333333333,1.6643550624133148,0.0,0.0,0.0,1.6643550624133148
6,late_divergence,18,sim_share_entropy_exit,0.72,0.3333333333333333,0.6944444444444444,0.49583333333333335,2.0168067226890756,0.0,0.1111111111111111,0.1111111111111111,1.1279178338001867
6,late_divergence,18,oracle_cluster_exit,0.72,0.16666666666666666,0.3844444444444444,0.26466666666666666,3.7783375314861463,0.0,0.0,0.0,3.7783375314861463
6,late_divergence,18,no_share_no_exit,0.82,1.0,1.0,1.0,1.0,0.0,0.0,0.0,1.0
6,late_divergence,18,exact_prefix_only,0.82,1.0,1.0,1.0,1.0,0.0,0.0,0.0,1.0
6,late_divergence,18,similarity_share,0.82,0.6666666666666666,1.0,0.8166666666666667,1.2244897959183674,0.0,0.0,0.0,1.2244897959183674
6,late_divergence,18,conservative_share,0.82,1.0,1.0,1.0,1.0,0.0,0.0,0.0,1.0
6,late_divergence,18,sim_share_conf_exit,0.82,0.6666666666666666,0.9277777777777777,0.7841666666666667,1.2752391073326248,0.0,0.0,0.0,1.2752391073326248
6,late_divergence,18,sim_share_entropy_exit,0.82,0.6666666666666666,0.6944444444444444,0.6791666666666667,1.4723926380368098,0.0,0.1111111111111111,0.1111111111111111,0.5835037491479209
6,late_divergence,18,oracle_cluster_exit,0.82,0.16666666666666666,0.3844444444444444,0.26466666666666666,3.7783375314861463,0.0,0.0,0.0,3.7783375314861463
6,late_divergence,18,no_share_no_exit,0.9,1.0,1.0,1.0,1.0,0.0,0.0,0.0,1.0
6,late_divergence,18,exact_prefix_only,0.9,1.0,1.0,1.0,1.0,0.0,0.0,0.0,1.0
6,late_divergence,18,similarity_share,0.9,0.8333333333333334,1.0,0.9083333333333334,1.1009174311926604,0.0,0.0,0.0,1.1009174311926604
6,late_divergence,18,conservative_share,0.9,1.0,1.0,1.0,1.0,0.0,0.0,0.0,1.0
6,late_divergence,18,sim_share_conf_exit,0.9,0.8333333333333334,0.9277777777777777,0.8758333333333334,1.1417697431018077,0.0,0.0,0.0,1.1417697431018077
6,late_divergence,18,sim_share_entropy_exit,0.9,0.8333333333333334,0.6944444444444444,0.7708333333333334,1.2972972972972971,0.0,0.1111111111111111,0.1111111111111111,0.4084084084084083
6,late_divergence,18,oracle_cluster_exit,0.9,0.16666666666666666,0.3844444444444444,0.26466666666666666,3.7783375314861463,0.0,0.0,0.0,3.7783375314861463
6,confidence_trap,18,no_share_no_exit,0.72,1.0,1.0,1.0,1.0,0.0,0.0,0.0,1.0
6,confidence_trap,18,exact_prefix_only,0.72,0.3333333333333333,1.0,0.6333333333333333,1.5789473684210527,0.0,0.0,0.0,1.5789473684210527
6,confidence_trap,18,similarity_share,0.72,0.2222222222222222,1.0,0.5722222222222222,1.7475728155339807,0.0,0.0,0.0,1.7475728155339807
6,confidence_trap,18,conservative_share,0.72,0.5555555555555556,1.0,0.7555555555555555,1.3235294117647058,0.0,0.0,0.0,1.3235294117647058
6,confidence_trap,18,sim_share_conf_exit,0.72,0.2222222222222222,0.7472222222222222,0.4584722222222222,2.1811572250833082,0.0,0.16666666666666666,0.16666666666666666,0.847823891749975
6,confidence_trap,18,sim_share_entropy_exit,0.72,0.2222222222222222,0.9166666666666666,0.5347222222222222,1.87012987012987,0.0,0.1111111111111111,0.1111111111111111,0.9812409812409812
6,confidence_trap,18,oracle_cluster_exit,0.72,0.16666666666666666,0.5133333333333333,0.32266666666666666,3.0991735537190084,0.0,0.0,0.0,3.0991735537190084
6,confidence_trap,18,no_share_no_exit,0.82,1.0,1.0,1.0,1.0,0.0,0.0,0.0,1.0
6,confidence_trap,18,exact_prefix_only,0.82,0.3333333333333333,1.0,0.6333333333333333,1.5789473684210527,0.0,0.0,0.0,1.5789473684210527
6,confidence_trap,18,similarity_share,0.82,0.5,1.0,0.7250000000000001,1.379310344827586,0.0,0.0,0.0,1.379310344827586
6,confidence_trap,18,conservative_share,0.82,0.8888888888888888,1.0,0.9388888888888889,1.0650887573964498,0.0,0.0,0.0,1.0650887573964498
6,confidence_trap,18,sim_share_conf_exit,0.82,0.5,0.7472222222222222,0.6112500000000001,1.6359918200408996,0.0,0.16666666666666666,0.16666666666666666,0.30265848670756634
6,confidence_trap,18,sim_share_entropy_exit,0.82,0.5,0.9166666666666666,0.6875,1.4545454545454546,0.0,0.1111111111111111,0.1111111111111111,0.5656565656565657
6,confidence_trap,18,oracle_cluster_exit,0.82,0.16666666666666666,0.5133333333333333,0.32266666666666666,3.0991735537190084,0.0,0.0,0.0,3.0991735537190084
6,confidence_trap,18,no_share_no_exit,0.9,1.0,1.0,1.0,1.0,0.0,0.0,0.0,1.0
6,confidence_trap,18,exact_prefix_only,0.9,0.3333333333333333,1.0,0.6333333333333333,1.5789473684210527,0.0,0.0,0.0,1.5789473684210527
6,confidence_trap,18,similarity_share,0.9,0.8333333333333334,1.0,0.9083333333333334,1.1009174311926604,0.0,0.0,0.0,1.1009174311926604
6,confidence_trap,18,conservative_share,0.9,1.0,1.0,1.0,1.0,0.0,0.0,0.0,1.0
6,confidence_trap,18,sim_share_conf_exit,0.9,0.8333333333333334,0.7472222222222222,0.7945833333333334,1.2585212375458834,0.0,0.16666666666666666,0.16666666666666666,-0.07481209578744985
6,confidence_trap,18,sim_share_entropy_exit,0.9,0.8333333333333334,0.9166666666666666,0.8708333333333333,1.1483253588516746,0.0,0.1111111111111111,0.1111111111111111,0.2594364699627858
6,confidence_trap,18,oracle_cluster_exit,0.9,0.16666666666666666,0.5133333333333333,0.32266666666666666,3.0991735537190084,0.0,0.0,0.0,3.0991735537190084
6,many_small_clusters,18,no_share_no_exit,0.72,1.0,1.0,1.0,1.0,0.0,0.0,0.0,1.0
6,many_small_clusters,18,exact_prefix_only,0.72,0.8333333333333334,1.0,0.9083333333333334,1.1009174311926604,0.0,0.0,0.0,1.1009174311926604
6,many_small_clusters,18,similarity_share,0.72,0.6666666666666666,1.0,0.8166666666666667,1.2244897959183674,0.0,0.0,0.0,1.2244897959183674
6,many_small_clusters,18,conservative_share,0.72,1.0,1.0,1.0,1.0,0.0,0.0,0.0,1.0
6,many_small_clusters,18,sim_share_conf_exit,0.72,0.6666666666666666,0.963888888888889,0.8004166666666668,1.24934929724102,0.0,0.0,0.0,1.24934929724102
6,many_small_clusters,18,sim_share_entropy_exit,0.72,0.6666666666666666,0.9236111111111112,0.7822916666666667,1.2782956058588548,0.0,0.0,0.0,1.2782956058588548
6,many_small_clusters,18,oracle_cluster_exit,0.72,0.5,0.3844444444444444,0.448,2.232142857142857,0.0,0.0,0.0,2.232142857142857
6,many_small_clusters,18,no_share_no_exit,0.82,1.0,1.0,1.0,1.0,0.0,0.0,0.0,1.0
6,many_small_clusters,18,exact_prefix_only,0.82,0.8333333333333334,1.0,0.9083333333333334,1.1009174311926604,0.0,0.0,0.0,1.1009174311926604
6,many_small_clusters,18,similarity_share,0.82,0.9444444444444444,1.0,0.9694444444444446,1.0315186246418337,0.0,0.0,0.0,1.0315186246418337
6,many_small_clusters,18,conservative_share,0.82,1.0,1.0,1.0,1.0,0.0,0.0,0.0,1.0
6,many_small_clusters,18,sim_share_conf_exit,0.82,0.9444444444444444,0.963888888888889,0.9531944444444446,1.0491038904269268,0.0,0.0,0.0,1.0491038904269268
6,many_small_clusters,18,sim_share_entropy_exit,0.82,0.9444444444444444,0.9236111111111112,0.9350694444444445,1.0694392870404752,0.0,0.0,0.0,1.0694392870404752
6,many_small_clusters,18,oracle_cluster_exit,0.82,0.5,0.3844444444444444,0.448,2.232142857142857,0.0,0.0,0.0,2.232142857142857
6,many_small_clusters,18,no_share_no_exit,0.9,1.0,1.0,1.0,1.0,0.0,0.0,0.0,1.0
6,many_small_clusters,18,exact_prefix_only,0.9,0.8333333333333334,1.0,0.9083333333333334,1.1009174311926604,0.0,0.0,0.0,1.1009174311926604
6,many_small_clusters,18,similarity_share,0.9,1.0,1.0,1.0,1.0,0.0,0.0,0.0,1.0
6,many_small_clusters,18,conservative_share,0.9,1.0,1.0,1.0,1.0,0.0,0.0,0.0,1.0
6,many_small_clusters,18,sim_share_conf_exit,0.9,1.0,0.963888888888889,0.9837500000000001,1.016518424396442,0.0,0.0,0.0,1.016518424396442
6,many_small_clusters,18,sim_share_entropy_exit,0.9,1.0,0.9236111111111112,0.9656250000000001,1.035598705501618,0.0,0.0,0.0,1.035598705501618
6,many_small_clusters,18,oracle_cluster_exit,0.9,0.5,0.3844444444444444,0.448,2.232142857142857,0.0,0.0,0.0,2.232142857142857
7,clean_clusters,18,no_share_no_exit,0.72,1.0,1.0,1.0,1.0,0.0,0.0,0.0,1.0
7,clean_clusters,18,exact_prefix_only,0.72,0.2777777777777778,1.0,0.6027777777777779,1.658986175115207,0.0,0.0,0.0,1.658986175115207
7,clean_clusters,18,similarity_share,0.72,0.16666666666666666,1.0,0.5416666666666667,1.8461538461538458,0.0,0.0,0.0,1.8461538461538458
7,clean_clusters,18,conservative_share,0.72,0.2777777777777778,1.0,0.6027777777777779,1.658986175115207,0.0,0.0,0.0,1.658986175115207
7,clean_clusters,18,sim_share_conf_exit,0.72,0.16666666666666666,0.7833333333333333,0.44416666666666665,2.25140712945591,0.0,0.0,0.0,2.25140712945591
7,clean_clusters,18,sim_share_entropy_exit,0.72,0.16666666666666666,0.9166666666666666,0.5041666666666667,1.9834710743801653,0.0,0.0,0.0,1.9834710743801653
7,clean_clusters,18,oracle_cluster_exit,0.72,0.16666666666666666,0.3844444444444444,0.26466666666666666,3.7783375314861463,0.0,0.0,0.0,3.7783375314861463
7,clean_clusters,18,no_share_no_exit,0.82,1.0,1.0,1.0,1.0,0.0,0.0,0.0,1.0
7,clean_clusters,18,exact_prefix_only,0.82,0.2777777777777778,1.0,0.6027777777777779,1.658986175115207,0.0,0.0,0.0,1.658986175115207
7,clean_clusters,18,similarity_share,0.82,0.2777777777777778,1.0,0.6027777777777779,1.658986175115207,0.0,0.0,0.0,1.658986175115207
7,clean_clusters,18,conservative_share,0.82,0.8333333333333334,1.0,0.9083333333333334,1.1009174311926604,0.0,0.0,0.0,1.1009174311926604
7,clean_clusters,18,sim_share_conf_exit,0.82,0.2777777777777778,0.7833333333333333,0.5052777777777777,1.979109400769654,0.0,0.0,0.0,1.979109400769654
7,clean_clusters,18,sim_share_entropy_exit,0.82,0.2777777777777778,0.9166666666666666,0.5652777777777778,1.769041769041769,0.0,0.0,0.0,1.769041769041769
7,clean_clusters,18,oracle_cluster_exit,0.82,0.16666666666666666,0.3844444444444444,0.26466666666666666,3.7783375314861463,0.0,0.0,0.0,3.7783375314861463
7,clean_clusters,18,no_share_no_exit,0.9,1.0,1.0,1.0,1.0,0.0,0.0,0.0,1.0
7,clean_clusters,18,exact_prefix_only,0.9,0.2777777777777778,1.0,0.6027777777777779,1.658986175115207,0.0,0.0,0.0,1.658986175115207
7,clean_clusters,18,similarity_share,0.9,0.7777777777777778,1.0,0.8777777777777778,1.139240506329114,0.0,0.0,0.0,1.139240506329114
7,clean_clusters,18,conservative_share,0.9,1.0,1.0,1.0,1.0,0.0,0.0,0.0,1.0
7,clean_clusters,18,sim_share_conf_exit,0.9,0.7777777777777778,0.7833333333333333,0.7802777777777778,1.2815948736205054,0.0,0.0,0.0,1.2815948736205054
7,clean_clusters,18,sim_share_entropy_exit,0.9,0.7777777777777778,0.9166666666666666,0.8402777777777778,1.1900826446280992,0.0,0.0,0.0,1.1900826446280992
7,clean_clusters,18,oracle_cluster_exit,0.9,0.16666666666666666,0.3844444444444444,0.26466666666666666,3.7783375314861463,0.0,0.0,0.0,3.7783375314861463
7,near_miss_branches,18,no_share_no_exit,0.72,1.0,1.0,1.0,1.0,0.0,0.0,0.0,1.0
7,near_miss_branches,18,exact_prefix_only,0.72,1.0,1.0,1.0,1.0,0.0,0.0,0.0,1.0
7,near_miss_branches,18,similarity_share,0.72,1.0,1.0,1.0,1.0,0.0,0.0,0.0,1.0
7,near_miss_branches,18,conservative_share,0.72,1.0,1.0,1.0,1.0,0.0,0.0,0.0,1.0
7,near_miss_branches,18,sim_share_conf_exit,0.72,1.0,0.8916666666666667,0.9512500000000002,1.0512483574244413,0.0,0.0,0.0,1.0512483574244413
7,near_miss_branches,18,sim_share_entropy_exit,0.72,1.0,0.9201388888888888,0.9640625,1.0372771474878444,0.0,0.05555555555555555,0.05555555555555555,0.5928327030434
7,near_miss_branches,18,oracle_cluster_exit,0.72,0.16666666666666666,0.3844444444444444,0.26466666666666666,3.7783375314861463,0.0,0.0,0.0,3.7783375314861463
7,near_miss_branches,18,no_share_no_exit,0.82,1.0,1.0,1.0,1.0,0.0,0.0,0.0,1.0
7,near_miss_branches,18,exact_prefix_only,0.82,1.0,1.0,1.0,1.0,0.0,0.0,0.0,1.0
7,near_miss_branches,18,similarity_share,0.82,1.0,1.0,1.0,1.0,0.0,0.0,0.0,1.0
7,near_miss_branches,18,conservative_share,0.82,1.0,1.0,1.0,1.0,0.0,0.0,0.0,1.0
7,near_miss_branches,18,sim_share_conf_exit,0.82,1.0,0.8916666666666667,0.9512500000000002,1.0512483574244413,0.0,0.0,0.0,1.0512483574244413
7,near_miss_branches,18,sim_share_entropy_exit,0.82,1.0,0.9201388888888888,0.9640625,1.0372771474878444,0.0,0.05555555555555555,0.05555555555555555,0.5928327030434
7,near_miss_branches,18,oracle_cluster_exit,0.82,0.16666666666666666,0.3844444444444444,0.26466666666666666,3.7783375314861463,0.0,0.0,0.0,3.7783375314861463
7,near_miss_branches,18,no_share_no_exit,0.9,1.0,1.0,1.0,1.0,0.0,0.0,0.0,1.0
7,near_miss_branches,18,exact_prefix_only,0.9,1.0,1.0,1.0,1.0,0.0,0.0,0.0,1.0
7,near_miss_branches,18,similarity_share,0.9,1.0,1.0,1.0,1.0,0.0,0.0,0.0,1.0
7,near_miss_branches,18,conservative_share,0.9,1.0,1.0,1.0,1.0,0.0,0.0,0.0,1.0
7,near_miss_branches,18,sim_share_conf_exit,0.9,1.0,0.8916666666666667,0.9512500000000002,1.0512483574244413,0.0,0.0,0.0,1.0512483574244413
7,near_miss_branches,18,sim_share_entropy_exit,0.9,1.0,0.9201388888888888,0.9640625,1.0372771474878444,0.0,0.05555555555555555,0.05555555555555555,0.5928327030434
7,near_miss_branches,18,oracle_cluster_exit,0.9,0.16666666666666666,0.3844444444444444,0.26466666666666666,3.7783375314861463,0.0,0.0,0.0,3.7783375314861463
7,late_divergence,18,no_share_no_exit,0.72,1.0,1.0,1.0,1.0,0.0,0.0,0.0,1.0
7,late_divergence,18,exact_prefix_only,0.72,1.0,1.0,1.0,1.0,0.0,0.0,0.0,1.0
7,late_divergence,18,similarity_share,0.72,0.5,1.0,0.7250000000000001,1.379310344827586,0.0,0.0,0.0,1.379310344827586
7,late_divergence,18,conservative_share,0.72,1.0,1.0,1.0,1.0,0.0,0.0,0.0,1.0
7,late_divergence,18,sim_share_conf_exit,0.72,0.5,0.8916666666666667,0.67625,1.478743068391867,0.0,0.0,0.0,1.478743068391867
7,late_divergence,18,sim_share_entropy_exit,0.72,0.5,0.6979166666666666,0.5890625,1.6976127320954906,0.0,0.05555555555555555,0.05555555555555555,1.2531682876510462
7,late_divergence,18,oracle_cluster_exit,0.72,0.16666666666666666,0.3844444444444444,0.26466666666666666,3.7783375314861463,0.0,0.0,0.0,3.7783375314861463
7,late_divergence,18,no_share_no_exit,0.82,1.0,1.0,1.0,1.0,0.0,0.0,0.0,1.0
7,late_divergence,18,exact_prefix_only,0.82,1.0,1.0,1.0,1.0,0.0,0.0,0.0,1.0
7,late_divergence,18,similarity_share,0.82,0.8888888888888888,1.0,0.9388888888888889,1.0650887573964498,0.0,0.0,0.0,1.0650887573964498
7,late_divergence,18,conservative_share,0.82,1.0,1.0,1.0,1.0,0.0,0.0,0.0,1.0
7,late_divergence,18,sim_share_conf_exit,0.82,0.8888888888888888,0.8916666666666667,0.890138888888889,1.1234201903573098,0.0,0.0,0.0,1.1234201903573098
7,late_divergence,18,sim_share_entropy_exit,0.82,0.8888888888888888,0.6979166666666666,0.8029513888888888,1.2454054054054056,0.0,0.05555555555555555,0.05555555555555555,0.8009609609609611
7,late_divergence,18,oracle_cluster_exit,0.82,0.16666666666666666,0.3844444444444444,0.26466666666666666,3.7783375314861463,0.0,0.0,0.0,3.7783375314861463
7,late_divergence,18,no_share_no_exit,0.9,1.0,1.0,1.0,1.0,0.0,0.0,0.0,1.0
7,late_divergence,18,exact_prefix_only,0.9,1.0,1.0,1.0,1.0,0.0,0.0,0.0,1.0
7,late_divergence,18,similarity_share,0.9,1.0,1.0,1.0,1.0,0.0,0.0,0.0,1.0
7,late_divergence,18,conservative_share,0.9,1.0,1.0,1.0,1.0,0.0,0.0,0.0,1.0
7,late_divergence,18,sim_share_conf_exit,0.9,1.0,0.8916666666666667,0.9512500000000002,1.0512483574244413,0.0,0.0,0.0,1.0512483574244413
7,late_divergence,18,sim_share_entropy_exit,0.9,1.0,0.6979166666666666,0.8640625,1.1573236889692586,0.0,0.05555555555555555,0.05555555555555555,0.7128792445248142
7,late_divergence,18,oracle_cluster_exit,0.9,0.16666666666666666,0.3844444444444444,0.26466666666666666,3.7783375314861463,0.0,0.0,0.0,3.7783375314861463
7,confidence_trap,18,no_share_no_exit,0.72,1.0,1.0,1.0,1.0,0.0,0.0,0.0,1.0
7,confidence_trap,18,exact_prefix_only,0.72,0.2777777777777778,1.0,0.6027777777777779,1.658986175115207,0.0,0.0,0.0,1.658986175115207
7,confidence_trap,18,similarity_share,0.72,0.3333333333333333,1.0,0.6333333333333333,1.5789473684210527,0.0,0.0,0.0,1.5789473684210527
7,confidence_trap,18,conservative_share,0.72,0.7777777777777778,1.0,0.8777777777777778,1.139240506329114,0.0,0.0,0.0,1.139240506329114
7,confidence_trap,18,sim_share_conf_exit,0.72,0.3333333333333333,0.6388888888888888,0.4708333333333333,2.1238938053097347,0.0,0.2222222222222222,0.2222222222222222,0.346116027531957
7,confidence_trap,18,sim_share_entropy_exit,0.72,0.3333333333333333,0.9305555555555556,0.6020833333333333,1.6608996539792389,0.0,0.05555555555555555,0.05555555555555555,1.2164552095347945
7,confidence_trap,18,oracle_cluster_exit,0.72,0.16666666666666666,0.5133333333333333,0.32266666666666666,3.0991735537190084,0.0,0.0,0.0,3.0991735537190084
7,confidence_trap,18,no_share_no_exit,0.82,1.0,1.0,1.0,1.0,0.0,0.0,0.0,1.0
7,confidence_trap,18,exact_prefix_only,0.82,0.2777777777777778,1.0,0.6027777777777779,1.658986175115207,0.0,0.0,0.0,1.658986175115207
7,confidence_trap,18,similarity_share,0.82,0.7222222222222222,1.0,0.8472222222222223,1.1803278688524588,0.0,0.0,0.0,1.1803278688524588
7,confidence_trap,18,conservative_share,0.82,1.0,1.0,1.0,1.0,0.0,0.0,0.0,1.0
7,confidence_trap,18,sim_share_conf_exit,0.82,0.7222222222222222,0.6388888888888888,0.6847222222222222,1.460446247464503,0.0,0.2222222222222222,0.2222222222222222,-0.31733153031327466
7,confidence_trap,18,sim_share_entropy_exit,0.82,0.7222222222222222,0.9305555555555556,0.8159722222222223,1.2255319148936168,0.0,0.05555555555555555,0.05555555555555555,0.7810874704491724
7,confidence_trap,18,oracle_cluster_exit,0.82,0.16666666666666666,0.5133333333333333,0.32266666666666666,3.0991735537190084,0.0,0.0,0.0,3.0991735537190084
7,confidence_trap,18,no_share_no_exit,0.9,1.0,1.0,1.0,1.0,0.0,0.0,0.0,1.0
7,confidence_trap,18,exact_prefix_only,0.9,0.2777777777777778,1.0,0.6027777777777779,1.658986175115207,0.0,0.0,0.0,1.658986175115207
7,confidence_trap,18,similarity_share,0.9,1.0,1.0,1.0,1.0,0.0,0.0,0.0,1.0
7,confidence_trap,18,conservative_share,0.9,1.0,1.0,1.0,1.0,0.0,0.0,0.0,1.0
7,confidence_trap,18,sim_share_conf_exit,0.9,1.0,0.6388888888888888,0.8375,1.1940298507462686,0.0,0.2222222222222222,0.2222222222222222,-0.5837479270315091
7,confidence_trap,18,sim_share_entropy_exit,0.9,1.0,0.9305555555555556,0.96875,1.032258064516129,0.0,0.05555555555555555,0.05555555555555555,0.5878136200716846
7,confidence_trap,18,oracle_cluster_exit,0.9,0.16666666666666666,0.5133333333333333,0.32266666666666666,3.0991735537190084,0.0,0.0,0.0,3.0991735537190084
7,many_small_clusters,18,no_share_no_exit,0.72,1.0,1.0,1.0,1.0,0.0,0.0,0.0,1.0
7,many_small_clusters,18,exact_prefix_only,0.72,0.6666666666666666,1.0,0.8166666666666667,1.2244897959183674,0.0,0.0,0.0,1.2244897959183674
7,many_small_clusters,18,similarity_share,0.72,0.7777777777777778,1.0,0.8777777777777778,1.139240506329114,0.0,0.0,0.0,1.139240506329114
7,many_small_clusters,18,conservative_share,0.72,0.9444444444444444,1.0,0.9694444444444446,1.0315186246418337,0.0,0.0,0.0,1.0315186246418337
7,many_small_clusters,18,sim_share_conf_exit,0.72,0.7777777777777778,0.9277777777777779,0.8452777777777779,1.1830430496220834,0.0,0.0,0.0,1.1830430496220834
7,many_small_clusters,18,sim_share_entropy_exit,0.72,0.7777777777777778,0.8923611111111112,0.8293402777777779,1.205777684739376,0.0,0.0,0.0,1.205777684739376
7,many_small_clusters,18,oracle_cluster_exit,0.72,0.5,0.3844444444444444,0.448,2.232142857142857,0.0,0.0,0.0,2.232142857142857
7,many_small_clusters,18,no_share_no_exit,0.82,1.0,1.0,1.0,1.0,0.0,0.0,0.0,1.0
7,many_small_clusters,18,exact_prefix_only,0.82,0.6666666666666666,1.0,0.8166666666666667,1.2244897959183674,0.0,0.0,0.0,1.2244897959183674
7,many_small_clusters,18,similarity_share,0.82,1.0,1.0,1.0,1.0,0.0,0.0,0.0,1.0
7,many_small_clusters,18,conservative_share,0.82,1.0,1.0,1.0,1.0,0.0,0.0,0.0,1.0
7,many_small_clusters,18,sim_share_conf_exit,0.82,1.0,0.9277777777777779,0.9675000000000001,1.0335917312661498,0.0,0.0,0.0,1.0335917312661498
7,many_small_clusters,18,sim_share_entropy_exit,0.82,1.0,0.8923611111111112,0.9515625000000001,1.050903119868637,0.0,0.0,0.0,1.050903119868637
7,many_small_clusters,18,oracle_cluster_exit,0.82,0.5,0.3844444444444444,0.448,2.232142857142857,0.0,0.0,0.0,2.232142857142857
7,many_small_clusters,18,no_share_no_exit,0.9,1.0,1.0,1.0,1.0,0.0,0.0,0.0,1.0
7,many_small_clusters,18,exact_prefix_only,0.9,0.6666666666666666,1.0,0.8166666666666667,1.2244897959183674,0.0,0.0,0.0,1.2244897959183674
7,many_small_clusters,18,similarity_share,0.9,1.0,1.0,1.0,1.0,0.0,0.0,0.0,1.0
7,many_small_clusters,18,conservative_share,0.9,1.0,1.0,1.0,1.0,0.0,0.0,0.0,1.0
7,many_small_clusters,18,sim_share_conf_exit,0.9,1.0,0.9277777777777779,0.9675000000000001,1.0335917312661498,0.0,0.0,0.0,1.0335917312661498
7,many_small_clusters,18,sim_share_entropy_exit,0.9,1.0,0.8923611111111112,0.9515625000000001,1.050903119868637,0.0,0.0,0.0,1.050903119868637
7,many_small_clusters,18,oracle_cluster_exit,0.9,0.5,0.3844444444444444,0.448,2.232142857142857,0.0,0.0,0.0,2.232142857142857
8,clean_clusters,18,no_share_no_exit,0.72,1.0,1.0,1.0,1.0,0.0,0.0,0.0,1.0
8,clean_clusters,18,exact_prefix_only,0.72,0.3333333333333333,1.0,0.6333333333333333,1.5789473684210527,0.0,0.0,0.0,1.5789473684210527
8,clean_clusters,18,similarity_share,0.72,0.16666666666666666,1.0,0.5416666666666667,1.8461538461538458,0.0,0.0,0.0,1.8461538461538458
8,clean_clusters,18,conservative_share,0.72,0.3888888888888889,1.0,0.663888888888889,1.5062761506276148,0.0,0.0,0.0,1.5062761506276148
8,clean_clusters,18,sim_share_conf_exit,0.72,0.16666666666666666,0.8916666666666667,0.4929166666666667,2.0287404902789516,0.0,0.0,0.0,2.0287404902789516
8,clean_clusters,18,sim_share_entropy_exit,0.72,0.16666666666666666,0.8854166666666666,0.4901041666666667,2.0403825717322,0.0,0.0,0.0,2.0403825717322
8,clean_clusters,18,oracle_cluster_exit,0.72,0.16666666666666666,0.3844444444444444,0.26466666666666666,3.7783375314861463,0.0,0.0,0.0,3.7783375314861463
8,clean_clusters,18,no_share_no_exit,0.82,1.0,1.0,1.0,1.0,0.0,0.0,0.0,1.0
8,clean_clusters,18,exact_prefix_only,0.82,0.3333333333333333,1.0,0.6333333333333333,1.5789473684210527,0.0,0.0,0.0,1.5789473684210527
8,clean_clusters,18,similarity_share,0.82,0.2222222222222222,1.0,0.5722222222222222,1.7475728155339807,0.0,0.0,0.0,1.7475728155339807
8,clean_clusters,18,conservative_share,0.82,0.7777777777777778,1.0,0.8777777777777778,1.139240506329114,0.0,0.0,0.0,1.139240506329114
8,clean_clusters,18,sim_share_conf_exit,0.82,0.2222222222222222,0.8916666666666667,0.5234722222222223,1.910321040063677,0.0,0.0,0.0,1.910321040063677
8,clean_clusters,18,sim_share_entropy_exit,0.82,0.2222222222222222,0.8854166666666666,0.5206597222222222,1.9206402134044682,0.0,0.0,0.0,1.9206402134044682
8,clean_clusters,18,oracle_cluster_exit,0.82,0.16666666666666666,0.3844444444444444,0.26466666666666666,3.7783375314861463,0.0,0.0,0.0,3.7783375314861463
8,clean_clusters,18,no_share_no_exit,0.9,1.0,1.0,1.0,1.0,0.0,0.0,0.0,1.0
8,clean_clusters,18,exact_prefix_only,0.9,0.3333333333333333,1.0,0.6333333333333333,1.5789473684210527,0.0,0.0,0.0,1.5789473684210527
8,clean_clusters,18,similarity_share,0.9,0.5555555555555556,1.0,0.7555555555555555,1.3235294117647058,0.0,0.0,0.0,1.3235294117647058
8,clean_clusters,18,conservative_share,0.9,1.0,1.0,1.0,1.0,0.0,0.0,0.0,1.0
8,clean_clusters,18,sim_share_conf_exit,0.9,0.5555555555555556,0.8916666666666667,0.7068055555555557,1.4148162703871092,0.0,0.0,0.0,1.4148162703871092
8,clean_clusters,18,sim_share_entropy_exit,0.9,0.5555555555555556,0.8854166666666666,0.7039930555555556,1.4204685573366214,0.0,0.0,0.0,1.4204685573366214
8,clean_clusters,18,oracle_cluster_exit,0.9,0.16666666666666666,0.3844444444444444,0.26466666666666666,3.7783375314861463,0.0,0.0,0.0,3.7783375314861463
8,near_miss_branches,18,no_share_no_exit,0.72,1.0,1.0,1.0,1.0,0.0,0.0,0.0,1.0
8,near_miss_branches,18,exact_prefix_only,0.72,1.0,1.0,1.0,1.0,0.0,0.0,0.0,1.0
8,near_miss_branches,18,similarity_share,0.72,0.9444444444444444,1.0,0.9694444444444446,1.0315186246418337,0.0,0.0,0.0,1.0315186246418337
8,near_miss_branches,18,conservative_share,0.72,1.0,1.0,1.0,1.0,0.0,0.0,0.0,1.0
8,near_miss_branches,18,sim_share_conf_exit,0.72,0.9444444444444444,0.963888888888889,0.9531944444444446,1.0491038904269268,0.0,0.0,0.0,1.0491038904269268
8,near_miss_branches,18,sim_share_entropy_exit,0.72,0.9444444444444444,0.90625,0.9272569444444445,1.0784497285152592,0.0,0.0,0.0,1.0784497285152592
8,near_miss_branches,18,oracle_cluster_exit,0.72,0.16666666666666666,0.3844444444444444,0.26466666666666666,3.7783375314861463,0.0,0.0,0.0,3.7783375314861463
8,near_miss_branches,18,no_share_no_exit,0.82,1.0,1.0,1.0,1.0,0.0,0.0,0.0,1.0
8,near_miss_branches,18,exact_prefix_only,0.82,1.0,1.0,1.0,1.0,0.0,0.0,0.0,1.0
8,near_miss_branches,18,similarity_share,0.82,1.0,1.0,1.0,1.0,0.0,0.0,0.0,1.0
8,near_miss_branches,18,conservative_share,0.82,1.0,1.0,1.0,1.0,0.0,0.0,0.0,1.0
8,near_miss_branches,18,sim_share_conf_exit,0.82,1.0,0.963888888888889,0.9837500000000001,1.016518424396442,0.0,0.0,0.0,1.016518424396442
8,near_miss_branches,18,sim_share_entropy_exit,0.82,1.0,0.90625,0.9578125000000001,1.0440456769983686,0.0,0.0,0.0,1.0440456769983686
8,near_miss_branches,18,oracle_cluster_exit,0.82,0.16666666666666666,0.3844444444444444,0.26466666666666666,3.7783375314861463,0.0,0.0,0.0,3.7783375314861463
8,near_miss_branches,18,no_share_no_exit,0.9,1.0,1.0,1.0,1.0,0.0,0.0,0.0,1.0
8,near_miss_branches,18,exact_prefix_only,0.9,1.0,1.0,1.0,1.0,0.0,0.0,0.0,1.0
8,near_miss_branches,18,similarity_share,0.9,1.0,1.0,1.0,1.0,0.0,0.0,0.0,1.0
8,near_miss_branches,18,conservative_share,0.9,1.0,1.0,1.0,1.0,0.0,0.0,0.0,1.0
8,near_miss_branches,18,sim_share_conf_exit,0.9,1.0,0.963888888888889,0.9837500000000001,1.016518424396442,0.0,0.0,0.0,1.016518424396442
8,near_miss_branches,18,sim_share_entropy_exit,0.9,1.0,0.90625,0.9578125000000001,1.0440456769983686,0.0,0.0,0.0,1.0440456769983686
8,near_miss_branches,18,oracle_cluster_exit,0.9,0.16666666666666666,0.3844444444444444,0.26466666666666666,3.7783375314861463,0.0,0.0,0.0,3.7783375314861463
8,late_divergence,18,no_share_no_exit,0.72,1.0,1.0,1.0,1.0,0.0,0.0,0.0,1.0
8,late_divergence,18,exact_prefix_only,0.72,1.0,1.0,1.0,1.0,0.0,0.0,0.0,1.0
8,late_divergence,18,similarity_share,0.72,0.3333333333333333,1.0,0.6333333333333333,1.5789473684210527,0.0,0.0,0.0,1.5789473684210527
8,late_divergence,18,conservative_share,0.72,1.0,1.0,1.0,1.0,0.0,0.0,0.0,1.0
8,late_divergence,18,sim_share_conf_exit,0.72,0.3333333333333333,0.963888888888889,0.6170833333333334,1.6205266711681294,0.0,0.0,0.0,1.6205266711681294
8,late_divergence,18,sim_share_entropy_exit,0.72,0.3333333333333333,0.6875,0.49270833333333336,2.029598308668076,0.0,0.05555555555555555,0.05555555555555555,1.5851538642236316
8,late_divergence,18,oracle_cluster_exit,0.72,0.16666666666666666,0.3844444444444444,0.26466666666666666,3.7783375314861463,0.0,0.0,0.0,3.7783375314861463
8,late_divergence,18,no_share_no_exit,0.82,1.0,1.0,1.0,1.0,0.0,0.0,0.0,1.0
8,late_divergence,18,exact_prefix_only,0.82,1.0,1.0,1.0,1.0,0.0,0.0,0.0,1.0
8,late_divergence,18,similarity_share,0.82,0.7222222222222222,1.0,0.8472222222222223,1.1803278688524588,0.0,0.0,0.0,1.1803278688524588
8,late_divergence,18,conservative_share,0.82,1.0,1.0,1.0,1.0,0.0,0.0,0.0,1.0
8,late_divergence,18,sim_share_conf_exit,0.82,0.7222222222222222,0.963888888888889,0.8309722222222223,1.2034096607053315,0.0,0.0,0.0,1.2034096607053315
8,late_divergence,18,sim_share_entropy_exit,0.82,0.7222222222222222,0.6875,0.7065972222222223,1.415233415233415,0.0,0.05555555555555555,0.05555555555555555,0.9707889707889705
8,late_divergence,18,oracle_cluster_exit,0.82,0.16666666666666666,0.3844444444444444,0.26466666666666666,3.7783375314861463,0.0,0.0,0.0,3.7783375314861463
8,late_divergence,18,no_share_no_exit,0.9,1.0,1.0,1.0,1.0,0.0,0.0,0.0,1.0
8,late_divergence,18,exact_prefix_only,0.9,1.0,1.0,1.0,1.0,0.0,0.0,0.0,1.0
8,late_divergence,18,similarity_share,0.9,1.0,1.0,1.0,1.0,0.0,0.0,0.0,1.0
8,late_divergence,18,conservative_share,0.9,1.0,1.0,1.0,1.0,0.0,0.0,0.0,1.0
8,late_divergence,18,sim_share_conf_exit,0.9,1.0,0.963888888888889,0.9837500000000001,1.016518424396442,0.0,0.0,0.0,1.016518424396442
8,late_divergence,18,sim_share_entropy_exit,0.9,1.0,0.6875,0.859375,1.1636363636363636,0.0,0.05555555555555555,0.05555555555555555,0.7191919191919192
8,late_divergence,18,oracle_cluster_exit,0.9,0.16666666666666666,0.3844444444444444,0.26466666666666666,3.7783375314861463,0.0,0.0,0.0,3.7783375314861463
8,confidence_trap,18,no_share_no_exit,0.72,1.0,1.0,1.0,1.0,0.0,0.0,0.0,1.0
8,confidence_trap,18,exact_prefix_only,0.72,0.3333333333333333,1.0,0.6333333333333333,1.5789473684210527,0.0,0.0,0.0,1.5789473684210527
8,confidence_trap,18,similarity_share,0.72,0.2222222222222222,1.0,0.5722222222222222,1.7475728155339807,0.0,0.0,0.0,1.7475728155339807
8,confidence_trap,18,conservative_share,0.72,0.6111111111111112,1.0,0.7861111111111112,1.2720848056537102,0.0,0.0,0.0,1.2720848056537102
8,confidence_trap,18,sim_share_conf_exit,0.72,0.2222222222222222,0.7472222222222222,0.4584722222222222,2.1811572250833082,0.0,0.1111111111111111,0.1111111111111111,1.2922683361944194
8,confidence_trap,18,sim_share_entropy_exit,0.72,0.2222222222222222,0.9479166666666666,0.5487847222222222,1.8222081619740589,0.0,0.05555555555555555,0.05555555555555555,1.3777637175296145
8,confidence_trap,18,oracle_cluster_exit,0.72,0.16666666666666666,0.5133333333333333,0.32266666666666666,3.0991735537190084,0.0,0.0,0.0,3.0991735537190084
8,confidence_trap,18,no_share_no_exit,0.82,1.0,1.0,1.0,1.0,0.0,0.0,0.0,1.0
8,confidence_trap,18,exact_prefix_only,0.82,0.3333333333333333,1.0,0.6333333333333333,1.5789473684210527,0.0,0.0,0.0,1.5789473684210527
8,confidence_trap,18,similarity_share,0.82,0.5555555555555556,1.0,0.7555555555555555,1.3235294117647058,0.0,0.0,0.0,1.3235294117647058
8,confidence_trap,18,conservative_share,0.82,1.0,1.0,1.0,1.0,0.0,0.0,0.0,1.0
8,confidence_trap,18,sim_share_conf_exit,0.82,0.5555555555555556,0.7472222222222222,0.6418055555555555,1.5581043064271805,0.0,0.1111111111111111,0.1111111111111111,0.6692154175382916
8,confidence_trap,18,sim_share_entropy_exit,0.82,0.5555555555555556,0.9479166666666666,0.7321180555555555,1.3658999288593787,0.0,0.05555555555555555,0.05555555555555555,0.9214554844149343
8,confidence_trap,18,oracle_cluster_exit,0.82,0.16666666666666666,0.5133333333333333,0.32266666666666666,3.0991735537190084,0.0,0.0,0.0,3.0991735537190084
8,confidence_trap,18,no_share_no_exit,0.9,1.0,1.0,1.0,1.0,0.0,0.0,0.0,1.0
8,confidence_trap,18,exact_prefix_only,0.9,0.3333333333333333,1.0,0.6333333333333333,1.5789473684210527,0.0,0.0,0.0,1.5789473684210527
8,confidence_trap,18,similarity_share,0.9,0.9444444444444444,1.0,0.9694444444444446,1.0315186246418337,0.0,0.0,0.0,1.0315186246418337
8,confidence_trap,18,conservative_share,0.9,1.0,1.0,1.0,1.0,0.0,0.0,0.0,1.0
8,confidence_trap,18,sim_share_conf_exit,0.9,0.9444444444444444,0.7472222222222222,0.8556944444444445,1.1686414543093653,0.0,0.1111111111111111,0.1111111111111111,0.27975256542047644
8,confidence_trap,18,sim_share_entropy_exit,0.9,0.9444444444444444,0.9479166666666666,0.9460069444444446,1.0570746926041474,0.0,0.05555555555555555,0.05555555555555555,0.612630248159703
8,confidence_trap,18,oracle_cluster_exit,0.9,0.16666666666666666,0.5133333333333333,0.32266666666666666,3.0991735537190084,0.0,0.0,0.0,3.0991735537190084
8,many_small_clusters,18,no_share_no_exit,0.72,1.0,1.0,1.0,1.0,0.0,0.0,0.0,1.0
8,many_small_clusters,18,exact_prefix_only,0.72,0.7222222222222222,1.0,0.8472222222222223,1.1803278688524588,0.0,0.0,0.0,1.1803278688524588
8,many_small_clusters,18,similarity_share,0.72,0.6111111111111112,1.0,0.7861111111111112,1.2720848056537102,0.0,0.0,0.0,1.2720848056537102
8,many_small_clusters,18,conservative_share,0.72,1.0,1.0,1.0,1.0,0.0,0.0,0.0,1.0
8,many_small_clusters,18,sim_share_conf_exit,0.72,0.6111111111111112,0.9277777777777777,0.7536111111111111,1.3269443420567637,0.0,0.0,0.0,1.3269443420567637
8,many_small_clusters,18,sim_share_entropy_exit,0.72,0.6111111111111112,0.8923611111111112,0.7376736111111112,1.3556130854318662,0.0,0.05555555555555555,0.05555555555555555,0.9111686409874218
8,many_small_clusters,18,oracle_cluster_exit,0.72,0.5,0.3844444444444444,0.448,2.232142857142857,0.0,0.0,0.0,2.232142857142857
8,many_small_clusters,18,no_share_no_exit,0.82,1.0,1.0,1.0,1.0,0.0,0.0,0.0,1.0
8,many_small_clusters,18,exact_prefix_only,0.82,0.7222222222222222,1.0,0.8472222222222223,1.1803278688524588,0.0,0.0,0.0,1.1803278688524588
8,many_small_clusters,18,similarity_share,0.82,0.9444444444444444,1.0,0.9694444444444446,1.0315186246418337,0.0,0.0,0.0,1.0315186246418337
8,many_small_clusters,18,conservative_share,0.82,1.0,1.0,1.0,1.0,0.0,0.0,0.0,1.0
8,many_small_clusters,18,sim_share_conf_exit,0.82,0.9444444444444444,0.9277777777777777,0.9369444444444445,1.0672991402312482,0.0,0.0,0.0,1.0672991402312482
8,many_small_clusters,18,sim_share_entropy_exit,0.82,0.9444444444444444,0.8923611111111112,0.9210069444444445,1.0857681432610744,0.0,0.05555555555555555,0.05555555555555555,0.64132369881663
8,many_small_clusters,18,oracle_cluster_exit,0.82,0.5,0.3844444444444444,0.448,2.232142857142857,0.0,0.0,0.0,2.232142857142857
8,many_small_clusters,18,no_share_no_exit,0.9,1.0,1.0,1.0,1.0,0.0,0.0,0.0,1.0
8,many_small_clusters,18,exact_prefix_only,0.9,0.7222222222222222,1.0,0.8472222222222223,1.1803278688524588,0.0,0.0,0.0,1.1803278688524588
8,many_small_clusters,18,similarity_share,0.9,1.0,1.0,1.0,1.0,0.0,0.0,0.0,1.0
8,many_small_clusters,18,conservative_share,0.9,1.0,1.0,1.0,1.0,0.0,0.0,0.0,1.0
8,many_small_clusters,18,sim_share_conf_exit,0.9,1.0,0.9277777777777777,0.9675,1.0335917312661498,0.0,0.0,0.0,1.0335917312661498
8,many_small_clusters,18,sim_share_entropy_exit,0.9,1.0,0.8923611111111112,0.9515625000000001,1.050903119868637,0.0,0.05555555555555555,0.05555555555555555,0.6064586754241925
8,many_small_clusters,18,oracle_cluster_exit,0.9,0.5,0.3844444444444444,0.448,2.232142857142857,0.0,0.0,0.0,2.232142857142857
9,clean_clusters,18,no_share_no_exit,0.72,1.0,1.0,1.0,1.0,0.0,0.0,0.0,1.0
9,clean_clusters,18,exact_prefix_only,0.72,0.3333333333333333,1.0,0.6333333333333333,1.5789473684210527,0.0,0.0,0.0,1.5789473684210527
9,clean_clusters,18,similarity_share,0.72,0.16666666666666666,1.0,0.5416666666666667,1.8461538461538458,0.0,0.0,0.0,1.8461538461538458
9,clean_clusters,18,conservative_share,0.72,0.3333333333333333,1.0,0.6333333333333333,1.5789473684210527,0.0,0.0,0.0,1.5789473684210527
9,clean_clusters,18,sim_share_conf_exit,0.72,0.16666666666666666,1.0,0.5416666666666667,1.8461538461538458,0.0,0.0,0.0,1.8461538461538458
9,clean_clusters,18,sim_share_entropy_exit,0.72,0.16666666666666666,0.9513888888888888,0.5197916666666667,1.9238476953907817,0.0,0.0,0.0,1.9238476953907817
9,clean_clusters,18,oracle_cluster_exit,0.72,0.16666666666666666,0.3844444444444444,0.26466666666666666,3.7783375314861463,0.0,0.0,0.0,3.7783375314861463
9,clean_clusters,18,no_share_no_exit,0.82,1.0,1.0,1.0,1.0,0.0,0.0,0.0,1.0
9,clean_clusters,18,exact_prefix_only,0.82,0.3333333333333333,1.0,0.6333333333333333,1.5789473684210527,0.0,0.0,0.0,1.5789473684210527
9,clean_clusters,18,similarity_share,0.82,0.2222222222222222,1.0,0.5722222222222222,1.7475728155339807,0.0,0.0,0.0,1.7475728155339807
9,clean_clusters,18,conservative_share,0.82,0.9444444444444444,1.0,0.9694444444444446,1.0315186246418337,0.0,0.0,0.0,1.0315186246418337
9,clean_clusters,18,sim_share_conf_exit,0.82,0.2222222222222222,1.0,0.5722222222222222,1.7475728155339807,0.0,0.0,0.0,1.7475728155339807
9,clean_clusters,18,sim_share_entropy_exit,0.82,0.2222222222222222,0.9513888888888888,0.5503472222222222,1.8170347003154574,0.0,0.0,0.0,1.8170347003154574
9,clean_clusters,18,oracle_cluster_exit,0.82,0.16666666666666666,0.3844444444444444,0.26466666666666666,3.7783375314861463,0.0,0.0,0.0,3.7783375314861463
9,clean_clusters,18,no_share_no_exit,0.9,1.0,1.0,1.0,1.0,0.0,0.0,0.0,1.0
9,clean_clusters,18,exact_prefix_only,0.9,0.3333333333333333,1.0,0.6333333333333333,1.5789473684210527,0.0,0.0,0.0,1.5789473684210527
9,clean_clusters,18,similarity_share,0.9,0.7777777777777778,1.0,0.8777777777777778,1.139240506329114,0.0,0.0,0.0,1.139240506329114
9,clean_clusters,18,conservative_share,0.9,1.0,1.0,1.0,1.0,0.0,0.0,0.0,1.0
9,clean_clusters,18,sim_share_conf_exit,0.9,0.7777777777777778,1.0,0.8777777777777778,1.139240506329114,0.0,0.0,0.0,1.139240506329114
9,clean_clusters,18,sim_share_entropy_exit,0.9,0.7777777777777778,0.9513888888888888,0.8559027777777778,1.1683569979716024,0.0,0.0,0.0,1.1683569979716024
9,clean_clusters,18,oracle_cluster_exit,0.9,0.16666666666666666,0.3844444444444444,0.26466666666666666,3.7783375314861463,0.0,0.0,0.0,3.7783375314861463
9,near_miss_branches,18,no_share_no_exit,0.72,1.0,1.0,1.0,1.0,0.0,0.0,0.0,1.0
9,near_miss_branches,18,exact_prefix_only,0.72,1.0,1.0,1.0,1.0,0.0,0.0,0.0,1.0
9,near_miss_branches,18,similarity_share,0.72,1.0,1.0,1.0,1.0,0.0,0.0,0.0,1.0
9,near_miss_branches,18,conservative_share,0.72,1.0,1.0,1.0,1.0,0.0,0.0,0.0,1.0
9,near_miss_branches,18,sim_share_conf_exit,0.72,1.0,0.9277777777777777,0.9675,1.0335917312661498,0.0,0.0,0.0,1.0335917312661498
9,near_miss_branches,18,sim_share_entropy_exit,0.72,1.0,0.90625,0.9578125000000001,1.0440456769983686,0.0,0.0,0.0,1.0440456769983686
9,near_miss_branches,18,oracle_cluster_exit,0.72,0.16666666666666666,0.3844444444444444,0.26466666666666666,3.7783375314861463,0.0,0.0,0.0,3.7783375314861463
9,near_miss_branches,18,no_share_no_exit,0.82,1.0,1.0,1.0,1.0,0.0,0.0,0.0,1.0
9,near_miss_branches,18,exact_prefix_only,0.82,1.0,1.0,1.0,1.0,0.0,0.0,0.0,1.0
9,near_miss_branches,18,similarity_share,0.82,1.0,1.0,1.0,1.0,0.0,0.0,0.0,1.0
9,near_miss_branches,18,conservative_share,0.82,1.0,1.0,1.0,1.0,0.0,0.0,0.0,1.0
9,near_miss_branches,18,sim_share_conf_exit,0.82,1.0,0.9277777777777777,0.9675,1.0335917312661498,0.0,0.0,0.0,1.0335917312661498
9,near_miss_branches,18,sim_share_entropy_exit,0.82,1.0,0.90625,0.9578125000000001,1.0440456769983686,0.0,0.0,0.0,1.0440456769983686
9,near_miss_branches,18,oracle_cluster_exit,0.82,0.16666666666666666,0.3844444444444444,0.26466666666666666,3.7783375314861463,0.0,0.0,0.0,3.7783375314861463
9,near_miss_branches,18,no_share_no_exit,0.9,1.0,1.0,1.0,1.0,0.0,0.0,0.0,1.0
9,near_miss_branches,18,exact_prefix_only,0.9,1.0,1.0,1.0,1.0,0.0,0.0,0.0,1.0
9,near_miss_branches,18,similarity_share,0.9,1.0,1.0,1.0,1.0,0.0,0.0,0.0,1.0
9,near_miss_branches,18,conservative_share,0.9,1.0,1.0,1.0,1.0,0.0,0.0,0.0,1.0
9,near_miss_branches,18,sim_share_conf_exit,0.9,1.0,0.9277777777777777,0.9675,1.0335917312661498,0.0,0.0,0.0,1.0335917312661498
9,near_miss_branches,18,sim_share_entropy_exit,0.9,1.0,0.90625,0.9578125000000001,1.0440456769983686,0.0,0.0,0.0,1.0440456769983686
9,near_miss_branches,18,oracle_cluster_exit,0.9,0.16666666666666666,0.3844444444444444,0.26466666666666666,3.7783375314861463,0.0,0.0,0.0,3.7783375314861463
9,late_divergence,18,no_share_no_exit,0.72,1.0,1.0,1.0,1.0,0.0,0.0,0.0,1.0
9,late_divergence,18,exact_prefix_only,0.72,1.0,1.0,1.0,1.0,0.0,0.0,0.0,1.0
9,late_divergence,18,similarity_share,0.72,0.3333333333333333,1.0,0.6333333333333333,1.5789473684210527,0.0,0.0,0.0,1.5789473684210527
9,late_divergence,18,conservative_share,0.72,1.0,1.0,1.0,1.0,0.0,0.0,0.0,1.0
9,late_divergence,18,sim_share_conf_exit,0.72,0.3333333333333333,0.9277777777777777,0.6008333333333333,1.6643550624133148,0.0,0.0,0.0,1.6643550624133148
9,late_divergence,18,sim_share_entropy_exit,0.72,0.3333333333333333,0.6944444444444444,0.49583333333333335,2.0168067226890756,0.0,0.05555555555555555,0.05555555555555555,1.5723622782446312
9,late_divergence,18,oracle_cluster_exit,0.72,0.16666666666666666,0.3844444444444444,0.26466666666666666,3.7783375314861463,0.0,0.0,0.0,3.7783375314861463
9,late_divergence,18,no_share_no_exit,0.82,1.0,1.0,1.0,1.0,0.0,0.0,0.0,1.0
9,late_divergence,18,exact_prefix_only,0.82,1.0,1.0,1.0,1.0,0.0,0.0,0.0,1.0
9,late_divergence,18,similarity_share,0.82,0.7777777777777778,1.0,0.8777777777777778,1.139240506329114,0.0,0.0,0.0,1.139240506329114
9,late_divergence,18,conservative_share,0.82,1.0,1.0,1.0,1.0,0.0,0.0,0.0,1.0
9,late_divergence,18,sim_share_conf_exit,0.82,0.7777777777777778,0.9277777777777777,0.8452777777777778,1.1830430496220834,0.0,0.0,0.0,1.1830430496220834
9,late_divergence,18,sim_share_entropy_exit,0.82,0.7777777777777778,0.6944444444444444,0.7402777777777778,1.3508442776735459,0.0,0.05555555555555555,0.05555555555555555,0.9063998332291014
9,late_divergence,18,oracle_cluster_exit,0.82,0.16666666666666666,0.3844444444444444,0.26466666666666666,3.7783375314861463,0.0,0.0,0.0,3.7783375314861463
9,late_divergence,18,no_share_no_exit,0.9,1.0,1.0,1.0,1.0,0.0,0.0,0.0,1.0
9,late_divergence,18,exact_prefix_only,0.9,1.0,1.0,1.0,1.0,0.0,0.0,0.0,1.0
9,late_divergence,18,similarity_share,0.9,1.0,1.0,1.0,1.0,0.0,0.0,0.0,1.0
9,late_divergence,18,conservative_share,0.9,1.0,1.0,1.0,1.0,0.0,0.0,0.0,1.0
9,late_divergence,18,sim_share_conf_exit,0.9,1.0,0.9277777777777777,0.9675,1.0335917312661498,0.0,0.0,0.0,1.0335917312661498
9,late_divergence,18,sim_share_entropy_exit,0.9,1.0,0.6944444444444444,0.8625,1.1594202898550725,0.0,0.05555555555555555,0.05555555555555555,0.7149758454106281
9,late_divergence,18,oracle_cluster_exit,0.9,0.16666666666666666,0.3844444444444444,0.26466666666666666,3.7783375314861463,0.0,0.0,0.0,3.7783375314861463
9,confidence_trap,18,no_share_no_exit,0.72,1.0,1.0,1.0,1.0,0.0,0.0,0.0,1.0
9,confidence_trap,18,exact_prefix_only,0.72,0.3333333333333333,1.0,0.6333333333333333,1.5789473684210527,0.0,0.0,0.0,1.5789473684210527
9,confidence_trap,18,similarity_share,0.72,0.2777777777777778,1.0,0.6027777777777779,1.658986175115207,0.0,0.0,0.0,1.658986175115207
9,confidence_trap,18,conservative_share,0.72,0.7222222222222222,1.0,0.8472222222222223,1.1803278688524588,0.0,0.0,0.0,1.1803278688524588
9,confidence_trap,18,sim_share_conf_exit,0.72,0.2777777777777778,0.7833333333333333,0.5052777777777777,1.979109400769654,0.0,0.05555555555555555,0.05555555555555555,1.5346649563252095
9,confidence_trap,18,sim_share_entropy_exit,0.72,0.2777777777777778,0.8993055555555556,0.5574652777777778,1.7938336966677049,0.0,0.05555555555555555,0.05555555555555555,1.3493892522232604
9,confidence_trap,18,oracle_cluster_exit,0.72,0.16666666666666666,0.5133333333333333,0.32266666666666666,3.0991735537190084,0.0,0.0,0.0,3.0991735537190084
9,confidence_trap,18,no_share_no_exit,0.82,1.0,1.0,1.0,1.0,0.0,0.0,0.0,1.0
9,confidence_trap,18,exact_prefix_only,0.82,0.3333333333333333,1.0,0.6333333333333333,1.5789473684210527,0.0,0.0,0.0,1.5789473684210527
9,confidence_trap,18,similarity_share,0.82,0.7777777777777778,1.0,0.8777777777777778,1.139240506329114,0.0,0.0,0.0,1.139240506329114
9,confidence_trap,18,conservative_share,0.82,1.0,1.0,1.0,1.0,0.0,0.0,0.0,1.0
9,confidence_trap,18,sim_share_conf_exit,0.82,0.7777777777777778,0.7833333333333333,0.7802777777777778,1.2815948736205054,0.0,0.05555555555555555,0.05555555555555555,0.837150429176061
9,confidence_trap,18,sim_share_entropy_exit,0.82,0.7777777777777778,0.8993055555555556,0.8324652777777779,1.2012513034410843,0.0,0.05555555555555555,0.05555555555555555,0.7568068589966399
9,confidence_trap,18,oracle_cluster_exit,0.82,0.16666666666666666,0.5133333333333333,0.32266666666666666,3.0991735537190084,0.0,0.0,0.0,3.0991735537190084
9,confidence_trap,18,no_share_no_exit,0.9,1.0,1.0,1.0,1.0,0.0,0.0,0.0,1.0
9,confidence_trap,18,exact_prefix_only,0.9,0.3333333333333333,1.0,0.6333333333333333,1.5789473684210527,0.0,0.0,0.0,1.5789473684210527
9,confidence_trap,18,similarity_share,0.9,1.0,1.0,1.0,1.0,0.0,0.0,0.0,1.0
9,confidence_trap,18,conservative_share,0.9,1.0,1.0,1.0,1.0,0.0,0.0,0.0,1.0
9,confidence_trap,18,sim_share_conf_exit,0.9,1.0,0.7833333333333333,0.9025000000000001,1.1080332409972298,0.0,0.05555555555555555,0.05555555555555555,0.6635887965527854
9,confidence_trap,18,sim_share_entropy_exit,0.9,1.0,0.8993055555555556,0.9546875000000001,1.0474631751227494,0.0,0.05555555555555555,0.05555555555555555,0.603018730678305
9,confidence_trap,18,oracle_cluster_exit,0.9,0.16666666666666666,0.5133333333333333,0.32266666666666666,3.0991735537190084,0.0,0.0,0.0,3.0991735537190084
9,many_small_clusters,18,no_share_no_exit,0.72,1.0,1.0,1.0,1.0,0.0,0.0,0.0,1.0
9,many_small_clusters,18,exact_prefix_only,0.72,0.8888888888888888,1.0,0.9388888888888889,1.0650887573964498,0.0,0.0,0.0,1.0650887573964498
9,many_small_clusters,18,similarity_share,0.72,0.7222222222222222,1.0,0.8472222222222223,1.1803278688524588,0.0,0.0,0.0,1.1803278688524588
9,many_small_clusters,18,conservative_share,0.72,1.0,1.0,1.0,1.0,0.0,0.0,0.0,1.0
9,many_small_clusters,18,sim_share_conf_exit,0.72,0.7222222222222222,0.963888888888889,0.8309722222222223,1.2034096607053315,0.0,0.0,0.0,1.2034096607053315
9,many_small_clusters,18,sim_share_entropy_exit,0.72,0.7222222222222222,0.9444444444444444,0.8222222222222222,1.2162162162162162,0.0,0.0,0.0,1.2162162162162162
9,many_small_clusters,18,oracle_cluster_exit,0.72,0.5,0.3844444444444444,0.448,2.232142857142857,0.0,0.0,0.0,2.232142857142857
9,many_small_clusters,18,no_share_no_exit,0.82,1.0,1.0,1.0,1.0,0.0,0.0,0.0,1.0
9,many_small_clusters,18,exact_prefix_only,0.82,0.8888888888888888,1.0,0.9388888888888889,1.0650887573964498,0.0,0.0,0.0,1.0650887573964498
9,many_small_clusters,18,similarity_share,0.82,0.9444444444444444,1.0,0.9694444444444446,1.0315186246418337,0.0,0.0,0.0,1.0315186246418337
9,many_small_clusters,18,conservative_share,0.82,1.0,1.0,1.0,1.0,0.0,0.0,0.0,1.0
9,many_small_clusters,18,sim_share_conf_exit,0.82,0.9444444444444444,0.963888888888889,0.9531944444444446,1.0491038904269268,0.0,0.0,0.0,1.0491038904269268
9,many_small_clusters,18,sim_share_entropy_exit,0.82,0.9444444444444444,0.9444444444444444,0.9444444444444444,1.0588235294117647,0.0,0.0,0.0,1.0588235294117647
9,many_small_clusters,18,oracle_cluster_exit,0.82,0.5,0.3844444444444444,0.448,2.232142857142857,0.0,0.0,0.0,2.232142857142857
9,many_small_clusters,18,no_share_no_exit,0.9,1.0,1.0,1.0,1.0,0.0,0.0,0.0,1.0
9,many_small_clusters,18,exact_prefix_only,0.9,0.8888888888888888,1.0,0.9388888888888889,1.0650887573964498,0.0,0.0,0.0,1.0650887573964498
9,many_small_clusters,18,similarity_share,0.9,1.0,1.0,1.0,1.0,0.0,0.0,0.0,1.0
9,many_small_clusters,18,conservative_share,0.9,1.0,1.0,1.0,1.0,0.0,0.0,0.0,1.0
9,many_small_clusters,18,sim_share_conf_exit,0.9,1.0,0.963888888888889,0.9837500000000001,1.016518424396442,0.0,0.0,0.0,1.016518424396442
9,many_small_clusters,18,sim_share_entropy_exit,0.9,1.0,0.9444444444444444,0.9750000000000001,1.0256410256410255,0.0,0.0,0.0,1.0256410256410255
9,many_small_clusters,18,oracle_cluster_exit,0.9,0.5,0.3844444444444444,0.448,2.232142857142857,0.0,0.0,0.0,2.232142857142857
10,clean_clusters,18,no_share_no_exit,0.72,1.0,1.0,1.0,1.0,0.0,0.0,0.0,1.0
10,clean_clusters,18,exact_prefix_only,0.72,0.3333333333333333,1.0,0.6333333333333333,1.5789473684210527,0.0,0.0,0.0,1.5789473684210527
10,clean_clusters,18,similarity_share,0.72,0.16666666666666666,1.0,0.5416666666666667,1.8461538461538458,0.0,0.0,0.0,1.8461538461538458
10,clean_clusters,18,conservative_share,0.72,0.3333333333333333,1.0,0.6333333333333333,1.5789473684210527,0.0,0.0,0.0,1.5789473684210527
10,clean_clusters,18,sim_share_conf_exit,0.72,0.16666666666666666,0.9277777777777777,0.5091666666666667,1.9639934533551555,0.0,0.0,0.0,1.9639934533551555
10,clean_clusters,18,sim_share_entropy_exit,0.72,0.16666666666666666,0.9131944444444444,0.5026041666666667,1.9896373056994816,0.0,0.05555555555555555,0.05555555555555555,1.5451928612550372
10,clean_clusters,18,oracle_cluster_exit,0.72,0.16666666666666666,0.3844444444444444,0.26466666666666666,3.7783375314861463,0.0,0.0,0.0,3.7783375314861463
10,clean_clusters,18,no_share_no_exit,0.82,1.0,1.0,1.0,1.0,0.0,0.0,0.0,1.0
10,clean_clusters,18,exact_prefix_only,0.82,0.3333333333333333,1.0,0.6333333333333333,1.5789473684210527,0.0,0.0,0.0,1.5789473684210527
10,clean_clusters,18,similarity_share,0.82,0.2777777777777778,1.0,0.6027777777777779,1.658986175115207,0.0,0.0,0.0,1.658986175115207
10,clean_clusters,18,conservative_share,0.82,0.9444444444444444,1.0,0.9694444444444446,1.0315186246418337,0.0,0.0,0.0,1.0315186246418337
10,clean_clusters,18,sim_share_conf_exit,0.82,0.2777777777777778,0.9277777777777777,0.5702777777777778,1.7535314174378958,0.0,0.0,0.0,1.7535314174378958
10,clean_clusters,18,sim_share_entropy_exit,0.82,0.2777777777777778,0.9131944444444444,0.5637152777777779,1.773945180166307,0.0,0.05555555555555555,0.05555555555555555,1.3295007357218627
10,clean_clusters,18,oracle_cluster_exit,0.82,0.16666666666666666,0.3844444444444444,0.26466666666666666,3.7783375314861463,0.0,0.0,0.0,3.7783375314861463
10,clean_clusters,18,no_share_no_exit,0.9,1.0,1.0,1.0,1.0,0.0,0.0,0.0,1.0
10,clean_clusters,18,exact_prefix_only,0.9,0.3333333333333333,1.0,0.6333333333333333,1.5789473684210527,0.0,0.0,0.0,1.5789473684210527
10,clean_clusters,18,similarity_share,0.9,0.8333333333333334,1.0,0.9083333333333334,1.1009174311926604,0.0,0.0,0.0,1.1009174311926604
10,clean_clusters,18,conservative_share,0.9,1.0,1.0,1.0,1.0,0.0,0.0,0.0,1.0
10,clean_clusters,18,sim_share_conf_exit,0.9,0.8333333333333334,0.9277777777777777,0.8758333333333334,1.1417697431018077,0.0,0.0,0.0,1.1417697431018077
10,clean_clusters,18,sim_share_entropy_exit,0.9,0.8333333333333334,0.9131944444444444,0.8692708333333334,1.150389454763331,0.0,0.05555555555555555,0.05555555555555555,0.7059450103188867
10,clean_clusters,18,oracle_cluster_exit,0.9,0.16666666666666666,0.3844444444444444,0.26466666666666666,3.7783375314861463,0.0,0.0,0.0,3.7783375314861463
10,near_miss_branches,18,no_share_no_exit,0.72,1.0,1.0,1.0,1.0,0.0,0.0,0.0,1.0
10,near_miss_branches,18,exact_prefix_only,0.72,1.0,1.0,1.0,1.0,0.0,0.0,0.0,1.0
10,near_miss_branches,18,similarity_share,0.72,0.9444444444444444,1.0,0.9694444444444446,1.0315186246418337,0.0,0.0,0.0,1.0315186246418337
10,near_miss_branches,18,conservative_share,0.72,1.0,1.0,1.0,1.0,0.0,0.0,0.0,1.0
10,near_miss_branches,18,sim_share_conf_exit,0.72,0.9444444444444444,0.8916666666666665,0.9206944444444445,1.0861366721979182,0.0,0.0,0.0,1.0861366721979182
10,near_miss_branches,18,sim_share_entropy_exit,0.72,0.9444444444444444,0.8993055555555556,0.9241319444444445,1.0820965620890475,0.0,0.05555555555555555,0.05555555555555555,0.6376521176446031
10,near_miss_branches,18,oracle_cluster_exit,0.72,0.16666666666666666,0.3844444444444444,0.26466666666666666,3.7783375314861463,0.0,0.0,0.0,3.7783375314861463
10,near_miss_branches,18,no_share_no_exit,0.82,1.0,1.0,1.0,1.0,0.0,0.0,0.0,1.0
10,near_miss_branches,18,exact_prefix_only,0.82,1.0,1.0,1.0,1.0,0.0,0.0,0.0,1.0
10,near_miss_branches,18,similarity_share,0.82,1.0,1.0,1.0,1.0,0.0,0.0,0.0,1.0
10,near_miss_branches,18,conservative_share,0.82,1.0,1.0,1.0,1.0,0.0,0.0,0.0,1.0
10,near_miss_branches,18,sim_share_conf_exit,0.82,1.0,0.8916666666666665,0.9512499999999999,1.0512483574244416,0.0,0.0,0.0,1.0512483574244416
10,near_miss_branches,18,sim_share_entropy_exit,0.82,1.0,0.8993055555555556,0.9546875000000001,1.0474631751227494,0.0,0.05555555555555555,0.05555555555555555,0.603018730678305
10,near_miss_branches,18,oracle_cluster_exit,0.82,0.16666666666666666,0.3844444444444444,0.26466666666666666,3.7783375314861463,0.0,0.0,0.0,3.7783375314861463
10,near_miss_branches,18,no_share_no_exit,0.9,1.0,1.0,1.0,1.0,0.0,0.0,0.0,1.0
10,near_miss_branches,18,exact_prefix_only,0.9,1.0,1.0,1.0,1.0,0.0,0.0,0.0,1.0
10,near_miss_branches,18,similarity_share,0.9,1.0,1.0,1.0,1.0,0.0,0.0,0.0,1.0
10,near_miss_branches,18,conservative_share,0.9,1.0,1.0,1.0,1.0,0.0,0.0,0.0,1.0
10,near_miss_branches,18,sim_share_conf_exit,0.9,1.0,0.8916666666666665,0.9512499999999999,1.0512483574244416,0.0,0.0,0.0,1.0512483574244416
10,near_miss_branches,18,sim_share_entropy_exit,0.9,1.0,0.8993055555555556,0.9546875000000001,1.0474631751227494,0.0,0.05555555555555555,0.05555555555555555,0.603018730678305
10,near_miss_branches,18,oracle_cluster_exit,0.9,0.16666666666666666,0.3844444444444444,0.26466666666666666,3.7783375314861463,0.0,0.0,0.0,3.7783375314861463
10,late_divergence,18,no_share_no_exit,0.72,1.0,1.0,1.0,1.0,0.0,0.0,0.0,1.0
10,late_divergence,18,exact_prefix_only,0.72,1.0,1.0,1.0,1.0,0.0,0.0,0.0,1.0
10,late_divergence,18,similarity_share,0.72,0.4444444444444444,1.0,0.6944444444444444,1.44,0.0,0.0,0.0,1.44
10,late_divergence,18,conservative_share,0.72,1.0,1.0,1.0,1.0,0.0,0.0,0.0,1.0
10,late_divergence,18,sim_share_conf_exit,0.72,0.4444444444444444,0.8916666666666665,0.6456944444444443,1.5487201548720158,0.0,0.0,0.0,1.5487201548720158
10,late_divergence,18,sim_share_entropy_exit,0.72,0.4444444444444444,0.6736111111111112,0.5475694444444446,1.8262523779327835,0.0,0.05555555555555555,0.05555555555555555,1.381807933488339
10,late_divergence,18,oracle_cluster_exit,0.72,0.16666666666666666,0.3844444444444444,0.26466666666666666,3.7783375314861463,0.0,0.0,0.0,3.7783375314861463
10,late_divergence,18,no_share_no_exit,0.82,1.0,1.0,1.0,1.0,0.0,0.0,0.0,1.0
10,late_divergence,18,exact_prefix_only,0.82,1.0,1.0,1.0,1.0,0.0,0.0,0.0,1.0
10,late_divergence,18,similarity_share,0.82,0.8888888888888888,1.0,0.9388888888888889,1.0650887573964498,0.0,0.0,0.0,1.0650887573964498
10,late_divergence,18,conservative_share,0.82,1.0,1.0,1.0,1.0,0.0,0.0,0.0,1.0
10,late_divergence,18,sim_share_conf_exit,0.82,0.8888888888888888,0.8916666666666665,0.8901388888888888,1.1234201903573102,0.0,0.0,0.0,1.1234201903573102
10,late_divergence,18,sim_share_entropy_exit,0.82,0.8888888888888888,0.6736111111111112,0.792013888888889,1.2626041209995613,0.0,0.05555555555555555,0.05555555555555555,0.8181596765551169
10,late_divergence,18,oracle_cluster_exit,0.82,0.16666666666666666,0.3844444444444444,0.26466666666666666,3.7783375314861463,0.0,0.0,0.0,3.7783375314861463
10,late_divergence,18,no_share_no_exit,0.9,1.0,1.0,1.0,1.0,0.0,0.0,0.0,1.0
10,late_divergence,18,exact_prefix_only,0.9,1.0,1.0,1.0,1.0,0.0,0.0,0.0,1.0
10,late_divergence,18,similarity_share,0.9,1.0,1.0,1.0,1.0,0.0,0.0,0.0,1.0
10,late_divergence,18,conservative_share,0.9,1.0,1.0,1.0,1.0,0.0,0.0,0.0,1.0
10,late_divergence,18,sim_share_conf_exit,0.9,1.0,0.8916666666666665,0.9512499999999999,1.0512483574244416,0.0,0.0,0.0,1.0512483574244416
10,late_divergence,18,sim_share_entropy_exit,0.9,1.0,0.6736111111111112,0.8531250000000001,1.172161172161172,0.0,0.05555555555555555,0.05555555555555555,0.7277167277167276
10,late_divergence,18,oracle_cluster_exit,0.9,0.16666666666666666,0.3844444444444444,0.26466666666666666,3.7783375314861463,0.0,0.0,0.0,3.7783375314861463
10,confidence_trap,18,no_share_no_exit,0.72,1.0,1.0,1.0,1.0,0.0,0.0,0.0,1.0
10,confidence_trap,18,exact_prefix_only,0.72,0.3333333333333333,1.0,0.6333333333333333,1.5789473684210527,0.0,0.0,0.0,1.5789473684210527
10,confidence_trap,18,similarity_share,0.72,0.3333333333333333,1.0,0.6333333333333333,1.5789473684210527,0.0,0.0,0.0,1.5789473684210527
10,confidence_trap,18,conservative_share,0.72,0.8888888888888888,1.0,0.9388888888888889,1.0650887573964498,0.0,0.0,0.0,1.0650887573964498
10,confidence_trap,18,sim_share_conf_exit,0.72,0.3333333333333333,0.7472222222222222,0.5195833333333333,1.9246190858059344,0.0,0.16666666666666666,0.16666666666666666,0.5912857524726012
10,confidence_trap,18,sim_share_entropy_exit,0.72,0.3333333333333333,0.9548611111111112,0.6130208333333333,1.6312659303313508,0.0,0.0,0.0,1.6312659303313508
10,confidence_trap,18,oracle_cluster_exit,0.72,0.16666666666666666,0.5133333333333333,0.32266666666666666,3.0991735537190084,0.0,0.0,0.0,3.0991735537190084
10,confidence_trap,18,no_share_no_exit,0.82,1.0,1.0,1.0,1.0,0.0,0.0,0.0,1.0
10,confidence_trap,18,exact_prefix_only,0.82,0.3333333333333333,1.0,0.6333333333333333,1.5789473684210527,0.0,0.0,0.0,1.5789473684210527
10,confidence_trap,18,similarity_share,0.82,0.7777777777777778,1.0,0.8777777777777778,1.139240506329114,0.0,0.0,0.0,1.139240506329114
10,confidence_trap,18,conservative_share,0.82,1.0,1.0,1.0,1.0,0.0,0.0,0.0,1.0
10,confidence_trap,18,sim_share_conf_exit,0.82,0.7777777777777778,0.7472222222222222,0.7640277777777778,1.308852935829849,0.0,0.16666666666666666,0.16666666666666666,-0.024480397503484186
10,confidence_trap,18,sim_share_entropy_exit,0.82,0.7777777777777778,0.9548611111111112,0.8574652777777778,1.1662279813727474,0.0,0.0,0.0,1.1662279813727474
10,confidence_trap,18,oracle_cluster_exit,0.82,0.16666666666666666,0.5133333333333333,0.32266666666666666,3.0991735537190084,0.0,0.0,0.0,3.0991735537190084
10,confidence_trap,18,no_share_no_exit,0.9,1.0,1.0,1.0,1.0,0.0,0.0,0.0,1.0
10,confidence_trap,18,exact_prefix_only,0.9,0.3333333333333333,1.0,0.6333333333333333,1.5789473684210527,0.0,0.0,0.0,1.5789473684210527
10,confidence_trap,18,similarity_share,0.9,1.0,1.0,1.0,1.0,0.0,0.0,0.0,1.0
10,confidence_trap,18,conservative_share,0.9,1.0,1.0,1.0,1.0,0.0,0.0,0.0,1.0
10,confidence_trap,18,sim_share_conf_exit,0.9,1.0,0.7472222222222222,0.88625,1.1283497884344147,0.0,0.16666666666666666,0.16666666666666666,-0.20498354489891857
10,confidence_trap,18,sim_share_entropy_exit,0.9,1.0,0.9548611111111112,0.9796875,1.0207336523125996,0.0,0.0,0.0,1.0207336523125996
10,confidence_trap,18,oracle_cluster_exit,0.9,0.16666666666666666,0.5133333333333333,0.32266666666666666,3.0991735537190084,0.0,0.0,0.0,3.0991735537190084
10,many_small_clusters,18,no_share_no_exit,0.72,1.0,1.0,1.0,1.0,0.0,0.0,0.0,1.0
10,many_small_clusters,18,exact_prefix_only,0.72,0.8888888888888888,1.0,0.9388888888888889,1.0650887573964498,0.0,0.0,0.0,1.0650887573964498
10,many_small_clusters,18,similarity_share,0.72,0.8333333333333334,1.0,0.9083333333333334,1.1009174311926604,0.0,0.0,0.0,1.1009174311926604
10,many_small_clusters,18,conservative_share,0.72,1.0,1.0,1.0,1.0,0.0,0.0,0.0,1.0
10,many_small_clusters,18,sim_share_conf_exit,0.72,0.8333333333333334,0.8916666666666665,0.8595833333333334,1.16335433834222,0.0,0.0,0.0,1.16335433834222
10,many_small_clusters,18,sim_share_entropy_exit,0.72,0.8333333333333334,0.9444444444444444,0.8833333333333333,1.1320754716981132,0.0,0.0,0.0,1.1320754716981132
10,many_small_clusters,18,oracle_cluster_exit,0.72,0.5,0.3844444444444444,0.448,2.232142857142857,0.0,0.0,0.0,2.232142857142857
10,many_small_clusters,18,no_share_no_exit,0.82,1.0,1.0,1.0,1.0,0.0,0.0,0.0,1.0
10,many_small_clusters,18,exact_prefix_only,0.82,0.8888888888888888,1.0,0.9388888888888889,1.0650887573964498,0.0,0.0,0.0,1.0650887573964498
10,many_small_clusters,18,similarity_share,0.82,0.8888888888888888,1.0,0.9388888888888889,1.0650887573964498,0.0,0.0,0.0,1.0650887573964498
10,many_small_clusters,18,conservative_share,0.82,1.0,1.0,1.0,1.0,0.0,0.0,0.0,1.0
10,many_small_clusters,18,sim_share_conf_exit,0.82,0.8888888888888888,0.8916666666666665,0.8901388888888888,1.1234201903573102,0.0,0.0,0.0,1.1234201903573102
10,many_small_clusters,18,sim_share_entropy_exit,0.82,0.8888888888888888,0.9444444444444444,0.913888888888889,1.094224924012158,0.0,0.0,0.0,1.094224924012158
10,many_small_clusters,18,oracle_cluster_exit,0.82,0.5,0.3844444444444444,0.448,2.232142857142857,0.0,0.0,0.0,2.232142857142857
10,many_small_clusters,18,no_share_no_exit,0.9,1.0,1.0,1.0,1.0,0.0,0.0,0.0,1.0
10,many_small_clusters,18,exact_prefix_only,0.9,0.8888888888888888,1.0,0.9388888888888889,1.0650887573964498,0.0,0.0,0.0,1.0650887573964498
10,many_small_clusters,18,similarity_share,0.9,1.0,1.0,1.0,1.0,0.0,0.0,0.0,1.0
10,many_small_clusters,18,conservative_share,0.9,1.0,1.0,1.0,1.0,0.0,0.0,0.0,1.0
10,many_small_clusters,18,sim_share_conf_exit,0.9,1.0,0.8916666666666665,0.9512499999999999,1.0512483574244416,0.0,0.0,0.0,1.0512483574244416
10,many_small_clusters,18,sim_share_entropy_exit,0.9,1.0,0.9444444444444444,0.9750000000000001,1.0256410256410255,0.0,0.0,0.0,1.0256410256410255
10,many_small_clusters,18,oracle_cluster_exit,0.9,0.5,0.3844444444444444,0.448,2.232142857142857,0.0,0.0,0.0,2.232142857142857
11,clean_clusters,18,no_share_no_exit,0.72,1.0,1.0,1.0,1.0,0.0,0.0,0.0,1.0
11,clean_clusters,18,exact_prefix_only,0.72,0.3333333333333333,1.0,0.6333333333333333,1.5789473684210527,0.0,0.0,0.0,1.5789473684210527
11,clean_clusters,18,similarity_share,0.72,0.16666666666666666,1.0,0.5416666666666667,1.8461538461538458,0.0,0.0,0.0,1.8461538461538458
11,clean_clusters,18,conservative_share,0.72,0.3333333333333333,1.0,0.6333333333333333,1.5789473684210527,0.0,0.0,0.0,1.5789473684210527
11,clean_clusters,18,sim_share_conf_exit,0.72,0.16666666666666666,0.963888888888889,0.5254166666666668,1.90325138778747,0.0,0.0,0.0,1.90325138778747
11,clean_clusters,18,sim_share_entropy_exit,0.72,0.16666666666666666,0.9166666666666666,0.5041666666666667,1.9834710743801653,0.0,0.0,0.0,1.9834710743801653
11,clean_clusters,18,oracle_cluster_exit,0.72,0.16666666666666666,0.3844444444444444,0.26466666666666666,3.7783375314861463,0.0,0.0,0.0,3.7783375314861463
11,clean_clusters,18,no_share_no_exit,0.82,1.0,1.0,1.0,1.0,0.0,0.0,0.0,1.0
11,clean_clusters,18,exact_prefix_only,0.82,0.3333333333333333,1.0,0.6333333333333333,1.5789473684210527,0.0,0.0,0.0,1.5789473684210527
11,clean_clusters,18,similarity_share,0.82,0.2222222222222222,1.0,0.5722222222222222,1.7475728155339807,0.0,0.0,0.0,1.7475728155339807
11,clean_clusters,18,conservative_share,0.82,0.8333333333333334,1.0,0.9083333333333334,1.1009174311926604,0.0,0.0,0.0,1.1009174311926604
11,clean_clusters,18,sim_share_conf_exit,0.82,0.2222222222222222,0.963888888888889,0.5559722222222223,1.7986510117411938,0.0,0.0,0.0,1.7986510117411938
11,clean_clusters,18,sim_share_entropy_exit,0.82,0.2222222222222222,0.9166666666666666,0.5347222222222222,1.87012987012987,0.0,0.0,0.0,1.87012987012987
11,clean_clusters,18,oracle_cluster_exit,0.82,0.16666666666666666,0.3844444444444444,0.26466666666666666,3.7783375314861463,0.0,0.0,0.0,3.7783375314861463
11,clean_clusters,18,no_share_no_exit,0.9,1.0,1.0,1.0,1.0,0.0,0.0,0.0,1.0
11,clean_clusters,18,exact_prefix_only,0.9,0.3333333333333333,1.0,0.6333333333333333,1.5789473684210527,0.0,0.0,0.0,1.5789473684210527
11,clean_clusters,18,similarity_share,0.9,0.8333333333333334,1.0,0.9083333333333334,1.1009174311926604,0.0,0.0,0.0,1.1009174311926604
11,clean_clusters,18,conservative_share,0.9,1.0,1.0,1.0,1.0,0.0,0.0,0.0,1.0
11,clean_clusters,18,sim_share_conf_exit,0.9,0.8333333333333334,0.963888888888889,0.8920833333333335,1.1209715086408218,0.0,0.0,0.0,1.1209715086408218
11,clean_clusters,18,sim_share_entropy_exit,0.9,0.8333333333333334,0.9166666666666666,0.8708333333333333,1.1483253588516746,0.0,0.0,0.0,1.1483253588516746
11,clean_clusters,18,oracle_cluster_exit,0.9,0.16666666666666666,0.3844444444444444,0.26466666666666666,3.7783375314861463,0.0,0.0,0.0,3.7783375314861463
11,near_miss_branches,18,no_share_no_exit,0.72,1.0,1.0,1.0,1.0,0.0,0.0,0.0,1.0
11,near_miss_branches,18,exact_prefix_only,0.72,1.0,1.0,1.0,1.0,0.0,0.0,0.0,1.0
11,near_miss_branches,18,similarity_share,0.72,0.9444444444444444,1.0,0.9694444444444446,1.0315186246418337,0.0,0.0,0.0,1.0315186246418337
11,near_miss_branches,18,conservative_share,0.72,1.0,1.0,1.0,1.0,0.0,0.0,0.0,1.0
11,near_miss_branches,18,sim_share_conf_exit,0.72,0.9444444444444444,0.9277777777777777,0.9369444444444445,1.0672991402312482,0.0,0.0,0.0,1.0672991402312482
11,near_miss_branches,18,sim_share_entropy_exit,0.72,0.9444444444444444,0.8888888888888888,0.9194444444444445,1.0876132930513593,0.0,0.0,0.0,1.0876132930513593
11,near_miss_branches,18,oracle_cluster_exit,0.72,0.16666666666666666,0.3844444444444444,0.26466666666666666,3.7783375314861463,0.0,0.0,0.0,3.7783375314861463
11,near_miss_branches,18,no_share_no_exit,0.82,1.0,1.0,1.0,1.0,0.0,0.0,0.0,1.0
11,near_miss_branches,18,exact_prefix_only,0.82,1.0,1.0,1.0,1.0,0.0,0.0,0.0,1.0
11,near_miss_branches,18,similarity_share,0.82,1.0,1.0,1.0,1.0,0.0,0.0,0.0,1.0
11,near_miss_branches,18,conservative_share,0.82,1.0,1.0,1.0,1.0,0.0,0.0,0.0,1.0
11,near_miss_branches,18,sim_share_conf_exit,0.82,1.0,0.9277777777777777,0.9675,1.0335917312661498,0.0,0.0,0.0,1.0335917312661498
11,near_miss_branches,18,sim_share_entropy_exit,0.82,1.0,0.8888888888888888,0.95,1.0526315789473684,0.0,0.0,0.0,1.0526315789473684
11,near_miss_branches,18,oracle_cluster_exit,0.82,0.16666666666666666,0.3844444444444444,0.26466666666666666,3.7783375314861463,0.0,0.0,0.0,3.7783375314861463
11,near_miss_branches,18,no_share_no_exit,0.9,1.0,1.0,1.0,1.0,0.0,0.0,0.0,1.0
11,near_miss_branches,18,exact_prefix_only,0.9,1.0,1.0,1.0,1.0,0.0,0.0,0.0,1.0
11,near_miss_branches,18,similarity_share,0.9,1.0,1.0,1.0,1.0,0.0,0.0,0.0,1.0
11,near_miss_branches,18,conservative_share,0.9,1.0,1.0,1.0,1.0,0.0,0.0,0.0,1.0
11,near_miss_branches,18,sim_share_conf_exit,0.9,1.0,0.9277777777777777,0.9675,1.0335917312661498,0.0,0.0,0.0,1.0335917312661498
11,near_miss_branches,18,sim_share_entropy_exit,0.9,1.0,0.8888888888888888,0.95,1.0526315789473684,0.0,0.0,0.0,1.0526315789473684
11,near_miss_branches,18,oracle_cluster_exit,0.9,0.16666666666666666,0.3844444444444444,0.26466666666666666,3.7783375314861463,0.0,0.0,0.0,3.7783375314861463
11,late_divergence,18,no_share_no_exit,0.72,1.0,1.0,1.0,1.0,0.0,0.0,0.0,1.0
11,late_divergence,18,exact_prefix_only,0.72,1.0,1.0,1.0,1.0,0.0,0.0,0.0,1.0
11,late_divergence,18,similarity_share,0.72,0.3888888888888889,1.0,0.663888888888889,1.5062761506276148,0.0,0.0,0.0,1.5062761506276148
11,late_divergence,18,conservative_share,0.72,1.0,1.0,1.0,1.0,0.0,0.0,0.0,1.0
11,late_divergence,18,sim_share_conf_exit,0.72,0.3888888888888889,0.9277777777777777,0.6313888888888889,1.5838099428068633,0.0,0.0,0.0,1.5838099428068633
11,late_divergence,18,sim_share_entropy_exit,0.72,0.3888888888888889,0.6840277777777778,0.5217013888888888,1.9168053244592347,0.0,0.0,0.0,1.9168053244592347
11,late_divergence,18,oracle_cluster_exit,0.72,0.16666666666666666,0.3844444444444444,0.26466666666666666,3.7783375314861463,0.0,0.0,0.0,3.7783375314861463
11,late_divergence,18,no_share_no_exit,0.82,1.0,1.0,1.0,1.0,0.0,0.0,0.0,1.0
11,late_divergence,18,exact_prefix_only,0.82,1.0,1.0,1.0,1.0,0.0,0.0,0.0,1.0
11,late_divergence,18,similarity_share,0.82,0.8888888888888888,1.0,0.9388888888888889,1.0650887573964498,0.0,0.0,0.0,1.0650887573964498
11,late_divergence,18,conservative_share,0.82,1.0,1.0,1.0,1.0,0.0,0.0,0.0,1.0
11,late_divergence,18,sim_share_conf_exit,0.82,0.8888888888888888,0.9277777777777777,0.9063888888888889,1.1032791909285933,0.0,0.0,0.0,1.1032791909285933
11,late_divergence,18,sim_share_entropy_exit,0.82,0.8888888888888888,0.6840277777777778,0.796701388888889,1.2551754194813685,0.0,0.0,0.0,1.2551754194813685
11,late_divergence,18,oracle_cluster_exit,0.82,0.16666666666666666,0.3844444444444444,0.26466666666666666,3.7783375314861463,0.0,0.0,0.0,3.7783375314861463
11,late_divergence,18,no_share_no_exit,0.9,1.0,1.0,1.0,1.0,0.0,0.0,0.0,1.0
11,late_divergence,18,exact_prefix_only,0.9,1.0,1.0,1.0,1.0,0.0,0.0,0.0,1.0
11,late_divergence,18,similarity_share,0.9,1.0,1.0,1.0,1.0,0.0,0.0,0.0,1.0
11,late_divergence,18,conservative_share,0.9,1.0,1.0,1.0,1.0,0.0,0.0,0.0,1.0
11,late_divergence,18,sim_share_conf_exit,0.9,1.0,0.9277777777777777,0.9675,1.0335917312661498,0.0,0.0,0.0,1.0335917312661498
11,late_divergence,18,sim_share_entropy_exit,0.9,1.0,0.6840277777777778,0.8578125000000001,1.1657559198542804,0.0,0.0,0.0,1.1657559198542804
11,late_divergence,18,oracle_cluster_exit,0.9,0.16666666666666666,0.3844444444444444,0.26466666666666666,3.7783375314861463,0.0,0.0,0.0,3.7783375314861463
11,confidence_trap,18,no_share_no_exit,0.72,1.0,1.0,1.0,1.0,0.0,0.0,0.0,1.0
11,confidence_trap,18,exact_prefix_only,0.72,0.3333333333333333,1.0,0.6333333333333333,1.5789473684210527,0.0,0.0,0.0,1.5789473684210527
11,confidence_trap,18,similarity_share,0.72,0.2777777777777778,1.0,0.6027777777777779,1.658986175115207,0.0,0.0,0.0,1.658986175115207
11,confidence_trap,18,conservative_share,0.72,0.7777777777777778,1.0,0.8777777777777778,1.139240506329114,0.0,0.0,0.0,1.139240506329114
11,confidence_trap,18,sim_share_conf_exit,0.72,0.2777777777777778,0.7472222222222222,0.4890277777777778,2.044873615450156,0.0,0.05555555555555555,0.05555555555555555,1.6004291710057117
11,confidence_trap,18,sim_share_entropy_exit,0.72,0.2777777777777778,0.90625,0.5605902777777778,1.7838340043357075,0.0,0.16666666666666666,0.16666666666666666,0.45050067100237423
11,confidence_trap,18,oracle_cluster_exit,0.72,0.16666666666666666,0.5133333333333333,0.32266666666666666,3.0991735537190084,0.0,0.0,0.0,3.0991735537190084
11,confidence_trap,18,no_share_no_exit,0.82,1.0,1.0,1.0,1.0,0.0,0.0,0.0,1.0
11,confidence_trap,18,exact_prefix_only,0.82,0.3333333333333333,1.0,0.6333333333333333,1.5789473684210527,0.0,0.0,0.0,1.5789473684210527
11,confidence_trap,18,similarity_share,0.82,0.7777777777777778,1.0,0.8777777777777778,1.139240506329114,0.0,0.0,0.0,1.139240506329114
11,confidence_trap,18,conservative_share,0.82,1.0,1.0,1.0,1.0,0.0,0.0,0.0,1.0
11,confidence_trap,18,sim_share_conf_exit,0.82,0.7777777777777778,0.7472222222222222,0.7640277777777778,1.308852935829849,0.0,0.05555555555555555,0.05555555555555555,0.8644084913854047
11,confidence_trap,18,sim_share_entropy_exit,0.82,0.7777777777777778,0.90625,0.8355902777777778,1.196758778308747,0.0,0.16666666666666666,0.16666666666666666,-0.13657455502458626
11,confidence_trap,18,oracle_cluster_exit,0.82,0.16666666666666666,0.5133333333333333,0.32266666666666666,3.0991735537190084,0.0,0.0,0.0,3.0991735537190084
11,confidence_trap,18,no_share_no_exit,0.9,1.0,1.0,1.0,1.0,0.0,0.0,0.0,1.0
11,confidence_trap,18,exact_prefix_only,0.9,0.3333333333333333,1.0,0.6333333333333333,1.5789473684210527,0.0,0.0,0.0,1.5789473684210527
11,confidence_trap,18,similarity_share,0.9,1.0,1.0,1.0,1.0,0.0,0.0,0.0,1.0
11,confidence_trap,18,conservative_share,0.9,1.0,1.0,1.0,1.0,0.0,0.0,0.0,1.0
11,confidence_trap,18,sim_share_conf_exit,0.9,1.0,0.7472222222222222,0.88625,1.1283497884344147,0.0,0.05555555555555555,0.05555555555555555,0.6839053439899703
11,confidence_trap,18,sim_share_entropy_exit,0.9,1.0,0.90625,0.9578125000000001,1.0440456769983686,0.0,0.16666666666666666,0.16666666666666666,-0.28928765633496467
11,confidence_trap,18,oracle_cluster_exit,0.9,0.16666666666666666,0.5133333333333333,0.32266666666666666,3.0991735537190084,0.0,0.0,0.0,3.0991735537190084
11,many_small_clusters,18,no_share_no_exit,0.72,1.0,1.0,1.0,1.0,0.0,0.0,0.0,1.0
11,many_small_clusters,18,exact_prefix_only,0.72,0.7222222222222222,1.0,0.8472222222222223,1.1803278688524588,0.0,0.0,0.0,1.1803278688524588
11,many_small_clusters,18,similarity_share,0.72,0.7222222222222222,1.0,0.8472222222222223,1.1803278688524588,0.0,0.0,0.0,1.1803278688524588
11,many_small_clusters,18,conservative_share,0.72,1.0,1.0,1.0,1.0,0.0,0.0,0.0,1.0
11,many_small_clusters,18,sim_share_conf_exit,0.72,0.7222222222222222,0.9277777777777777,0.8147222222222222,1.2274122059324923,0.0,0.0,0.0,1.2274122059324923
11,many_small_clusters,18,sim_share_entropy_exit,0.72,0.7222222222222222,0.9131944444444444,0.8081597222222223,1.237379162191192,0.0,0.05555555555555555,0.05555555555555555,0.7929347177467476
11,many_small_clusters,18,oracle_cluster_exit,0.72,0.5,0.3844444444444444,0.448,2.232142857142857,0.0,0.0,0.0,2.232142857142857
11,many_small_clusters,18,no_share_no_exit,0.82,1.0,1.0,1.0,1.0,0.0,0.0,0.0,1.0
11,many_small_clusters,18,exact_prefix_only,0.82,0.7222222222222222,1.0,0.8472222222222223,1.1803278688524588,0.0,0.0,0.0,1.1803278688524588
11,many_small_clusters,18,similarity_share,0.82,1.0,1.0,1.0,1.0,0.0,0.0,0.0,1.0
11,many_small_clusters,18,conservative_share,0.82,1.0,1.0,1.0,1.0,0.0,0.0,0.0,1.0
11,many_small_clusters,18,sim_share_conf_exit,0.82,1.0,0.9277777777777777,0.9675,1.0335917312661498,0.0,0.0,0.0,1.0335917312661498
11,many_small_clusters,18,sim_share_entropy_exit,0.82,1.0,0.9131944444444444,0.9609375,1.0406504065040652,0.0,0.05555555555555555,0.05555555555555555,0.5962059620596207
11,many_small_clusters,18,oracle_cluster_exit,0.82,0.5,0.3844444444444444,0.448,2.232142857142857,0.0,0.0,0.0,2.232142857142857
11,many_small_clusters,18,no_share_no_exit,0.9,1.0,1.0,1.0,1.0,0.0,0.0,0.0,1.0
11,many_small_clusters,18,exact_prefix_only,0.9,0.7222222222222222,1.0,0.8472222222222223,1.1803278688524588,0.0,0.0,0.0,1.1803278688524588
11,many_small_clusters,18,similarity_share,0.9,1.0,1.0,1.0,1.0,0.0,0.0,0.0,1.0
11,many_small_clusters,18,conservative_share,0.9,1.0,1.0,1.0,1.0,0.0,0.0,0.0,1.0
11,many_small_clusters,18,sim_share_conf_exit,0.9,1.0,0.9277777777777777,0.9675,1.0335917312661498,0.0,0.0,0.0,1.0335917312661498
11,many_small_clusters,18,sim_share_entropy_exit,0.9,1.0,0.9131944444444444,0.9609375,1.0406504065040652,0.0,0.05555555555555555,0.05555555555555555,0.5962059620596207
11,many_small_clusters,18,oracle_cluster_exit,0.9,0.5,0.3844444444444444,0.448,2.232142857142857,0.0,0.0,0.0,2.232142857142857
12,clean_clusters,18,no_share_no_exit,0.72,1.0,1.0,1.0,1.0,0.0,0.0,0.0,1.0
12,clean_clusters,18,exact_prefix_only,0.72,0.2777777777777778,1.0,0.6027777777777779,1.658986175115207,0.0,0.0,0.0,1.658986175115207
12,clean_clusters,18,similarity_share,0.72,0.16666666666666666,1.0,0.5416666666666667,1.8461538461538458,0.0,0.0,0.0,1.8461538461538458
12,clean_clusters,18,conservative_share,0.72,0.2777777777777778,1.0,0.6027777777777779,1.658986175115207,0.0,0.0,0.0,1.658986175115207
12,clean_clusters,18,sim_share_conf_exit,0.72,0.16666666666666666,1.0,0.5416666666666667,1.8461538461538458,0.0,0.0,0.0,1.8461538461538458
12,clean_clusters,18,sim_share_entropy_exit,0.72,0.16666666666666666,0.9097222222222222,0.5010416666666666,1.9958419958419962,0.0,0.0,0.0,1.9958419958419962
12,clean_clusters,18,oracle_cluster_exit,0.72,0.16666666666666666,0.3844444444444444,0.26466666666666666,3.7783375314861463,0.0,0.0,0.0,3.7783375314861463
12,clean_clusters,18,no_share_no_exit,0.82,1.0,1.0,1.0,1.0,0.0,0.0,0.0,1.0
12,clean_clusters,18,exact_prefix_only,0.82,0.2777777777777778,1.0,0.6027777777777779,1.658986175115207,0.0,0.0,0.0,1.658986175115207
12,clean_clusters,18,similarity_share,0.82,0.2222222222222222,1.0,0.5722222222222222,1.7475728155339807,0.0,0.0,0.0,1.7475728155339807
12,clean_clusters,18,conservative_share,0.82,0.6111111111111112,1.0,0.7861111111111112,1.2720848056537102,0.0,0.0,0.0,1.2720848056537102
12,clean_clusters,18,sim_share_conf_exit,0.82,0.2222222222222222,1.0,0.5722222222222222,1.7475728155339807,0.0,0.0,0.0,1.7475728155339807
12,clean_clusters,18,sim_share_entropy_exit,0.82,0.2222222222222222,0.9097222222222222,0.5315972222222223,1.8811234487263224,0.0,0.0,0.0,1.8811234487263224
12,clean_clusters,18,oracle_cluster_exit,0.82,0.16666666666666666,0.3844444444444444,0.26466666666666666,3.7783375314861463,0.0,0.0,0.0,3.7783375314861463
12,clean_clusters,18,no_share_no_exit,0.9,1.0,1.0,1.0,1.0,0.0,0.0,0.0,1.0
12,clean_clusters,18,exact_prefix_only,0.9,0.2777777777777778,1.0,0.6027777777777779,1.658986175115207,0.0,0.0,0.0,1.658986175115207
12,clean_clusters,18,similarity_share,0.9,0.5555555555555556,1.0,0.7555555555555555,1.3235294117647058,0.0,0.0,0.0,1.3235294117647058
12,clean_clusters,18,conservative_share,0.9,1.0,1.0,1.0,1.0,0.0,0.0,0.0,1.0
12,clean_clusters,18,sim_share_conf_exit,0.9,0.5555555555555556,1.0,0.7555555555555555,1.3235294117647058,0.0,0.0,0.0,1.3235294117647058
12,clean_clusters,18,sim_share_entropy_exit,0.9,0.5555555555555556,0.9097222222222222,0.7149305555555556,1.3987372510927634,0.0,0.0,0.0,1.3987372510927634
12,clean_clusters,18,oracle_cluster_exit,0.9,0.16666666666666666,0.3844444444444444,0.26466666666666666,3.7783375314861463,0.0,0.0,0.0,3.7783375314861463
12,near_miss_branches,18,no_share_no_exit,0.72,1.0,1.0,1.0,1.0,0.0,0.0,0.0,1.0
12,near_miss_branches,18,exact_prefix_only,0.72,1.0,1.0,1.0,1.0,0.0,0.0,0.0,1.0
12,near_miss_branches,18,similarity_share,0.72,0.9444444444444444,1.0,0.9694444444444446,1.0315186246418337,0.0,0.0,0.0,1.0315186246418337
12,near_miss_branches,18,conservative_share,0.72,1.0,1.0,1.0,1.0,0.0,0.0,0.0,1.0
12,near_miss_branches,18,sim_share_conf_exit,0.72,0.9444444444444444,0.963888888888889,0.9531944444444446,1.0491038904269268,0.0,0.0,0.0,1.0491038904269268
12,near_miss_branches,18,sim_share_entropy_exit,0.72,0.9444444444444444,0.9305555555555556,0.9381944444444446,1.0658771280532937,0.0,0.05555555555555555,0.05555555555555555,0.6214326836088493
12,near_miss_branches,18,oracle_cluster_exit,0.72,0.16666666666666666,0.3844444444444444,0.26466666666666666,3.7783375314861463,0.0,0.0,0.0,3.7783375314861463
12,near_miss_branches,18,no_share_no_exit,0.82,1.0,1.0,1.0,1.0,0.0,0.0,0.0,1.0
12,near_miss_branches,18,exact_prefix_only,0.82,1.0,1.0,1.0,1.0,0.0,0.0,0.0,1.0
12,near_miss_branches,18,similarity_share,0.82,1.0,1.0,1.0,1.0,0.0,0.0,0.0,1.0
12,near_miss_branches,18,conservative_share,0.82,1.0,1.0,1.0,1.0,0.0,0.0,0.0,1.0
12,near_miss_branches,18,sim_share_conf_exit,0.82,1.0,0.963888888888889,0.9837500000000001,1.016518424396442,0.0,0.0,0.0,1.016518424396442
12,near_miss_branches,18,sim_share_entropy_exit,0.82,1.0,0.9305555555555556,0.96875,1.032258064516129,0.0,0.05555555555555555,0.05555555555555555,0.5878136200716846
12,near_miss_branches,18,oracle_cluster_exit,0.82,0.16666666666666666,0.3844444444444444,0.26466666666666666,3.7783375314861463,0.0,0.0,0.0,3.7783375314861463
12,near_miss_branches,18,no_share_no_exit,0.9,1.0,1.0,1.0,1.0,0.0,0.0,0.0,1.0
12,near_miss_branches,18,exact_prefix_only,0.9,1.0,1.0,1.0,1.0,0.0,0.0,0.0,1.0
12,near_miss_branches,18,similarity_share,0.9,1.0,1.0,1.0,1.0,0.0,0.0,0.0,1.0
12,near_miss_branches,18,conservative_share,0.9,1.0,1.0,1.0,1.0,0.0,0.0,0.0,1.0
12,near_miss_branches,18,sim_share_conf_exit,0.9,1.0,0.963888888888889,0.9837500000000001,1.016518424396442,0.0,0.0,0.0,1.016518424396442
12,near_miss_branches,18,sim_share_entropy_exit,0.9,1.0,0.9305555555555556,0.96875,1.032258064516129,0.0,0.05555555555555555,0.05555555555555555,0.5878136200716846
12,near_miss_branches,18,oracle_cluster_exit,0.9,0.16666666666666666,0.3844444444444444,0.26466666666666666,3.7783375314861463,0.0,0.0,0.0,3.7783375314861463
12,late_divergence,18,no_share_no_exit,0.72,1.0,1.0,1.0,1.0,0.0,0.0,0.0,1.0
12,late_divergence,18,exact_prefix_only,0.72,1.0,1.0,1.0,1.0,0.0,0.0,0.0,1.0
12,late_divergence,18,similarity_share,0.72,0.3333333333333333,1.0,0.6333333333333333,1.5789473684210527,0.0,0.0,0.0,1.5789473684210527
12,late_divergence,18,conservative_share,0.72,1.0,1.0,1.0,1.0,0.0,0.0,0.0,1.0
12,late_divergence,18,sim_share_conf_exit,0.72,0.3333333333333333,0.963888888888889,0.6170833333333334,1.6205266711681294,0.0,0.0,0.0,1.6205266711681294
12,late_divergence,18,sim_share_entropy_exit,0.72,0.3333333333333333,0.7013888888888888,0.49895833333333334,2.0041753653444676,0.0,0.1111111111111111,0.1111111111111111,1.1152864764555788
12,late_divergence,18,oracle_cluster_exit,0.72,0.16666666666666666,0.3844444444444444,0.26466666666666666,3.7783375314861463,0.0,0.0,0.0,3.7783375314861463
12,late_divergence,18,no_share_no_exit,0.82,1.0,1.0,1.0,1.0,0.0,0.0,0.0,1.0
12,late_divergence,18,exact_prefix_only,0.82,1.0,1.0,1.0,1.0,0.0,0.0,0.0,1.0
12,late_divergence,18,similarity_share,0.82,0.7222222222222222,1.0,0.8472222222222223,1.1803278688524588,0.0,0.0,0.0,1.1803278688524588
12,late_divergence,18,conservative_share,0.82,1.0,1.0,1.0,1.0,0.0,0.0,0.0,1.0
12,late_divergence,18,sim_share_conf_exit,0.82,0.7222222222222222,0.963888888888889,0.8309722222222223,1.2034096607053315,0.0,0.0,0.0,1.2034096607053315
12,late_divergence,18,sim_share_entropy_exit,0.82,0.7222222222222222,0.7013888888888888,0.7128472222222222,1.4028251339503166,0.0,0.1111111111111111,0.1111111111111111,0.5139362450614278
12,late_divergence,18,oracle_cluster_exit,0.82,0.16666666666666666,0.3844444444444444,0.26466666666666666,3.7783375314861463,0.0,0.0,0.0,3.7783375314861463
12,late_divergence,18,no_share_no_exit,0.9,1.0,1.0,1.0,1.0,0.0,0.0,0.0,1.0
12,late_divergence,18,exact_prefix_only,0.9,1.0,1.0,1.0,1.0,0.0,0.0,0.0,1.0
12,late_divergence,18,similarity_share,0.9,1.0,1.0,1.0,1.0,0.0,0.0,0.0,1.0
12,late_divergence,18,conservative_share,0.9,1.0,1.0,1.0,1.0,0.0,0.0,0.0,1.0
12,late_divergence,18,sim_share_conf_exit,0.9,1.0,0.963888888888889,0.9837500000000001,1.016518424396442,0.0,0.0,0.0,1.016518424396442
12,late_divergence,18,sim_share_entropy_exit,0.9,1.0,0.7013888888888888,0.8656250000000001,1.1552346570397112,0.0,0.1111111111111111,0.1111111111111111,0.26634576815082234
12,late_divergence,18,oracle_cluster_exit,0.9,0.16666666666666666,0.3844444444444444,0.26466666666666666,3.7783375314861463,0.0,0.0,0.0,3.7783375314861463
12,confidence_trap,18,no_share_no_exit,0.72,1.0,1.0,1.0,1.0,0.0,0.0,0.0,1.0
12,confidence_trap,18,exact_prefix_only,0.72,0.2777777777777778,1.0,0.6027777777777779,1.658986175115207,0.0,0.0,0.0,1.658986175115207
12,confidence_trap,18,similarity_share,0.72,0.2222222222222222,1.0,0.5722222222222222,1.7475728155339807,0.0,0.0,0.0,1.7475728155339807
12,confidence_trap,18,conservative_share,0.72,0.5,1.0,0.7250000000000001,1.379310344827586,0.0,0.0,0.0,1.379310344827586
12,confidence_trap,18,sim_share_conf_exit,0.72,0.2222222222222222,0.7833333333333334,0.47472222222222227,2.1064950263311877,0.0,0.1111111111111111,0.1111111111111111,1.2176061374422988
12,confidence_trap,18,sim_share_entropy_exit,0.72,0.2222222222222222,0.9409722222222222,0.5456597222222223,1.832643970728603,0.0,0.05555555555555555,0.05555555555555555,1.3881995262841587
12,confidence_trap,18,oracle_cluster_exit,0.72,0.16666666666666666,0.5133333333333333,0.32266666666666666,3.0991735537190084,0.0,0.0,0.0,3.0991735537190084
12,confidence_trap,18,no_share_no_exit,0.82,1.0,1.0,1.0,1.0,0.0,0.0,0.0,1.0
12,confidence_trap,18,exact_prefix_only,0.82,0.2777777777777778,1.0,0.6027777777777779,1.658986175115207,0.0,0.0,0.0,1.658986175115207
12,confidence_trap,18,similarity_share,0.82,0.5555555555555556,1.0,0.7555555555555555,1.3235294117647058,0.0,0.0,0.0,1.3235294117647058
12,confidence_trap,18,conservative_share,0.82,0.9444444444444444,1.0,0.9694444444444446,1.0315186246418337,0.0,0.0,0.0,1.0315186246418337
12,confidence_trap,18,sim_share_conf_exit,0.82,0.5555555555555556,0.7833333333333334,0.6580555555555556,1.5196285352469394,0.0,0.1111111111111111,0.1111111111111111,0.6307396463580506
12,confidence_trap,18,sim_share_entropy_exit,0.82,0.5555555555555556,0.9409722222222222,0.7289930555555556,1.3717551798047154,0.0,0.05555555555555555,0.05555555555555555,0.927310735360271
12,confidence_trap,18,oracle_cluster_exit,0.82,0.16666666666666666,0.5133333333333333,0.32266666666666666,3.0991735537190084,0.0,0.0,0.0,3.0991735537190084
12,confidence_trap,18,no_share_no_exit,0.9,1.0,1.0,1.0,1.0,0.0,0.0,0.0,1.0
12,confidence_trap,18,exact_prefix_only,0.9,0.2777777777777778,1.0,0.6027777777777779,1.658986175115207,0.0,0.0,0.0,1.658986175115207
12,confidence_trap,18,similarity_share,0.9,0.9444444444444444,1.0,0.9694444444444446,1.0315186246418337,0.0,0.0,0.0,1.0315186246418337
12,confidence_trap,18,conservative_share,0.9,1.0,1.0,1.0,1.0,0.0,0.0,0.0,1.0
12,confidence_trap,18,sim_share_conf_exit,0.9,0.9444444444444444,0.7833333333333334,0.8719444444444445,1.1468620579802484,0.0,0.1111111111111111,0.1111111111111111,0.2579731690913596
12,confidence_trap,18,sim_share_entropy_exit,0.9,0.9444444444444444,0.9409722222222222,0.9428819444444445,1.060578162401031,0.0,0.05555555555555555,0.05555555555555555,0.6161337179565867
12,confidence_trap,18,oracle_cluster_exit,0.9,0.16666666666666666,0.5133333333333333,0.32266666666666666,3.0991735537190084,0.0,0.0,0.0,3.0991735537190084
12,many_small_clusters,18,no_share_no_exit,0.72,1.0,1.0,1.0,1.0,0.0,0.0,0.0,1.0
12,many_small_clusters,18,exact_prefix_only,0.72,0.8333333333333334,1.0,0.9083333333333334,1.1009174311926604,0.0,0.0,0.0,1.1009174311926604
12,many_small_clusters,18,similarity_share,0.72,0.7777777777777778,1.0,0.8777777777777778,1.139240506329114,0.0,0.0,0.0,1.139240506329114
12,many_small_clusters,18,conservative_share,0.72,0.9444444444444444,1.0,0.9694444444444446,1.0315186246418337,0.0,0.0,0.0,1.0315186246418337
12,many_small_clusters,18,sim_share_conf_exit,0.72,0.7777777777777778,0.963888888888889,0.8615277777777779,1.1607286796711267,0.0,0.0,0.0,1.1607286796711267
12,many_small_clusters,18,sim_share_entropy_exit,0.72,0.7777777777777778,0.9444444444444444,0.8527777777777779,1.1726384364820845,0.0,0.0,0.0,1.1726384364820845
12,many_small_clusters,18,oracle_cluster_exit,0.72,0.5,0.3844444444444444,0.448,2.232142857142857,0.0,0.0,0.0,2.232142857142857
12,many_small_clusters,18,no_share_no_exit,0.82,1.0,1.0,1.0,1.0,0.0,0.0,0.0,1.0
12,many_small_clusters,18,exact_prefix_only,0.82,0.8333333333333334,1.0,0.9083333333333334,1.1009174311926604,0.0,0.0,0.0,1.1009174311926604
12,many_small_clusters,18,similarity_share,0.82,0.9444444444444444,1.0,0.9694444444444446,1.0315186246418337,0.0,0.0,0.0,1.0315186246418337
12,many_small_clusters,18,conservative_share,0.82,1.0,1.0,1.0,1.0,0.0,0.0,0.0,1.0
12,many_small_clusters,18,sim_share_conf_exit,0.82,0.9444444444444444,0.963888888888889,0.9531944444444446,1.0491038904269268,0.0,0.0,0.0,1.0491038904269268
12,many_small_clusters,18,sim_share_entropy_exit,0.82,0.9444444444444444,0.9444444444444444,0.9444444444444444,1.0588235294117647,0.0,0.0,0.0,1.0588235294117647
12,many_small_clusters,18,oracle_cluster_exit,0.82,0.5,0.3844444444444444,0.448,2.232142857142857,0.0,0.0,0.0,2.232142857142857
12,many_small_clusters,18,no_share_no_exit,0.9,1.0,1.0,1.0,1.0,0.0,0.0,0.0,1.0
12,many_small_clusters,18,exact_prefix_only,0.9,0.8333333333333334,1.0,0.9083333333333334,1.1009174311926604,0.0,0.0,0.0,1.1009174311926604
12,many_small_clusters,18,similarity_share,0.9,1.0,1.0,1.0,1.0,0.0,0.0,0.0,1.0
12,many_small_clusters,18,conservative_share,0.9,1.0,1.0,1.0,1.0,0.0,0.0,0.0,1.0
12,many_small_clusters,18,sim_share_conf_exit,0.9,1.0,0.963888888888889,0.9837500000000001,1.016518424396442,0.0,0.0,0.0,1.016518424396442
12,many_small_clusters,18,sim_share_entropy_exit,0.9,1.0,0.9444444444444444,0.9750000000000001,1.0256410256410255,0.0,0.0,0.0,1.0256410256410255
12,many_small_clusters,18,oracle_cluster_exit,0.9,0.5,0.3844444444444444,0.448,2.232142857142857,0.0,0.0,0.0,2.232142857142857
13,clean_clusters,18,no_share_no_exit,0.72,1.0,1.0,1.0,1.0,0.0,0.0,0.0,1.0
13,clean_clusters,18,exact_prefix_only,0.72,0.3333333333333333,1.0,0.6333333333333333,1.5789473684210527,0.0,0.0,0.0,1.5789473684210527
13,clean_clusters,18,similarity_share,0.72,0.16666666666666666,1.0,0.5416666666666667,1.8461538461538458,0.0,0.0,0.0,1.8461538461538458
13,clean_clusters,18,conservative_share,0.72,0.3333333333333333,1.0,0.6333333333333333,1.5789473684210527,0.0,0.0,0.0,1.5789473684210527
13,clean_clusters,18,sim_share_conf_exit,0.72,0.16666666666666666,0.963888888888889,0.5254166666666668,1.90325138778747,0.0,0.0,0.0,1.90325138778747
13,clean_clusters,18,sim_share_entropy_exit,0.72,0.16666666666666666,0.9340277777777778,0.5119791666666667,1.9532044760935912,0.0,0.0,0.0,1.9532044760935912
13,clean_clusters,18,oracle_cluster_exit,0.72,0.16666666666666666,0.3844444444444444,0.26466666666666666,3.7783375314861463,0.0,0.0,0.0,3.7783375314861463
13,clean_clusters,18,no_share_no_exit,0.82,1.0,1.0,1.0,1.0,0.0,0.0,0.0,1.0
13,clean_clusters,18,exact_prefix_only,0.82,0.3333333333333333,1.0,0.6333333333333333,1.5789473684210527,0.0,0.0,0.0,1.5789473684210527
13,clean_clusters,18,similarity_share,0.82,0.2222222222222222,1.0,0.5722222222222222,1.7475728155339807,0.0,0.0,0.0,1.7475728155339807
13,clean_clusters,18,conservative_share,0.82,0.8888888888888888,1.0,0.9388888888888889,1.0650887573964498,0.0,0.0,0.0,1.0650887573964498
13,clean_clusters,18,sim_share_conf_exit,0.82,0.2222222222222222,0.963888888888889,0.5559722222222223,1.7986510117411938,0.0,0.0,0.0,1.7986510117411938
13,clean_clusters,18,sim_share_entropy_exit,0.82,0.2222222222222222,0.9340277777777778,0.5425347222222223,1.8431999999999997,0.0,0.0,0.0,1.8431999999999997
13,clean_clusters,18,oracle_cluster_exit,0.82,0.16666666666666666,0.3844444444444444,0.26466666666666666,3.7783375314861463,0.0,0.0,0.0,3.7783375314861463
13,clean_clusters,18,no_share_no_exit,0.9,1.0,1.0,1.0,1.0,0.0,0.0,0.0,1.0
13,clean_clusters,18,exact_prefix_only,0.9,0.3333333333333333,1.0,0.6333333333333333,1.5789473684210527,0.0,0.0,0.0,1.5789473684210527
13,clean_clusters,18,similarity_share,0.9,0.8333333333333334,1.0,0.9083333333333334,1.1009174311926604,0.0,0.0,0.0,1.1009174311926604
13,clean_clusters,18,conservative_share,0.9,1.0,1.0,1.0,1.0,0.0,0.0,0.0,1.0
13,clean_clusters,18,sim_share_conf_exit,0.9,0.8333333333333334,0.963888888888889,0.8920833333333335,1.1209715086408218,0.0,0.0,0.0,1.1209715086408218
13,clean_clusters,18,sim_share_entropy_exit,0.9,0.8333333333333334,0.9340277777777778,0.8786458333333333,1.1381149970361588,0.0,0.0,0.0,1.1381149970361588
13,clean_clusters,18,oracle_cluster_exit,0.9,0.16666666666666666,0.3844444444444444,0.26466666666666666,3.7783375314861463,0.0,0.0,0.0,3.7783375314861463
13,near_miss_branches,18,no_share_no_exit,0.72,1.0,1.0,1.0,1.0,0.0,0.0,0.0,1.0
13,near_miss_branches,18,exact_prefix_only,0.72,1.0,1.0,1.0,1.0,0.0,0.0,0.0,1.0
13,near_miss_branches,18,similarity_share,0.72,1.0,1.0,1.0,1.0,0.0,0.0,0.0,1.0
13,near_miss_branches,18,conservative_share,0.72,1.0,1.0,1.0,1.0,0.0,0.0,0.0,1.0
13,near_miss_branches,18,sim_share_conf_exit,0.72,1.0,1.0,1.0,1.0,0.0,0.0,0.0,1.0
13,near_miss_branches,18,sim_share_entropy_exit,0.72,1.0,0.9201388888888888,0.9640625,1.0372771474878444,0.0,0.1111111111111111,0.1111111111111111,0.14838825859895555
13,near_miss_branches,18,oracle_cluster_exit,0.72,0.16666666666666666,0.3844444444444444,0.26466666666666666,3.7783375314861463,0.0,0.0,0.0,3.7783375314861463
13,near_miss_branches,18,no_share_no_exit,0.82,1.0,1.0,1.0,1.0,0.0,0.0,0.0,1.0
13,near_miss_branches,18,exact_prefix_only,0.82,1.0,1.0,1.0,1.0,0.0,0.0,0.0,1.0
13,near_miss_branches,18,similarity_share,0.82,1.0,1.0,1.0,1.0,0.0,0.0,0.0,1.0
13,near_miss_branches,18,conservative_share,0.82,1.0,1.0,1.0,1.0,0.0,0.0,0.0,1.0
13,near_miss_branches,18,sim_share_conf_exit,0.82,1.0,1.0,1.0,1.0,0.0,0.0,0.0,1.0
13,near_miss_branches,18,sim_share_entropy_exit,0.82,1.0,0.9201388888888888,0.9640625,1.0372771474878444,0.0,0.1111111111111111,0.1111111111111111,0.14838825859895555
13,near_miss_branches,18,oracle_cluster_exit,0.82,0.16666666666666666,0.3844444444444444,0.26466666666666666,3.7783375314861463,0.0,0.0,0.0,3.7783375314861463
13,near_miss_branches,18,no_share_no_exit,0.9,1.0,1.0,1.0,1.0,0.0,0.0,0.0,1.0
13,near_miss_branches,18,exact_prefix_only,0.9,1.0,1.0,1.0,1.0,0.0,0.0,0.0,1.0
13,near_miss_branches,18,similarity_share,0.9,1.0,1.0,1.0,1.0,0.0,0.0,0.0,1.0
13,near_miss_branches,18,conservative_share,0.9,1.0,1.0,1.0,1.0,0.0,0.0,0.0,1.0
13,near_miss_branches,18,sim_share_conf_exit,0.9,1.0,1.0,1.0,1.0,0.0,0.0,0.0,1.0
13,near_miss_branches,18,sim_share_entropy_exit,0.9,1.0,0.9201388888888888,0.9640625,1.0372771474878444,0.0,0.1111111111111111,0.1111111111111111,0.14838825859895555
13,near_miss_branches,18,oracle_cluster_exit,0.9,0.16666666666666666,0.3844444444444444,0.26466666666666666,3.7783375314861463,0.0,0.0,0.0,3.7783375314861463
13,late_divergence,18,no_share_no_exit,0.72,1.0,1.0,1.0,1.0,0.0,0.0,0.0,1.0
13,late_divergence,18,exact_prefix_only,0.72,1.0,1.0,1.0,1.0,0.0,0.0,0.0,1.0
13,late_divergence,18,similarity_share,0.72,0.3888888888888889,1.0,0.663888888888889,1.5062761506276148,0.0,0.0,0.0,1.5062761506276148
13,late_divergence,18,conservative_share,0.72,1.0,1.0,1.0,1.0,0.0,0.0,0.0,1.0
13,late_divergence,18,sim_share_conf_exit,0.72,0.3888888888888889,1.0,0.663888888888889,1.5062761506276148,0.0,0.0,0.0,1.5062761506276148
13,late_divergence,18,sim_share_entropy_exit,0.72,0.3888888888888889,0.6944444444444444,0.5263888888888889,1.8997361477572559,0.0,0.1111111111111111,0.1111111111111111,1.010847258868367
13,late_divergence,18,oracle_cluster_exit,0.72,0.16666666666666666,0.3844444444444444,0.26466666666666666,3.7783375314861463,0.0,0.0,0.0,3.7783375314861463
13,late_divergence,18,no_share_no_exit,0.82,1.0,1.0,1.0,1.0,0.0,0.0,0.0,1.0
13,late_divergence,18,exact_prefix_only,0.82,1.0,1.0,1.0,1.0,0.0,0.0,0.0,1.0
13,late_divergence,18,similarity_share,0.82,0.8888888888888888,1.0,0.9388888888888889,1.0650887573964498,0.0,0.0,0.0,1.0650887573964498
13,late_divergence,18,conservative_share,0.82,1.0,1.0,1.0,1.0,0.0,0.0,0.0,1.0
13,late_divergence,18,sim_share_conf_exit,0.82,0.8888888888888888,1.0,0.9388888888888889,1.0650887573964498,0.0,0.0,0.0,1.0650887573964498
13,late_divergence,18,sim_share_entropy_exit,0.82,0.8888888888888888,0.6944444444444444,0.8013888888888889,1.2478336221837087,0.0,0.1111111111111111,0.1111111111111111,0.3589447332948199
13,late_divergence,18,oracle_cluster_exit,0.82,0.16666666666666666,0.3844444444444444,0.26466666666666666,3.7783375314861463,0.0,0.0,0.0,3.7783375314861463
13,late_divergence,18,no_share_no_exit,0.9,1.0,1.0,1.0,1.0,0.0,0.0,0.0,1.0
13,late_divergence,18,exact_prefix_only,0.9,1.0,1.0,1.0,1.0,0.0,0.0,0.0,1.0
13,late_divergence,18,similarity_share,0.9,1.0,1.0,1.0,1.0,0.0,0.0,0.0,1.0
13,late_divergence,18,conservative_share,0.9,1.0,1.0,1.0,1.0,0.0,0.0,0.0,1.0
13,late_divergence,18,sim_share_conf_exit,0.9,1.0,1.0,1.0,1.0,0.0,0.0,0.0,1.0
13,late_divergence,18,sim_share_entropy_exit,0.9,1.0,0.6944444444444444,0.8625,1.1594202898550725,0.0,0.1111111111111111,0.1111111111111111,0.27053140096618367
13,late_divergence,18,oracle_cluster_exit,0.9,0.16666666666666666,0.3844444444444444,0.26466666666666666,3.7783375314861463,0.0,0.0,0.0,3.7783375314861463
13,confidence_trap,18,no_share_no_exit,0.72,1.0,1.0,1.0,1.0,0.0,0.0,0.0,1.0
13,confidence_trap,18,exact_prefix_only,0.72,0.3333333333333333,1.0,0.6333333333333333,1.5789473684210527,0.0,0.0,0.0,1.5789473684210527
13,confidence_trap,18,similarity_share,0.72,0.2777777777777778,1.0,0.6027777777777779,1.658986175115207,0.0,0.0,0.0,1.658986175115207
13,confidence_trap,18,conservative_share,0.72,0.5555555555555556,1.0,0.7555555555555555,1.3235294117647058,0.0,0.0,0.0,1.3235294117647058
13,confidence_trap,18,sim_share_conf_exit,0.72,0.2777777777777778,0.7472222222222222,0.4890277777777778,2.044873615450156,0.0,0.16666666666666666,0.16666666666666666,0.7115402821168229
13,confidence_trap,18,sim_share_entropy_exit,0.72,0.2777777777777778,0.9548611111111112,0.5824652777777779,1.7168405365126673,0.0,0.0,0.0,1.7168405365126673
13,confidence_trap,18,oracle_cluster_exit,0.72,0.16666666666666666,0.5133333333333333,0.32266666666666666,3.0991735537190084,0.0,0.0,0.0,3.0991735537190084
13,confidence_trap,18,no_share_no_exit,0.82,1.0,1.0,1.0,1.0,0.0,0.0,0.0,1.0
13,confidence_trap,18,exact_prefix_only,0.82,0.3333333333333333,1.0,0.6333333333333333,1.5789473684210527,0.0,0.0,0.0,1.5789473684210527
13,confidence_trap,18,similarity_share,0.82,0.6666666666666666,1.0,0.8166666666666667,1.2244897959183674,0.0,0.0,0.0,1.2244897959183674
13,confidence_trap,18,conservative_share,0.82,1.0,1.0,1.0,1.0,0.0,0.0,0.0,1.0
13,confidence_trap,18,sim_share_conf_exit,0.82,0.6666666666666666,0.7472222222222222,0.7029166666666666,1.4226437462951986,0.0,0.16666666666666666,0.16666666666666666,0.08931041296186537
13,confidence_trap,18,sim_share_entropy_exit,0.82,0.6666666666666666,0.9548611111111112,0.7963541666666667,1.2557226945716153,0.0,0.0,0.0,1.2557226945716153
13,confidence_trap,18,oracle_cluster_exit,0.82,0.16666666666666666,0.5133333333333333,0.32266666666666666,3.0991735537190084,0.0,0.0,0.0,3.0991735537190084
13,confidence_trap,18,no_share_no_exit,0.9,1.0,1.0,1.0,1.0,0.0,0.0,0.0,1.0
13,confidence_trap,18,exact_prefix_only,0.9,0.3333333333333333,1.0,0.6333333333333333,1.5789473684210527,0.0,0.0,0.0,1.5789473684210527
13,confidence_trap,18,similarity_share,0.9,1.0,1.0,1.0,1.0,0.0,0.0,0.0,1.0
13,confidence_trap,18,conservative_share,0.9,1.0,1.0,1.0,1.0,0.0,0.0,0.0,1.0
13,confidence_trap,18,sim_share_conf_exit,0.9,1.0,0.7472222222222222,0.88625,1.1283497884344147,0.0,0.16666666666666666,0.16666666666666666,-0.20498354489891857
13,confidence_trap,18,sim_share_entropy_exit,0.9,1.0,0.9548611111111112,0.9796875,1.0207336523125996,0.0,0.0,0.0,1.0207336523125996
13,confidence_trap,18,oracle_cluster_exit,0.9,0.16666666666666666,0.5133333333333333,0.32266666666666666,3.0991735537190084,0.0,0.0,0.0,3.0991735537190084
13,many_small_clusters,18,no_share_no_exit,0.72,1.0,1.0,1.0,1.0,0.0,0.0,0.0,1.0
13,many_small_clusters,18,exact_prefix_only,0.72,0.7777777777777778,1.0,0.8777777777777778,1.139240506329114,0.0,0.0,0.0,1.139240506329114
13,many_small_clusters,18,similarity_share,0.72,0.7222222222222222,1.0,0.8472222222222223,1.1803278688524588,0.0,0.0,0.0,1.1803278688524588
13,many_small_clusters,18,conservative_share,0.72,1.0,1.0,1.0,1.0,0.0,0.0,0.0,1.0
13,many_small_clusters,18,sim_share_conf_exit,0.72,0.7222222222222222,0.8916666666666667,0.7984722222222222,1.2523917202991823,0.0,0.0,0.0,1.2523917202991823
13,many_small_clusters,18,sim_share_entropy_exit,0.72,0.7222222222222222,0.9409722222222222,0.8206597222222223,1.2185318383752908,0.0,0.0,0.0,1.2185318383752908
13,many_small_clusters,18,oracle_cluster_exit,0.72,0.5,0.3844444444444444,0.448,2.232142857142857,0.0,0.0,0.0,2.232142857142857
13,many_small_clusters,18,no_share_no_exit,0.82,1.0,1.0,1.0,1.0,0.0,0.0,0.0,1.0
13,many_small_clusters,18,exact_prefix_only,0.82,0.7777777777777778,1.0,0.8777777777777778,1.139240506329114,0.0,0.0,0.0,1.139240506329114
13,many_small_clusters,18,similarity_share,0.82,1.0,1.0,1.0,1.0,0.0,0.0,0.0,1.0
13,many_small_clusters,18,conservative_share,0.82,1.0,1.0,1.0,1.0,0.0,0.0,0.0,1.0
13,many_small_clusters,18,sim_share_conf_exit,0.82,1.0,0.8916666666666667,0.9512500000000002,1.0512483574244413,0.0,0.0,0.0,1.0512483574244413
13,many_small_clusters,18,sim_share_entropy_exit,0.82,1.0,0.9409722222222222,0.9734375000000001,1.0272873194221508,0.0,0.0,0.0,1.0272873194221508
13,many_small_clusters,18,oracle_cluster_exit,0.82,0.5,0.3844444444444444,0.448,2.232142857142857,0.0,0.0,0.0,2.232142857142857
13,many_small_clusters,18,no_share_no_exit,0.9,1.0,1.0,1.0,1.0,0.0,0.0,0.0,1.0
13,many_small_clusters,18,exact_prefix_only,0.9,0.7777777777777778,1.0,0.8777777777777778,1.139240506329114,0.0,0.0,0.0,1.139240506329114
13,many_small_clusters,18,similarity_share,0.9,1.0,1.0,1.0,1.0,0.0,0.0,0.0,1.0
13,many_small_clusters,18,conservative_share,0.9,1.0,1.0,1.0,1.0,0.0,0.0,0.0,1.0
13,many_small_clusters,18,sim_share_conf_exit,0.9,1.0,0.8916666666666667,0.9512500000000002,1.0512483574244413,0.0,0.0,0.0,1.0512483574244413
13,many_small_clusters,18,sim_share_entropy_exit,0.9,1.0,0.9409722222222222,0.9734375000000001,1.0272873194221508,0.0,0.0,0.0,1.0272873194221508
13,many_small_clusters,18,oracle_cluster_exit,0.9,0.5,0.3844444444444444,0.448,2.232142857142857,0.0,0.0,0.0,2.232142857142857
14,clean_clusters,18,no_share_no_exit,0.72,1.0,1.0,1.0,1.0,0.0,0.0,0.0,1.0
14,clean_clusters,18,exact_prefix_only,0.72,0.3333333333333333,1.0,0.6333333333333333,1.5789473684210527,0.0,0.0,0.0,1.5789473684210527
14,clean_clusters,18,similarity_share,0.72,0.16666666666666666,1.0,0.5416666666666667,1.8461538461538458,0.0,0.0,0.0,1.8461538461538458
14,clean_clusters,18,conservative_share,0.72,0.3888888888888889,1.0,0.663888888888889,1.5062761506276148,0.0,0.0,0.0,1.5062761506276148
14,clean_clusters,18,sim_share_conf_exit,0.72,0.16666666666666666,0.963888888888889,0.5254166666666668,1.90325138778747,0.0,0.0,0.0,1.90325138778747
14,clean_clusters,18,sim_share_entropy_exit,0.72,0.16666666666666666,0.90625,0.4994791666666667,2.0020855057351405,0.0,0.05555555555555555,0.05555555555555555,1.5576410612906961
14,clean_clusters,18,oracle_cluster_exit,0.72,0.16666666666666666,0.3844444444444444,0.26466666666666666,3.7783375314861463,0.0,0.0,0.0,3.7783375314861463
14,clean_clusters,18,no_share_no_exit,0.82,1.0,1.0,1.0,1.0,0.0,0.0,0.0,1.0
14,clean_clusters,18,exact_prefix_only,0.82,0.3333333333333333,1.0,0.6333333333333333,1.5789473684210527,0.0,0.0,0.0,1.5789473684210527
14,clean_clusters,18,similarity_share,0.82,0.2222222222222222,1.0,0.5722222222222222,1.7475728155339807,0.0,0.0,0.0,1.7475728155339807
14,clean_clusters,18,conservative_share,0.82,0.7777777777777778,1.0,0.8777777777777778,1.139240506329114,0.0,0.0,0.0,1.139240506329114
14,clean_clusters,18,sim_share_conf_exit,0.82,0.2222222222222222,0.963888888888889,0.5559722222222223,1.7986510117411938,0.0,0.0,0.0,1.7986510117411938
14,clean_clusters,18,sim_share_entropy_exit,0.82,0.2222222222222222,0.90625,0.5300347222222223,1.8866688503111693,0.0,0.05555555555555555,0.05555555555555555,1.4422244058667248
14,clean_clusters,18,oracle_cluster_exit,0.82,0.16666666666666666,0.3844444444444444,0.26466666666666666,3.7783375314861463,0.0,0.0,0.0,3.7783375314861463
14,clean_clusters,18,no_share_no_exit,0.9,1.0,1.0,1.0,1.0,0.0,0.0,0.0,1.0
14,clean_clusters,18,exact_prefix_only,0.9,0.3333333333333333,1.0,0.6333333333333333,1.5789473684210527,0.0,0.0,0.0,1.5789473684210527
14,clean_clusters,18,similarity_share,0.9,0.7222222222222222,1.0,0.8472222222222223,1.1803278688524588,0.0,0.0,0.0,1.1803278688524588
14,clean_clusters,18,conservative_share,0.9,1.0,1.0,1.0,1.0,0.0,0.0,0.0,1.0
14,clean_clusters,18,sim_share_conf_exit,0.9,0.7222222222222222,0.963888888888889,0.8309722222222223,1.2034096607053315,0.0,0.0,0.0,1.2034096607053315
14,clean_clusters,18,sim_share_entropy_exit,0.9,0.7222222222222222,0.90625,0.8050347222222223,1.2421824455466897,0.0,0.05555555555555555,0.05555555555555555,0.7977380011022452
14,clean_clusters,18,oracle_cluster_exit,0.9,0.16666666666666666,0.3844444444444444,0.26466666666666666,3.7783375314861463,0.0,0.0,0.0,3.7783375314861463
14,near_miss_branches,18,no_share_no_exit,0.72,1.0,1.0,1.0,1.0,0.0,0.0,0.0,1.0
14,near_miss_branches,18,exact_prefix_only,0.72,1.0,1.0,1.0,1.0,0.0,0.0,0.0,1.0
14,near_miss_branches,18,similarity_share,0.72,0.8888888888888888,1.0,0.9388888888888889,1.0650887573964498,0.0,0.0,0.0,1.0650887573964498
14,near_miss_branches,18,conservative_share,0.72,1.0,1.0,1.0,1.0,0.0,0.0,0.0,1.0
14,near_miss_branches,18,sim_share_conf_exit,0.72,0.8888888888888888,1.0,0.9388888888888889,1.0650887573964498,0.0,0.0,0.0,1.0650887573964498
14,near_miss_branches,18,sim_share_entropy_exit,0.72,0.8888888888888888,0.9201388888888888,0.9029513888888889,1.1074793308979043,0.0,0.0,0.0,1.1074793308979043
14,near_miss_branches,18,oracle_cluster_exit,0.72,0.16666666666666666,0.3844444444444444,0.26466666666666666,3.7783375314861463,0.0,0.0,0.0,3.7783375314861463
14,near_miss_branches,18,no_share_no_exit,0.82,1.0,1.0,1.0,1.0,0.0,0.0,0.0,1.0
14,near_miss_branches,18,exact_prefix_only,0.82,1.0,1.0,1.0,1.0,0.0,0.0,0.0,1.0
14,near_miss_branches,18,similarity_share,0.82,1.0,1.0,1.0,1.0,0.0,0.0,0.0,1.0
14,near_miss_branches,18,conservative_share,0.82,1.0,1.0,1.0,1.0,0.0,0.0,0.0,1.0
14,near_miss_branches,18,sim_share_conf_exit,0.82,1.0,1.0,1.0,1.0,0.0,0.0,0.0,1.0
14,near_miss_branches,18,sim_share_entropy_exit,0.82,1.0,0.9201388888888888,0.9640625,1.0372771474878444,0.0,0.0,0.0,1.0372771474878444
14,near_miss_branches,18,oracle_cluster_exit,0.82,0.16666666666666666,0.3844444444444444,0.26466666666666666,3.7783375314861463,0.0,0.0,0.0,3.7783375314861463
14,near_miss_branches,18,no_share_no_exit,0.9,1.0,1.0,1.0,1.0,0.0,0.0,0.0,1.0
14,near_miss_branches,18,exact_prefix_only,0.9,1.0,1.0,1.0,1.0,0.0,0.0,0.0,1.0
14,near_miss_branches,18,similarity_share,0.9,1.0,1.0,1.0,1.0,0.0,0.0,0.0,1.0
14,near_miss_branches,18,conservative_share,0.9,1.0,1.0,1.0,1.0,0.0,0.0,0.0,1.0
14,near_miss_branches,18,sim_share_conf_exit,0.9,1.0,1.0,1.0,1.0,0.0,0.0,0.0,1.0
14,near_miss_branches,18,sim_share_entropy_exit,0.9,1.0,0.9201388888888888,0.9640625,1.0372771474878444,0.0,0.0,0.0,1.0372771474878444
14,near_miss_branches,18,oracle_cluster_exit,0.9,0.16666666666666666,0.3844444444444444,0.26466666666666666,3.7783375314861463,0.0,0.0,0.0,3.7783375314861463
14,late_divergence,18,no_share_no_exit,0.72,1.0,1.0,1.0,1.0,0.0,0.0,0.0,1.0
14,late_divergence,18,exact_prefix_only,0.72,1.0,1.0,1.0,1.0,0.0,0.0,0.0,1.0
14,late_divergence,18,similarity_share,0.72,0.3333333333333333,1.0,0.6333333333333333,1.5789473684210527,0.0,0.0,0.0,1.5789473684210527
14,late_divergence,18,conservative_share,0.72,1.0,1.0,1.0,1.0,0.0,0.0,0.0,1.0
14,late_divergence,18,sim_share_conf_exit,0.72,0.3333333333333333,1.0,0.6333333333333333,1.5789473684210527,0.0,0.0,0.0,1.5789473684210527
14,late_divergence,18,sim_share_entropy_exit,0.72,0.3333333333333333,0.7083333333333334,0.5020833333333334,1.9917012448132776,0.0,0.05555555555555555,0.05555555555555555,1.5472568003688332
14,late_divergence,18,oracle_cluster_exit,0.72,0.16666666666666666,0.3844444444444444,0.26466666666666666,3.7783375314861463,0.0,0.0,0.0,3.7783375314861463
14,late_divergence,18,no_share_no_exit,0.82,1.0,1.0,1.0,1.0,0.0,0.0,0.0,1.0
14,late_divergence,18,exact_prefix_only,0.82,1.0,1.0,1.0,1.0,0.0,0.0,0.0,1.0
14,late_divergence,18,similarity_share,0.82,0.7222222222222222,1.0,0.8472222222222223,1.1803278688524588,0.0,0.0,0.0,1.1803278688524588
14,late_divergence,18,conservative_share,0.82,1.0,1.0,1.0,1.0,0.0,0.0,0.0,1.0
14,late_divergence,18,sim_share_conf_exit,0.82,0.7222222222222222,1.0,0.8472222222222223,1.1803278688524588,0.0,0.0,0.0,1.1803278688524588
14,late_divergence,18,sim_share_entropy_exit,0.82,0.7222222222222222,0.7083333333333334,0.7159722222222222,1.3967022308438408,0.0,0.05555555555555555,0.05555555555555555,0.9522577863993964
14,late_divergence,18,oracle_cluster_exit,0.82,0.16666666666666666,0.3844444444444444,0.26466666666666666,3.7783375314861463,0.0,0.0,0.0,3.7783375314861463
14,late_divergence,18,no_share_no_exit,0.9,1.0,1.0,1.0,1.0,0.0,0.0,0.0,1.0
14,late_divergence,18,exact_prefix_only,0.9,1.0,1.0,1.0,1.0,0.0,0.0,0.0,1.0
14,late_divergence,18,similarity_share,0.9,1.0,1.0,1.0,1.0,0.0,0.0,0.0,1.0
14,late_divergence,18,conservative_share,0.9,1.0,1.0,1.0,1.0,0.0,0.0,0.0,1.0
14,late_divergence,18,sim_share_conf_exit,0.9,1.0,1.0,1.0,1.0,0.0,0.0,0.0,1.0
14,late_divergence,18,sim_share_entropy_exit,0.9,1.0,0.7083333333333334,0.8687500000000001,1.1510791366906472,0.0,0.05555555555555555,0.05555555555555555,0.7066346922462028
14,late_divergence,18,oracle_cluster_exit,0.9,0.16666666666666666,0.3844444444444444,0.26466666666666666,3.7783375314861463,0.0,0.0,0.0,3.7783375314861463
14,confidence_trap,18,no_share_no_exit,0.72,1.0,1.0,1.0,1.0,0.0,0.0,0.0,1.0
14,confidence_trap,18,exact_prefix_only,0.72,0.3333333333333333,1.0,0.6333333333333333,1.5789473684210527,0.0,0.0,0.0,1.5789473684210527
14,confidence_trap,18,similarity_share,0.72,0.2777777777777778,1.0,0.6027777777777779,1.658986175115207,0.0,0.0,0.0,1.658986175115207
14,confidence_trap,18,conservative_share,0.72,0.7222222222222222,1.0,0.8472222222222223,1.1803278688524588,0.0,0.0,0.0,1.1803278688524588
14,confidence_trap,18,sim_share_conf_exit,0.72,0.2777777777777778,0.7472222222222222,0.4890277777777778,2.044873615450156,0.0,0.1111111111111111,0.1111111111111111,1.1559847265612673
14,confidence_trap,18,sim_share_entropy_exit,0.72,0.2777777777777778,0.9201388888888888,0.5668402777777778,1.7641653905053598,0.0,0.1111111111111111,0.1111111111111111,0.875276501616471
14,confidence_trap,18,oracle_cluster_exit,0.72,0.16666666666666666,0.5133333333333333,0.32266666666666666,3.0991735537190084,0.0,0.0,0.0,3.0991735537190084
14,confidence_trap,18,no_share_no_exit,0.82,1.0,1.0,1.0,1.0,0.0,0.0,0.0,1.0
14,confidence_trap,18,exact_prefix_only,0.82,0.3333333333333333,1.0,0.6333333333333333,1.5789473684210527,0.0,0.0,0.0,1.5789473684210527
14,confidence_trap,18,similarity_share,0.82,0.7222222222222222,1.0,0.8472222222222223,1.1803278688524588,0.0,0.0,0.0,1.1803278688524588
14,confidence_trap,18,conservative_share,0.82,1.0,1.0,1.0,1.0,0.0,0.0,0.0,1.0
14,confidence_trap,18,sim_share_conf_exit,0.82,0.7222222222222222,0.7472222222222222,0.7334722222222223,1.3633781480780154,0.0,0.1111111111111111,0.1111111111111111,0.47448925918912654
14,confidence_trap,18,sim_share_entropy_exit,0.82,0.7222222222222222,0.9201388888888888,0.8112847222222223,1.2326128825165845,0.0,0.1111111111111111,0.1111111111111111,0.3437239936276957
14,confidence_trap,18,oracle_cluster_exit,0.82,0.16666666666666666,0.5133333333333333,0.32266666666666666,3.0991735537190084,0.0,0.0,0.0,3.0991735537190084
14,confidence_trap,18,no_share_no_exit,0.9,1.0,1.0,1.0,1.0,0.0,0.0,0.0,1.0
14,confidence_trap,18,exact_prefix_only,0.9,0.3333333333333333,1.0,0.6333333333333333,1.5789473684210527,0.0,0.0,0.0,1.5789473684210527
14,confidence_trap,18,similarity_share,0.9,1.0,1.0,1.0,1.0,0.0,0.0,0.0,1.0
14,confidence_trap,18,conservative_share,0.9,1.0,1.0,1.0,1.0,0.0,0.0,0.0,1.0
14,confidence_trap,18,sim_share_conf_exit,0.9,1.0,0.7472222222222222,0.88625,1.1283497884344147,0.0,0.1111111111111111,0.1111111111111111,0.23946089954552585
14,confidence_trap,18,sim_share_entropy_exit,0.9,1.0,0.9201388888888888,0.9640625,1.0372771474878444,0.0,0.1111111111111111,0.1111111111111111,0.14838825859895555
14,confidence_trap,18,oracle_cluster_exit,0.9,0.16666666666666666,0.5133333333333333,0.32266666666666666,3.0991735537190084,0.0,0.0,0.0,3.0991735537190084
14,many_small_clusters,18,no_share_no_exit,0.72,1.0,1.0,1.0,1.0,0.0,0.0,0.0,1.0
14,many_small_clusters,18,exact_prefix_only,0.72,0.7222222222222222,1.0,0.8472222222222223,1.1803278688524588,0.0,0.0,0.0,1.1803278688524588
14,many_small_clusters,18,similarity_share,0.72,0.6666666666666666,1.0,0.8166666666666667,1.2244897959183674,0.0,0.0,0.0,1.2244897959183674
14,many_small_clusters,18,conservative_share,0.72,0.9444444444444444,1.0,0.9694444444444446,1.0315186246418337,0.0,0.0,0.0,1.0315186246418337
14,many_small_clusters,18,sim_share_conf_exit,0.72,0.6666666666666666,0.9277777777777777,0.7841666666666667,1.2752391073326248,0.0,0.0,0.0,1.2752391073326248
14,many_small_clusters,18,sim_share_entropy_exit,0.72,0.6666666666666666,0.8854166666666666,0.7651041666666667,1.307011572498298,0.0,0.0,0.0,1.307011572498298
14,many_small_clusters,18,oracle_cluster_exit,0.72,0.5,0.3844444444444444,0.448,2.232142857142857,0.0,0.0,0.0,2.232142857142857
14,many_small_clusters,18,no_share_no_exit,0.82,1.0,1.0,1.0,1.0,0.0,0.0,0.0,1.0
14,many_small_clusters,18,exact_prefix_only,0.82,0.7222222222222222,1.0,0.8472222222222223,1.1803278688524588,0.0,0.0,0.0,1.1803278688524588
14,many_small_clusters,18,similarity_share,0.82,0.9444444444444444,1.0,0.9694444444444446,1.0315186246418337,0.0,0.0,0.0,1.0315186246418337
14,many_small_clusters,18,conservative_share,0.82,1.0,1.0,1.0,1.0,0.0,0.0,0.0,1.0
14,many_small_clusters,18,sim_share_conf_exit,0.82,0.9444444444444444,0.9277777777777777,0.9369444444444445,1.0672991402312482,0.0,0.0,0.0,1.0672991402312482
14,many_small_clusters,18,sim_share_entropy_exit,0.82,0.9444444444444444,0.8854166666666666,0.9178819444444445,1.0894647247966711,0.0,0.0,0.0,1.0894647247966711
14,many_small_clusters,18,oracle_cluster_exit,0.82,0.5,0.3844444444444444,0.448,2.232142857142857,0.0,0.0,0.0,2.232142857142857
14,many_small_clusters,18,no_share_no_exit,0.9,1.0,1.0,1.0,1.0,0.0,0.0,0.0,1.0
14,many_small_clusters,18,exact_prefix_only,0.9,0.7222222222222222,1.0,0.8472222222222223,1.1803278688524588,0.0,0.0,0.0,1.1803278688524588
14,many_small_clusters,18,similarity_share,0.9,1.0,1.0,1.0,1.0,0.0,0.0,0.0,1.0
14,many_small_clusters,18,conservative_share,0.9,1.0,1.0,1.0,1.0,0.0,0.0,0.0,1.0
14,many_small_clusters,18,sim_share_conf_exit,0.9,1.0,0.9277777777777777,0.9675,1.0335917312661498,0.0,0.0,0.0,1.0335917312661498
14,many_small_clusters,18,sim_share_entropy_exit,0.9,1.0,0.8854166666666666,0.9484375,1.0543657331136738,0.0,0.0,0.0,1.0543657331136738
14,many_small_clusters,18,oracle_cluster_exit,0.9,0.5,0.3844444444444444,0.448,2.232142857142857,0.0,0.0,0.0,2.232142857142857
15,clean_clusters,18,no_share_no_exit,0.72,1.0,1.0,1.0,1.0,0.0,0.0,0.0,1.0
15,clean_clusters,18,exact_prefix_only,0.72,0.3333333333333333,1.0,0.6333333333333333,1.5789473684210527,0.0,0.0,0.0,1.5789473684210527
15,clean_clusters,18,similarity_share,0.72,0.16666666666666666,1.0,0.5416666666666667,1.8461538461538458,0.0,0.0,0.0,1.8461538461538458
15,clean_clusters,18,conservative_share,0.72,0.3888888888888889,1.0,0.663888888888889,1.5062761506276148,0.0,0.0,0.0,1.5062761506276148
15,clean_clusters,18,sim_share_conf_exit,0.72,0.16666666666666666,0.9277777777777777,0.5091666666666667,1.9639934533551555,0.0,0.0,0.0,1.9639934533551555
15,clean_clusters,18,sim_share_entropy_exit,0.72,0.16666666666666666,0.9166666666666666,0.5041666666666667,1.9834710743801653,0.0,0.05555555555555555,0.05555555555555555,1.539026629935721
15,clean_clusters,18,oracle_cluster_exit,0.72,0.16666666666666666,0.3844444444444444,0.26466666666666666,3.7783375314861463,0.0,0.0,0.0,3.7783375314861463
15,clean_clusters,18,no_share_no_exit,0.82,1.0,1.0,1.0,1.0,0.0,0.0,0.0,1.0
15,clean_clusters,18,exact_prefix_only,0.82,0.3333333333333333,1.0,0.6333333333333333,1.5789473684210527,0.0,0.0,0.0,1.5789473684210527
15,clean_clusters,18,similarity_share,0.82,0.2222222222222222,1.0,0.5722222222222222,1.7475728155339807,0.0,0.0,0.0,1.7475728155339807
15,clean_clusters,18,conservative_share,0.82,0.7222222222222222,1.0,0.8472222222222223,1.1803278688524588,0.0,0.0,0.0,1.1803278688524588
15,clean_clusters,18,sim_share_conf_exit,0.82,0.2222222222222222,0.9277777777777777,0.5397222222222222,1.8528049408131755,0.0,0.0,0.0,1.8528049408131755
15,clean_clusters,18,sim_share_entropy_exit,0.82,0.2222222222222222,0.9166666666666666,0.5347222222222222,1.87012987012987,0.0,0.05555555555555555,0.05555555555555555,1.4256854256854257
15,clean_clusters,18,oracle_cluster_exit,0.82,0.16666666666666666,0.3844444444444444,0.26466666666666666,3.7783375314861463,0.0,0.0,0.0,3.7783375314861463
15,clean_clusters,18,no_share_no_exit,0.9,1.0,1.0,1.0,1.0,0.0,0.0,0.0,1.0
15,clean_clusters,18,exact_prefix_only,0.9,0.3333333333333333,1.0,0.6333333333333333,1.5789473684210527,0.0,0.0,0.0,1.5789473684210527
15,clean_clusters,18,similarity_share,0.9,0.7222222222222222,1.0,0.8472222222222223,1.1803278688524588,0.0,0.0,0.0,1.1803278688524588
15,clean_clusters,18,conservative_share,0.9,1.0,1.0,1.0,1.0,0.0,0.0,0.0,1.0
15,clean_clusters,18,sim_share_conf_exit,0.9,0.7222222222222222,0.9277777777777777,0.8147222222222222,1.2274122059324923,0.0,0.0,0.0,1.2274122059324923
15,clean_clusters,18,sim_share_entropy_exit,0.9,0.7222222222222222,0.9166666666666666,0.8097222222222222,1.234991423670669,0.0,0.05555555555555555,0.05555555555555555,0.7905469792262245
15,clean_clusters,18,oracle_cluster_exit,0.9,0.16666666666666666,0.3844444444444444,0.26466666666666666,3.7783375314861463,0.0,0.0,0.0,3.7783375314861463
15,near_miss_branches,18,no_share_no_exit,0.72,1.0,1.0,1.0,1.0,0.0,0.0,0.0,1.0
15,near_miss_branches,18,exact_prefix_only,0.72,1.0,1.0,1.0,1.0,0.0,0.0,0.0,1.0
15,near_miss_branches,18,similarity_share,0.72,0.9444444444444444,1.0,0.9694444444444446,1.0315186246418337,0.0,0.0,0.0,1.0315186246418337
15,near_miss_branches,18,conservative_share,0.72,1.0,1.0,1.0,1.0,0.0,0.0,0.0,1.0
15,near_miss_branches,18,sim_share_conf_exit,0.72,0.9444444444444444,0.8916666666666667,0.9206944444444445,1.0861366721979182,0.0,0.0,0.0,1.0861366721979182
15,near_miss_branches,18,sim_share_entropy_exit,0.72,0.9444444444444444,0.8854166666666666,0.9178819444444445,1.0894647247966711,0.0,0.0,0.0,1.0894647247966711
15,near_miss_branches,18,oracle_cluster_exit,0.72,0.16666666666666666,0.3844444444444444,0.26466666666666666,3.7783375314861463,0.0,0.0,0.0,3.7783375314861463
15,near_miss_branches,18,no_share_no_exit,0.82,1.0,1.0,1.0,1.0,0.0,0.0,0.0,1.0
15,near_miss_branches,18,exact_prefix_only,0.82,1.0,1.0,1.0,1.0,0.0,0.0,0.0,1.0
15,near_miss_branches,18,similarity_share,0.82,1.0,1.0,1.0,1.0,0.0,0.0,0.0,1.0
15,near_miss_branches,18,conservative_share,0.82,1.0,1.0,1.0,1.0,0.0,0.0,0.0,1.0
15,near_miss_branches,18,sim_share_conf_exit,0.82,1.0,0.8916666666666667,0.9512500000000002,1.0512483574244413,0.0,0.0,0.0,1.0512483574244413
15,near_miss_branches,18,sim_share_entropy_exit,0.82,1.0,0.8854166666666666,0.9484375,1.0543657331136738,0.0,0.0,0.0,1.0543657331136738
15,near_miss_branches,18,oracle_cluster_exit,0.82,0.16666666666666666,0.3844444444444444,0.26466666666666666,3.7783375314861463,0.0,0.0,0.0,3.7783375314861463
15,near_miss_branches,18,no_share_no_exit,0.9,1.0,1.0,1.0,1.0,0.0,0.0,0.0,1.0
15,near_miss_branches,18,exact_prefix_only,0.9,1.0,1.0,1.0,1.0,0.0,0.0,0.0,1.0
15,near_miss_branches,18,similarity_share,0.9,1.0,1.0,1.0,1.0,0.0,0.0,0.0,1.0
15,near_miss_branches,18,conservative_share,0.9,1.0,1.0,1.0,1.0,0.0,0.0,0.0,1.0
15,near_miss_branches,18,sim_share_conf_exit,0.9,1.0,0.8916666666666667,0.9512500000000002,1.0512483574244413,0.0,0.0,0.0,1.0512483574244413
15,near_miss_branches,18,sim_share_entropy_exit,0.9,1.0,0.8854166666666666,0.9484375,1.0543657331136738,0.0,0.0,0.0,1.0543657331136738
15,near_miss_branches,18,oracle_cluster_exit,0.9,0.16666666666666666,0.3844444444444444,0.26466666666666666,3.7783375314861463,0.0,0.0,0.0,3.7783375314861463
15,late_divergence,18,no_share_no_exit,0.72,1.0,1.0,1.0,1.0,0.0,0.0,0.0,1.0
15,late_divergence,18,exact_prefix_only,0.72,1.0,1.0,1.0,1.0,0.0,0.0,0.0,1.0
15,late_divergence,18,similarity_share,0.72,0.3888888888888889,1.0,0.663888888888889,1.5062761506276148,0.0,0.0,0.0,1.5062761506276148
15,late_divergence,18,conservative_share,0.72,1.0,1.0,1.0,1.0,0.0,0.0,0.0,1.0
15,late_divergence,18,sim_share_conf_exit,0.72,0.3888888888888889,0.8916666666666667,0.6151388888888889,1.6256491307292842,0.0,0.0,0.0,1.6256491307292842
15,late_divergence,18,sim_share_entropy_exit,0.72,0.3888888888888889,0.6701388888888888,0.515451388888889,1.9400471539238797,0.0,0.1111111111111111,0.1111111111111111,1.0511582650349909
15,late_divergence,18,oracle_cluster_exit,0.72,0.16666666666666666,0.3844444444444444,0.26466666666666666,3.7783375314861463,0.0,0.0,0.0,3.7783375314861463
15,late_divergence,18,no_share_no_exit,0.82,1.0,1.0,1.0,1.0,0.0,0.0,0.0,1.0
15,late_divergence,18,exact_prefix_only,0.82,1.0,1.0,1.0,1.0,0.0,0.0,0.0,1.0
15,late_divergence,18,similarity_share,0.82,0.7777777777777778,1.0,0.8777777777777778,1.139240506329114,0.0,0.0,0.0,1.139240506329114
15,late_divergence,18,conservative_share,0.82,1.0,1.0,1.0,1.0,0.0,0.0,0.0,1.0
15,late_divergence,18,sim_share_conf_exit,0.82,0.7777777777777778,0.8916666666666667,0.8290277777777779,1.2062321996984418,0.0,0.0,0.0,1.2062321996984418
15,late_divergence,18,sim_share_entropy_exit,0.82,0.7777777777777778,0.6701388888888888,0.7293402777777778,1.371102118543204,0.0,0.1111111111111111,0.1111111111111111,0.4822132296543151
15,late_divergence,18,oracle_cluster_exit,0.82,0.16666666666666666,0.3844444444444444,0.26466666666666666,3.7783375314861463,0.0,0.0,0.0,3.7783375314861463
15,late_divergence,18,no_share_no_exit,0.9,1.0,1.0,1.0,1.0,0.0,0.0,0.0,1.0
15,late_divergence,18,exact_prefix_only,0.9,1.0,1.0,1.0,1.0,0.0,0.0,0.0,1.0
15,late_divergence,18,similarity_share,0.9,0.9444444444444444,1.0,0.9694444444444446,1.0315186246418337,0.0,0.0,0.0,1.0315186246418337
15,late_divergence,18,conservative_share,0.9,1.0,1.0,1.0,1.0,0.0,0.0,0.0,1.0
15,late_divergence,18,sim_share_conf_exit,0.9,0.9444444444444444,0.8916666666666667,0.9206944444444445,1.0861366721979182,0.0,0.0,0.0,1.0861366721979182
15,late_divergence,18,sim_share_entropy_exit,0.9,0.9444444444444444,0.6701388888888888,0.8210069444444446,1.2180164939733558,0.0,0.1111111111111111,0.1111111111111111,0.3291276050844669
15,late_divergence,18,oracle_cluster_exit,0.9,0.16666666666666666,0.3844444444444444,0.26466666666666666,3.7783375314861463,0.0,0.0,0.0,3.7783375314861463
15,confidence_trap,18,no_share_no_exit,0.72,1.0,1.0,1.0,1.0,0.0,0.0,0.0,1.0
15,confidence_trap,18,exact_prefix_only,0.72,0.3333333333333333,1.0,0.6333333333333333,1.5789473684210527,0.0,0.0,0.0,1.5789473684210527
15,confidence_trap,18,similarity_share,0.72,0.2777777777777778,1.0,0.6027777777777779,1.658986175115207,0.0,0.0,0.0,1.658986175115207
15,confidence_trap,18,conservative_share,0.72,0.6666666666666666,1.0,0.8166666666666667,1.2244897959183674,0.0,0.0,0.0,1.2244897959183674
15,confidence_trap,18,sim_share_conf_exit,0.72,0.2777777777777778,0.7472222222222222,0.4890277777777778,2.044873615450156,0.0,0.16666666666666666,0.16666666666666666,0.7115402821168229
15,confidence_trap,18,sim_share_entropy_exit,0.72,0.2777777777777778,0.9409722222222222,0.5762152777777778,1.735462488701416,0.0,0.05555555555555555,0.05555555555555555,1.2910180442569716
15,confidence_trap,18,oracle_cluster_exit,0.72,0.16666666666666666,0.5133333333333333,0.32266666666666666,3.0991735537190084,0.0,0.0,0.0,3.0991735537190084
15,confidence_trap,18,no_share_no_exit,0.82,1.0,1.0,1.0,1.0,0.0,0.0,0.0,1.0
15,confidence_trap,18,exact_prefix_only,0.82,0.3333333333333333,1.0,0.6333333333333333,1.5789473684210527,0.0,0.0,0.0,1.5789473684210527
15,confidence_trap,18,similarity_share,0.82,0.6111111111111112,1.0,0.7861111111111112,1.2720848056537102,0.0,0.0,0.0,1.2720848056537102
15,confidence_trap,18,conservative_share,0.82,1.0,1.0,1.0,1.0,0.0,0.0,0.0,1.0
15,confidence_trap,18,sim_share_conf_exit,0.82,0.6111111111111112,0.7472222222222222,0.6723611111111112,1.487296013220409,0.0,0.16666666666666666,0.16666666666666666,0.15396267988707568
15,confidence_trap,18,sim_share_entropy_exit,0.82,0.6111111111111112,0.9409722222222222,0.7595486111111112,1.3165714285714285,0.0,0.05555555555555555,0.05555555555555555,0.8721269841269841
15,confidence_trap,18,oracle_cluster_exit,0.82,0.16666666666666666,0.5133333333333333,0.32266666666666666,3.0991735537190084,0.0,0.0,0.0,3.0991735537190084
15,confidence_trap,18,no_share_no_exit,0.9,1.0,1.0,1.0,1.0,0.0,0.0,0.0,1.0
15,confidence_trap,18,exact_prefix_only,0.9,0.3333333333333333,1.0,0.6333333333333333,1.5789473684210527,0.0,0.0,0.0,1.5789473684210527
15,confidence_trap,18,similarity_share,0.9,0.9444444444444444,1.0,0.9694444444444446,1.0315186246418337,0.0,0.0,0.0,1.0315186246418337
15,confidence_trap,18,conservative_share,0.9,1.0,1.0,1.0,1.0,0.0,0.0,0.0,1.0
15,confidence_trap,18,sim_share_conf_exit,0.9,0.9444444444444444,0.7472222222222222,0.8556944444444445,1.1686414543093653,0.0,0.16666666666666666,0.16666666666666666,-0.16469187902396798
15,confidence_trap,18,sim_share_entropy_exit,0.9,0.9444444444444444,0.9409722222222222,0.9428819444444445,1.060578162401031,0.0,0.05555555555555555,0.05555555555555555,0.6161337179565867
15,confidence_trap,18,oracle_cluster_exit,0.9,0.16666666666666666,0.5133333333333333,0.32266666666666666,3.0991735537190084,0.0,0.0,0.0,3.0991735537190084
15,many_small_clusters,18,no_share_no_exit,0.72,1.0,1.0,1.0,1.0,0.0,0.0,0.0,1.0
15,many_small_clusters,18,exact_prefix_only,0.72,0.7777777777777778,1.0,0.8777777777777778,1.139240506329114,0.0,0.0,0.0,1.139240506329114
15,many_small_clusters,18,similarity_share,0.72,0.7222222222222222,1.0,0.8472222222222223,1.1803278688524588,0.0,0.0,0.0,1.1803278688524588
15,many_small_clusters,18,conservative_share,0.72,1.0,1.0,1.0,1.0,0.0,0.0,0.0,1.0
15,many_small_clusters,18,sim_share_conf_exit,0.72,0.7222222222222222,0.8916666666666667,0.7984722222222222,1.2523917202991823,0.0,0.0,0.0,1.2523917202991823
15,many_small_clusters,18,sim_share_entropy_exit,0.72,0.7222222222222222,0.8993055555555556,0.8019097222222222,1.2470231651872699,0.0,0.0,0.0,1.2470231651872699
15,many_small_clusters,18,oracle_cluster_exit,0.72,0.5,0.3844444444444444,0.448,2.232142857142857,0.0,0.0,0.0,2.232142857142857
15,many_small_clusters,18,no_share_no_exit,0.82,1.0,1.0,1.0,1.0,0.0,0.0,0.0,1.0
15,many_small_clusters,18,exact_prefix_only,0.82,0.7777777777777778,1.0,0.8777777777777778,1.139240506329114,0.0,0.0,0.0,1.139240506329114
15,many_small_clusters,18,similarity_share,0.82,0.9444444444444444,1.0,0.9694444444444446,1.0315186246418337,0.0,0.0,0.0,1.0315186246418337
15,many_small_clusters,18,conservative_share,0.82,1.0,1.0,1.0,1.0,0.0,0.0,0.0,1.0
15,many_small_clusters,18,sim_share_conf_exit,0.82,0.9444444444444444,0.8916666666666667,0.9206944444444445,1.0861366721979182,0.0,0.0,0.0,1.0861366721979182
15,many_small_clusters,18,sim_share_entropy_exit,0.82,0.9444444444444444,0.8993055555555556,0.9241319444444445,1.0820965620890475,0.0,0.0,0.0,1.0820965620890475
15,many_small_clusters,18,oracle_cluster_exit,0.82,0.5,0.3844444444444444,0.448,2.232142857142857,0.0,0.0,0.0,2.232142857142857
15,many_small_clusters,18,no_share_no_exit,0.9,1.0,1.0,1.0,1.0,0.0,0.0,0.0,1.0
15,many_small_clusters,18,exact_prefix_only,0.9,0.7777777777777778,1.0,0.8777777777777778,1.139240506329114,0.0,0.0,0.0,1.139240506329114
15,many_small_clusters,18,similarity_share,0.9,1.0,1.0,1.0,1.0,0.0,0.0,0.0,1.0
15,many_small_clusters,18,conservative_share,0.9,1.0,1.0,1.0,1.0,0.0,0.0,0.0,1.0
15,many_small_clusters,18,sim_share_conf_exit,0.9,1.0,0.8916666666666667,0.9512500000000002,1.0512483574244413,0.0,0.0,0.0,1.0512483574244413
15,many_small_clusters,18,sim_share_entropy_exit,0.9,1.0,0.8993055555555556,0.9546875000000001,1.0474631751227494,0.0,0.0,0.0,1.0474631751227494
15,many_small_clusters,18,oracle_cluster_exit,0.9,0.5,0.3844444444444444,0.448,2.232142857142857,0.0,0.0,0.0,2.232142857142857
16,clean_clusters,18,no_share_no_exit,0.72,1.0,1.0,1.0,1.0,0.0,0.0,0.0,1.0
16,clean_clusters,18,exact_prefix_only,0.72,0.3333333333333333,1.0,0.6333333333333333,1.5789473684210527,0.0,0.0,0.0,1.5789473684210527
16,clean_clusters,18,similarity_share,0.72,0.16666666666666666,1.0,0.5416666666666667,1.8461538461538458,0.0,0.0,0.0,1.8461538461538458
16,clean_clusters,18,conservative_share,0.72,0.3888888888888889,1.0,0.663888888888889,1.5062761506276148,0.0,0.0,0.0,1.5062761506276148
16,clean_clusters,18,sim_share_conf_exit,0.72,0.16666666666666666,0.963888888888889,0.5254166666666668,1.90325138778747,0.0,0.0,0.0,1.90325138778747
16,clean_clusters,18,sim_share_entropy_exit,0.72,0.16666666666666666,0.9305555555555556,0.5104166666666667,1.9591836734693875,0.0,0.0,0.0,1.9591836734693875
16,clean_clusters,18,oracle_cluster_exit,0.72,0.16666666666666666,0.3844444444444444,0.26466666666666666,3.7783375314861463,0.0,0.0,0.0,3.7783375314861463
16,clean_clusters,18,no_share_no_exit,0.82,1.0,1.0,1.0,1.0,0.0,0.0,0.0,1.0
16,clean_clusters,18,exact_prefix_only,0.82,0.3333333333333333,1.0,0.6333333333333333,1.5789473684210527,0.0,0.0,0.0,1.5789473684210527
16,clean_clusters,18,similarity_share,0.82,0.2222222222222222,1.0,0.5722222222222222,1.7475728155339807,0.0,0.0,0.0,1.7475728155339807
16,clean_clusters,18,conservative_share,0.82,0.7222222222222222,1.0,0.8472222222222223,1.1803278688524588,0.0,0.0,0.0,1.1803278688524588
16,clean_clusters,18,sim_share_conf_exit,0.82,0.2222222222222222,0.963888888888889,0.5559722222222223,1.7986510117411938,0.0,0.0,0.0,1.7986510117411938
16,clean_clusters,18,sim_share_entropy_exit,0.82,0.2222222222222222,0.9305555555555556,0.5409722222222222,1.848523748395379,0.0,0.0,0.0,1.848523748395379
16,clean_clusters,18,oracle_cluster_exit,0.82,0.16666666666666666,0.3844444444444444,0.26466666666666666,3.7783375314861463,0.0,0.0,0.0,3.7783375314861463
16,clean_clusters,18,no_share_no_exit,0.9,1.0,1.0,1.0,1.0,0.0,0.0,0.0,1.0
16,clean_clusters,18,exact_prefix_only,0.9,0.3333333333333333,1.0,0.6333333333333333,1.5789473684210527,0.0,0.0,0.0,1.5789473684210527
16,clean_clusters,18,similarity_share,0.9,0.6111111111111112,1.0,0.7861111111111112,1.2720848056537102,0.0,0.0,0.0,1.2720848056537102
16,clean_clusters,18,conservative_share,0.9,1.0,1.0,1.0,1.0,0.0,0.0,0.0,1.0
16,clean_clusters,18,sim_share_conf_exit,0.9,0.6111111111111112,0.963888888888889,0.7698611111111112,1.298935594443442,0.0,0.0,0.0,1.298935594443442
16,clean_clusters,18,sim_share_entropy_exit,0.9,0.6111111111111112,0.9305555555555556,0.7548611111111112,1.324747010119595,0.0,0.0,0.0,1.324747010119595
16,clean_clusters,18,oracle_cluster_exit,0.9,0.16666666666666666,0.3844444444444444,0.26466666666666666,3.7783375314861463,0.0,0.0,0.0,3.7783375314861463
16,near_miss_branches,18,no_share_no_exit,0.72,1.0,1.0,1.0,1.0,0.0,0.0,0.0,1.0
16,near_miss_branches,18,exact_prefix_only,0.72,1.0,1.0,1.0,1.0,0.0,0.0,0.0,1.0
16,near_miss_branches,18,similarity_share,0.72,0.9444444444444444,1.0,0.9694444444444446,1.0315186246418337,0.0,0.0,0.0,1.0315186246418337
16,near_miss_branches,18,conservative_share,0.72,1.0,1.0,1.0,1.0,0.0,0.0,0.0,1.0
16,near_miss_branches,18,sim_share_conf_exit,0.72,0.9444444444444444,0.963888888888889,0.9531944444444446,1.0491038904269268,0.0,0.0,0.0,1.0491038904269268
16,near_miss_branches,18,sim_share_entropy_exit,0.72,0.9444444444444444,0.8645833333333334,0.9085069444444445,1.100707051404548,0.0,0.0,0.0,1.100707051404548
16,near_miss_branches,18,oracle_cluster_exit,0.72,0.16666666666666666,0.3844444444444444,0.26466666666666666,3.7783375314861463,0.0,0.0,0.0,3.7783375314861463
16,near_miss_branches,18,no_share_no_exit,0.82,1.0,1.0,1.0,1.0,0.0,0.0,0.0,1.0
16,near_miss_branches,18,exact_prefix_only,0.82,1.0,1.0,1.0,1.0,0.0,0.0,0.0,1.0
16,near_miss_branches,18,similarity_share,0.82,1.0,1.0,1.0,1.0,0.0,0.0,0.0,1.0
16,near_miss_branches,18,conservative_share,0.82,1.0,1.0,1.0,1.0,0.0,0.0,0.0,1.0
16,near_miss_branches,18,sim_share_conf_exit,0.82,1.0,0.963888888888889,0.9837500000000001,1.016518424396442,0.0,0.0,0.0,1.016518424396442
16,near_miss_branches,18,sim_share_entropy_exit,0.82,1.0,0.8645833333333334,0.9390625000000001,1.064891846921797,0.0,0.0,0.0,1.064891846921797
16,near_miss_branches,18,oracle_cluster_exit,0.82,0.16666666666666666,0.3844444444444444,0.26466666666666666,3.7783375314861463,0.0,0.0,0.0,3.7783375314861463
16,near_miss_branches,18,no_share_no_exit,0.9,1.0,1.0,1.0,1.0,0.0,0.0,0.0,1.0
16,near_miss_branches,18,exact_prefix_only,0.9,1.0,1.0,1.0,1.0,0.0,0.0,0.0,1.0
16,near_miss_branches,18,similarity_share,0.9,1.0,1.0,1.0,1.0,0.0,0.0,0.0,1.0
16,near_miss_branches,18,conservative_share,0.9,1.0,1.0,1.0,1.0,0.0,0.0,0.0,1.0
16,near_miss_branches,18,sim_share_conf_exit,0.9,1.0,0.963888888888889,0.9837500000000001,1.016518424396442,0.0,0.0,0.0,1.016518424396442
16,near_miss_branches,18,sim_share_entropy_exit,0.9,1.0,0.8645833333333334,0.9390625000000001,1.064891846921797,0.0,0.0,0.0,1.064891846921797
16,near_miss_branches,18,oracle_cluster_exit,0.9,0.16666666666666666,0.3844444444444444,0.26466666666666666,3.7783375314861463,0.0,0.0,0.0,3.7783375314861463
16,late_divergence,18,no_share_no_exit,0.72,1.0,1.0,1.0,1.0,0.0,0.0,0.0,1.0
16,late_divergence,18,exact_prefix_only,0.72,1.0,1.0,1.0,1.0,0.0,0.0,0.0,1.0
16,late_divergence,18,similarity_share,0.72,0.3333333333333333,1.0,0.6333333333333333,1.5789473684210527,0.0,0.0,0.0,1.5789473684210527
16,late_divergence,18,conservative_share,0.72,1.0,1.0,1.0,1.0,0.0,0.0,0.0,1.0
16,late_divergence,18,sim_share_conf_exit,0.72,0.3333333333333333,0.963888888888889,0.6170833333333334,1.6205266711681294,0.0,0.0,0.0,1.6205266711681294
16,late_divergence,18,sim_share_entropy_exit,0.72,0.3333333333333333,0.6597222222222222,0.48020833333333335,2.0824295010845986,0.0,0.05555555555555555,0.05555555555555555,1.6379850566401541
16,late_divergence,18,oracle_cluster_exit,0.72,0.16666666666666666,0.3844444444444444,0.26466666666666666,3.7783375314861463,0.0,0.0,0.0,3.7783375314861463
16,late_divergence,18,no_share_no_exit,0.82,1.0,1.0,1.0,1.0,0.0,0.0,0.0,1.0
16,late_divergence,18,exact_prefix_only,0.82,1.0,1.0,1.0,1.0,0.0,0.0,0.0,1.0
16,late_divergence,18,similarity_share,0.82,0.7222222222222222,1.0,0.8472222222222223,1.1803278688524588,0.0,0.0,0.0,1.1803278688524588
16,late_divergence,18,conservative_share,0.82,1.0,1.0,1.0,1.0,0.0,0.0,0.0,1.0
16,late_divergence,18,sim_share_conf_exit,0.82,0.7222222222222222,0.963888888888889,0.8309722222222223,1.2034096607053315,0.0,0.0,0.0,1.2034096607053315
16,late_divergence,18,sim_share_entropy_exit,0.82,0.7222222222222222,0.6597222222222222,0.6940972222222223,1.44072036018009,0.0,0.05555555555555555,0.05555555555555555,0.9962759157356456
16,late_divergence,18,oracle_cluster_exit,0.82,0.16666666666666666,0.3844444444444444,0.26466666666666666,3.7783375314861463,0.0,0.0,0.0,3.7783375314861463
16,late_divergence,18,no_share_no_exit,0.9,1.0,1.0,1.0,1.0,0.0,0.0,0.0,1.0
16,late_divergence,18,exact_prefix_only,0.9,1.0,1.0,1.0,1.0,0.0,0.0,0.0,1.0
16,late_divergence,18,similarity_share,0.9,1.0,1.0,1.0,1.0,0.0,0.0,0.0,1.0
16,late_divergence,18,conservative_share,0.9,1.0,1.0,1.0,1.0,0.0,0.0,0.0,1.0
16,late_divergence,18,sim_share_conf_exit,0.9,1.0,0.963888888888889,0.9837500000000001,1.016518424396442,0.0,0.0,0.0,1.016518424396442
16,late_divergence,18,sim_share_entropy_exit,0.9,1.0,0.6597222222222222,0.846875,1.1808118081180812,0.0,0.05555555555555555,0.05555555555555555,0.7363673636736368
16,late_divergence,18,oracle_cluster_exit,0.9,0.16666666666666666,0.3844444444444444,0.26466666666666666,3.7783375314861463,0.0,0.0,0.0,3.7783375314861463
16,confidence_trap,18,no_share_no_exit,0.72,1.0,1.0,1.0,1.0,0.0,0.0,0.0,1.0
16,confidence_trap,18,exact_prefix_only,0.72,0.3333333333333333,1.0,0.6333333333333333,1.5789473684210527,0.0,0.0,0.0,1.5789473684210527
16,confidence_trap,18,similarity_share,0.72,0.2777777777777778,1.0,0.6027777777777779,1.658986175115207,0.0,0.0,0.0,1.658986175115207
16,confidence_trap,18,conservative_share,0.72,0.6111111111111112,1.0,0.7861111111111112,1.2720848056537102,0.0,0.0,0.0,1.2720848056537102
16,confidence_trap,18,sim_share_conf_exit,0.72,0.2777777777777778,0.7833333333333333,0.5052777777777777,1.979109400769654,0.0,0.2222222222222222,0.2222222222222222,0.20133162299187624
16,confidence_trap,18,sim_share_entropy_exit,0.72,0.2777777777777778,0.9166666666666666,0.5652777777777778,1.769041769041769,0.0,0.05555555555555555,0.05555555555555555,1.3245973245973246
16,confidence_trap,18,oracle_cluster_exit,0.72,0.16666666666666666,0.5133333333333333,0.32266666666666666,3.0991735537190084,0.0,0.0,0.0,3.0991735537190084
16,confidence_trap,18,no_share_no_exit,0.82,1.0,1.0,1.0,1.0,0.0,0.0,0.0,1.0
16,confidence_trap,18,exact_prefix_only,0.82,0.3333333333333333,1.0,0.6333333333333333,1.5789473684210527,0.0,0.0,0.0,1.5789473684210527
16,confidence_trap,18,similarity_share,0.82,0.6111111111111112,1.0,0.7861111111111112,1.2720848056537102,0.0,0.0,0.0,1.2720848056537102
16,confidence_trap,18,conservative_share,0.82,1.0,1.0,1.0,1.0,0.0,0.0,0.0,1.0
16,confidence_trap,18,sim_share_conf_exit,0.82,0.6111111111111112,0.7833333333333333,0.6886111111111111,1.4521984671238404,0.0,0.2222222222222222,0.2222222222222222,-0.3255793106539373
16,confidence_trap,18,sim_share_entropy_exit,0.82,0.6111111111111112,0.9166666666666666,0.7486111111111111,1.3358070500927643,0.0,0.05555555555555555,0.05555555555555555,0.8913626056483199
16,confidence_trap,18,oracle_cluster_exit,0.82,0.16666666666666666,0.5133333333333333,0.32266666666666666,3.0991735537190084,0.0,0.0,0.0,3.0991735537190084
16,confidence_trap,18,no_share_no_exit,0.9,1.0,1.0,1.0,1.0,0.0,0.0,0.0,1.0
16,confidence_trap,18,exact_prefix_only,0.9,0.3333333333333333,1.0,0.6333333333333333,1.5789473684210527,0.0,0.0,0.0,1.5789473684210527
16,confidence_trap,18,similarity_share,0.9,1.0,1.0,1.0,1.0,0.0,0.0,0.0,1.0
16,confidence_trap,18,conservative_share,0.9,1.0,1.0,1.0,1.0,0.0,0.0,0.0,1.0
16,confidence_trap,18,sim_share_conf_exit,0.9,1.0,0.7833333333333333,0.9025000000000001,1.1080332409972298,0.0,0.2222222222222222,0.2222222222222222,-0.6697445367805479
16,confidence_trap,18,sim_share_entropy_exit,0.9,1.0,0.9166666666666666,0.9625,1.0389610389610389,0.0,0.05555555555555555,0.05555555555555555,0.5945165945165944
16,confidence_trap,18,oracle_cluster_exit,0.9,0.16666666666666666,0.5133333333333333,0.32266666666666666,3.0991735537190084,0.0,0.0,0.0,3.0991735537190084
16,many_small_clusters,18,no_share_no_exit,0.72,1.0,1.0,1.0,1.0,0.0,0.0,0.0,1.0
16,many_small_clusters,18,exact_prefix_only,0.72,0.6111111111111112,1.0,0.7861111111111112,1.2720848056537102,0.0,0.0,0.0,1.2720848056537102
16,many_small_clusters,18,similarity_share,0.72,0.6666666666666666,1.0,0.8166666666666667,1.2244897959183674,0.0,0.0,0.0,1.2244897959183674
16,many_small_clusters,18,conservative_share,0.72,1.0,1.0,1.0,1.0,0.0,0.0,0.0,1.0
16,many_small_clusters,18,sim_share_conf_exit,0.72,0.6666666666666666,1.0,0.8166666666666667,1.2244897959183674,0.0,0.0,0.0,1.2244897959183674
16,many_small_clusters,18,sim_share_entropy_exit,0.72,0.6666666666666666,0.8993055555555556,0.7713541666666668,1.2964213369345035,0.0,0.0,0.0,1.2964213369345035
16,many_small_clusters,18,oracle_cluster_exit,0.72,0.5,0.3844444444444444,0.448,2.232142857142857,0.0,0.0,0.0,2.232142857142857
16,many_small_clusters,18,no_share_no_exit,0.82,1.0,1.0,1.0,1.0,0.0,0.0,0.0,1.0
16,many_small_clusters,18,exact_prefix_only,0.82,0.6111111111111112,1.0,0.7861111111111112,1.2720848056537102,0.0,0.0,0.0,1.2720848056537102
16,many_small_clusters,18,similarity_share,0.82,1.0,1.0,1.0,1.0,0.0,0.0,0.0,1.0
16,many_small_clusters,18,conservative_share,0.82,1.0,1.0,1.0,1.0,0.0,0.0,0.0,1.0
16,many_small_clusters,18,sim_share_conf_exit,0.82,1.0,1.0,1.0,1.0,0.0,0.0,0.0,1.0
16,many_small_clusters,18,sim_share_entropy_exit,0.82,1.0,0.8993055555555556,0.9546875000000001,1.0474631751227494,0.0,0.0,0.0,1.0474631751227494
16,many_small_clusters,18,oracle_cluster_exit,0.82,0.5,0.3844444444444444,0.448,2.232142857142857,0.0,0.0,0.0,2.232142857142857
16,many_small_clusters,18,no_share_no_exit,0.9,1.0,1.0,1.0,1.0,0.0,0.0,0.0,1.0
16,many_small_clusters,18,exact_prefix_only,0.9,0.6111111111111112,1.0,0.7861111111111112,1.2720848056537102,0.0,0.0,0.0,1.2720848056537102
16,many_small_clusters,18,similarity_share,0.9,1.0,1.0,1.0,1.0,0.0,0.0,0.0,1.0
16,many_small_clusters,18,conservative_share,0.9,1.0,1.0,1.0,1.0,0.0,0.0,0.0,1.0
16,many_small_clusters,18,sim_share_conf_exit,0.9,1.0,1.0,1.0,1.0,0.0,0.0,0.0,1.0
16,many_small_clusters,18,sim_share_entropy_exit,0.9,1.0,0.8993055555555556,0.9546875000000001,1.0474631751227494,0.0,0.0,0.0,1.0474631751227494
16,many_small_clusters,18,oracle_cluster_exit,0.9,0.5,0.3844444444444444,0.448,2.232142857142857,0.0,0.0,0.0,2.232142857142857
17,clean_clusters,18,no_share_no_exit,0.72,1.0,1.0,1.0,1.0,0.0,0.0,0.0,1.0
17,clean_clusters,18,exact_prefix_only,0.72,0.2777777777777778,1.0,0.6027777777777779,1.658986175115207,0.0,0.0,0.0,1.658986175115207
17,clean_clusters,18,similarity_share,0.72,0.16666666666666666,1.0,0.5416666666666667,1.8461538461538458,0.0,0.0,0.0,1.8461538461538458
17,clean_clusters,18,conservative_share,0.72,0.3888888888888889,1.0,0.663888888888889,1.5062761506276148,0.0,0.0,0.0,1.5062761506276148
17,clean_clusters,18,sim_share_conf_exit,0.72,0.16666666666666666,1.0,0.5416666666666667,1.8461538461538458,0.0,0.0,0.0,1.8461538461538458
17,clean_clusters,18,sim_share_entropy_exit,0.72,0.16666666666666666,0.9027777777777778,0.4979166666666667,2.00836820083682,0.0,0.05555555555555555,0.05555555555555555,1.5639237563923756
17,clean_clusters,18,oracle_cluster_exit,0.72,0.16666666666666666,0.3844444444444444,0.26466666666666666,3.7783375314861463,0.0,0.0,0.0,3.7783375314861463
17,clean_clusters,18,no_share_no_exit,0.82,1.0,1.0,1.0,1.0,0.0,0.0,0.0,1.0
17,clean_clusters,18,exact_prefix_only,0.82,0.2777777777777778,1.0,0.6027777777777779,1.658986175115207,0.0,0.0,0.0,1.658986175115207
17,clean_clusters,18,similarity_share,0.82,0.2222222222222222,1.0,0.5722222222222222,1.7475728155339807,0.0,0.0,0.0,1.7475728155339807
17,clean_clusters,18,conservative_share,0.82,0.7777777777777778,1.0,0.8777777777777778,1.139240506329114,0.0,0.0,0.0,1.139240506329114
17,clean_clusters,18,sim_share_conf_exit,0.82,0.2222222222222222,1.0,0.5722222222222222,1.7475728155339807,0.0,0.0,0.0,1.7475728155339807
17,clean_clusters,18,sim_share_entropy_exit,0.82,0.2222222222222222,0.9027777777777778,0.5284722222222222,1.8922470433639946,0.0,0.05555555555555555,0.05555555555555555,1.4478025989195502
17,clean_clusters,18,oracle_cluster_exit,0.82,0.16666666666666666,0.3844444444444444,0.26466666666666666,3.7783375314861463,0.0,0.0,0.0,3.7783375314861463
17,clean_clusters,18,no_share_no_exit,0.9,1.0,1.0,1.0,1.0,0.0,0.0,0.0,1.0
17,clean_clusters,18,exact_prefix_only,0.9,0.2777777777777778,1.0,0.6027777777777779,1.658986175115207,0.0,0.0,0.0,1.658986175115207
17,clean_clusters,18,similarity_share,0.9,0.7222222222222222,1.0,0.8472222222222223,1.1803278688524588,0.0,0.0,0.0,1.1803278688524588
17,clean_clusters,18,conservative_share,0.9,1.0,1.0,1.0,1.0,0.0,0.0,0.0,1.0
17,clean_clusters,18,sim_share_conf_exit,0.9,0.7222222222222222,1.0,0.8472222222222223,1.1803278688524588,0.0,0.0,0.0,1.1803278688524588
17,clean_clusters,18,sim_share_entropy_exit,0.9,0.7222222222222222,0.9027777777777778,0.8034722222222223,1.2445980985306828,0.0,0.05555555555555555,0.05555555555555555,0.8001536540862384
17,clean_clusters,18,oracle_cluster_exit,0.9,0.16666666666666666,0.3844444444444444,0.26466666666666666,3.7783375314861463,0.0,0.0,0.0,3.7783375314861463
17,near_miss_branches,18,no_share_no_exit,0.72,1.0,1.0,1.0,1.0,0.0,0.0,0.0,1.0
17,near_miss_branches,18,exact_prefix_only,0.72,1.0,1.0,1.0,1.0,0.0,0.0,0.0,1.0
17,near_miss_branches,18,similarity_share,0.72,0.8888888888888888,1.0,0.9388888888888889,1.0650887573964498,0.0,0.0,0.0,1.0650887573964498
17,near_miss_branches,18,conservative_share,0.72,1.0,1.0,1.0,1.0,0.0,0.0,0.0,1.0
17,near_miss_branches,18,sim_share_conf_exit,0.72,0.8888888888888888,1.0,0.9388888888888889,1.0650887573964498,0.0,0.0,0.0,1.0650887573964498
17,near_miss_branches,18,sim_share_entropy_exit,0.72,0.8888888888888888,0.90625,0.896701388888889,1.1151984511132622,0.0,0.05555555555555555,0.05555555555555555,0.6707540066688178
17,near_miss_branches,18,oracle_cluster_exit,0.72,0.16666666666666666,0.3844444444444444,0.26466666666666666,3.7783375314861463,0.0,0.0,0.0,3.7783375314861463
17,near_miss_branches,18,no_share_no_exit,0.82,1.0,1.0,1.0,1.0,0.0,0.0,0.0,1.0
17,near_miss_branches,18,exact_prefix_only,0.82,1.0,1.0,1.0,1.0,0.0,0.0,0.0,1.0
17,near_miss_branches,18,similarity_share,0.82,0.9444444444444444,1.0,0.9694444444444446,1.0315186246418337,0.0,0.0,0.0,1.0315186246418337
17,near_miss_branches,18,conservative_share,0.82,1.0,1.0,1.0,1.0,0.0,0.0,0.0,1.0
17,near_miss_branches,18,sim_share_conf_exit,0.82,0.9444444444444444,1.0,0.9694444444444446,1.0315186246418337,0.0,0.0,0.0,1.0315186246418337
17,near_miss_branches,18,sim_share_entropy_exit,0.82,0.9444444444444444,0.90625,0.9272569444444445,1.0784497285152592,0.0,0.05555555555555555,0.05555555555555555,0.6340052840708148
17,near_miss_branches,18,oracle_cluster_exit,0.82,0.16666666666666666,0.3844444444444444,0.26466666666666666,3.7783375314861463,0.0,0.0,0.0,3.7783375314861463
17,near_miss_branches,18,no_share_no_exit,0.9,1.0,1.0,1.0,1.0,0.0,0.0,0.0,1.0
17,near_miss_branches,18,exact_prefix_only,0.9,1.0,1.0,1.0,1.0,0.0,0.0,0.0,1.0
17,near_miss_branches,18,similarity_share,0.9,1.0,1.0,1.0,1.0,0.0,0.0,0.0,1.0
17,near_miss_branches,18,conservative_share,0.9,1.0,1.0,1.0,1.0,0.0,0.0,0.0,1.0
17,near_miss_branches,18,sim_share_conf_exit,0.9,1.0,1.0,1.0,1.0,0.0,0.0,0.0,1.0
17,near_miss_branches,18,sim_share_entropy_exit,0.9,1.0,0.90625,0.9578125000000001,1.0440456769983686,0.0,0.05555555555555555,0.05555555555555555,0.5996012325539242
17,near_miss_branches,18,oracle_cluster_exit,0.9,0.16666666666666666,0.3844444444444444,0.26466666666666666,3.7783375314861463,0.0,0.0,0.0,3.7783375314861463
17,late_divergence,18,no_share_no_exit,0.72,1.0,1.0,1.0,1.0,0.0,0.0,0.0,1.0
17,late_divergence,18,exact_prefix_only,0.72,1.0,1.0,1.0,1.0,0.0,0.0,0.0,1.0
17,late_divergence,18,similarity_share,0.72,0.5,1.0,0.7250000000000001,1.379310344827586,0.0,0.0,0.0,1.379310344827586
17,late_divergence,18,conservative_share,0.72,1.0,1.0,1.0,1.0,0.0,0.0,0.0,1.0
17,late_divergence,18,sim_share_conf_exit,0.72,0.5,1.0,0.7250000000000001,1.379310344827586,0.0,0.0,0.0,1.379310344827586
17,late_divergence,18,sim_share_entropy_exit,0.72,0.5,0.7152777777777778,0.596875,1.6753926701570678,0.0,0.05555555555555555,0.05555555555555555,1.2309482257126234
17,late_divergence,18,oracle_cluster_exit,0.72,0.16666666666666666,0.3844444444444444,0.26466666666666666,3.7783375314861463,0.0,0.0,0.0,3.7783375314861463
17,late_divergence,18,no_share_no_exit,0.82,1.0,1.0,1.0,1.0,0.0,0.0,0.0,1.0
17,late_divergence,18,exact_prefix_only,0.82,1.0,1.0,1.0,1.0,0.0,0.0,0.0,1.0
17,late_divergence,18,similarity_share,0.82,0.7222222222222222,1.0,0.8472222222222223,1.1803278688524588,0.0,0.0,0.0,1.1803278688524588
17,late_divergence,18,conservative_share,0.82,1.0,1.0,1.0,1.0,0.0,0.0,0.0,1.0
17,late_divergence,18,sim_share_conf_exit,0.82,0.7222222222222222,1.0,0.8472222222222223,1.1803278688524588,0.0,0.0,0.0,1.1803278688524588
17,late_divergence,18,sim_share_entropy_exit,0.82,0.7222222222222222,0.7152777777777778,0.7190972222222223,1.3906325446644132,0.0,0.05555555555555555,0.05555555555555555,0.9461881002199688
17,late_divergence,18,oracle_cluster_exit,0.82,0.16666666666666666,0.3844444444444444,0.26466666666666666,3.7783375314861463,0.0,0.0,0.0,3.7783375314861463
17,late_divergence,18,no_share_no_exit,0.9,1.0,1.0,1.0,1.0,0.0,0.0,0.0,1.0
17,late_divergence,18,exact_prefix_only,0.9,1.0,1.0,1.0,1.0,0.0,0.0,0.0,1.0
17,late_divergence,18,similarity_share,0.9,0.9444444444444444,1.0,0.9694444444444446,1.0315186246418337,0.0,0.0,0.0,1.0315186246418337
17,late_divergence,18,conservative_share,0.9,1.0,1.0,1.0,1.0,0.0,0.0,0.0,1.0
17,late_divergence,18,sim_share_conf_exit,0.9,0.9444444444444444,1.0,0.9694444444444446,1.0315186246418337,0.0,0.0,0.0,1.0315186246418337
17,late_divergence,18,sim_share_entropy_exit,0.9,0.9444444444444444,0.7152777777777778,0.8413194444444445,1.1886091621956252,0.0,0.05555555555555555,0.05555555555555555,0.7441647177511808
17,late_divergence,18,oracle_cluster_exit,0.9,0.16666666666666666,0.3844444444444444,0.26466666666666666,3.7783375314861463,0.0,0.0,0.0,3.7783375314861463
17,confidence_trap,18,no_share_no_exit,0.72,1.0,1.0,1.0,1.0,0.0,0.0,0.0,1.0
17,confidence_trap,18,exact_prefix_only,0.72,0.2777777777777778,1.0,0.6027777777777779,1.658986175115207,0.0,0.0,0.0,1.658986175115207
17,confidence_trap,18,similarity_share,0.72,0.2777777777777778,1.0,0.6027777777777779,1.658986175115207,0.0,0.0,0.0,1.658986175115207
17,confidence_trap,18,conservative_share,0.72,0.6111111111111112,1.0,0.7861111111111112,1.2720848056537102,0.0,0.0,0.0,1.2720848056537102
17,confidence_trap,18,sim_share_conf_exit,0.72,0.2777777777777778,0.7833333333333333,0.5052777777777777,1.979109400769654,0.0,0.16666666666666666,0.16666666666666666,0.6457760674363207
17,confidence_trap,18,sim_share_entropy_exit,0.72,0.2777777777777778,0.9548611111111112,0.5824652777777779,1.7168405365126673,0.0,0.05555555555555555,0.05555555555555555,1.272396092068223
17,confidence_trap,18,oracle_cluster_exit,0.72,0.16666666666666666,0.5133333333333333,0.32266666666666666,3.0991735537190084,0.0,0.0,0.0,3.0991735537190084
17,confidence_trap,18,no_share_no_exit,0.82,1.0,1.0,1.0,1.0,0.0,0.0,0.0,1.0
17,confidence_trap,18,exact_prefix_only,0.82,0.2777777777777778,1.0,0.6027777777777779,1.658986175115207,0.0,0.0,0.0,1.658986175115207
17,confidence_trap,18,similarity_share,0.82,0.6666666666666666,1.0,0.8166666666666667,1.2244897959183674,0.0,0.0,0.0,1.2244897959183674
17,confidence_trap,18,conservative_share,0.82,0.9444444444444444,1.0,0.9694444444444446,1.0315186246418337,0.0,0.0,0.0,1.0315186246418337
17,confidence_trap,18,sim_share_conf_exit,0.82,0.6666666666666666,0.7833333333333333,0.7191666666666667,1.3904982618771726,0.0,0.16666666666666666,0.16666666666666666,0.057164928543839366
17,confidence_trap,18,sim_share_entropy_exit,0.82,0.6666666666666666,0.9548611111111112,0.7963541666666667,1.2557226945716153,0.0,0.05555555555555555,0.05555555555555555,0.8112782501271709
17,confidence_trap,18,oracle_cluster_exit,0.82,0.16666666666666666,0.5133333333333333,0.32266666666666666,3.0991735537190084,0.0,0.0,0.0,3.0991735537190084
17,confidence_trap,18,no_share_no_exit,0.9,1.0,1.0,1.0,1.0,0.0,0.0,0.0,1.0
17,confidence_trap,18,exact_prefix_only,0.9,0.2777777777777778,1.0,0.6027777777777779,1.658986175115207,0.0,0.0,0.0,1.658986175115207
17,confidence_trap,18,similarity_share,0.9,0.9444444444444444,1.0,0.9694444444444446,1.0315186246418337,0.0,0.0,0.0,1.0315186246418337
17,confidence_trap,18,conservative_share,0.9,1.0,1.0,1.0,1.0,0.0,0.0,0.0,1.0
17,confidence_trap,18,sim_share_conf_exit,0.9,0.9444444444444444,0.7833333333333333,0.8719444444444444,1.1468620579802484,0.0,0.16666666666666666,0.16666666666666666,-0.18647127535308483
17,confidence_trap,18,sim_share_entropy_exit,0.9,0.9444444444444444,0.9548611111111112,0.9491319444444446,1.0535942930309126,0.0,0.05555555555555555,0.05555555555555555,0.6091498485864681
17,confidence_trap,18,oracle_cluster_exit,0.9,0.16666666666666666,0.5133333333333333,0.32266666666666666,3.0991735537190084,0.0,0.0,0.0,3.0991735537190084
17,many_small_clusters,18,no_share_no_exit,0.72,1.0,1.0,1.0,1.0,0.0,0.0,0.0,1.0
17,many_small_clusters,18,exact_prefix_only,0.72,0.7222222222222222,1.0,0.8472222222222223,1.1803278688524588,0.0,0.0,0.0,1.1803278688524588
17,many_small_clusters,18,similarity_share,0.72,0.6666666666666666,1.0,0.8166666666666667,1.2244897959183674,0.0,0.0,0.0,1.2244897959183674
17,many_small_clusters,18,conservative_share,0.72,0.9444444444444444,1.0,0.9694444444444446,1.0315186246418337,0.0,0.0,0.0,1.0315186246418337
17,many_small_clusters,18,sim_share_conf_exit,0.72,0.6666666666666666,0.9277777777777777,0.7841666666666667,1.2752391073326248,0.0,0.0,0.0,1.2752391073326248
17,many_small_clusters,18,sim_share_entropy_exit,0.72,0.6666666666666666,0.9097222222222222,0.7760416666666667,1.2885906040268456,0.0,0.05555555555555555,0.05555555555555555,0.8441461595824011
17,many_small_clusters,18,oracle_cluster_exit,0.72,0.5,0.3844444444444444,0.448,2.232142857142857,0.0,0.0,0.0,2.232142857142857
17,many_small_clusters,18,no_share_no_exit,0.82,1.0,1.0,1.0,1.0,0.0,0.0,0.0,1.0
17,many_small_clusters,18,exact_prefix_only,0.82,0.7222222222222222,1.0,0.8472222222222223,1.1803278688524588,0.0,0.0,0.0,1.1803278688524588
17,many_small_clusters,18,similarity_share,0.82,0.9444444444444444,1.0,0.9694444444444446,1.0315186246418337,0.0,0.0,0.0,1.0315186246418337
17,many_small_clusters,18,conservative_share,0.82,1.0,1.0,1.0,1.0,0.0,0.0,0.0,1.0
17,many_small_clusters,18,sim_share_conf_exit,0.82,0.9444444444444444,0.9277777777777777,0.9369444444444445,1.0672991402312482,0.0,0.0,0.0,1.0672991402312482
17,many_small_clusters,18,sim_share_entropy_exit,0.82,0.9444444444444444,0.9097222222222222,0.9288194444444444,1.0766355140186916,0.0,0.05555555555555555,0.05555555555555555,0.6321910695742472
17,many_small_clusters,18,oracle_cluster_exit,0.82,0.5,0.3844444444444444,0.448,2.232142857142857,0.0,0.0,0.0,2.232142857142857
17,many_small_clusters,18,no_share_no_exit,0.9,1.0,1.0,1.0,1.0,0.0,0.0,0.0,1.0
17,many_small_clusters,18,exact_prefix_only,0.9,0.7222222222222222,1.0,0.8472222222222223,1.1803278688524588,0.0,0.0,0.0,1.1803278688524588
17,many_small_clusters,18,similarity_share,0.9,1.0,1.0,1.0,1.0,0.0,0.0,0.0,1.0
17,many_small_clusters,18,conservative_share,0.9,1.0,1.0,1.0,1.0,0.0,0.0,0.0,1.0
17,many_small_clusters,18,sim_share_conf_exit,0.9,1.0,0.9277777777777777,0.9675,1.0335917312661498,0.0,0.0,0.0,1.0335917312661498
17,many_small_clusters,18,sim_share_entropy_exit,0.9,1.0,0.9097222222222222,0.9593750000000001,1.042345276872964,0.0,0.05555555555555555,0.05555555555555555,0.5979008324285195
17,many_small_clusters,18,oracle_cluster_exit,0.9,0.5,0.3844444444444444,0.448,2.232142857142857,0.0,0.0,0.0,2.232142857142857
