seed,trial,n,d,budget,gap_strength,policy,normed_error,cosine,retained_attention_mass,retained_value_direction_e1
11,0,128,32,8,0.5,top_attention_kept_only,0.7073056695053073,0.8633873207969549,0.07105168061324799,0.125
11,0,128,32,8,0.5,top_attention_plus_mean_moment,0.05890123080418162,0.9993522167539955,0.07105168061324799,0.125
11,0,128,32,8,0.5,top_attention_plus_first_order_moment,0.003280073926824316,0.9999979028859919,0.07105168061324799,0.125
11,0,128,32,8,0.5,random_kept_only,0.5813384512613969,0.8398935320782209,0.05913179052317481,0.5
11,0,128,32,8,0.5,random_plus_first_order_moment,0.003468556432929902,0.9999978162710297,0.05913179052317481,0.5
11,0,128,32,8,0.5,value_norm_kept_only,1.1090952629936754,0.9338077467322993,0.06654204138086973,0.25
11,1,128,32,8,0.5,top_attention_kept_only,0.7078358040193712,0.9195153302805071,0.07181212369904562,0.125
11,1,128,32,8,0.5,top_attention_plus_mean_moment,0.05664949565718857,0.9992068593222709,0.07181212369904562,0.125
11,1,128,32,8,0.5,top_attention_plus_first_order_moment,0.003121220858615541,0.9999977379186109,0.07181212369904562,0.125
11,1,128,32,8,0.5,random_kept_only,0.5780425686172056,0.8747468943101386,0.060908826579947825,0.25
11,1,128,32,8,0.5,random_plus_first_order_moment,0.003194779816123181,0.9999975567628862,0.060908826579947825,0.25
11,1,128,32,8,0.5,value_norm_kept_only,0.9273351297512349,0.8392649695775654,0.06345370859893229,0.375
11,2,128,32,8,0.5,top_attention_kept_only,0.5662851388852324,0.8936161271754988,0.07130904708472145,0.25
11,2,128,32,8,0.5,top_attention_plus_mean_moment,0.061117468468716005,0.9992418944901272,0.07130904708472145,0.25
11,2,128,32,8,0.5,top_attention_plus_first_order_moment,0.003155748999142377,0.9999981313162594,0.07130904708472145,0.25
11,2,128,32,8,0.5,random_kept_only,0.8096398959149239,0.8317864643237632,0.06492492329928216,0.5
11,2,128,32,8,0.5,random_plus_first_order_moment,0.0034832757048355377,0.9999978270762918,0.06492492329928216,0.5
11,2,128,32,8,0.5,value_norm_kept_only,1.022901667811342,0.8760278206646083,0.0662854408388013,0.0
11,3,128,32,8,0.5,top_attention_kept_only,0.7090285774679356,0.9178969676895232,0.07147635108045178,0.375
11,3,128,32,8,0.5,top_attention_plus_mean_moment,0.053729168073995706,0.999304275570338,0.07147635108045178,0.375
11,3,128,32,8,0.5,top_attention_plus_first_order_moment,0.0029130355385818263,0.9999978831569112,0.07147635108045178,0.375
11,3,128,32,8,0.5,random_kept_only,0.5865204781150744,0.8537423188039303,0.06377284817822179,0.375
11,3,128,32,8,0.5,random_plus_first_order_moment,0.0030152354447245196,0.9999977071368138,0.06377284817822179,0.375
11,3,128,32,8,0.5,value_norm_kept_only,1.1027773573299917,0.9034468014516511,0.06347723855261259,0.375
11,4,128,32,8,0.5,top_attention_kept_only,0.832196406193449,0.8884519922169445,0.07122485190953731,0.125
11,4,128,32,8,0.5,top_attention_plus_mean_moment,0.058305278499491936,0.9992496257110245,0.07122485190953731,0.125
11,4,128,32,8,0.5,top_attention_plus_first_order_moment,0.0030746166907892336,0.9999980725612905,0.07122485190953731,0.125
11,4,128,32,8,0.5,random_kept_only,0.4747662398215849,0.9420494642015602,0.06494314642605803,0.25
11,4,128,32,8,0.5,random_plus_first_order_moment,0.0032524698290398737,0.9999978660586413,0.06494314642605803,0.25
11,4,128,32,8,0.5,value_norm_kept_only,1.0401246159835913,0.9301896078199183,0.065820515094721,0.125
11,5,128,32,8,0.5,top_attention_kept_only,0.7231347901932813,0.9027545939441078,0.0726041365263606,0.125
11,5,128,32,8,0.5,top_attention_plus_mean_moment,0.05579277982306443,0.9993361446875003,0.0726041365263606,0.125
11,5,128,32,8,0.5,top_attention_plus_first_order_moment,0.002933365033900749,0.9999981238228616,0.0726041365263606,0.125
11,5,128,32,8,0.5,random_kept_only,0.7504881431673155,0.9111875936611717,0.06376368735621638,0.375
11,5,128,32,8,0.5,random_plus_first_order_moment,0.003121915963089248,0.9999978846577999,0.06376368735621638,0.375
11,5,128,32,8,0.5,value_norm_kept_only,1.0766786054648332,0.9077037992701629,0.06640293090924837,0.25
11,6,128,32,8,0.5,top_attention_kept_only,0.7446339815151612,0.8813469501440164,0.07167841666179157,0.125
11,6,128,32,8,0.5,top_attention_plus_mean_moment,0.059358604945254245,0.9992713887343659,0.07167841666179157,0.125
11,6,128,32,8,0.5,top_attention_plus_first_order_moment,0.0033159232603498026,0.999997772503424,0.07167841666179157,0.125
11,6,128,32,8,0.5,random_kept_only,0.6654085489784733,0.8752345628411616,0.0635949803576824,0.375
11,6,128,32,8,0.5,random_plus_first_order_moment,0.0035395201621054675,0.999997525782351,0.0635949803576824,0.375
11,6,128,32,8,0.5,value_norm_kept_only,0.9778448343732925,0.9103458755225705,0.06678583329335569,0.0
11,7,128,32,8,0.5,top_attention_kept_only,0.7655872599258062,0.8287682374433522,0.07177757662268196,0.125
11,7,128,32,8,0.5,top_attention_plus_mean_moment,0.058505326615706586,0.9992700566083692,0.07177757662268196,0.125
11,7,128,32,8,0.5,top_attention_plus_first_order_moment,0.003166701013962935,0.9999976504344188,0.07177757662268196,0.125
11,7,128,32,8,0.5,random_kept_only,0.6655813122813521,0.869091360089629,0.06186991166708628,0.625
11,7,128,32,8,0.5,random_plus_first_order_moment,0.00341187880607002,0.9999975906439806,0.06186991166708628,0.625
11,7,128,32,8,0.5,value_norm_kept_only,1.199333124268998,0.8908294824905095,0.06609981771615073,0.25
11,8,128,32,8,0.5,top_attention_kept_only,0.6968935306757544,0.8754633419642319,0.07129504202487442,0.125
11,8,128,32,8,0.5,top_attention_plus_mean_moment,0.05678356953410326,0.9993600486893236,0.07129504202487442,0.125
11,8,128,32,8,0.5,top_attention_plus_first_order_moment,0.003135995060650637,0.9999980816403407,0.07129504202487442,0.125
11,8,128,32,8,0.5,random_kept_only,0.6369329872615711,0.8489840173723818,0.062892346535805,0.375
11,8,128,32,8,0.5,random_plus_first_order_moment,0.0033787899114855707,0.9999978115322947,0.062892346535805,0.375
11,8,128,32,8,0.5,value_norm_kept_only,1.1409769684778925,0.9341318988519582,0.06579596352094394,0.375
11,9,128,32,8,0.5,top_attention_kept_only,0.6438636087544185,0.9072015317849486,0.07131187051204615,0.0
11,9,128,32,8,0.5,top_attention_plus_mean_moment,0.05797586912072678,0.9993048583510298,0.07131187051204615,0.0
11,9,128,32,8,0.5,top_attention_plus_first_order_moment,0.0030185377850682335,0.99999812393274,0.07131187051204615,0.0
11,9,128,32,8,0.5,random_kept_only,0.7153987995547144,0.7452592684468713,0.060663836243344746,0.5
11,9,128,32,8,0.5,random_plus_first_order_moment,0.0033107836983151326,0.999997691008852,0.060663836243344746,0.5
11,9,128,32,8,0.5,value_norm_kept_only,1.1884694699839764,0.9026369641065164,0.06609535791225411,0.25
11,10,128,32,8,0.5,top_attention_kept_only,0.7128782810205468,0.8898073121616958,0.07125818505908768,0.0
11,10,128,32,8,0.5,top_attention_plus_mean_moment,0.05649164942248762,0.999366283908063,0.07125818505908768,0.0
11,10,128,32,8,0.5,top_attention_plus_first_order_moment,0.0027936128286988812,0.9999982191468083,0.07125818505908768,0.0
11,10,128,32,8,0.5,random_kept_only,0.6510252589311986,0.8218718447059884,0.06270057166980902,0.375
11,10,128,32,8,0.5,random_plus_first_order_moment,0.0029588029667954375,0.9999981501879436,0.06270057166980902,0.375
11,10,128,32,8,0.5,value_norm_kept_only,0.8897506428276399,0.8651893964973889,0.06304555899175385,0.5
11,11,128,32,8,0.5,top_attention_kept_only,0.7605780303575698,0.8819590015176797,0.07127088832694141,0.125
11,11,128,32,8,0.5,top_attention_plus_mean_moment,0.05940073644384375,0.9991687877632878,0.07127088832694141,0.125
11,11,128,32,8,0.5,top_attention_plus_first_order_moment,0.003161436367192881,0.9999977560318865,0.07127088832694141,0.125
11,11,128,32,8,0.5,random_kept_only,0.6636593366476061,0.7790561560503189,0.06111065598268277,0.5
11,11,128,32,8,0.5,random_plus_first_order_moment,0.003432647214576348,0.9999972674278804,0.06111065598268277,0.5
11,11,128,32,8,0.5,value_norm_kept_only,1.1778937962816418,0.8594694782781165,0.06558013838080988,0.125
11,12,128,32,8,0.5,top_attention_kept_only,0.618754135842244,0.9483503432732971,0.07051129699386724,0.25
11,12,128,32,8,0.5,top_attention_plus_mean_moment,0.054366018265549675,0.9994049018770867,0.07051129699386724,0.25
11,12,128,32,8,0.5,top_attention_plus_first_order_moment,0.0026419406257171918,0.9999984981661509,0.07051129699386724,0.25
11,12,128,32,8,0.5,random_kept_only,0.7876265792863753,0.7345551245915779,0.06282003171523756,0.375
11,12,128,32,8,0.5,random_plus_first_order_moment,0.002711796092266041,0.9999984137055259,0.06282003171523756,0.375
11,12,128,32,8,0.5,value_norm_kept_only,0.9402032976561517,0.9293347564798127,0.06735877483558829,0.125
11,13,128,32,8,0.5,top_attention_kept_only,0.6341030457155024,0.9141834203998415,0.07208785444792412,0.375
11,13,128,32,8,0.5,top_attention_plus_mean_moment,0.055542285685294714,0.9995018065973531,0.07208785444792412,0.375
11,13,128,32,8,0.5,top_attention_plus_first_order_moment,0.002731329864269572,0.9999990155034608,0.07208785444792412,0.375
11,13,128,32,8,0.5,random_kept_only,0.7179779215512959,0.8132465907613059,0.0629074631355192,0.375
11,13,128,32,8,0.5,random_plus_first_order_moment,0.0030042902430499944,0.9999987369318234,0.0629074631355192,0.375
11,13,128,32,8,0.5,value_norm_kept_only,1.0399385712200717,0.9219101126501577,0.06507917144516384,0.25
11,14,128,32,8,0.5,top_attention_kept_only,0.7999257643775556,0.8924555722910269,0.07139575027699122,0.25
11,14,128,32,8,0.5,top_attention_plus_mean_moment,0.05090208423900727,0.9993588582290225,0.07139575027699122,0.25
11,14,128,32,8,0.5,top_attention_plus_first_order_moment,0.002581097495747358,0.9999984867206158,0.07139575027699122,0.25
11,14,128,32,8,0.5,random_kept_only,1.0429153114153824,0.4780376839913615,0.060101566497214126,0.75
11,14,128,32,8,0.5,random_plus_first_order_moment,0.0027289103886030674,0.9999981210593961,0.060101566497214126,0.75
11,14,128,32,8,0.5,value_norm_kept_only,1.0931084468366532,0.891527799955432,0.06445296990282315,0.125
11,15,128,32,8,0.5,top_attention_kept_only,0.6759228571433737,0.8823476827062614,0.07118922543580931,0.25
11,15,128,32,8,0.5,top_attention_plus_mean_moment,0.05496812470677034,0.9993792981255305,0.07118922543580931,0.25
11,15,128,32,8,0.5,top_attention_plus_first_order_moment,0.0029004954837010158,0.9999984444250777,0.07118922543580931,0.25
11,15,128,32,8,0.5,random_kept_only,0.6818744512767078,0.8870411632946167,0.065272804216131,0.125
11,15,128,32,8,0.5,random_plus_first_order_moment,0.0030956044630690636,0.9999982600675307,0.065272804216131,0.125
11,15,128,32,8,0.5,value_norm_kept_only,0.8666518381349609,0.9370406480870388,0.06309162392920524,0.375
11,16,128,32,8,0.5,top_attention_kept_only,0.6845097359299971,0.8862397900530229,0.0710561337628377,0.125
11,16,128,32,8,0.5,top_attention_plus_mean_moment,0.061162504075366476,0.9993386121393703,0.0710561337628377,0.125
11,16,128,32,8,0.5,top_attention_plus_first_order_moment,0.003279642395832866,0.9999980555409173,0.0710561337628377,0.125
11,16,128,32,8,0.5,random_kept_only,0.7103305975252796,0.7397377030852643,0.059178797821953955,0.375
11,16,128,32,8,0.5,random_plus_first_order_moment,0.0035285080588704706,0.9999978509068251,0.059178797821953955,0.375
11,16,128,32,8,0.5,value_norm_kept_only,0.9746718545171704,0.8696601642654718,0.06498528887179093,0.125
11,17,128,32,8,0.5,top_attention_kept_only,0.5785216511930441,0.9184102936811694,0.07062286524379771,0.25
11,17,128,32,8,0.5,top_attention_plus_mean_moment,0.06055509970138692,0.999139919347898,0.07062286524379771,0.25
11,17,128,32,8,0.5,top_attention_plus_first_order_moment,0.0032450308953913573,0.9999977280909369,0.07062286524379771,0.25
11,17,128,32,8,0.5,random_kept_only,0.8726771632305796,0.5825917199358864,0.057094125612204574,0.625
11,17,128,32,8,0.5,random_plus_first_order_moment,0.00342420397279797,0.9999973631820053,0.057094125612204574,0.625
11,17,128,32,8,0.5,value_norm_kept_only,0.934577837412512,0.9239138445721984,0.06626264268759316,0.375
11,18,128,32,8,0.5,top_attention_kept_only,0.5515307190110887,0.9231176968288454,0.07212487768723,0.125
11,18,128,32,8,0.5,top_attention_plus_mean_moment,0.05704918707434671,0.9992899669352904,0.07212487768723,0.125
11,18,128,32,8,0.5,top_attention_plus_first_order_moment,0.0030746653298765326,0.9999981772041957,0.07212487768723,0.125
11,18,128,32,8,0.5,random_kept_only,0.5328239688296995,0.8953805668347011,0.06300520203764984,0.25
11,18,128,32,8,0.5,random_plus_first_order_moment,0.003299327844500382,0.9999978297862943,0.06300520203764984,0.25
11,18,128,32,8,0.5,value_norm_kept_only,0.9205503958310715,0.92085388438501,0.06318036559057434,0.375
11,19,128,32,8,0.5,top_attention_kept_only,0.806778156067864,0.8682887860287463,0.07198716669228264,0.125
11,19,128,32,8,0.5,top_attention_plus_mean_moment,0.06320971127397328,0.9990142672337493,0.07198716669228264,0.125
11,19,128,32,8,0.5,top_attention_plus_first_order_moment,0.0036211482502312435,0.9999971975906546,0.07198716669228264,0.125
11,19,128,32,8,0.5,random_kept_only,0.5862153806638397,0.8220225916591666,0.06327905320936658,0.5
11,19,128,32,8,0.5,random_plus_first_order_moment,0.0037955802183359784,0.9999968515224618,0.06327905320936658,0.5
11,19,128,32,8,0.5,value_norm_kept_only,0.9486577590220794,0.9401137010958648,0.06550303309668218,0.125
11,20,128,32,8,0.5,top_attention_kept_only,0.770678150341864,0.8754280968514868,0.07027101562750246,0.125
11,20,128,32,8,0.5,top_attention_plus_mean_moment,0.05744788898318869,0.9993271659192713,0.07027101562750246,0.125
11,20,128,32,8,0.5,top_attention_plus_first_order_moment,0.0029330443723735904,0.9999984405865072,0.07027101562750246,0.125
11,20,128,32,8,0.5,random_kept_only,0.6433499076664364,0.8751386149578354,0.061624922218715884,0.75
11,20,128,32,8,0.5,random_plus_first_order_moment,0.0031953747709538385,0.999998241633745,0.061624922218715884,0.75
11,20,128,32,8,0.5,value_norm_kept_only,1.0446162639028629,0.9111759828781041,0.06518589174769257,0.375
11,21,128,32,8,0.5,top_attention_kept_only,0.7169953203088802,0.9272617236088161,0.07133151078735245,0.25
11,21,128,32,8,0.5,top_attention_plus_mean_moment,0.05119212344466836,0.9993078819936226,0.07133151078735245,0.25
11,21,128,32,8,0.5,top_attention_plus_first_order_moment,0.002903703664492998,0.9999982015826121,0.07133151078735245,0.25
11,21,128,32,8,0.5,random_kept_only,0.5899409122212069,0.8280543289106547,0.058558506662779355,0.25
11,21,128,32,8,0.5,random_plus_first_order_moment,0.003094724586035929,0.9999978888329196,0.058558506662779355,0.25
11,21,128,32,8,0.5,value_norm_kept_only,1.066463169344053,0.9332706445479267,0.0641459742209804,0.375
11,22,128,32,8,0.5,top_attention_kept_only,0.8466150549217303,0.8996493435233573,0.07199528072801858,0.0
11,22,128,32,8,0.5,top_attention_plus_mean_moment,0.054973968953982454,0.9992160551078707,0.07199528072801858,0.0
11,22,128,32,8,0.5,top_attention_plus_first_order_moment,0.003300851753803765,0.999997596218766,0.07199528072801858,0.0
11,22,128,32,8,0.5,random_kept_only,0.6689916613746792,0.8611056839730294,0.06694179410802235,0.0
11,22,128,32,8,0.5,random_plus_first_order_moment,0.0032425336622438315,0.9999975707495699,0.06694179410802235,0.0
11,22,128,32,8,0.5,value_norm_kept_only,1.0546641514044461,0.9240297724742864,0.06590699858144677,0.125
11,23,128,32,8,0.5,top_attention_kept_only,0.8949048371819713,0.8032267043190529,0.07109982988418662,0.125
11,23,128,32,8,0.5,top_attention_plus_mean_moment,0.05968514217756491,0.9994336714488466,0.07109982988418662,0.125
11,23,128,32,8,0.5,top_attention_plus_first_order_moment,0.003147776241049662,0.9999982827025925,0.07109982988418662,0.125
11,23,128,32,8,0.5,random_kept_only,0.7081370383921894,0.8690326534074895,0.06250962291150704,0.25
11,23,128,32,8,0.5,random_plus_first_order_moment,0.003441614222313728,0.9999982437342059,0.06250962291150704,0.25
11,23,128,32,8,0.5,value_norm_kept_only,0.9065982143897291,0.9203608202910002,0.06589585314418683,0.25
11,24,128,32,8,0.5,top_attention_kept_only,0.7813004620221969,0.870450887760069,0.07110797959346209,0.125
11,24,128,32,8,0.5,top_attention_plus_mean_moment,0.05635503753495799,0.999366955544392,0.07110797959346209,0.125
11,24,128,32,8,0.5,top_attention_plus_first_order_moment,0.0028441460426929873,0.9999984500163642,0.07110797959346209,0.125
11,24,128,32,8,0.5,random_kept_only,0.6376748650111872,0.8462298364271545,0.06125096493388221,0.0
11,24,128,32,8,0.5,random_plus_first_order_moment,0.0029978047546111953,0.9999983311024295,0.06125096493388221,0.0
11,24,128,32,8,0.5,value_norm_kept_only,1.0344057858699396,0.9212524547667021,0.06528011441855096,0.375
11,25,128,32,8,0.5,top_attention_kept_only,0.6930731152419806,0.9232602441626541,0.07098522605758126,0.25
11,25,128,32,8,0.5,top_attention_plus_mean_moment,0.057079954143071994,0.9994080286004593,0.07098522605758126,0.25
11,25,128,32,8,0.5,top_attention_plus_first_order_moment,0.0028827972217352967,0.9999985866176105,0.07098522605758126,0.25
11,25,128,32,8,0.5,random_kept_only,0.6644988961396334,0.9152730311612641,0.06338710231348232,0.5
11,25,128,32,8,0.5,random_plus_first_order_moment,0.003098222699158399,0.9999984443011818,0.06338710231348232,0.5
11,25,128,32,8,0.5,value_norm_kept_only,0.9695506300031139,0.9139909226760419,0.0668816287733996,0.375
11,26,128,32,8,0.5,top_attention_kept_only,0.6633961352297412,0.8911634245960113,0.07170441885279674,0.25
11,26,128,32,8,0.5,top_attention_plus_mean_moment,0.061499547063994506,0.9993003074891541,0.07170441885279674,0.25
11,26,128,32,8,0.5,top_attention_plus_first_order_moment,0.003309922725524179,0.99999794980557,0.07170441885279674,0.25
11,26,128,32,8,0.5,random_kept_only,0.6955078337301795,0.7473877996830349,0.06149940565549534,0.25
11,26,128,32,8,0.5,random_plus_first_order_moment,0.003476587484330899,0.9999976674791922,0.06149940565549534,0.25
11,26,128,32,8,0.5,value_norm_kept_only,1.141245106912584,0.9058580470493299,0.06707640121320575,0.375
11,27,128,32,8,0.5,top_attention_kept_only,0.8172422174900988,0.8688247631592784,0.0712715575087832,0.125
11,27,128,32,8,0.5,top_attention_plus_mean_moment,0.06008263435594033,0.9992539333141263,0.0712715575087832,0.125
11,27,128,32,8,0.5,top_attention_plus_first_order_moment,0.0031793687498352066,0.9999982212888175,0.0712715575087832,0.125
11,27,128,32,8,0.5,random_kept_only,0.7545761010853764,0.7631518657514642,0.05809306165295286,0.625
11,27,128,32,8,0.5,random_plus_first_order_moment,0.003195942915391455,0.9999983100389909,0.05809306165295286,0.625
11,27,128,32,8,0.5,value_norm_kept_only,1.0707107504740896,0.914258038552126,0.06327435977952765,0.25
11,28,128,32,8,0.5,top_attention_kept_only,0.8154908991013182,0.9005611904564307,0.07054898722929161,0.125
11,28,128,32,8,0.5,top_attention_plus_mean_moment,0.057211900447346996,0.9992824174122809,0.07054898722929161,0.125
11,28,128,32,8,0.5,top_attention_plus_first_order_moment,0.003080393592930684,0.9999982151088848,0.07054898722929161,0.125
11,28,128,32,8,0.5,random_kept_only,0.7932080798431157,0.8686945533631624,0.0649367223317684,0.25
11,28,128,32,8,0.5,random_plus_first_order_moment,0.0031269087295643094,0.9999981307941861,0.0649367223317684,0.25
11,28,128,32,8,0.5,value_norm_kept_only,1.0794699849439737,0.9143868037747844,0.06672315101930834,0.125
11,29,128,32,8,0.5,top_attention_kept_only,0.6801051445999724,0.8916984040736493,0.07133812622566714,0.0
11,29,128,32,8,0.5,top_attention_plus_mean_moment,0.05600811453551209,0.9993428239259081,0.07133812622566714,0.0
11,29,128,32,8,0.5,top_attention_plus_first_order_moment,0.0027805352025413103,0.9999983008430532,0.07133812622566714,0.0
11,29,128,32,8,0.5,random_kept_only,0.5382270028225765,0.8849902768287266,0.06312398222094334,0.375
11,29,128,32,8,0.5,random_plus_first_order_moment,0.002957589917974369,0.9999981102821075,0.06312398222094334,0.375
11,29,128,32,8,0.5,value_norm_kept_only,0.8942258285339154,0.9364678972930508,0.06753964085805558,0.25
11,30,128,32,8,0.5,top_attention_kept_only,0.7813394264109113,0.938549184996167,0.07122810706373138,0.25
11,30,128,32,8,0.5,top_attention_plus_mean_moment,0.05334734638825494,0.9993249332339826,0.07122810706373138,0.25
11,30,128,32,8,0.5,top_attention_plus_first_order_moment,0.0026270204275285584,0.9999986641254823,0.07122810706373138,0.25
11,30,128,32,8,0.5,random_kept_only,0.666206263473256,0.7475915589616446,0.059870088571318966,0.5
11,30,128,32,8,0.5,random_plus_first_order_moment,0.0026952089670210073,0.9999982562360402,0.059870088571318966,0.5
11,30,128,32,8,0.5,value_norm_kept_only,0.9889233447212656,0.9053078755549373,0.06578867236606029,0.125
11,31,128,32,8,0.5,top_attention_kept_only,0.6853311256890753,0.8615168629802149,0.07110632170318597,0.25
11,31,128,32,8,0.5,top_attention_plus_mean_moment,0.048805582331685075,0.9994479216715803,0.07110632170318597,0.25
11,31,128,32,8,0.5,top_attention_plus_first_order_moment,0.0025527613264347687,0.9999983046193414,0.07110632170318597,0.25
11,31,128,32,8,0.5,random_kept_only,0.8538973059923411,0.8101031617214824,0.06520373995117296,0.25
11,31,128,32,8,0.5,random_plus_first_order_moment,0.002563540102240977,0.9999982868467794,0.06520373995117296,0.25
11,31,128,32,8,0.5,value_norm_kept_only,0.9753885259320573,0.9096302237050001,0.0645477233791164,0.125
11,32,128,32,8,0.5,top_attention_kept_only,0.8583078564288578,0.8860533132302195,0.07157568229108828,0.0
11,32,128,32,8,0.5,top_attention_plus_mean_moment,0.05843977107636866,0.9992881385757906,0.07157568229108828,0.0
11,32,128,32,8,0.5,top_attention_plus_first_order_moment,0.0029512038558949295,0.999998078695742,0.07157568229108828,0.0
11,32,128,32,8,0.5,random_kept_only,0.5486740058920406,0.8538932080884997,0.0616376221736363,0.375
11,32,128,32,8,0.5,random_plus_first_order_moment,0.0030128317871084007,0.9999980173078554,0.0616376221736363,0.375
11,32,128,32,8,0.5,value_norm_kept_only,0.9143724220746733,0.9223648480699134,0.06386332021733412,0.125
11,33,128,32,8,0.5,top_attention_kept_only,0.7084940034908257,0.9178756047651039,0.07202059867688015,0.0
11,33,128,32,8,0.5,top_attention_plus_mean_moment,0.05353742208787329,0.999438508541461,0.07202059867688015,0.0
11,33,128,32,8,0.5,top_attention_plus_first_order_moment,0.002675977804978746,0.9999982787408902,0.07202059867688015,0.0
11,33,128,32,8,0.5,random_kept_only,0.452426895524329,0.9305590107918128,0.06414307205125463,0.25
11,33,128,32,8,0.5,random_plus_first_order_moment,0.0026621193410394026,0.999998360260839,0.06414307205125463,0.25
11,33,128,32,8,0.5,value_norm_kept_only,1.070862734744225,0.9084355502389078,0.06595669127796391,0.125
11,34,128,32,8,0.5,top_attention_kept_only,0.6664752114179601,0.8881676503052459,0.07157165918639771,0.25
11,34,128,32,8,0.5,top_attention_plus_mean_moment,0.061278759059929584,0.9989446403056887,0.07157165918639771,0.25
11,34,128,32,8,0.5,top_attention_plus_first_order_moment,0.0032130233629934393,0.9999972241976542,0.07157165918639771,0.25
11,34,128,32,8,0.5,random_kept_only,0.5918872620533591,0.9053980260547368,0.06171083523095515,0.25
11,34,128,32,8,0.5,random_plus_first_order_moment,0.0034329866329445213,0.9999968686558554,0.06171083523095515,0.25
11,34,128,32,8,0.5,value_norm_kept_only,1.0955225528737154,0.9078704995443889,0.06740061367735772,0.25
11,35,128,32,8,0.5,top_attention_kept_only,0.539335790270073,0.9083950571718855,0.07172507092962802,0.25
11,35,128,32,8,0.5,top_attention_plus_mean_moment,0.05120741716090465,0.9993234797274358,0.07172507092962802,0.25
11,35,128,32,8,0.5,top_attention_plus_first_order_moment,0.002502271804032031,0.9999985419613396,0.07172507092962802,0.25
11,35,128,32,8,0.5,random_kept_only,0.4327460399527459,0.9141260304895548,0.06287929347963447,0.25
11,35,128,32,8,0.5,random_plus_first_order_moment,0.0027497310972398365,0.999998378587874,0.06287929347963447,0.25
11,35,128,32,8,0.5,value_norm_kept_only,0.9464457753835726,0.9067398269111493,0.06624829129295429,0.25
11,36,128,32,8,0.5,top_attention_kept_only,1.0011820387215933,0.8785924253126313,0.07064884713884614,0.125
11,36,128,32,8,0.5,top_attention_plus_mean_moment,0.05535017033805109,0.9993608296744778,0.07064884713884614,0.125
11,36,128,32,8,0.5,top_attention_plus_first_order_moment,0.003166948103085709,0.999998139157261,0.07064884713884614,0.125
11,36,128,32,8,0.5,random_kept_only,0.9748643111445143,0.5007676530953789,0.05814222518963774,0.5
11,36,128,32,8,0.5,random_plus_first_order_moment,0.003002818022632312,0.9999981835944918,0.05814222518963774,0.5
11,36,128,32,8,0.5,value_norm_kept_only,1.1585409300980019,0.9180014728170627,0.06637195778147513,0.0
11,37,128,32,8,0.5,top_attention_kept_only,0.836789248425314,0.7991700837364221,0.07259557952285253,0.125
11,37,128,32,8,0.5,top_attention_plus_mean_moment,0.05660488381055442,0.9992779834800787,0.07259557952285253,0.125
11,37,128,32,8,0.5,top_attention_plus_first_order_moment,0.0028609433023664152,0.9999984244042435,0.07259557952285253,0.125
11,37,128,32,8,0.5,random_kept_only,0.7923312024025982,0.8901248729612413,0.0654932750908209,0.375
11,37,128,32,8,0.5,random_plus_first_order_moment,0.003188482914414024,0.9999981142905926,0.0654932750908209,0.375
11,37,128,32,8,0.5,value_norm_kept_only,0.946773272619331,0.9459292465652215,0.06618562047496704,0.625
11,38,128,32,8,0.5,top_attention_kept_only,0.8192688157621638,0.8252666687920502,0.07126737809560879,0.5
11,38,128,32,8,0.5,top_attention_plus_mean_moment,0.05709879933550308,0.9991695904312929,0.07126737809560879,0.5
11,38,128,32,8,0.5,top_attention_plus_first_order_moment,0.0028667811989151787,0.9999981711308552,0.07126737809560879,0.5
11,38,128,32,8,0.5,random_kept_only,0.7766112497527725,0.6596572736824644,0.05699774421531716,0.625
11,38,128,32,8,0.5,random_plus_first_order_moment,0.003146139658147099,0.9999974984900114,0.05699774421531716,0.625
11,38,128,32,8,0.5,value_norm_kept_only,0.9724484609377759,0.92242805399784,0.06354140786285856,0.375
11,39,128,32,8,0.5,top_attention_kept_only,0.8136005066585141,0.9349616219994297,0.0707290335861018,0.25
11,39,128,32,8,0.5,top_attention_plus_mean_moment,0.06051213873489408,0.9991422045120784,0.0707290335861018,0.25
11,39,128,32,8,0.5,top_attention_plus_first_order_moment,0.0034503948907132044,0.99999758802532,0.0707290335861018,0.25
11,39,128,32,8,0.5,random_kept_only,0.6626628576468327,0.8438026013217622,0.062357188352678665,0.25
11,39,128,32,8,0.5,random_plus_first_order_moment,0.003476304129661296,0.9999973879393991,0.062357188352678665,0.25
11,39,128,32,8,0.5,value_norm_kept_only,0.9978870143262906,0.9062144113216084,0.06757083553015308,0.0
11,0,128,32,16,0.5,top_attention_kept_only,0.5997557534497265,0.9531850177649597,0.13974571170653605,0.125
11,0,128,32,16,0.5,top_attention_plus_mean_moment,0.05543161225205402,0.9995338147427677,0.13974571170653605,0.125
11,0,128,32,16,0.5,top_attention_plus_first_order_moment,0.0025664025983491066,0.9999990344072764,0.13974571170653605,0.125
11,0,128,32,16,0.5,random_kept_only,0.3715497144649407,0.9287871906985473,0.12411589199819871,0.4375
11,0,128,32,16,0.5,random_plus_first_order_moment,0.0028313211974272884,0.9999986429375027,0.12411589199819871,0.4375
11,0,128,32,16,0.5,value_norm_kept_only,0.8322101462198553,0.9505546906783287,0.13104279413770828,0.1875
11,1,128,32,16,0.5,top_attention_kept_only,0.6663803430812139,0.9433049569230435,0.14097877861310187,0.1875
11,1,128,32,16,0.5,top_attention_plus_mean_moment,0.05375142425852397,0.9993481768612056,0.14097877861310187,0.1875
11,1,128,32,16,0.5,top_attention_plus_first_order_moment,0.0028318421276828957,0.9999985023827799,0.14097877861310187,0.1875
11,1,128,32,16,0.5,random_kept_only,0.47605758007600407,0.9217560738338196,0.12634118487782367,0.25
11,1,128,32,16,0.5,random_plus_first_order_moment,0.003161130832954547,0.9999977533309479,0.12634118487782367,0.25
11,1,128,32,16,0.5,value_norm_kept_only,0.8529565081953323,0.9487148324300804,0.13387588021875388,0.25
11,2,128,32,16,0.5,top_attention_kept_only,0.5781272425078422,0.9303827926359658,0.13926161195803582,0.125
11,2,128,32,16,0.5,top_attention_plus_mean_moment,0.05410274172359497,0.9994225110057048,0.13926161195803582,0.125
11,2,128,32,16,0.5,top_attention_plus_first_order_moment,0.0029404016537258586,0.9999982800512923,0.13926161195803582,0.125
11,2,128,32,16,0.5,random_kept_only,0.3589933072486465,0.9550108778133578,0.12428478291392844,0.4375
11,2,128,32,16,0.5,random_plus_first_order_moment,0.0028980641346945005,0.9999983951145489,0.12428478291392844,0.4375
11,2,128,32,16,0.5,value_norm_kept_only,0.8361569146552384,0.9591702197222005,0.1313091760824521,0.25
11,3,128,32,16,0.5,top_attention_kept_only,0.5456571903415834,0.9275846184225048,0.14005588448750417,0.0625
11,3,128,32,16,0.5,top_attention_plus_mean_moment,0.05232902197305048,0.9995038939133555,0.14005588448750417,0.0625
11,3,128,32,16,0.5,top_attention_plus_first_order_moment,0.002793780143970126,0.9999986403310207,0.14005588448750417,0.0625
11,3,128,32,16,0.5,random_kept_only,0.5347331709234197,0.9377828099854693,0.13028869406294552,0.125
11,3,128,32,16,0.5,random_plus_first_order_moment,0.003143386829178136,0.9999981910302419,0.13028869406294552,0.125
11,3,128,32,16,0.5,value_norm_kept_only,0.7937373354210228,0.9611698936715574,0.13124888097971138,0.375
11,4,128,32,16,0.5,top_attention_kept_only,0.5725599032423524,0.9296822684273163,0.14026480261876917,0.125
11,4,128,32,16,0.5,top_attention_plus_mean_moment,0.04932613228031107,0.999342512925115,0.14026480261876917,0.125
11,4,128,32,16,0.5,top_attention_plus_first_order_moment,0.0025705375805448443,0.9999983533520225,0.14026480261876917,0.125
11,4,128,32,16,0.5,random_kept_only,0.47449463310191525,0.9174891025947608,0.12461702705604784,0.3125
11,4,128,32,16,0.5,random_plus_first_order_moment,0.00273565343551105,0.9999980282538286,0.12461702705604784,0.3125
11,4,128,32,16,0.5,value_norm_kept_only,0.8616158090355064,0.9388979275411902,0.1323933006096599,0.3125
11,5,128,32,16,0.5,top_attention_kept_only,0.5827000191908114,0.9511164640523089,0.14047739836397147,0.125
11,5,128,32,16,0.5,top_attention_plus_mean_moment,0.049849999773221326,0.9993665083145951,0.14047739836397147,0.125
11,5,128,32,16,0.5,top_attention_plus_first_order_moment,0.0023477089898478283,0.9999986248666698,0.14047739836397147,0.125
11,5,128,32,16,0.5,random_kept_only,0.42337957224627154,0.9277104724202768,0.12583669513484846,0.4375
11,5,128,32,16,0.5,random_plus_first_order_moment,0.00264490347333478,0.9999982771104831,0.12583669513484846,0.4375
11,5,128,32,16,0.5,value_norm_kept_only,0.7633647530035067,0.9514913493373298,0.12737706506046664,0.3125
11,6,128,32,16,0.5,top_attention_kept_only,0.46884046855610695,0.938841493821938,0.14135745616853582,0.3125
11,6,128,32,16,0.5,top_attention_plus_mean_moment,0.052556204725850195,0.9993341579547814,0.14135745616853582,0.3125
11,6,128,32,16,0.5,top_attention_plus_first_order_moment,0.002582377269661363,0.9999983231480134,0.14135745616853582,0.3125
11,6,128,32,16,0.5,random_kept_only,0.37321498389062974,0.9656543627072367,0.12768012972854387,0.25
11,6,128,32,16,0.5,random_plus_first_order_moment,0.0030020737560056913,0.9999978954216054,0.12768012972854387,0.25
11,6,128,32,16,0.5,value_norm_kept_only,0.564540540898176,0.9461012385040665,0.1254907242939923,0.375
11,7,128,32,16,0.5,top_attention_kept_only,0.43869052618309373,0.9650352234743553,0.14167081651012792,0.25
11,7,128,32,16,0.5,top_attention_plus_mean_moment,0.05589048203703589,0.9992193985663783,0.14167081651012792,0.25
11,7,128,32,16,0.5,top_attention_plus_first_order_moment,0.0029163408328268543,0.999998228756136,0.14167081651012792,0.25
11,7,128,32,16,0.5,random_kept_only,0.5650677528818867,0.8816950452706985,0.12401876563204915,0.4375
11,7,128,32,16,0.5,random_plus_first_order_moment,0.003225348975139589,0.9999980584544921,0.12401876563204915,0.4375
11,7,128,32,16,0.5,value_norm_kept_only,0.7126182763352352,0.9571669550453901,0.130036762986781,0.25
11,8,128,32,16,0.5,top_attention_kept_only,0.6326898656622514,0.9340631119954728,0.14156199763309202,0.125
11,8,128,32,16,0.5,top_attention_plus_mean_moment,0.05151626406077943,0.9994058831260442,0.14156199763309202,0.125
11,8,128,32,16,0.5,top_attention_plus_first_order_moment,0.0028187607989763057,0.999998397543034,0.14156199763309202,0.125
11,8,128,32,16,0.5,random_kept_only,0.5814203090527346,0.9387720058977599,0.13026013935145137,0.125
11,8,128,32,16,0.5,random_plus_first_order_moment,0.0030849231115353624,0.9999981666187421,0.13026013935145137,0.125
11,8,128,32,16,0.5,value_norm_kept_only,0.6391723167969745,0.9566954285155529,0.13102559395827512,0.1875
11,9,128,32,16,0.5,top_attention_kept_only,0.5555016686298541,0.9234099851459157,0.14164020257098553,0.25
11,9,128,32,16,0.5,top_attention_plus_mean_moment,0.049984756106014994,0.9994708277724097,0.14164020257098553,0.25
11,9,128,32,16,0.5,top_attention_plus_first_order_moment,0.0024252171828566906,0.9999987450781116,0.14164020257098553,0.25
11,9,128,32,16,0.5,random_kept_only,0.40477732764526136,0.9210207124873173,0.12456024412840305,0.5
11,9,128,32,16,0.5,random_plus_first_order_moment,0.002848945970806082,0.9999981901095724,0.12456024412840305,0.5
11,9,128,32,16,0.5,value_norm_kept_only,0.7041641870832348,0.9505136127496201,0.13033812520195553,0.375
11,10,128,32,16,0.5,top_attention_kept_only,0.6339953324000402,0.9473669286283487,0.1403921529313497,0.125
11,10,128,32,16,0.5,top_attention_plus_mean_moment,0.05707371689271885,0.9993861660102313,0.1403921529313497,0.125
11,10,128,32,16,0.5,top_attention_plus_first_order_moment,0.0030234814935715818,0.9999981736342295,0.1403921529313497,0.125
11,10,128,32,16,0.5,random_kept_only,0.42870855675523567,0.9152811807221132,0.12505082585094313,0.4375
11,10,128,32,16,0.5,random_plus_first_order_moment,0.0033123929534244856,0.9999977748014228,0.12505082585094313,0.4375
11,10,128,32,16,0.5,value_norm_kept_only,0.9522761347332281,0.9424740417448727,0.1323885431171139,0.1875
11,11,128,32,16,0.5,top_attention_kept_only,0.4303076425109058,0.9350103826773153,0.14159640133822382,0.125
11,11,128,32,16,0.5,top_attention_plus_mean_moment,0.0568638584218809,0.999318938678266,0.14159640133822382,0.125
11,11,128,32,16,0.5,top_attention_plus_first_order_moment,0.002519118988011206,0.9999986998089189,0.14159640133822382,0.125
11,11,128,32,16,0.5,random_kept_only,0.4147244910429764,0.9106436488254185,0.12489958335055323,0.375
11,11,128,32,16,0.5,random_plus_first_order_moment,0.0030727774135386916,0.9999981346702335,0.12489958335055323,0.375
11,11,128,32,16,0.5,value_norm_kept_only,0.8206156682134528,0.958720372912203,0.13156291346539184,0.25
11,12,128,32,16,0.5,top_attention_kept_only,0.5661278700464406,0.917999512556913,0.14024958030130652,0.3125
11,12,128,32,16,0.5,top_attention_plus_mean_moment,0.0483854096899424,0.9994861515290829,0.14024958030130652,0.3125
11,12,128,32,16,0.5,top_attention_plus_first_order_moment,0.0024251953695881992,0.9999986191644638,0.14024958030130652,0.3125
11,12,128,32,16,0.5,random_kept_only,0.4740636694183923,0.9046851567072193,0.1261881895500076,0.3125
11,12,128,32,16,0.5,random_plus_first_order_moment,0.0024472510775841163,0.9999986565147463,0.1261881895500076,0.3125
11,12,128,32,16,0.5,value_norm_kept_only,0.7669185354048634,0.9548823241687213,0.13054021355249937,0.375
11,13,128,32,16,0.5,top_attention_kept_only,0.4952310385890539,0.944394915905596,0.14115251340993032,0.0625
11,13,128,32,16,0.5,top_attention_plus_mean_moment,0.055740310930512744,0.9994020225933804,0.14115251340993032,0.0625
11,13,128,32,16,0.5,top_attention_plus_first_order_moment,0.002906886368235301,0.9999982373807628,0.14115251340993032,0.0625
11,13,128,32,16,0.5,random_kept_only,0.4496346822024794,0.9498821322184955,0.12468606748303125,0.25
11,13,128,32,16,0.5,random_plus_first_order_moment,0.003456934977387969,0.9999977315678645,0.12468606748303125,0.25
11,13,128,32,16,0.5,value_norm_kept_only,0.7960573054229246,0.9439293586572169,0.13245714867740904,0.1875
11,14,128,32,16,0.5,top_attention_kept_only,0.5528817725110279,0.9319004859527754,0.14120410251886856,0.25
11,14,128,32,16,0.5,top_attention_plus_mean_moment,0.04973269871393464,0.9994980226017331,0.14120410251886856,0.25
11,14,128,32,16,0.5,top_attention_plus_first_order_moment,0.0025414431953307507,0.9999985237105766,0.14120410251886856,0.25
11,14,128,32,16,0.5,random_kept_only,0.37377093937893247,0.9660400838795666,0.12565323938038125,0.3125
11,14,128,32,16,0.5,random_plus_first_order_moment,0.0030034254149466874,0.9999980262128572,0.12565323938038125,0.3125
11,14,128,32,16,0.5,value_norm_kept_only,0.8311425993926722,0.9459695022126453,0.13044013542418412,0.25
11,15,128,32,16,0.5,top_attention_kept_only,0.5652244203231843,0.9343642392684421,0.1401456721501283,0.25
11,15,128,32,16,0.5,top_attention_plus_mean_moment,0.054077199166768855,0.9993704318529841,0.1401456721501283,0.25
11,15,128,32,16,0.5,top_attention_plus_first_order_moment,0.0026656054477406975,0.999998751673763,0.1401456721501283,0.25
11,15,128,32,16,0.5,random_kept_only,0.3890013881138888,0.9226836007870016,0.12225427382604981,0.5625
11,15,128,32,16,0.5,random_plus_first_order_moment,0.002799260036675715,0.9999984985873482,0.12225427382604981,0.5625
11,15,128,32,16,0.5,value_norm_kept_only,0.9076221401934904,0.9417689108883581,0.13203204516818678,0.25
11,16,128,32,16,0.5,top_attention_kept_only,0.6275992382831715,0.915270995587564,0.14081230865782335,0.0625
11,16,128,32,16,0.5,top_attention_plus_mean_moment,0.05749490812620607,0.999244146513527,0.14081230865782335,0.0625
11,16,128,32,16,0.5,top_attention_plus_first_order_moment,0.003018709902570177,0.9999981318800728,0.14081230865782335,0.0625
11,16,128,32,16,0.5,random_kept_only,0.4774328972492626,0.9112291881463389,0.12407361883640189,0.375
11,16,128,32,16,0.5,random_plus_first_order_moment,0.0032820021224477165,0.9999979551125797,0.12407361883640189,0.375
11,16,128,32,16,0.5,value_norm_kept_only,0.7574995342389611,0.9677210012159131,0.1331752127779341,0.3125
11,17,128,32,16,0.5,top_attention_kept_only,0.5292175808667311,0.9364271470513079,0.14094331670169424,0.25
11,17,128,32,16,0.5,top_attention_plus_mean_moment,0.05882594556134821,0.9993174007572458,0.14094331670169424,0.25
11,17,128,32,16,0.5,top_attention_plus_first_order_moment,0.0027912191023303644,0.9999985312547554,0.14094331670169424,0.25
11,17,128,32,16,0.5,random_kept_only,0.4635523610199352,0.9031288030677436,0.12294140428695025,0.4375
11,17,128,32,16,0.5,random_plus_first_order_moment,0.0031663675158501393,0.9999980687077332,0.12294140428695025,0.4375
11,17,128,32,16,0.5,value_norm_kept_only,0.9344199368076359,0.9525141262666217,0.13167790245975652,0.3125
11,18,128,32,16,0.5,top_attention_kept_only,0.5278851373430842,0.9395463613774343,0.1411667989292803,0.125
11,18,128,32,16,0.5,top_attention_plus_mean_moment,0.04802065106826999,0.9994776638271827,0.1411667989292803,0.125
11,18,128,32,16,0.5,top_attention_plus_first_order_moment,0.0023098155993980397,0.9999989781100872,0.1411667989292803,0.125
11,18,128,32,16,0.5,random_kept_only,0.5323450702713258,0.8906497291227192,0.12514875106838952,0.4375
11,18,128,32,16,0.5,random_plus_first_order_moment,0.0026701338508826325,0.9999986126063347,0.12514875106838952,0.4375
11,18,128,32,16,0.5,value_norm_kept_only,0.7901153244575524,0.9584110715262371,0.1320406513541163,0.1875
11,19,128,32,16,0.5,top_attention_kept_only,0.5808698358826123,0.9387764851051236,0.14125546643993114,0.25
11,19,128,32,16,0.5,top_attention_plus_mean_moment,0.051847657892970245,0.9993946520069729,0.14125546643993114,0.25
11,19,128,32,16,0.5,top_attention_plus_first_order_moment,0.0027844451126359643,0.9999984070138643,0.14125546643993114,0.25
11,19,128,32,16,0.5,random_kept_only,0.39760240139912,0.9376665071043001,0.1255872724750709,0.4375
11,19,128,32,16,0.5,random_plus_first_order_moment,0.002986650393353556,0.9999980509507128,0.1255872724750709,0.4375
11,19,128,32,16,0.5,value_norm_kept_only,0.7643797169207436,0.9448313276756929,0.1286338374236588,0.3125
11,20,128,32,16,0.5,top_attention_kept_only,0.49888956366784115,0.9446788638627037,0.14279135989482267,0.1875
11,20,128,32,16,0.5,top_attention_plus_mean_moment,0.05719308499051761,0.9993443930030927,0.14279135989482267,0.1875
11,20,128,32,16,0.5,top_attention_plus_first_order_moment,0.002936479400130974,0.9999984277415811,0.14279135989482267,0.1875
11,20,128,32,16,0.5,random_kept_only,0.4865549881961479,0.885530794429783,0.12518900727623955,0.125
11,20,128,32,16,0.5,random_plus_first_order_moment,0.003441761699868873,0.9999976576886825,0.12518900727623955,0.125
11,20,128,32,16,0.5,value_norm_kept_only,0.8679904452593016,0.9441979926357702,0.13354367857844365,0.0
11,21,128,32,16,0.5,top_attention_kept_only,0.6635528661111075,0.9343125644933915,0.14114213712534004,0.0625
11,21,128,32,16,0.5,top_attention_plus_mean_moment,0.054364851373308286,0.9994990002421981,0.14114213712534004,0.0625
11,21,128,32,16,0.5,top_attention_plus_first_order_moment,0.0029595934327577315,0.9999985396139851,0.14114213712534004,0.0625
11,21,128,32,16,0.5,random_kept_only,0.502797338419048,0.8730442743831242,0.11950894675203833,0.5625
11,21,128,32,16,0.5,random_plus_first_order_moment,0.003171104818675193,0.999998359565795,0.11950894675203833,0.5625
11,21,128,32,16,0.5,value_norm_kept_only,0.8973168956735363,0.9508665048089103,0.13342323745373955,0.0625
11,22,128,32,16,0.5,top_attention_kept_only,0.4941061298478629,0.9619436199411986,0.1418617006092111,0.125
11,22,128,32,16,0.5,top_attention_plus_mean_moment,0.0526340619877017,0.9993000760952372,0.1418617006092111,0.125
11,22,128,32,16,0.5,top_attention_plus_first_order_moment,0.002804257492772955,0.9999981983091053,0.1418617006092111,0.125
11,22,128,32,16,0.5,random_kept_only,0.6095149335574778,0.7927746773487585,0.11890182495606116,0.5625
11,22,128,32,16,0.5,random_plus_first_order_moment,0.0032510558359455446,0.9999974981803585,0.11890182495606116,0.5625
11,22,128,32,16,0.5,value_norm_kept_only,0.6979353777716837,0.9517886296485896,0.13006803677333695,0.1875
11,23,128,32,16,0.5,top_attention_kept_only,0.6219330774789277,0.9217781984521041,0.13960787881741843,0.125
11,23,128,32,16,0.5,top_attention_plus_mean_moment,0.04743017790175647,0.999432167361247,0.13960787881741843,0.125
11,23,128,32,16,0.5,top_attention_plus_first_order_moment,0.0022412382218460684,0.9999985890517878,0.13960787881741843,0.125
11,23,128,32,16,0.5,random_kept_only,0.4927045513822705,0.9086022228403047,0.1253876389894186,0.6875
11,23,128,32,16,0.5,random_plus_first_order_moment,0.002558307218420094,0.9999982435475285,0.1253876389894186,0.6875
11,23,128,32,16,0.5,value_norm_kept_only,0.6911121058216237,0.9569606121019977,0.13298171630219038,0.25
11,24,128,32,16,0.5,top_attention_kept_only,0.5745334292936372,0.9403325589047646,0.14127217713851536,0.25
11,24,128,32,16,0.5,top_attention_plus_mean_moment,0.05779429288176932,0.9992712887908398,0.14127217713851536,0.25
11,24,128,32,16,0.5,top_attention_plus_first_order_moment,0.0030049420272212136,0.9999984600603957,0.14127217713851536,0.25
11,24,128,32,16,0.5,random_kept_only,0.44541310416689184,0.9083633757380588,0.12451075614511782,0.4375
11,24,128,32,16,0.5,random_plus_first_order_moment,0.0033640218973657685,0.999997942219602,0.12451075614511782,0.4375
11,24,128,32,16,0.5,value_norm_kept_only,0.91082728401461,0.9535451802060495,0.13295642608181749,0.25
11,25,128,32,16,0.5,top_attention_kept_only,0.6888813451878689,0.9388366954175961,0.14017281916956018,0.125
11,25,128,32,16,0.5,top_attention_plus_mean_moment,0.05112188811967464,0.9993202575786565,0.14017281916956018,0.125
11,25,128,32,16,0.5,top_attention_plus_first_order_moment,0.002582380201368056,0.9999984616303556,0.14017281916956018,0.125
11,25,128,32,16,0.5,random_kept_only,0.3864771409094121,0.9490046123771113,0.1271504783707728,0.375
11,25,128,32,16,0.5,random_plus_first_order_moment,0.0029226628145307015,0.9999978174315154,0.1271504783707728,0.375
11,25,128,32,16,0.5,value_norm_kept_only,0.8078814644728276,0.9475648678434232,0.13214288607590452,0.3125
11,26,128,32,16,0.5,top_attention_kept_only,0.6466151125087578,0.9392285584578083,0.14103479073794697,0.1875
11,26,128,32,16,0.5,top_attention_plus_mean_moment,0.057251159660238235,0.9990508812129881,0.14103479073794697,0.1875
11,26,128,32,16,0.5,top_attention_plus_first_order_moment,0.002992355876949165,0.9999974900341296,0.14103479073794697,0.1875
11,26,128,32,16,0.5,random_kept_only,0.4729041438083131,0.8866081872888475,0.12586474251207785,0.4375
11,26,128,32,16,0.5,random_plus_first_order_moment,0.003265494355829905,0.9999969598222995,0.12586474251207785,0.4375
11,26,128,32,16,0.5,value_norm_kept_only,0.726391687317562,0.9548333234772862,0.13591488253477285,0.1875
11,27,128,32,16,0.5,top_attention_kept_only,0.5038141270422635,0.9608474950937969,0.14181555211273256,0.3125
11,27,128,32,16,0.5,top_attention_plus_mean_moment,0.051522349234914805,0.9993966315250181,0.14181555211273256,0.3125
11,27,128,32,16,0.5,top_attention_plus_first_order_moment,0.002325128378676393,0.9999990199871481,0.14181555211273256,0.3125
11,27,128,32,16,0.5,random_kept_only,0.36623025339017895,0.9311924595909357,0.12565623342719906,0.5
11,27,128,32,16,0.5,random_plus_first_order_moment,0.002698058881841581,0.9999984810091423,0.12565623342719906,0.5
11,27,128,32,16,0.5,value_norm_kept_only,0.7456528103034317,0.9337185562057221,0.13076168829886908,0.1875
11,28,128,32,16,0.5,top_attention_kept_only,0.6136610645043454,0.9275677912928787,0.14090561139619373,0.25
11,28,128,32,16,0.5,top_attention_plus_mean_moment,0.04877058602675442,0.9994544894858223,0.14090561139619373,0.25
11,28,128,32,16,0.5,top_attention_plus_first_order_moment,0.0024296238307068307,0.9999989686591089,0.14090561139619373,0.25
11,28,128,32,16,0.5,random_kept_only,0.43091734046186875,0.903422031342149,0.12349325768194046,0.375
11,28,128,32,16,0.5,random_plus_first_order_moment,0.0028783682070811895,0.999998449292006,0.12349325768194046,0.375
11,28,128,32,16,0.5,value_norm_kept_only,0.872546921317158,0.919263040583371,0.1315902729209693,0.125
11,29,128,32,16,0.5,top_attention_kept_only,0.5601588072153801,0.9225354026217388,0.14410110763986145,0.125
11,29,128,32,16,0.5,top_attention_plus_mean_moment,0.05194090706272239,0.9994337015932754,0.14410110763986145,0.125
11,29,128,32,16,0.5,top_attention_plus_first_order_moment,0.0024955820307777524,0.9999985875615401,0.14410110763986145,0.125
11,29,128,32,16,0.5,random_kept_only,0.5276275754218105,0.9146693098639799,0.1270114463555216,0.3125
11,29,128,32,16,0.5,random_plus_first_order_moment,0.002923030955951503,0.9999980446209253,0.1270114463555216,0.3125
11,29,128,32,16,0.5,value_norm_kept_only,0.984801950530861,0.946122002121476,0.1319838280231597,0.125
11,30,128,32,16,0.5,top_attention_kept_only,0.6210803639770258,0.9240223443869748,0.1411522856963385,0.1875
11,30,128,32,16,0.5,top_attention_plus_mean_moment,0.059118577032500036,0.9992007018136577,0.1411522856963385,0.1875
11,30,128,32,16,0.5,top_attention_plus_first_order_moment,0.0031066379818812193,0.9999976124471276,0.1411522856963385,0.1875
11,30,128,32,16,0.5,random_kept_only,0.4681446350149728,0.8919026656652287,0.12266902184816544,0.4375
11,30,128,32,16,0.5,random_plus_first_order_moment,0.00337059707851882,0.9999972501793848,0.12266902184816544,0.4375
11,30,128,32,16,0.5,value_norm_kept_only,0.8563473800016895,0.9343764671085643,0.13377077025064243,0.125
11,31,128,32,16,0.5,top_attention_kept_only,0.5228397128978556,0.9401073761972343,0.14160254376127285,0.125
11,31,128,32,16,0.5,top_attention_plus_mean_moment,0.0515860801172212,0.9994640395928035,0.14160254376127285,0.125
11,31,128,32,16,0.5,top_attention_plus_first_order_moment,0.0022210082485927263,0.9999991529115971,0.14160254376127285,0.125
11,31,128,32,16,0.5,random_kept_only,0.6080180716956309,0.796999928776499,0.12254417489957992,0.625
11,31,128,32,16,0.5,random_plus_first_order_moment,0.0025934174150671384,0.9999986684538152,0.12254417489957992,0.625
11,31,128,32,16,0.5,value_norm_kept_only,0.7317613726494125,0.9626892783857647,0.13128569190516082,0.25
11,32,128,32,16,0.5,top_attention_kept_only,0.669784968556121,0.9502159543190531,0.14214548924309012,0.125
11,32,128,32,16,0.5,top_attention_plus_mean_moment,0.05267416007488331,0.9993524960914337,0.14214548924309012,0.125
11,32,128,32,16,0.5,top_attention_plus_first_order_moment,0.002593087371384863,0.9999984793648895,0.14214548924309012,0.125
11,32,128,32,16,0.5,random_kept_only,0.43909945855500093,0.9138584981089676,0.12641927524675606,0.3125
11,32,128,32,16,0.5,random_plus_first_order_moment,0.0028122637404773584,0.9999980987999347,0.12641927524675606,0.3125
11,32,128,32,16,0.5,value_norm_kept_only,0.897680659187303,0.9564351046156543,0.1316337061710958,0.125
11,33,128,32,16,0.5,top_attention_kept_only,0.5107524062011797,0.9425812189625268,0.1405219463613187,0.25
11,33,128,32,16,0.5,top_attention_plus_mean_moment,0.05553701255521246,0.9994231521660247,0.1405219463613187,0.25
11,33,128,32,16,0.5,top_attention_plus_first_order_moment,0.0027067745027438013,0.9999985810231043,0.1405219463613187,0.25
11,33,128,32,16,0.5,random_kept_only,0.5320161998579521,0.8470452935345621,0.12029478002191309,0.5
11,33,128,32,16,0.5,random_plus_first_order_moment,0.003064905588010857,0.9999983764527881,0.12029478002191309,0.5
11,33,128,32,16,0.5,value_norm_kept_only,0.8399382888410781,0.9544629572184844,0.1308238092115172,0.4375
11,34,128,32,16,0.5,top_attention_kept_only,0.5065820703098612,0.9448614112969698,0.14119799603814187,0.25
11,34,128,32,16,0.5,top_attention_plus_mean_moment,0.052033501836897124,0.9994543499235091,0.14119799603814187,0.25
11,34,128,32,16,0.5,top_attention_plus_first_order_moment,0.0023876303046723823,0.999998760481447,0.14119799603814187,0.25
11,34,128,32,16,0.5,random_kept_only,0.48580982768910075,0.8814546180674863,0.12521042700719626,0.4375
11,34,128,32,16,0.5,random_plus_first_order_moment,0.002708492743986264,0.9999984294325044,0.12521042700719626,0.4375
11,34,128,32,16,0.5,value_norm_kept_only,0.6875685746797456,0.966214422786637,0.1327900344442371,0.125
11,35,128,32,16,0.5,top_attention_kept_only,0.5612944459709638,0.9497260122238046,0.14060788584193185,0.25
11,35,128,32,16,0.5,top_attention_plus_mean_moment,0.05474812199297201,0.999430765703685,0.14060788584193185,0.25
11,35,128,32,16,0.5,top_attention_plus_first_order_moment,0.002657087990047185,0.9999988305613315,0.14060788584193185,0.25
11,35,128,32,16,0.5,random_kept_only,0.42291401126687345,0.9347869102296305,0.12575963647082827,0.3125
11,35,128,32,16,0.5,random_plus_first_order_moment,0.002951149649662564,0.9999982680229883,0.12575963647082827,0.3125
11,35,128,32,16,0.5,value_norm_kept_only,0.8620457426694198,0.9407773934716416,0.13157796961497467,0.1875
11,36,128,32,16,0.5,top_attention_kept_only,0.5158750321564282,0.9379165715471193,0.14014725297138636,0.25
11,36,128,32,16,0.5,top_attention_plus_mean_moment,0.05538232584957814,0.9992456441121311,0.14014725297138636,0.25
11,36,128,32,16,0.5,top_attention_plus_first_order_moment,0.0029070120009941675,0.999998130894329,0.14014725297138636,0.25
11,36,128,32,16,0.5,random_kept_only,0.6167384480382925,0.7899932414800265,0.11641818184091665,0.625
11,36,128,32,16,0.5,random_plus_first_order_moment,0.003300719660390309,0.9999972434909009,0.11641818184091665,0.625
11,36,128,32,16,0.5,value_norm_kept_only,0.8442585791527288,0.9480608589008397,0.13103317863858496,0.1875
11,37,128,32,16,0.5,top_attention_kept_only,0.53638065044489,0.9373509307225886,0.1409789548889815,0.125
11,37,128,32,16,0.5,top_attention_plus_mean_moment,0.053118698900097606,0.9994834651239312,0.1409789548889815,0.125
11,37,128,32,16,0.5,top_attention_plus_first_order_moment,0.002640469276606696,0.9999987752781944,0.1409789548889815,0.125
11,37,128,32,16,0.5,random_kept_only,0.4054246962652136,0.9152124017807589,0.12169527382988571,0.25
11,37,128,32,16,0.5,random_plus_first_order_moment,0.002952895066374256,0.9999981907379365,0.12169527382988571,0.25
11,37,128,32,16,0.5,value_norm_kept_only,0.8076652630853892,0.9327462001734104,0.1278565612234228,0.0625
11,38,128,32,16,0.5,top_attention_kept_only,0.6235183003456682,0.9359590138194869,0.14115031261165192,0.0625
11,38,128,32,16,0.5,top_attention_plus_mean_moment,0.05102779479169407,0.9993613619358992,0.14115031261165192,0.0625
11,38,128,32,16,0.5,top_attention_plus_first_order_moment,0.0025023938305530017,0.9999986661600334,0.14115031261165192,0.0625
11,38,128,32,16,0.5,random_kept_only,0.5758926851571319,0.8209913768530746,0.11964328848910044,0.5625
11,38,128,32,16,0.5,random_plus_first_order_moment,0.002591563400567615,0.9999984307076867,0.11964328848910044,0.5625
11,38,128,32,16,0.5,value_norm_kept_only,0.8598570692283907,0.9419997631847021,0.13123030050925552,0.3125
11,39,128,32,16,0.5,top_attention_kept_only,0.6419543035875965,0.9348515041196763,0.14015159725647286,0.125
11,39,128,32,16,0.5,top_attention_plus_mean_moment,0.05827528631189294,0.9992826182675116,0.14015159725647286,0.125
11,39,128,32,16,0.5,top_attention_plus_first_order_moment,0.002990154860513812,0.9999983593144938,0.14015159725647286,0.125
11,39,128,32,16,0.5,random_kept_only,0.41526584022707347,0.9141565148355232,0.12408416086038482,0.5
11,39,128,32,16,0.5,random_plus_first_order_moment,0.003285905016963118,0.9999979046784075,0.12408416086038482,0.5
11,39,128,32,16,0.5,value_norm_kept_only,0.7562095683848205,0.9293159927942145,0.13237932841036112,0.25
11,0,128,32,32,0.5,top_attention_kept_only,0.5511947554221234,0.9584724076073817,0.2776479219823038,0.125
11,0,128,32,32,0.5,top_attention_plus_mean_moment,0.04094185848193115,0.9996467582131106,0.2776479219823038,0.125
11,0,128,32,32,0.5,top_attention_plus_first_order_moment,0.0017674942622655661,0.9999995151694572,0.2776479219823038,0.125
11,0,128,32,32,0.5,random_kept_only,0.30888560479231847,0.953810897774532,0.24748476088808707,0.34375
11,0,128,32,32,0.5,random_plus_first_order_moment,0.0021219797425270507,0.9999990236621762,0.24748476088808707,0.34375
11,0,128,32,32,0.5,value_norm_kept_only,0.601547405433305,0.9732332910937298,0.26432876597786653,0.25
11,1,128,32,32,0.5,top_attention_kept_only,0.46821307721587146,0.9648573236235434,0.27570016242654066,0.25
11,1,128,32,32,0.5,top_attention_plus_mean_moment,0.04351835937814631,0.9996057535353389,0.27570016242654066,0.25
11,1,128,32,32,0.5,top_attention_plus_first_order_moment,0.0020205194453479067,0.9999992936084233,0.27570016242654066,0.25
11,1,128,32,32,0.5,random_kept_only,0.3351858041990818,0.942185286289252,0.24519810767754777,0.4375
11,1,128,32,32,0.5,random_plus_first_order_moment,0.0023244203378142135,0.9999987774156722,0.24519810767754777,0.4375
11,1,128,32,32,0.5,value_norm_kept_only,0.6561807335952584,0.9743654285409056,0.26075251806113675,0.25
11,2,128,32,32,0.5,top_attention_kept_only,0.38014578826099543,0.9719342089981671,0.27838455026803466,0.1875
11,2,128,32,32,0.5,top_attention_plus_mean_moment,0.045391851746569206,0.9995261710856941,0.27838455026803466,0.1875
11,2,128,32,32,0.5,top_attention_plus_first_order_moment,0.0018780335946668829,0.9999991989082876,0.27838455026803466,0.1875
11,2,128,32,32,0.5,random_kept_only,0.2937301383366436,0.9602371416348524,0.25317344880992976,0.375
11,2,128,32,32,0.5,random_plus_first_order_moment,0.0025559638629166974,0.9999984610001486,0.25317344880992976,0.375
11,2,128,32,32,0.5,value_norm_kept_only,0.6726597927472397,0.9613096958637979,0.2607718944741813,0.21875
11,3,128,32,32,0.5,top_attention_kept_only,0.47169814900361334,0.9558986744479792,0.2774757860609918,0.15625
11,3,128,32,32,0.5,top_attention_plus_mean_moment,0.0457720336256644,0.9994821576539363,0.2774757860609918,0.15625
11,3,128,32,32,0.5,top_attention_plus_first_order_moment,0.002154624476469947,0.9999989654001767,0.2774757860609918,0.15625
11,3,128,32,32,0.5,random_kept_only,0.24339336089718247,0.9756963936443822,0.2552858651014533,0.34375
11,3,128,32,32,0.5,random_plus_first_order_moment,0.002939170940550913,0.9999980589440076,0.2552858651014533,0.34375
11,3,128,32,32,0.5,value_norm_kept_only,0.5269307460912306,0.9630481221607,0.2597855187864534,0.21875
11,4,128,32,32,0.5,top_attention_kept_only,0.38774010791122593,0.9782244481892766,0.2740279928699744,0.15625
11,4,128,32,32,0.5,top_attention_plus_mean_moment,0.04381576573179136,0.9996094683169622,0.2740279928699744,0.15625
11,4,128,32,32,0.5,top_attention_plus_first_order_moment,0.0020328513293806144,0.9999992377374479,0.2740279928699744,0.15625
11,4,128,32,32,0.5,random_kept_only,0.2912825543132515,0.9777229702743835,0.25079343898023465,0.34375
11,4,128,32,32,0.5,random_plus_first_order_moment,0.002656640903070658,0.9999987666436886,0.25079343898023465,0.34375
11,4,128,32,32,0.5,value_norm_kept_only,0.650260318658236,0.9718473631835324,0.2594219267975381,0.1875
11,5,128,32,32,0.5,top_attention_kept_only,0.4113939846146707,0.9713773326910036,0.27555586148409605,0.1875
11,5,128,32,32,0.5,top_attention_plus_mean_moment,0.05076777094201291,0.9994180436490602,0.27555586148409605,0.1875
11,5,128,32,32,0.5,top_attention_plus_first_order_moment,0.0023646099571944714,0.9999989268593801,0.27555586148409605,0.1875
11,5,128,32,32,0.5,random_kept_only,0.2549095552556386,0.9673706248146348,0.25140413487374,0.40625
11,5,128,32,32,0.5,random_plus_first_order_moment,0.002884006998341257,0.9999986042954223,0.25140413487374,0.40625
11,5,128,32,32,0.5,value_norm_kept_only,0.635750196427407,0.9828108494436142,0.2605839779877235,0.25
11,6,128,32,32,0.5,top_attention_kept_only,0.4020703259846507,0.9759044809934622,0.27843175039394774,0.09375
11,6,128,32,32,0.5,top_attention_plus_mean_moment,0.04436344987268512,0.9996393604126679,0.27843175039394774,0.09375
11,6,128,32,32,0.5,top_attention_plus_first_order_moment,0.0019407203961028417,0.9999993110861896,0.27843175039394774,0.09375
11,6,128,32,32,0.5,random_kept_only,0.28500137360022876,0.9657174274647055,0.2518013981063109,0.21875
11,6,128,32,32,0.5,random_plus_first_order_moment,0.0027085762044390845,0.9999985814500909,0.2518013981063109,0.21875
11,6,128,32,32,0.5,value_norm_kept_only,0.6812859505371753,0.9659895634424461,0.26328038828783185,0.125
11,7,128,32,32,0.5,top_attention_kept_only,0.4580957900646364,0.9687827626535792,0.27545758005618814,0.125
11,7,128,32,32,0.5,top_attention_plus_mean_moment,0.03862950646698533,0.9996339424069358,0.27545758005618814,0.125
11,7,128,32,32,0.5,top_attention_plus_first_order_moment,0.001774057280442583,0.9999992693080387,0.27545758005618814,0.125
11,7,128,32,32,0.5,random_kept_only,0.2705963265207017,0.9627815097653668,0.2466647405753019,0.46875
11,7,128,32,32,0.5,random_plus_first_order_moment,0.00207111932719725,0.9999989461827667,0.2466647405753019,0.46875
11,7,128,32,32,0.5,value_norm_kept_only,0.6690855075066573,0.9711244618907784,0.262578146280913,0.21875
11,8,128,32,32,0.5,top_attention_kept_only,0.4259594374365202,0.9654196710878644,0.27745337567781003,0.09375
11,8,128,32,32,0.5,top_attention_plus_mean_moment,0.04280272572439083,0.9997016763536362,0.27745337567781003,0.09375
11,8,128,32,32,0.5,top_attention_plus_first_order_moment,0.0019268552092457964,0.99999921973431,0.27745337567781003,0.09375
11,8,128,32,32,0.5,random_kept_only,0.299585271234337,0.9542753155162148,0.24834478221305456,0.40625
11,8,128,32,32,0.5,random_plus_first_order_moment,0.002308275164732494,0.9999989334646233,0.24834478221305456,0.40625
11,8,128,32,32,0.5,value_norm_kept_only,0.5787514545390346,0.9672318482789034,0.2661823858436736,0.03125
11,9,128,32,32,0.5,top_attention_kept_only,0.4653316842274814,0.9581276941796527,0.2757299917797362,0.125
11,9,128,32,32,0.5,top_attention_plus_mean_moment,0.04352103492162391,0.9995735718845953,0.2757299917797362,0.125
11,9,128,32,32,0.5,top_attention_plus_first_order_moment,0.0020929643402303136,0.9999990642318761,0.2757299917797362,0.125
11,9,128,32,32,0.5,random_kept_only,0.31539751289093826,0.9692196006083651,0.24947052215246968,0.21875
11,9,128,32,32,0.5,random_plus_first_order_moment,0.0026453707947412444,0.9999986334116523,0.24947052215246968,0.21875
11,9,128,32,32,0.5,value_norm_kept_only,0.5511011863513388,0.9821131276971746,0.25857009084185273,0.21875
11,10,128,32,32,0.5,top_attention_kept_only,0.5160499590562648,0.9704023089739067,0.2775300005993563,0.09375
11,10,128,32,32,0.5,top_attention_plus_mean_moment,0.04455270794724479,0.9995940454658275,0.2775300005993563,0.09375
11,10,128,32,32,0.5,top_attention_plus_first_order_moment,0.0022263084214994887,0.9999990032618724,0.2775300005993563,0.09375
11,10,128,32,32,0.5,random_kept_only,0.3309117649111109,0.9520078776419076,0.25240846294337516,0.375
11,10,128,32,32,0.5,random_plus_first_order_moment,0.0028292760673546986,0.999998242692891,0.25240846294337516,0.375
11,10,128,32,32,0.5,value_norm_kept_only,0.6122444759876932,0.9831040469420003,0.2655441973297365,0.21875
11,11,128,32,32,0.5,top_attention_kept_only,0.4159363766891034,0.965768070826729,0.2799561170839554,0.1875
11,11,128,32,32,0.5,top_attention_plus_mean_moment,0.046602621101975696,0.9995081054679611,0.2799561170839554,0.1875
11,11,128,32,32,0.5,top_attention_plus_first_order_moment,0.0022314214033920927,0.9999988750311221,0.2799561170839554,0.1875
11,11,128,32,32,0.5,random_kept_only,0.3096195220740568,0.957133888397572,0.2527798671718404,0.25
11,11,128,32,32,0.5,random_plus_first_order_moment,0.0029887127014904457,0.9999977524705002,0.2527798671718404,0.25
11,11,128,32,32,0.5,value_norm_kept_only,0.5837676491204086,0.9757794169684562,0.2619673961744744,0.25
11,12,128,32,32,0.5,top_attention_kept_only,0.39080015627117104,0.9667158880435472,0.2789673482050626,0.375
11,12,128,32,32,0.5,top_attention_plus_mean_moment,0.04401220479673844,0.9994693960137883,0.2789673482050626,0.375
11,12,128,32,32,0.5,top_attention_plus_first_order_moment,0.00213967437897859,0.9999988058365358,0.2789673482050626,0.375
11,12,128,32,32,0.5,random_kept_only,0.3268769026899167,0.9694062974865888,0.25162676263795647,0.46875
11,12,128,32,32,0.5,random_plus_first_order_moment,0.003063062670620423,0.9999975079689117,0.25162676263795647,0.46875
11,12,128,32,32,0.5,value_norm_kept_only,0.6121859321217189,0.9641633286458964,0.2608130088441053,0.375
11,13,128,32,32,0.5,top_attention_kept_only,0.4599301915863644,0.9619998490428964,0.2769148164564194,0.1875
11,13,128,32,32,0.5,top_attention_plus_mean_moment,0.046486721637896966,0.9995837419417911,0.2769148164564194,0.1875
11,13,128,32,32,0.5,top_attention_plus_first_order_moment,0.002180793599752565,0.9999991033117286,0.2769148164564194,0.1875
11,13,128,32,32,0.5,random_kept_only,0.29144813752495535,0.9575608440048371,0.2475997761920762,0.375
11,13,128,32,32,0.5,random_plus_first_order_moment,0.0026482692850638987,0.9999987319361952,0.2475997761920762,0.375
11,13,128,32,32,0.5,value_norm_kept_only,0.4750295281845736,0.9720420800315256,0.2566230214830799,0.34375
11,14,128,32,32,0.5,top_attention_kept_only,0.5226482581584626,0.9636297777592653,0.27533661706155954,0.1875
11,14,128,32,32,0.5,top_attention_plus_mean_moment,0.042999300167776686,0.9995927473897482,0.27533661706155954,0.1875
11,14,128,32,32,0.5,top_attention_plus_first_order_moment,0.0021338907858695507,0.9999989651948438,0.27533661706155954,0.1875
11,14,128,32,32,0.5,random_kept_only,0.2903426083000576,0.9677390392893871,0.25021893675284257,0.28125
11,14,128,32,32,0.5,random_plus_first_order_moment,0.0026330158290980674,0.9999985712378663,0.25021893675284257,0.28125
11,14,128,32,32,0.5,value_norm_kept_only,0.6539810721149517,0.9592188073876862,0.2642408429592231,0.125
11,15,128,32,32,0.5,top_attention_kept_only,0.39000996476388106,0.9822894143628613,0.2780357373274111,0.28125
11,15,128,32,32,0.5,top_attention_plus_mean_moment,0.04737560001605281,0.9993846344543486,0.2780357373274111,0.28125
11,15,128,32,32,0.5,top_attention_plus_first_order_moment,0.00234154442026176,0.9999986085431367,0.2780357373274111,0.28125
11,15,128,32,32,0.5,random_kept_only,0.30592895489802163,0.9580089169633729,0.2523487708714133,0.375
11,15,128,32,32,0.5,random_plus_first_order_moment,0.0031107653653842985,0.9999971622845679,0.2523487708714133,0.375
11,15,128,32,32,0.5,value_norm_kept_only,0.6194767127024265,0.9749524041783861,0.260266360780336,0.21875
11,16,128,32,32,0.5,top_attention_kept_only,0.4584578657663813,0.9667220221768639,0.2753552889596722,0.21875
11,16,128,32,32,0.5,top_attention_plus_mean_moment,0.04945807543365415,0.9992888141883406,0.2753552889596722,0.21875
11,16,128,32,32,0.5,top_attention_plus_first_order_moment,0.002306235422866237,0.9999985830450715,0.2753552889596722,0.21875
11,16,128,32,32,0.5,random_kept_only,0.2956953967889018,0.9737543491913395,0.2537763686251306,0.375
11,16,128,32,32,0.5,random_plus_first_order_moment,0.002629330407905241,0.9999980458008698,0.2537763686251306,0.375
11,16,128,32,32,0.5,value_norm_kept_only,0.6106374971057352,0.9779582237225672,0.26352489614149455,0.25
11,17,128,32,32,0.5,top_attention_kept_only,0.41883466114379075,0.9727539076319991,0.2776292736763747,0.21875
11,17,128,32,32,0.5,top_attention_plus_mean_moment,0.049480766453907726,0.9994409930827398,0.2776292736763747,0.21875
11,17,128,32,32,0.5,top_attention_plus_first_order_moment,0.0023084852391584932,0.9999988044862912,0.2776292736763747,0.21875
11,17,128,32,32,0.5,random_kept_only,0.3069759934602296,0.9620733456230577,0.24698665560317135,0.34375
11,17,128,32,32,0.5,random_plus_first_order_moment,0.0032744495196707782,0.9999976939670701,0.24698665560317135,0.34375
11,17,128,32,32,0.5,value_norm_kept_only,0.4603423975847894,0.9773705671139865,0.25871688610172155,0.15625
11,18,128,32,32,0.5,top_attention_kept_only,0.48697351867564614,0.9692910253134296,0.2761763322340194,0.125
11,18,128,32,32,0.5,top_attention_plus_mean_moment,0.046980055249206655,0.9995939998993457,0.2761763322340194,0.125
11,18,128,32,32,0.5,top_attention_plus_first_order_moment,0.002028949566756716,0.9999992206472003,0.2761763322340194,0.125
11,18,128,32,32,0.5,random_kept_only,0.3029010204556588,0.9530602073803365,0.24582381195014108,0.375
11,18,128,32,32,0.5,random_plus_first_order_moment,0.0028327290836287016,0.9999983768584266,0.24582381195014108,0.375
11,18,128,32,32,0.5,value_norm_kept_only,0.6668327186249307,0.9764656983562269,0.26497753389979767,0.09375
11,19,128,32,32,0.5,top_attention_kept_only,0.44143697268245397,0.9665123545322613,0.27784460008871564,0.28125
11,19,128,32,32,0.5,top_attention_plus_mean_moment,0.048350025488201935,0.9993586552183295,0.27784460008871564,0.28125
11,19,128,32,32,0.5,top_attention_plus_first_order_moment,0.0021559775231879425,0.9999987879167372,0.27784460008871564,0.28125
11,19,128,32,32,0.5,random_kept_only,0.2736637511459178,0.96414255677924,0.24945666704237612,0.40625
11,19,128,32,32,0.5,random_plus_first_order_moment,0.002859721344447886,0.9999976368557741,0.24945666704237612,0.40625
11,19,128,32,32,0.5,value_norm_kept_only,0.6260801883433931,0.9596857228229327,0.26411890216286693,0.1875
11,20,128,32,32,0.5,top_attention_kept_only,0.42898249224454993,0.9580444145678286,0.2786035681260661,0.125
11,20,128,32,32,0.5,top_attention_plus_mean_moment,0.04202551190225082,0.9995963344621381,0.2786035681260661,0.125
11,20,128,32,32,0.5,top_attention_plus_first_order_moment,0.0017997000324575236,0.9999991906073611,0.2786035681260661,0.125
11,20,128,32,32,0.5,random_kept_only,0.35466200552734656,0.9615533960083699,0.25845793913692516,0.1875
11,20,128,32,32,0.5,random_plus_first_order_moment,0.002422368559518486,0.9999984435929035,0.25845793913692516,0.1875
11,20,128,32,32,0.5,value_norm_kept_only,0.553098934618712,0.9751266893809137,0.26033833706957016,0.21875
11,21,128,32,32,0.5,top_attention_kept_only,0.42137826955986507,0.9714286853826631,0.2760235523905062,0.25
11,21,128,32,32,0.5,top_attention_plus_mean_moment,0.04279867842525803,0.9995679579432656,0.2760235523905062,0.25
11,21,128,32,32,0.5,top_attention_plus_first_order_moment,0.001986974081052874,0.9999990463818329,0.2760235523905062,0.25
11,21,128,32,32,0.5,random_kept_only,0.3209865142894687,0.9484286559797573,0.2531724573290035,0.25
11,21,128,32,32,0.5,random_plus_first_order_moment,0.002468285917846932,0.9999983600600065,0.2531724573290035,0.25
11,21,128,32,32,0.5,value_norm_kept_only,0.5703949519382877,0.9727695953325666,0.25683472047518574,0.40625
11,22,128,32,32,0.5,top_attention_kept_only,0.47330862644570953,0.9512521916552342,0.2768430541136187,0.0
11,22,128,32,32,0.5,top_attention_plus_mean_moment,0.04551854882598725,0.9996051241243558,0.2768430541136187,0.0
11,22,128,32,32,0.5,top_attention_plus_first_order_moment,0.0023793083464704813,0.9999987037525269,0.2768430541136187,0.0
11,22,128,32,32,0.5,random_kept_only,0.24779856332920291,0.9802658535840497,0.25467824707774805,0.3125
11,22,128,32,32,0.5,random_plus_first_order_moment,0.0031933615016064335,0.9999981086334087,0.25467824707774805,0.3125
11,22,128,32,32,0.5,value_norm_kept_only,0.6326025149626234,0.9642330791139689,0.2627835518823549,0.0625
11,23,128,32,32,0.5,top_attention_kept_only,0.4650424290118738,0.9705752027368456,0.2776815881800254,0.09375
11,23,128,32,32,0.5,top_attention_plus_mean_moment,0.044131450305217854,0.9994887397413869,0.2776815881800254,0.09375
11,23,128,32,32,0.5,top_attention_plus_first_order_moment,0.002195624212414218,0.9999989010814556,0.2776815881800254,0.09375
11,23,128,32,32,0.5,random_kept_only,0.32991791032070633,0.9461015370532283,0.2451037476667805,0.375
11,23,128,32,32,0.5,random_plus_first_order_moment,0.002583664847807164,0.9999982329667135,0.2451037476667805,0.375
11,23,128,32,32,0.5,value_norm_kept_only,0.5991591240717992,0.9517473399042803,0.2609476827362646,0.125
11,24,128,32,32,0.5,top_attention_kept_only,0.4540075818269933,0.9692650791950072,0.2766554111367071,0.125
11,24,128,32,32,0.5,top_attention_plus_mean_moment,0.045736919476451525,0.9995788094318782,0.2766554111367071,0.125
11,24,128,32,32,0.5,top_attention_plus_first_order_moment,0.0022225999751191257,0.9999990688906051,0.2766554111367071,0.125
11,24,128,32,32,0.5,random_kept_only,0.3013640946909762,0.9648190852831808,0.25601543558585826,0.25
11,24,128,32,32,0.5,random_plus_first_order_moment,0.002785802479987086,0.9999983796408888,0.25601543558585826,0.25
11,24,128,32,32,0.5,value_norm_kept_only,0.5337947672878627,0.9836842779061628,0.26334325676282627,0.28125
11,25,128,32,32,0.5,top_attention_kept_only,0.4761456791285135,0.9570344967585089,0.2755599112419913,0.125
11,25,128,32,32,0.5,top_attention_plus_mean_moment,0.0406552623428893,0.9995970636432092,0.2755599112419913,0.125
11,25,128,32,32,0.5,top_attention_plus_first_order_moment,0.0017923045288196083,0.9999992763399682,0.2755599112419913,0.125
11,25,128,32,32,0.5,random_kept_only,0.2679295067532694,0.9708621212996839,0.254336700609841,0.25
11,25,128,32,32,0.5,random_plus_first_order_moment,0.0022863575541625237,0.9999987880112536,0.254336700609841,0.25
11,25,128,32,32,0.5,value_norm_kept_only,0.5669263581299806,0.9676207913598049,0.2628622327169613,0.15625
11,26,128,32,32,0.5,top_attention_kept_only,0.45840898496462296,0.9674634152540585,0.27592968859060696,0.125
11,26,128,32,32,0.5,top_attention_plus_mean_moment,0.03796360218461292,0.9997076913171825,0.27592968859060696,0.125
11,26,128,32,32,0.5,top_attention_plus_first_order_moment,0.0016862345757587328,0.9999993576841095,0.27592968859060696,0.125
11,26,128,32,32,0.5,random_kept_only,0.3127118579408652,0.9498500312974706,0.2510956201245246,0.40625
11,26,128,32,32,0.5,random_plus_first_order_moment,0.0021769680318519786,0.9999989041165258,0.2510956201245246,0.40625
11,26,128,32,32,0.5,value_norm_kept_only,0.588839335168805,0.9835862228328294,0.26214697943473053,0.15625
11,27,128,32,32,0.5,top_attention_kept_only,0.5001229567806608,0.9596086499895864,0.2768715708503263,0.1875
11,27,128,32,32,0.5,top_attention_plus_mean_moment,0.0428649224791996,0.9995561705118848,0.2768715708503263,0.1875
11,27,128,32,32,0.5,top_attention_plus_first_order_moment,0.0020638422040905246,0.9999991856025081,0.2768715708503263,0.1875
11,27,128,32,32,0.5,random_kept_only,0.28265199169944094,0.9592300273996657,0.25058105695442684,0.40625
11,27,128,32,32,0.5,random_plus_first_order_moment,0.0025745018899374535,0.9999985451094322,0.25058105695442684,0.40625
11,27,128,32,32,0.5,value_norm_kept_only,0.6436747247422965,0.9662488365275878,0.2648507846866788,0.15625
11,28,128,32,32,0.5,top_attention_kept_only,0.536421505519973,0.9655112730339453,0.27922442246154533,0.15625
11,28,128,32,32,0.5,top_attention_plus_mean_moment,0.048893916858426374,0.9995405940797983,0.27922442246154533,0.15625
11,28,128,32,32,0.5,top_attention_plus_first_order_moment,0.0026743354653174147,0.999998686618853,0.27922442246154533,0.15625
11,28,128,32,32,0.5,random_kept_only,0.3094117472122124,0.9520577983763183,0.24745510218151545,0.4375
11,28,128,32,32,0.5,random_plus_first_order_moment,0.003451085858383968,0.9999973864441877,0.24745510218151545,0.4375
11,28,128,32,32,0.5,value_norm_kept_only,0.6384516998031988,0.9486141579078609,0.2609098072170619,0.3125
11,29,128,32,32,0.5,top_attention_kept_only,0.5329051891362825,0.957228184886544,0.27337596521414775,0.0625
11,29,128,32,32,0.5,top_attention_plus_mean_moment,0.04310655243220398,0.9995922237171344,0.27337596521414775,0.0625
11,29,128,32,32,0.5,top_attention_plus_first_order_moment,0.0019470082894524512,0.9999991267715987,0.27337596521414775,0.0625
11,29,128,32,32,0.5,random_kept_only,0.36430399223448956,0.9621092429048531,0.2534407908871196,0.34375
11,29,128,32,32,0.5,random_plus_first_order_moment,0.0024097349913099137,0.9999986430345349,0.2534407908871196,0.34375
11,29,128,32,32,0.5,value_norm_kept_only,0.6903407821841374,0.9630795104214955,0.2662231211198155,0.15625
11,30,128,32,32,0.5,top_attention_kept_only,0.5435441304153035,0.9267176731214218,0.27553948087485514,0.09375
11,30,128,32,32,0.5,top_attention_plus_mean_moment,0.04318271502419651,0.9996827272585965,0.27553948087485514,0.09375
11,30,128,32,32,0.5,top_attention_plus_first_order_moment,0.0019818214609461263,0.9999991572516553,0.27553948087485514,0.09375
11,30,128,32,32,0.5,random_kept_only,0.29006226115233497,0.9575490707786511,0.2446138112100313,0.4375
11,30,128,32,32,0.5,random_plus_first_order_moment,0.002629686271675634,0.9999986395835412,0.2446138112100313,0.4375
11,30,128,32,32,0.5,value_norm_kept_only,0.5388096848693693,0.9769575110300088,0.26144979274187774,0.25
11,31,128,32,32,0.5,top_attention_kept_only,0.49039149621044,0.9656172603025863,0.2738819975631417,0.125
11,31,128,32,32,0.5,top_attention_plus_mean_moment,0.04406998883438578,0.999615177754207,0.2738819975631417,0.125
11,31,128,32,32,0.5,top_attention_plus_first_order_moment,0.001999148019147212,0.999999249931566,0.2738819975631417,0.125
11,31,128,32,32,0.5,random_kept_only,0.2641086350646035,0.9655260523807256,0.2514380585610475,0.4375
11,31,128,32,32,0.5,random_plus_first_order_moment,0.002356355819117465,0.9999989591619686,0.2514380585610475,0.4375
11,31,128,32,32,0.5,value_norm_kept_only,0.7076556394567188,0.9620093011728876,0.2645328371472283,0.09375
11,32,128,32,32,0.5,top_attention_kept_only,0.43555904177996013,0.9781471774073949,0.27773692831555186,0.15625
11,32,128,32,32,0.5,top_attention_plus_mean_moment,0.04428603775899138,0.9995549585199079,0.27773692831555186,0.15625
11,32,128,32,32,0.5,top_attention_plus_first_order_moment,0.002070702509985217,0.9999991147788703,0.27773692831555186,0.15625
11,32,128,32,32,0.5,random_kept_only,0.27191819167570963,0.9680734369105463,0.25485214662997996,0.28125
11,32,128,32,32,0.5,random_plus_first_order_moment,0.0025727343758376307,0.9999984650192205,0.25485214662997996,0.28125
11,32,128,32,32,0.5,value_norm_kept_only,0.47848924375295726,0.9782794553863522,0.2596135258024529,0.15625
11,33,128,32,32,0.5,top_attention_kept_only,0.455362512595899,0.9656521311618869,0.276309020542924,0.125
11,33,128,32,32,0.5,top_attention_plus_mean_moment,0.048265250656330305,0.9995252496982056,0.276309020542924,0.125
11,33,128,32,32,0.5,top_attention_plus_first_order_moment,0.0024974439872977733,0.9999986368713704,0.276309020542924,0.125
11,33,128,32,32,0.5,random_kept_only,0.27782972567405617,0.9606538610911235,0.2493719941069223,0.40625
11,33,128,32,32,0.5,random_plus_first_order_moment,0.003070973863179677,0.9999979646901124,0.2493719941069223,0.40625
11,33,128,32,32,0.5,value_norm_kept_only,0.6465559732770861,0.9786055707058539,0.2641896809569777,0.21875
11,34,128,32,32,0.5,top_attention_kept_only,0.41105866525610685,0.971980183250132,0.2773922386101503,0.25
11,34,128,32,32,0.5,top_attention_plus_mean_moment,0.04906055321356368,0.9994152055237253,0.2773922386101503,0.25
11,34,128,32,32,0.5,top_attention_plus_first_order_moment,0.0022662226614778205,0.9999988379206781,0.2773922386101503,0.25
11,34,128,32,32,0.5,random_kept_only,0.26151068544374273,0.9722535724096996,0.2540912222663356,0.4375
11,34,128,32,32,0.5,random_plus_first_order_moment,0.0028116461636619196,0.9999982768916822,0.2540912222663356,0.4375
11,34,128,32,32,0.5,value_norm_kept_only,0.5214092318756144,0.9725372626541992,0.2571029563027188,0.1875
11,35,128,32,32,0.5,top_attention_kept_only,0.4931679289885831,0.9666274650614677,0.2771825227342699,0.09375
11,35,128,32,32,0.5,top_attention_plus_mean_moment,0.04769525323944357,0.9995117018940055,0.2771825227342699,0.09375
11,35,128,32,32,0.5,top_attention_plus_first_order_moment,0.0023410555775047522,0.9999988057623765,0.2771825227342699,0.09375
11,35,128,32,32,0.5,random_kept_only,0.3473757653197376,0.9529417050891401,0.24613084976425653,0.3125
11,35,128,32,32,0.5,random_plus_first_order_moment,0.0028831015976802203,0.9999978700171446,0.24613084976425653,0.3125
11,35,128,32,32,0.5,value_norm_kept_only,0.6807496637689981,0.9720830973302385,0.26267098678619794,0.0625
11,36,128,32,32,0.5,top_attention_kept_only,0.5008616669080602,0.9644879711180023,0.2762897158169483,0.21875
11,36,128,32,32,0.5,top_attention_plus_mean_moment,0.04350190699997772,0.999605292422535,0.2762897158169483,0.21875
11,36,128,32,32,0.5,top_attention_plus_first_order_moment,0.0021317934874682024,0.9999990643114592,0.2762897158169483,0.21875
11,36,128,32,32,0.5,random_kept_only,0.3017623037163088,0.953664117866049,0.2527297089376327,0.25
11,36,128,32,32,0.5,random_plus_first_order_moment,0.002345864660473016,0.9999988208367546,0.2527297089376327,0.25
11,36,128,32,32,0.5,value_norm_kept_only,0.5808724542002647,0.9720129536591637,0.26694351445364534,0.1875
11,37,128,32,32,0.5,top_attention_kept_only,0.5022119056735893,0.9594809517747004,0.2745850792969444,0.09375
11,37,128,32,32,0.5,top_attention_plus_mean_moment,0.04476725459308366,0.9995242056522837,0.2745850792969444,0.09375
11,37,128,32,32,0.5,top_attention_plus_first_order_moment,0.00222264089547628,0.9999988728502054,0.2745850792969444,0.09375
11,37,128,32,32,0.5,random_kept_only,0.29368878208498234,0.9622360154313103,0.252394263371402,0.25
11,37,128,32,32,0.5,random_plus_first_order_moment,0.0027585294479821215,0.9999982578145261,0.252394263371402,0.25
11,37,128,32,32,0.5,value_norm_kept_only,0.6270420444146522,0.9579595481032758,0.25880487275973646,0.1875
11,38,128,32,32,0.5,top_attention_kept_only,0.5785212416541287,0.9616592972276239,0.2745013665118292,0.125
11,38,128,32,32,0.5,top_attention_plus_mean_moment,0.04020121760564526,0.999661292861616,0.2745013665118292,0.125
11,38,128,32,32,0.5,top_attention_plus_first_order_moment,0.0020626275583585933,0.9999991036387029,0.2745013665118292,0.125
11,38,128,32,32,0.5,random_kept_only,0.31193210612887357,0.9750003581210952,0.2555047881382155,0.34375
11,38,128,32,32,0.5,random_plus_first_order_moment,0.0024986082624389424,0.9999985358447514,0.2555047881382155,0.34375
11,38,128,32,32,0.5,value_norm_kept_only,0.5806985860302655,0.9761098889370284,0.26179334974472007,0.28125
11,39,128,32,32,0.5,top_attention_kept_only,0.49514527262696967,0.9666000479778296,0.27741789034824094,0.1875
11,39,128,32,32,0.5,top_attention_plus_mean_moment,0.04848746262657156,0.9994732208708823,0.27741789034824094,0.1875
11,39,128,32,32,0.5,top_attention_plus_first_order_moment,0.00229014997491738,0.9999990057980286,0.27741789034824094,0.1875
11,39,128,32,32,0.5,random_kept_only,0.26795282487933497,0.9638899037592243,0.24890573801050664,0.3125
11,39,128,32,32,0.5,random_plus_first_order_moment,0.002778234733669483,0.99999828006431,0.24890573801050664,0.3125
11,39,128,32,32,0.5,value_norm_kept_only,0.6759663098525442,0.9502104953453088,0.2616518477398144,0.15625
11,0,128,32,64,0.5,top_attention_kept_only,0.3707545543599214,0.9822541643692363,0.5409799033855269,0.140625
11,0,128,32,64,0.5,top_attention_plus_mean_moment,0.030975286411444123,0.999823897881699,0.5409799033855269,0.140625
11,0,128,32,64,0.5,top_attention_plus_first_order_moment,0.0010124292468565738,0.9999997864849945,0.5409799033855269,0.140625
11,0,128,32,64,0.5,random_kept_only,0.18506356294684514,0.9828070054464335,0.49762535505837013,0.34375
11,0,128,32,64,0.5,random_plus_first_order_moment,0.0020371865874304483,0.9999993037848878,0.49762535505837013,0.34375
11,0,128,32,64,0.5,value_norm_kept_only,0.3867468885819101,0.9896261774806573,0.5133427235233089,0.25
11,1,128,32,64,0.5,top_attention_kept_only,0.42263117292653235,0.9825442450935693,0.5434541563557049,0.109375
11,1,128,32,64,0.5,top_attention_plus_mean_moment,0.02630509122821869,0.9999021520772214,0.5434541563557049,0.109375
11,1,128,32,64,0.5,top_attention_plus_first_order_moment,0.000988655594217853,0.999999786272532,0.5434541563557049,0.109375
11,1,128,32,64,0.5,random_kept_only,0.13174373899868108,0.991447945829613,0.5071676633437128,0.296875
11,1,128,32,64,0.5,random_plus_first_order_moment,0.0021974780484147853,0.9999991779231265,0.5071676633437128,0.296875
11,1,128,32,64,0.5,value_norm_kept_only,0.4024014862359036,0.9890927910940357,0.5183797256898095,0.21875
11,2,128,32,64,0.5,top_attention_kept_only,0.4078744886828112,0.9794067777408518,0.5400901426364728,0.15625
11,2,128,32,64,0.5,top_attention_plus_mean_moment,0.02510929865115852,0.9998699665986843,0.5400901426364728,0.15625
11,2,128,32,64,0.5,top_attention_plus_first_order_moment,0.000985235561754725,0.999999799069464,0.5400901426364728,0.15625
11,2,128,32,64,0.5,random_kept_only,0.15487413403680625,0.9879386070862162,0.4951424598782286,0.390625
11,2,128,32,64,0.5,random_plus_first_order_moment,0.0017390623699267008,0.9999993737434208,0.4951424598782286,0.390625
11,2,128,32,64,0.5,value_norm_kept_only,0.43385493975282935,0.9850306951248075,0.5191358763924444,0.265625
11,3,128,32,64,0.5,top_attention_kept_only,0.40787161233525293,0.9764665349919337,0.538492539997504,0.171875
11,3,128,32,64,0.5,top_attention_plus_mean_moment,0.024735486765719173,0.9998443524921521,0.538492539997504,0.171875
11,3,128,32,64,0.5,top_attention_plus_first_order_moment,0.0008685329347970306,0.9999998065995904,0.538492539997504,0.171875
11,3,128,32,64,0.5,random_kept_only,0.16166318550585088,0.9869808657392424,0.503865080589222,0.375
11,3,128,32,64,0.5,random_plus_first_order_moment,0.0014685882036552065,0.999999446108685,0.503865080589222,0.375
11,3,128,32,64,0.5,value_norm_kept_only,0.369604774117262,0.9841461116127483,0.5227504707024617,0.265625
11,4,128,32,64,0.5,top_attention_kept_only,0.38104816866671565,0.9820932995091324,0.5379656679156684,0.171875
11,4,128,32,64,0.5,top_attention_plus_mean_moment,0.024615496423526992,0.9998710552618524,0.5379656679156684,0.171875
11,4,128,32,64,0.5,top_attention_plus_first_order_moment,0.0008700844655798276,0.9999998133836236,0.5379656679156684,0.171875
11,4,128,32,64,0.5,random_kept_only,0.16408141349383384,0.9867984209523014,0.5061496706262142,0.328125
11,4,128,32,64,0.5,random_plus_first_order_moment,0.001533242126939746,0.9999994146093613,0.5061496706262142,0.328125
11,4,128,32,64,0.5,value_norm_kept_only,0.36094555138540163,0.9905810209736489,0.5160685329932866,0.296875
11,5,128,32,64,0.5,top_attention_kept_only,0.40732645249853594,0.983157887047638,0.5396732617161484,0.125
11,5,128,32,64,0.5,top_attention_plus_mean_moment,0.027276482247404074,0.9998559646503055,0.5396732617161484,0.125
11,5,128,32,64,0.5,top_attention_plus_first_order_moment,0.0013238887812324564,0.9999996655970551,0.5396732617161484,0.125
11,5,128,32,64,0.5,random_kept_only,0.14331203461470124,0.9898846697336183,0.494402443839458,0.359375
11,5,128,32,64,0.5,random_plus_first_order_moment,0.0022901229620255767,0.9999989765589663,0.494402443839458,0.359375
11,5,128,32,64,0.5,value_norm_kept_only,0.3776046920265358,0.9864394742539024,0.5196989080389849,0.1875
11,6,128,32,64,0.5,top_attention_kept_only,0.41417311899130976,0.9745801798069862,0.5398059681161659,0.109375
11,6,128,32,64,0.5,top_attention_plus_mean_moment,0.02922164009862656,0.9998279124960946,0.5398059681161659,0.109375
11,6,128,32,64,0.5,top_attention_plus_first_order_moment,0.0010413569858677058,0.999999706446942,0.5398059681161659,0.109375
11,6,128,32,64,0.5,random_kept_only,0.23021399874168844,0.9741510601728922,0.49718613502086517,0.390625
11,6,128,32,64,0.5,random_plus_first_order_moment,0.002145265183387139,0.9999988004621999,0.49718613502086517,0.390625
11,6,128,32,64,0.5,value_norm_kept_only,0.3997641135907362,0.9839156893068928,0.5194030410793904,0.234375
11,7,128,32,64,0.5,top_attention_kept_only,0.4771687405207086,0.973989883455994,0.5383758986268989,0.125
11,7,128,32,64,0.5,top_attention_plus_mean_moment,0.022497319249238697,0.9998899002084084,0.5383758986268989,0.125
11,7,128,32,64,0.5,top_attention_plus_first_order_moment,0.0010168717072544802,0.9999997950211734,0.5383758986268989,0.125
11,7,128,32,64,0.5,random_kept_only,0.182830135648582,0.9869385993723052,0.5057353158280695,0.265625
11,7,128,32,64,0.5,random_plus_first_order_moment,0.0021171493382127885,0.9999989710155109,0.5057353158280695,0.265625
11,7,128,32,64,0.5,value_norm_kept_only,0.3844783866005512,0.987200007048412,0.5161382690890434,0.265625
11,8,128,32,64,0.5,top_attention_kept_only,0.388789167161008,0.9764142078578504,0.5418066063997473,0.25
11,8,128,32,64,0.5,top_attention_plus_mean_moment,0.025650724586423854,0.9998469666652606,0.5418066063997473,0.25
11,8,128,32,64,0.5,top_attention_plus_first_order_moment,0.0011065516598441874,0.9999996600912333,0.5418066063997473,0.25
11,8,128,32,64,0.5,random_kept_only,0.1915894337820324,0.98852861154276,0.5058013330092614,0.328125
11,8,128,32,64,0.5,random_plus_first_order_moment,0.0023355474518645834,0.9999988429755472,0.5058013330092614,0.328125
11,8,128,32,64,0.5,value_norm_kept_only,0.31214721757672753,0.9891074068124847,0.5120667723247294,0.328125
11,9,128,32,64,0.5,top_attention_kept_only,0.41614506099956833,0.9766651348857865,0.5429004201101837,0.109375
11,9,128,32,64,0.5,top_attention_plus_mean_moment,0.02517315152518438,0.999877619263566,0.5429004201101837,0.109375
11,9,128,32,64,0.5,top_attention_plus_first_order_moment,0.0009366637875845271,0.9999997921000684,0.5429004201101837,0.109375
11,9,128,32,64,0.5,random_kept_only,0.19286488130914545,0.9812578891960391,0.49426172099017973,0.328125
11,9,128,32,64,0.5,random_plus_first_order_moment,0.0021326050704587826,0.9999989871320224,0.49426172099017973,0.328125
11,9,128,32,64,0.5,value_norm_kept_only,0.41625403383250015,0.9838187717940384,0.5226009249592475,0.203125
11,10,128,32,64,0.5,top_attention_kept_only,0.4173780832893947,0.9796729205346967,0.5413187567303894,0.046875
11,10,128,32,64,0.5,top_attention_plus_mean_moment,0.02578325360808995,0.9998206078227129,0.5413187567303894,0.046875
11,10,128,32,64,0.5,top_attention_plus_first_order_moment,0.0011333856857866965,0.9999996691081945,0.5413187567303894,0.046875
11,10,128,32,64,0.5,random_kept_only,0.24362783129973042,0.9713558729631997,0.4933504629903719,0.40625
11,10,128,32,64,0.5,random_plus_first_order_moment,0.0020779064774576594,0.9999987417043228,0.4933504629903719,0.40625
11,10,128,32,64,0.5,value_norm_kept_only,0.39912312602774414,0.9857359932429683,0.516020921047488,0.203125
11,11,128,32,64,0.5,top_attention_kept_only,0.3635122825019552,0.9841722042035813,0.5414577821729688,0.125
11,11,128,32,64,0.5,top_attention_plus_mean_moment,0.023986542781536276,0.999847619040238,0.5414577821729688,0.125
11,11,128,32,64,0.5,top_attention_plus_first_order_moment,0.0009100770406500956,0.9999998100704934,0.5414577821729688,0.125
11,11,128,32,64,0.5,random_kept_only,0.16544953681044497,0.9867240653028181,0.4970090386434445,0.328125
11,11,128,32,64,0.5,random_plus_first_order_moment,0.0021445247123769748,0.999998840704098,0.4970090386434445,0.328125
11,11,128,32,64,0.5,value_norm_kept_only,0.43256704662998147,0.98594066120639,0.526073764472478,0.171875
11,12,128,32,64,0.5,top_attention_kept_only,0.4472825232012658,0.978028500750028,0.5399524585971487,0.15625
11,12,128,32,64,0.5,top_attention_plus_mean_moment,0.023503319376813405,0.9998707017537963,0.5399524585971487,0.15625
11,12,128,32,64,0.5,top_attention_plus_first_order_moment,0.001152906679685194,0.9999996747814833,0.5399524585971487,0.15625
11,12,128,32,64,0.5,random_kept_only,0.17087545650299377,0.9861275247474189,0.498487240101232,0.34375
11,12,128,32,64,0.5,random_plus_first_order_moment,0.0019490944911071297,0.9999990703265926,0.498487240101232,0.34375
11,12,128,32,64,0.5,value_norm_kept_only,0.37543602431551837,0.9839910010404274,0.5197518628972869,0.21875
11,13,128,32,64,0.5,top_attention_kept_only,0.41017945839594083,0.9767865896281551,0.5380701844121145,0.140625
11,13,128,32,64,0.5,top_attention_plus_mean_moment,0.0253468256587868,0.9998560136142529,0.5380701844121145,0.140625
11,13,128,32,64,0.5,top_attention_plus_first_order_moment,0.001046239313837292,0.9999997291396489,0.5380701844121145,0.140625
11,13,128,32,64,0.5,random_kept_only,0.11465410960574211,0.9936684179232942,0.4964037827152156,0.375
11,13,128,32,64,0.5,random_plus_first_order_moment,0.0021197368143959896,0.9999989985278349,0.4964037827152156,0.375
11,13,128,32,64,0.5,value_norm_kept_only,0.3343619547007387,0.9911858015870385,0.5097459559986438,0.296875
11,14,128,32,64,0.5,top_attention_kept_only,0.3623241590108314,0.9824162362417576,0.5412632023928634,0.234375
11,14,128,32,64,0.5,top_attention_plus_mean_moment,0.02988813114856638,0.9998162359619842,0.5412632023928634,0.234375
11,14,128,32,64,0.5,top_attention_plus_first_order_moment,0.0010629845418700294,0.9999997403659674,0.5412632023928634,0.234375
11,14,128,32,64,0.5,random_kept_only,0.1886311884791118,0.9823398730773084,0.49932791430745765,0.40625
11,14,128,32,64,0.5,random_plus_first_order_moment,0.001915475478616444,0.9999991778464613,0.49932791430745765,0.40625
11,14,128,32,64,0.5,value_norm_kept_only,0.3841830505294552,0.9888580059802096,0.5137080813580919,0.265625
11,15,128,32,64,0.5,top_attention_kept_only,0.40375993434640767,0.9782042877871033,0.5395010641241778,0.0625
11,15,128,32,64,0.5,top_attention_plus_mean_moment,0.02777030660241314,0.9998065580884268,0.5395010641241778,0.0625
11,15,128,32,64,0.5,top_attention_plus_first_order_moment,0.0010670387717286736,0.9999997860205514,0.5395010641241778,0.0625
11,15,128,32,64,0.5,random_kept_only,0.12777625097122983,0.9926362365927242,0.4946005116270181,0.359375
11,15,128,32,64,0.5,random_plus_first_order_moment,0.0018629759272657163,0.9999990538109282,0.4946005116270181,0.359375
11,15,128,32,64,0.5,value_norm_kept_only,0.3676082089809184,0.9838750781776896,0.5224563237999897,0.15625
11,16,128,32,64,0.5,top_attention_kept_only,0.4029478463205313,0.9812600158718461,0.5371834166390443,0.203125
11,16,128,32,64,0.5,top_attention_plus_mean_moment,0.02604255204139878,0.9998467038288442,0.5371834166390443,0.203125
11,16,128,32,64,0.5,top_attention_plus_first_order_moment,0.0009956014775268599,0.9999997623921506,0.5371834166390443,0.203125
11,16,128,32,64,0.5,random_kept_only,0.19541270758207532,0.9808150957066033,0.49355921924999113,0.5
11,16,128,32,64,0.5,random_plus_first_order_moment,0.0015603136764113705,0.9999993642557617,0.49355921924999113,0.5
11,16,128,32,64,0.5,value_norm_kept_only,0.4183882354437221,0.9857605901262015,0.5168998479492868,0.3125
11,17,128,32,64,0.5,top_attention_kept_only,0.42037608387176767,0.9850553298767335,0.5421994868184852,0.140625
11,17,128,32,64,0.5,top_attention_plus_mean_moment,0.02777493222383092,0.9998858824610033,0.5421994868184852,0.140625
11,17,128,32,64,0.5,top_attention_plus_first_order_moment,0.0010913876392458902,0.9999997939886481,0.5421994868184852,0.140625
11,17,128,32,64,0.5,random_kept_only,0.1652306253964339,0.9867567939060872,0.49482311854690264,0.3125
11,17,128,32,64,0.5,random_plus_first_order_moment,0.002211304593069344,0.9999991406205858,0.49482311854690264,0.3125
11,17,128,32,64,0.5,value_norm_kept_only,0.38078638087548156,0.9933051591127618,0.5178960243426873,0.21875
11,18,128,32,64,0.5,top_attention_kept_only,0.36790630713346156,0.9792490254856281,0.5430646836529947,0.125
11,18,128,32,64,0.5,top_attention_plus_mean_moment,0.02763408176032054,0.9998413717139677,0.5430646836529947,0.125
11,18,128,32,64,0.5,top_attention_plus_first_order_moment,0.0009515216132149201,0.9999997521755231,0.5430646836529947,0.125
11,18,128,32,64,0.5,random_kept_only,0.19261586947316164,0.9812792252544552,0.49742556988512593,0.328125
11,18,128,32,64,0.5,random_plus_first_order_moment,0.0023774575919918686,0.999998322760204,0.49742556988512593,0.328125
11,18,128,32,64,0.5,value_norm_kept_only,0.3461148838588556,0.9908576347480229,0.5167020173015991,0.265625
11,19,128,32,64,0.5,top_attention_kept_only,0.41495703783441773,0.9765786079327221,0.5408398630285294,0.109375
11,19,128,32,64,0.5,top_attention_plus_mean_moment,0.025500344667459412,0.9998480934105187,0.5408398630285294,0.109375
11,19,128,32,64,0.5,top_attention_plus_first_order_moment,0.0010190926006684016,0.9999997111123184,0.5408398630285294,0.109375
11,19,128,32,64,0.5,random_kept_only,0.14758458484238368,0.98911055936596,0.4969715785978278,0.390625
11,19,128,32,64,0.5,random_plus_first_order_moment,0.002040167317295489,0.999998959642047,0.4969715785978278,0.390625
11,19,128,32,64,0.5,value_norm_kept_only,0.3743220838615629,0.9890750772009625,0.5236766132652785,0.234375
11,20,128,32,64,0.5,top_attention_kept_only,0.4159371103995963,0.9826826960382244,0.5427827125646927,0.203125
11,20,128,32,64,0.5,top_attention_plus_mean_moment,0.02764996699872986,0.9998225094478125,0.5427827125646927,0.203125
11,20,128,32,64,0.5,top_attention_plus_first_order_moment,0.0010191254754179908,0.999999788029305,0.5427827125646927,0.203125
11,20,128,32,64,0.5,random_kept_only,0.19292146281868447,0.9847543359645178,0.5035602799864238,0.359375
11,20,128,32,64,0.5,random_plus_first_order_moment,0.0023446866747109476,0.9999988574522621,0.5035602799864238,0.359375
11,20,128,32,64,0.5,value_norm_kept_only,0.4115690436606443,0.9841206959547254,0.5217233779269549,0.265625
11,21,128,32,64,0.5,top_attention_kept_only,0.4158249143184162,0.9721298525003492,0.5407573989051598,0.109375
11,21,128,32,64,0.5,top_attention_plus_mean_moment,0.023578846785350948,0.9998737919226369,0.5407573989051598,0.109375
11,21,128,32,64,0.5,top_attention_plus_first_order_moment,0.000905055828968786,0.9999997835851966,0.5407573989051598,0.109375
11,21,128,32,64,0.5,random_kept_only,0.17731706716619683,0.9852627768829617,0.4980169547818392,0.421875
11,21,128,32,64,0.5,random_plus_first_order_moment,0.0019245983190837956,0.9999989163335751,0.4980169547818392,0.421875
11,21,128,32,64,0.5,value_norm_kept_only,0.32612836721164384,0.98966395805352,0.5150977651716578,0.296875
11,22,128,32,64,0.5,top_attention_kept_only,0.42644862122398414,0.9782542513314937,0.5391070101269091,0.140625
11,22,128,32,64,0.5,top_attention_plus_mean_moment,0.022508160802680553,0.999898912729506,0.5391070101269091,0.140625
11,22,128,32,64,0.5,top_attention_plus_first_order_moment,0.0009734123771016684,0.9999997729057076,0.5391070101269091,0.140625
11,22,128,32,64,0.5,random_kept_only,0.15692376881544767,0.9877455482637696,0.5048632444404931,0.375
11,22,128,32,64,0.5,random_plus_first_order_moment,0.0016956231285121417,0.9999994283473248,0.5048632444404931,0.375
11,22,128,32,64,0.5,value_norm_kept_only,0.3223134445927332,0.9932650626881521,0.5103702733920072,0.328125
11,23,128,32,64,0.5,top_attention_kept_only,0.3726941375439419,0.9847158758654646,0.540164952724991,0.296875
11,23,128,32,64,0.5,top_attention_plus_mean_moment,0.025028580813412075,0.9998623994707591,0.540164952724991,0.296875
11,23,128,32,64,0.5,top_attention_plus_first_order_moment,0.0007263689344676717,0.9999998735874753,0.540164952724991,0.296875
11,23,128,32,64,0.5,random_kept_only,0.1637251042704624,0.9889168985066213,0.5041917051358841,0.421875
11,23,128,32,64,0.5,random_plus_first_order_moment,0.0018793567390299152,0.9999992113760618,0.5041917051358841,0.421875
11,23,128,32,64,0.5,value_norm_kept_only,0.3464266114160338,0.9919679037806507,0.5207956828272282,0.3125
11,24,128,32,64,0.5,top_attention_kept_only,0.3581466578146318,0.984996611399111,0.5409471126076364,0.140625
11,24,128,32,64,0.5,top_attention_plus_mean_moment,0.02831587899376691,0.9998261173695935,0.5409471126076364,0.140625
11,24,128,32,64,0.5,top_attention_plus_first_order_moment,0.0011013487667970497,0.999999715628452,0.5409471126076364,0.140625
11,24,128,32,64,0.5,random_kept_only,0.1973336625339585,0.9822842926628521,0.49127306199614706,0.34375
11,24,128,32,64,0.5,random_plus_first_order_moment,0.0022742790474057006,0.9999987992642856,0.49127306199614706,0.34375
11,24,128,32,64,0.5,value_norm_kept_only,0.3407844547314949,0.9921428695780121,0.5140888732057135,0.296875
11,25,128,32,64,0.5,top_attention_kept_only,0.3519745096581486,0.9779326777187343,0.5396400741054668,0.1875
11,25,128,32,64,0.5,top_attention_plus_mean_moment,0.021748427051326485,0.9998889018369662,0.5396400741054668,0.1875
11,25,128,32,64,0.5,top_attention_plus_first_order_moment,0.0007445873537933209,0.999999849933705,0.5396400741054668,0.1875
11,25,128,32,64,0.5,random_kept_only,0.17862332699094927,0.9854114282393035,0.5051627465474335,0.390625
11,25,128,32,64,0.5,random_plus_first_order_moment,0.001573244956540437,0.9999993556443214,0.5051627465474335,0.390625
11,25,128,32,64,0.5,value_norm_kept_only,0.3939095251152528,0.9866345499297329,0.5233183045762454,0.25
11,26,128,32,64,0.5,top_attention_kept_only,0.43877684165412784,0.973596609727365,0.5471150218178096,0.125
11,26,128,32,64,0.5,top_attention_plus_mean_moment,0.026992763720761113,0.999816857016766,0.5471150218178096,0.125
11,26,128,32,64,0.5,top_attention_plus_first_order_moment,0.001020528135976553,0.9999997301084,0.5471150218178096,0.125
11,26,128,32,64,0.5,random_kept_only,0.176317539114025,0.9843666430123056,0.5009835666290915,0.34375
11,26,128,32,64,0.5,random_plus_first_order_moment,0.002238331449718528,0.9999987967002385,0.5009835666290915,0.34375
11,26,128,32,64,0.5,value_norm_kept_only,0.3377068213747777,0.9889119095945227,0.5157579373779939,0.328125
11,27,128,32,64,0.5,top_attention_kept_only,0.42716337450473857,0.9809657835819828,0.5411189745752386,0.125
11,27,128,32,64,0.5,top_attention_plus_mean_moment,0.025661081539298403,0.999878891167172,0.5411189745752386,0.125
11,27,128,32,64,0.5,top_attention_plus_first_order_moment,0.0011804870573057093,0.9999997548337866,0.5411189745752386,0.125
11,27,128,32,64,0.5,random_kept_only,0.19892075527559416,0.9812906776530274,0.5010787321084282,0.359375
11,27,128,32,64,0.5,random_plus_first_order_moment,0.001914430785547733,0.9999993785361553,0.5010787321084282,0.359375
11,27,128,32,64,0.5,value_norm_kept_only,0.3893222520957065,0.9896793657173207,0.5198469286052829,0.25
11,28,128,32,64,0.5,top_attention_kept_only,0.43434683929455314,0.9802518179164004,0.5420860839076982,0.1875
11,28,128,32,64,0.5,top_attention_plus_mean_moment,0.024572092265007766,0.9998285945820464,0.5420860839076982,0.1875
11,28,128,32,64,0.5,top_attention_plus_first_order_moment,0.0010824607888153563,0.9999997381178185,0.5420860839076982,0.1875
11,28,128,32,64,0.5,random_kept_only,0.1310701001001192,0.9916325222852227,0.5016882245787819,0.390625
11,28,128,32,64,0.5,random_plus_first_order_moment,0.0019563470545848477,0.9999989272537453,0.5016882245787819,0.390625
11,28,128,32,64,0.5,value_norm_kept_only,0.3087650905599055,0.9882123693085408,0.5129865359266492,0.28125
11,29,128,32,64,0.5,top_attention_kept_only,0.4152362549762546,0.9709411931381842,0.5376089551579055,0.140625
11,29,128,32,64,0.5,top_attention_plus_mean_moment,0.022901750249864235,0.9998884440364016,0.5376089551579055,0.140625
11,29,128,32,64,0.5,top_attention_plus_first_order_moment,0.0008349070249642118,0.9999998103852884,0.5376089551579055,0.140625
11,29,128,32,64,0.5,random_kept_only,0.15795524132055258,0.9874567990897424,0.4999448227422546,0.3125
11,29,128,32,64,0.5,random_plus_first_order_moment,0.001939253477591801,0.9999991218056686,0.4999448227422546,0.3125
11,29,128,32,64,0.5,value_norm_kept_only,0.33587979666932327,0.9910044225907069,0.5120366912763604,0.25
11,30,128,32,64,0.5,top_attention_kept_only,0.37853491010322377,0.9810563766334796,0.5415162422699964,0.171875
11,30,128,32,64,0.5,top_attention_plus_mean_moment,0.022791672685271748,0.9998761185830753,0.5415162422699964,0.171875
11,30,128,32,64,0.5,top_attention_plus_first_order_moment,0.0008400776668599534,0.999999846668505,0.5415162422699964,0.171875
11,30,128,32,64,0.5,random_kept_only,0.1795914279925173,0.9839814975085501,0.4977271877820593,0.40625
11,30,128,32,64,0.5,random_plus_first_order_moment,0.00161120410551139,0.9999994467376386,0.4977271877820593,0.40625
11,30,128,32,64,0.5,value_norm_kept_only,0.38109233699274275,0.988273991514884,0.5157851839403339,0.28125
11,31,128,32,64,0.5,top_attention_kept_only,0.45607725828474466,0.9797974222524832,0.541462002826345,0.140625
11,31,128,32,64,0.5,top_attention_plus_mean_moment,0.029769509836168405,0.9998114048614318,0.541462002826345,0.140625
11,31,128,32,64,0.5,top_attention_plus_first_order_moment,0.0010330758458963734,0.9999997883047981,0.541462002826345,0.140625
11,31,128,32,64,0.5,random_kept_only,0.14740115361205175,0.9899915811299792,0.5003241273783847,0.40625
11,31,128,32,64,0.5,random_plus_first_order_moment,0.0024244361318506175,0.999998850541396,0.5003241273783847,0.40625
11,31,128,32,64,0.5,value_norm_kept_only,0.4768522486595855,0.9840920710080224,0.525034816653972,0.234375
11,32,128,32,64,0.5,top_attention_kept_only,0.465039717413155,0.9764132573522687,0.5414720941384694,0.125
11,32,128,32,64,0.5,top_attention_plus_mean_moment,0.025855749955622682,0.9998241597350713,0.5414720941384694,0.125
11,32,128,32,64,0.5,top_attention_plus_first_order_moment,0.001062255430765975,0.9999997564033707,0.5414720941384694,0.125
11,32,128,32,64,0.5,random_kept_only,0.16599472425453934,0.9863839895482077,0.4972495728570666,0.3125
11,32,128,32,64,0.5,random_plus_first_order_moment,0.0020869884310732506,0.9999990268928741,0.4972495728570666,0.3125
11,32,128,32,64,0.5,value_norm_kept_only,0.47644757106681757,0.9807220566824368,0.5257941713034472,0.203125
11,33,128,32,64,0.5,top_attention_kept_only,0.44428861467473635,0.9743813150454809,0.5381967456397462,0.078125
11,33,128,32,64,0.5,top_attention_plus_mean_moment,0.02685174555307458,0.9998364053061657,0.5381967456397462,0.078125
11,33,128,32,64,0.5,top_attention_plus_first_order_moment,0.0011564557394697955,0.9999996462137273,0.5381967456397462,0.078125
11,33,128,32,64,0.5,random_kept_only,0.15699716217303147,0.9879247086146519,0.4981888751021617,0.328125
11,33,128,32,64,0.5,random_plus_first_order_moment,0.00196446506791198,0.999999101837089,0.4981888751021617,0.328125
11,33,128,32,64,0.5,value_norm_kept_only,0.4051681630551024,0.9892977723024119,0.5188851128364431,0.171875
11,34,128,32,64,0.5,top_attention_kept_only,0.4013097803442133,0.976046338208055,0.5402298440694334,0.140625
11,34,128,32,64,0.5,top_attention_plus_mean_moment,0.028656803443918685,0.9998129539968968,0.5402298440694334,0.140625
11,34,128,32,64,0.5,top_attention_plus_first_order_moment,0.0008817254326071008,0.9999997932799423,0.5402298440694334,0.140625
11,34,128,32,64,0.5,random_kept_only,0.18502247076665287,0.9831045670705851,0.5002081514877005,0.40625
11,34,128,32,64,0.5,random_plus_first_order_moment,0.0019874156898059426,0.9999990453078663,0.5002081514877005,0.40625
11,34,128,32,64,0.5,value_norm_kept_only,0.32527861978048017,0.9852088937750605,0.5143990662579387,0.265625
11,35,128,32,64,0.5,top_attention_kept_only,0.4261878760780093,0.9840930491344969,0.5389587434450491,0.109375
11,35,128,32,64,0.5,top_attention_plus_mean_moment,0.025310047245722504,0.9998910533315719,0.5389587434450491,0.109375
11,35,128,32,64,0.5,top_attention_plus_first_order_moment,0.0010441179809335503,0.9999998732977157,0.5389587434450491,0.109375
11,35,128,32,64,0.5,random_kept_only,0.1839523531508485,0.9831924000703317,0.4985498488945175,0.296875
11,35,128,32,64,0.5,random_plus_first_order_moment,0.0019366731808767275,0.9999995495319626,0.4985498488945175,0.296875
11,35,128,32,64,0.5,value_norm_kept_only,0.38682355026901377,0.989944389221374,0.5169371017938029,0.234375
11,36,128,32,64,0.5,top_attention_kept_only,0.4341619212035802,0.977590745981748,0.5395666793888243,0.109375
11,36,128,32,64,0.5,top_attention_plus_mean_moment,0.022780004143703944,0.9998964152884763,0.5395666793888243,0.109375
11,36,128,32,64,0.5,top_attention_plus_first_order_moment,0.001027962011867308,0.9999998020641252,0.5395666793888243,0.109375
11,36,128,32,64,0.5,random_kept_only,0.16674486534143954,0.9868851905448948,0.5042369997967465,0.34375
11,36,128,32,64,0.5,random_plus_first_order_moment,0.0014317531841355727,0.9999995410980708,0.5042369997967465,0.34375
11,36,128,32,64,0.5,value_norm_kept_only,0.4058613722314431,0.9868272882456337,0.5193491518076941,0.21875
11,37,128,32,64,0.5,top_attention_kept_only,0.45615705176002636,0.9746829627560376,0.5412429578621301,0.140625
11,37,128,32,64,0.5,top_attention_plus_mean_moment,0.029354217185963025,0.9997690103157052,0.5412429578621301,0.140625
11,37,128,32,64,0.5,top_attention_plus_first_order_moment,0.001268820539867489,0.9999995996444606,0.5412429578621301,0.140625
11,37,128,32,64,0.5,random_kept_only,0.1365766464009549,0.9912840966456301,0.5057645039046628,0.328125
11,37,128,32,64,0.5,random_plus_first_order_moment,0.0022316414611201416,0.9999986847212247,0.5057645039046628,0.328125
11,37,128,32,64,0.5,value_norm_kept_only,0.3116018588367665,0.9915015995930354,0.5164242307663959,0.328125
11,38,128,32,64,0.5,top_attention_kept_only,0.4026422961515664,0.9804337687222096,0.5413709980709277,0.1875
11,38,128,32,64,0.5,top_attention_plus_mean_moment,0.02486549353400372,0.9998886344805165,0.5413709980709277,0.1875
11,38,128,32,64,0.5,top_attention_plus_first_order_moment,0.000956144027189022,0.9999997939915444,0.5413709980709277,0.1875
11,38,128,32,64,0.5,random_kept_only,0.1452938921548112,0.9902166260659534,0.5022397058329299,0.265625
11,38,128,32,64,0.5,random_plus_first_order_moment,0.0022506988427500978,0.9999988475196787,0.5022397058329299,0.265625
11,38,128,32,64,0.5,value_norm_kept_only,0.3902668873721336,0.9854883436839298,0.5176435810409156,0.203125
11,39,128,32,64,0.5,top_attention_kept_only,0.4622999019258171,0.9735874152850251,0.5391853968145601,0.171875
11,39,128,32,64,0.5,top_attention_plus_mean_moment,0.026312395940460455,0.9998025438908991,0.5391853968145601,0.171875
11,39,128,32,64,0.5,top_attention_plus_first_order_moment,0.0012081163393329773,0.9999995925141575,0.5391853968145601,0.171875
11,39,128,32,64,0.5,random_kept_only,0.17767108385260597,0.9888256936026163,0.5108736470933872,0.359375
11,39,128,32,64,0.5,random_plus_first_order_moment,0.0022056418320434727,0.999998465790835,0.5108736470933872,0.359375
11,39,128,32,64,0.5,value_norm_kept_only,0.3806120471698636,0.986272982585897,0.5186444011226354,0.25
11,0,128,32,8,1.5,top_attention_kept_only,0.6912294201483437,0.8001218811747584,0.07111096983123483,0.0
11,0,128,32,8,1.5,top_attention_plus_mean_moment,0.07635550023024062,0.9970854358445064,0.07111096983123483,0.0
11,0,128,32,8,1.5,top_attention_plus_first_order_moment,0.003800115004314298,0.9999928653342888,0.07111096983123483,0.0
11,0,128,32,8,1.5,random_kept_only,0.6286665117325941,0.8338565632464966,0.06393964879207108,0.125
11,0,128,32,8,1.5,random_plus_first_order_moment,0.004066712103253258,0.9999918740340284,0.06393964879207108,0.125
11,0,128,32,8,1.5,value_norm_kept_only,1.510181478315586,0.5668772867184863,0.056489147289445915,0.875
11,1,128,32,8,1.5,top_attention_kept_only,0.7253186354606993,0.811755811450166,0.07172988209522806,0.0
11,1,128,32,8,1.5,top_attention_plus_mean_moment,0.07699540947789156,0.9970357304397793,0.07172988209522806,0.0
11,1,128,32,8,1.5,top_attention_plus_first_order_moment,0.0038138404284946033,0.9999927655324647,0.07172988209522806,0.0
11,1,128,32,8,1.5,random_kept_only,0.6834999288104094,0.8094201192690099,0.06044715956277493,0.5
11,1,128,32,8,1.5,random_plus_first_order_moment,0.003975775194107337,0.9999921647993203,0.06044715956277493,0.5
11,1,128,32,8,1.5,value_norm_kept_only,1.6352131966954442,0.577788751838329,0.056350457675441126,0.875
11,2,128,32,8,1.5,top_attention_kept_only,0.9361822333510018,0.710855501676765,0.07132866487434712,0.0
11,2,128,32,8,1.5,top_attention_plus_mean_moment,0.07794567863043872,0.9969670258953851,0.07132866487434712,0.0
11,2,128,32,8,1.5,top_attention_plus_first_order_moment,0.003927834887347205,0.9999923959842009,0.07132866487434712,0.0
11,2,128,32,8,1.5,random_kept_only,0.4675115769584562,0.907990517197324,0.06218193690493207,0.375
11,2,128,32,8,1.5,random_plus_first_order_moment,0.004147474621572084,0.9999915464291743,0.06218193690493207,0.375
11,2,128,32,8,1.5,value_norm_kept_only,1.6246084738295155,0.5203129235992857,0.0554579447820535,0.875
11,3,128,32,8,1.5,top_attention_kept_only,0.9192027317044373,0.7488184306596808,0.07107882215295844,0.0
11,3,128,32,8,1.5,top_attention_plus_mean_moment,0.08159938604048937,0.9966705152252554,0.07107882215295844,0.0
11,3,128,32,8,1.5,top_attention_plus_first_order_moment,0.0041776295488469535,0.9999914098250986,0.07107882215295844,0.0
11,3,128,32,8,1.5,random_kept_only,0.5332193342501481,0.901378954929242,0.06302469049051224,0.25
11,3,128,32,8,1.5,random_plus_first_order_moment,0.004302563403547921,0.9999908824148994,0.06302469049051224,0.25
11,3,128,32,8,1.5,value_norm_kept_only,2.0848821555725947,0.3964031410290335,0.05504768846109428,1.0
11,4,128,32,8,1.5,top_attention_kept_only,0.69855856436776,0.8270282238428669,0.07096724930261919,0.0
11,4,128,32,8,1.5,top_attention_plus_mean_moment,0.07979125476883316,0.9968116919271992,0.07096724930261919,0.0
11,4,128,32,8,1.5,top_attention_plus_first_order_moment,0.003804734634036209,0.9999927869242107,0.07096724930261919,0.0
11,4,128,32,8,1.5,random_kept_only,0.4444183550456623,0.9228753502650242,0.06241114703863851,0.25
11,4,128,32,8,1.5,random_plus_first_order_moment,0.004150312131435064,0.9999914212804127,0.06241114703863851,0.25
11,4,128,32,8,1.5,value_norm_kept_only,1.6057357966653258,0.5508593483996389,0.055736397761890086,0.875
11,5,128,32,8,1.5,top_attention_kept_only,0.733800462178062,0.7936341560708047,0.07145571559732077,0.0
11,5,128,32,8,1.5,top_attention_plus_mean_moment,0.08087358526258102,0.9967346411683774,0.07145571559732077,0.0
11,5,128,32,8,1.5,top_attention_plus_first_order_moment,0.004170381364044731,0.9999913016350365,0.07145571559732077,0.0
11,5,128,32,8,1.5,random_kept_only,0.5926970818898509,0.8806620861731894,0.06342581692171795,0.25
11,5,128,32,8,1.5,random_plus_first_order_moment,0.004361366977247795,0.9999904907644157,0.06342581692171795,0.25
11,5,128,32,8,1.5,value_norm_kept_only,1.6942713605185655,0.5943247327362019,0.05483558241243979,0.875
11,6,128,32,8,1.5,top_attention_kept_only,0.6980677937800608,0.8544897931333404,0.07191488056675108,0.0
11,6,128,32,8,1.5,top_attention_plus_mean_moment,0.08113901801144124,0.9967035421281362,0.07191488056675108,0.0
11,6,128,32,8,1.5,top_attention_plus_first_order_moment,0.004252166118168659,0.9999910113712503,0.07191488056675108,0.0
11,6,128,32,8,1.5,random_kept_only,0.6241855765295018,0.8868318435123997,0.06358223422219986,0.375
11,6,128,32,8,1.5,random_plus_first_order_moment,0.004223154894312367,0.9999912040153243,0.06358223422219986,0.375
11,6,128,32,8,1.5,value_norm_kept_only,1.6438820989095113,0.5578190426203915,0.05463687796799513,0.875
11,7,128,32,8,1.5,top_attention_kept_only,0.7885764074008552,0.7781297244413821,0.07115522653641271,0.0
11,7,128,32,8,1.5,top_attention_plus_mean_moment,0.07842716285761608,0.9969208395343646,0.07115522653641271,0.0
11,7,128,32,8,1.5,top_attention_plus_first_order_moment,0.004059085937809677,0.9999917712143954,0.07115522653641271,0.0
11,7,128,32,8,1.5,random_kept_only,0.46279724822332774,0.8989984790436997,0.06264659273078824,0.25
11,7,128,32,8,1.5,random_plus_first_order_moment,0.004330585195780118,0.9999906389479423,0.06264659273078824,0.25
11,7,128,32,8,1.5,value_norm_kept_only,1.816415093559603,0.5553680867399455,0.053311745513605936,1.0
11,8,128,32,8,1.5,top_attention_kept_only,0.7357261178325412,0.8368844900769181,0.07185368206882523,0.0
11,8,128,32,8,1.5,top_attention_plus_mean_moment,0.09080093929871859,0.9958743984281675,0.07185368206882523,0.0
11,8,128,32,8,1.5,top_attention_plus_first_order_moment,0.004750945608001675,0.9999889696063637,0.07185368206882523,0.0
11,8,128,32,8,1.5,random_kept_only,0.4961723754299234,0.9060906600632119,0.06313027745724492,0.25
11,8,128,32,8,1.5,random_plus_first_order_moment,0.00494796636216894,0.9999880427307543,0.06313027745724492,0.25
11,8,128,32,8,1.5,value_norm_kept_only,1.3641449931674994,0.6684225219421304,0.05744557916561417,0.75
11,9,128,32,8,1.5,top_attention_kept_only,0.7745379555942766,0.8215508159177622,0.07171288457859999,0.0
11,9,128,32,8,1.5,top_attention_plus_mean_moment,0.08081718470210629,0.9967306878422562,0.07171288457859999,0.0
11,9,128,32,8,1.5,top_attention_plus_first_order_moment,0.004046631173184297,0.9999918266837505,0.07171288457859999,0.0
11,9,128,32,8,1.5,random_kept_only,0.49913058710588326,0.9017020801084256,0.06394636591291927,0.25
11,9,128,32,8,1.5,random_plus_first_order_moment,0.004237922139686897,0.9999910388375607,0.06394636591291927,0.25
11,9,128,32,8,1.5,value_norm_kept_only,1.6522399550715352,0.5559130243629546,0.056446257238623745,0.875
11,10,128,32,8,1.5,top_attention_kept_only,0.6996612483008752,0.8225405802496828,0.07115059880558552,0.0
11,10,128,32,8,1.5,top_attention_plus_mean_moment,0.08618497753231211,0.9962792557601079,0.07115059880558552,0.0
11,10,128,32,8,1.5,top_attention_plus_first_order_moment,0.004788001416181217,0.9999886181320078,0.07115059880558552,0.0
11,10,128,32,8,1.5,random_kept_only,0.4575963403558545,0.9169427841969834,0.06427459833252286,0.25
11,10,128,32,8,1.5,random_plus_first_order_moment,0.005092530707905828,0.9999871371672446,0.06427459833252286,0.25
11,10,128,32,8,1.5,value_norm_kept_only,2.0715573737914585,0.39920045371611423,0.05153725198014898,1.0
11,11,128,32,8,1.5,top_attention_kept_only,0.7374616799863684,0.8493517300472059,0.07058830356691127,0.0
11,11,128,32,8,1.5,top_attention_plus_mean_moment,0.08759118439564466,0.9961652478729218,0.07058830356691127,0.0
11,11,128,32,8,1.5,top_attention_plus_first_order_moment,0.004572125362519651,0.9999897641204709,0.07058830356691127,0.0
11,11,128,32,8,1.5,random_kept_only,0.7129858222035708,0.7956515253153996,0.060484180673797155,0.375
11,11,128,32,8,1.5,random_plus_first_order_moment,0.004723750596605561,0.9999890093188781,0.060484180673797155,0.375
11,11,128,32,8,1.5,value_norm_kept_only,2.12014292586329,0.38605114256666656,0.0529596626912489,1.0
11,12,128,32,8,1.5,top_attention_kept_only,0.8626188340593423,0.7778641434067868,0.07159040803409297,0.0
11,12,128,32,8,1.5,top_attention_plus_mean_moment,0.08602894211348926,0.996329299338552,0.07159040803409297,0.0
11,12,128,32,8,1.5,top_attention_plus_first_order_moment,0.004515983060118239,0.9999899156573713,0.07159040803409297,0.0
11,12,128,32,8,1.5,random_kept_only,0.5760015917532636,0.8596162300785494,0.06095823783148201,0.5
11,12,128,32,8,1.5,random_plus_first_order_moment,0.004690099283649223,0.9999891997222564,0.06095823783148201,0.5
11,12,128,32,8,1.5,value_norm_kept_only,1.9939759290243928,0.3546896619752612,0.054984147738466924,1.0
11,13,128,32,8,1.5,top_attention_kept_only,0.786130907446078,0.7902324232907583,0.07145044509876969,0.0
11,13,128,32,8,1.5,top_attention_plus_mean_moment,0.0773032108290768,0.9970175945059943,0.07145044509876969,0.0
11,13,128,32,8,1.5,top_attention_plus_first_order_moment,0.003796079437653553,0.9999928935134336,0.07145044509876969,0.0
11,13,128,32,8,1.5,random_kept_only,0.5740510745199597,0.8904838835003844,0.061042161501702566,0.375
11,13,128,32,8,1.5,random_plus_first_order_moment,0.0039719458583328,0.9999922853625156,0.061042161501702566,0.375
11,13,128,32,8,1.5,value_norm_kept_only,1.5093328236628818,0.541099600481389,0.05568320751421217,0.875
11,14,128,32,8,1.5,top_attention_kept_only,0.7310306345807114,0.8178409320975918,0.07249505955489988,0.0
11,14,128,32,8,1.5,top_attention_plus_mean_moment,0.08187329439611646,0.9966688903614543,0.07249505955489988,0.0
11,14,128,32,8,1.5,top_attention_plus_first_order_moment,0.004350731335222728,0.9999908313099163,0.07249505955489988,0.0
11,14,128,32,8,1.5,random_kept_only,0.8669254771782613,0.7306020719048286,0.05752441135882336,0.625
11,14,128,32,8,1.5,random_plus_first_order_moment,0.0044759049250793015,0.9999902872421628,0.05752441135882336,0.625
11,14,128,32,8,1.5,value_norm_kept_only,1.6174941492375436,0.4447422071402896,0.05620759707851841,0.875
11,15,128,32,8,1.5,top_attention_kept_only,0.8498712965858816,0.8346256316384154,0.07130828095342971,0.0
11,15,128,32,8,1.5,top_attention_plus_mean_moment,0.08528705038133268,0.9963586474716104,0.07130828095342971,0.0
11,15,128,32,8,1.5,top_attention_plus_first_order_moment,0.004137933411744876,0.9999916239495652,0.07130828095342971,0.0
11,15,128,32,8,1.5,random_kept_only,0.583855821449141,0.9274011714012657,0.06427946211932942,0.125
11,15,128,32,8,1.5,random_plus_first_order_moment,0.004440165546554599,0.9999903336996399,0.06427946211932942,0.125
11,15,128,32,8,1.5,value_norm_kept_only,2.081834824955778,0.39107129126679796,0.05447759246284035,1.0
11,16,128,32,8,1.5,top_attention_kept_only,0.7168607776026129,0.8493751129858392,0.07041527439066057,0.0
11,16,128,32,8,1.5,top_attention_plus_mean_moment,0.07942357774968634,0.9968443828925706,0.07041527439066057,0.0
11,16,128,32,8,1.5,top_attention_plus_first_order_moment,0.00410756537122062,0.9999917333748148,0.07041527439066057,0.0
11,16,128,32,8,1.5,random_kept_only,0.6327014362661217,0.8885836701646834,0.06417193584632619,0.125
11,16,128,32,8,1.5,random_plus_first_order_moment,0.004235958136018887,0.9999912042046072,0.06417193584632619,0.125
11,16,128,32,8,1.5,value_norm_kept_only,1.2694121541216947,0.728357467532536,0.056557153866104895,0.75
11,17,128,32,8,1.5,top_attention_kept_only,0.8889072515199387,0.7790227117124497,0.07214722475156556,0.0
11,17,128,32,8,1.5,top_attention_plus_mean_moment,0.08724043479942244,0.996202180847465,0.07214722475156556,0.0
11,17,128,32,8,1.5,top_attention_plus_first_order_moment,0.0045135394838091356,0.9999899859580682,0.07214722475156556,0.0
11,17,128,32,8,1.5,random_kept_only,0.5781375457679115,0.8526762035880884,0.06271268345958322,0.25
11,17,128,32,8,1.5,random_plus_first_order_moment,0.004471938699405051,0.9999901948614902,0.06271268345958322,0.25
11,17,128,32,8,1.5,value_norm_kept_only,1.6863129696306822,0.5028883804849725,0.05585742189390744,0.875
11,18,128,32,8,1.5,top_attention_kept_only,0.7454568884656971,0.8445328356930937,0.07107020109208292,0.0
11,18,128,32,8,1.5,top_attention_plus_mean_moment,0.089297109843942,0.9960092995599731,0.07107020109208292,0.0
11,18,128,32,8,1.5,top_attention_plus_first_order_moment,0.004806713466653258,0.9999886103286215,0.07107020109208292,0.0
11,18,128,32,8,1.5,random_kept_only,0.7514966984941184,0.8198415481906483,0.0601031813391615,0.5
11,18,128,32,8,1.5,random_plus_first_order_moment,0.0051884026766347595,0.9999867317483917,0.0601031813391615,0.5
11,18,128,32,8,1.5,value_norm_kept_only,2.057128771549471,0.41343424968159875,0.053899132522187726,1.0
11,19,128,32,8,1.5,top_attention_kept_only,0.7178112032720928,0.7979278062350167,0.07262939059128132,0.0
11,19,128,32,8,1.5,top_attention_plus_mean_moment,0.0815733093030743,0.9966792279878982,0.07262939059128132,0.0
11,19,128,32,8,1.5,top_attention_plus_first_order_moment,0.00419871650344135,0.9999914028845558,0.07262939059128132,0.0
11,19,128,32,8,1.5,random_kept_only,0.8217232516348257,0.8114095809977127,0.06514371048634376,0.0
11,19,128,32,8,1.5,random_plus_first_order_moment,0.004501561213299694,0.9999901826056128,0.06514371048634376,0.0
11,19,128,32,8,1.5,value_norm_kept_only,2.0159497271210505,0.40205430087780636,0.05336969231791126,1.0
11,20,128,32,8,1.5,top_attention_kept_only,0.5763099765173552,0.8806873771538439,0.07132551096892276,0.0
11,20,128,32,8,1.5,top_attention_plus_mean_moment,0.08260543230824283,0.9965866004212965,0.07132551096892276,0.0
11,20,128,32,8,1.5,top_attention_plus_first_order_moment,0.0046765504148819255,0.9999892091676756,0.07132551096892276,0.0
11,20,128,32,8,1.5,random_kept_only,0.506135735683724,0.8891782362983065,0.06343061391209047,0.25
11,20,128,32,8,1.5,random_plus_first_order_moment,0.004932354501077827,0.9999879673895693,0.06343061391209047,0.25
11,20,128,32,8,1.5,value_norm_kept_only,1.8239301862183295,0.44785067161449915,0.052369260640019316,1.0
11,21,128,32,8,1.5,top_attention_kept_only,0.8065191636461885,0.7997748829342449,0.0722982626927971,0.0
11,21,128,32,8,1.5,top_attention_plus_mean_moment,0.08462719745525318,0.9964131518508192,0.0722982626927971,0.0
11,21,128,32,8,1.5,top_attention_plus_first_order_moment,0.004693916949137594,0.9999890182390192,0.0722982626927971,0.0
11,21,128,32,8,1.5,random_kept_only,0.6431326950485275,0.8866330938578341,0.06320221008497019,0.25
11,21,128,32,8,1.5,random_plus_first_order_moment,0.0050296964327003115,0.9999874200961397,0.06320221008497019,0.25
11,21,128,32,8,1.5,value_norm_kept_only,2.0305434515844136,0.4706589355857609,0.05325234238231728,1.0
11,22,128,32,8,1.5,top_attention_kept_only,0.7513037121131926,0.8611324832884657,0.0730849401727273,0.0
11,22,128,32,8,1.5,top_attention_plus_mean_moment,0.0828720981555131,0.9965636042740595,0.0730849401727273,0.0
11,22,128,32,8,1.5,top_attention_plus_first_order_moment,0.004248788640888848,0.9999911897799434,0.0730849401727273,0.0
11,22,128,32,8,1.5,random_kept_only,0.6596891578884231,0.8547555964925716,0.06271175960493312,0.25
11,22,128,32,8,1.5,random_plus_first_order_moment,0.004512706320423015,0.9999899971347854,0.06271175960493312,0.25
11,22,128,32,8,1.5,value_norm_kept_only,1.6453286095166526,0.5068986040441636,0.05568156574588556,0.875
11,23,128,32,8,1.5,top_attention_kept_only,0.8042946507640514,0.7613319501656824,0.07085435118866266,0.0
11,23,128,32,8,1.5,top_attention_plus_mean_moment,0.07597681182677078,0.9971260984131962,0.07085435118866266,0.0
11,23,128,32,8,1.5,top_attention_plus_first_order_moment,0.003862690025787837,0.9999926617119692,0.07085435118866266,0.0
11,23,128,32,8,1.5,random_kept_only,0.494708744762339,0.9290917995061752,0.06382105638272276,0.25
11,23,128,32,8,1.5,random_plus_first_order_moment,0.004090579127585586,0.999991823474487,0.06382105638272276,0.25
11,23,128,32,8,1.5,value_norm_kept_only,1.5249315830353969,0.621331586249194,0.0563172523272997,0.875
11,24,128,32,8,1.5,top_attention_kept_only,0.7603954179503408,0.8317433480928487,0.07212250236347928,0.0
11,24,128,32,8,1.5,top_attention_plus_mean_moment,0.0879162283275275,0.996134870034958,0.07212250236347928,0.0
11,24,128,32,8,1.5,top_attention_plus_first_order_moment,0.005066745053999627,0.9999873350894549,0.07212250236347928,0.0
11,24,128,32,8,1.5,random_kept_only,0.8568896605261215,0.7763101283942658,0.06793202470246118,0.0
11,24,128,32,8,1.5,random_plus_first_order_moment,0.005275778992885892,0.9999862473427666,0.06793202470246118,0.0
11,24,128,32,8,1.5,value_norm_kept_only,1.5071602343619372,0.5907697178667728,0.05576594860802319,0.875
11,25,128,32,8,1.5,top_attention_kept_only,0.8108490580270205,0.7608206070297615,0.07145180111361875,0.0
11,25,128,32,8,1.5,top_attention_plus_mean_moment,0.08298093612828471,0.9965587906368836,0.07145180111361875,0.0
11,25,128,32,8,1.5,top_attention_plus_first_order_moment,0.004225263231890325,0.999991160672521,0.07145180111361875,0.0
11,25,128,32,8,1.5,random_kept_only,0.6367458488287796,0.8668573671388475,0.06433073182244461,0.125
11,25,128,32,8,1.5,random_plus_first_order_moment,0.00443783766719653,0.999990302816447,0.06433073182244461,0.125
11,25,128,32,8,1.5,value_norm_kept_only,1.708119959641958,0.467751167171142,0.054170873075312334,0.875
11,26,128,32,8,1.5,top_attention_kept_only,0.695573362489559,0.8509509992655768,0.07143143691207496,0.0
11,26,128,32,8,1.5,top_attention_plus_mean_moment,0.07784864069008983,0.9969651982301126,0.07143143691207496,0.0
11,26,128,32,8,1.5,top_attention_plus_first_order_moment,0.003759250974018695,0.9999930198429015,0.07143143691207496,0.0
11,26,128,32,8,1.5,random_kept_only,0.7271506250647266,0.8164453435536417,0.05918618411366743,0.5
11,26,128,32,8,1.5,random_plus_first_order_moment,0.003850576478906711,0.9999926667015447,0.05918618411366743,0.5
11,26,128,32,8,1.5,value_norm_kept_only,1.5750849144856913,0.6057868977560398,0.055846980535110766,0.875
11,27,128,32,8,1.5,top_attention_kept_only,0.8457410042654822,0.860158863829918,0.07105435299381385,0.0
11,27,128,32,8,1.5,top_attention_plus_mean_moment,0.08450335165077152,0.9964434998238062,0.07105435299381385,0.0
11,27,128,32,8,1.5,top_attention_plus_first_order_moment,0.004259831357217193,0.999991137078938,0.07105435299381385,0.0
11,27,128,32,8,1.5,random_kept_only,0.695981487325596,0.8688986805543958,0.06260446103398717,0.25
11,27,128,32,8,1.5,random_plus_first_order_moment,0.004599677905447003,0.9999896584385647,0.06260446103398717,0.25
11,27,128,32,8,1.5,value_norm_kept_only,2.1140442054751643,0.35991316587691663,0.05426839686936691,1.0
11,28,128,32,8,1.5,top_attention_kept_only,0.694904423247307,0.8615857727261175,0.07137620409956325,0.0
11,28,128,32,8,1.5,top_attention_plus_mean_moment,0.07693286391673447,0.9970391115764816,0.07137620409956325,0.0
11,28,128,32,8,1.5,top_attention_plus_first_order_moment,0.003734997946871689,0.9999931399858233,0.07137620409956325,0.0
11,28,128,32,8,1.5,random_kept_only,0.7352612370481004,0.806958729740239,0.0636884742654461,0.125
11,28,128,32,8,1.5,random_plus_first_order_moment,0.004084526770735323,0.9999917708040651,0.0636884742654461,0.125
11,28,128,32,8,1.5,value_norm_kept_only,1.9617653090036602,0.3473912153126004,0.05271951951244973,1.0
11,29,128,32,8,1.5,top_attention_kept_only,0.759687982638828,0.8051987650611775,0.07055261856746303,0.0
11,29,128,32,8,1.5,top_attention_plus_mean_moment,0.0857930884786547,0.9963194732178401,0.07055261856746303,0.0
11,29,128,32,8,1.5,top_attention_plus_first_order_moment,0.004071516099644085,0.9999918486382126,0.07055261856746303,0.0
11,29,128,32,8,1.5,random_kept_only,0.5934450692001082,0.8983151490691191,0.06481286776941617,0.125
11,29,128,32,8,1.5,random_plus_first_order_moment,0.0042641192672481865,0.9999910807804201,0.06481286776941617,0.125
11,29,128,32,8,1.5,value_norm_kept_only,1.9962550053176995,0.4215288378422083,0.05415798263828156,1.0
11,30,128,32,8,1.5,top_attention_kept_only,0.7491135075720292,0.8270518188704079,0.07122160400111031,0.125
11,30,128,32,8,1.5,top_attention_plus_mean_moment,0.08356332567718794,0.9965025109968577,0.07122160400111031,0.125
11,30,128,32,8,1.5,top_attention_plus_first_order_moment,0.00423707989685565,0.9999911132588108,0.07122160400111031,0.125
11,30,128,32,8,1.5,random_kept_only,0.5259907763779839,0.8583464275957758,0.06099473504768594,0.375
11,30,128,32,8,1.5,random_plus_first_order_moment,0.004413640493199476,0.9999903182254513,0.06099473504768594,0.375
11,30,128,32,8,1.5,value_norm_kept_only,1.574726833917289,0.6207447453877348,0.054528581363416165,0.875
11,31,128,32,8,1.5,top_attention_kept_only,0.6641771009852733,0.8586505237275004,0.07102041204894725,0.0
11,31,128,32,8,1.5,top_attention_plus_mean_moment,0.07791050230092343,0.9969745254480652,0.07102041204894725,0.0
11,31,128,32,8,1.5,top_attention_plus_first_order_moment,0.003998675379093887,0.9999922262116138,0.07102041204894725,0.0
11,31,128,32,8,1.5,random_kept_only,0.7206473495461102,0.8552351873646903,0.06309522075510049,0.375
11,31,128,32,8,1.5,random_plus_first_order_moment,0.004226823479774461,0.9999913340892715,0.06309522075510049,0.375
11,31,128,32,8,1.5,value_norm_kept_only,0.9749155086587187,0.7909280175458397,0.06002599885118755,0.625
11,32,128,32,8,1.5,top_attention_kept_only,0.8054638504939579,0.7912088376520203,0.07101666757801244,0.0
11,32,128,32,8,1.5,top_attention_plus_mean_moment,0.08538753762720518,0.9963562194186405,0.07101666757801244,0.0
11,32,128,32,8,1.5,top_attention_plus_first_order_moment,0.004808874712478386,0.9999884737507917,0.07101666757801244,0.0
11,32,128,32,8,1.5,random_kept_only,0.7911948884364818,0.817368915320864,0.06627664639099606,0.0
11,32,128,32,8,1.5,random_plus_first_order_moment,0.0050440015368770985,0.999987319535623,0.06627664639099606,0.0
11,32,128,32,8,1.5,value_norm_kept_only,1.8654397333683856,0.5299803808909337,0.05311003933966622,1.0
11,33,128,32,8,1.5,top_attention_kept_only,0.8835425399884436,0.7375946366985646,0.07134004753720474,0.0
11,33,128,32,8,1.5,top_attention_plus_mean_moment,0.07873264781742441,0.9968975575107936,0.07134004753720474,0.0
11,33,128,32,8,1.5,top_attention_plus_first_order_moment,0.0039476696863471415,0.9999922249672649,0.07134004753720474,0.0
11,33,128,32,8,1.5,random_kept_only,0.6302520046931283,0.8908862210083639,0.06153743240785135,0.375
11,33,128,32,8,1.5,random_plus_first_order_moment,0.0042362390891493625,0.9999910543233582,0.06153743240785135,0.375
11,33,128,32,8,1.5,value_norm_kept_only,2.033267598285061,0.400456630317024,0.0538315612608916,1.0
11,34,128,32,8,1.5,top_attention_kept_only,0.7048043072918444,0.853544138395588,0.0704187932947018,0.0
11,34,128,32,8,1.5,top_attention_plus_mean_moment,0.08591845623273475,0.9963093984186532,0.0704187932947018,0.0
11,34,128,32,8,1.5,top_attention_plus_first_order_moment,0.004631834792463036,0.9999893371839166,0.0704187932947018,0.0
11,34,128,32,8,1.5,random_kept_only,0.5918100946529172,0.8368811260000396,0.06235407662440827,0.375
11,34,128,32,8,1.5,random_plus_first_order_moment,0.004841002017464201,0.9999883370982721,0.06235407662440827,0.375
11,34,128,32,8,1.5,value_norm_kept_only,1.674058944993251,0.5654298597761808,0.054478384379031825,0.875
11,35,128,32,8,1.5,top_attention_kept_only,0.8993379846873467,0.7349561669142588,0.07082420913478271,0.0
11,35,128,32,8,1.5,top_attention_plus_mean_moment,0.07596073557375588,0.9971116319732222,0.07082420913478271,0.0
11,35,128,32,8,1.5,top_attention_plus_first_order_moment,0.003523637957360067,0.9999938051749663,0.07082420913478271,0.0
11,35,128,32,8,1.5,random_kept_only,0.7066668169162614,0.8271353128674479,0.06531213972748376,0.125
11,35,128,32,8,1.5,random_plus_first_order_moment,0.003733796103401905,0.9999930505657652,0.06531213972748376,0.125
11,35,128,32,8,1.5,value_norm_kept_only,1.88938471569555,0.5709580372092111,0.055111949223739215,1.0
11,36,128,32,8,1.5,top_attention_kept_only,0.7956474004791703,0.8442854999555717,0.07149032629492363,0.0
11,36,128,32,8,1.5,top_attention_plus_mean_moment,0.07921201045376478,0.9968597851265997,0.07149032629492363,0.0
11,36,128,32,8,1.5,top_attention_plus_first_order_moment,0.004240662932360893,0.9999911783168814,0.07149032629492363,0.0
11,36,128,32,8,1.5,random_kept_only,0.5247231574793829,0.87804977555406,0.062048101403417974,0.375
11,36,128,32,8,1.5,random_plus_first_order_moment,0.004471952685840672,0.9999901433681353,0.062048101403417974,0.375
11,36,128,32,8,1.5,value_norm_kept_only,1.5960660272049823,0.5342378156914984,0.05568440096532329,0.875
11,37,128,32,8,1.5,top_attention_kept_only,0.9262077868992845,0.7443415579559858,0.07184406142230446,0.0
11,37,128,32,8,1.5,top_attention_plus_mean_moment,0.08406065155248625,0.9964609693984996,0.07184406142230446,0.0
11,37,128,32,8,1.5,top_attention_plus_first_order_moment,0.004561505922293443,0.9999897049527036,0.07184406142230446,0.0
11,37,128,32,8,1.5,random_kept_only,0.7233414218081892,0.7744363271721262,0.06564331226368886,0.125
11,37,128,32,8,1.5,random_plus_first_order_moment,0.004818684590745112,0.9999885190746185,0.06564331226368886,0.125
11,37,128,32,8,1.5,value_norm_kept_only,1.9530680554058855,0.5328423561053477,0.053386692069544536,1.0
11,38,128,32,8,1.5,top_attention_kept_only,1.0061984535686153,0.6463774352747398,0.07027162617499574,0.0
11,38,128,32,8,1.5,top_attention_plus_mean_moment,0.08051943002226075,0.9967676189755238,0.07027162617499574,0.0
11,38,128,32,8,1.5,top_attention_plus_first_order_moment,0.004352197963941401,0.9999906587731692,0.07027162617499574,0.0
11,38,128,32,8,1.5,random_kept_only,0.5667032196804657,0.8687789578610108,0.06322613878662497,0.125
11,38,128,32,8,1.5,random_plus_first_order_moment,0.0044238400453793115,0.9999904622427178,0.06322613878662497,0.125
11,38,128,32,8,1.5,value_norm_kept_only,1.8623581199115007,0.4525225583971765,0.05316052412684007,1.0
11,39,128,32,8,1.5,top_attention_kept_only,0.6059665986386614,0.8791855358751924,0.07190253589486648,0.0
11,39,128,32,8,1.5,top_attention_plus_mean_moment,0.0785553031109121,0.9969185573438147,0.07190253589486648,0.0
11,39,128,32,8,1.5,top_attention_plus_first_order_moment,0.003792637738622842,0.9999929117976686,0.07190253589486648,0.0
11,39,128,32,8,1.5,random_kept_only,0.6589628155380104,0.9150220927351124,0.06276543614212013,0.25
11,39,128,32,8,1.5,random_plus_first_order_moment,0.004093059070985961,0.9999917875473981,0.06276543614212013,0.25
11,39,128,32,8,1.5,value_norm_kept_only,1.6908136254499202,0.5549603787817705,0.05551177029677502,0.875
11,0,128,32,16,1.5,top_attention_kept_only,0.7766096898045703,0.8229608354347885,0.14085250739634403,0.0
11,0,128,32,16,1.5,top_attention_plus_mean_moment,0.07585740525043211,0.9971211010877589,0.14085250739634403,0.0
11,0,128,32,16,1.5,top_attention_plus_first_order_moment,0.003760768204685169,0.9999929994920694,0.14085250739634403,0.0
11,0,128,32,16,1.5,random_kept_only,0.4059530861800184,0.9444457889959028,0.12827078577113363,0.25
11,0,128,32,16,1.5,random_plus_first_order_moment,0.003998711747831253,0.9999920776627064,0.12827078577113363,0.25
11,0,128,32,16,1.5,value_norm_kept_only,1.8836248650411986,0.44092870396518813,0.109163620305028,1.0
11,1,128,32,16,1.5,top_attention_kept_only,0.7083926954166812,0.848004780777566,0.14272276986462673,0.0
11,1,128,32,16,1.5,top_attention_plus_mean_moment,0.08418825424233282,0.9964499934001649,0.14272276986462673,0.0
11,1,128,32,16,1.5,top_attention_plus_first_order_moment,0.004417640740071908,0.9999902682797837,0.14272276986462673,0.0
11,1,128,32,16,1.5,random_kept_only,0.4741976465310415,0.8966463585134286,0.12645258483750826,0.1875
11,1,128,32,16,1.5,random_plus_first_order_moment,0.004997085708961734,0.9999875302199875,0.12645258483750826,0.1875
11,1,128,32,16,1.5,value_norm_kept_only,1.4359183234285324,0.6229150403963474,0.10854565099342159,0.875
11,2,128,32,16,1.5,top_attention_kept_only,0.6767364042536121,0.8610215365260934,0.1413786996671254,0.0
11,2,128,32,16,1.5,top_attention_plus_mean_moment,0.07515000319501514,0.9971722542548134,0.1413786996671254,0.0
11,2,128,32,16,1.5,top_attention_plus_first_order_moment,0.0035880723473478144,0.9999936031405712,0.1413786996671254,0.0
11,2,128,32,16,1.5,random_kept_only,0.4400706928805314,0.8980187550444302,0.12387470285920166,0.375
11,2,128,32,16,1.5,random_plus_first_order_moment,0.003931131607328801,0.9999922727059454,0.12387470285920166,0.375
11,2,128,32,16,1.5,value_norm_kept_only,1.5341314451613808,0.5746334049450601,0.1128924946775833,0.875
11,3,128,32,16,1.5,top_attention_kept_only,0.7708920352464399,0.8288154570997747,0.14131878498441874,0.0
11,3,128,32,16,1.5,top_attention_plus_mean_moment,0.07663030934872071,0.9970658957878767,0.14131878498441874,0.0
11,3,128,32,16,1.5,top_attention_plus_first_order_moment,0.0038781404287070603,0.9999925945881831,0.14131878498441874,0.0
11,3,128,32,16,1.5,random_kept_only,0.5272571621626911,0.8959270306636927,0.13038880843119227,0.125
11,3,128,32,16,1.5,random_plus_first_order_moment,0.003999143475425788,0.9999921018886335,0.13038880843119227,0.125
11,3,128,32,16,1.5,value_norm_kept_only,1.5821946625995047,0.5479781964141659,0.10977961089554769,0.9375
11,4,128,32,16,1.5,top_attention_kept_only,0.6240046960473857,0.8463197551357152,0.1397478484131835,0.0
11,4,128,32,16,1.5,top_attention_plus_mean_moment,0.0716214330342035,0.9974421186274369,0.1397478484131835,0.0
11,4,128,32,16,1.5,top_attention_plus_first_order_moment,0.0035692293926086857,0.9999936982289628,0.1397478484131835,0.0
11,4,128,32,16,1.5,random_kept_only,0.5338534743088397,0.8991169132695899,0.13154334216105473,0.0
11,4,128,32,16,1.5,random_plus_first_order_moment,0.0038738952255224957,0.9999926189043423,0.13154334216105473,0.0
11,4,128,32,16,1.5,value_norm_kept_only,1.0816705119007992,0.730738841555215,0.11290867318909473,0.75
11,5,128,32,16,1.5,top_attention_kept_only,0.6304433526210016,0.8766804079324708,0.14045745426630846,0.0625
11,5,128,32,16,1.5,top_attention_plus_mean_moment,0.08303171992762333,0.9965666377879911,0.14045745426630846,0.0625
11,5,128,32,16,1.5,top_attention_plus_first_order_moment,0.004355666109599747,0.9999907434935255,0.14045745426630846,0.0625
11,5,128,32,16,1.5,random_kept_only,0.36079868701978574,0.940347498033212,0.1238926483746225,0.25
11,5,128,32,16,1.5,random_plus_first_order_moment,0.004804837023081575,0.9999887801179055,0.1238926483746225,0.25
11,5,128,32,16,1.5,value_norm_kept_only,1.7051278143420856,0.43915393911197653,0.10749709123056911,0.9375
11,6,128,32,16,1.5,top_attention_kept_only,0.7647734060961953,0.7876429800923559,0.13917767948929982,0.0
11,6,128,32,16,1.5,top_attention_plus_mean_moment,0.07750869844252785,0.9969918691922818,0.13917767948929982,0.0
11,6,128,32,16,1.5,top_attention_plus_first_order_moment,0.0038837140688882978,0.999992514702102,0.13917767948929982,0.0
11,6,128,32,16,1.5,random_kept_only,0.401591541357222,0.9168500452411386,0.1251034539216233,0.3125
11,6,128,32,16,1.5,random_plus_first_order_moment,0.0041939927259528826,0.9999912911927571,0.1251034539216233,0.3125
11,6,128,32,16,1.5,value_norm_kept_only,1.5786994383188984,0.5596432195196106,0.11131725151330732,0.875
11,7,128,32,16,1.5,top_attention_kept_only,0.5497168034596818,0.9157319043520576,0.14201437058612743,0.0
11,7,128,32,16,1.5,top_attention_plus_mean_moment,0.07692566469448965,0.997039634036949,0.14201437058612743,0.0
11,7,128,32,16,1.5,top_attention_plus_first_order_moment,0.003917386881576671,0.9999923467080403,0.14201437058612743,0.0
11,7,128,32,16,1.5,random_kept_only,0.3316632335895987,0.9457235626663628,0.12294079449848666,0.3125
11,7,128,32,16,1.5,random_plus_first_order_moment,0.004477518510990382,0.9999899785472347,0.12294079449848666,0.3125
11,7,128,32,16,1.5,value_norm_kept_only,1.495234595142086,0.6292695475433487,0.11022550427213451,0.875
11,8,128,32,16,1.5,top_attention_kept_only,0.7247822108275344,0.8482602695264364,0.14117118318647154,0.0
11,8,128,32,16,1.5,top_attention_plus_mean_moment,0.08000696370927089,0.9968232841161706,0.14117118318647154,0.0
11,8,128,32,16,1.5,top_attention_plus_first_order_moment,0.0041979944755802575,0.9999914447771676,0.14117118318647154,0.0
11,8,128,32,16,1.5,random_kept_only,0.42199828624201635,0.930193744800189,0.1272827289600947,0.25
11,8,128,32,16,1.5,random_plus_first_order_moment,0.004507578810734379,0.999990142636254,0.1272827289600947,0.25
11,8,128,32,16,1.5,value_norm_kept_only,1.5626985002007465,0.5098900372647005,0.11047573363459776,0.875
11,9,128,32,16,1.5,top_attention_kept_only,0.6838370248948168,0.8559709035518035,0.14068587270863311,0.0
11,9,128,32,16,1.5,top_attention_plus_mean_moment,0.079938137516088,0.9968013133591458,0.14068587270863311,0.0
11,9,128,32,16,1.5,top_attention_plus_first_order_moment,0.004455356987013249,0.9999901980923672,0.14068587270863311,0.0
11,9,128,32,16,1.5,random_kept_only,0.4045102047712016,0.923062013063293,0.12042103221216036,0.4375
11,9,128,32,16,1.5,random_plus_first_order_moment,0.004981552679937341,0.9999877027064176,0.12042103221216036,0.4375
11,9,128,32,16,1.5,value_norm_kept_only,1.0902241793976166,0.772850356745576,0.11357133457577051,0.75
11,10,128,32,16,1.5,top_attention_kept_only,0.7137696957782581,0.8238117573662015,0.14291845630407024,0.0
11,10,128,32,16,1.5,top_attention_plus_mean_moment,0.08555380216044742,0.9963403634824196,0.14291845630407024,0.0
11,10,128,32,16,1.5,top_attention_plus_first_order_moment,0.004589506323686971,0.9999896105776662,0.14291845630407024,0.0
11,10,128,32,16,1.5,random_kept_only,0.41810044433545157,0.9159781591814549,0.1263829594765992,0.3125
11,10,128,32,16,1.5,random_plus_first_order_moment,0.00501403881752978,0.9999875874105173,0.1263829594765992,0.3125
11,10,128,32,16,1.5,value_norm_kept_only,1.4348534024785573,0.5883872878845049,0.10938898838059373,0.8125
11,11,128,32,16,1.5,top_attention_kept_only,0.7370068816022554,0.8731272663021533,0.13975169961115091,0.0
11,11,128,32,16,1.5,top_attention_plus_mean_moment,0.083154441286418,0.9965496835150259,0.13975169961115091,0.0
11,11,128,32,16,1.5,top_attention_plus_first_order_moment,0.004303629723077134,0.9999910012533473,0.13975169961115091,0.0
11,11,128,32,16,1.5,random_kept_only,0.7106181884304217,0.8107494054354815,0.1197564667750485,0.5
11,11,128,32,16,1.5,random_plus_first_order_moment,0.0047501377804916355,0.9999889375610543,0.1197564667750485,0.5
11,11,128,32,16,1.5,value_norm_kept_only,1.5704113034512557,0.4694646672343088,0.11135006223817837,0.875
11,12,128,32,16,1.5,top_attention_kept_only,0.7540672749065048,0.8040648526570171,0.13975431531136803,0.0625
11,12,128,32,16,1.5,top_attention_plus_mean_moment,0.07109208240996158,0.997472319144196,0.13975431531136803,0.0625
11,12,128,32,16,1.5,top_attention_plus_first_order_moment,0.0033355485938513165,0.9999944641968195,0.13975431531136803,0.0625
11,12,128,32,16,1.5,random_kept_only,0.5011422308343954,0.9142763477075782,0.127225166889319,0.25
11,12,128,32,16,1.5,random_plus_first_order_moment,0.003669230651820174,0.9999933223276278,0.127225166889319,0.25
11,12,128,32,16,1.5,value_norm_kept_only,1.5676307246986783,0.5966637548669053,0.11159868233909667,0.9375
11,13,128,32,16,1.5,top_attention_kept_only,0.7468877945900315,0.8333624170359882,0.14129792773321867,0.0
11,13,128,32,16,1.5,top_attention_plus_mean_moment,0.07312606948787259,0.9973240844313039,0.14129792773321867,0.0
11,13,128,32,16,1.5,top_attention_plus_first_order_moment,0.0037666542896289683,0.9999930273307198,0.14129792773321867,0.0
11,13,128,32,16,1.5,random_kept_only,0.36650833857298437,0.9443137159263378,0.1259362330230302,0.1875
11,13,128,32,16,1.5,random_plus_first_order_moment,0.004073604509806187,0.9999917519396226,0.1259362330230302,0.1875
11,13,128,32,16,1.5,value_norm_kept_only,1.2821614412856193,0.668809788411338,0.11376063360211158,0.8125
11,14,128,32,16,1.5,top_attention_kept_only,0.7362484046879774,0.8099370262977955,0.13986998867118486,0.0
11,14,128,32,16,1.5,top_attention_plus_mean_moment,0.0782598320637821,0.9969534917720778,0.13986998867118486,0.0
11,14,128,32,16,1.5,top_attention_plus_first_order_moment,0.003905675209127383,0.9999924922102348,0.13986998867118486,0.0
11,14,128,32,16,1.5,random_kept_only,0.43635109495754776,0.9326029562923549,0.12630571032856502,0.25
11,14,128,32,16,1.5,random_plus_first_order_moment,0.004296286675930272,0.9999909870067767,0.12630571032856502,0.25
11,14,128,32,16,1.5,value_norm_kept_only,1.35945409136774,0.5804139634713692,0.11304433785608176,0.8125
11,15,128,32,16,1.5,top_attention_kept_only,0.7219059617856635,0.8379242547538447,0.14201140535065837,0.0
11,15,128,32,16,1.5,top_attention_plus_mean_moment,0.08195767500904999,0.9966380056855566,0.14201140535065837,0.0
11,15,128,32,16,1.5,top_attention_plus_first_order_moment,0.004499655585838027,0.9999900798030881,0.14201140535065837,0.0
11,15,128,32,16,1.5,random_kept_only,0.4071982894116246,0.9338669873784073,0.12478981218814778,0.3125
11,15,128,32,16,1.5,random_plus_first_order_moment,0.004993206253322898,0.9999877725436482,0.12478981218814778,0.3125
11,15,128,32,16,1.5,value_norm_kept_only,1.5051988698211702,0.5529585468290035,0.11008104054689954,0.875
11,16,128,32,16,1.5,top_attention_kept_only,0.8609001285880946,0.7783309117287115,0.1411365546823073,0.0
11,16,128,32,16,1.5,top_attention_plus_mean_moment,0.0720046056034742,0.9974081801943443,0.1411365546823073,0.0
11,16,128,32,16,1.5,top_attention_plus_first_order_moment,0.0033813191851417928,0.9999943389903407,0.1411365546823073,0.0
11,16,128,32,16,1.5,random_kept_only,0.4596944662329762,0.8996863923099709,0.12258290889174972,0.375
11,16,128,32,16,1.5,random_plus_first_order_moment,0.0035017721082028696,0.999993932018473,0.12258290889174972,0.375
11,16,128,32,16,1.5,value_norm_kept_only,1.6395773762237802,0.514982699736096,0.110355189975435,0.875
11,17,128,32,16,1.5,top_attention_kept_only,0.6779496565094896,0.8188778854729316,0.14049215412871313,0.0
11,17,128,32,16,1.5,top_attention_plus_mean_moment,0.07081971695098846,0.997496066499939,0.14049215412871313,0.0
11,17,128,32,16,1.5,top_attention_plus_first_order_moment,0.0037569855584722606,0.999993063146755,0.14049215412871313,0.0
11,17,128,32,16,1.5,random_kept_only,0.39050922055502785,0.9440433661745706,0.12794124851735617,0.1875
11,17,128,32,16,1.5,random_plus_first_order_moment,0.0041927373879550815,0.9999914148156372,0.12794124851735617,0.1875
11,17,128,32,16,1.5,value_norm_kept_only,1.3995333339894513,0.61869756703045,0.11036161070106229,0.875
11,18,128,32,16,1.5,top_attention_kept_only,0.4760308946993968,0.9079181461336907,0.14043749396222216,0.0
11,18,128,32,16,1.5,top_attention_plus_mean_moment,0.0719956956772723,0.9974049529558924,0.14043749396222216,0.0
11,18,128,32,16,1.5,top_attention_plus_first_order_moment,0.003467311386423352,0.9999940267876886,0.14043749396222216,0.0
11,18,128,32,16,1.5,random_kept_only,0.4347574731479123,0.918424484371535,0.12293971156011954,0.4375
11,18,128,32,16,1.5,random_plus_first_order_moment,0.0039054043911602087,0.9999923996474532,0.12293971156011954,0.4375
11,18,128,32,16,1.5,value_norm_kept_only,1.075962281940648,0.7377131324604309,0.11428851299624761,0.75
11,19,128,32,16,1.5,top_attention_kept_only,0.7294484221501334,0.8122013750126349,0.1391096965484343,0.0
11,19,128,32,16,1.5,top_attention_plus_mean_moment,0.07188518503714536,0.9974129756998875,0.1391096965484343,0.0
11,19,128,32,16,1.5,top_attention_plus_first_order_moment,0.0034669038345515337,0.9999940144162558,0.1391096965484343,0.0
11,19,128,32,16,1.5,random_kept_only,0.430704642938046,0.9439694265344446,0.12653419947203032,0.25
11,19,128,32,16,1.5,random_plus_first_order_moment,0.0037658680658560592,0.9999929670798327,0.12653419947203032,0.25
11,19,128,32,16,1.5,value_norm_kept_only,1.3433716208307815,0.6343704715725147,0.1132299051998556,0.8125
11,20,128,32,16,1.5,top_attention_kept_only,0.7100229051326359,0.8264607210360271,0.13971397508007646,0.0
11,20,128,32,16,1.5,top_attention_plus_mean_moment,0.08069049638162439,0.9967392030491979,0.13971397508007646,0.0
11,20,128,32,16,1.5,top_attention_plus_first_order_moment,0.004004936013253581,0.9999920364758594,0.13971397508007646,0.0
11,20,128,32,16,1.5,random_kept_only,0.5108099934339746,0.9188036756641277,0.124459587838897,0.3125
11,20,128,32,16,1.5,random_plus_first_order_moment,0.0043640833917427705,0.9999905948317545,0.124459587838897,0.3125
11,20,128,32,16,1.5,value_norm_kept_only,1.7269080492533202,0.48926511091616476,0.11237366227056404,0.875
11,21,128,32,16,1.5,top_attention_kept_only,0.6298314025550983,0.8688726164874114,0.13907961258600943,0.0
11,21,128,32,16,1.5,top_attention_plus_mean_moment,0.07129534309129486,0.9974623223731791,0.13907961258600943,0.0
11,21,128,32,16,1.5,top_attention_plus_first_order_moment,0.0034714423287047374,0.9999941032718694,0.13907961258600943,0.0
11,21,128,32,16,1.5,random_kept_only,0.4637043969327409,0.9063631129416975,0.13003392001737388,0.125
11,21,128,32,16,1.5,random_plus_first_order_moment,0.0037944456909701787,0.9999929620982374,0.13003392001737388,0.125
11,21,128,32,16,1.5,value_norm_kept_only,1.5555835098157513,0.537315287357851,0.11029884703373241,0.9375
11,22,128,32,16,1.5,top_attention_kept_only,0.8072773168835128,0.7566009344747792,0.139331036373662,0.0
11,22,128,32,16,1.5,top_attention_plus_mean_moment,0.07908872919307869,0.9968819034904502,0.139331036373662,0.0
11,22,128,32,16,1.5,top_attention_plus_first_order_moment,0.004032212427956086,0.9999919529620379,0.139331036373662,0.0
11,22,128,32,16,1.5,random_kept_only,0.46397956088370435,0.9204441731146038,0.12207647325111003,0.375
11,22,128,32,16,1.5,random_plus_first_order_moment,0.004407736008522282,0.9999904437240912,0.12207647325111003,0.375
11,22,128,32,16,1.5,value_norm_kept_only,1.5131031809447513,0.5602060082879526,0.11070454208700693,0.875
11,23,128,32,16,1.5,top_attention_kept_only,0.6615904460081065,0.8287707475963183,0.14026586688528042,0.0
11,23,128,32,16,1.5,top_attention_plus_mean_moment,0.07754252794473675,0.9969977334190183,0.14026586688528042,0.0
11,23,128,32,16,1.5,top_attention_plus_first_order_moment,0.0036375427115913376,0.9999934661437875,0.14026586688528042,0.0
11,23,128,32,16,1.5,random_kept_only,0.46815956719238,0.9164263870848554,0.12857097708652124,0.125
11,23,128,32,16,1.5,random_plus_first_order_moment,0.004142499723228831,0.9999915604930691,0.12857097708652124,0.125
11,23,128,32,16,1.5,value_norm_kept_only,1.2193918889851543,0.6590283199779872,0.11306923566458695,0.75
11,24,128,32,16,1.5,top_attention_kept_only,0.680479643869587,0.8627919465806683,0.14030115228387907,0.0
11,24,128,32,16,1.5,top_attention_plus_mean_moment,0.08107002497788891,0.9967161211195208,0.14030115228387907,0.0
11,24,128,32,16,1.5,top_attention_plus_first_order_moment,0.003978147025625252,0.9999922515421178,0.14030115228387907,0.0
11,24,128,32,16,1.5,random_kept_only,0.4978603956909009,0.8702762301741922,0.11983133951095638,0.4375
11,24,128,32,16,1.5,random_plus_first_order_moment,0.0043852087820117685,0.9999905372532053,0.11983133951095638,0.4375
11,24,128,32,16,1.5,value_norm_kept_only,1.006180839283465,0.7576220119940831,0.11595574803059223,0.6875
11,25,128,32,16,1.5,top_attention_kept_only,0.6258974979382115,0.8492884733569608,0.13829449493482238,0.0
11,25,128,32,16,1.5,top_attention_plus_mean_moment,0.08625040737067856,0.996275455540775,0.13829449493482238,0.0
11,25,128,32,16,1.5,top_attention_plus_first_order_moment,0.004786602692579067,0.9999886683136298,0.13829449493482238,0.0
11,25,128,32,16,1.5,random_kept_only,0.498625343598383,0.8735777054083083,0.12174091940759436,0.4375
11,25,128,32,16,1.5,random_plus_first_order_moment,0.00487364503131849,0.9999881862606187,0.12174091940759436,0.4375
11,25,128,32,16,1.5,value_norm_kept_only,1.3413789957110265,0.616064886277893,0.11209240373042367,0.8125
11,26,128,32,16,1.5,top_attention_kept_only,0.6730630591456721,0.8718970470445139,0.1397976378510331,0.0
11,26,128,32,16,1.5,top_attention_plus_mean_moment,0.0777859455556458,0.9970053388120168,0.1397976378510331,0.0
11,26,128,32,16,1.5,top_attention_plus_first_order_moment,0.004184940060871383,0.9999915517440091,0.1397976378510331,0.0
11,26,128,32,16,1.5,random_kept_only,0.3531643193864551,0.9377475557939947,0.12421155188758079,0.3125
11,26,128,32,16,1.5,random_plus_first_order_moment,0.0044196138772865864,0.9999905353906665,0.12421155188758079,0.3125
11,26,128,32,16,1.5,value_norm_kept_only,1.1251129011363725,0.7117914183259777,0.11320610688510535,0.75
11,27,128,32,16,1.5,top_attention_kept_only,0.6281703029122857,0.8622751757798347,0.14071092373291205,0.0
11,27,128,32,16,1.5,top_attention_plus_mean_moment,0.07942161441217876,0.9968547396691704,0.14071092373291205,0.0
11,27,128,32,16,1.5,top_attention_plus_first_order_moment,0.0040302161226109,0.9999920710751369,0.14071092373291205,0.0
11,27,128,32,16,1.5,random_kept_only,0.633857254270707,0.8495168104203369,0.1190858098341408,0.5
11,27,128,32,16,1.5,random_plus_first_order_moment,0.004564605124197383,0.9999899254736814,0.1190858098341408,0.5
11,27,128,32,16,1.5,value_norm_kept_only,1.3780742517642715,0.6175886887095474,0.10998658371067921,0.875
11,28,128,32,16,1.5,top_attention_kept_only,0.7977204944111557,0.8587097820278865,0.14055198670463764,0.0
11,28,128,32,16,1.5,top_attention_plus_mean_moment,0.08398883302282277,0.9964934250308066,0.14055198670463764,0.0
11,28,128,32,16,1.5,top_attention_plus_first_order_moment,0.004487857088193438,0.9999903645596374,0.14055198670463764,0.0
11,28,128,32,16,1.5,random_kept_only,0.4869785014764712,0.90977135820545,0.12806828487490468,0.1875
11,28,128,32,16,1.5,random_plus_first_order_moment,0.005027432260652207,0.9999878167273297,0.12806828487490468,0.1875
11,28,128,32,16,1.5,value_norm_kept_only,1.068054724981126,0.668526995223525,0.11496744071326398,0.6875
11,29,128,32,16,1.5,top_attention_kept_only,0.6970441328863607,0.8417640569588135,0.14263114642392216,0.0
11,29,128,32,16,1.5,top_attention_plus_mean_moment,0.07783814103199385,0.9969660365268352,0.14263114642392216,0.0
11,29,128,32,16,1.5,top_attention_plus_first_order_moment,0.00418456206942929,0.9999914348057983,0.14263114642392216,0.0
11,29,128,32,16,1.5,random_kept_only,0.4194491613695124,0.9356838644319638,0.12849265506304525,0.25
11,29,128,32,16,1.5,random_plus_first_order_moment,0.00464894298748804,0.9999894346752606,0.12849265506304525,0.25
11,29,128,32,16,1.5,value_norm_kept_only,1.4556455531662587,0.5505677217675039,0.11065795317166978,0.875
11,30,128,32,16,1.5,top_attention_kept_only,0.6630372711963498,0.8545089125815885,0.14270868645993373,0.0
11,30,128,32,16,1.5,top_attention_plus_mean_moment,0.07526848616569345,0.9971639156692574,0.14270868645993373,0.0
11,30,128,32,16,1.5,top_attention_plus_first_order_moment,0.0037224662954141066,0.999993156018824,0.14270868645993373,0.0
11,30,128,32,16,1.5,random_kept_only,0.371181419895035,0.9460637954982284,0.12665262992393408,0.25
11,30,128,32,16,1.5,random_plus_first_order_moment,0.004109992122737846,0.999991677514116,0.12665262992393408,0.25
11,30,128,32,16,1.5,value_norm_kept_only,1.1345238639934785,0.6917262691987143,0.11214389284447294,0.75
11,31,128,32,16,1.5,top_attention_kept_only,0.8068440992963161,0.8431741956147161,0.14159972790855718,0.0
11,31,128,32,16,1.5,top_attention_plus_mean_moment,0.07401530009943019,0.997276294713143,0.14159972790855718,0.0
11,31,128,32,16,1.5,top_attention_plus_first_order_moment,0.0037689069869496056,0.9999932743917511,0.14159972790855718,0.0
11,31,128,32,16,1.5,random_kept_only,0.5785335161199964,0.8382299279342711,0.12022342468007767,0.5
11,31,128,32,16,1.5,random_plus_first_order_moment,0.0038486326738921637,0.9999928850428242,0.12022342468007767,0.5
11,31,128,32,16,1.5,value_norm_kept_only,1.6096295916694632,0.5097725521096802,0.11284875555627286,0.9375
11,32,128,32,16,1.5,top_attention_kept_only,0.7050547772803806,0.8357084766053422,0.1399756456420774,0.0
11,32,128,32,16,1.5,top_attention_plus_mean_moment,0.07547083569992834,0.9971485678668769,0.1399756456420774,0.0
11,32,128,32,16,1.5,top_attention_plus_first_order_moment,0.0037808264231869275,0.9999929188600404,0.1399756456420774,0.0
11,32,128,32,16,1.5,random_kept_only,0.45587551180027547,0.919181071690322,0.12634919490491084,0.3125
11,32,128,32,16,1.5,random_plus_first_order_moment,0.004067496578697093,0.9999917916872894,0.12634919490491084,0.3125
11,32,128,32,16,1.5,value_norm_kept_only,1.6914905860869573,0.5193014950603723,0.11070137425832294,0.9375
11,33,128,32,16,1.5,top_attention_kept_only,0.671613854611349,0.8310819399113968,0.13904917485172635,0.0
11,33,128,32,16,1.5,top_attention_plus_mean_moment,0.07258532874224988,0.9973638817941991,0.13904917485172635,0.0
11,33,128,32,16,1.5,top_attention_plus_first_order_moment,0.0034676138242831526,0.9999939922117539,0.13904917485172635,0.0
11,33,128,32,16,1.5,random_kept_only,0.4484958217897442,0.9141454852242038,0.12367882177516679,0.375
11,33,128,32,16,1.5,random_plus_first_order_moment,0.0035681842368394247,0.9999936525567001,0.12367882177516679,0.375
11,33,128,32,16,1.5,value_norm_kept_only,1.4494473221164381,0.6197367777667402,0.11149592911714427,0.875
11,34,128,32,16,1.5,top_attention_kept_only,0.7073705418677804,0.8404258366661915,0.1400725893191408,0.0
11,34,128,32,16,1.5,top_attention_plus_mean_moment,0.07192835866345436,0.9974157006257763,0.1400725893191408,0.0
11,34,128,32,16,1.5,top_attention_plus_first_order_moment,0.00366397242174061,0.9999934358789365,0.1400725893191408,0.0
11,34,128,32,16,1.5,random_kept_only,0.4571874645161793,0.909412265137864,0.12888622813105763,0.125
11,34,128,32,16,1.5,random_plus_first_order_moment,0.003840493883183001,0.9999927806808464,0.12888622813105763,0.125
11,34,128,32,16,1.5,value_norm_kept_only,1.4107982120937212,0.5641740387752464,0.1117005368404867,0.875
11,35,128,32,16,1.5,top_attention_kept_only,0.6803374266674668,0.8677702597665491,0.14102684972891233,0.0
11,35,128,32,16,1.5,top_attention_plus_mean_moment,0.07282721529102429,0.9973445748280504,0.14102684972891233,0.0
11,35,128,32,16,1.5,top_attention_plus_first_order_moment,0.0035932319262885867,0.999993599268602,0.14102684972891233,0.0
11,35,128,32,16,1.5,random_kept_only,0.3175073420163377,0.9532617247715862,0.12430396751695733,0.375
11,35,128,32,16,1.5,random_plus_first_order_moment,0.004023191002853539,0.9999919430595751,0.12430396751695733,0.375
11,35,128,32,16,1.5,value_norm_kept_only,0.9226212669279471,0.7596193065872395,0.11496796526014058,0.6875
11,36,128,32,16,1.5,top_attention_kept_only,0.6841422221630401,0.8028615754940212,0.14110485530065617,0.0
11,36,128,32,16,1.5,top_attention_plus_mean_moment,0.06992967254812886,0.9975587644897213,0.14110485530065617,0.0
11,36,128,32,16,1.5,top_attention_plus_first_order_moment,0.0034614837735869697,0.9999940852815267,0.14110485530065617,0.0
11,36,128,32,16,1.5,random_kept_only,0.39356743577060677,0.9225859395952094,0.12436314998942151,0.3125
11,36,128,32,16,1.5,random_plus_first_order_moment,0.0037197922013017066,0.9999931893335607,0.12436314998942151,0.3125
11,36,128,32,16,1.5,value_norm_kept_only,1.6071027496003731,0.543521667008799,0.10912062611849323,0.9375
11,37,128,32,16,1.5,top_attention_kept_only,0.7134848049964805,0.8268370441563201,0.14062948968931643,0.0
11,37,128,32,16,1.5,top_attention_plus_mean_moment,0.07319541322827824,0.997322405457596,0.14062948968931643,0.0
11,37,128,32,16,1.5,top_attention_plus_first_order_moment,0.003574367403924191,0.9999936185183641,0.14062948968931643,0.0
11,37,128,32,16,1.5,random_kept_only,0.31103508137425734,0.9524350008432769,0.12687637322531636,0.3125
11,37,128,32,16,1.5,random_plus_first_order_moment,0.003787087322311497,0.9999928433757873,0.12687637322531636,0.3125
11,37,128,32,16,1.5,value_norm_kept_only,1.7862490749320734,0.509946299835331,0.11005405854803088,1.0
11,38,128,32,16,1.5,top_attention_kept_only,0.7394157353016663,0.8495150900854406,0.14023688833226644,0.0
11,38,128,32,16,1.5,top_attention_plus_mean_moment,0.08550361664774236,0.9963470813446148,0.14023688833226644,0.0
11,38,128,32,16,1.5,top_attention_plus_first_order_moment,0.00479014290260227,0.9999888132633821,0.14023688833226644,0.0
11,38,128,32,16,1.5,random_kept_only,0.4205335288717055,0.9099941778756843,0.12472956659820511,0.375
11,38,128,32,16,1.5,random_plus_first_order_moment,0.0048923418508337885,0.9999882541766487,0.12472956659820511,0.375
11,38,128,32,16,1.5,value_norm_kept_only,1.6617860743549995,0.4882821061901337,0.10826964504761671,0.9375
11,39,128,32,16,1.5,top_attention_kept_only,0.595726967468893,0.8606247938459171,0.14161076382999066,0.0
11,39,128,32,16,1.5,top_attention_plus_mean_moment,0.07397538736651553,0.9972715741676211,0.14161076382999066,0.0
11,39,128,32,16,1.5,top_attention_plus_first_order_moment,0.003667464051602846,0.9999933669621793,0.14161076382999066,0.0
11,39,128,32,16,1.5,random_kept_only,0.346073778918752,0.9413525501072877,0.13050414242768324,0.1875
11,39,128,32,16,1.5,random_plus_first_order_moment,0.003917378237269328,0.9999924478828184,0.13050414242768324,0.1875
11,39,128,32,16,1.5,value_norm_kept_only,1.2462728032919665,0.6684156205476108,0.11384798663436894,0.8125
11,0,128,32,32,1.5,top_attention_kept_only,0.6376517568366538,0.8805041429510964,0.2786128889288464,0.0
11,0,128,32,32,1.5,top_attention_plus_mean_moment,0.0714300059004211,0.9974520109460301,0.2786128889288464,0.0
11,0,128,32,32,1.5,top_attention_plus_first_order_moment,0.003284001412973698,0.9999947507392315,0.2786128889288464,0.0
11,0,128,32,32,1.5,random_kept_only,0.22323310803243746,0.9769114389430734,0.25453690353496944,0.25
11,0,128,32,32,1.5,random_plus_first_order_moment,0.004352616342592472,0.9999906936328263,0.25453690353496944,0.25
11,0,128,32,32,1.5,value_norm_kept_only,1.0654008022373957,0.6786418044545113,0.2282955403996108,0.71875
11,1,128,32,32,1.5,top_attention_kept_only,0.6140969388175099,0.8697807333171221,0.2773404781144537,0.0
11,1,128,32,32,1.5,top_attention_plus_mean_moment,0.07001367152033221,0.9975524709077549,0.2773404781144537,0.0
11,1,128,32,32,1.5,top_attention_plus_first_order_moment,0.003326129893047621,0.9999945363035933,0.2773404781144537,0.0
11,1,128,32,32,1.5,random_kept_only,0.23565418785352815,0.9718385988296899,0.24783044321649644,0.3125
11,1,128,32,32,1.5,random_plus_first_order_moment,0.0039932222772075514,0.9999921079427444,0.24783044321649644,0.3125
11,1,128,32,32,1.5,value_norm_kept_only,1.0912012692499524,0.6879080694280584,0.22691255787873008,0.78125
11,2,128,32,32,1.5,top_attention_kept_only,0.5591547246274955,0.8993650314605147,0.27744775552107037,0.03125
11,2,128,32,32,1.5,top_attention_plus_mean_moment,0.06466547495910951,0.9979119089918057,0.27744775552107037,0.03125
11,2,128,32,32,1.5,top_attention_plus_first_order_moment,0.0027358936861645493,0.9999963412005085,0.27744775552107037,0.03125
11,2,128,32,32,1.5,random_kept_only,0.23912210829967226,0.9710768555127799,0.24945806334381912,0.34375
11,2,128,32,32,1.5,random_plus_first_order_moment,0.003513940670488496,0.9999938652764625,0.24945806334381912,0.34375
11,2,128,32,32,1.5,value_norm_kept_only,1.1297935184341612,0.6825972777320481,0.22898402276825722,0.75
11,3,128,32,32,1.5,top_attention_kept_only,0.5659100964532028,0.8821940572105561,0.2775574739934219,0.0
11,3,128,32,32,1.5,top_attention_plus_mean_moment,0.0655653217961731,0.9978560398788766,0.2775574739934219,0.0
11,3,128,32,32,1.5,top_attention_plus_first_order_moment,0.0029078065527049935,0.9999957722390524,0.2775574739934219,0.0
11,3,128,32,32,1.5,random_kept_only,0.2221170218974281,0.9751186054531279,0.2482038833912722,0.3125
11,3,128,32,32,1.5,random_plus_first_order_moment,0.0034972556477916375,0.9999938824780513,0.2482038833912722,0.3125
11,3,128,32,32,1.5,value_norm_kept_only,1.3116201639923308,0.6254852873703123,0.2206683179189604,0.875
11,4,128,32,32,1.5,top_attention_kept_only,0.5873612714987249,0.8873783569629181,0.2751210693936035,0.0
11,4,128,32,32,1.5,top_attention_plus_mean_moment,0.06125767967029843,0.9981227962489978,0.2751210693936035,0.0
11,4,128,32,32,1.5,top_attention_plus_first_order_moment,0.002864149689093279,0.9999959522475812,0.2751210693936035,0.0
11,4,128,32,32,1.5,random_kept_only,0.24735363741348318,0.9697319444760422,0.25037189128182497,0.28125
11,4,128,32,32,1.5,random_plus_first_order_moment,0.0035568103154725674,0.999993753307636,0.25037189128182497,0.28125
11,4,128,32,32,1.5,value_norm_kept_only,0.9065715113441356,0.764137443749367,0.23140131133914604,0.6875
11,5,128,32,32,1.5,top_attention_kept_only,0.6479533359010606,0.8640273569795289,0.27902968927582983,0.0
11,5,128,32,32,1.5,top_attention_plus_mean_moment,0.06996593186111608,0.9975494747110029,0.27902968927582983,0.0
11,5,128,32,32,1.5,top_attention_plus_first_order_moment,0.003566703634204379,0.999993767848428,0.27902968927582983,0.0
11,5,128,32,32,1.5,random_kept_only,0.3163391302570747,0.9540358222691551,0.25379613651351496,0.25
11,5,128,32,32,1.5,random_plus_first_order_moment,0.004638251574477847,0.9999893693868582,0.25379613651351496,0.25
11,5,128,32,32,1.5,value_norm_kept_only,1.0818856524656344,0.6716880631923834,0.2264490103387498,0.75
11,6,128,32,32,1.5,top_attention_kept_only,0.5499649255259008,0.9082055993992221,0.27770590286606534,0.0
11,6,128,32,32,1.5,top_attention_plus_mean_moment,0.061817931448145326,0.998087547672533,0.27770590286606534,0.0
11,6,128,32,32,1.5,top_attention_plus_first_order_moment,0.002745006284873319,0.9999962670930731,0.27770590286606534,0.0
11,6,128,32,32,1.5,random_kept_only,0.3082297570670176,0.9554963360242569,0.25284935237302086,0.21875
11,6,128,32,32,1.5,random_plus_first_order_moment,0.003993921430065312,0.9999920513449719,0.25284935237302086,0.21875
11,6,128,32,32,1.5,value_norm_kept_only,0.9115582746417495,0.7757435631888012,0.23140220324650732,0.71875
11,7,128,32,32,1.5,top_attention_kept_only,0.6541252876117437,0.8664108286514363,0.2778220874782208,0.0
11,7,128,32,32,1.5,top_attention_plus_mean_moment,0.06480579740536815,0.9979055600850603,0.2778220874782208,0.0
11,7,128,32,32,1.5,top_attention_plus_first_order_moment,0.003220221133632043,0.9999949250136219,0.2778220874782208,0.0
11,7,128,32,32,1.5,random_kept_only,0.28659289495996715,0.9637434328694845,0.24851664354254685,0.34375
11,7,128,32,32,1.5,random_plus_first_order_moment,0.004028573037410098,0.9999921068870956,0.24851664354254685,0.34375
11,7,128,32,32,1.5,value_norm_kept_only,0.58171998188871,0.9010851289873278,0.23617167712478457,0.5625
11,8,128,32,32,1.5,top_attention_kept_only,0.5566165350983409,0.8880554335680504,0.27661050141128674,0.0
11,8,128,32,32,1.5,top_attention_plus_mean_moment,0.06450985776220242,0.9979213347749415,0.27661050141128674,0.0
11,8,128,32,32,1.5,top_attention_plus_first_order_moment,0.0029070398328521715,0.9999958256464309,0.27661050141128674,0.0
11,8,128,32,32,1.5,random_kept_only,0.2846929899160897,0.9631925722715625,0.2538078893399658,0.21875
11,8,128,32,32,1.5,random_plus_first_order_moment,0.0037996981401888074,0.9999928993991959,0.2538078893399658,0.21875
11,8,128,32,32,1.5,value_norm_kept_only,0.7822283843440869,0.8072877776190828,0.2331719392840135,0.65625
11,9,128,32,32,1.5,top_attention_kept_only,0.5335248616909486,0.9064280358446907,0.27805120287326157,0.0
11,9,128,32,32,1.5,top_attention_plus_mean_moment,0.0704721345984683,0.9975402939915875,0.27805120287326157,0.0
11,9,128,32,32,1.5,top_attention_plus_first_order_moment,0.003158837985634075,0.9999951028217676,0.27805120287326157,0.0
11,9,128,32,32,1.5,random_kept_only,0.2806387699868323,0.9616154464852626,0.24973476136734207,0.3125
11,9,128,32,32,1.5,random_plus_first_order_moment,0.004379119491482433,0.9999905971598917,0.24973476136734207,0.3125
11,9,128,32,32,1.5,value_norm_kept_only,0.9436562480595938,0.7333178835472509,0.22960627391720861,0.71875
11,10,128,32,32,1.5,top_attention_kept_only,0.6026056807175407,0.8559957683350005,0.2769025831398293,0.0
11,10,128,32,32,1.5,top_attention_plus_mean_moment,0.06215729075625757,0.9980740738170015,0.2769025831398293,0.0
11,10,128,32,32,1.5,top_attention_plus_first_order_moment,0.003011867366959895,0.999995486793104,0.2769025831398293,0.0
11,10,128,32,32,1.5,random_kept_only,0.2643934334053406,0.9652337043430591,0.25259610149231704,0.3125
11,10,128,32,32,1.5,random_plus_first_order_moment,0.0037338664575301906,0.9999930784287389,0.25259610149231704,0.3125
11,10,128,32,32,1.5,value_norm_kept_only,0.9899686170617371,0.7377188704654314,0.22710279258377175,0.71875
11,11,128,32,32,1.5,top_attention_kept_only,0.5958581269043746,0.8638923604240285,0.27667846298357074,0.0
11,11,128,32,32,1.5,top_attention_plus_mean_moment,0.06900910794771428,0.997617532556134,0.27667846298357074,0.0
11,11,128,32,32,1.5,top_attention_plus_first_order_moment,0.0032710196960140437,0.9999947156994322,0.27667846298357074,0.0
11,11,128,32,32,1.5,random_kept_only,0.3747298713262944,0.9297643526412542,0.24467325186442773,0.375
11,11,128,32,32,1.5,random_plus_first_order_moment,0.004070055320149636,0.9999917449613921,0.24467325186442773,0.375
11,11,128,32,32,1.5,value_norm_kept_only,1.1521124331487507,0.6637792068633919,0.2246110957958195,0.78125
11,12,128,32,32,1.5,top_attention_kept_only,0.5784319073303203,0.8821959081972592,0.27773481639329284,0.0
11,12,128,32,32,1.5,top_attention_plus_mean_moment,0.06346541289372294,0.9979842674685966,0.27773481639329284,0.0
11,12,128,32,32,1.5,top_attention_plus_first_order_moment,0.0027981346992497305,0.9999961130192677,0.27773481639329284,0.0
11,12,128,32,32,1.5,random_kept_only,0.307292298586187,0.9559224044501281,0.2488842222125723,0.34375
11,12,128,32,32,1.5,random_plus_first_order_moment,0.003768060369417439,0.9999929760531434,0.2488842222125723,0.34375
11,12,128,32,32,1.5,value_norm_kept_only,1.1178099915122561,0.6871579759228139,0.22462273033976848,0.78125
11,13,128,32,32,1.5,top_attention_kept_only,0.6152338366369273,0.8883544019824342,0.2746642955212089,0.0
11,13,128,32,32,1.5,top_attention_plus_mean_moment,0.060940587341568854,0.9981477128110725,0.2746642955212089,0.0
11,13,128,32,32,1.5,top_attention_plus_first_order_moment,0.0027290574170970145,0.9999963995516759,0.2746642955212089,0.0
11,13,128,32,32,1.5,random_kept_only,0.35720095512183375,0.9472492019047242,0.2523985026458526,0.21875
11,13,128,32,32,1.5,random_plus_first_order_moment,0.003284477204122172,0.999994658296716,0.2523985026458526,0.21875
11,13,128,32,32,1.5,value_norm_kept_only,1.0988268040431965,0.6892152719327446,0.2276967645322416,0.78125
11,14,128,32,32,1.5,top_attention_kept_only,0.6401797701865252,0.8644268932707826,0.27690020548459604,0.0
11,14,128,32,32,1.5,top_attention_plus_mean_moment,0.07073403482895643,0.9974978438922968,0.27690020548459604,0.0
11,14,128,32,32,1.5,top_attention_plus_first_order_moment,0.0037009370497058116,0.999993306622706,0.27690020548459604,0.0
11,14,128,32,32,1.5,random_kept_only,0.39994508688611996,0.937719720265339,0.24418462741411592,0.375
11,14,128,32,32,1.5,random_plus_first_order_moment,0.003729559201895016,0.9999932755839496,0.24418462741411592,0.375
11,14,128,32,32,1.5,value_norm_kept_only,1.210902831899713,0.653789879719473,0.22728251050110465,0.78125
11,15,128,32,32,1.5,top_attention_kept_only,0.6338250116093248,0.8412871533726846,0.27549896933585394,0.0
11,15,128,32,32,1.5,top_attention_plus_mean_moment,0.06624662823968472,0.9978140415682021,0.27549896933585394,0.0
11,15,128,32,32,1.5,top_attention_plus_first_order_moment,0.003203877218111266,0.9999949166148488,0.27549896933585394,0.0
11,15,128,32,32,1.5,random_kept_only,0.3084055730780867,0.9586312112248171,0.24447935891879652,0.40625
11,15,128,32,32,1.5,random_plus_first_order_moment,0.004021315666187607,0.9999921394168426,0.24447935891879652,0.40625
11,15,128,32,32,1.5,value_norm_kept_only,1.2752629879231756,0.5974861921686158,0.22494551712437197,0.8125
11,16,128,32,32,1.5,top_attention_kept_only,0.6169397559058334,0.8668524093267292,0.2779076873873065,0.0
11,16,128,32,32,1.5,top_attention_plus_mean_moment,0.06024890941066003,0.9982098341944617,0.2779076873873065,0.0
11,16,128,32,32,1.5,top_attention_plus_first_order_moment,0.0027947527068875083,0.9999961845621019,0.2779076873873065,0.0
11,16,128,32,32,1.5,random_kept_only,0.22142982687644958,0.9858663569941575,0.2508264510125483,0.28125
11,16,128,32,32,1.5,random_plus_first_order_moment,0.0037401823708502558,0.9999933910157197,0.2508264510125483,0.28125
11,16,128,32,32,1.5,value_norm_kept_only,0.9144941656474576,0.7591160107490232,0.22955464274156834,0.71875
11,17,128,32,32,1.5,top_attention_kept_only,0.6481118477798903,0.841750488084383,0.27518296525094427,0.0
11,17,128,32,32,1.5,top_attention_plus_mean_moment,0.06122443461485191,0.9981243272430761,0.27518296525094427,0.0
11,17,128,32,32,1.5,top_attention_plus_first_order_moment,0.0028538164528887334,0.9999959421506843,0.27518296525094427,0.0
11,17,128,32,32,1.5,random_kept_only,0.33799086878740453,0.9453198010482924,0.24422045109448864,0.375
11,17,128,32,32,1.5,random_plus_first_order_moment,0.0037188266774096724,0.9999931293559545,0.24422045109448864,0.375
11,17,128,32,32,1.5,value_norm_kept_only,1.255664197798249,0.6321242209817599,0.22434060418522633,0.84375
11,18,128,32,32,1.5,top_attention_kept_only,0.5120405949451238,0.9053817822829615,0.2772973173080151,0.0
11,18,128,32,32,1.5,top_attention_plus_mean_moment,0.06717087071620165,0.9977471490126016,0.2772973173080151,0.0
11,18,128,32,32,1.5,top_attention_plus_first_order_moment,0.0029024599974801835,0.9999958793100664,0.2772973173080151,0.0
11,18,128,32,32,1.5,random_kept_only,0.3252974742417772,0.9541485588339598,0.25096224837867864,0.25
11,18,128,32,32,1.5,random_plus_first_order_moment,0.0038322605136101246,0.9999927716776141,0.25096224837867864,0.25
11,18,128,32,32,1.5,value_norm_kept_only,0.8377276102309149,0.7748144067122174,0.23095156142793305,0.6875
11,19,128,32,32,1.5,top_attention_kept_only,0.6371259238885968,0.8657715153763984,0.2760006132055831,0.0
11,19,128,32,32,1.5,top_attention_plus_mean_moment,0.06257331373969852,0.9980411649421359,0.2760006132055831,0.0
11,19,128,32,32,1.5,top_attention_plus_first_order_moment,0.0027031504306769915,0.9999963944673809,0.2760006132055831,0.0
11,19,128,32,32,1.5,random_kept_only,0.32551601050377593,0.9501875719650407,0.2460833424003624,0.375
11,19,128,32,32,1.5,random_plus_first_order_moment,0.003704709845487275,0.9999932108624222,0.2460833424003624,0.375
11,19,128,32,32,1.5,value_norm_kept_only,0.9707098574775371,0.7333539907528899,0.22885442572471953,0.75
11,20,128,32,32,1.5,top_attention_kept_only,0.6483820010465565,0.8637310871894393,0.27679921437198113,0.0
11,20,128,32,32,1.5,top_attention_plus_mean_moment,0.0640253453757471,0.9979560890011641,0.27679921437198113,0.0
11,20,128,32,32,1.5,top_attention_plus_first_order_moment,0.0030403396677975533,0.9999954811996512,0.27679921437198113,0.0
11,20,128,32,32,1.5,random_kept_only,0.24294891880909586,0.9762255385526726,0.25229396186478903,0.25
11,20,128,32,32,1.5,random_plus_first_order_moment,0.0035231837939036937,0.9999939156085667,0.25229396186478903,0.25
11,20,128,32,32,1.5,value_norm_kept_only,1.1704940466540605,0.6497736349129342,0.22481276924935384,0.78125
11,21,128,32,32,1.5,top_attention_kept_only,0.5409285711674807,0.8909367230103526,0.2780608798556795,0.0
11,21,128,32,32,1.5,top_attention_plus_mean_moment,0.06380537308293571,0.9979757452319289,0.2780608798556795,0.0
11,21,128,32,32,1.5,top_attention_plus_first_order_moment,0.00278351826770304,0.9999961821239906,0.2780608798556795,0.0
11,21,128,32,32,1.5,random_kept_only,0.35612157774021425,0.9443943425486511,0.25345132738021103,0.1875
11,21,128,32,32,1.5,random_plus_first_order_moment,0.003987220398890559,0.9999922010388969,0.25345132738021103,0.1875
11,21,128,32,32,1.5,value_norm_kept_only,0.9482825322436709,0.7134330183100785,0.22951779150410262,0.71875
11,22,128,32,32,1.5,top_attention_kept_only,0.6634602552513597,0.8487485299246739,0.27741872669997725,0.0
11,22,128,32,32,1.5,top_attention_plus_mean_moment,0.06488369465217862,0.9979106328532685,0.27741872669997725,0.0
11,22,128,32,32,1.5,top_attention_plus_first_order_moment,0.003017950043567007,0.9999955267855375,0.27741872669997725,0.0
11,22,128,32,32,1.5,random_kept_only,0.26409043788506337,0.9759623780033909,0.2509479299448316,0.25
11,22,128,32,32,1.5,random_plus_first_order_moment,0.003650074287846744,0.9999934520335342,0.2509479299448316,0.25
11,22,128,32,32,1.5,value_norm_kept_only,0.8638539894237126,0.7677026767081933,0.23307530088773187,0.6875
11,23,128,32,32,1.5,top_attention_kept_only,0.5538806057646442,0.8864466346319765,0.27744667144448254,0.0
11,23,128,32,32,1.5,top_attention_plus_mean_moment,0.062305063924197525,0.9980608745187702,0.27744667144448254,0.0
11,23,128,32,32,1.5,top_attention_plus_first_order_moment,0.002870903169154519,0.9999959397555968,0.27744667144448254,0.0
11,23,128,32,32,1.5,random_kept_only,0.2807076275604363,0.9604847424808627,0.24982220502995803,0.25
11,23,128,32,32,1.5,random_plus_first_order_moment,0.0036035325117961692,0.999993604647861,0.24982220502995803,0.25
11,23,128,32,32,1.5,value_norm_kept_only,0.9152822136575643,0.7590224462113728,0.23099722916411147,0.71875
11,24,128,32,32,1.5,top_attention_kept_only,0.6471479646401254,0.8493355055473085,0.2761702520743986,0.0
11,24,128,32,32,1.5,top_attention_plus_mean_moment,0.06561231060395019,0.9978468474181248,0.2761702520743986,0.0
11,24,128,32,32,1.5,top_attention_plus_first_order_moment,0.0028627488955281833,0.999995928294308,0.2761702520743986,0.0
11,24,128,32,32,1.5,random_kept_only,0.22958283699719026,0.9733353204542055,0.2483511285962937,0.34375
11,24,128,32,32,1.5,random_plus_first_order_moment,0.0037649589981648686,0.9999929281457786,0.2483511285962937,0.34375
11,24,128,32,32,1.5,value_norm_kept_only,0.6772713725944005,0.859586172557085,0.23745217439595012,0.5625
11,25,128,32,32,1.5,top_attention_kept_only,0.6024285024227778,0.868015993837423,0.2777566830081593,0.0
11,25,128,32,32,1.5,top_attention_plus_mean_moment,0.05979531637222373,0.9982130075113036,0.2777566830081593,0.0
11,25,128,32,32,1.5,top_attention_plus_first_order_moment,0.002861448995211952,0.9999959598240199,0.2777566830081593,0.0
11,25,128,32,32,1.5,random_kept_only,0.2673712903633473,0.9727572541021634,0.25006075730250643,0.3125
11,25,128,32,32,1.5,random_plus_first_order_moment,0.003728753620582338,0.9999931843988527,0.25006075730250643,0.3125
11,25,128,32,32,1.5,value_norm_kept_only,0.7801435104628741,0.8098013868322913,0.23260530839489735,0.65625
11,26,128,32,32,1.5,top_attention_kept_only,0.5627159942033118,0.8555177445348124,0.276264965503553,0.0
11,26,128,32,32,1.5,top_attention_plus_mean_moment,0.06282354327725793,0.9980318996646718,0.276264965503553,0.0
11,26,128,32,32,1.5,top_attention_plus_first_order_moment,0.002846798804112288,0.9999959620695054,0.276264965503553,0.0
11,26,128,32,32,1.5,random_kept_only,0.23509987221770423,0.9745555560836963,0.24914256451229383,0.34375
11,26,128,32,32,1.5,random_plus_first_order_moment,0.003585708258310179,0.9999936536676901,0.24914256451229383,0.34375
11,26,128,32,32,1.5,value_norm_kept_only,0.8852665010212584,0.7770968423928444,0.22613798509496508,0.75
11,27,128,32,32,1.5,top_attention_kept_only,0.6315479921092445,0.8730656974985529,0.27817397049249215,0.0
11,27,128,32,32,1.5,top_attention_plus_mean_moment,0.06684855397320584,0.9977719049923371,0.27817397049249215,0.0
11,27,128,32,32,1.5,top_attention_plus_first_order_moment,0.003234470977939497,0.99999494319692,0.27817397049249215,0.0
11,27,128,32,32,1.5,random_kept_only,0.27519622441792857,0.9646672979142258,0.25251340190806115,0.25
11,27,128,32,32,1.5,random_plus_first_order_moment,0.0039361866225459995,0.9999924503270559,0.25251340190806115,0.25
11,27,128,32,32,1.5,value_norm_kept_only,0.9928905432269247,0.711777148971491,0.22966700487810943,0.71875
11,28,128,32,32,1.5,top_attention_kept_only,0.573856826290758,0.878181756809584,0.27633086522619554,0.0
11,28,128,32,32,1.5,top_attention_plus_mean_moment,0.07058365848986052,0.9975306629041292,0.27633086522619554,0.0
11,28,128,32,32,1.5,top_attention_plus_first_order_moment,0.003068489903173693,0.9999954002306116,0.27633086522619554,0.0
11,28,128,32,32,1.5,random_kept_only,0.24106077799416262,0.9709615614160872,0.2497954366123943,0.3125
11,28,128,32,32,1.5,random_plus_first_order_moment,0.0036643081364483867,0.9999934392556128,0.2497954366123943,0.3125
11,28,128,32,32,1.5,value_norm_kept_only,1.028781187638999,0.7025774785730743,0.22717218864278452,0.71875
11,29,128,32,32,1.5,top_attention_kept_only,0.6392368732078894,0.858513980434884,0.2768751479201855,0.0
11,29,128,32,32,1.5,top_attention_plus_mean_moment,0.06525638505403693,0.9978695801935592,0.2768751479201855,0.0
11,29,128,32,32,1.5,top_attention_plus_first_order_moment,0.0030755431698367324,0.9999952958599643,0.2768751479201855,0.0
11,29,128,32,32,1.5,random_kept_only,0.26123579774501976,0.9654506566227139,0.24678207839797295,0.3125
11,29,128,32,32,1.5,random_plus_first_order_moment,0.004087012194525135,0.9999916457460409,0.24678207839797295,0.3125
11,29,128,32,32,1.5,value_norm_kept_only,1.316594000957619,0.6288946937409056,0.2221356401130783,0.84375
11,30,128,32,32,1.5,top_attention_kept_only,0.5605308957777029,0.8786311046301977,0.277426673076429,0.0
11,30,128,32,32,1.5,top_attention_plus_mean_moment,0.05743834247103475,0.9983563521309646,0.277426673076429,0.0
11,30,128,32,32,1.5,top_attention_plus_first_order_moment,0.0028685309777793902,0.9999959180913547,0.277426673076429,0.0
11,30,128,32,32,1.5,random_kept_only,0.17907748293285258,0.9857334989000824,0.24894607859469312,0.3125
11,30,128,32,32,1.5,random_plus_first_order_moment,0.0034994963042710965,0.9999939545546762,0.24894607859469312,0.3125
11,30,128,32,32,1.5,value_norm_kept_only,0.8404449902720637,0.7880528881351644,0.23279389353582647,0.6875
11,31,128,32,32,1.5,top_attention_kept_only,0.5689894855156156,0.8811666283681787,0.2772620957623904,0.0
11,31,128,32,32,1.5,top_attention_plus_mean_moment,0.06031686576159517,0.9981933817559695,0.2772620957623904,0.0
11,31,128,32,32,1.5,top_attention_plus_first_order_moment,0.002887856365950762,0.9999959689007206,0.2772620957623904,0.0
11,31,128,32,32,1.5,random_kept_only,0.3289142171138559,0.9444875941776731,0.24630909082444097,0.40625
11,31,128,32,32,1.5,random_plus_first_order_moment,0.003524233811662038,0.9999939905798235,0.24630909082444097,0.40625
11,31,128,32,32,1.5,value_norm_kept_only,0.8638471066334849,0.7778639998299628,0.22986393196185886,0.6875
11,32,128,32,32,1.5,top_attention_kept_only,0.6490708074970603,0.8572168341264235,0.276113136275799,0.0
11,32,128,32,32,1.5,top_attention_plus_mean_moment,0.06744047376345623,0.9977641756221161,0.276113136275799,0.0
11,32,128,32,32,1.5,top_attention_plus_first_order_moment,0.0029014765485973005,0.9999958951695692,0.276113136275799,0.0
11,32,128,32,32,1.5,random_kept_only,0.2827116217956934,0.9625158952896405,0.24939904821502742,0.28125
11,32,128,32,32,1.5,random_plus_first_order_moment,0.0037686294672070377,0.9999931035635418,0.24939904821502742,0.28125
11,32,128,32,32,1.5,value_norm_kept_only,0.9241685182665944,0.7423448051594206,0.23058755997573566,0.6875
11,33,128,32,32,1.5,top_attention_kept_only,0.6187754381885288,0.8783205189189512,0.2772607447809959,0.0
11,33,128,32,32,1.5,top_attention_plus_mean_moment,0.06453797344309645,0.9979203573479001,0.2772607447809959,0.0
11,33,128,32,32,1.5,top_attention_plus_first_order_moment,0.0029374193511856423,0.9999957796325832,0.2772607447809959,0.0
11,33,128,32,32,1.5,random_kept_only,0.3190578478836386,0.9488161527020385,0.24582108060676067,0.34375
11,33,128,32,32,1.5,random_plus_first_order_moment,0.003725927905298289,0.9999931688830273,0.24582108060676067,0.34375
11,33,128,32,32,1.5,value_norm_kept_only,1.1822965480617185,0.6386727691375363,0.22616680777716014,0.8125
11,34,128,32,32,1.5,top_attention_kept_only,0.5312046695192443,0.9039093213671814,0.27874255828077016,0.0
11,34,128,32,32,1.5,top_attention_plus_mean_moment,0.06988425210407467,0.9975663261343612,0.27874255828077016,0.0
11,34,128,32,32,1.5,top_attention_plus_first_order_moment,0.0030676427615834276,0.9999953913816857,0.27874255828077016,0.0
11,34,128,32,32,1.5,random_kept_only,0.34954508722295513,0.9374372444885127,0.25096266059473027,0.25
11,34,128,32,32,1.5,random_plus_first_order_moment,0.0040860232119992205,0.9999917416802336,0.25096266059473027,0.25
11,34,128,32,32,1.5,value_norm_kept_only,0.9013480991192392,0.7514149338224722,0.22981177523944846,0.6875
11,35,128,32,32,1.5,top_attention_kept_only,0.6254233867308093,0.8825963404645515,0.276905469633081,0.0
11,35,128,32,32,1.5,top_attention_plus_mean_moment,0.06782392818212456,0.9976986279674888,0.276905469633081,0.0
11,35,128,32,32,1.5,top_attention_plus_first_order_moment,0.0033831972718097775,0.9999943642075281,0.276905469633081,0.0
11,35,128,32,32,1.5,random_kept_only,0.407376796846134,0.921544606632692,0.24220889442709106,0.4375
11,35,128,32,32,1.5,random_plus_first_order_moment,0.004228706605042721,0.9999911203522664,0.24220889442709106,0.4375
11,35,128,32,32,1.5,value_norm_kept_only,1.0241702905801147,0.699073104881659,0.22848373754508483,0.71875
11,36,128,32,32,1.5,top_attention_kept_only,0.5787183194714437,0.880236689354916,0.2765650484071832,0.0
11,36,128,32,32,1.5,top_attention_plus_mean_moment,0.05984023928078089,0.9982082556601625,0.2765650484071832,0.0
11,36,128,32,32,1.5,top_attention_plus_first_order_moment,0.002582617598524173,0.9999966808169606,0.2765650484071832,0.0
11,36,128,32,32,1.5,random_kept_only,0.2545306676091538,0.9683900676914124,0.24831377742347904,0.3125
11,36,128,32,32,1.5,random_plus_first_order_moment,0.0033267003596745342,0.9999944747649853,0.24831377742347904,0.3125
11,36,128,32,32,1.5,value_norm_kept_only,1.0910022639901469,0.7118406287758196,0.2295812920699405,0.78125
11,37,128,32,32,1.5,top_attention_kept_only,0.6319610828011923,0.8476650306502825,0.2775005384912149,0.0
11,37,128,32,32,1.5,top_attention_plus_mean_moment,0.061694615468925275,0.9980952127442754,0.2775005384912149,0.0
11,37,128,32,32,1.5,top_attention_plus_first_order_moment,0.0029018257340613124,0.9999958063194031,0.2775005384912149,0.0
11,37,128,32,32,1.5,random_kept_only,0.32873432414308423,0.9475568980557095,0.2577656921986762,0.1875
11,37,128,32,32,1.5,random_plus_first_order_moment,0.0035913557517269373,0.9999935515855377,0.2577656921986762,0.1875
11,37,128,32,32,1.5,value_norm_kept_only,1.0359019968845502,0.7187026739438868,0.22763578143304414,0.75
11,38,128,32,32,1.5,top_attention_kept_only,0.626485167400017,0.8694575803895909,0.2765919732202503,0.0
11,38,128,32,32,1.5,top_attention_plus_mean_moment,0.06496744107007585,0.997892415396086,0.2765919732202503,0.0
11,38,128,32,32,1.5,top_attention_plus_first_order_moment,0.0030477973723237735,0.9999954077850189,0.2765919732202503,0.0
11,38,128,32,32,1.5,random_kept_only,0.26497034669543446,0.9681582940021606,0.2546379560515904,0.1875
11,38,128,32,32,1.5,random_plus_first_order_moment,0.0036332012765022954,0.9999934474057531,0.2546379560515904,0.1875
11,38,128,32,32,1.5,value_norm_kept_only,0.8888027621391319,0.7743336337788812,0.22836936159677626,0.6875
11,39,128,32,32,1.5,top_attention_kept_only,0.5560370851811826,0.8889460512262227,0.277211410908772,0.0
11,39,128,32,32,1.5,top_attention_plus_mean_moment,0.0705432856262868,0.9975114182510227,0.277211410908772,0.0
11,39,128,32,32,1.5,top_attention_plus_first_order_moment,0.003239144874420965,0.9999948121721166,0.277211410908772,0.0
11,39,128,32,32,1.5,random_kept_only,0.3285626970999638,0.9558788574488899,0.2535309141695083,0.21875
11,39,128,32,32,1.5,random_plus_first_order_moment,0.004142088722698271,0.9999915315136824,0.2535309141695083,0.21875
11,39,128,32,32,1.5,value_norm_kept_only,0.9997323411256462,0.7250942887314927,0.22616872669387847,0.75
11,0,128,32,64,1.5,top_attention_kept_only,0.5361876551626688,0.9031821812945878,0.5377105820771184,0.0
11,0,128,32,64,1.5,top_attention_plus_mean_moment,0.03362906587642929,0.999434896935334,0.5377105820771184,0.0
11,0,128,32,64,1.5,top_attention_plus_first_order_moment,0.0012203253979030187,0.9999992691028442,0.5377105820771184,0.0
11,0,128,32,64,1.5,random_kept_only,0.13972933392153256,0.9904243148852152,0.5012062416458727,0.296875
11,0,128,32,64,1.5,random_plus_first_order_moment,0.0022256692273077226,0.999997568597754,0.5012062416458727,0.296875
11,0,128,32,64,1.5,value_norm_kept_only,0.3978283530416817,0.9367721607471038,0.484083102666795,0.5
11,1,128,32,64,1.5,top_attention_kept_only,0.5852115562832593,0.8750036611584004,0.5389052695819311,0.0
11,1,128,32,64,1.5,top_attention_plus_mean_moment,0.034725669716268066,0.9993968901155003,0.5389052695819311,0.0
11,1,128,32,64,1.5,top_attention_plus_first_order_moment,0.001411377614286444,0.9999990027543139,0.5389052695819311,0.0
11,1,128,32,64,1.5,random_kept_only,0.17233093079500336,0.9872359290377989,0.5030061485028186,0.25
11,1,128,32,64,1.5,random_plus_first_order_moment,0.0022318230775354693,0.9999975214987499,0.5030061485028186,0.25
11,1,128,32,64,1.5,value_norm_kept_only,0.40288623816781544,0.9412066392332065,0.4817577354822893,0.5
11,2,128,32,64,1.5,top_attention_kept_only,0.587103157045518,0.8740896291336773,0.5402306251028405,0.0
11,2,128,32,64,1.5,top_attention_plus_mean_moment,0.03626468133260014,0.9993530756344705,0.5402306251028405,0.0
11,2,128,32,64,1.5,top_attention_plus_first_order_moment,0.0014516729196406438,0.9999989544630955,0.5402306251028405,0.0
11,2,128,32,64,1.5,random_kept_only,0.1452571869994022,0.9897432947874854,0.5003511496642246,0.296875
11,2,128,32,64,1.5,random_plus_first_order_moment,0.002812285149448905,0.9999961537440187,0.5003511496642246,0.296875
11,2,128,32,64,1.5,value_norm_kept_only,0.5381294421272803,0.9046085896723761,0.4755923192508522,0.546875
11,3,128,32,64,1.5,top_attention_kept_only,0.5546767854662579,0.8847731144300042,0.5422010611657577,0.0
11,3,128,32,64,1.5,top_attention_plus_mean_moment,0.03783679528629896,0.9992886327814829,0.5422010611657577,0.0
11,3,128,32,64,1.5,top_attention_plus_first_order_moment,0.0014353997843918368,0.9999989695853496,0.5422010611657577,0.0
11,3,128,32,64,1.5,random_kept_only,0.17347072195050978,0.9849298882617092,0.49556565081613113,0.296875
11,3,128,32,64,1.5,random_plus_first_order_moment,0.003163905767463284,0.9999950627784974,0.49556565081613113,0.296875
11,3,128,32,64,1.5,value_norm_kept_only,0.5093095143598707,0.8897854236594923,0.4722923158662131,0.5625
11,4,128,32,64,1.5,top_attention_kept_only,0.5483651701429101,0.886624803851664,0.5383024841605493,0.0
11,4,128,32,64,1.5,top_attention_plus_mean_moment,0.038035197431306164,0.9992966533991982,0.5383024841605493,0.0
11,4,128,32,64,1.5,top_attention_plus_first_order_moment,0.0015500720473096688,0.9999988109662347,0.5383024841605493,0.0
11,4,128,32,64,1.5,random_kept_only,0.15246161389243026,0.9889939807866133,0.4955058774985698,0.3125
11,4,128,32,64,1.5,random_plus_first_order_moment,0.0032378935201827705,0.9999948281855916,0.4955058774985698,0.3125
11,4,128,32,64,1.5,value_norm_kept_only,0.40259531215665145,0.9375401833849522,0.47922445487647247,0.484375
11,5,128,32,64,1.5,top_attention_kept_only,0.5980586777972806,0.8684399838216609,0.5368693132047182,0.0
11,5,128,32,64,1.5,top_attention_plus_mean_moment,0.030924643844997563,0.9995234772164397,0.5368693132047182,0.0
11,5,128,32,64,1.5,top_attention_plus_first_order_moment,0.0012027730240177785,0.9999992827747178,0.5368693132047182,0.0
11,5,128,32,64,1.5,random_kept_only,0.16209588546851764,0.9873705698721691,0.5032400142407683,0.265625
11,5,128,32,64,1.5,random_plus_first_order_moment,0.0024034527752742336,0.9999971351608845,0.5032400142407683,0.265625
11,5,128,32,64,1.5,value_norm_kept_only,0.4613285458447057,0.9289358580158794,0.48161367537911715,0.515625
11,6,128,32,64,1.5,top_attention_kept_only,0.5588618371762196,0.8949822343651541,0.5415721205783857,0.0
11,6,128,32,64,1.5,top_attention_plus_mean_moment,0.038839526485744735,0.9992482205618551,0.5415721205783857,0.0
11,6,128,32,64,1.5,top_attention_plus_first_order_moment,0.0015454754772604804,0.9999988257753242,0.5415721205783857,0.0
11,6,128,32,64,1.5,random_kept_only,0.17950549854992084,0.9884368436493324,0.5091847948625224,0.21875
11,6,128,32,64,1.5,random_plus_first_order_moment,0.0031587071253850307,0.9999951098832481,0.5091847948625224,0.21875
11,6,128,32,64,1.5,value_norm_kept_only,0.38954899163075424,0.939383090684193,0.4782440720135105,0.5
11,7,128,32,64,1.5,top_attention_kept_only,0.5719278005697256,0.8753938131001394,0.5392233622420556,0.0
11,7,128,32,64,1.5,top_attention_plus_mean_moment,0.03881814401163377,0.9992480439074155,0.5392233622420556,0.0
11,7,128,32,64,1.5,top_attention_plus_first_order_moment,0.0014916648086285762,0.9999988908520714,0.5392233622420556,0.0
11,7,128,32,64,1.5,random_kept_only,0.17691274516835734,0.9843411651343951,0.49333059124452106,0.328125
11,7,128,32,64,1.5,random_plus_first_order_moment,0.0027720677582147315,0.9999961622885466,0.49333059124452106,0.328125
11,7,128,32,64,1.5,value_norm_kept_only,0.5391088483380654,0.8899841833773001,0.47740815577590523,0.546875
11,8,128,32,64,1.5,top_attention_kept_only,0.5518120873490809,0.8893915085853324,0.5381392868549792,0.0
11,8,128,32,64,1.5,top_attention_plus_mean_moment,0.03230408523721,0.999478228496589,0.5381392868549792,0.0
11,8,128,32,64,1.5,top_attention_plus_first_order_moment,0.0010963991252771787,0.999999401693947,0.5381392868549792,0.0
11,8,128,32,64,1.5,random_kept_only,0.17923028428701007,0.9841406039058394,0.4985814399231647,0.34375
11,8,128,32,64,1.5,random_plus_first_order_moment,0.002020317623247757,0.9999979608532316,0.4985814399231647,0.34375
11,8,128,32,64,1.5,value_norm_kept_only,0.4518755695693904,0.9292204383307296,0.48277523956475943,0.515625
11,9,128,32,64,1.5,top_attention_kept_only,0.606955122527036,0.8779828807737702,0.5414534014053247,0.0
11,9,128,32,64,1.5,top_attention_plus_mean_moment,0.03638032459894943,0.9993451687700667,0.5414534014053247,0.0
11,9,128,32,64,1.5,top_attention_plus_first_order_moment,0.0012441671279437357,0.999999242412341,0.5414534014053247,0.0
11,9,128,32,64,1.5,random_kept_only,0.19439823746874535,0.9833768309304092,0.49679451432189753,0.3125
11,9,128,32,64,1.5,random_plus_first_order_moment,0.002751185400158612,0.9999964600114349,0.49679451432189753,0.3125
11,9,128,32,64,1.5,value_norm_kept_only,0.4655220870352862,0.916154965616304,0.47707065940696136,0.53125
11,10,128,32,64,1.5,top_attention_kept_only,0.595818130139404,0.8678006254142229,0.5387254604615065,0.0
11,10,128,32,64,1.5,top_attention_plus_mean_moment,0.035824161555529026,0.9993585475465537,0.5387254604615065,0.0
11,10,128,32,64,1.5,top_attention_plus_first_order_moment,0.0013245476380861663,0.9999991216037604,0.5387254604615065,0.0
11,10,128,32,64,1.5,random_kept_only,0.1595569620506606,0.9872431360155605,0.5020468114448366,0.28125
11,10,128,32,64,1.5,random_plus_first_order_moment,0.002495028246930488,0.999996888806381,0.5020468114448366,0.28125
11,10,128,32,64,1.5,value_norm_kept_only,0.4268514595905249,0.9331453446940738,0.4795982368372092,0.5
11,11,128,32,64,1.5,top_attention_kept_only,0.6068366338848759,0.8754758245508812,0.5413433934794706,0.015625
11,11,128,32,64,1.5,top_attention_plus_mean_moment,0.038043074272802756,0.9992790028252982,0.5413433934794706,0.015625
11,11,128,32,64,1.5,top_attention_plus_first_order_moment,0.0015576550727875258,0.9999988028306771,0.5413433934794706,0.015625
11,11,128,32,64,1.5,random_kept_only,0.1592555603273881,0.9880215810149329,0.503916371614048,0.265625
11,11,128,32,64,1.5,random_plus_first_order_moment,0.0029968233882306425,0.9999955487203157,0.503916371614048,0.265625
11,11,128,32,64,1.5,value_norm_kept_only,0.5327004939960116,0.8972173723819941,0.47566338829185467,0.5625
11,12,128,32,64,1.5,top_attention_kept_only,0.5915486780953307,0.8769551349610858,0.5365870897511464,0.0
11,12,128,32,64,1.5,top_attention_plus_mean_moment,0.03518125044419879,0.9993834454565902,0.5365870897511464,0.0
11,12,128,32,64,1.5,top_attention_plus_first_order_moment,0.0013009659069175947,0.9999991591701425,0.5365870897511464,0.0
11,12,128,32,64,1.5,random_kept_only,0.16188104404781078,0.9868677540160323,0.49846581747160734,0.3125
11,12,128,32,64,1.5,random_plus_first_order_moment,0.0026723005909183527,0.9999964541899926,0.49846581747160734,0.3125
11,12,128,32,64,1.5,value_norm_kept_only,0.4377621013622995,0.9286838267350576,0.48390244104712454,0.5
11,13,128,32,64,1.5,top_attention_kept_only,0.5791970496065812,0.8695184015395777,0.5379955875157472,0.0
11,13,128,32,64,1.5,top_attention_plus_mean_moment,0.03258950343735353,0.9994691372186393,0.5379955875157472,0.0
11,13,128,32,64,1.5,top_attention_plus_first_order_moment,0.0012690783881550525,0.9999991923757005,0.5379955875157472,0.0
11,13,128,32,64,1.5,random_kept_only,0.1511084039581281,0.9888696583354142,0.5045821883015548,0.28125
11,13,128,32,64,1.5,random_plus_first_order_moment,0.002199736488881036,0.999997583705634,0.5045821883015548,0.28125
11,13,128,32,64,1.5,value_norm_kept_only,0.45683540698375097,0.9189572524100307,0.47859727515605877,0.53125
11,14,128,32,64,1.5,top_attention_kept_only,0.5167003312179183,0.9057057636393842,0.5384318508915038,0.015625
11,14,128,32,64,1.5,top_attention_plus_mean_moment,0.03168660903142665,0.9995019731974222,0.5384318508915038,0.015625
11,14,128,32,64,1.5,top_attention_plus_first_order_moment,0.0012535024337511154,0.9999992253733736,0.5384318508915038,0.015625
11,14,128,32,64,1.5,random_kept_only,0.19980497340905395,0.9799411936423442,0.4922327944728809,0.390625
11,14,128,32,64,1.5,random_plus_first_order_moment,0.002020195736780887,0.9999980536893489,0.4922327944728809,0.390625
11,14,128,32,64,1.5,value_norm_kept_only,0.3931059311885847,0.9450445397573061,0.4806864552923004,0.515625
11,15,128,32,64,1.5,top_attention_kept_only,0.6326736184396509,0.8534398233931781,0.5396615653310679,0.0
11,15,128,32,64,1.5,top_attention_plus_mean_moment,0.03443626432870943,0.9994075847240842,0.5396615653310679,0.0
11,15,128,32,64,1.5,top_attention_plus_first_order_moment,0.0013995091498488373,0.9999990222933995,0.5396615653310679,0.0
11,15,128,32,64,1.5,random_kept_only,0.20019419752882917,0.9827057873658468,0.49314889901537884,0.359375
11,15,128,32,64,1.5,random_plus_first_order_moment,0.0025332215054272716,0.9999968475056714,0.49314889901537884,0.359375
11,15,128,32,64,1.5,value_norm_kept_only,0.4583593145596674,0.9207900368766623,0.48131885560034915,0.515625
11,16,128,32,64,1.5,top_attention_kept_only,0.5246379796837997,0.9017832250196063,0.5381190151133659,0.0
11,16,128,32,64,1.5,top_attention_plus_mean_moment,0.03639042886895685,0.9993377239123954,0.5381190151133659,0.0
11,16,128,32,64,1.5,top_attention_plus_first_order_moment,0.001239611941735267,0.9999992378202262,0.5381190151133659,0.0
11,16,128,32,64,1.5,random_kept_only,0.15698658114790903,0.987601113925392,0.496663626420862,0.296875
11,16,128,32,64,1.5,random_plus_first_order_moment,0.0025080626712992667,0.9999968618758314,0.496663626420862,0.296875
11,16,128,32,64,1.5,value_norm_kept_only,0.41461887132951136,0.9389295622321716,0.4807200334871664,0.515625
11,17,128,32,64,1.5,top_attention_kept_only,0.560115171079424,0.8855785989431174,0.539575423977568,0.0
11,17,128,32,64,1.5,top_attention_plus_mean_moment,0.038736408282551434,0.9992528560628667,0.539575423977568,0.0
11,17,128,32,64,1.5,top_attention_plus_first_order_moment,0.0014435213223808472,0.9999989789048245,0.539575423977568,0.0
11,17,128,32,64,1.5,random_kept_only,0.12108869347375739,0.9936543856163976,0.5012995116541642,0.28125
11,17,128,32,64,1.5,random_plus_first_order_moment,0.003158922936741367,0.9999950966606429,0.5012995116541642,0.28125
11,17,128,32,64,1.5,value_norm_kept_only,0.4734049190642959,0.9111681442993694,0.475989687848584,0.53125
11,18,128,32,64,1.5,top_attention_kept_only,0.5640570304160352,0.8807989168558342,0.5424704413217416,0.0
11,18,128,32,64,1.5,top_attention_plus_mean_moment,0.0402682925405016,0.9991898784282632,0.5424704413217416,0.0
11,18,128,32,64,1.5,top_attention_plus_first_order_moment,0.001397445709374163,0.9999990224637337,0.5424704413217416,0.0
11,18,128,32,64,1.5,random_kept_only,0.17591369652096508,0.9851160940802643,0.5002331079426943,0.3125
11,18,128,32,64,1.5,random_plus_first_order_moment,0.002883113524313193,0.9999958491967657,0.5002331079426943,0.3125
11,18,128,32,64,1.5,value_norm_kept_only,0.467806216641575,0.918478968768525,0.4753891339046049,0.53125
11,19,128,32,64,1.5,top_attention_kept_only,0.5496678907651603,0.883261855618673,0.537780992002272,0.0
11,19,128,32,64,1.5,top_attention_plus_mean_moment,0.03214488835822358,0.9994942222182093,0.537780992002272,0.0
11,19,128,32,64,1.5,top_attention_plus_first_order_moment,0.001164395951842733,0.9999993261774205,0.537780992002272,0.0
11,19,128,32,64,1.5,random_kept_only,0.2019612613454152,0.982371455483783,0.5049101939418448,0.25
11,19,128,32,64,1.5,random_plus_first_order_moment,0.002307227130448525,0.9999974403663556,0.5049101939418448,0.25
11,19,128,32,64,1.5,value_norm_kept_only,0.3772464800944345,0.9457244559495723,0.48199311767534814,0.484375
11,20,128,32,64,1.5,top_attention_kept_only,0.5382462527853632,0.8812401750114683,0.5370102825698051,0.0
11,20,128,32,64,1.5,top_attention_plus_mean_moment,0.036289927787174735,0.9993439143013477,0.5370102825698051,0.0
11,20,128,32,64,1.5,top_attention_plus_first_order_moment,0.0012800816572411955,0.9999991783592066,0.5370102825698051,0.0
11,20,128,32,64,1.5,random_kept_only,0.15100326452934135,0.988544390681983,0.5038937865630853,0.28125
11,20,128,32,64,1.5,random_plus_first_order_moment,0.0026742162538134187,0.9999964403265578,0.5038937865630853,0.28125
11,20,128,32,64,1.5,value_norm_kept_only,0.5174524393840285,0.9021621751237252,0.47695990151736595,0.546875
11,21,128,32,64,1.5,top_attention_kept_only,0.5670301031752464,0.8828703250015674,0.5400562288256399,0.0
11,21,128,32,64,1.5,top_attention_plus_mean_moment,0.04057709561531031,0.9991829136069645,0.5400562288256399,0.0
11,21,128,32,64,1.5,top_attention_plus_first_order_moment,0.0012989400216307484,0.9999991588065644,0.5400562288256399,0.0
11,21,128,32,64,1.5,random_kept_only,0.1562731673411166,0.9880817379771206,0.5016985255069135,0.28125
11,21,128,32,64,1.5,random_plus_first_order_moment,0.0031664481744868083,0.9999950057196089,0.5016985255069135,0.28125
11,21,128,32,64,1.5,value_norm_kept_only,0.47689190032884843,0.9070211168250569,0.47538219519228536,0.546875
11,22,128,32,64,1.5,top_attention_kept_only,0.5143249014230568,0.8969968721728023,0.5402882525036804,0.0
11,22,128,32,64,1.5,top_attention_plus_mean_moment,0.04059861097861551,0.9991755489630529,0.5402882525036804,0.0
11,22,128,32,64,1.5,top_attention_plus_first_order_moment,0.0014454415380773277,0.9999989548260091,0.5402882525036804,0.0
11,22,128,32,64,1.5,random_kept_only,0.18108842652221688,0.9837176884674698,0.4961210271092725,0.34375
11,22,128,32,64,1.5,random_plus_first_order_moment,0.003011547574126166,0.999995530590156,0.4961210271092725,0.34375
11,22,128,32,64,1.5,value_norm_kept_only,0.49483901776733696,0.9057611124411815,0.47177591641623917,0.546875
11,23,128,32,64,1.5,top_attention_kept_only,0.5860629722837872,0.878532715249523,0.5378651181787792,0.0
11,23,128,32,64,1.5,top_attention_plus_mean_moment,0.03609330814866829,0.9993503623016433,0.5378651181787792,0.0
11,23,128,32,64,1.5,top_attention_plus_first_order_moment,0.0014096641946640786,0.99999901489713,0.5378651181787792,0.0
11,23,128,32,64,1.5,random_kept_only,0.1800821455874655,0.9841423191613289,0.49484199489852865,0.34375
11,23,128,32,64,1.5,random_plus_first_order_moment,0.0025801397667583985,0.9999967111237542,0.49484199489852865,0.34375
11,23,128,32,64,1.5,value_norm_kept_only,0.4791450097078873,0.9034161011722391,0.47601557930597554,0.546875
11,24,128,32,64,1.5,top_attention_kept_only,0.5375593939102907,0.889540712044335,0.5391417513260613,0.0
11,24,128,32,64,1.5,top_attention_plus_mean_moment,0.03891792537330864,0.9992558547981455,0.5391417513260613,0.0
11,24,128,32,64,1.5,top_attention_plus_first_order_moment,0.0012700454016557367,0.9999992042692791,0.5391417513260613,0.0
11,24,128,32,64,1.5,random_kept_only,0.15891623005505065,0.9874105774399937,0.5001010737901973,0.296875
11,24,128,32,64,1.5,random_plus_first_order_moment,0.0024513254549636517,0.9999970620545222,0.5001010737901973,0.296875
11,24,128,32,64,1.5,value_norm_kept_only,0.44704645541065796,0.9242843662750588,0.4759819753177822,0.515625
11,25,128,32,64,1.5,top_attention_kept_only,0.582815390832677,0.8719164401292196,0.5395962783129771,0.0
11,25,128,32,64,1.5,top_attention_plus_mean_moment,0.03663197039840352,0.9993319227013076,0.5395962783129771,0.0
11,25,128,32,64,1.5,top_attention_plus_first_order_moment,0.0014628617409954677,0.9999989370068834,0.5395962783129771,0.0
11,25,128,32,64,1.5,random_kept_only,0.15774544734843648,0.9903667471502953,0.5025034862557947,0.296875
11,25,128,32,64,1.5,random_plus_first_order_moment,0.0024191660606968112,0.9999971150111434,0.5025034862557947,0.296875
11,25,128,32,64,1.5,value_norm_kept_only,0.45228653114646256,0.9280444943851018,0.48107350973137675,0.515625
11,26,128,32,64,1.5,top_attention_kept_only,0.5182155361305947,0.9007198233009253,0.5419170984238106,0.0
11,26,128,32,64,1.5,top_attention_plus_mean_moment,0.0403638838011869,0.9991912516930593,0.5419170984238106,0.0
11,26,128,32,64,1.5,top_attention_plus_first_order_moment,0.0014977124672050817,0.9999988777414904,0.5419170984238106,0.0
11,26,128,32,64,1.5,random_kept_only,0.1712647798660128,0.9856489580479572,0.49626800874168625,0.34375
11,26,128,32,64,1.5,random_plus_first_order_moment,0.0028692804080365764,0.9999959220703816,0.49626800874168625,0.34375
11,26,128,32,64,1.5,value_norm_kept_only,0.4580105960057551,0.9237319149899592,0.4753336581312624,0.515625
11,27,128,32,64,1.5,top_attention_kept_only,0.5680925687487169,0.8913594271940134,0.5399995189506486,0.0
11,27,128,32,64,1.5,top_attention_plus_mean_moment,0.036260964956966416,0.9993580204762946,0.5399995189506486,0.0
11,27,128,32,64,1.5,top_attention_plus_first_order_moment,0.001270899531997846,0.99999923070995,0.5399995189506486,0.0
11,27,128,32,64,1.5,random_kept_only,0.184348114515094,0.9832914268084784,0.5092587309681621,0.234375
11,27,128,32,64,1.5,random_plus_first_order_moment,0.0026577691091555777,0.9999965877315877,0.5092587309681621,0.234375
11,27,128,32,64,1.5,value_norm_kept_only,0.3670954858186143,0.9502079615325828,0.48579053769410957,0.46875
11,28,128,32,64,1.5,top_attention_kept_only,0.5578576012820168,0.8897476865660489,0.5395133825976126,0.0
11,28,128,32,64,1.5,top_attention_plus_mean_moment,0.0330445168427705,0.9994543896402656,0.5395133825976126,0.0
11,28,128,32,64,1.5,top_attention_plus_first_order_moment,0.0011517169379955154,0.9999993431849115,0.5395133825976126,0.0
11,28,128,32,64,1.5,random_kept_only,0.16545787329315062,0.9897486618276725,0.5014762893803104,0.265625
11,28,128,32,64,1.5,random_plus_first_order_moment,0.002499703537335573,0.9999969243760242,0.5014762893803104,0.265625
11,28,128,32,64,1.5,value_norm_kept_only,0.4050758483939929,0.9357649040932986,0.47958091042890705,0.5
11,29,128,32,64,1.5,top_attention_kept_only,0.626150451258421,0.8490911642607454,0.5402485090886412,0.0
11,29,128,32,64,1.5,top_attention_plus_mean_moment,0.03668942952949803,0.9993336270747748,0.5402485090886412,0.0
11,29,128,32,64,1.5,top_attention_plus_first_order_moment,0.0015839609329281086,0.999998745890915,0.5402485090886412,0.0
11,29,128,32,64,1.5,random_kept_only,0.1484000628699438,0.9889496175760648,0.5021172260534359,0.296875
11,29,128,32,64,1.5,random_plus_first_order_moment,0.002873111491823692,0.9999959225373097,0.5021172260534359,0.296875
11,29,128,32,64,1.5,value_norm_kept_only,0.5219335228991198,0.8924498481192713,0.4720973718303543,0.5625
11,30,128,32,64,1.5,top_attention_kept_only,0.5482403454991467,0.8814020722579892,0.5419766158503017,0.0
11,30,128,32,64,1.5,top_attention_plus_mean_moment,0.03947880916103005,0.9992243532922183,0.5419766158503017,0.0
11,30,128,32,64,1.5,top_attention_plus_first_order_moment,0.0014739618011135117,0.9999989139399699,0.5419766158503017,0.0
11,30,128,32,64,1.5,random_kept_only,0.13492231611028818,0.991469819031416,0.4993535273071111,0.3125
11,30,128,32,64,1.5,random_plus_first_order_moment,0.0030095064550347177,0.9999954963451795,0.4993535273071111,0.3125
11,30,128,32,64,1.5,value_norm_kept_only,0.5601570467131934,0.8813740841020129,0.47003892605219466,0.578125
11,31,128,32,64,1.5,top_attention_kept_only,0.5704885118780397,0.8829636541181944,0.5387402281864009,0.0
11,31,128,32,64,1.5,top_attention_plus_mean_moment,0.03554253278471658,0.9993699438724153,0.5387402281864009,0.0
11,31,128,32,64,1.5,top_attention_plus_first_order_moment,0.0012383572145590522,0.9999992387137213,0.5387402281864009,0.0
11,31,128,32,64,1.5,random_kept_only,0.15326985518473066,0.9882376607339277,0.4950755658371947,0.34375
11,31,128,32,64,1.5,random_plus_first_order_moment,0.0026112308262047465,0.9999966075593059,0.4950755658371947,0.34375
11,31,128,32,64,1.5,value_norm_kept_only,0.41961960386501695,0.9321920070114527,0.48097700072583127,0.515625
11,32,128,32,64,1.5,top_attention_kept_only,0.539617464684519,0.9017576034606767,0.541429109272234,0.0
11,32,128,32,64,1.5,top_attention_plus_mean_moment,0.03771796016293154,0.9993078223431826,0.541429109272234,0.0
11,32,128,32,64,1.5,top_attention_plus_first_order_moment,0.001458157259934936,0.9999989534074212,0.541429109272234,0.0
11,32,128,32,64,1.5,random_kept_only,0.16366798736116372,0.9871208108963216,0.503903842514246,0.25
11,32,128,32,64,1.5,random_plus_first_order_moment,0.003268060957202141,0.9999947691382651,0.503903842514246,0.25
11,32,128,32,64,1.5,value_norm_kept_only,0.3764035633804065,0.9434649941201468,0.4810146290972403,0.484375
11,33,128,32,64,1.5,top_attention_kept_only,0.558575877096219,0.8870663226614148,0.5400371245736465,0.0
11,33,128,32,64,1.5,top_attention_plus_mean_moment,0.03958870231114206,0.9992319423188217,0.5400371245736465,0.0
11,33,128,32,64,1.5,top_attention_plus_first_order_moment,0.0015449082069986853,0.9999988270966332,0.5400371245736465,0.0
11,33,128,32,64,1.5,random_kept_only,0.1673482157365763,0.9860156776805563,0.5000808559290824,0.328125
11,33,128,32,64,1.5,random_plus_first_order_moment,0.0025298838052558855,0.9999968963202518,0.5000808559290824,0.328125
11,33,128,32,64,1.5,value_norm_kept_only,0.3532611688082767,0.9441766241181435,0.4786265664378331,0.5
11,34,128,32,64,1.5,top_attention_kept_only,0.5541191597138129,0.8904944323349658,0.540922941283194,0.0
11,34,128,32,64,1.5,top_attention_plus_mean_moment,0.03628538746888627,0.9993463496293555,0.540922941283194,0.0
11,34,128,32,64,1.5,top_attention_plus_first_order_moment,0.0012825278354086085,0.999999185129789,0.540922941283194,0.0
11,34,128,32,64,1.5,random_kept_only,0.16780309679254737,0.9861311769922371,0.4948475671909206,0.328125
11,34,128,32,64,1.5,random_plus_first_order_moment,0.0033634356100849965,0.9999943596320611,0.4948475671909206,0.328125
11,34,128,32,64,1.5,value_norm_kept_only,0.37854929623494615,0.9424537887276356,0.48221060436474233,0.484375
11,35,128,32,64,1.5,top_attention_kept_only,0.5907908001144028,0.8785708422567583,0.5414484348255868,0.0
11,35,128,32,64,1.5,top_attention_plus_mean_moment,0.038567767046332045,0.9992586075354778,0.5414484348255868,0.0
11,35,128,32,64,1.5,top_attention_plus_first_order_moment,0.0014089326971050164,0.9999990192897181,0.5414484348255868,0.0
11,35,128,32,64,1.5,random_kept_only,0.16975682777149362,0.9858209752903633,0.4923303474809744,0.34375
11,35,128,32,64,1.5,random_plus_first_order_moment,0.002914643233927267,0.9999958065822395,0.4923303474809744,0.34375
11,35,128,32,64,1.5,value_norm_kept_only,0.4430583449177188,0.9268447619757529,0.4799172844663995,0.515625
11,36,128,32,64,1.5,top_attention_kept_only,0.6111331674869823,0.8657136772141627,0.5378087523744999,0.0
11,36,128,32,64,1.5,top_attention_plus_mean_moment,0.03670338795267399,0.9993313922851903,0.5378087523744999,0.0
11,36,128,32,64,1.5,top_attention_plus_first_order_moment,0.0013090576501840528,0.9999991489650778,0.5378087523744999,0.0
11,36,128,32,64,1.5,random_kept_only,0.1500852243304869,0.989119782290033,0.49922131551860516,0.28125
11,36,128,32,64,1.5,random_plus_first_order_moment,0.0025477381492653617,0.9999967598048649,0.49922131551860516,0.28125
11,36,128,32,64,1.5,value_norm_kept_only,0.5365192790431484,0.8826211202363965,0.47448832275617103,0.5625
11,37,128,32,64,1.5,top_attention_kept_only,0.5569539595986462,0.8754626712003455,0.5388484781034448,0.0
11,37,128,32,64,1.5,top_attention_plus_mean_moment,0.03755068018373475,0.9993111793790072,0.5388484781034448,0.0
11,37,128,32,64,1.5,top_attention_plus_first_order_moment,0.0012185778837481333,0.9999992588652927,0.5388484781034448,0.0
11,37,128,32,64,1.5,random_kept_only,0.138232111333748,0.990453958429209,0.49873700381275393,0.296875
11,37,128,32,64,1.5,random_plus_first_order_moment,0.00281458889302913,0.9999961078983458,0.49873700381275393,0.296875
11,37,128,32,64,1.5,value_norm_kept_only,0.45233907949082325,0.9177843492894213,0.47674612039898917,0.515625
11,38,128,32,64,1.5,top_attention_kept_only,0.5469234166737357,0.9019984555220218,0.5376144275477811,0.0
11,38,128,32,64,1.5,top_attention_plus_mean_moment,0.03837841188255472,0.9992748363049584,0.5376144275477811,0.0
11,38,128,32,64,1.5,top_attention_plus_first_order_moment,0.0013026054493002958,0.9999991935342698,0.5376144275477811,0.0
11,38,128,32,64,1.5,random_kept_only,0.17477118326050586,0.985175774105546,0.5036144093778603,0.25
11,38,128,32,64,1.5,random_plus_first_order_moment,0.002883777836564402,0.9999960409238936,0.5036144093778603,0.25
11,38,128,32,64,1.5,value_norm_kept_only,0.42493159892633214,0.9246749800992189,0.4808645415035109,0.5
11,39,128,32,64,1.5,top_attention_kept_only,0.584696986715159,0.8782597082532069,0.5394882430704023,0.0
11,39,128,32,64,1.5,top_attention_plus_mean_moment,0.03982402155795785,0.999210854369728,0.5394882430704023,0.0
11,39,128,32,64,1.5,top_attention_plus_first_order_moment,0.0013114118307111155,0.9999991445817733,0.5394882430704023,0.0
11,39,128,32,64,1.5,random_kept_only,0.18928655893904278,0.9819349670479127,0.4979785703851888,0.34375
11,39,128,32,64,1.5,random_plus_first_order_moment,0.002816264577819294,0.9999960603681529,0.4979785703851888,0.34375
11,39,128,32,64,1.5,value_norm_kept_only,0.4652274674809406,0.9174964516566789,0.4814290407372177,0.515625
11,0,128,32,8,3.0,top_attention_kept_only,1.0057680298696527,0.5479343339683922,0.07214861361100215,0.0
11,0,128,32,8,3.0,top_attention_plus_mean_moment,0.10976591366121076,0.9957143243713887,0.07214861361100215,0.0
11,0,128,32,8,3.0,top_attention_plus_first_order_moment,0.00563399621163873,0.9999873649418362,0.07214861361100215,0.0
11,0,128,32,8,3.0,random_kept_only,0.48969015871592836,0.9013725555538047,0.060983709163687054,0.375
11,0,128,32,8,3.0,random_plus_first_order_moment,0.005578929214670782,0.9999876435086661,0.060983709163687054,0.375
11,0,128,32,8,3.0,value_norm_kept_only,2.5035218104245045,0.6864816702850695,0.054411579042766514,1.0
11,1,128,32,8,3.0,top_attention_kept_only,0.827525009698378,0.638251860251483,0.07052327785555813,0.0
11,1,128,32,8,3.0,top_attention_plus_mean_moment,0.10064980855257474,0.99622691690261,0.07052327785555813,0.0
11,1,128,32,8,3.0,top_attention_plus_first_order_moment,0.004678747775218694,0.9999911759566762,0.07052327785555813,0.0
11,1,128,32,8,3.0,random_kept_only,0.42233925541306283,0.9342739893463742,0.062217116144113585,0.375
11,1,128,32,8,3.0,random_plus_first_order_moment,0.005033597772004222,0.9999896527719324,0.062217116144113585,0.375
11,1,128,32,8,3.0,value_norm_kept_only,2.5263344675644017,0.7367192822760618,0.05524665691563138,1.0
11,2,128,32,8,3.0,top_attention_kept_only,0.8494502664637799,0.6891925129635362,0.07210517960282882,0.0
11,2,128,32,8,3.0,top_attention_plus_mean_moment,0.11715736391780669,0.9951395573186806,0.07210517960282882,0.0
11,2,128,32,8,3.0,top_attention_plus_first_order_moment,0.006400388686330578,0.9999835959770984,0.07210517960282882,0.0
11,2,128,32,8,3.0,random_kept_only,0.5963441173949074,0.8214277555881251,0.06674657001863174,0.125
11,2,128,32,8,3.0,random_plus_first_order_moment,0.006607078003077282,0.999982729999532,0.06674657001863174,0.125
11,2,128,32,8,3.0,value_norm_kept_only,2.540150149435648,0.6880014983237775,0.05423187774241289,1.0
11,3,128,32,8,3.0,top_attention_kept_only,0.9236688059613095,0.6389749036494328,0.0720405887545805,0.0
11,3,128,32,8,3.0,top_attention_plus_mean_moment,0.11042631843294681,0.9956308251266718,0.0720405887545805,0.0
11,3,128,32,8,3.0,top_attention_plus_first_order_moment,0.005534535195278142,0.9999875486294026,0.0720405887545805,0.0
11,3,128,32,8,3.0,random_kept_only,0.512115410941229,0.9182792482634728,0.06307350301854346,0.25
11,3,128,32,8,3.0,random_plus_first_order_moment,0.005686783311516058,0.9999870358435493,0.06307350301854346,0.25
11,3,128,32,8,3.0,value_norm_kept_only,2.5076142364855367,0.7164396712273521,0.05484919177964445,1.0
11,4,128,32,8,3.0,top_attention_kept_only,0.8167761307109342,0.6705962081282982,0.07187382072832413,0.0
11,4,128,32,8,3.0,top_attention_plus_mean_moment,0.10810713175215644,0.9957705883459467,0.07187382072832413,0.0
11,4,128,32,8,3.0,top_attention_plus_first_order_moment,0.005644549486712657,0.9999872790374369,0.07187382072832413,0.0
11,4,128,32,8,3.0,random_kept_only,0.467549420025456,0.8935821217323157,0.06276359672685564,0.25
11,4,128,32,8,3.0,random_plus_first_order_moment,0.005710820572828212,0.9999869085558378,0.06276359672685564,0.25
11,4,128,32,8,3.0,value_norm_kept_only,2.479648167588361,0.7010800042144972,0.05300942019160414,1.0
11,5,128,32,8,3.0,top_attention_kept_only,0.8622662708147966,0.6586568608250285,0.07151631962746098,0.0
11,5,128,32,8,3.0,top_attention_plus_mean_moment,0.10888480240348015,0.9957610757592563,0.07151631962746098,0.0
11,5,128,32,8,3.0,top_attention_plus_first_order_moment,0.005465561063946551,0.999988074462468,0.07151631962746098,0.0
11,5,128,32,8,3.0,random_kept_only,0.4496853309483829,0.9191127090217895,0.06386079719394083,0.25
11,5,128,32,8,3.0,random_plus_first_order_moment,0.005804647426249577,0.9999865796318452,0.06386079719394083,0.25
11,5,128,32,8,3.0,value_norm_kept_only,2.490110454533795,0.7250193013679136,0.05323659184595935,1.0
11,6,128,32,8,3.0,top_attention_kept_only,0.7681604478354965,0.7209267922003325,0.07072500617489891,0.0
11,6,128,32,8,3.0,top_attention_plus_mean_moment,0.10566550317192329,0.9960666654256236,0.07072500617489891,0.0
11,6,128,32,8,3.0,top_attention_plus_first_order_moment,0.005219364374164856,0.9999894551072407,0.07072500617489891,0.0
11,6,128,32,8,3.0,random_kept_only,0.9918748542261737,0.559160282856272,0.0649515464544661,0.0
11,6,128,32,8,3.0,random_plus_first_order_moment,0.005619988646065664,0.9999878234997939,0.0649515464544661,0.0
11,6,128,32,8,3.0,value_norm_kept_only,2.44296509957835,0.7484450654408303,0.05415782483083602,1.0
11,7,128,32,8,3.0,top_attention_kept_only,0.8941820969169164,0.630369433183522,0.0712473138863974,0.0
11,7,128,32,8,3.0,top_attention_plus_mean_moment,0.11680958624974051,0.995276827687166,0.0712473138863974,0.0
11,7,128,32,8,3.0,top_attention_plus_first_order_moment,0.0062196665177699844,0.9999851724985032,0.0712473138863974,0.0
11,7,128,32,8,3.0,random_kept_only,0.6090269088587046,0.9042273916583317,0.06160845928634864,0.375
11,7,128,32,8,3.0,random_plus_first_order_moment,0.006491917908339578,0.9999837622090395,0.06160845928634864,0.375
11,7,128,32,8,3.0,value_norm_kept_only,2.618873443338215,0.7022483989301533,0.05418911918629723,1.0
11,8,128,32,8,3.0,top_attention_kept_only,0.8122329957414754,0.6666241204616933,0.07215552650355492,0.0
11,8,128,32,8,3.0,top_attention_plus_mean_moment,0.11959755481796851,0.9950771810830645,0.07215552650355492,0.0
11,8,128,32,8,3.0,top_attention_plus_first_order_moment,0.0067735916476481675,0.999982246691458,0.07215552650355492,0.0
11,8,128,32,8,3.0,random_kept_only,0.47459477387584165,0.9403620435501276,0.06198789559436415,0.375
11,8,128,32,8,3.0,random_plus_first_order_moment,0.007002014526929913,0.9999808258758867,0.06198789559436415,0.375
11,8,128,32,8,3.0,value_norm_kept_only,2.5046141306885867,0.6662211948287289,0.05438638515669328,1.0
11,9,128,32,8,3.0,top_attention_kept_only,0.9410596358273731,0.574024680462703,0.07159520223726307,0.0
11,9,128,32,8,3.0,top_attention_plus_mean_moment,0.11435865952771299,0.9952477958272202,0.07159520223726307,0.0
11,9,128,32,8,3.0,top_attention_plus_first_order_moment,0.005727508124181008,0.9999864843682186,0.07159520223726307,0.0
11,9,128,32,8,3.0,random_kept_only,0.6781404143186146,0.7981681594755721,0.06408670936480851,0.125
11,9,128,32,8,3.0,random_plus_first_order_moment,0.005963391608151228,0.9999852657071675,0.06408670936480851,0.125
11,9,128,32,8,3.0,value_norm_kept_only,2.585225555447307,0.6831761724446479,0.05358184080286239,1.0
11,10,128,32,8,3.0,top_attention_kept_only,0.8027155630192095,0.6821462566337786,0.07069884754921832,0.0
11,10,128,32,8,3.0,top_attention_plus_mean_moment,0.10848221884501842,0.9957569906768442,0.07069884754921832,0.0
11,10,128,32,8,3.0,top_attention_plus_first_order_moment,0.005655621070515483,0.99998714363234,0.07069884754921832,0.0
11,10,128,32,8,3.0,random_kept_only,0.4218966978497267,0.9236019722134144,0.06521254430951906,0.25
11,10,128,32,8,3.0,random_plus_first_order_moment,0.005916427823216499,0.9999859060078161,0.06521254430951906,0.25
11,10,128,32,8,3.0,value_norm_kept_only,2.53406474206866,0.6927052616273286,0.05399409701397586,1.0
11,11,128,32,8,3.0,top_attention_kept_only,0.7722167107216215,0.7398246121900715,0.07132486531573838,0.0
11,11,128,32,8,3.0,top_attention_plus_mean_moment,0.11747318403373999,0.9950663192471824,0.07132486531573838,0.0
11,11,128,32,8,3.0,top_attention_plus_first_order_moment,0.00591888366614368,0.9999856568218034,0.07132486531573838,0.0
11,11,128,32,8,3.0,random_kept_only,0.5375401410968034,0.8698845256196482,0.06315018929897595,0.25
11,11,128,32,8,3.0,random_plus_first_order_moment,0.006274093397611952,0.9999841255218918,0.06315018929897595,0.25
11,11,128,32,8,3.0,value_norm_kept_only,2.6293915896172586,0.6888537247057841,0.054122306034683626,1.0
11,12,128,32,8,3.0,top_attention_kept_only,0.8704412759804386,0.6076799130597139,0.07129632212031248,0.0
11,12,128,32,8,3.0,top_attention_plus_mean_moment,0.1099930779626687,0.9956984469193989,0.07129632212031248,0.0
11,12,128,32,8,3.0,top_attention_plus_first_order_moment,0.005533208277696969,0.9999877380161851,0.07129632212031248,0.0
11,12,128,32,8,3.0,random_kept_only,0.38873004928408755,0.9479865412835107,0.062045502394256886,0.25
11,12,128,32,8,3.0,random_plus_first_order_moment,0.005999387363850012,0.9999854428332683,0.062045502394256886,0.25
11,12,128,32,8,3.0,value_norm_kept_only,2.5173132407072853,0.7178717492703698,0.05510836372821812,1.0
11,13,128,32,8,3.0,top_attention_kept_only,0.9200927364305617,0.6354394399375148,0.07128005778991607,0.0
11,13,128,32,8,3.0,top_attention_plus_mean_moment,0.12244833742562349,0.9948198227923941,0.07128005778991607,0.0
11,13,128,32,8,3.0,top_attention_plus_first_order_moment,0.006841700693271103,0.9999819238309486,0.07128005778991607,0.0
11,13,128,32,8,3.0,random_kept_only,1.029712102324846,0.814034322508581,0.05715045273198279,0.625
11,13,128,32,8,3.0,random_plus_first_order_moment,0.007187151087764135,0.9999801910460607,0.05715045273198279,0.625
11,13,128,32,8,3.0,value_norm_kept_only,2.50506877375794,0.7354133723226519,0.05284892254608053,1.0
11,14,128,32,8,3.0,top_attention_kept_only,0.8663599655721043,0.7097838600295941,0.07139301130934299,0.0
11,14,128,32,8,3.0,top_attention_plus_mean_moment,0.10690346215459053,0.9959697251876147,0.07139301130934299,0.0
11,14,128,32,8,3.0,top_attention_plus_first_order_moment,0.005328122711360056,0.9999886306081939,0.07139301130934299,0.0
11,14,128,32,8,3.0,random_kept_only,0.5218107684087979,0.9212176352276037,0.05992056586044864,0.375
11,14,128,32,8,3.0,random_plus_first_order_moment,0.005485406329350425,0.9999882999405368,0.05992056586044864,0.375
11,14,128,32,8,3.0,value_norm_kept_only,2.5326116222340973,0.6977201513443559,0.05463958249746962,1.0
11,15,128,32,8,3.0,top_attention_kept_only,0.9172771744822819,0.5265380778757012,0.07088731100944251,0.0
11,15,128,32,8,3.0,top_attention_plus_mean_moment,0.11035631080679667,0.9956428072871107,0.07088731100944251,0.0
11,15,128,32,8,3.0,top_attention_plus_first_order_moment,0.00567619576363527,0.9999875523899096,0.07088731100944251,0.0
11,15,128,32,8,3.0,random_kept_only,0.4133369042695693,0.9184822417500659,0.06451466997818663,0.25
11,15,128,32,8,3.0,random_plus_first_order_moment,0.005824075211209758,0.9999866402904235,0.06451466997818663,0.25
11,15,128,32,8,3.0,value_norm_kept_only,2.4170999521990733,0.7195041236670795,0.05303547763843684,1.0
11,16,128,32,8,3.0,top_attention_kept_only,0.9682631830442505,0.5703521446492706,0.07071334175082532,0.0
11,16,128,32,8,3.0,top_attention_plus_mean_moment,0.11356997249372378,0.995417384975041,0.07071334175082532,0.0
11,16,128,32,8,3.0,top_attention_plus_first_order_moment,0.006007686513757944,0.9999858408245359,0.07071334175082532,0.0
11,16,128,32,8,3.0,random_kept_only,0.5660481788681028,0.8350439844464543,0.06600297740551771,0.125
11,16,128,32,8,3.0,random_plus_first_order_moment,0.006186447549177197,0.9999849402822267,0.06600297740551771,0.125
11,16,128,32,8,3.0,value_norm_kept_only,2.5053070948266893,0.6935475613164631,0.05333756452226018,1.0
11,17,128,32,8,3.0,top_attention_kept_only,0.7809232137802435,0.7162981403694882,0.07096360757284853,0.0
11,17,128,32,8,3.0,top_attention_plus_mean_moment,0.11228809958157933,0.99554373329213,0.07096360757284853,0.0
11,17,128,32,8,3.0,top_attention_plus_first_order_moment,0.006142834210586692,0.9999850077161726,0.07096360757284853,0.0
11,17,128,32,8,3.0,random_kept_only,0.7074444150465242,0.7353293569995956,0.06514881891585408,0.0
11,17,128,32,8,3.0,random_plus_first_order_moment,0.006512550492987439,0.9999832232354559,0.06514881891585408,0.0
11,17,128,32,8,3.0,value_norm_kept_only,2.4012910585255,0.7128166666061956,0.052621560447964434,1.0
11,18,128,32,8,3.0,top_attention_kept_only,0.8744940898328597,0.6560818011161311,0.07136435497979082,0.0
11,18,128,32,8,3.0,top_attention_plus_mean_moment,0.11470990167226588,0.995476093682924,0.07136435497979082,0.0
11,18,128,32,8,3.0,top_attention_plus_first_order_moment,0.00583549825219474,0.9999867362542851,0.07136435497979082,0.0
11,18,128,32,8,3.0,random_kept_only,0.44371394431293576,0.902521128933147,0.06229218678660807,0.25
11,18,128,32,8,3.0,random_plus_first_order_moment,0.00615761472570362,0.9999853789362385,0.06229218678660807,0.25
11,18,128,32,8,3.0,value_norm_kept_only,2.536770779581645,0.7162600890923507,0.053963191957508504,1.0
11,19,128,32,8,3.0,top_attention_kept_only,1.021793843541769,0.5329040758009541,0.07129897639138438,0.0
11,19,128,32,8,3.0,top_attention_plus_mean_moment,0.10980400707589974,0.99559801683747,0.07129897639138438,0.0
11,19,128,32,8,3.0,top_attention_plus_first_order_moment,0.005853608020530178,0.9999862637231338,0.07129897639138438,0.0
11,19,128,32,8,3.0,random_kept_only,0.5461749173159981,0.9311079414317075,0.061620085865711854,0.5
11,19,128,32,8,3.0,random_plus_first_order_moment,0.006296223028959685,0.9999840373302337,0.061620085865711854,0.5
11,19,128,32,8,3.0,value_norm_kept_only,2.527190207807387,0.7053184906134059,0.0538724281365336,1.0
11,20,128,32,8,3.0,top_attention_kept_only,0.9065538823222284,0.5901228601610179,0.0718127934091575,0.0
11,20,128,32,8,3.0,top_attention_plus_mean_moment,0.10704041765978214,0.9957878384462733,0.0718127934091575,0.0
11,20,128,32,8,3.0,top_attention_plus_first_order_moment,0.005287187994945214,0.9999887365776213,0.0718127934091575,0.0
11,20,128,32,8,3.0,random_kept_only,1.0316813066253079,0.8934162876226603,0.05808161688143586,0.625
11,20,128,32,8,3.0,random_plus_first_order_moment,0.005409995260454104,0.9999879020147746,0.05808161688143586,0.625
11,20,128,32,8,3.0,value_norm_kept_only,2.6093263458501004,0.684029511776176,0.05488154837046101,1.0
11,21,128,32,8,3.0,top_attention_kept_only,0.9053540023258495,0.6157168631282897,0.07194478177783095,0.0
11,21,128,32,8,3.0,top_attention_plus_mean_moment,0.11497238371842222,0.9950833746784371,0.07194478177783095,0.0
11,21,128,32,8,3.0,top_attention_plus_first_order_moment,0.005707110181577526,0.9999864692887022,0.07194478177783095,0.0
11,21,128,32,8,3.0,random_kept_only,0.49409961342740366,0.8723373752980026,0.0616262449992539,0.25
11,21,128,32,8,3.0,random_plus_first_order_moment,0.006260994293615567,0.9999837931929414,0.0616262449992539,0.25
11,21,128,32,8,3.0,value_norm_kept_only,2.5694156577899276,0.7199405997433312,0.05458348980564211,1.0
11,22,128,32,8,3.0,top_attention_kept_only,0.8914469032640523,0.6347098698533106,0.07114649620568309,0.0
11,22,128,32,8,3.0,top_attention_plus_mean_moment,0.1186798924598046,0.9948713531036915,0.07114649620568309,0.0
11,22,128,32,8,3.0,top_attention_plus_first_order_moment,0.0065755026789432675,0.999982314618979,0.07114649620568309,0.0
11,22,128,32,8,3.0,random_kept_only,0.5623611725860546,0.8753370442456753,0.06390122647503979,0.25
11,22,128,32,8,3.0,random_plus_first_order_moment,0.006798381600660768,0.9999811999637829,0.06390122647503979,0.25
11,22,128,32,8,3.0,value_norm_kept_only,2.4916341767895136,0.7210508367542394,0.053849358792032065,1.0
11,23,128,32,8,3.0,top_attention_kept_only,0.8212860539864139,0.652312536966079,0.07120036349184461,0.0
11,23,128,32,8,3.0,top_attention_plus_mean_moment,0.11146246049900406,0.9955974736002506,0.07120036349184461,0.0
11,23,128,32,8,3.0,top_attention_plus_first_order_moment,0.0060847522325695284,0.999985370013498,0.07120036349184461,0.0
11,23,128,32,8,3.0,random_kept_only,0.8582083372825612,0.6389643749804873,0.06724961972383048,0.0
11,23,128,32,8,3.0,random_plus_first_order_moment,0.006281697806786892,0.9999843964118169,0.06724961972383048,0.0
11,23,128,32,8,3.0,value_norm_kept_only,2.408317644523859,0.7127755277414547,0.052900834243295836,1.0
11,24,128,32,8,3.0,top_attention_kept_only,0.862353287954395,0.6878570559289064,0.07215428546836755,0.0
11,24,128,32,8,3.0,top_attention_plus_mean_moment,0.10759366207882028,0.9958305507725516,0.07215428546836755,0.0
11,24,128,32,8,3.0,top_attention_plus_first_order_moment,0.005396854598782829,0.9999881479896527,0.07215428546836755,0.0
11,24,128,32,8,3.0,random_kept_only,0.6153494685793516,0.8066285633166522,0.06441887597074486,0.125
11,24,128,32,8,3.0,random_plus_first_order_moment,0.00571385411613076,0.9999869479933609,0.06441887597074486,0.125
11,24,128,32,8,3.0,value_norm_kept_only,2.3317648840713674,0.738134601561745,0.054199350767572305,1.0
11,25,128,32,8,3.0,top_attention_kept_only,0.7271630254396595,0.7300208699825562,0.071548084714531,0.0
11,25,128,32,8,3.0,top_attention_plus_mean_moment,0.12218032754192645,0.9948402968534482,0.071548084714531,0.0
11,25,128,32,8,3.0,top_attention_plus_first_order_moment,0.00637813609379848,0.9999840315993307,0.071548084714531,0.0
11,25,128,32,8,3.0,random_kept_only,0.6190171889498608,0.8285885579750939,0.06398151232878027,0.125
11,25,128,32,8,3.0,random_plus_first_order_moment,0.006756007875043443,0.9999820675414975,0.06398151232878027,0.125
11,25,128,32,8,3.0,value_norm_kept_only,2.5742524388893693,0.7335107964505212,0.05316930477201798,1.0
11,26,128,32,8,3.0,top_attention_kept_only,0.713740915776444,0.7354909454986156,0.07186314911984118,0.0
11,26,128,32,8,3.0,top_attention_plus_mean_moment,0.11130487008112668,0.9956850470993635,0.07186314911984118,0.0
11,26,128,32,8,3.0,top_attention_plus_first_order_moment,0.005991958879803842,0.9999858624715163,0.07186314911984118,0.0
11,26,128,32,8,3.0,random_kept_only,0.4665192457542304,0.8997829650837444,0.06181266549046538,0.375
11,26,128,32,8,3.0,random_plus_first_order_moment,0.006301996674955843,0.9999844441910434,0.06181266549046538,0.375
11,26,128,32,8,3.0,value_norm_kept_only,2.4650640244980924,0.7042252190498954,0.053586308342777125,1.0
11,27,128,32,8,3.0,top_attention_kept_only,0.8510351443622303,0.6447807457956648,0.07153464515642408,0.0
11,27,128,32,8,3.0,top_attention_plus_mean_moment,0.11389019551987706,0.9953939621824449,0.07153464515642408,0.0
11,27,128,32,8,3.0,top_attention_plus_first_order_moment,0.00600991653836682,0.9999853187066915,0.07153464515642408,0.0
11,27,128,32,8,3.0,random_kept_only,0.5495088640695721,0.8472000695097305,0.06312048240135998,0.25
11,27,128,32,8,3.0,random_plus_first_order_moment,0.006114065619144082,0.9999848957136244,0.06312048240135998,0.25
11,27,128,32,8,3.0,value_norm_kept_only,2.495047880604745,0.7018303046379758,0.05313647271246122,1.0
11,28,128,32,8,3.0,top_attention_kept_only,0.7907638619569406,0.7198577684697591,0.07130512926172604,0.0
11,28,128,32,8,3.0,top_attention_plus_mean_moment,0.1122800505874182,0.9952876821074094,0.07130512926172604,0.0
11,28,128,32,8,3.0,top_attention_plus_first_order_moment,0.005749602619797861,0.9999863343666558,0.07130512926172604,0.0
11,28,128,32,8,3.0,random_kept_only,0.6045368019946911,0.8261221400643384,0.06304662544013835,0.125
11,28,128,32,8,3.0,random_plus_first_order_moment,0.006272826982907422,0.999983833851638,0.06304662544013835,0.125
11,28,128,32,8,3.0,value_norm_kept_only,2.5673601211949126,0.6655986765384705,0.05309033884430002,1.0
11,29,128,32,8,3.0,top_attention_kept_only,0.6950522711271365,0.7503581059096106,0.07185967995494452,0.0
11,29,128,32,8,3.0,top_attention_plus_mean_moment,0.12349058657960389,0.9947586131497532,0.07185967995494452,0.0
11,29,128,32,8,3.0,top_attention_plus_first_order_moment,0.006999280310060753,0.9999806441897167,0.07185967995494452,0.0
11,29,128,32,8,3.0,random_kept_only,0.8367748771279649,0.7049660092809261,0.06444080014120122,0.125
11,29,128,32,8,3.0,random_plus_first_order_moment,0.007389007750596282,0.9999783515024732,0.06444080014120122,0.125
11,29,128,32,8,3.0,value_norm_kept_only,2.5267872779567337,0.7193249238813245,0.052958548593192455,1.0
11,30,128,32,8,3.0,top_attention_kept_only,0.8595491887935285,0.6646409677956452,0.07195097920385488,0.0
11,30,128,32,8,3.0,top_attention_plus_mean_moment,0.10784163562776986,0.99597549484457,0.07195097920385488,0.0
11,30,128,32,8,3.0,top_attention_plus_first_order_moment,0.005110702994081754,0.9999899042698938,0.07195097920385488,0.0
11,30,128,32,8,3.0,random_kept_only,0.5034524036700166,0.8926443706908772,0.05985648018422583,0.375
11,30,128,32,8,3.0,random_plus_first_order_moment,0.005602190603434718,0.9999880057219005,0.05985648018422583,0.375
11,30,128,32,8,3.0,value_norm_kept_only,2.509129010170477,0.7225003215621016,0.0540423993837875,1.0
11,31,128,32,8,3.0,top_attention_kept_only,0.7183827249794864,0.7520134749928004,0.07082100475409138,0.0
11,31,128,32,8,3.0,top_attention_plus_mean_moment,0.11092297718231847,0.9957042224695253,0.07082100475409138,0.0
11,31,128,32,8,3.0,top_attention_plus_first_order_moment,0.005559461571583605,0.9999877730605853,0.07082100475409138,0.0
11,31,128,32,8,3.0,random_kept_only,0.5637006854604182,0.8324043715028825,0.06319556312967042,0.125
11,31,128,32,8,3.0,random_plus_first_order_moment,0.005995278153744337,0.9999859428705787,0.06319556312967042,0.125
11,31,128,32,8,3.0,value_norm_kept_only,2.40580914973051,0.7313089243073063,0.05419118480002757,1.0
11,32,128,32,8,3.0,top_attention_kept_only,0.9488143309850137,0.5761094696482958,0.07082939704702201,0.0
11,32,128,32,8,3.0,top_attention_plus_mean_moment,0.10907952953407954,0.9958097334200385,0.07082939704702201,0.0
11,32,128,32,8,3.0,top_attention_plus_first_order_moment,0.005570603604307557,0.9999880526224941,0.07082939704702201,0.0
11,32,128,32,8,3.0,random_kept_only,0.542210203921882,0.8568889008103306,0.06491066059334813,0.125
11,32,128,32,8,3.0,random_plus_first_order_moment,0.00582641146171994,0.9999868658491678,0.06491066059334813,0.125
11,32,128,32,8,3.0,value_norm_kept_only,2.478158747002055,0.7324186969284924,0.054502296717468895,1.0
11,33,128,32,8,3.0,top_attention_kept_only,0.846663622856076,0.6352986060126947,0.07117864512862633,0.0
11,33,128,32,8,3.0,top_attention_plus_mean_moment,0.10561098900799366,0.9961092738480543,0.07117864512862633,0.0
11,33,128,32,8,3.0,top_attention_plus_first_order_moment,0.00585404915738104,0.9999866159267814,0.07117864512862633,0.0
11,33,128,32,8,3.0,random_kept_only,0.55438381804915,0.8385228561710769,0.06392875820441485,0.125
11,33,128,32,8,3.0,random_plus_first_order_moment,0.006169665047214479,0.999985135318667,0.06392875820441485,0.125
11,33,128,32,8,3.0,value_norm_kept_only,2.2891755117403063,0.7397142016979398,0.05501425128097583,1.0
11,34,128,32,8,3.0,top_attention_kept_only,0.7759131684808536,0.7076903589953215,0.07259269074974689,0.0
11,34,128,32,8,3.0,top_attention_plus_mean_moment,0.11477434881301485,0.9953930121952185,0.07259269074974689,0.0
11,34,128,32,8,3.0,top_attention_plus_first_order_moment,0.0058510266504344715,0.9999865421776192,0.07259269074974689,0.0
11,34,128,32,8,3.0,random_kept_only,1.0122488748962541,0.872344531354014,0.057769891338611115,0.625
11,34,128,32,8,3.0,random_plus_first_order_moment,0.006117906408432281,0.9999851143252734,0.057769891338611115,0.625
11,34,128,32,8,3.0,value_norm_kept_only,2.4912870355124426,0.7173701630747126,0.052120685045026593,1.0
11,35,128,32,8,3.0,top_attention_kept_only,0.964145705692096,0.5057734022636786,0.07095879574704593,0.0
11,35,128,32,8,3.0,top_attention_plus_mean_moment,0.11513464726973231,0.9953360584873111,0.07095879574704593,0.0
11,35,128,32,8,3.0,top_attention_plus_first_order_moment,0.006128025568830962,0.9999850825378519,0.07095879574704593,0.0
11,35,128,32,8,3.0,random_kept_only,0.4774014273435368,0.8868425617649502,0.06388762989862079,0.25
11,35,128,32,8,3.0,random_plus_first_order_moment,0.006448847523588649,0.9999832844012717,0.06388762989862079,0.25
11,35,128,32,8,3.0,value_norm_kept_only,2.502259280472998,0.7118539153980393,0.05397792037777027,1.0
11,36,128,32,8,3.0,top_attention_kept_only,0.8875257041599619,0.5897956519127285,0.07186337702296573,0.0
11,36,128,32,8,3.0,top_attention_plus_mean_moment,0.11939407975053183,0.9951461416887438,0.07186337702296573,0.0
11,36,128,32,8,3.0,top_attention_plus_first_order_moment,0.00632893818736608,0.9999843494082636,0.07186337702296573,0.0
11,36,128,32,8,3.0,random_kept_only,0.33774145936793937,0.9539103514680752,0.06230191440173714,0.375
11,36,128,32,8,3.0,random_plus_first_order_moment,0.006629345447850775,0.9999827312740336,0.06230191440173714,0.375
11,36,128,32,8,3.0,value_norm_kept_only,2.5589873244823576,0.7340746374500561,0.05363837413454239,1.0
11,37,128,32,8,3.0,top_attention_kept_only,0.8510203569013874,0.6251538158638322,0.07155155719068372,0.0
11,37,128,32,8,3.0,top_attention_plus_mean_moment,0.10186691912507763,0.9962259097929682,0.07155155719068372,0.0
11,37,128,32,8,3.0,top_attention_plus_first_order_moment,0.004771980278073558,0.9999908239003172,0.07155155719068372,0.0
11,37,128,32,8,3.0,random_kept_only,0.6551478268887513,0.9181017055017906,0.06142285689444718,0.5
11,37,128,32,8,3.0,random_plus_first_order_moment,0.005006471970916928,0.9999897886474002,0.06142285689444718,0.5
11,37,128,32,8,3.0,value_norm_kept_only,2.5061500551582276,0.7070808251995092,0.05566740844928299,1.0
11,38,128,32,8,3.0,top_attention_kept_only,0.8117883855717829,0.6919203514704543,0.07150116395079528,0.0
11,38,128,32,8,3.0,top_attention_plus_mean_moment,0.12658959037603157,0.9945753905787286,0.07150116395079528,0.0
11,38,128,32,8,3.0,top_attention_plus_first_order_moment,0.00704581306927394,0.9999805023941668,0.07150116395079528,0.0
11,38,128,32,8,3.0,random_kept_only,0.5954584619915694,0.8303330409573701,0.06494044162818435,0.125
11,38,128,32,8,3.0,random_plus_first_order_moment,0.007471540592314134,0.9999782009877317,0.06494044162818435,0.125
11,38,128,32,8,3.0,value_norm_kept_only,2.634285178135134,0.7116222564090453,0.05438434783395675,1.0
11,39,128,32,8,3.0,top_attention_kept_only,1.014256220431462,0.555786700246461,0.07137287398379918,0.0
11,39,128,32,8,3.0,top_attention_plus_mean_moment,0.11362270995900726,0.9953549300882778,0.07137287398379918,0.0
11,39,128,32,8,3.0,top_attention_plus_first_order_moment,0.006135440412494189,0.9999846759482051,0.07137287398379918,0.0
11,39,128,32,8,3.0,random_kept_only,0.4955778863648084,0.8891996024516196,0.06284885353855169,0.25
11,39,128,32,8,3.0,random_plus_first_order_moment,0.006325628553869159,0.9999837848562105,0.06284885353855169,0.25
11,39,128,32,8,3.0,value_norm_kept_only,2.500317665274866,0.7362198686285155,0.05350645405031679,1.0
11,0,128,32,16,3.0,top_attention_kept_only,0.7333959337474765,0.7200347974756406,0.14122448251857966,0.0
11,0,128,32,16,3.0,top_attention_plus_mean_moment,0.1000905606002785,0.9964310596805197,0.14122448251857966,0.0
11,0,128,32,16,3.0,top_attention_plus_first_order_moment,0.004777628101966948,0.999991342561701,0.14122448251857966,0.0
11,0,128,32,16,3.0,random_kept_only,0.45685631386061487,0.891102426459163,0.12805174152318652,0.1875
11,0,128,32,16,3.0,random_plus_first_order_moment,0.005403049060699903,0.9999887650330149,0.12805174152318652,0.1875
11,0,128,32,16,3.0,value_norm_kept_only,2.3660469658792214,0.7188191468687196,0.10833275434100241,1.0
11,1,128,32,16,3.0,top_attention_kept_only,0.9410988893619109,0.5822536991268923,0.1415930347780079,0.0
11,1,128,32,16,3.0,top_attention_plus_mean_moment,0.11055523661644905,0.9956574156696101,0.1415930347780079,0.0
11,1,128,32,16,3.0,top_attention_plus_first_order_moment,0.006024897770643322,0.9999854301981231,0.1415930347780079,0.0
11,1,128,32,16,3.0,random_kept_only,0.3072030362067462,0.9569343453069579,0.12676553493837425,0.25
11,1,128,32,16,3.0,random_plus_first_order_moment,0.006609683831035823,0.9999823924766427,0.12676553493837425,0.25
11,1,128,32,16,3.0,value_norm_kept_only,2.43266835663487,0.6975870735788166,0.1060213908550744,1.0
11,2,128,32,16,3.0,top_attention_kept_only,0.813445733524649,0.65983998264177,0.1412970236652424,0.0
11,2,128,32,16,3.0,top_attention_plus_mean_moment,0.09545586475132438,0.9965655894196053,0.1412970236652424,0.0
11,2,128,32,16,3.0,top_attention_plus_first_order_moment,0.004534110424577573,0.999991633627223,0.1412970236652424,0.0
11,2,128,32,16,3.0,random_kept_only,0.6234910275162953,0.9022734890135977,0.12040260781044226,0.5
11,2,128,32,16,3.0,random_plus_first_order_moment,0.004953758672304676,0.9999900276063057,0.12040260781044226,0.5
11,2,128,32,16,3.0,value_norm_kept_only,2.3367839820504233,0.7065916040125783,0.10762072528126629,1.0
11,3,128,32,16,3.0,top_attention_kept_only,0.7721352671564832,0.6966288114567026,0.13993863442752652,0.0
11,3,128,32,16,3.0,top_attention_plus_mean_moment,0.09447559766422305,0.9968672759488799,0.13993863442752652,0.0
11,3,128,32,16,3.0,top_attention_plus_first_order_moment,0.004434550522573595,0.9999920399354435,0.13993863442752652,0.0
11,3,128,32,16,3.0,random_kept_only,0.3221308763417777,0.9559171289352987,0.12414965152272234,0.3125
11,3,128,32,16,3.0,random_plus_first_order_moment,0.005041070970068791,0.9999898468810458,0.12414965152272234,0.3125
11,3,128,32,16,3.0,value_norm_kept_only,2.3151083825363536,0.7385356550291259,0.10886256941275349,1.0
11,4,128,32,16,3.0,top_attention_kept_only,0.8695430204704503,0.6541926880634116,0.14011878824571306,0.0
11,4,128,32,16,3.0,top_attention_plus_mean_moment,0.11547567579779018,0.9952027205717304,0.14011878824571306,0.0
11,4,128,32,16,3.0,top_attention_plus_first_order_moment,0.006103923593119478,0.9999847911351964,0.14011878824571306,0.0
11,4,128,32,16,3.0,random_kept_only,0.3301736429267026,0.9602712080583125,0.12329940623355304,0.375
11,4,128,32,16,3.0,random_plus_first_order_moment,0.006158105851716153,0.9999846611711866,0.12329940623355304,0.375
11,4,128,32,16,3.0,value_norm_kept_only,2.5357277071475677,0.6883346679518881,0.10598571011062505,1.0
11,5,128,32,16,3.0,top_attention_kept_only,0.8960633557205319,0.5721375328454383,0.1424881152158715,0.0
11,5,128,32,16,3.0,top_attention_plus_mean_moment,0.1123792547887169,0.995663134838057,0.1424881152158715,0.0
11,5,128,32,16,3.0,top_attention_plus_first_order_moment,0.006209908973472492,0.999985480557592,0.1424881152158715,0.0
11,5,128,32,16,3.0,random_kept_only,0.2993915347682903,0.9622635751879232,0.12497341338451912,0.3125
11,5,128,32,16,3.0,random_plus_first_order_moment,0.006906522915151694,0.9999817390533285,0.12497341338451912,0.3125
11,5,128,32,16,3.0,value_norm_kept_only,2.4725423064091943,0.7187155092632969,0.10642871738724284,1.0
11,6,128,32,16,3.0,top_attention_kept_only,0.7695991092869654,0.7265327089523765,0.14069811311913916,0.0
11,6,128,32,16,3.0,top_attention_plus_mean_moment,0.11328443789772251,0.9954738976578653,0.14069811311913916,0.0
11,6,128,32,16,3.0,top_attention_plus_first_order_moment,0.0060517773841909876,0.9999853268997718,0.14069811311913916,0.0
11,6,128,32,16,3.0,random_kept_only,0.5071082508068779,0.8781218825459777,0.12594356299231363,0.1875
11,6,128,32,16,3.0,random_plus_first_order_moment,0.0063885087931410825,0.9999840326908233,0.12594356299231363,0.1875
11,6,128,32,16,3.0,value_norm_kept_only,2.5360226763900995,0.6879608332337659,0.10678595449764236,1.0
11,7,128,32,16,3.0,top_attention_kept_only,0.7988642880174832,0.6510379608014494,0.14135651862806614,0.0
11,7,128,32,16,3.0,top_attention_plus_mean_moment,0.1032344702890335,0.996253041012803,0.14135651862806614,0.0
11,7,128,32,16,3.0,top_attention_plus_first_order_moment,0.005120924739745049,0.9999896569000649,0.14135651862806614,0.0
11,7,128,32,16,3.0,random_kept_only,0.2935779448607402,0.9577349227620867,0.12378035872950177,0.3125
11,7,128,32,16,3.0,random_plus_first_order_moment,0.005789619552623762,0.9999865510586821,0.12378035872950177,0.3125
11,7,128,32,16,3.0,value_norm_kept_only,2.3195177409373287,0.7360940268957787,0.10678549968782752,1.0
11,8,128,32,16,3.0,top_attention_kept_only,0.801412138996788,0.6732127908785928,0.1414884532230813,0.0
11,8,128,32,16,3.0,top_attention_plus_mean_moment,0.11075473402129951,0.9954736328490424,0.1414884532230813,0.0
11,8,128,32,16,3.0,top_attention_plus_first_order_moment,0.005956549224689828,0.9999856785757991,0.1414884532230813,0.0
11,8,128,32,16,3.0,random_kept_only,0.45192153337781815,0.9424118706957402,0.12290510972183255,0.4375
11,8,128,32,16,3.0,random_plus_first_order_moment,0.0068017019156213715,0.9999811485947814,0.12290510972183255,0.4375
11,8,128,32,16,3.0,value_norm_kept_only,2.4060948922895293,0.6948824480316429,0.10511686327041316,1.0
11,9,128,32,16,3.0,top_attention_kept_only,0.7958165547797957,0.6322623990036749,0.14162268995697438,0.0
11,9,128,32,16,3.0,top_attention_plus_mean_moment,0.1093370671047487,0.9957344326979474,0.14162268995697438,0.0
11,9,128,32,16,3.0,top_attention_plus_first_order_moment,0.0056482904119149226,0.9999875027017103,0.14162268995697438,0.0
11,9,128,32,16,3.0,random_kept_only,0.3026941719205827,0.957421972748287,0.12318614453909113,0.3125
11,9,128,32,16,3.0,random_plus_first_order_moment,0.006299246891487339,0.9999838806345478,0.12318614453909113,0.3125
11,9,128,32,16,3.0,value_norm_kept_only,2.441336421655982,0.712327836500837,0.1066576284244542,1.0
11,10,128,32,16,3.0,top_attention_kept_only,0.7274666056366871,0.7193048518626571,0.1403217085436398,0.0
11,10,128,32,16,3.0,top_attention_plus_mean_moment,0.09754910913421908,0.9966116408442158,0.1403217085436398,0.0
11,10,128,32,16,3.0,top_attention_plus_first_order_moment,0.004725519643265952,0.9999911600038105,0.1403217085436398,0.0
11,10,128,32,16,3.0,random_kept_only,0.49045538020076707,0.9201799989582429,0.12143723495573418,0.4375
11,10,128,32,16,3.0,random_plus_first_order_moment,0.005194616216013489,0.9999892579647309,0.12143723495573418,0.4375
11,10,128,32,16,3.0,value_norm_kept_only,2.338270619418551,0.719708339936376,0.10828742571248968,1.0
11,11,128,32,16,3.0,top_attention_kept_only,0.7536413594202379,0.6981129027226676,0.14104924550495243,0.0
11,11,128,32,16,3.0,top_attention_plus_mean_moment,0.10767274420714569,0.9957972038546291,0.14104924550495243,0.0
11,11,128,32,16,3.0,top_attention_plus_first_order_moment,0.005644510841108592,0.9999872538574823,0.14104924550495243,0.0
11,11,128,32,16,3.0,random_kept_only,0.4240598581976459,0.946388574057575,0.12074133749694327,0.4375
11,11,128,32,16,3.0,random_plus_first_order_moment,0.005979078756731041,0.9999854392102735,0.12074133749694327,0.4375
11,11,128,32,16,3.0,value_norm_kept_only,2.3799185991476812,0.7110708028635401,0.1075187097604749,1.0
11,12,128,32,16,3.0,top_attention_kept_only,0.7706527034171969,0.6971935774379528,0.1415957052791549,0.0
11,12,128,32,16,3.0,top_attention_plus_mean_moment,0.10698564971174035,0.9957135795274894,0.1415957052791549,0.0
11,12,128,32,16,3.0,top_attention_plus_first_order_moment,0.0055558117812693954,0.9999874211490356,0.1415957052791549,0.0
11,12,128,32,16,3.0,random_kept_only,0.3161506434393909,0.9543248382893532,0.12427741764597974,0.25
11,12,128,32,16,3.0,random_plus_first_order_moment,0.006156454860171466,0.9999842753570076,0.12427741764597974,0.25
11,12,128,32,16,3.0,value_norm_kept_only,2.384002019188702,0.699230181332619,0.10811294486829684,1.0
11,13,128,32,16,3.0,top_attention_kept_only,0.8219407245825262,0.6572535648539092,0.1401490616737101,0.0
11,13,128,32,16,3.0,top_attention_plus_mean_moment,0.10555304316838031,0.9961415406018093,0.1401490616737101,0.0
11,13,128,32,16,3.0,top_attention_plus_first_order_moment,0.005217197012330133,0.9999894747964383,0.1401490616737101,0.0
11,13,128,32,16,3.0,random_kept_only,0.3798333253751662,0.953107717883592,0.12325092225322744,0.375
11,13,128,32,16,3.0,random_plus_first_order_moment,0.0057064874871742746,0.9999874378208855,0.12325092225322744,0.375
11,13,128,32,16,3.0,value_norm_kept_only,2.479211013896876,0.7375158151003713,0.10845555616964431,1.0
11,14,128,32,16,3.0,top_attention_kept_only,0.7243220687151366,0.7175079195185262,0.14113526351806993,0.0
11,14,128,32,16,3.0,top_attention_plus_mean_moment,0.10470859875269486,0.9961639412294151,0.14113526351806993,0.0
11,14,128,32,16,3.0,top_attention_plus_first_order_moment,0.005078900490222182,0.9999900976535296,0.14113526351806993,0.0
11,14,128,32,16,3.0,random_kept_only,0.26599448086305016,0.9647352147804243,0.12309017196246497,0.3125
11,14,128,32,16,3.0,random_plus_first_order_moment,0.006090387349951427,0.9999860056656847,0.12309017196246497,0.3125
11,14,128,32,16,3.0,value_norm_kept_only,2.3628330037646563,0.7344719461359221,0.10739110803808721,1.0
11,15,128,32,16,3.0,top_attention_kept_only,0.7694502398360684,0.6795826672149194,0.14046227073464806,0.0
11,15,128,32,16,3.0,top_attention_plus_mean_moment,0.1062950332792811,0.9959635331130396,0.14046227073464806,0.0
11,15,128,32,16,3.0,top_attention_plus_first_order_moment,0.005177544255664911,0.9999893940094661,0.14046227073464806,0.0
11,15,128,32,16,3.0,random_kept_only,0.4718015589064992,0.8827146108021582,0.12733971573558497,0.1875
11,15,128,32,16,3.0,random_plus_first_order_moment,0.005927200966350539,0.9999860075057918,0.12733971573558497,0.1875
11,15,128,32,16,3.0,value_norm_kept_only,2.382481136047897,0.7306522571877931,0.10829413602823075,1.0
11,16,128,32,16,3.0,top_attention_kept_only,0.7553791952672863,0.678553914540869,0.14069094211769928,0.0
11,16,128,32,16,3.0,top_attention_plus_mean_moment,0.09234699153657698,0.9968836133775473,0.14069094211769928,0.0
11,16,128,32,16,3.0,top_attention_plus_first_order_moment,0.004350578724693608,0.9999924775664137,0.14069094211769928,0.0
11,16,128,32,16,3.0,random_kept_only,0.33641227778172794,0.9490892716439,0.12138863808589609,0.3125
11,16,128,32,16,3.0,random_plus_first_order_moment,0.0049958082941885815,0.9999900035176865,0.12138863808589609,0.3125
11,16,128,32,16,3.0,value_norm_kept_only,2.3000313503246366,0.7132982886163332,0.10801486376868838,1.0
11,17,128,32,16,3.0,top_attention_kept_only,0.8845119542996476,0.626441294280651,0.14046144420272602,0.0
11,17,128,32,16,3.0,top_attention_plus_mean_moment,0.10221667150680275,0.9961929118238803,0.14046144420272602,0.0
11,17,128,32,16,3.0,top_attention_plus_first_order_moment,0.005062589447123405,0.999989615983045,0.14046144420272602,0.0
11,17,128,32,16,3.0,random_kept_only,0.34836474752798857,0.9594004149755555,0.12658014412691723,0.3125
11,17,128,32,16,3.0,random_plus_first_order_moment,0.005605492168307497,0.9999870003638794,0.12658014412691723,0.3125
11,17,128,32,16,3.0,value_norm_kept_only,2.354000016148449,0.7014419662815732,0.10942176090576801,1.0
11,18,128,32,16,3.0,top_attention_kept_only,0.8792111671788145,0.6291594115868295,0.14098522782070133,0.0
11,18,128,32,16,3.0,top_attention_plus_mean_moment,0.09769375131729754,0.9965809259198988,0.14098522782070133,0.0
11,18,128,32,16,3.0,top_attention_plus_first_order_moment,0.004735166214097654,0.9999910676448409,0.14098522782070133,0.0
11,18,128,32,16,3.0,random_kept_only,0.3269476329928903,0.9491389182153327,0.12470155062732266,0.3125
11,18,128,32,16,3.0,random_plus_first_order_moment,0.0051785467976460655,0.9999895157128438,0.12470155062732266,0.3125
11,18,128,32,16,3.0,value_norm_kept_only,2.3366871134951577,0.7146201737830716,0.10897778860717447,1.0
11,19,128,32,16,3.0,top_attention_kept_only,0.8107991080921312,0.6457874125550763,0.14001484820305787,0.0
11,19,128,32,16,3.0,top_attention_plus_mean_moment,0.09859571794664217,0.9965524515438571,0.14001484820305787,0.0
11,19,128,32,16,3.0,top_attention_plus_first_order_moment,0.005061360591882979,0.9999900925634693,0.14001484820305787,0.0
11,19,128,32,16,3.0,random_kept_only,0.39385917327279735,0.9211861558640828,0.127480156102745,0.25
11,19,128,32,16,3.0,random_plus_first_order_moment,0.005584207045738173,0.999987791960019,0.127480156102745,0.25
11,19,128,32,16,3.0,value_norm_kept_only,2.376862327818882,0.7194058263983065,0.1083157461286851,1.0
11,20,128,32,16,3.0,top_attention_kept_only,0.776829664978241,0.6918478618575391,0.14034175513856123,0.0
11,20,128,32,16,3.0,top_attention_plus_mean_moment,0.09775100960820544,0.9965673777731074,0.14034175513856123,0.0
11,20,128,32,16,3.0,top_attention_plus_first_order_moment,0.004853400236867345,0.9999905366187675,0.14034175513856123,0.0
11,20,128,32,16,3.0,random_kept_only,0.34113550468993203,0.960870657561236,0.12328558098613998,0.375
11,20,128,32,16,3.0,random_plus_first_order_moment,0.00520836062658708,0.9999890478219401,0.12328558098613998,0.375
11,20,128,32,16,3.0,value_norm_kept_only,2.3223675034168014,0.7141702980414336,0.10686435580944571,1.0
11,21,128,32,16,3.0,top_attention_kept_only,0.830952527469861,0.6338328716105234,0.14050249594161326,0.0
11,21,128,32,16,3.0,top_attention_plus_mean_moment,0.10064424959576415,0.9964423401263148,0.14050249594161326,0.0
11,21,128,32,16,3.0,top_attention_plus_first_order_moment,0.004725059165738447,0.9999913822109762,0.14050249594161326,0.0
11,21,128,32,16,3.0,random_kept_only,0.25181167296925566,0.9677776153343874,0.1242259573701237,0.3125
11,21,128,32,16,3.0,random_plus_first_order_moment,0.0051673842702672,0.9999895874516599,0.1242259573701237,0.3125
11,21,128,32,16,3.0,value_norm_kept_only,2.358736459461776,0.7239325329580185,0.10796396099678357,1.0
11,22,128,32,16,3.0,top_attention_kept_only,0.8107964941741297,0.6401552768318663,0.14203128917614877,0.0
11,22,128,32,16,3.0,top_attention_plus_mean_moment,0.10229290356568248,0.996010671445584,0.14203128917614877,0.0
11,22,128,32,16,3.0,top_attention_plus_first_order_moment,0.005173471687224594,0.9999889779486583,0.14203128917614877,0.0
11,22,128,32,16,3.0,random_kept_only,0.310192889088367,0.9513390493977926,0.12504716056403872,0.3125
11,22,128,32,16,3.0,random_plus_first_order_moment,0.005632403431240593,0.9999865679445225,0.12504716056403872,0.3125
11,22,128,32,16,3.0,value_norm_kept_only,2.373554517426221,0.6926234486739139,0.10836234300142494,1.0
11,23,128,32,16,3.0,top_attention_kept_only,0.7883188267321456,0.6797171399095386,0.14102016882283508,0.0
11,23,128,32,16,3.0,top_attention_plus_mean_moment,0.10145771891396571,0.9964785490756968,0.14102016882283508,0.0
11,23,128,32,16,3.0,top_attention_plus_first_order_moment,0.004488734387032732,0.999992257470183,0.14102016882283508,0.0
11,23,128,32,16,3.0,random_kept_only,1.062953405063499,0.8492919817130802,0.11818890569767797,0.625
11,23,128,32,16,3.0,random_plus_first_order_moment,0.0047602701081708625,0.9999912385043863,0.11818890569767797,0.625
11,23,128,32,16,3.0,value_norm_kept_only,2.4669258023741913,0.7244454039407284,0.1079397640103243,1.0
11,24,128,32,16,3.0,top_attention_kept_only,0.78116797336127,0.6656924970086822,0.14128871946555738,0.0
11,24,128,32,16,3.0,top_attention_plus_mean_moment,0.10844494603789313,0.9959867045397315,0.14128871946555738,0.0
11,24,128,32,16,3.0,top_attention_plus_first_order_moment,0.005660940343200595,0.9999877705595202,0.14128871946555738,0.0
11,24,128,32,16,3.0,random_kept_only,0.42167339855164376,0.9071753634614644,0.12774077987149593,0.1875
11,24,128,32,16,3.0,random_plus_first_order_moment,0.006186348905402377,0.9999853188649218,0.12774077987149593,0.1875
11,24,128,32,16,3.0,value_norm_kept_only,2.4453584666361463,0.7432933400800528,0.10536627417369646,1.0
11,25,128,32,16,3.0,top_attention_kept_only,0.8472619404199144,0.6044225264881113,0.14137587824521772,0.0
11,25,128,32,16,3.0,top_attention_plus_mean_moment,0.1028126155874704,0.9964710420826994,0.14137587824521772,0.0
11,25,128,32,16,3.0,top_attention_plus_first_order_moment,0.005164885466821155,0.9999901054338141,0.14137587824521772,0.0
11,25,128,32,16,3.0,random_kept_only,0.4638084692591664,0.9026802067866416,0.12699705212009102,0.1875
11,25,128,32,16,3.0,random_plus_first_order_moment,0.005677421664101593,0.9999877394382323,0.12699705212009102,0.1875
11,25,128,32,16,3.0,value_norm_kept_only,2.390443411299838,0.7360320075890366,0.10709228200135706,1.0
11,26,128,32,16,3.0,top_attention_kept_only,0.8242367661747667,0.6726090160801798,0.14143983508503993,0.0
11,26,128,32,16,3.0,top_attention_plus_mean_moment,0.10423141762230285,0.9960246101108824,0.14143983508503993,0.0
11,26,128,32,16,3.0,top_attention_plus_first_order_moment,0.005056005583232576,0.9999896540928214,0.14143983508503993,0.0
11,26,128,32,16,3.0,random_kept_only,0.3025180421152956,0.9569917050845657,0.12493187170078343,0.3125
11,26,128,32,16,3.0,random_plus_first_order_moment,0.005745276079696889,0.9999867215966527,0.12493187170078343,0.3125
11,26,128,32,16,3.0,value_norm_kept_only,2.3281805741719026,0.7039522030504158,0.10668562321784171,1.0
11,27,128,32,16,3.0,top_attention_kept_only,0.7352753788867626,0.7304562920190415,0.14032383183170125,0.0
11,27,128,32,16,3.0,top_attention_plus_mean_moment,0.09872244051924169,0.9965041247528448,0.14032383183170125,0.0
11,27,128,32,16,3.0,top_attention_plus_first_order_moment,0.004642782357814481,0.9999914221627261,0.14032383183170125,0.0
11,27,128,32,16,3.0,random_kept_only,0.35248084599992113,0.9479749436024885,0.12281201693172875,0.375
11,27,128,32,16,3.0,random_plus_first_order_moment,0.004751068521222237,0.9999912061673616,0.12281201693172875,0.375
11,27,128,32,16,3.0,value_norm_kept_only,2.2915256246103133,0.7109413112974128,0.10987245594781105,1.0
11,28,128,32,16,3.0,top_attention_kept_only,0.8243041027654737,0.6647824921045066,0.1418814523809435,0.0
11,28,128,32,16,3.0,top_attention_plus_mean_moment,0.11234347035534739,0.9951404959072536,0.1418814523809435,0.0
11,28,128,32,16,3.0,top_attention_plus_first_order_moment,0.005610378852154612,0.9999867366305221,0.1418814523809435,0.0
11,28,128,32,16,3.0,random_kept_only,0.27758624682712124,0.9625973257147913,0.12421246163807491,0.3125
11,28,128,32,16,3.0,random_plus_first_order_moment,0.006205342179230174,0.9999838766001391,0.12421246163807491,0.3125
11,28,128,32,16,3.0,value_norm_kept_only,2.5338174748817996,0.6839691246871222,0.106913052086678,1.0
11,29,128,32,16,3.0,top_attention_kept_only,0.8659108444304205,0.6446882858690558,0.14143197495546322,0.0
11,29,128,32,16,3.0,top_attention_plus_mean_moment,0.09996780234748086,0.9965058047639241,0.14143197495546322,0.0
11,29,128,32,16,3.0,top_attention_plus_first_order_moment,0.005217737736312952,0.9999889455251001,0.14143197495546322,0.0
11,29,128,32,16,3.0,random_kept_only,0.34278268772907716,0.9564112154750856,0.12308218348297068,0.375
11,29,128,32,16,3.0,random_plus_first_order_moment,0.005561306933805318,0.9999877101658455,0.12308218348297068,0.375
11,29,128,32,16,3.0,value_norm_kept_only,2.4463355197171546,0.7091690483515692,0.10714289017274542,1.0
11,30,128,32,16,3.0,top_attention_kept_only,0.8293998276964536,0.6697045597301152,0.14142220523456459,0.0
11,30,128,32,16,3.0,top_attention_plus_mean_moment,0.10769612467091985,0.9956215716647864,0.14142220523456459,0.0
11,30,128,32,16,3.0,top_attention_plus_first_order_moment,0.005711935222964013,0.9999864908525173,0.14142220523456459,0.0
11,30,128,32,16,3.0,random_kept_only,0.4007901427092811,0.9553433195107547,0.12182224122017224,0.4375
11,30,128,32,16,3.0,random_plus_first_order_moment,0.006584860654393151,0.9999818576304612,0.12182224122017224,0.4375
11,30,128,32,16,3.0,value_norm_kept_only,2.328820820003333,0.7103830306176394,0.10678046655123088,1.0
11,31,128,32,16,3.0,top_attention_kept_only,0.7706745829012516,0.6790337639045972,0.1411949284655203,0.0
11,31,128,32,16,3.0,top_attention_plus_mean_moment,0.10786727933706391,0.995895139577047,0.1411949284655203,0.0
11,31,128,32,16,3.0,top_attention_plus_first_order_moment,0.005462172013318162,0.9999883866754488,0.1411949284655203,0.0
11,31,128,32,16,3.0,random_kept_only,0.45136555493113073,0.9450400139958739,0.11992078978328027,0.4375
11,31,128,32,16,3.0,random_plus_first_order_moment,0.006212197151515184,0.9999846707094767,0.11992078978328027,0.4375
11,31,128,32,16,3.0,value_norm_kept_only,2.338536249397496,0.7109868447714164,0.1054928286356887,1.0
11,32,128,32,16,3.0,top_attention_kept_only,0.8263104046361992,0.6404571884860617,0.14080284066988483,0.0
11,32,128,32,16,3.0,top_attention_plus_mean_moment,0.1052675705337925,0.9960821650453534,0.14080284066988483,0.0
11,32,128,32,16,3.0,top_attention_plus_first_order_moment,0.005338474396114383,0.9999885886509365,0.14080284066988483,0.0
11,32,128,32,16,3.0,random_kept_only,0.34246679708520916,0.9396014215358307,0.1257985316978394,0.25
11,32,128,32,16,3.0,random_plus_first_order_moment,0.006134612555599889,0.9999847981147236,0.1257985316978394,0.25
11,32,128,32,16,3.0,value_norm_kept_only,2.494081728010294,0.7154158252791795,0.10799064713944795,1.0
11,33,128,32,16,3.0,top_attention_kept_only,0.8530940798931631,0.6310128479083676,0.14152190616622384,0.0
11,33,128,32,16,3.0,top_attention_plus_mean_moment,0.10306775233885794,0.9963430762788692,0.14152190616622384,0.0
11,33,128,32,16,3.0,top_attention_plus_first_order_moment,0.00508826428290178,0.9999901826401103,0.14152190616622384,0.0
11,33,128,32,16,3.0,random_kept_only,0.3858551822361002,0.9439328349269214,0.12206734076632979,0.375
11,33,128,32,16,3.0,random_plus_first_order_moment,0.005468878245675829,0.9999885585594859,0.12206734076632979,0.375
11,33,128,32,16,3.0,value_norm_kept_only,2.488166530958111,0.7196502664943943,0.10755338325822167,1.0
11,34,128,32,16,3.0,top_attention_kept_only,0.8155138245650922,0.6701612938174183,0.1408197045050724,0.0
11,34,128,32,16,3.0,top_attention_plus_mean_moment,0.0980669412819044,0.9965338455298185,0.1408197045050724,0.0
11,34,128,32,16,3.0,top_attention_plus_first_order_moment,0.004647905685161397,0.9999914671795251,0.1408197045050724,0.0
11,34,128,32,16,3.0,random_kept_only,0.44460829411541125,0.9341555819377895,0.12064344904624245,0.4375
11,34,128,32,16,3.0,random_plus_first_order_moment,0.004973184197660765,0.9999902377445096,0.12064344904624245,0.4375
11,34,128,32,16,3.0,value_norm_kept_only,2.3416278895046667,0.6861614044179354,0.10816010107147309,1.0
11,35,128,32,16,3.0,top_attention_kept_only,0.7814320378566786,0.6831347760046157,0.1400875423183617,0.0
11,35,128,32,16,3.0,top_attention_plus_mean_moment,0.11358719957417007,0.9955615813231523,0.1400875423183617,0.0
11,35,128,32,16,3.0,top_attention_plus_first_order_moment,0.0061102841038838595,0.9999854241273107,0.1400875423183617,0.0
11,35,128,32,16,3.0,random_kept_only,0.279675909370952,0.9692825161635916,0.12115559253770755,0.3125
11,35,128,32,16,3.0,random_plus_first_order_moment,0.006919850894965345,0.9999811860630612,0.12115559253770755,0.3125
11,35,128,32,16,3.0,value_norm_kept_only,2.4619153286984172,0.7231822632003774,0.10717310817537895,1.0
11,36,128,32,16,3.0,top_attention_kept_only,0.7487485846180549,0.7028942251472743,0.14086459219441813,0.0
11,36,128,32,16,3.0,top_attention_plus_mean_moment,0.10600738178439079,0.9960886912294709,0.14086459219441813,0.0
11,36,128,32,16,3.0,top_attention_plus_first_order_moment,0.005282957983668121,0.9999892589061643,0.14086459219441813,0.0
11,36,128,32,16,3.0,random_kept_only,0.4004799729729596,0.9168549199650472,0.1268715705774581,0.1875
11,36,128,32,16,3.0,random_plus_first_order_moment,0.005851082477265374,0.9999867591958764,0.1268715705774581,0.1875
11,36,128,32,16,3.0,value_norm_kept_only,2.405157789398764,0.7402672223500825,0.10671406442536041,1.0
11,37,128,32,16,3.0,top_attention_kept_only,0.8588825301453061,0.6054063575042986,0.14002081941445696,0.0
11,37,128,32,16,3.0,top_attention_plus_mean_moment,0.11455930355596385,0.9953140259285477,0.14002081941445696,0.0
11,37,128,32,16,3.0,top_attention_plus_first_order_moment,0.006021003597779451,0.9999856365580968,0.14002081941445696,0.0
11,37,128,32,16,3.0,random_kept_only,0.5282955222076585,0.9321447455394257,0.11978797848221875,0.4375
11,37,128,32,16,3.0,random_plus_first_order_moment,0.006760550061699397,0.9999816954503233,0.11978797848221875,0.4375
11,37,128,32,16,3.0,value_norm_kept_only,2.419131058989883,0.712625297223377,0.10655418594643917,1.0
11,38,128,32,16,3.0,top_attention_kept_only,0.7855958781169633,0.6765249815973902,0.1410806651369986,0.0
11,38,128,32,16,3.0,top_attention_plus_mean_moment,0.1036843698287719,0.9961048750089572,0.1410806651369986,0.0
11,38,128,32,16,3.0,top_attention_plus_first_order_moment,0.005265237438776873,0.9999891177841025,0.1410806651369986,0.0
11,38,128,32,16,3.0,random_kept_only,0.2978408173468656,0.9588718131257205,0.12451193173084496,0.3125
11,38,128,32,16,3.0,random_plus_first_order_moment,0.0058905891977465525,0.9999864283642523,0.12451193173084496,0.3125
11,38,128,32,16,3.0,value_norm_kept_only,2.3810977438821355,0.6957017649949354,0.10786669458110737,1.0
11,39,128,32,16,3.0,top_attention_kept_only,0.753395037271274,0.7112022615471153,0.14118968814038835,0.0
11,39,128,32,16,3.0,top_attention_plus_mean_moment,0.10275154994890108,0.996249608482284,0.14118968814038835,0.0
11,39,128,32,16,3.0,top_attention_plus_first_order_moment,0.005045431659299033,0.9999897451009169,0.14118968814038835,0.0
11,39,128,32,16,3.0,random_kept_only,0.3319772241578377,0.9513853608503954,0.12287266013693535,0.3125
11,39,128,32,16,3.0,random_plus_first_order_moment,0.0056542448108497356,0.9999874068680452,0.12287266013693535,0.3125
11,39,128,32,16,3.0,value_norm_kept_only,2.4045015340399574,0.7070233338770597,0.10801167949086111,1.0
11,0,128,32,32,3.0,top_attention_kept_only,0.8081664920570166,0.6625377806360379,0.27545468327123845,0.0
11,0,128,32,32,3.0,top_attention_plus_mean_moment,0.08518205968022705,0.9973389759182573,0.27545468327123845,0.0
11,0,128,32,32,3.0,top_attention_plus_first_order_moment,0.004078669168692663,0.9999932760513279,0.27545468327123845,0.0
11,0,128,32,32,3.0,random_kept_only,0.20177889669620164,0.9803042004853477,0.2518445469790773,0.28125
11,0,128,32,32,3.0,random_plus_first_order_moment,0.004385083762368801,0.9999921901164507,0.2518445469790773,0.28125
11,0,128,32,32,3.0,value_norm_kept_only,2.2987572990725442,0.7157491141966408,0.21760842697343113,1.0
11,1,128,32,32,3.0,top_attention_kept_only,0.7993335345835159,0.6602263930435514,0.2781523377304188,0.0
11,1,128,32,32,3.0,top_attention_plus_mean_moment,0.0891338616606737,0.9972074566224282,0.2781523377304188,0.0
11,1,128,32,32,3.0,top_attention_plus_first_order_moment,0.004140269458774535,0.9999936357593368,0.2781523377304188,0.0
11,1,128,32,32,3.0,random_kept_only,0.2685849290046806,0.9646837801092923,0.255926904824813,0.21875
11,1,128,32,32,3.0,random_plus_first_order_moment,0.005032896842105607,0.9999902660058705,0.255926904824813,0.21875
11,1,128,32,32,3.0,value_norm_kept_only,2.2943783169604686,0.7235029415103609,0.2159418697070905,1.0
11,2,128,32,32,3.0,top_attention_kept_only,0.7404512260302172,0.720366635623995,0.27620515531725975,0.0
11,2,128,32,32,3.0,top_attention_plus_mean_moment,0.09182850726361053,0.996944720015578,0.27620515531725975,0.0
11,2,128,32,32,3.0,top_attention_plus_first_order_moment,0.004212910681830239,0.9999929623127086,0.27620515531725975,0.0
11,2,128,32,32,3.0,random_kept_only,0.29353613853934185,0.9559686690266488,0.25430905970146755,0.21875
11,2,128,32,32,3.0,random_plus_first_order_moment,0.005358465831704816,0.9999886300949883,0.25430905970146755,0.21875
11,2,128,32,32,3.0,value_norm_kept_only,2.3132983191679726,0.7056011643834366,0.21541846869435094,1.0
11,3,128,32,32,3.0,top_attention_kept_only,0.7314316056229652,0.718593712232112,0.2750613021139882,0.0
11,3,128,32,32,3.0,top_attention_plus_mean_moment,0.08911740696623519,0.9971903865309829,0.2750613021139882,0.0
11,3,128,32,32,3.0,top_attention_plus_first_order_moment,0.003858809963906742,0.9999940627966559,0.2750613021139882,0.0
11,3,128,32,32,3.0,random_kept_only,0.3516425150383786,0.9371797779017668,0.2554315402359118,0.1875
11,3,128,32,32,3.0,random_plus_first_order_moment,0.004649964070205037,0.9999914990294062,0.2554315402359118,0.1875
11,3,128,32,32,3.0,value_norm_kept_only,2.2629362045441916,0.7176323998348694,0.21648448111986457,1.0
11,4,128,32,32,3.0,top_attention_kept_only,0.7715062984481958,0.7034040773240975,0.27836445439132684,0.0
11,4,128,32,32,3.0,top_attention_plus_mean_moment,0.08842078759042689,0.997192752027248,0.27836445439132684,0.0
11,4,128,32,32,3.0,top_attention_plus_first_order_moment,0.004214688413891865,0.9999927581142908,0.27836445439132684,0.0
11,4,128,32,32,3.0,random_kept_only,0.22476517435768106,0.9749607567062608,0.2544060325870319,0.25
11,4,128,32,32,3.0,random_plus_first_order_moment,0.005288730680013544,0.999988783772316,0.2544060325870319,0.25
11,4,128,32,32,3.0,value_norm_kept_only,2.21002124920958,0.7187991203909513,0.21448691369019451,1.0
11,5,128,32,32,3.0,top_attention_kept_only,0.7485820654414747,0.7116273059108804,0.27475476381973846,0.0
11,5,128,32,32,3.0,top_attention_plus_mean_moment,0.09382900876460525,0.9969446758583358,0.27475476381973846,0.0
11,5,128,32,32,3.0,top_attention_plus_first_order_moment,0.004294232402099593,0.9999927145904236,0.27475476381973846,0.0
11,5,128,32,32,3.0,random_kept_only,0.31331697210751486,0.9497671017769902,0.2535126425086343,0.21875
11,5,128,32,32,3.0,random_plus_first_order_moment,0.005221448361110598,0.9999893508145135,0.2535126425086343,0.21875
11,5,128,32,32,3.0,value_norm_kept_only,2.290310900722902,0.7288844193557189,0.2151086583267566,1.0
11,6,128,32,32,3.0,top_attention_kept_only,0.7737350367426391,0.6837665932673235,0.27733250348807115,0.0
11,6,128,32,32,3.0,top_attention_plus_mean_moment,0.0857065835254356,0.9973525286474848,0.27733250348807115,0.0
11,6,128,32,32,3.0,top_attention_plus_first_order_moment,0.0038541026929342767,0.9999941083486789,0.27733250348807115,0.0
11,6,128,32,32,3.0,random_kept_only,0.199377600112611,0.983032377232439,0.24886105760213284,0.34375
11,6,128,32,32,3.0,random_plus_first_order_moment,0.0048573883615825875,0.9999906262239163,0.24886105760213284,0.34375
11,6,128,32,32,3.0,value_norm_kept_only,2.160902248256082,0.7307489916584125,0.21522936359343114,1.0
11,7,128,32,32,3.0,top_attention_kept_only,0.7898058394152818,0.6667528056269675,0.2782480435480902,0.0
11,7,128,32,32,3.0,top_attention_plus_mean_moment,0.08852954436092765,0.997171088983633,0.2782480435480902,0.0
11,7,128,32,32,3.0,top_attention_plus_first_order_moment,0.0038841009302732167,0.9999941214788438,0.2782480435480902,0.0
11,7,128,32,32,3.0,random_kept_only,0.16760651880623684,0.9865681924229807,0.24526277728819712,0.34375
11,7,128,32,32,3.0,random_plus_first_order_moment,0.005433621551697748,0.9999887381178962,0.24526277728819712,0.34375
11,7,128,32,32,3.0,value_norm_kept_only,2.2920052726310525,0.7201770499889252,0.21504711457699097,1.0
11,8,128,32,32,3.0,top_attention_kept_only,0.7410011143248648,0.7202797722032225,0.2747361689882355,0.0
11,8,128,32,32,3.0,top_attention_plus_mean_moment,0.08394638108328119,0.9972949559762264,0.2747361689882355,0.0
11,8,128,32,32,3.0,top_attention_plus_first_order_moment,0.0038434455972004527,0.9999940750463637,0.2747361689882355,0.0
11,8,128,32,32,3.0,random_kept_only,0.29454182732086187,0.9563202475737771,0.2529088633565665,0.21875
11,8,128,32,32,3.0,random_plus_first_order_moment,0.004957358501912779,0.9999901851635922,0.2529088633565665,0.21875
11,8,128,32,32,3.0,value_norm_kept_only,2.1975286906606435,0.6853382692995172,0.21782028085979493,1.0
11,9,128,32,32,3.0,top_attention_kept_only,0.8440714392970289,0.6407535211135825,0.275340902944451,0.0
11,9,128,32,32,3.0,top_attention_plus_mean_moment,0.08970484858185811,0.9971701197063566,0.275340902944451,0.0
11,9,128,32,32,3.0,top_attention_plus_first_order_moment,0.004303210967943455,0.9999927965762871,0.275340902944451,0.0
11,9,128,32,32,3.0,random_kept_only,0.24177799858429347,0.9706102606494541,0.2531208644342422,0.25
11,9,128,32,32,3.0,random_plus_first_order_moment,0.005168345614193479,0.9999895253358172,0.2531208644342422,0.25
11,9,128,32,32,3.0,value_norm_kept_only,2.2927573598073616,0.7179205908154496,0.21628826432694265,1.0
11,10,128,32,32,3.0,top_attention_kept_only,0.8799131047117286,0.6285351810753286,0.27470532446901413,0.0
11,10,128,32,32,3.0,top_attention_plus_mean_moment,0.09103662799660156,0.9970184608089326,0.27470532446901413,0.0
11,10,128,32,32,3.0,top_attention_plus_first_order_moment,0.004092075036011445,0.9999933509944332,0.27470532446901413,0.0
11,10,128,32,32,3.0,random_kept_only,0.5751926521209348,0.9082317745605841,0.24060900221181808,0.5
11,10,128,32,32,3.0,random_plus_first_order_moment,0.0046542798908019685,0.9999915545675284,0.24060900221181808,0.5
11,10,128,32,32,3.0,value_norm_kept_only,2.3294671260954254,0.7090330870065944,0.2153989486353201,1.0
11,11,128,32,32,3.0,top_attention_kept_only,0.7784614903023729,0.7006124271670737,0.2772582179681412,0.0
11,11,128,32,32,3.0,top_attention_plus_mean_moment,0.08599729802715106,0.9972181445258131,0.2772582179681412,0.0
11,11,128,32,32,3.0,top_attention_plus_first_order_moment,0.004117499116859761,0.9999929604293398,0.2772582179681412,0.0
11,11,128,32,32,3.0,random_kept_only,0.25939180495062186,0.9730073287072659,0.2468332808962989,0.375
11,11,128,32,32,3.0,random_plus_first_order_moment,0.0046832499255139125,0.999991007682701,0.2468332808962989,0.375
11,11,128,32,32,3.0,value_norm_kept_only,2.248945161586704,0.6970775005043732,0.21642171779067346,1.0
11,12,128,32,32,3.0,top_attention_kept_only,0.7818560626339404,0.6857830520084142,0.27771387664831104,0.0
11,12,128,32,32,3.0,top_attention_plus_mean_moment,0.09447296239629774,0.9968303090366595,0.27771387664831104,0.0
11,12,128,32,32,3.0,top_attention_plus_first_order_moment,0.004754065955536318,0.9999913035853498,0.27771387664831104,0.0
11,12,128,32,32,3.0,random_kept_only,0.2047987146093505,0.9789908422868636,0.2504628325554843,0.28125
11,12,128,32,32,3.0,random_plus_first_order_moment,0.006284806157092529,0.9999849171361355,0.2504628325554843,0.28125
11,12,128,32,32,3.0,value_norm_kept_only,2.271569853397548,0.7156456713550355,0.21427259261679293,1.0
11,13,128,32,32,3.0,top_attention_kept_only,0.755150614694632,0.7019895212643595,0.2778773788702743,0.0
11,13,128,32,32,3.0,top_attention_plus_mean_moment,0.08526366318890964,0.997289088138774,0.2778773788702743,0.0
11,13,128,32,32,3.0,top_attention_plus_first_order_moment,0.003997345735004892,0.99999361870315,0.2778773788702743,0.0
11,13,128,32,32,3.0,random_kept_only,0.17990887866323402,0.9837108241905024,0.25109125542843924,0.28125
11,13,128,32,32,3.0,random_plus_first_order_moment,0.005135623663540668,0.9999894271038109,0.25109125542843924,0.28125
11,13,128,32,32,3.0,value_norm_kept_only,2.1959646232414896,0.7071000169493792,0.21651307165702263,1.0
11,14,128,32,32,3.0,top_attention_kept_only,0.773812704728335,0.6926192800228438,0.2758842421704154,0.0
11,14,128,32,32,3.0,top_attention_plus_mean_moment,0.09678929049710339,0.9966514044378375,0.2758842421704154,0.0
11,14,128,32,32,3.0,top_attention_plus_first_order_moment,0.004619443082077971,0.9999916083650612,0.2758842421704154,0.0
11,14,128,32,32,3.0,random_kept_only,0.37859539571317163,0.9258331508837415,0.2601423561965063,0.15625
11,14,128,32,32,3.0,random_plus_first_order_moment,0.005459330202591069,0.9999881916169778,0.2601423561965063,0.15625
11,14,128,32,32,3.0,value_norm_kept_only,2.2542052923340905,0.7224939238918028,0.21267120803488881,1.0
11,15,128,32,32,3.0,top_attention_kept_only,0.7949599258690029,0.6709015918319471,0.2755927971926646,0.0
11,15,128,32,32,3.0,top_attention_plus_mean_moment,0.09491514315256651,0.9968262531396871,0.2755927971926646,0.0
11,15,128,32,32,3.0,top_attention_plus_first_order_moment,0.004303331189543238,0.9999929387966889,0.2755927971926646,0.0
11,15,128,32,32,3.0,random_kept_only,0.21987060613232212,0.976805815958078,0.24857215735397103,0.3125
11,15,128,32,32,3.0,random_plus_first_order_moment,0.0053601423159315075,0.9999890804547399,0.24857215735397103,0.3125
11,15,128,32,32,3.0,value_norm_kept_only,2.351007676261153,0.7171167030661203,0.21473773366859408,1.0
11,16,128,32,32,3.0,top_attention_kept_only,0.7837870472138722,0.6755004708260769,0.2768355148911544,0.0
11,16,128,32,32,3.0,top_attention_plus_mean_moment,0.09551908125963834,0.9968246699907417,0.2768355148911544,0.0
11,16,128,32,32,3.0,top_attention_plus_first_order_moment,0.004422117676637994,0.9999926079892968,0.2768355148911544,0.0
11,16,128,32,32,3.0,random_kept_only,0.3348571285578912,0.9696152855040501,0.24398082522439232,0.40625
11,16,128,32,32,3.0,random_plus_first_order_moment,0.005302086406600219,0.9999890958182371,0.24398082522439232,0.40625
11,16,128,32,32,3.0,value_norm_kept_only,2.3635962410776536,0.7200998976912786,0.21436959174604225,1.0
11,17,128,32,32,3.0,top_attention_kept_only,0.757958235091715,0.7183212338485235,0.2784840057464523,0.0
11,17,128,32,32,3.0,top_attention_plus_mean_moment,0.08336627496816766,0.9972316524273618,0.2784840057464523,0.0
11,17,128,32,32,3.0,top_attention_plus_first_order_moment,0.003838375288711238,0.9999936561178445,0.2784840057464523,0.0
11,17,128,32,32,3.0,random_kept_only,0.20096802449800485,0.9796082171514102,0.2508720525371273,0.25
11,17,128,32,32,3.0,random_plus_first_order_moment,0.004893549360152941,0.999989853175954,0.2508720525371273,0.25
11,17,128,32,32,3.0,value_norm_kept_only,2.1532265518838205,0.6815403944785801,0.2146924782094256,1.0
11,18,128,32,32,3.0,top_attention_kept_only,0.7811221890163513,0.6904201071266448,0.2743793379519803,0.0
11,18,128,32,32,3.0,top_attention_plus_mean_moment,0.09401545698509912,0.9968702888001569,0.2743793379519803,0.0
11,18,128,32,32,3.0,top_attention_plus_first_order_moment,0.004854735628500318,0.9999907433782536,0.2743793379519803,0.0
11,18,128,32,32,3.0,random_kept_only,0.2476964102025575,0.9805337389630747,0.24853544011658774,0.34375
11,18,128,32,32,3.0,random_plus_first_order_moment,0.005269861489761167,0.9999888636320499,0.24853544011658774,0.34375
11,18,128,32,32,3.0,value_norm_kept_only,2.271468191943875,0.7205992508783352,0.2157364481933623,1.0
11,19,128,32,32,3.0,top_attention_kept_only,0.7665006307323725,0.6983119487833065,0.2775689021094452,0.0
11,19,128,32,32,3.0,top_attention_plus_mean_moment,0.09165823303180394,0.9967703125572376,0.2775689021094452,0.0
11,19,128,32,32,3.0,top_attention_plus_first_order_moment,0.004387639386319219,0.9999920236873285,0.2775689021094452,0.0
11,19,128,32,32,3.0,random_kept_only,0.16839868220689022,0.9857821222796224,0.24869917023186142,0.28125
11,19,128,32,32,3.0,random_plus_first_order_moment,0.005030151530490181,0.9999896237451265,0.24869917023186142,0.28125
11,19,128,32,32,3.0,value_norm_kept_only,2.2741147007810776,0.684430771021278,0.2142106157241313,1.0
11,20,128,32,32,3.0,top_attention_kept_only,0.7950406185483125,0.6585937919256454,0.2770611340767032,0.0
11,20,128,32,32,3.0,top_attention_plus_mean_moment,0.08566297761202285,0.9972415511916722,0.2770611340767032,0.0
11,20,128,32,32,3.0,top_attention_plus_first_order_moment,0.0036220965285638303,0.9999948199756925,0.2770611340767032,0.0
11,20,128,32,32,3.0,random_kept_only,0.30050934967289583,0.9555189813686761,0.25400010607350354,0.21875
11,20,128,32,32,3.0,random_plus_first_order_moment,0.004807249236361801,0.9999907978638678,0.25400010607350354,0.21875
11,20,128,32,32,3.0,value_norm_kept_only,2.3212878889764874,0.7034451790718863,0.21712993085227655,1.0
11,21,128,32,32,3.0,top_attention_kept_only,0.7749411123663854,0.7035509197353021,0.2763922274911562,0.0
11,21,128,32,32,3.0,top_attention_plus_mean_moment,0.089725646764148,0.99700093009855,0.2763922274911562,0.0
11,21,128,32,32,3.0,top_attention_plus_first_order_moment,0.0041871305018354905,0.999992731203705,0.2763922274911562,0.0
11,21,128,32,32,3.0,random_kept_only,0.18594970940876906,0.9834896506665171,0.2517624607902821,0.28125
11,21,128,32,32,3.0,random_plus_first_order_moment,0.004922712374756988,0.9999901531426307,0.2517624607902821,0.28125
11,21,128,32,32,3.0,value_norm_kept_only,2.1956027491639003,0.7071629917271487,0.21481214256450742,1.0
11,22,128,32,32,3.0,top_attention_kept_only,0.754562870864274,0.7046425533826394,0.2756671986749262,0.0
11,22,128,32,32,3.0,top_attention_plus_mean_moment,0.08447651207855429,0.9973448349023478,0.2756671986749262,0.0
11,22,128,32,32,3.0,top_attention_plus_first_order_moment,0.0037800578914428382,0.9999942067697192,0.2756671986749262,0.0
11,22,128,32,32,3.0,random_kept_only,0.29719298115142617,0.9574606674871154,0.2530620558084672,0.21875
11,22,128,32,32,3.0,random_plus_first_order_moment,0.0048417725881880905,0.999990577389047,0.2530620558084672,0.21875
11,22,128,32,32,3.0,value_norm_kept_only,2.201022868232861,0.7128987746654791,0.2163428490808645,1.0
11,23,128,32,32,3.0,top_attention_kept_only,0.7746415367471954,0.6917330278316564,0.2786415177814181,0.0
11,23,128,32,32,3.0,top_attention_plus_mean_moment,0.08685962524934013,0.9970655436495353,0.2786415177814181,0.0
11,23,128,32,32,3.0,top_attention_plus_first_order_moment,0.003985891831660609,0.9999934278912868,0.2786415177814181,0.0
11,23,128,32,32,3.0,random_kept_only,0.22851677600574688,0.9775433789939063,0.250838645311276,0.34375
11,23,128,32,32,3.0,random_plus_first_order_moment,0.00525168919912034,0.9999884934581467,0.250838645311276,0.34375
11,23,128,32,32,3.0,value_norm_kept_only,2.2804491854650677,0.6951358327457796,0.2166009018693424,1.0
11,24,128,32,32,3.0,top_attention_kept_only,0.7583457817770569,0.6882666787507574,0.2767032511566541,0.0
11,24,128,32,32,3.0,top_attention_plus_mean_moment,0.08371306380875841,0.9974279189576724,0.2767032511566541,0.0
11,24,128,32,32,3.0,top_attention_plus_first_order_moment,0.003454016869302624,0.9999952316172807,0.2767032511566541,0.0
11,24,128,32,32,3.0,random_kept_only,0.17172615028651325,0.9860264711189356,0.24992833145024035,0.3125
11,24,128,32,32,3.0,random_plus_first_order_moment,0.004123674231752257,0.9999932248727482,0.24992833145024035,0.3125
11,24,128,32,32,3.0,value_norm_kept_only,2.2153269732421905,0.7148111405813099,0.21727649843368624,1.0
11,25,128,32,32,3.0,top_attention_kept_only,0.7865401128323042,0.6650635384333817,0.2758143399898659,0.0
11,25,128,32,32,3.0,top_attention_plus_mean_moment,0.09772707902728447,0.99642846277344,0.2758143399898659,0.0
11,25,128,32,32,3.0,top_attention_plus_first_order_moment,0.004360127128283172,0.9999924101879013,0.2758143399898659,0.0
11,25,128,32,32,3.0,random_kept_only,0.24096121793625863,0.971740548522896,0.24796156674093367,0.34375
11,25,128,32,32,3.0,random_plus_first_order_moment,0.005695501896510941,0.9999870727519051,0.24796156674093367,0.34375
11,25,128,32,32,3.0,value_norm_kept_only,2.3371846140007757,0.702197518039651,0.21377739556983072,1.0
11,26,128,32,32,3.0,top_attention_kept_only,0.7601507067836378,0.681999304116707,0.2766004338866989,0.0
11,26,128,32,32,3.0,top_attention_plus_mean_moment,0.09324005234998262,0.9968784367750422,0.2766004338866989,0.0
11,26,128,32,32,3.0,top_attention_plus_first_order_moment,0.00421357520064541,0.999993255886491,0.2766004338866989,0.0
11,26,128,32,32,3.0,random_kept_only,0.24302454432680165,0.9700203359348987,0.25269562800747114,0.25
11,26,128,32,32,3.0,random_plus_first_order_moment,0.005425779612804285,0.9999886343815447,0.25269562800747114,0.25
11,26,128,32,32,3.0,value_norm_kept_only,2.2882720133943786,0.7190611827702859,0.21451404768791033,1.0
11,27,128,32,32,3.0,top_attention_kept_only,0.7922446992898472,0.661967352859207,0.27722876729684554,0.0
11,27,128,32,32,3.0,top_attention_plus_mean_moment,0.08712887493532273,0.9973917618090771,0.27722876729684554,0.0
11,27,128,32,32,3.0,top_attention_plus_first_order_moment,0.004159288651415938,0.9999933569658775,0.27722876729684554,0.0
11,27,128,32,32,3.0,random_kept_only,0.19497462883624456,0.9809376260093036,0.2542834851919007,0.28125
11,27,128,32,32,3.0,random_plus_first_order_moment,0.004899918076596773,0.9999908975007872,0.2542834851919007,0.28125
11,27,128,32,32,3.0,value_norm_kept_only,2.2255652319915766,0.7415407558462211,0.21542286728798965,1.0
11,28,128,32,32,3.0,top_attention_kept_only,0.7725274492621002,0.671101154260491,0.27762294165705337,0.0
11,28,128,32,32,3.0,top_attention_plus_mean_moment,0.09498856741615767,0.9968082475710711,0.27762294165705337,0.0
11,28,128,32,32,3.0,top_attention_plus_first_order_moment,0.004513468502387664,0.9999922660636646,0.27762294165705337,0.0
11,28,128,32,32,3.0,random_kept_only,0.19387707891147493,0.9812152676021052,0.2504215797174213,0.28125
11,28,128,32,32,3.0,random_plus_first_order_moment,0.005294989893624078,0.9999889671067301,0.2504215797174213,0.28125
11,28,128,32,32,3.0,value_norm_kept_only,2.2809846746822955,0.7332111754839714,0.21430602315725206,1.0
11,29,128,32,32,3.0,top_attention_kept_only,0.8101651484858661,0.6522483025950974,0.27691280843603827,0.0
11,29,128,32,32,3.0,top_attention_plus_mean_moment,0.09178384592552492,0.9971021375332277,0.27691280843603827,0.0
11,29,128,32,32,3.0,top_attention_plus_first_order_moment,0.004303795838347858,0.9999930275583888,0.27691280843603827,0.0
11,29,128,32,32,3.0,random_kept_only,0.25139884099199267,0.9679541280860371,0.2532015537914181,0.25
11,29,128,32,32,3.0,random_plus_first_order_moment,0.0054955869125969375,0.9999884716955297,0.2532015537914181,0.25
11,29,128,32,32,3.0,value_norm_kept_only,2.264786391244483,0.7316926182441007,0.2148364484831049,1.0
11,30,128,32,32,3.0,top_attention_kept_only,0.7677143598686769,0.700945669743575,0.27666145792878,0.0
11,30,128,32,32,3.0,top_attention_plus_mean_moment,0.09077966978356233,0.996944088827535,0.27666145792878,0.0
11,30,128,32,32,3.0,top_attention_plus_first_order_moment,0.004409103825235969,0.9999920893206122,0.27666145792878,0.0
11,30,128,32,32,3.0,random_kept_only,0.3190408500780679,0.9477843060738503,0.2542613678138206,0.1875
11,30,128,32,32,3.0,random_plus_first_order_moment,0.005478685030238635,0.9999877446302932,0.2542613678138206,0.1875
11,30,128,32,32,3.0,value_norm_kept_only,2.264363355900608,0.7063920380847795,0.2147932530663108,1.0
11,31,128,32,32,3.0,top_attention_kept_only,0.7986431442586289,0.6842195214813949,0.2761163056074449,0.0
11,31,128,32,32,3.0,top_attention_plus_mean_moment,0.08274585876704421,0.9973531986187493,0.2761163056074449,0.0
11,31,128,32,32,3.0,top_attention_plus_first_order_moment,0.003825252080187775,0.9999938734990418,0.2761163056074449,0.0
11,31,128,32,32,3.0,random_kept_only,0.1778530707268944,0.9856575676663649,0.25244058208469144,0.3125
11,31,128,32,32,3.0,random_plus_first_order_moment,0.004480077015393176,0.9999916287210547,0.25244058208469144,0.3125
11,31,128,32,32,3.0,value_norm_kept_only,2.180748474055767,0.6916143554972626,0.2155232426213316,1.0
11,32,128,32,32,3.0,top_attention_kept_only,0.8259892145447644,0.6473003363953634,0.2758028278756437,0.0
11,32,128,32,32,3.0,top_attention_plus_mean_moment,0.09114772647617973,0.9970349450345277,0.2758028278756437,0.0
11,32,128,32,32,3.0,top_attention_plus_first_order_moment,0.00427314841941921,0.9999927913334297,0.2758028278756437,0.0
11,32,128,32,32,3.0,random_kept_only,0.20755037289143635,0.9782704061063999,0.2514414905437359,0.28125
11,32,128,32,32,3.0,random_plus_first_order_moment,0.005612316496799823,0.999987822597204,0.2514414905437359,0.28125
11,32,128,32,32,3.0,value_norm_kept_only,2.3566241336018083,0.7105910221127647,0.21576472856953288,1.0
11,33,128,32,32,3.0,top_attention_kept_only,0.7328159228292501,0.719556621104736,0.2784620367171175,0.0
11,33,128,32,32,3.0,top_attention_plus_mean_moment,0.08681733644580443,0.9972951813032019,0.2784620367171175,0.0
11,33,128,32,32,3.0,top_attention_plus_first_order_moment,0.004341224817928358,0.9999924664162315,0.2784620367171175,0.0
11,33,128,32,32,3.0,random_kept_only,0.20426049317591818,0.9789458739384083,0.2532959899671706,0.28125
11,33,128,32,32,3.0,random_plus_first_order_moment,0.005319822585224526,0.9999887653838391,0.2532959899671706,0.28125
11,33,128,32,32,3.0,value_norm_kept_only,2.1755716437702532,0.7302406742617373,0.21539745256769263,1.0
11,34,128,32,32,3.0,top_attention_kept_only,0.8083205211781422,0.6679361220875866,0.275027059239472,0.0
11,34,128,32,32,3.0,top_attention_plus_mean_moment,0.09159402554054205,0.9967848364117186,0.275027059239472,0.0
11,34,128,32,32,3.0,top_attention_plus_first_order_moment,0.004478827188122498,0.9999917630943108,0.275027059239472,0.0
11,34,128,32,32,3.0,random_kept_only,0.186737398603356,0.9829740059069996,0.25100431823896624,0.3125
11,34,128,32,32,3.0,random_plus_first_order_moment,0.005270556618040668,0.9999886287617367,0.25100431823896624,0.3125
11,34,128,32,32,3.0,value_norm_kept_only,2.285535038178806,0.6910200054338773,0.21623874074774477,1.0
11,35,128,32,32,3.0,top_attention_kept_only,0.7659013212014681,0.6887171734720074,0.2760883723442781,0.0
11,35,128,32,32,3.0,top_attention_plus_mean_moment,0.08423931694161362,0.9974570097656147,0.2760883723442781,0.0
11,35,128,32,32,3.0,top_attention_plus_first_order_moment,0.0036478373192308853,0.9999947866468961,0.2760883723442781,0.0
11,35,128,32,32,3.0,random_kept_only,0.2907530522134397,0.9568110953327436,0.2521299758435304,0.21875
11,35,128,32,32,3.0,random_plus_first_order_moment,0.004688135441775289,0.9999913724724832,0.2521299758435304,0.21875
11,35,128,32,32,3.0,value_norm_kept_only,2.206453165449575,0.7349251969652564,0.21632258950191743,1.0
11,36,128,32,32,3.0,top_attention_kept_only,0.7522079661259982,0.7025955155392287,0.2773037990251303,0.0
11,36,128,32,32,3.0,top_attention_plus_mean_moment,0.084257478899878,0.9974961656886087,0.2773037990251303,0.0
11,36,128,32,32,3.0,top_attention_plus_first_order_moment,0.0038347455039635064,0.9999941942290201,0.2773037990251303,0.0
11,36,128,32,32,3.0,random_kept_only,0.2649784998891828,0.9647606725154756,0.2526696860265253,0.25
11,36,128,32,32,3.0,random_plus_first_order_moment,0.0046316380680977275,0.9999916384805291,0.2526696860265253,0.25
11,36,128,32,32,3.0,value_norm_kept_only,2.22132108465883,0.7298419513358516,0.21591744181044253,1.0
11,37,128,32,32,3.0,top_attention_kept_only,0.7481654626569457,0.7067187413184752,0.2771335594251741,0.0
11,37,128,32,32,3.0,top_attention_plus_mean_moment,0.08623171654696822,0.9972366069530855,0.2771335594251741,0.0
11,37,128,32,32,3.0,top_attention_plus_first_order_moment,0.0038079989824712553,0.9999941899112716,0.2771335594251741,0.0
11,37,128,32,32,3.0,random_kept_only,0.15888359876779615,0.9875353201505532,0.2473875383195867,0.34375
11,37,128,32,32,3.0,random_plus_first_order_moment,0.004723195434469605,0.9999909164430009,0.2473875383195867,0.34375
11,37,128,32,32,3.0,value_norm_kept_only,2.2229445146937628,0.7059576615364946,0.2154150660284373,1.0
11,38,128,32,32,3.0,top_attention_kept_only,0.7182225639591203,0.7295137169887138,0.27721148358795433,0.0
11,38,128,32,32,3.0,top_attention_plus_mean_moment,0.09702869378786586,0.9964114377181772,0.27721148358795433,0.0
11,38,128,32,32,3.0,top_attention_plus_first_order_moment,0.004441321267249881,0.9999918637218613,0.27721148358795433,0.0
11,38,128,32,32,3.0,random_kept_only,0.25935045549647834,0.9664025027905815,0.25532250110030774,0.21875
11,38,128,32,32,3.0,random_plus_first_order_moment,0.005584404916908915,0.9999869682782774,0.25532250110030774,0.21875
11,38,128,32,32,3.0,value_norm_kept_only,2.244444884149966,0.7022323792681068,0.21415001962670369,1.0
11,39,128,32,32,3.0,top_attention_kept_only,0.8306417628101459,0.6369975934111743,0.27505318855298305,0.0
11,39,128,32,32,3.0,top_attention_plus_mean_moment,0.08369461727812023,0.9975403318502074,0.27505318855298305,0.0
11,39,128,32,32,3.0,top_attention_plus_first_order_moment,0.003977084814840981,0.99999381350144,0.27505318855298305,0.0
11,39,128,32,32,3.0,random_kept_only,0.25534621314085765,0.9670835938704428,0.2524005776537047,0.21875
11,39,128,32,32,3.0,random_plus_first_order_moment,0.005120610855609692,0.9999898195331697,0.2524005776537047,0.21875
11,39,128,32,32,3.0,value_norm_kept_only,2.288417341363833,0.7262690781672559,0.2190147252325183,1.0
11,0,128,32,64,3.0,top_attention_kept_only,0.7508734419809976,0.7085086494242709,0.5421882613987656,0.0
11,0,128,32,64,3.0,top_attention_plus_mean_moment,0.05083915336920482,0.9989983693059119,0.5421882613987656,0.0
11,0,128,32,64,3.0,top_attention_plus_first_order_moment,0.0018600764928290497,0.999998574645647,0.5421882613987656,0.0
11,0,128,32,64,3.0,random_kept_only,0.12174344666622386,0.9929761425377623,0.4967309652536081,0.328125
11,0,128,32,64,3.0,random_plus_first_order_moment,0.003763003301976425,0.9999939995312264,0.4967309652536081,0.328125
11,0,128,32,64,3.0,value_norm_kept_only,0.8333440206801137,0.8977467001322732,0.46992801438440523,0.59375
11,1,128,32,64,3.0,top_attention_kept_only,0.7246131599911118,0.7256012263468583,0.5407636951987136,0.0
11,1,128,32,64,3.0,top_attention_plus_mean_moment,0.05075802517550913,0.999033805793364,0.5407636951987136,0.0
11,1,128,32,64,3.0,top_attention_plus_first_order_moment,0.00167159944011357,0.9999988547897845,0.5407636951987136,0.0
11,1,128,32,64,3.0,random_kept_only,0.18375603826700104,0.9876458951483121,0.49479369793671013,0.359375
11,1,128,32,64,3.0,random_plus_first_order_moment,0.0029633940690267243,0.999996546963278,0.49479369793671013,0.359375
11,1,128,32,64,3.0,value_norm_kept_only,0.8220045173490454,0.8955509910759646,0.47224211996026955,0.59375
11,2,128,32,64,3.0,top_attention_kept_only,0.7478800753891299,0.6977441145808384,0.5421295360044924,0.0
11,2,128,32,64,3.0,top_attention_plus_mean_moment,0.04670776511240509,0.9991722805154343,0.5421295360044924,0.0
11,2,128,32,64,3.0,top_attention_plus_first_order_moment,0.0016181410723907026,0.9999989658142653,0.5421295360044924,0.0
11,2,128,32,64,3.0,random_kept_only,0.10429998584456447,0.9945864887384421,0.49980238172717534,0.296875
11,2,128,32,64,3.0,random_plus_first_order_moment,0.0036891095873901503,0.9999947313932999,0.49980238172717534,0.296875
11,2,128,32,64,3.0,value_norm_kept_only,0.8258439179085848,0.9078367144906844,0.4683264647620128,0.59375
11,3,128,32,64,3.0,top_attention_kept_only,0.7771530918981462,0.6973729292288076,0.5374065388050506,0.0
11,3,128,32,64,3.0,top_attention_plus_mean_moment,0.05285850932547645,0.9989249323308534,0.5374065388050506,0.0
11,3,128,32,64,3.0,top_attention_plus_first_order_moment,0.0018821803420535352,0.9999985198857182,0.5374065388050506,0.0
11,3,128,32,64,3.0,random_kept_only,0.1724476623692669,0.9850304642403708,0.5028545055373213,0.265625
11,3,128,32,64,3.0,random_plus_first_order_moment,0.0037149869366875075,0.9999941215748708,0.5028545055373213,0.265625
11,3,128,32,64,3.0,value_norm_kept_only,0.8448077047082929,0.8927210134841065,0.47206080837809783,0.59375
11,4,128,32,64,3.0,top_attention_kept_only,0.7135568753230563,0.7246962206640744,0.5386491186529223,0.0
11,4,128,32,64,3.0,top_attention_plus_mean_moment,0.043788352930893545,0.9992753856221962,0.5386491186529223,0.0
11,4,128,32,64,3.0,top_attention_plus_first_order_moment,0.001717873962592704,0.999998876454376,0.5386491186529223,0.0
11,4,128,32,64,3.0,random_kept_only,0.10620751605266923,0.9943517166648669,0.5059303045711467,0.28125
11,4,128,32,64,3.0,random_plus_first_order_moment,0.003421363795813057,0.9999954589091125,0.5059303045711467,0.28125
11,4,128,32,64,3.0,value_norm_kept_only,0.7726714387251005,0.9079154591441735,0.4705990068867911,0.59375
11,5,128,32,64,3.0,top_attention_kept_only,0.7515756508435478,0.712461771849612,0.5392215811486056,0.0
11,5,128,32,64,3.0,top_attention_plus_mean_moment,0.04934238742619115,0.9990807283971396,0.5392215811486056,0.0
11,5,128,32,64,3.0,top_attention_plus_first_order_moment,0.0016454884727435512,0.9999988948143259,0.5392215811486056,0.0
11,5,128,32,64,3.0,random_kept_only,0.11374021892955105,0.9935114047424934,0.5026942872270641,0.296875
11,5,128,32,64,3.0,random_plus_first_order_moment,0.0035275985607156474,0.9999949563589873,0.5026942872270641,0.296875
11,5,128,32,64,3.0,value_norm_kept_only,0.8410671002797011,0.896164977043022,0.47344899599470747,0.59375
11,6,128,32,64,3.0,top_attention_kept_only,0.7510300364741009,0.6989813896697724,0.5404520486013846,0.0
11,6,128,32,64,3.0,top_attention_plus_mean_moment,0.0495741648468104,0.9990466528484577,0.5404520486013846,0.0
11,6,128,32,64,3.0,top_attention_plus_first_order_moment,0.0018367107283609667,0.9999986339432109,0.5404520486013846,0.0
11,6,128,32,64,3.0,random_kept_only,0.13766753203119014,0.9906757502763587,0.5048275348631771,0.28125
11,6,128,32,64,3.0,random_plus_first_order_moment,0.0035711780736585835,0.9999949976466537,0.5048275348631771,0.28125
11,6,128,32,64,3.0,value_norm_kept_only,0.8250140583605574,0.9034610543897578,0.46907615532440994,0.59375
11,7,128,32,64,3.0,top_attention_kept_only,0.7268188965307626,0.7298019959131393,0.5422123849651483,0.0
11,7,128,32,64,3.0,top_attention_plus_mean_moment,0.05087590376301962,0.9990136141563499,0.5422123849651483,0.0
11,7,128,32,64,3.0,top_attention_plus_first_order_moment,0.0017037059645851824,0.9999988059745821,0.5422123849651483,0.0
11,7,128,32,64,3.0,random_kept_only,0.1127775095973301,0.9950163599309074,0.4986041344227278,0.3125
11,7,128,32,64,3.0,random_plus_first_order_moment,0.0037933762824621524,0.999994279194977,0.4986041344227278,0.3125
11,7,128,32,64,3.0,value_norm_kept_only,0.8024358003297458,0.9027250496429663,0.4706297511938672,0.59375
11,8,128,32,64,3.0,top_attention_kept_only,0.742319583541276,0.7115094544224858,0.5403402300225407,0.0
11,8,128,32,64,3.0,top_attention_plus_mean_moment,0.05045986600946419,0.999033929867581,0.5403402300225407,0.0
11,8,128,32,64,3.0,top_attention_plus_first_order_moment,0.0018254668447424422,0.9999986831784411,0.5403402300225407,0.0
11,8,128,32,64,3.0,random_kept_only,0.12749707532113785,0.9932479008892583,0.49701341698154194,0.3125
11,8,128,32,64,3.0,random_plus_first_order_moment,0.004079302602313673,0.9999930317631113,0.49701341698154194,0.3125
11,8,128,32,64,3.0,value_norm_kept_only,0.836897938800278,0.8956422147858742,0.469589791794607,0.59375
11,9,128,32,64,3.0,top_attention_kept_only,0.7399494350433654,0.7193014021472769,0.5405322250488491,0.0
11,9,128,32,64,3.0,top_attention_plus_mean_moment,0.042150101558512953,0.9993358637677883,0.5405322250488491,0.0
11,9,128,32,64,3.0,top_attention_plus_first_order_moment,0.0015205114516600184,0.9999990815199716,0.5405322250488491,0.0
11,9,128,32,64,3.0,random_kept_only,0.11112950179591341,0.9938638074573656,0.500139941704604,0.28125
11,9,128,32,64,3.0,random_plus_first_order_moment,0.0035347641449573136,0.9999949863622178,0.500139941704604,0.28125
11,9,128,32,64,3.0,value_norm_kept_only,0.7993695061006616,0.9063897893519255,0.4747976865907827,0.59375
11,10,128,32,64,3.0,top_attention_kept_only,0.7499482889891317,0.6972252730112831,0.5378054845910106,0.0
11,10,128,32,64,3.0,top_attention_plus_mean_moment,0.04612398838674586,0.9992419883475091,0.5378054845910106,0.0
11,10,128,32,64,3.0,top_attention_plus_first_order_moment,0.0015914830085396495,0.9999990389278678,0.5378054845910106,0.0
11,10,128,32,64,3.0,random_kept_only,0.2127008291031759,0.9798254536520508,0.5055224797530278,0.234375
11,10,128,32,64,3.0,random_plus_first_order_moment,0.0033979822015948106,0.9999956710601935,0.5055224797530278,0.234375
11,10,128,32,64,3.0,value_norm_kept_only,0.8211462519297548,0.9087272901221027,0.47375949400882655,0.59375
11,11,128,32,64,3.0,top_attention_kept_only,0.7588016199000255,0.6942963218027751,0.540851845798753,0.0
11,11,128,32,64,3.0,top_attention_plus_mean_moment,0.04955821608075638,0.9990498538984401,0.540851845798753,0.0
11,11,128,32,64,3.0,top_attention_plus_first_order_moment,0.0020086292061538193,0.9999983752021925,0.540851845798753,0.0
11,11,128,32,64,3.0,random_kept_only,0.1493462152529487,0.9908026648639753,0.49575347846583284,0.328125
11,11,128,32,64,3.0,random_plus_first_order_moment,0.004266586737998127,0.999992722289841,0.49575347846583284,0.328125
11,11,128,32,64,3.0,value_norm_kept_only,0.8311349192132678,0.9047036123676925,0.46759995267076226,0.59375
11,12,128,32,64,3.0,top_attention_kept_only,0.7587567162188945,0.7011630330924494,0.5410218365115438,0.0
11,12,128,32,64,3.0,top_attention_plus_mean_moment,0.04833902923917485,0.9990865662893749,0.5410218365115438,0.0
11,12,128,32,64,3.0,top_attention_plus_first_order_moment,0.00184896126515744,0.9999986490679601,0.5410218365115438,0.0
11,12,128,32,64,3.0,random_kept_only,0.24839638995458102,0.9699407937728957,0.505087615274499,0.21875
11,12,128,32,64,3.0,random_plus_first_order_moment,0.004168300533424868,0.9999932381696225,0.505087615274499,0.21875
11,12,128,32,64,3.0,value_norm_kept_only,0.7860836381561666,0.9036366610872812,0.4712997421136313,0.59375
11,13,128,32,64,3.0,top_attention_kept_only,0.7569316233229453,0.6900460191963816,0.5399487911323395,0.0
11,13,128,32,64,3.0,top_attention_plus_mean_moment,0.04972425949871742,0.9990691373340151,0.5399487911323395,0.0
11,13,128,32,64,3.0,top_attention_plus_first_order_moment,0.001733389000067542,0.9999988163935608,0.5399487911323395,0.0
11,13,128,32,64,3.0,random_kept_only,0.127320519281252,0.9921004914682718,0.49766871357678333,0.3125
11,13,128,32,64,3.0,random_plus_first_order_moment,0.0031703305484132517,0.9999963283367144,0.49766871357678333,0.3125
11,13,128,32,64,3.0,value_norm_kept_only,0.8351438532549541,0.903711657019139,0.4713764510767498,0.59375
11,14,128,32,64,3.0,top_attention_kept_only,0.7428519815881066,0.719263829169283,0.5387828222647115,0.0
11,14,128,32,64,3.0,top_attention_plus_mean_moment,0.04604869702772645,0.9991838664251436,0.5387828222647115,0.0
11,14,128,32,64,3.0,top_attention_plus_first_order_moment,0.0016572863373264506,0.999998846011719,0.5387828222647115,0.0
11,14,128,32,64,3.0,random_kept_only,0.31070645304552436,0.9506913769131917,0.5088073058367625,0.1875
11,14,128,32,64,3.0,random_plus_first_order_moment,0.0037126278413852775,0.9999943448597488,0.5088073058367625,0.1875
11,14,128,32,64,3.0,value_norm_kept_only,0.8297275570050244,0.891234383699073,0.47052429190573325,0.59375
11,15,128,32,64,3.0,top_attention_kept_only,0.7388629297004131,0.711905177729042,0.5431600953111821,0.0
11,15,128,32,64,3.0,top_attention_plus_mean_moment,0.05630787563756048,0.99880073197542,0.5431600953111821,0.0
11,15,128,32,64,3.0,top_attention_plus_first_order_moment,0.0018741788102092768,0.9999986045934119,0.5431600953111821,0.0
11,15,128,32,64,3.0,random_kept_only,0.1331271369341475,0.9912222352308326,0.4994202236685149,0.28125
11,15,128,32,64,3.0,random_plus_first_order_moment,0.004649224554530531,0.9999913944930848,0.4994202236685149,0.28125
11,15,128,32,64,3.0,value_norm_kept_only,0.8250461894392385,0.8983355113322656,0.46704555119796454,0.59375
11,16,128,32,64,3.0,top_attention_kept_only,0.7490032715220848,0.7100576017819823,0.5402444426038726,0.0
11,16,128,32,64,3.0,top_attention_plus_mean_moment,0.05429632826623965,0.9988538456889943,0.5402444426038726,0.0
11,16,128,32,64,3.0,top_attention_plus_first_order_moment,0.001972691261672813,0.9999983718597456,0.5402444426038726,0.0
11,16,128,32,64,3.0,random_kept_only,0.14649533724941896,0.9894640521528203,0.49812575785946434,0.3125
11,16,128,32,64,3.0,random_plus_first_order_moment,0.004096650353843569,0.9999934057353091,0.49812575785946434,0.3125
11,16,128,32,64,3.0,value_norm_kept_only,0.7985232350110295,0.9030188621130826,0.4699702327215252,0.59375
11,17,128,32,64,3.0,top_attention_kept_only,0.7741011189855895,0.6811513375881144,0.5391975531262444,0.0
11,17,128,32,64,3.0,top_attention_plus_mean_moment,0.044748064819241956,0.9992456356411988,0.5391975531262444,0.0
11,17,128,32,64,3.0,top_attention_plus_first_order_moment,0.0015128129934486086,0.999999095271267,0.5391975531262444,0.0
11,17,128,32,64,3.0,random_kept_only,0.1789307481812025,0.9843768851195536,0.5051508894243646,0.25
11,17,128,32,64,3.0,random_plus_first_order_moment,0.0032175653936864453,0.9999958813035844,0.5051508894243646,0.25
11,17,128,32,64,3.0,value_norm_kept_only,0.8183189874216974,0.9056792843508976,0.47095529146718795,0.59375
11,18,128,32,64,3.0,top_attention_kept_only,0.8050372029192837,0.6772326399291929,0.543210750004525,0.0
11,18,128,32,64,3.0,top_attention_plus_mean_moment,0.05419144433654669,0.9988482377302647,0.543210750004525,0.0
11,18,128,32,64,3.0,top_attention_plus_first_order_moment,0.002384334474277854,0.9999976146775981,0.543210750004525,0.0
11,18,128,32,64,3.0,random_kept_only,0.11948229954810197,0.9938349356682525,0.4957891613776152,0.328125
11,18,128,32,64,3.0,random_plus_first_order_moment,0.0043800598931684675,0.9999917494004622,0.4957891613776152,0.328125
11,18,128,32,64,3.0,value_norm_kept_only,0.8659482349359171,0.8822878325587693,0.4683848337084344,0.59375
11,19,128,32,64,3.0,top_attention_kept_only,0.7708478730715369,0.6965853232675263,0.5388308817588714,0.0
11,19,128,32,64,3.0,top_attention_plus_mean_moment,0.045125972419255304,0.999124463629614,0.5388308817588714,0.0
11,19,128,32,64,3.0,top_attention_plus_first_order_moment,0.0019288363964257938,0.9999983936525887,0.5388308817588714,0.0
11,19,128,32,64,3.0,random_kept_only,0.12015687517481523,0.9927785962150821,0.4990155459819108,0.3125
11,19,128,32,64,3.0,random_plus_first_order_moment,0.0034830199061603737,0.9999947018110874,0.4990155459819108,0.3125
11,19,128,32,64,3.0,value_norm_kept_only,0.7811421010913846,0.8929511958039177,0.47395087181792783,0.59375
11,20,128,32,64,3.0,top_attention_kept_only,0.7496410103415966,0.7164088553265633,0.5371689549351795,0.0
11,20,128,32,64,3.0,top_attention_plus_mean_moment,0.040578966503136575,0.9993643930307545,0.5371689549351795,0.0
11,20,128,32,64,3.0,top_attention_plus_first_order_moment,0.0015505509595632734,0.9999989906189274,0.5371689549351795,0.0
11,20,128,32,64,3.0,random_kept_only,0.17200698346580912,0.9900800531512601,0.49411984490292327,0.34375
11,20,128,32,64,3.0,random_plus_first_order_moment,0.002523783015366973,0.9999971710025446,0.49411984490292327,0.34375
11,20,128,32,64,3.0,value_norm_kept_only,0.808812301330698,0.8969377429236342,0.47247771016093115,0.59375
11,21,128,32,64,3.0,top_attention_kept_only,0.7753750819338886,0.6808203634790887,0.5382735639923463,0.0
11,21,128,32,64,3.0,top_attention_plus_mean_moment,0.045542207025449276,0.9992388808621054,0.5382735639923463,0.0
11,21,128,32,64,3.0,top_attention_plus_first_order_moment,0.0016847519726136686,0.9999989374300962,0.5382735639923463,0.0
11,21,128,32,64,3.0,random_kept_only,0.10283649715841296,0.9957705998621719,0.49823562754159423,0.328125
11,21,128,32,64,3.0,random_plus_first_order_moment,0.0031989475277613313,0.9999958894908483,0.49823562754159423,0.328125
11,21,128,32,64,3.0,value_norm_kept_only,0.8513885612215633,0.9073551210121403,0.4733337537404253,0.59375
11,22,128,32,64,3.0,top_attention_kept_only,0.7878041355742481,0.678504084207231,0.5394617195389961,0.0
11,22,128,32,64,3.0,top_attention_plus_mean_moment,0.05023262221272123,0.9990047816400001,0.5394617195389961,0.0
11,22,128,32,64,3.0,top_attention_plus_first_order_moment,0.0021342322531037027,0.9999981265514327,0.5394617195389961,0.0
11,22,128,32,64,3.0,random_kept_only,0.12065873324631396,0.9928120336206065,0.49770965210299345,0.296875
11,22,128,32,64,3.0,random_plus_first_order_moment,0.004003172307485371,0.999993165410618,0.49770965210299345,0.296875
11,22,128,32,64,3.0,value_norm_kept_only,0.8739259848194284,0.8820382342809069,0.4684803266573143,0.59375
11,23,128,32,64,3.0,top_attention_kept_only,0.7706128311212712,0.6930870667676142,0.5389822359165255,0.0
11,23,128,32,64,3.0,top_attention_plus_mean_moment,0.05037316124546701,0.9990119493853283,0.5389822359165255,0.0
11,23,128,32,64,3.0,top_attention_plus_first_order_moment,0.001899605281176501,0.9999985418312715,0.5389822359165255,0.0
11,23,128,32,64,3.0,random_kept_only,0.21783586143756278,0.9828087884067452,0.4970410999031327,0.359375
11,23,128,32,64,3.0,random_plus_first_order_moment,0.0033888707291604312,0.9999950912346081,0.4970410999031327,0.359375
11,23,128,32,64,3.0,value_norm_kept_only,0.8415135887868739,0.898343479592679,0.47056425449850414,0.59375
11,24,128,32,64,3.0,top_attention_kept_only,0.7392346471491814,0.7049383074880504,0.5422787461196189,0.0
11,24,128,32,64,3.0,top_attention_plus_mean_moment,0.050230801912687424,0.9990914719790802,0.5422787461196189,0.0
11,24,128,32,64,3.0,top_attention_plus_first_order_moment,0.001856432663702508,0.9999987421329585,0.5422787461196189,0.0
11,24,128,32,64,3.0,random_kept_only,0.11227499384031941,0.9936829104472352,0.49776019121003334,0.28125
11,24,128,32,64,3.0,random_plus_first_order_moment,0.004058150559548382,0.9999933411270313,0.49776019121003334,0.28125
11,24,128,32,64,3.0,value_norm_kept_only,0.8252124009582621,0.9024810401674963,0.467181089192677,0.59375
11,25,128,32,64,3.0,top_attention_kept_only,0.743214661009283,0.7074070458395015,0.5420822606931677,0.0
11,25,128,32,64,3.0,top_attention_plus_mean_moment,0.047790540561169235,0.99909548053412,0.5420822606931677,0.0
11,25,128,32,64,3.0,top_attention_plus_first_order_moment,0.0017606051134645083,0.999998803955595,0.5420822606931677,0.0
11,25,128,32,64,3.0,random_kept_only,0.11996859624849457,0.9941569072022544,0.49516241304308317,0.3125
11,25,128,32,64,3.0,random_plus_first_order_moment,0.00396163806765845,0.9999934224344024,0.49516241304308317,0.3125
11,25,128,32,64,3.0,value_norm_kept_only,0.8331934061448351,0.8923822747079339,0.47087164895866146,0.59375
11,26,128,32,64,3.0,top_attention_kept_only,0.7557576833764973,0.7070788770243284,0.5400470971177402,0.0
11,26,128,32,64,3.0,top_attention_plus_mean_moment,0.050496177768561655,0.9989811609688024,0.5400470971177402,0.0
11,26,128,32,64,3.0,top_attention_plus_first_order_moment,0.0020924316185556213,0.9999981811813543,0.5400470971177402,0.0
11,26,128,32,64,3.0,random_kept_only,0.14194786356860645,0.9916659475662801,0.49810122009405644,0.328125
11,26,128,32,64,3.0,random_plus_first_order_moment,0.0037464866589071483,0.9999939864126034,0.49810122009405644,0.328125
11,26,128,32,64,3.0,value_norm_kept_only,0.7838223728557825,0.8956039460625786,0.471776165862114,0.59375
11,27,128,32,64,3.0,top_attention_kept_only,0.7574373684405629,0.6956597214569908,0.5403987178206966,0.0
11,27,128,32,64,3.0,top_attention_plus_mean_moment,0.04567626119179028,0.9992079965786648,0.5403987178206966,0.0
11,27,128,32,64,3.0,top_attention_plus_first_order_moment,0.0016495473374429739,0.9999989100291199,0.5403987178206966,0.0
11,27,128,32,64,3.0,random_kept_only,0.1467933420447213,0.9892519586332034,0.5016814116447967,0.28125
11,27,128,32,64,3.0,random_plus_first_order_moment,0.0034201421093787766,0.9999953460382275,0.5016814116447967,0.28125
11,27,128,32,64,3.0,value_norm_kept_only,0.8218932859068467,0.8994357240255316,0.4722670722478691,0.59375
11,28,128,32,64,3.0,top_attention_kept_only,0.7829299144325642,0.676052401531729,0.5407478772121384,0.0
11,28,128,32,64,3.0,top_attention_plus_mean_moment,0.05192048351464293,0.99896670946736,0.5407478772121384,0.0
11,28,128,32,64,3.0,top_attention_plus_first_order_moment,0.0022366320416539317,0.9999979707437416,0.5407478772121384,0.0
11,28,128,32,64,3.0,random_kept_only,0.1323916924958729,0.9913437801272715,0.5045712043656372,0.28125
11,28,128,32,64,3.0,random_plus_first_order_moment,0.004357777076673021,0.9999922343120285,0.5045712043656372,0.28125
11,28,128,32,64,3.0,value_norm_kept_only,0.8422883622181203,0.9004664248987332,0.46591820046046273,0.59375
11,29,128,32,64,3.0,top_attention_kept_only,0.7553492800365303,0.702043482699094,0.5414730534386796,0.0
11,29,128,32,64,3.0,top_attention_plus_mean_moment,0.049368817741383034,0.9991019938717722,0.5414730534386796,0.0
11,29,128,32,64,3.0,top_attention_plus_first_order_moment,0.001965569947702559,0.999998465607047,0.5414730534386796,0.0
11,29,128,32,64,3.0,random_kept_only,0.21869234878732827,0.9837047178900442,0.4927485386307721,0.375
11,29,128,32,64,3.0,random_plus_first_order_moment,0.002950323825792552,0.9999965207682695,0.4927485386307721,0.375
11,29,128,32,64,3.0,value_norm_kept_only,0.8007661440692521,0.9049495282482393,0.47187584961385853,0.59375
11,30,128,32,64,3.0,top_attention_kept_only,0.7334765454549254,0.7108854533944101,0.5406197535719379,0.0
11,30,128,32,64,3.0,top_attention_plus_mean_moment,0.051147598190091,0.9989744730115415,0.5406197535719379,0.0
11,30,128,32,64,3.0,top_attention_plus_first_order_moment,0.0018341178559395698,0.9999986841494647,0.5406197535719379,0.0
11,30,128,32,64,3.0,random_kept_only,0.1270743551564241,0.9919097697344704,0.49676229108226755,0.28125
11,30,128,32,64,3.0,random_plus_first_order_moment,0.003796097853796703,0.9999941337002757,0.49676229108226755,0.28125
11,30,128,32,64,3.0,value_norm_kept_only,0.7874957197354175,0.9032729626271404,0.4692384415679117,0.59375
11,31,128,32,64,3.0,top_attention_kept_only,0.7354046825064843,0.7091659574957385,0.540496900756599,0.0
11,31,128,32,64,3.0,top_attention_plus_mean_moment,0.05375792830427194,0.9988781505701302,0.540496900756599,0.0
11,31,128,32,64,3.0,top_attention_plus_first_order_moment,0.002117707640217759,0.9999982593972621,0.540496900756599,0.0
11,31,128,32,64,3.0,random_kept_only,0.12288882373286515,0.992436369870218,0.4990628233532191,0.28125
11,31,128,32,64,3.0,random_plus_first_order_moment,0.004553266738654547,0.999991620536994,0.4990628233532191,0.28125
11,31,128,32,64,3.0,value_norm_kept_only,0.8089538663370197,0.9051502144391318,0.4678120335102701,0.59375
11,32,128,32,64,3.0,top_attention_kept_only,0.7312427787554022,0.7202164163560968,0.5403937124812033,0.0
11,32,128,32,64,3.0,top_attention_plus_mean_moment,0.04763216367921251,0.9991018429134372,0.5403937124812033,0.0
11,32,128,32,64,3.0,top_attention_plus_first_order_moment,0.0018984896356816212,0.99999851033113,0.5403937124812033,0.0
11,32,128,32,64,3.0,random_kept_only,0.1415095129388789,0.9900098485297986,0.49736742733891837,0.328125
11,32,128,32,64,3.0,random_plus_first_order_moment,0.0037275527162424268,0.999994539045505,0.49736742733891837,0.328125
11,32,128,32,64,3.0,value_norm_kept_only,0.7983020417507458,0.8966591902458009,0.47122710358843656,0.59375
11,33,128,32,64,3.0,top_attention_kept_only,0.7704023075277437,0.68963589777969,0.5398643355627852,0.0
11,33,128,32,64,3.0,top_attention_plus_mean_moment,0.05153198539524585,0.9989936303534996,0.5398643355627852,0.0
11,33,128,32,64,3.0,top_attention_plus_first_order_moment,0.0018962887650345892,0.9999985549959006,0.5398643355627852,0.0
11,33,128,32,64,3.0,random_kept_only,0.11570824583038623,0.9933244939033706,0.5021418502738806,0.28125
11,33,128,32,64,3.0,random_plus_first_order_moment,0.004126335197487506,0.9999932088515124,0.5021418502738806,0.28125
11,33,128,32,64,3.0,value_norm_kept_only,0.8186986091869298,0.9018659137546694,0.4713986981555572,0.59375
11,34,128,32,64,3.0,top_attention_kept_only,0.7756522676328935,0.6798009273721617,0.5384435389826896,0.0
11,34,128,32,64,3.0,top_attention_plus_mean_moment,0.049356041666501524,0.9990742833637918,0.5384435389826896,0.0
11,34,128,32,64,3.0,top_attention_plus_first_order_moment,0.0017884387499736438,0.9999987534133755,0.5384435389826896,0.0
11,34,128,32,64,3.0,random_kept_only,0.1740937392417546,0.985768867346503,0.5038805998168798,0.234375
11,34,128,32,64,3.0,random_plus_first_order_moment,0.0036512261759377466,0.9999947333923894,0.5038805998168798,0.234375
11,34,128,32,64,3.0,value_norm_kept_only,0.8575994598679177,0.8977115185607195,0.47223183979668903,0.59375
11,35,128,32,64,3.0,top_attention_kept_only,0.8207424371595612,0.6489212475723551,0.5400792819151894,0.0
11,35,128,32,64,3.0,top_attention_plus_mean_moment,0.044451236835868144,0.999230139134063,0.5400792819151894,0.0
11,35,128,32,64,3.0,top_attention_plus_first_order_moment,0.0017199872828211776,0.9999988215928393,0.5400792819151894,0.0
11,35,128,32,64,3.0,random_kept_only,0.19685752824285707,0.9808542913393034,0.5092032902607574,0.234375
11,35,128,32,64,3.0,random_plus_first_order_moment,0.0029854951457956493,0.9999963879749518,0.5092032902607574,0.234375
11,35,128,32,64,3.0,value_norm_kept_only,0.8324423381097382,0.9012674462080889,0.47097335705561905,0.59375
11,36,128,32,64,3.0,top_attention_kept_only,0.7707090989674441,0.6872513977277162,0.5398604790878895,0.0
11,36,128,32,64,3.0,top_attention_plus_mean_moment,0.043509744321922,0.9992938446084546,0.5398604790878895,0.0
11,36,128,32,64,3.0,top_attention_plus_first_order_moment,0.0015842634619689798,0.9999990133604192,0.5398604790878895,0.0
11,36,128,32,64,3.0,random_kept_only,0.09945080710522572,0.9950989502258342,0.4977572243334922,0.3125
11,36,128,32,64,3.0,random_plus_first_order_moment,0.003046076600822049,0.9999964848227304,0.4977572243334922,0.3125
11,36,128,32,64,3.0,value_norm_kept_only,0.8181337930395761,0.9041151388741614,0.4716426270455877,0.59375
11,37,128,32,64,3.0,top_attention_kept_only,0.7634025611054712,0.702587763095224,0.5388694098205157,0.0
11,37,128,32,64,3.0,top_attention_plus_mean_moment,0.045141713821519006,0.9992240364763721,0.5388694098205157,0.0
11,37,128,32,64,3.0,top_attention_plus_first_order_moment,0.0019131580247429849,0.9999984561876429,0.5388694098205157,0.0
11,37,128,32,64,3.0,random_kept_only,0.1270263638730978,0.9941307924409021,0.49803001571538313,0.328125
11,37,128,32,64,3.0,random_plus_first_order_moment,0.003482108742792967,0.9999948847385499,0.49803001571538313,0.328125
11,37,128,32,64,3.0,value_norm_kept_only,0.7902339266030329,0.8966672578405374,0.47372650331483174,0.59375
11,38,128,32,64,3.0,top_attention_kept_only,0.7142116777459593,0.7251557656995237,0.5378169524153726,0.0
11,38,128,32,64,3.0,top_attention_plus_mean_moment,0.048142390739201714,0.9991331341776881,0.5378169524153726,0.0
11,38,128,32,64,3.0,top_attention_plus_first_order_moment,0.0018025737784168076,0.9999987328564083,0.5378169524153726,0.0
11,38,128,32,64,3.0,random_kept_only,0.20346588207961677,0.9831173718220937,0.49495791486965124,0.359375
11,38,128,32,64,3.0,random_plus_first_order_moment,0.0037844619988999127,0.9999945931094353,0.49495791486965124,0.359375
11,38,128,32,64,3.0,value_norm_kept_only,0.7862189593368614,0.9109402013863197,0.47176814859016436,0.59375
11,39,128,32,64,3.0,top_attention_kept_only,0.7268110012363485,0.7174475986913106,0.5388439005443959,0.0
11,39,128,32,64,3.0,top_attention_plus_mean_moment,0.04490636801382745,0.9992614455359617,0.5388439005443959,0.0
11,39,128,32,64,3.0,top_attention_plus_first_order_moment,0.001424037789721351,0.9999991942665019,0.5388439005443959,0.0
11,39,128,32,64,3.0,random_kept_only,0.1328056713903776,0.9911505518698144,0.5010217798388716,0.28125
11,39,128,32,64,3.0,random_plus_first_order_moment,0.0029927011345807584,0.9999964454213135,0.5010217798388716,0.28125
11,39,128,32,64,3.0,value_norm_kept_only,0.7790537776028473,0.9117776926823346,0.47293050145969767,0.59375
