contract_id,surface_path,package_zone,surface_family,csv_path,json_path,markdown_path,schema_path,schema_contract_type,generator_or_owner,row_count,json_row_count,companion_policy,public_boundary,status,note
report_contract_0001,Candidate-Ledger-current.csv,root,Candidate-Ledger,Candidate-Ledger-current.csv,Candidate-Ledger-current.json,Candidate-Ledger-current.md,SCHEMA/Ledger-Contract-current.json,ledger_contract,ledger_contract,72,72,csv_json_md_present_root_optional,internal_working_surface_not_public_payload,pass,report surface contract is explicit enough for handoff audit
report_contract_0002,Claim-Ledger-current.csv,root,Claim-Ledger,Claim-Ledger-current.csv,Claim-Ledger-current.json,Claim-Ledger-current.md,SCHEMA/Ledger-Contract-current.json,ledger_contract,ledger_contract,287,287,csv_json_md_present_root_optional,internal_working_surface_not_public_payload,pass,report surface contract is explicit enough for handoff audit
report_contract_0003,Evidence-Debt-current.csv,root,Evidence-Debt,Evidence-Debt-current.csv,Evidence-Debt-current.json,Evidence-Debt-current.md,SCHEMA/Ledger-Contract-current.json,ledger_contract,ledger_contract,169,169,csv_json_md_present_root_optional,internal_working_surface_not_public_payload,pass,report surface contract is explicit enough for handoff audit
report_contract_0004,GOVERNANCE/CARE-OCAP-UNDRIP-Crosswalk-current.csv,governance,CARE-OCAP-UNDRIP-Crosswalk,GOVERNANCE/CARE-OCAP-UNDRIP-Crosswalk-current.csv,GOVERNANCE/CARE-OCAP-UNDRIP-Crosswalk-current.json,GOVERNANCE/CARE-OCAP-UNDRIP-Crosswalk-current.md,SCHEMA/CARE-OCAP-UNDRIP-Crosswalk-Fields-current.csv,dedicated_field_schema,governance_layer,3,3,csv_json_md_required,governance_internal_no_public_expansion,pass,report surface contract is explicit enough for handoff audit
report_contract_0005,GOVERNANCE/Family-Consent-and-Case-Name-Use-Ledger-current.csv,governance,Family-Consent-and-Case-Name-Use-Ledger,GOVERNANCE/Family-Consent-and-Case-Name-Use-Ledger-current.csv,GOVERNANCE/Family-Consent-and-Case-Name-Use-Ledger-current.json,GOVERNANCE/Family-Consent-and-Case-Name-Use-Ledger-current.md,SCHEMA/Family-Consent-and-Case-Name-Use-Ledger-Fields-current.csv,dedicated_field_schema,governance_layer,5,5,csv_json_md_required,governance_internal_no_public_expansion,pass,report surface contract is explicit enough for handoff audit
report_contract_0006,GOVERNANCE/Governance-Decision-Ledger-current.csv,governance,Governance-Decision-Ledger,GOVERNANCE/Governance-Decision-Ledger-current.csv,GOVERNANCE/Governance-Decision-Ledger-current.json,GOVERNANCE/Governance-Decision-Ledger-current.md,SCHEMA/Ledger-Contract-current.json,ledger_contract,governance_layer,13,13,csv_json_md_required,governance_internal_no_public_expansion,pass,report surface contract is explicit enough for handoff audit
report_contract_0007,GOVERNANCE/Permission-State-Ledger-current.csv,governance,Permission-State-Ledger,GOVERNANCE/Permission-State-Ledger-current.csv,GOVERNANCE/Permission-State-Ledger-current.json,GOVERNANCE/Permission-State-Ledger-current.md,SCHEMA/Permission-State-Ledger-Fields-current.csv,dedicated_field_schema,tools/rev0065_governance_surfaces.py,72,72,csv_json_md_required,governance_internal_no_public_expansion,pass,report surface contract is explicit enough for handoff audit
report_contract_0008,Longform-Registry-current.csv,root,Longform-Registry,Longform-Registry-current.csv,Longform-Registry-current.json,Longform-Registry-current.md,SCHEMA/Ledger-Contract-current.json,ledger_contract,ledger_contract,9,9,csv_json_md_present_root_optional,internal_working_surface_not_public_payload,pass,report surface contract is explicit enough for handoff audit
report_contract_0009,META/Archive-Build-Manifest-current.csv,meta,Archive-Build-Manifest,META/Archive-Build-Manifest-current.csv,META/Archive-Build-Manifest-current.json,META/Archive-Build-Manifest-current.md,SCHEMA/Archive-Build-Manifest-Fields-current.csv,dedicated_field_schema,tools/archive_build_manifest.py,7,7,csv_json_md_required,audit_or_schema_surface_not_public_payload,pass,report surface contract is explicit enough for handoff audit
report_contract_0010,META/Archive-Member-Manifest-current.csv,meta,Archive-Member-Manifest,META/Archive-Member-Manifest-current.csv,META/Archive-Member-Manifest-current.json,META/Archive-Member-Manifest-current.md,SCHEMA/Archive-Member-Manifest-Fields-current.csv,dedicated_field_schema,tools/archive_member_manifest.py,1308,1308,csv_json_md_required,audit_or_schema_surface_not_public_payload,pass,report surface contract is explicit enough for handoff audit
report_contract_0011,META/Archive-Roundtrip-Audit-current.csv,meta,Archive-Roundtrip-Audit,META/Archive-Roundtrip-Audit-current.csv,META/Archive-Roundtrip-Audit-current.json,META/Archive-Roundtrip-Audit-current.md,SCHEMA/Archive-Roundtrip-Audit-Fields-current.csv,dedicated_field_schema,tools/archive_roundtrip_audit.py,6,6,csv_json_md_required,audit_or_schema_surface_not_public_payload,pass,report surface contract is explicit enough for handoff audit
report_contract_0012,META/Audit-Selftest-current.csv,meta,Audit-Selftest,META/Audit-Selftest-current.csv,META/Audit-Selftest-current.json,META/Audit-Selftest-current.md,SCHEMA/Audit-Selftest-Fields-current.csv,dedicated_field_schema,tools/audit_selftest.py,8,8,csv_json_md_required,audit_or_schema_surface_not_public_payload,pass,report surface contract is explicit enough for handoff audit
report_contract_0013,META/Border-Route-Referral-Boundary-Audit-current.csv,meta,Border-Route-Referral-Boundary-Audit,META/Border-Route-Referral-Boundary-Audit-current.csv,META/Border-Route-Referral-Boundary-Audit-current.json,META/Border-Route-Referral-Boundary-Audit-current.md,SCHEMA/Border-Route-Referral-Boundary-Audit-Fields-current.csv,dedicated_field_schema,tools/border_route_referral_audit.py,15,15,csv_json_md_required,audit_or_schema_surface_not_public_payload,pass,report surface contract is explicit enough for handoff audit
report_contract_0014,META/Boundary-Domain-Coverage-Audit-current.csv,meta,Boundary-Domain-Coverage-Audit,META/Boundary-Domain-Coverage-Audit-current.csv,META/Boundary-Domain-Coverage-Audit-current.json,META/Boundary-Domain-Coverage-Audit-current.md,SCHEMA/Boundary-Domain-Coverage-Audit-Fields-current.csv,dedicated_field_schema,tools/boundary_domain_map.py,379,379,csv_json_md_required,audit_or_schema_surface_not_public_payload,pass,report surface contract is explicit enough for handoff audit
report_contract_0015,META/Boundary-Domain-Registry-current.csv,meta,Boundary-Domain-Registry,META/Boundary-Domain-Registry-current.csv,META/Boundary-Domain-Registry-current.json,META/Boundary-Domain-Registry-current.md,SCHEMA/Boundary-Domain-Registry-Fields-current.csv,dedicated_field_schema,tools/boundary_domain_map.py,12,12,csv_json_md_required,audit_or_schema_surface_not_public_payload,pass,report surface contract is explicit enough for handoff audit
report_contract_0016,META/Boundary-Rule-Coverage-current.csv,meta,Boundary-Rule-Coverage,META/Boundary-Rule-Coverage-current.csv,META/Boundary-Rule-Coverage-current.json,META/Boundary-Rule-Coverage-current.md,SCHEMA/Ledger-Contract-current.json,ledger_contract,manual_rule_coverage,99,99,csv_json_md_required,audit_or_schema_surface_not_public_payload,pass,report surface contract is explicit enough for handoff audit
report_contract_0017,META/CSV-JSON-Mirror-Audit-current.csv,meta,CSV-JSON-Mirror-Audit,META/CSV-JSON-Mirror-Audit-current.csv,META/CSV-JSON-Mirror-Audit-current.json,META/CSV-JSON-Mirror-Audit-current.md,SCHEMA/CSV-JSON-Mirror-Audit-Fields-current.csv,dedicated_field_schema,tools/csv_json_mirror_audit.py,1,1,csv_json_md_required,audit_or_schema_surface_not_public_payload,pass,report surface contract is explicit enough for handoff audit
report_contract_0018,META/Candidate-Boundary-Domain-Map-current.csv,meta,Candidate-Boundary-Domain-Map,META/Candidate-Boundary-Domain-Map-current.csv,META/Candidate-Boundary-Domain-Map-current.json,META/Candidate-Boundary-Domain-Map-current.md,SCHEMA/Candidate-Boundary-Domain-Map-Fields-current.csv,dedicated_field_schema,tools/boundary_domain_map.py,492,492,csv_json_md_required,audit_or_schema_surface_not_public_payload,pass,report surface contract is explicit enough for handoff audit
report_contract_0019,META/Candidate-Discovery-Intake-Audit-current.csv,meta,Candidate-Discovery-Intake-Audit,META/Candidate-Discovery-Intake-Audit-current.csv,META/Candidate-Discovery-Intake-Audit-current.json,META/Candidate-Discovery-Intake-Audit-current.md,SCHEMA/Candidate-Discovery-Intake-Audit-Fields-current.csv,dedicated_field_schema,tools/candidate_discovery_intake_audit.py,717,717,csv_json_md_required,audit_or_schema_surface_not_public_payload,pass,report surface contract is explicit enough for handoff audit
report_contract_0020,META/Candidate-Discovery-Log-current.csv,meta,Candidate-Discovery-Log,META/Candidate-Discovery-Log-current.csv,META/Candidate-Discovery-Log-current.json,META/Candidate-Discovery-Log-current.md,SCHEMA/Candidate-Discovery-Log-Fields-current.csv,dedicated_field_schema,manual_candidate_discovery_log,39,39,csv_json_md_required,audit_or_schema_surface_not_public_payload,pass,report surface contract is explicit enough for handoff audit
report_contract_0021,META/Candidate-Governance-Snapshot-current.csv,meta,Candidate-Governance-Snapshot,META/Candidate-Governance-Snapshot-current.csv,META/Candidate-Governance-Snapshot-current.json,META/Candidate-Governance-Snapshot-current.md,SCHEMA/Candidate-Governance-Snapshot-Fields-current.csv,dedicated_field_schema,tools/candidate_governance_snapshot.py,72,72,csv_json_md_required,audit_or_schema_surface_not_public_payload,pass,report surface contract is explicit enough for handoff audit
report_contract_0022,META/Candidate-Source-Diversity-Audit-current.csv,meta,Candidate-Source-Diversity-Audit,META/Candidate-Source-Diversity-Audit-current.csv,META/Candidate-Source-Diversity-Audit-current.json,META/Candidate-Source-Diversity-Audit-current.md,SCHEMA/Candidate-Source-Diversity-Audit-Fields-current.csv,dedicated_field_schema,tools/candidate_source_diversity_audit.py,40,40,csv_json_md_required,audit_or_schema_surface_not_public_payload,pass,report surface contract is explicit enough for handoff audit
report_contract_0023,META/Checksum-Scope-Audit-current.csv,meta,Checksum-Scope-Audit,META/Checksum-Scope-Audit-current.csv,META/Checksum-Scope-Audit-current.json,META/Checksum-Scope-Audit-current.md,SCHEMA/Checksum-Scope-Audit-Fields-current.csv,dedicated_field_schema,tools/checksum_scope_audit.py,9,9,csv_json_md_required,audit_or_schema_surface_not_public_payload,pass,report surface contract is explicit enough for handoff audit
report_contract_0024,META/Claim-Evidence-Strength-current.csv,meta,Claim-Evidence-Strength,META/Claim-Evidence-Strength-current.csv,META/Claim-Evidence-Strength-current.json,META/Claim-Evidence-Strength-current.md,SCHEMA/Claim-Evidence-Strength-Fields-current.csv,dedicated_field_schema,tools/evidence_lifecycle.py,287,287,csv_json_md_required,audit_or_schema_surface_not_public_payload,pass,report surface contract is explicit enough for handoff audit
report_contract_0025,META/Claim-Source-Boundary-Audit-current.csv,meta,Claim-Source-Boundary-Audit,META/Claim-Source-Boundary-Audit-current.csv,META/Claim-Source-Boundary-Audit-current.json,META/Claim-Source-Boundary-Audit-current.md,SCHEMA/Claim-Source-Boundary-Audit-Fields-current.csv,dedicated_field_schema,tools/claim_source_boundary_audit.py,5852,5852,csv_json_md_required,audit_or_schema_surface_not_public_payload,pass,report surface contract is explicit enough for handoff audit
report_contract_0026,META/Claim-Source-Boundary-Matrix-current.csv,meta,Claim-Source-Boundary-Matrix,META/Claim-Source-Boundary-Matrix-current.csv,META/Claim-Source-Boundary-Matrix-current.json,META/Claim-Source-Boundary-Matrix-current.md,SCHEMA/Claim-Source-Boundary-Matrix-Fields-current.csv,dedicated_field_schema,tools/claim_source_boundary_audit.py,1220,1220,csv_json_md_required,audit_or_schema_surface_not_public_payload,pass,report surface contract is explicit enough for handoff audit
report_contract_0027,META/Claim-Type-Taxonomy-current.csv,meta,Claim-Type-Taxonomy,META/Claim-Type-Taxonomy-current.csv,META/Claim-Type-Taxonomy-current.json,META/Claim-Type-Taxonomy-current.md,SCHEMA/Ledger-Contract-current.json,ledger_contract,manual_taxonomy,18,18,csv_json_md_required,audit_or_schema_surface_not_public_payload,pass,report surface contract is explicit enough for handoff audit
report_contract_0028,META/Clean-Extract-Archive-QA-current.csv,meta,Clean-Extract-Archive-QA,META/Clean-Extract-Archive-QA-current.csv,META/Clean-Extract-Archive-QA-current.json,META/Clean-Extract-Archive-QA-current.md,SCHEMA/Clean-Extract-Archive-QA-Fields-current.csv,dedicated_field_schema,manual_clean_extract_archive_qa_policy,1,1,csv_json_md_required,audit_or_schema_surface_not_public_payload,pass,report surface contract is explicit enough for handoff audit
report_contract_0029,META/Cloudtainer-Deep-Read-Audit-current.csv,meta,Cloudtainer-Deep-Read-Audit,META/Cloudtainer-Deep-Read-Audit-current.csv,META/Cloudtainer-Deep-Read-Audit-current.json,META/Cloudtainer-Deep-Read-Audit-current.md,SCHEMA/Cloudtainer-Deep-Read-Audit-Fields-current.csv,dedicated_field_schema,manual_cloudtainer_deep_read_audit,20,20,csv_json_md_required,audit_or_schema_surface_not_public_payload,pass,report surface contract is explicit enough for handoff audit
report_contract_0030,META/Controlled-Vocabulary-Normalization-current.csv,meta,Controlled-Vocabulary-Normalization,META/Controlled-Vocabulary-Normalization-current.csv,META/Controlled-Vocabulary-Normalization-current.json,META/Controlled-Vocabulary-Normalization-current.md,SCHEMA/Controlled-Vocabulary-Normalization-Fields-current.csv,dedicated_field_schema,tools/ledger_code_overlay.py,6,6,csv_json_md_required,audit_or_schema_surface_not_public_payload,pass,report surface contract is explicit enough for handoff audit
report_contract_0031,META/Cross-Report-Reference-Audit-current.csv,meta,Cross-Report-Reference-Audit,META/Cross-Report-Reference-Audit-current.csv,META/Cross-Report-Reference-Audit-current.json,META/Cross-Report-Reference-Audit-current.md,SCHEMA/Cross-Report-Reference-Audit-Fields-current.csv,dedicated_field_schema,tools/cross_report_reference_audit.py,13,13,csv_json_md_required,audit_or_schema_surface_not_public_payload,pass,report surface contract is explicit enough for handoff audit
report_contract_0032,META/Current-Pointer-Coherence-Audit-current.csv,meta,Current-Pointer-Coherence-Audit,META/Current-Pointer-Coherence-Audit-current.csv,META/Current-Pointer-Coherence-Audit-current.json,META/Current-Pointer-Coherence-Audit-current.md,SCHEMA/Current-Pointer-Coherence-Audit-Fields-current.csv,dedicated_field_schema,tools/current_pointer_coherence_audit.py,18,18,csv_json_md_required,audit_or_schema_surface_not_public_payload,pass,report surface contract is explicit enough for handoff audit
report_contract_0033,META/Current-Surface-Freshness-Audit-current.csv,meta,Current-Surface-Freshness-Audit,META/Current-Surface-Freshness-Audit-current.csv,META/Current-Surface-Freshness-Audit-current.json,META/Current-Surface-Freshness-Audit-current.md,SCHEMA/Current-Surface-Freshness-Audit-Fields-current.csv,dedicated_field_schema,tools/current_surface_freshness_audit.py,112,112,csv_json_md_required,audit_or_schema_surface_not_public_payload,pass,report surface contract is explicit enough for handoff audit
report_contract_0034,META/Current-Surface-Registry-current.csv,meta,Current-Surface-Registry,META/Current-Surface-Registry-current.csv,META/Current-Surface-Registry-current.json,META/Current-Surface-Registry-current.md,SCHEMA/Current-Surface-Registry-Fields-current.csv,dedicated_field_schema,tools/current_surface_registry.py,252,252,csv_json_md_required,audit_or_schema_surface_not_public_payload,pass,report surface contract is explicit enough for handoff audit
report_contract_0035,META/Dependency-Cycle-Audit-current.csv,meta,Dependency-Cycle-Audit,META/Dependency-Cycle-Audit-current.csv,META/Dependency-Cycle-Audit-current.json,META/Dependency-Cycle-Audit-current.md,SCHEMA/Dependency-Cycle-Audit-Fields-current.csv,dedicated_field_schema,tools/dependency_cycle_audit.py,1,1,csv_json_md_required,audit_or_schema_surface_not_public_payload,pass,report surface contract is explicit enough for handoff audit
report_contract_0036,META/Evidence-Debt-Critical-Path-Audit-current.csv,meta,Evidence-Debt-Critical-Path-Audit,META/Evidence-Debt-Critical-Path-Audit-current.csv,META/Evidence-Debt-Critical-Path-Audit-current.json,META/Evidence-Debt-Critical-Path-Audit-current.md,SCHEMA/Evidence-Debt-Critical-Path-Audit-Fields-current.csv,dedicated_field_schema,tools/evidence_debt_critical_path_work_order.py,8,8,csv_json_md_required,audit_or_schema_surface_not_public_payload,pass,report surface contract is explicit enough for handoff audit
report_contract_0037,META/Evidence-Debt-Critical-Path-Work-Order-current.csv,meta,Evidence-Debt-Critical-Path-Work-Order,META/Evidence-Debt-Critical-Path-Work-Order-current.csv,META/Evidence-Debt-Critical-Path-Work-Order-current.json,META/Evidence-Debt-Critical-Path-Work-Order-current.md,SCHEMA/Evidence-Debt-Critical-Path-Work-Order-Fields-current.csv,dedicated_field_schema,tools/evidence_debt_critical_path_work_order.py,62,62,csv_json_md_required,audit_or_schema_surface_not_public_payload,pass,report surface contract is explicit enough for handoff audit
report_contract_0038,META/Evidence-Debt-Dashboard-current.csv,meta,Evidence-Debt-Dashboard,META/Evidence-Debt-Dashboard-current.csv,META/Evidence-Debt-Dashboard-current.json,META/Evidence-Debt-Dashboard-current.md,SCHEMA/Ledger-Contract-current.json,ledger_contract,manual_dashboard,68,68,csv_json_md_required,audit_or_schema_surface_not_public_payload,pass,report surface contract is explicit enough for handoff audit
report_contract_0039,META/Evidence-Debt-Execution-Audit-current.csv,meta,Evidence-Debt-Execution-Audit,META/Evidence-Debt-Execution-Audit-current.csv,META/Evidence-Debt-Execution-Audit-current.json,META/Evidence-Debt-Execution-Audit-current.md,SCHEMA/Evidence-Debt-Execution-Audit-Fields-current.csv,dedicated_field_schema,tools/evidence_debt_execution_queue.py,9,9,csv_json_md_required,audit_or_schema_surface_not_public_payload,pass,report surface contract is explicit enough for handoff audit
report_contract_0040,META/Evidence-Debt-Execution-Queue-current.csv,meta,Evidence-Debt-Execution-Queue,META/Evidence-Debt-Execution-Queue-current.csv,META/Evidence-Debt-Execution-Queue-current.json,META/Evidence-Debt-Execution-Queue-current.md,SCHEMA/Evidence-Debt-Execution-Queue-Fields-current.csv,dedicated_field_schema,tools/evidence_debt_execution_queue.py,121,121,csv_json_md_required,audit_or_schema_surface_not_public_payload,pass,report surface contract is explicit enough for handoff audit
report_contract_0041,META/Evidence-Debt-Sprint-current.csv,meta,Evidence-Debt-Sprint,META/Evidence-Debt-Sprint-current.csv,META/Evidence-Debt-Sprint-current.json,META/Evidence-Debt-Sprint-current.md,SCHEMA/Evidence-Debt-Sprint-Fields-current.csv,dedicated_field_schema,tools/rev0065_governance_surfaces.py,32,32,csv_json_md_required,audit_or_schema_surface_not_public_payload,pass,report surface contract is explicit enough for handoff audit
report_contract_0042,META/Evidence-Debt-Work-Packet-Audit-current.csv,meta,Evidence-Debt-Work-Packet-Audit,META/Evidence-Debt-Work-Packet-Audit-current.csv,META/Evidence-Debt-Work-Packet-Audit-current.json,META/Evidence-Debt-Work-Packet-Audit-current.md,SCHEMA/Evidence-Debt-Work-Packet-Audit-Fields-current.csv,dedicated_field_schema,tools/evidence_debt_work_packets.py,7,7,csv_json_md_required,audit_or_schema_surface_not_public_payload,pass,report surface contract is explicit enough for handoff audit
report_contract_0043,META/Evidence-Debt-Work-Packet-Trace-current.csv,meta,Evidence-Debt-Work-Packet-Trace,META/Evidence-Debt-Work-Packet-Trace-current.csv,META/Evidence-Debt-Work-Packet-Trace-current.json,META/Evidence-Debt-Work-Packet-Trace-current.md,SCHEMA/Evidence-Debt-Work-Packet-Trace-Fields-current.csv,dedicated_field_schema,tools/evidence_debt_critical_path_work_order.py,121,121,csv_json_md_required,audit_or_schema_surface_not_public_payload,pass,report surface contract is explicit enough for handoff audit
report_contract_0044,META/Evidence-Debt-Work-Packet-current.csv,meta,Evidence-Debt-Work-Packet,META/Evidence-Debt-Work-Packet-current.csv,META/Evidence-Debt-Work-Packet-current.json,META/Evidence-Debt-Work-Packet-current.md,SCHEMA/Evidence-Debt-Work-Packet-Fields-current.csv,dedicated_field_schema,tools/evidence_debt_work_packets.py,62,62,csv_json_md_required,audit_or_schema_surface_not_public_payload,pass,report surface contract is explicit enough for handoff audit
report_contract_0045,META/Family-Profile-Consent-Boundary-Audit-current.csv,meta,Family-Profile-Consent-Boundary-Audit,META/Family-Profile-Consent-Boundary-Audit-current.csv,META/Family-Profile-Consent-Boundary-Audit-current.json,META/Family-Profile-Consent-Boundary-Audit-current.md,SCHEMA/Family-Profile-Consent-Boundary-Audit-Fields-current.csv,dedicated_field_schema,tools/family_profile_consent_audit.py,12,12,csv_json_md_required,audit_or_schema_surface_not_public_payload,pass,report surface contract is explicit enough for handoff audit
report_contract_0046,META/Field-Schema-Consistency-Audit-current.csv,meta,Field-Schema-Consistency-Audit,META/Field-Schema-Consistency-Audit-current.csv,META/Field-Schema-Consistency-Audit-current.json,META/Field-Schema-Consistency-Audit-current.md,SCHEMA/Field-Schema-Consistency-Audit-Fields-current.csv,dedicated_field_schema,tools/field_schema_consistency.py,119,119,csv_json_md_required,audit_or_schema_surface_not_public_payload,pass,report surface contract is explicit enough for handoff audit
report_contract_0047,META/Generated-Artifact-Provenance-current.csv,meta,Generated-Artifact-Provenance,META/Generated-Artifact-Provenance-current.csv,META/Generated-Artifact-Provenance-current.json,META/Generated-Artifact-Provenance-current.md,SCHEMA/Generated-Artifact-Provenance-Fields-current.csv,dedicated_field_schema,bootstrap_generated_artifact_provenance,108,108,csv_json_md_required,audit_or_schema_surface_not_public_payload,pass,report surface contract is explicit enough for handoff audit
report_contract_0048,META/Governance-Consistency-Audit-current.csv,meta,Governance-Consistency-Audit,META/Governance-Consistency-Audit-current.csv,META/Governance-Consistency-Audit-current.json,META/Governance-Consistency-Audit-current.md,SCHEMA/Governance-Consistency-Audit-Fields-current.csv,dedicated_field_schema,tools/governance_consistency_audit.py,1,1,csv_json_md_required,audit_or_schema_surface_not_public_payload,pass,report surface contract is explicit enough for handoff audit
report_contract_0049,META/Governance-Review-Queue-current.csv,meta,Governance-Review-Queue,META/Governance-Review-Queue-current.csv,META/Governance-Review-Queue-current.json,META/Governance-Review-Queue-current.md,SCHEMA/Governance-Review-Queue-Fields-current.csv,dedicated_field_schema,tools/candidate_governance_snapshot.py,72,72,csv_json_md_required,audit_or_schema_surface_not_public_payload,pass,report surface contract is explicit enough for handoff audit
report_contract_0050,META/Handoff-Notice-Audit-current.csv,meta,Handoff-Notice-Audit,META/Handoff-Notice-Audit-current.csv,META/Handoff-Notice-Audit-current.json,META/Handoff-Notice-Audit-current.md,SCHEMA/Handoff-Notice-Audit-Fields-current.csv,dedicated_field_schema,tools/handoff_notice_audit.py,14,14,csv_json_md_required,audit_or_schema_surface_not_public_payload,pass,report surface contract is explicit enough for handoff audit
report_contract_0051,META/Handoff-Review-Digest-current.csv,meta,Handoff-Review-Digest,META/Handoff-Review-Digest-current.csv,META/Handoff-Review-Digest-current.json,META/Handoff-Review-Digest-current.md,SCHEMA/Handoff-Review-Digest-Fields-current.csv,dedicated_field_schema,tools/handoff_review_digest.py,12,12,csv_json_md_required,audit_or_schema_surface_not_public_payload,pass,report surface contract is explicit enough for handoff audit
report_contract_0052,META/Helper-Adoption-Audit-current.csv,meta,Helper-Adoption-Audit,META/Helper-Adoption-Audit-current.csv,META/Helper-Adoption-Audit-current.json,META/Helper-Adoption-Audit-current.md,SCHEMA/Helper-Adoption-Audit-Fields-current.csv,dedicated_field_schema,tools/helper_adoption_audit.py,23,23,csv_json_md_required,audit_or_schema_surface_not_public_payload,pass,report surface contract is explicit enough for handoff audit
report_contract_0053,META/Helper-Adoption-Scope-current.csv,meta,Helper-Adoption-Scope,META/Helper-Adoption-Scope-current.csv,META/Helper-Adoption-Scope-current.json,META/Helper-Adoption-Scope-current.md,SCHEMA/Helper-Adoption-Scope-Fields-current.csv,dedicated_field_schema,tools/rev0065_governance_surfaces.py,44,44,csv_json_md_required,audit_or_schema_surface_not_public_payload,pass,report surface contract is explicit enough for handoff audit
report_contract_0054,META/Helper-Golden-Output-Audit-current.csv,meta,Helper-Golden-Output-Audit,META/Helper-Golden-Output-Audit-current.csv,META/Helper-Golden-Output-Audit-current.json,META/Helper-Golden-Output-Audit-current.md,SCHEMA/Helper-Golden-Output-Audit-Fields-current.csv,dedicated_field_schema,tools/helper_golden_output_audit.py,8,8,csv_json_md_required,audit_or_schema_surface_not_public_payload,pass,report surface contract is explicit enough for handoff audit
report_contract_0055,META/Identifier-Convention-Audit-current.csv,meta,Identifier-Convention-Audit,META/Identifier-Convention-Audit-current.csv,META/Identifier-Convention-Audit-current.json,META/Identifier-Convention-Audit-current.md,SCHEMA/Identifier-Convention-Audit-Fields-current.csv,dedicated_field_schema,tools/identifier_namespace_audit.py,2294,2294,csv_json_md_required,audit_or_schema_surface_not_public_payload,pass,report surface contract is explicit enough for handoff audit
report_contract_0056,META/Identifier-Registry-current.csv,meta,Identifier-Registry,META/Identifier-Registry-current.csv,META/Identifier-Registry-current.json,META/Identifier-Registry-current.md,SCHEMA/Identifier-Registry-Fields-current.csv,dedicated_field_schema,tools/identifier_namespace_audit.py,1160,1160,csv_json_md_required,audit_or_schema_surface_not_public_payload,pass,report surface contract is explicit enough for handoff audit
report_contract_0057,META/JSON-Key-Uniqueness-Audit-current.csv,meta,JSON-Key-Uniqueness-Audit,META/JSON-Key-Uniqueness-Audit-current.csv,META/JSON-Key-Uniqueness-Audit-current.json,META/JSON-Key-Uniqueness-Audit-current.md,SCHEMA/JSON-Key-Uniqueness-Audit-Fields-current.csv,dedicated_field_schema,tools/json_key_uniqueness_audit.py,264,264,csv_json_md_required,audit_or_schema_surface_not_public_payload,pass,report surface contract is explicit enough for handoff audit
report_contract_0058,META/Ledger-Relationship-Audit-current.csv,meta,Ledger-Relationship-Audit,META/Ledger-Relationship-Audit-current.csv,META/Ledger-Relationship-Audit-current.json,META/Ledger-Relationship-Audit-current.md,SCHEMA/Ledger-Relationship-Audit-Fields-current.csv,dedicated_field_schema,tools/ledger_relationship_audit.py,10687,10687,csv_json_md_required,audit_or_schema_surface_not_public_payload,pass,report surface contract is explicit enough for handoff audit
report_contract_0059,META/Manifest-Audit-current.csv,meta,Manifest-Audit,META/Manifest-Audit-current.csv,META/Manifest-Audit-current.json,META/Manifest-Audit-current.md,SCHEMA/Ledger-Contract-current.json,ledger_contract,manual_meta_audit,7,7,csv_json_md_required,audit_or_schema_surface_not_public_payload,pass,report surface contract is explicit enough for handoff audit
report_contract_0060,META/Manifest-Semantic-Coherence-Audit-current.csv,meta,Manifest-Semantic-Coherence-Audit,META/Manifest-Semantic-Coherence-Audit-current.csv,META/Manifest-Semantic-Coherence-Audit-current.json,META/Manifest-Semantic-Coherence-Audit-current.md,SCHEMA/Manifest-Semantic-Coherence-Audit-Fields-current.csv,dedicated_field_schema,tools/manifest_semantic_coherence_audit.py,29,29,csv_json_md_required,audit_or_schema_surface_not_public_payload,pass,report surface contract is explicit enough for handoff audit
report_contract_0061,META/Negative-Case-Ledger-current.csv,meta,Negative-Case-Ledger,META/Negative-Case-Ledger-current.csv,META/Negative-Case-Ledger-current.json,META/Negative-Case-Ledger-current.md,SCHEMA/Negative-Case-Ledger-Fields-current.csv,dedicated_field_schema,manual_negative_case_ledger,22,22,csv_json_md_required,audit_or_schema_surface_not_public_payload,pass,report surface contract is explicit enough for handoff audit
report_contract_0062,META/Normalized-Code-Overlay-Audit-current.csv,meta,Normalized-Code-Overlay-Audit,META/Normalized-Code-Overlay-Audit-current.csv,META/Normalized-Code-Overlay-Audit-current.json,META/Normalized-Code-Overlay-Audit-current.md,SCHEMA/Normalized-Code-Overlay-Audit-Fields-current.csv,dedicated_field_schema,tools/ledger_code_overlay.py,10,10,csv_json_md_required,audit_or_schema_surface_not_public_payload,pass,report surface contract is explicit enough for handoff audit
report_contract_0063,META/Normalized-Code-Overlay-current.csv,meta,Normalized-Code-Overlay,META/Normalized-Code-Overlay-current.csv,META/Normalized-Code-Overlay-current.json,META/Normalized-Code-Overlay-current.md,SCHEMA/Normalized-Code-Overlay-Fields-current.csv,dedicated_field_schema,tools/ledger_code_overlay.py,1040,1040,csv_json_md_required,audit_or_schema_surface_not_public_payload,pass,report surface contract is explicit enough for handoff audit
report_contract_0064,META/Office-Accountability-current.csv,meta,Office-Accountability,META/Office-Accountability-current.csv,META/Office-Accountability-current.json,META/Office-Accountability-current.md,SCHEMA/Office-Accountability-Fields-current.csv,dedicated_field_schema,tools/rev0065_governance_surfaces.py,162,162,csv_json_md_required,audit_or_schema_surface_not_public_payload,pass,report surface contract is explicit enough for handoff audit
report_contract_0065,META/Online-Research-Intake-current.csv,meta,Online-Research-Intake,META/Online-Research-Intake-current.csv,META/Online-Research-Intake-current.json,META/Online-Research-Intake-current.md,SCHEMA/Online-Research-Intake-Fields-current.csv,dedicated_field_schema,manual_online_intake,94,94,csv_json_md_required,audit_or_schema_surface_not_public_payload,pass,report surface contract is explicit enough for handoff audit
report_contract_0066,META/Operator-Dissent-Ledger-current.csv,meta,Operator-Dissent-Ledger,META/Operator-Dissent-Ledger-current.csv,META/Operator-Dissent-Ledger-current.json,META/Operator-Dissent-Ledger-current.md,SCHEMA/Ledger-Contract-current.json,ledger_contract,manual_operator_ledger,5,5,csv_json_md_required,audit_or_schema_surface_not_public_payload,pass,report surface contract is explicit enough for handoff audit
report_contract_0067,META/Operator-Update-Audit-current.csv,meta,Operator-Update-Audit,META/Operator-Update-Audit-current.csv,META/Operator-Update-Audit-current.json,META/Operator-Update-Audit-current.md,SCHEMA/Operator-Update-Audit-Fields-current.csv,dedicated_field_schema,manual_operator_audit,18,18,csv_json_md_required,audit_or_schema_surface_not_public_payload,pass,report surface contract is explicit enough for handoff audit
report_contract_0068,META/Pacific-GBV-Service-Capacity-Boundary-Audit-current.csv,meta,Pacific-GBV-Service-Capacity-Boundary-Audit,META/Pacific-GBV-Service-Capacity-Boundary-Audit-current.csv,META/Pacific-GBV-Service-Capacity-Boundary-Audit-current.json,META/Pacific-GBV-Service-Capacity-Boundary-Audit-current.md,SCHEMA/Pacific-GBV-Service-Capacity-Boundary-Audit-Fields-current.csv,dedicated_field_schema,tools/pacific_gbv_service_capacity_audit.py,93,93,csv_json_md_required,audit_or_schema_surface_not_public_payload,pass,report surface contract is explicit enough for handoff audit
report_contract_0069,META/Package-Delta-Manifest-current.csv,meta,Package-Delta-Manifest,META/Package-Delta-Manifest-current.csv,META/Package-Delta-Manifest-current.json,META/Package-Delta-Manifest-current.md,SCHEMA/Package-Delta-Manifest-Fields-current.csv,dedicated_field_schema,tools/package_delta_manifest.py,1290,1290,csv_json_md_required,audit_or_schema_surface_not_public_payload,pass,report surface contract is explicit enough for handoff audit
report_contract_0070,META/Package-Dependency-Graph-current.csv,meta,Package-Dependency-Graph,META/Package-Dependency-Graph-current.csv,META/Package-Dependency-Graph-current.json,META/Package-Dependency-Graph-current.md,SCHEMA/Package-Dependency-Graph-Fields-current.csv,dedicated_field_schema,tools/package_dependency_graph.py,855,855,csv_json_md_required,audit_or_schema_surface_not_public_payload,pass,report surface contract is explicit enough for handoff audit
report_contract_0071,META/Package-File-Inventory-current.csv,meta,Package-File-Inventory,META/Package-File-Inventory-current.csv,META/Package-File-Inventory-current.json,META/Package-File-Inventory-current.md,SCHEMA/Package-File-Inventory-Fields-current.csv,dedicated_field_schema,tools/package_file_inventory.py,1257,1257,csv_json_md_required,audit_or_schema_surface_not_public_payload,pass,report surface contract is explicit enough for handoff audit
report_contract_0072,META/Package-Identity-Audit-current.csv,meta,Package-Identity-Audit,META/Package-Identity-Audit-current.csv,META/Package-Identity-Audit-current.json,META/Package-Identity-Audit-current.md,SCHEMA/Package-Identity-Audit-Fields-current.csv,dedicated_field_schema,tools/package_identity_audit.py,12,12,csv_json_md_required,audit_or_schema_surface_not_public_payload,pass,report surface contract is explicit enough for handoff audit
report_contract_0073,META/Path-Reference-Audit-current.csv,meta,Path-Reference-Audit,META/Path-Reference-Audit-current.csv,META/Path-Reference-Audit-current.json,META/Path-Reference-Audit-current.md,SCHEMA/Path-Reference-Audit-Fields-current.csv,dedicated_field_schema,tools/path_reference_audit.py,709,709,csv_json_md_required,audit_or_schema_surface_not_public_payload,pass,report surface contract is explicit enough for handoff audit
report_contract_0074,META/Path-Rename-Ledger-current.csv,meta,Path-Rename-Ledger,META/Path-Rename-Ledger-current.csv,META/Path-Rename-Ledger-current.json,META/Path-Rename-Ledger-current.md,SCHEMA/Path-Rename-Ledger-Fields-current.csv,dedicated_field_schema,manual_path_rename_ledger,1,1,csv_json_md_required,audit_or_schema_surface_not_public_payload,pass,report surface contract is explicit enough for handoff audit
report_contract_0075,META/Policy-Assertion-Matrix-current.csv,meta,Policy-Assertion-Matrix,META/Policy-Assertion-Matrix-current.csv,META/Policy-Assertion-Matrix-current.json,META/Policy-Assertion-Matrix-current.md,SCHEMA/Policy-Assertion-Matrix-Fields-current.csv,dedicated_field_schema,tools/policy_assertion_matrix.py,12,12,csv_json_md_required,audit_or_schema_surface_not_public_payload,pass,report surface contract is explicit enough for handoff audit
report_contract_0076,META/Preservation-Transfer-Readiness-current.csv,meta,Preservation-Transfer-Readiness,META/Preservation-Transfer-Readiness-current.csv,META/Preservation-Transfer-Readiness-current.json,META/Preservation-Transfer-Readiness-current.md,SCHEMA/Preservation-Transfer-Readiness-Fields-current.csv,dedicated_field_schema,tools/preservation_transfer_readiness.py,13,13,csv_json_md_required,audit_or_schema_surface_not_public_payload,pass,report surface contract is explicit enough for handoff audit
report_contract_0077,META/Public-Claim-Quarantine-current.csv,meta,Public-Claim-Quarantine,META/Public-Claim-Quarantine-current.csv,META/Public-Claim-Quarantine-current.json,META/Public-Claim-Quarantine-current.md,SCHEMA/Public-Claim-Quarantine-Fields-current.csv,dedicated_field_schema,manual_public_claim_quarantine,146,146,csv_json_md_required,audit_or_schema_surface_not_public_payload,pass,report surface contract is explicit enough for handoff audit
report_contract_0078,META/Public-Claim-Release-Ledger-current.csv,meta,Public-Claim-Release-Ledger,META/Public-Claim-Release-Ledger-current.csv,META/Public-Claim-Release-Ledger-current.json,META/Public-Claim-Release-Ledger-current.md,SCHEMA/Public-Claim-Release-Ledger-Fields-current.csv,dedicated_field_schema,manual_public_claim_release,1,1,csv_json_md_required,audit_or_schema_surface_not_public_payload,pass,report surface contract is explicit enough for handoff audit
report_contract_0079,META/Public-Export-Eligibility-current.csv,meta,Public-Export-Eligibility,META/Public-Export-Eligibility-current.csv,META/Public-Export-Eligibility-current.json,META/Public-Export-Eligibility-current.md,SCHEMA/Public-Export-Eligibility-Fields-current.csv,dedicated_field_schema,tools/public_export_eligibility.py,72,72,csv_json_md_required,audit_or_schema_surface_not_public_payload,pass,report surface contract is explicit enough for handoff audit
report_contract_0080,META/Public-Export-Surface-Audit-current.csv,meta,Public-Export-Surface-Audit,META/Public-Export-Surface-Audit-current.csv,META/Public-Export-Surface-Audit-current.json,META/Public-Export-Surface-Audit-current.md,SCHEMA/Public-Export-Surface-Audit-Fields-current.csv,dedicated_field_schema,tools/public_export_surface_audit.py,25,25,csv_json_md_required,audit_or_schema_surface_not_public_payload,pass,report surface contract is explicit enough for handoff audit
report_contract_0081,META/Public-Index-Parity-current.csv,meta,Public-Index-Parity,META/Public-Index-Parity-current.csv,META/Public-Index-Parity-current.json,META/Public-Index-Parity-current.md,SCHEMA/Public-Index-Parity-Fields-current.csv,dedicated_field_schema,tools/public_index_parity.py,1,1,csv_json_md_required,audit_or_schema_surface_not_public_payload,pass,report surface contract is explicit enough for handoff audit
report_contract_0082,META/Public-Index-Semantic-Audit-current.csv,meta,Public-Index-Semantic-Audit,META/Public-Index-Semantic-Audit-current.csv,META/Public-Index-Semantic-Audit-current.json,META/Public-Index-Semantic-Audit-current.md,SCHEMA/Public-Index-Semantic-Audit-Fields-current.csv,dedicated_field_schema,tools/public_index_semantic_audit.py,32,32,csv_json_md_required,audit_or_schema_surface_not_public_payload,pass,report surface contract is explicit enough for handoff audit
report_contract_0083,META/Public-Lint-Allowed-Contexts-current.csv,meta,Public-Lint-Allowed-Contexts,META/Public-Lint-Allowed-Contexts-current.csv,META/Public-Lint-Allowed-Contexts-current.json,META/Public-Lint-Allowed-Contexts-current.md,SCHEMA/Public-Lint-Allowed-Contexts-Fields-current.csv,dedicated_field_schema,tools/rev0065_governance_surfaces.py,5,5,csv_json_md_required,audit_or_schema_surface_not_public_payload,pass,report surface contract is explicit enough for handoff audit
report_contract_0084,META/Public-Negative-Corpus-current.csv,meta,Public-Negative-Corpus,META/Public-Negative-Corpus-current.csv,META/Public-Negative-Corpus-current.json,META/Public-Negative-Corpus-current.md,SCHEMA/Public-Negative-Corpus-Fields-current.csv,dedicated_field_schema,tools/public_negative_corpus.py,9,9,csv_json_md_required,audit_or_schema_surface_not_public_payload,pass,report surface contract is explicit enough for handoff audit
report_contract_0085,META/Public-Release-Lint-current.csv,meta,Public-Release-Lint,META/Public-Release-Lint-current.csv,META/Public-Release-Lint-current.json,META/Public-Release-Lint-current.md,SCHEMA/Public-Release-Lint-Fields-current.csv,dedicated_field_schema,tools/public_release_lint.py,19,19,csv_json_md_required,audit_or_schema_surface_not_public_payload,pass,report surface contract is explicit enough for handoff audit
report_contract_0086,META/Public-Source-Link-Review-current.csv,meta,Public-Source-Link-Review,META/Public-Source-Link-Review-current.csv,META/Public-Source-Link-Review-current.json,META/Public-Source-Link-Review-current.md,SCHEMA/Public-Source-Link-Review-Fields-current.csv,dedicated_field_schema,tools/public_source_link_review.py,393,393,csv_json_md_required,audit_or_schema_surface_not_public_payload,pass,report surface contract is explicit enough for handoff audit
report_contract_0087,META/Rebuild-Readiness-Audit-current.csv,meta,Rebuild-Readiness-Audit,META/Rebuild-Readiness-Audit-current.csv,META/Rebuild-Readiness-Audit-current.json,META/Rebuild-Readiness-Audit-current.md,SCHEMA/Rebuild-Readiness-Audit-Fields-current.csv,dedicated_field_schema,tools/rebuild_readiness_audit.py,480,480,csv_json_md_required,audit_or_schema_surface_not_public_payload,pass,report surface contract is explicit enough for handoff audit
report_contract_0088,META/Redaction-Risk-Open-Findings-current.csv,meta,Redaction-Risk-Open-Findings,META/Redaction-Risk-Open-Findings-current.csv,META/Redaction-Risk-Open-Findings-current.json,META/Redaction-Risk-Open-Findings-current.md,SCHEMA/Ledger-Contract-current.json,ledger_contract,tools/redaction_scan.py,0,0,csv_json_md_required,audit_or_schema_surface_not_public_payload,pass,report surface contract is explicit enough for handoff audit
report_contract_0089,META/Redaction-Risk-Scan-current.csv,meta,Redaction-Risk-Scan,META/Redaction-Risk-Scan-current.csv,META/Redaction-Risk-Scan-current.json,META/Redaction-Risk-Scan-current.md,SCHEMA/Ledger-Contract-current.json,ledger_contract,tools/redaction_scan.py,4,4,csv_json_md_required,audit_or_schema_surface_not_public_payload,pass,report surface contract is explicit enough for handoff audit
report_contract_0090,META/Refresh-Priority-Queue-current.csv,meta,Refresh-Priority-Queue,META/Refresh-Priority-Queue-current.csv,META/Refresh-Priority-Queue-current.json,META/Refresh-Priority-Queue-current.md,SCHEMA/Refresh-Priority-Queue-Fields-current.csv,dedicated_field_schema,tools/evidence_lifecycle.py,72,72,csv_json_md_required,audit_or_schema_surface_not_public_payload,pass,report surface contract is explicit enough for handoff audit
report_contract_0091,META/Refresh-Sprint-Decision-Matrix-current.csv,meta,Refresh-Sprint-Decision-Matrix,META/Refresh-Sprint-Decision-Matrix-current.csv,META/Refresh-Sprint-Decision-Matrix-current.json,META/Refresh-Sprint-Decision-Matrix-current.md,SCHEMA/Refresh-Sprint-Decision-Matrix-Fields-current.csv,dedicated_field_schema,manual_refresh_decision_matrix,13,13,csv_json_md_required,audit_or_schema_surface_not_public_payload,pass,report surface contract is explicit enough for handoff audit
report_contract_0092,META/Regeneration-Coverage-Audit-current.csv,meta,Regeneration-Coverage-Audit,META/Regeneration-Coverage-Audit-current.csv,META/Regeneration-Coverage-Audit-current.json,META/Regeneration-Coverage-Audit-current.md,SCHEMA/Regeneration-Coverage-Audit-Fields-current.csv,dedicated_field_schema,tools/regeneration_coverage_audit.py,253,253,csv_json_md_required,audit_or_schema_surface_not_public_payload,pass,report surface contract is explicit enough for handoff audit
report_contract_0093,META/Regeneration-Sequence-Plan-current.csv,meta,Regeneration-Sequence-Plan,META/Regeneration-Sequence-Plan-current.csv,META/Regeneration-Sequence-Plan-current.json,META/Regeneration-Sequence-Plan-current.md,SCHEMA/Regeneration-Sequence-Plan-Fields-current.csv,dedicated_field_schema,tools/regeneration_sequence_plan.py,82,82,csv_json_md_required,audit_or_schema_surface_not_public_payload,pass,report surface contract is explicit enough for handoff audit
report_contract_0094,META/Release-Change-Review-current.csv,meta,Release-Change-Review,META/Release-Change-Review-current.csv,META/Release-Change-Review-current.json,META/Release-Change-Review-current.md,SCHEMA/Release-Change-Review-Fields-current.csv,dedicated_field_schema,tools/release_change_review.py,168,168,csv_json_md_required,audit_or_schema_surface_not_public_payload,pass,report surface contract is explicit enough for handoff audit
report_contract_0095,META/Release-Evidence-Closure-current.csv,meta,Release-Evidence-Closure,META/Release-Evidence-Closure-current.csv,META/Release-Evidence-Closure-current.json,META/Release-Evidence-Closure-current.md,SCHEMA/Release-Evidence-Closure-Fields-current.csv,dedicated_field_schema,bootstrap_release_evidence_closure,8,8,csv_json_md_required,audit_or_schema_surface_not_public_payload,pass,report surface contract is explicit enough for handoff audit
report_contract_0096,META/Release-Gate-Attestation-current.csv,meta,Release-Gate-Attestation,META/Release-Gate-Attestation-current.csv,META/Release-Gate-Attestation-current.json,META/Release-Gate-Attestation-current.md,SCHEMA/Release-Gate-Attestation-Fields-current.csv,dedicated_field_schema,bootstrap_release_gate_attestation,85,85,csv_json_md_required,audit_or_schema_surface_not_public_payload,pass,report surface contract is explicit enough for handoff audit
report_contract_0097,META/Report-Contract-Audit-current.csv,meta,Report-Contract-Audit,META/Report-Contract-Audit-current.csv,META/Report-Contract-Audit-current.json,META/Report-Contract-Audit-current.md,SCHEMA/Report-Contract-Audit-Fields-current.csv,dedicated_field_schema,tools/report_contract_registry.py,1006,1006,csv_json_md_required,audit_or_schema_surface_not_public_payload,pass,report surface contract is explicit enough for handoff audit
report_contract_0098,META/Report-Contract-Registry-current.csv,meta,Report-Contract-Registry,META/Report-Contract-Registry-current.csv,META/Report-Contract-Registry-current.json,META/Report-Contract-Registry-current.md,SCHEMA/Report-Contract-Registry-Fields-current.csv,dedicated_field_schema,tools/report_contract_registry.py,251,251,csv_json_md_required,audit_or_schema_surface_not_public_payload,pass,report surface contract is explicit enough for handoff audit
report_contract_0099,META/Required-Document-Coverage-current.csv,meta,Required-Document-Coverage,META/Required-Document-Coverage-current.csv,META/Required-Document-Coverage-current.json,META/Required-Document-Coverage-current.md,SCHEMA/Required-Document-Coverage-Fields-current.csv,dedicated_field_schema,tools/required_document_coverage.py,179,179,csv_json_md_required,audit_or_schema_surface_not_public_payload,pass,report surface contract is explicit enough for handoff audit
report_contract_0100,META/Review-Role-Boundary-Audit-current.csv,meta,Review-Role-Boundary-Audit,META/Review-Role-Boundary-Audit-current.csv,META/Review-Role-Boundary-Audit-current.json,META/Review-Role-Boundary-Audit-current.md,SCHEMA/Review-Role-Boundary-Audit-Fields-current.csv,dedicated_field_schema,tools/review_role_boundary_audit.py,10,10,csv_json_md_required,audit_or_schema_surface_not_public_payload,pass,report surface contract is explicit enough for handoff audit
report_contract_0101,META/Revision-Surface-Audit-current.csv,meta,Revision-Surface-Audit,META/Revision-Surface-Audit-current.csv,META/Revision-Surface-Audit-current.json,META/Revision-Surface-Audit-current.md,SCHEMA/Revision-Surface-Audit-Fields-current.csv,dedicated_field_schema,tools/revision_surface_audit.py,1,1,csv_json_md_required,audit_or_schema_surface_not_public_payload,pass,report surface contract is explicit enough for handoff audit
report_contract_0102,META/Rule-Gate-Traceability-current.csv,meta,Rule-Gate-Traceability,META/Rule-Gate-Traceability-current.csv,META/Rule-Gate-Traceability-current.json,META/Rule-Gate-Traceability-current.md,SCHEMA/Rule-Gate-Traceability-Fields-current.csv,dedicated_field_schema,tools/rule_gate_traceability.py,99,99,csv_json_md_required,audit_or_schema_surface_not_public_payload,pass,report surface contract is explicit enough for handoff audit
report_contract_0103,META/Rule46-Scan-current.csv,meta,Rule46-Scan,META/Rule46-Scan-current.csv,META/Rule46-Scan-current.json,META/Rule46-Scan-current.md,SCHEMA/Rule46-Scan-Fields-current.csv,dedicated_field_schema,tools/rule46_scan.py,21,21,csv_json_md_required,audit_or_schema_surface_not_public_payload,pass,report surface contract is explicit enough for handoff audit
report_contract_0104,META/Schema-Coverage-Audit-current.csv,meta,Schema-Coverage-Audit,META/Schema-Coverage-Audit-current.csv,META/Schema-Coverage-Audit-current.json,META/Schema-Coverage-Audit-current.md,SCHEMA/Schema-Coverage-Audit-Fields-current.csv,dedicated_field_schema,tools/schema_coverage_audit.py,1,1,csv_json_md_required,audit_or_schema_surface_not_public_payload,pass,report surface contract is explicit enough for handoff audit
report_contract_0105,META/Selftest-Coverage-Matrix-current.csv,meta,Selftest-Coverage-Matrix,META/Selftest-Coverage-Matrix-current.csv,META/Selftest-Coverage-Matrix-current.json,META/Selftest-Coverage-Matrix-current.md,SCHEMA/Selftest-Coverage-Matrix-Fields-current.csv,dedicated_field_schema,tools/selftest_coverage_matrix.py,7,7,csv_json_md_required,audit_or_schema_surface_not_public_payload,pass,report surface contract is explicit enough for handoff audit
report_contract_0106,META/Sensitive-Surface-Inventory-current.csv,meta,Sensitive-Surface-Inventory,META/Sensitive-Surface-Inventory-current.csv,META/Sensitive-Surface-Inventory-current.json,META/Sensitive-Surface-Inventory-current.md,SCHEMA/Sensitive-Surface-Inventory-Fields-current.csv,dedicated_field_schema,tools/sensitive_surface_inventory.py,2385,2385,csv_json_md_required,audit_or_schema_surface_not_public_payload,pass,report surface contract is explicit enough for handoff audit
report_contract_0107,META/Source-Backfill-Coverage-Audit-current.csv,meta,Source-Backfill-Coverage-Audit,META/Source-Backfill-Coverage-Audit-current.csv,META/Source-Backfill-Coverage-Audit-current.json,META/Source-Backfill-Coverage-Audit-current.md,SCHEMA/Source-Backfill-Coverage-Audit-Fields-current.csv,dedicated_field_schema,tools/source_backfill_coverage_audit.py,393,393,csv_json_md_required,audit_or_schema_surface_not_public_payload,pass,report surface contract is explicit enough for handoff audit
report_contract_0108,META/Source-Freshness-Preservation-current.csv,meta,Source-Freshness-Preservation,META/Source-Freshness-Preservation-current.csv,META/Source-Freshness-Preservation-current.json,META/Source-Freshness-Preservation-current.md,SCHEMA/Source-Freshness-Preservation-Fields-current.csv,dedicated_field_schema,tools/source_freshness_preservation.py,393,393,csv_json_md_required,audit_or_schema_surface_not_public_payload,pass,report surface contract is explicit enough for handoff audit
report_contract_0109,META/Source-Freshness-and-Provenance-Audit-current.csv,meta,Source-Freshness-and-Provenance-Audit,META/Source-Freshness-and-Provenance-Audit-current.csv,META/Source-Freshness-and-Provenance-Audit-current.json,META/Source-Freshness-and-Provenance-Audit-current.md,SCHEMA/Ledger-Contract-current.json,ledger_contract,manual_source_freshness_audit,393,393,csv_json_md_required,audit_or_schema_surface_not_public_payload,pass,report surface contract is explicit enough for handoff audit
report_contract_0110,META/Source-Maintenance-Priority-current.csv,meta,Source-Maintenance-Priority,META/Source-Maintenance-Priority-current.csv,META/Source-Maintenance-Priority-current.json,META/Source-Maintenance-Priority-current.md,SCHEMA/Source-Maintenance-Priority-Fields-current.csv,dedicated_field_schema,tools/source_maintenance_priority.py,393,393,csv_json_md_required,audit_or_schema_surface_not_public_payload,pass,report surface contract is explicit enough for handoff audit
report_contract_0111,META/Source-Manual-Preservation-Decision-current.csv,meta,Source-Manual-Preservation-Decision,META/Source-Manual-Preservation-Decision-current.csv,META/Source-Manual-Preservation-Decision-current.json,META/Source-Manual-Preservation-Decision-current.md,SCHEMA/Source-Manual-Preservation-Decision-Fields-current.csv,dedicated_field_schema,tools/source_manual_preservation_decision.py,320,320,csv_json_md_required,audit_or_schema_surface_not_public_payload,pass,report surface contract is explicit enough for handoff audit
report_contract_0112,META/Source-Metadata-Backfill-current.csv,meta,Source-Metadata-Backfill,META/Source-Metadata-Backfill-current.csv,META/Source-Metadata-Backfill-current.json,META/Source-Metadata-Backfill-current.md,SCHEMA/Source-Metadata-Backfill-Fields-current.csv,dedicated_field_schema,tools/source_metadata_backfill_log.py,399,399,csv_json_md_required,audit_or_schema_surface_not_public_payload,pass,report surface contract is explicit enough for handoff audit
report_contract_0113,META/Source-Preservation-Status-current.csv,meta,Source-Preservation-Status,META/Source-Preservation-Status-current.csv,META/Source-Preservation-Status-current.json,META/Source-Preservation-Status-current.md,SCHEMA/Source-Preservation-Status-Fields-current.csv,dedicated_field_schema,tools/source_preservation_status.py,393,393,csv_json_md_required,audit_or_schema_surface_not_public_payload,pass,report surface contract is explicit enough for handoff audit
report_contract_0114,META/Source-Promotion-Decision-Ledger-current.csv,meta,Source-Promotion-Decision-Ledger,META/Source-Promotion-Decision-Ledger-current.csv,META/Source-Promotion-Decision-Ledger-current.json,META/Source-Promotion-Decision-Ledger-current.md,SCHEMA/Source-Promotion-Decision-Ledger-Fields-current.csv,dedicated_field_schema,manual_source_promotion_decision,94,94,csv_json_md_required,audit_or_schema_surface_not_public_payload,pass,report surface contract is explicit enough for handoff audit
report_contract_0115,META/Source-Promotion-Transaction-Audit-current.csv,meta,Source-Promotion-Transaction-Audit,META/Source-Promotion-Transaction-Audit-current.csv,META/Source-Promotion-Transaction-Audit-current.json,META/Source-Promotion-Transaction-Audit-current.md,SCHEMA/Source-Promotion-Transaction-Audit-Fields-current.csv,dedicated_field_schema,manual_source_promotion_transaction,14,14,csv_json_md_required,audit_or_schema_surface_not_public_payload,pass,report surface contract is explicit enough for handoff audit
report_contract_0116,META/Source-Safety-Nearmiss-Audit-current.csv,meta,Source-Safety-Nearmiss-Audit,META/Source-Safety-Nearmiss-Audit-current.csv,META/Source-Safety-Nearmiss-Audit-current.json,META/Source-Safety-Nearmiss-Audit-current.md,SCHEMA/Source-Safety-Nearmiss-Audit-Fields-current.csv,dedicated_field_schema,tools/source_safety_nearmiss_audit.py,149,149,csv_json_md_required,audit_or_schema_surface_not_public_payload,pass,report surface contract is explicit enough for handoff audit
report_contract_0117,META/Source-URL-Integrity-Audit-current.csv,meta,Source-URL-Integrity-Audit,META/Source-URL-Integrity-Audit-current.csv,META/Source-URL-Integrity-Audit-current.json,META/Source-URL-Integrity-Audit-current.md,SCHEMA/Source-URL-Integrity-Audit-Fields-current.csv,dedicated_field_schema,tools/source_url_integrity_audit.py,393,393,csv_json_md_required,audit_or_schema_surface_not_public_payload,pass,report surface contract is explicit enough for handoff audit
report_contract_0118,META/Suicide-Crisis-Operational-Boundary-Audit-current.csv,meta,Suicide-Crisis-Operational-Boundary-Audit,META/Suicide-Crisis-Operational-Boundary-Audit-current.csv,META/Suicide-Crisis-Operational-Boundary-Audit-current.json,META/Suicide-Crisis-Operational-Boundary-Audit-current.md,SCHEMA/Suicide-Crisis-Operational-Boundary-Audit-Fields-current.csv,dedicated_field_schema,tools/suicide_crisis_operational_boundary_audit.py,42,42,csv_json_md_required,audit_or_schema_surface_not_public_payload,pass,report surface contract is explicit enough for handoff audit
report_contract_0119,META/Tool-Executability-Audit-current.csv,meta,Tool-Executability-Audit,META/Tool-Executability-Audit-current.csv,META/Tool-Executability-Audit-current.json,META/Tool-Executability-Audit-current.md,SCHEMA/Tool-Executability-Audit-Fields-current.csv,dedicated_field_schema,tools/tool_executability_audit.py,88,88,csv_json_md_required,audit_or_schema_surface_not_public_payload,pass,report surface contract is explicit enough for handoff audit
report_contract_0120,META/Tool-Run-Matrix-current.csv,meta,Tool-Run-Matrix,META/Tool-Run-Matrix-current.csv,META/Tool-Run-Matrix-current.json,META/Tool-Run-Matrix-current.md,SCHEMA/Tool-Run-Matrix-Fields-current.csv,dedicated_field_schema,tools/tool_run_matrix.py,88,88,csv_json_md_required,audit_or_schema_surface_not_public_payload,pass,report surface contract is explicit enough for handoff audit
report_contract_0121,META/Unicode-Path-Audit-current.csv,meta,Unicode-Path-Audit,META/Unicode-Path-Audit-current.csv,META/Unicode-Path-Audit-current.json,META/Unicode-Path-Audit-current.md,SCHEMA/Unicode-Path-Audit-Fields-current.csv,dedicated_field_schema,tools/unicode_path_audit.py,9,9,csv_json_md_required,audit_or_schema_surface_not_public_payload,pass,report surface contract is explicit enough for handoff audit
report_contract_0122,META/Version-Lineage-Audit-current.csv,meta,Version-Lineage-Audit,META/Version-Lineage-Audit-current.csv,META/Version-Lineage-Audit-current.json,META/Version-Lineage-Audit-current.md,SCHEMA/Version-Lineage-Audit-Fields-current.csv,dedicated_field_schema,tools/version_lineage_audit.py,14,14,csv_json_md_required,audit_or_schema_surface_not_public_payload,pass,report surface contract is explicit enough for handoff audit
report_contract_0123,Office-Card-Index-current.csv,root,Office-Card-Index,Office-Card-Index-current.csv,Office-Card-Index-current.json,,SCHEMA/Ledger-Contract-current.json,ledger_contract,ledger_contract,44,44,csv_json_required,internal_working_surface_not_public_payload,pass,report surface contract is explicit enough for handoff audit
report_contract_0124,Refresh-Index-current.csv,root,Refresh-Index,Refresh-Index-current.csv,Refresh-Index-current.json,Refresh-Index-current.md,SCHEMA/Ledger-Contract-current.json,ledger_contract,ledger_contract,99,99,csv_json_md_present_root_optional,internal_working_surface_not_public_payload,pass,report surface contract is explicit enough for handoff audit
report_contract_0125,SCHEMA/Archive-Build-Manifest-Fields-current.csv,schema,Archive-Build-Manifest-Fields,SCHEMA/Archive-Build-Manifest-Fields-current.csv,SCHEMA/Archive-Build-Manifest-Fields-current.json,SCHEMA/Archive-Build-Manifest-Fields-current.md,SCHEMA/Archive-Build-Manifest-Fields-current.csv,field_schema_self_describing,schema_layer,5,5,csv_json_md_required,audit_or_schema_surface_not_public_payload,pass,report surface contract is explicit enough for handoff audit
report_contract_0126,SCHEMA/Archive-Member-Manifest-Fields-current.csv,schema,Archive-Member-Manifest-Fields,SCHEMA/Archive-Member-Manifest-Fields-current.csv,SCHEMA/Archive-Member-Manifest-Fields-current.json,SCHEMA/Archive-Member-Manifest-Fields-current.md,SCHEMA/Archive-Member-Manifest-Fields-current.csv,field_schema_self_describing,schema_layer,8,8,csv_json_md_required,audit_or_schema_surface_not_public_payload,pass,report surface contract is explicit enough for handoff audit
report_contract_0127,SCHEMA/Archive-Roundtrip-Audit-Fields-current.csv,schema,Archive-Roundtrip-Audit-Fields,SCHEMA/Archive-Roundtrip-Audit-Fields-current.csv,SCHEMA/Archive-Roundtrip-Audit-Fields-current.json,SCHEMA/Archive-Roundtrip-Audit-Fields-current.md,SCHEMA/Archive-Roundtrip-Audit-Fields-current.csv,field_schema_self_describing,schema_layer,5,5,csv_json_md_required,audit_or_schema_surface_not_public_payload,pass,report surface contract is explicit enough for handoff audit
report_contract_0128,SCHEMA/Audit-Selftest-Fields-current.csv,schema,Audit-Selftest-Fields,SCHEMA/Audit-Selftest-Fields-current.csv,SCHEMA/Audit-Selftest-Fields-current.json,SCHEMA/Audit-Selftest-Fields-current.md,SCHEMA/Audit-Selftest-Fields-current.csv,field_schema_self_describing,schema_layer,7,7,csv_json_md_required,audit_or_schema_surface_not_public_payload,pass,report surface contract is explicit enough for handoff audit
report_contract_0129,SCHEMA/Border-Route-Referral-Boundary-Audit-Fields-current.csv,schema,Border-Route-Referral-Boundary-Audit-Fields,SCHEMA/Border-Route-Referral-Boundary-Audit-Fields-current.csv,SCHEMA/Border-Route-Referral-Boundary-Audit-Fields-current.json,SCHEMA/Border-Route-Referral-Boundary-Audit-Fields-current.md,SCHEMA/Border-Route-Referral-Boundary-Audit-Fields-current.csv,field_schema_self_describing,schema_layer,16,16,csv_json_md_required,audit_or_schema_surface_not_public_payload,pass,report surface contract is explicit enough for handoff audit
report_contract_0130,SCHEMA/Boundary-Domain-Coverage-Audit-Fields-current.csv,schema,Boundary-Domain-Coverage-Audit-Fields,SCHEMA/Boundary-Domain-Coverage-Audit-Fields-current.csv,SCHEMA/Boundary-Domain-Coverage-Audit-Fields-current.json,SCHEMA/Boundary-Domain-Coverage-Audit-Fields-current.md,SCHEMA/Boundary-Domain-Coverage-Audit-Fields-current.csv,field_schema_self_describing,schema_layer,8,8,csv_json_md_required,audit_or_schema_surface_not_public_payload,pass,report surface contract is explicit enough for handoff audit
report_contract_0131,SCHEMA/Boundary-Domain-Registry-Fields-current.csv,schema,Boundary-Domain-Registry-Fields,SCHEMA/Boundary-Domain-Registry-Fields-current.csv,SCHEMA/Boundary-Domain-Registry-Fields-current.json,SCHEMA/Boundary-Domain-Registry-Fields-current.md,SCHEMA/Boundary-Domain-Registry-Fields-current.csv,field_schema_self_describing,schema_layer,9,9,csv_json_md_required,audit_or_schema_surface_not_public_payload,pass,report surface contract is explicit enough for handoff audit
report_contract_0132,SCHEMA/Boundary-Governance-Controlled-Vocabulary-Fields-current.csv,schema,Boundary-Governance-Controlled-Vocabulary-Fields,SCHEMA/Boundary-Governance-Controlled-Vocabulary-Fields-current.csv,SCHEMA/Boundary-Governance-Controlled-Vocabulary-Fields-current.json,SCHEMA/Boundary-Governance-Controlled-Vocabulary-Fields-current.md,SCHEMA/Boundary-Governance-Controlled-Vocabulary-Fields-current.csv,field_schema_self_describing,schema_layer,6,6,csv_json_md_required,audit_or_schema_surface_not_public_payload,pass,report surface contract is explicit enough for handoff audit
report_contract_0133,SCHEMA/Boundary-Governance-Controlled-Vocabulary-current.csv,schema,Boundary-Governance-Controlled-Vocabulary,SCHEMA/Boundary-Governance-Controlled-Vocabulary-current.csv,SCHEMA/Boundary-Governance-Controlled-Vocabulary-current.json,SCHEMA/Boundary-Governance-Controlled-Vocabulary-current.md,SCHEMA/Boundary-Governance-Controlled-Vocabulary-Fields-current.csv,dedicated_field_schema,tools/ledger_code_overlay.py,27,27,csv_json_md_required,audit_or_schema_surface_not_public_payload,pass,report surface contract is explicit enough for handoff audit
report_contract_0134,SCHEMA/CARE-OCAP-UNDRIP-Crosswalk-Fields-current.csv,schema,CARE-OCAP-UNDRIP-Crosswalk-Fields,SCHEMA/CARE-OCAP-UNDRIP-Crosswalk-Fields-current.csv,SCHEMA/CARE-OCAP-UNDRIP-Crosswalk-Fields-current.json,SCHEMA/CARE-OCAP-UNDRIP-Crosswalk-Fields-current.md,SCHEMA/CARE-OCAP-UNDRIP-Crosswalk-Fields-current.csv,field_schema_self_describing,schema_layer,5,5,csv_json_md_required,audit_or_schema_surface_not_public_payload,pass,report surface contract is explicit enough for handoff audit
report_contract_0135,SCHEMA/CSV-JSON-Mirror-Audit-Fields-current.csv,schema,CSV-JSON-Mirror-Audit-Fields,SCHEMA/CSV-JSON-Mirror-Audit-Fields-current.csv,SCHEMA/CSV-JSON-Mirror-Audit-Fields-current.json,SCHEMA/CSV-JSON-Mirror-Audit-Fields-current.md,SCHEMA/CSV-JSON-Mirror-Audit-Fields-current.csv,field_schema_self_describing,schema_layer,6,6,csv_json_md_required,audit_or_schema_surface_not_public_payload,pass,report surface contract is explicit enough for handoff audit
report_contract_0136,SCHEMA/Candidate-Boundary-Domain-Map-Fields-current.csv,schema,Candidate-Boundary-Domain-Map-Fields,SCHEMA/Candidate-Boundary-Domain-Map-Fields-current.csv,SCHEMA/Candidate-Boundary-Domain-Map-Fields-current.json,SCHEMA/Candidate-Boundary-Domain-Map-Fields-current.md,SCHEMA/Candidate-Boundary-Domain-Map-Fields-current.csv,field_schema_self_describing,schema_layer,15,15,csv_json_md_required,audit_or_schema_surface_not_public_payload,pass,report surface contract is explicit enough for handoff audit
report_contract_0137,SCHEMA/Candidate-Discovery-Intake-Audit-Fields-current.csv,schema,Candidate-Discovery-Intake-Audit-Fields,SCHEMA/Candidate-Discovery-Intake-Audit-Fields-current.csv,SCHEMA/Candidate-Discovery-Intake-Audit-Fields-current.json,SCHEMA/Candidate-Discovery-Intake-Audit-Fields-current.md,SCHEMA/Candidate-Discovery-Intake-Audit-Fields-current.csv,field_schema_self_describing,schema_layer,8,8,csv_json_md_required,audit_or_schema_surface_not_public_payload,pass,report surface contract is explicit enough for handoff audit
report_contract_0138,SCHEMA/Candidate-Discovery-Log-Fields-current.csv,schema,Candidate-Discovery-Log-Fields,SCHEMA/Candidate-Discovery-Log-Fields-current.csv,SCHEMA/Candidate-Discovery-Log-Fields-current.json,SCHEMA/Candidate-Discovery-Log-Fields-current.md,SCHEMA/Candidate-Discovery-Log-Fields-current.csv,field_schema_self_describing,schema_layer,17,17,csv_json_md_required,audit_or_schema_surface_not_public_payload,pass,report surface contract is explicit enough for handoff audit
report_contract_0139,SCHEMA/Candidate-Governance-Snapshot-Fields-current.csv,schema,Candidate-Governance-Snapshot-Fields,SCHEMA/Candidate-Governance-Snapshot-Fields-current.csv,SCHEMA/Candidate-Governance-Snapshot-Fields-current.json,SCHEMA/Candidate-Governance-Snapshot-Fields-current.md,SCHEMA/Candidate-Governance-Snapshot-Fields-current.csv,field_schema_self_describing,schema_layer,20,20,csv_json_md_required,audit_or_schema_surface_not_public_payload,pass,report surface contract is explicit enough for handoff audit
report_contract_0140,SCHEMA/Candidate-Source-Diversity-Audit-Fields-current.csv,schema,Candidate-Source-Diversity-Audit-Fields,SCHEMA/Candidate-Source-Diversity-Audit-Fields-current.csv,SCHEMA/Candidate-Source-Diversity-Audit-Fields-current.json,SCHEMA/Candidate-Source-Diversity-Audit-Fields-current.md,SCHEMA/Candidate-Source-Diversity-Audit-Fields-current.csv,field_schema_self_describing,schema_layer,8,8,csv_json_md_required,audit_or_schema_surface_not_public_payload,pass,report surface contract is explicit enough for handoff audit
report_contract_0141,SCHEMA/Checksum-Scope-Audit-Fields-current.csv,schema,Checksum-Scope-Audit-Fields,SCHEMA/Checksum-Scope-Audit-Fields-current.csv,SCHEMA/Checksum-Scope-Audit-Fields-current.json,SCHEMA/Checksum-Scope-Audit-Fields-current.md,SCHEMA/Checksum-Scope-Audit-Fields-current.csv,field_schema_self_describing,schema_layer,7,7,csv_json_md_required,audit_or_schema_surface_not_public_payload,pass,report surface contract is explicit enough for handoff audit
report_contract_0142,SCHEMA/Claim-Evidence-Strength-Fields-current.csv,schema,Claim-Evidence-Strength-Fields,SCHEMA/Claim-Evidence-Strength-Fields-current.csv,SCHEMA/Claim-Evidence-Strength-Fields-current.json,SCHEMA/Claim-Evidence-Strength-Fields-current.md,SCHEMA/Claim-Evidence-Strength-Fields-current.csv,field_schema_self_describing,schema_layer,14,14,csv_json_md_required,audit_or_schema_surface_not_public_payload,pass,report surface contract is explicit enough for handoff audit
report_contract_0143,SCHEMA/Claim-Source-Boundary-Audit-Fields-current.csv,schema,Claim-Source-Boundary-Audit-Fields,SCHEMA/Claim-Source-Boundary-Audit-Fields-current.csv,SCHEMA/Claim-Source-Boundary-Audit-Fields-current.json,SCHEMA/Claim-Source-Boundary-Audit-Fields-current.md,SCHEMA/Claim-Source-Boundary-Audit-Fields-current.csv,field_schema_self_describing,schema_layer,9,9,csv_json_md_required,audit_or_schema_surface_not_public_payload,pass,report surface contract is explicit enough for handoff audit
report_contract_0144,SCHEMA/Claim-Source-Boundary-Matrix-Fields-current.csv,schema,Claim-Source-Boundary-Matrix-Fields,SCHEMA/Claim-Source-Boundary-Matrix-Fields-current.csv,SCHEMA/Claim-Source-Boundary-Matrix-Fields-current.json,SCHEMA/Claim-Source-Boundary-Matrix-Fields-current.md,SCHEMA/Claim-Source-Boundary-Matrix-Fields-current.csv,field_schema_self_describing,schema_layer,21,21,csv_json_md_required,audit_or_schema_surface_not_public_payload,pass,report surface contract is explicit enough for handoff audit
report_contract_0145,SCHEMA/Clean-Extract-Archive-QA-Fields-current.csv,schema,Clean-Extract-Archive-QA-Fields,SCHEMA/Clean-Extract-Archive-QA-Fields-current.csv,SCHEMA/Clean-Extract-Archive-QA-Fields-current.json,SCHEMA/Clean-Extract-Archive-QA-Fields-current.md,SCHEMA/Clean-Extract-Archive-QA-Fields-current.csv,field_schema_self_describing,schema_layer,5,5,csv_json_md_required,audit_or_schema_surface_not_public_payload,pass,report surface contract is explicit enough for handoff audit
report_contract_0146,SCHEMA/Cloudtainer-Deep-Read-Audit-Fields-current.csv,schema,Cloudtainer-Deep-Read-Audit-Fields,SCHEMA/Cloudtainer-Deep-Read-Audit-Fields-current.csv,SCHEMA/Cloudtainer-Deep-Read-Audit-Fields-current.json,SCHEMA/Cloudtainer-Deep-Read-Audit-Fields-current.md,SCHEMA/Cloudtainer-Deep-Read-Audit-Fields-current.csv,field_schema_self_describing,schema_layer,9,9,csv_json_md_required,audit_or_schema_surface_not_public_payload,pass,report surface contract is explicit enough for handoff audit
report_contract_0147,SCHEMA/Controlled-Vocabulary-Normalization-Fields-current.csv,schema,Controlled-Vocabulary-Normalization-Fields,SCHEMA/Controlled-Vocabulary-Normalization-Fields-current.csv,SCHEMA/Controlled-Vocabulary-Normalization-Fields-current.json,SCHEMA/Controlled-Vocabulary-Normalization-Fields-current.md,SCHEMA/Controlled-Vocabulary-Normalization-Fields-current.csv,field_schema_self_describing,schema_layer,7,7,csv_json_md_required,audit_or_schema_surface_not_public_payload,pass,report surface contract is explicit enough for handoff audit
report_contract_0148,SCHEMA/Cross-Report-Reference-Audit-Fields-current.csv,schema,Cross-Report-Reference-Audit-Fields,SCHEMA/Cross-Report-Reference-Audit-Fields-current.csv,SCHEMA/Cross-Report-Reference-Audit-Fields-current.json,SCHEMA/Cross-Report-Reference-Audit-Fields-current.md,SCHEMA/Cross-Report-Reference-Audit-Fields-current.csv,field_schema_self_describing,schema_layer,7,7,csv_json_md_required,audit_or_schema_surface_not_public_payload,pass,report surface contract is explicit enough for handoff audit
report_contract_0149,SCHEMA/Current-Pointer-Coherence-Audit-Fields-current.csv,schema,Current-Pointer-Coherence-Audit-Fields,SCHEMA/Current-Pointer-Coherence-Audit-Fields-current.csv,SCHEMA/Current-Pointer-Coherence-Audit-Fields-current.json,SCHEMA/Current-Pointer-Coherence-Audit-Fields-current.md,SCHEMA/Current-Pointer-Coherence-Audit-Fields-current.csv,field_schema_self_describing,schema_layer,8,8,csv_json_md_required,audit_or_schema_surface_not_public_payload,pass,report surface contract is explicit enough for handoff audit
report_contract_0150,SCHEMA/Current-Surface-Freshness-Audit-Fields-current.csv,schema,Current-Surface-Freshness-Audit-Fields,SCHEMA/Current-Surface-Freshness-Audit-Fields-current.csv,SCHEMA/Current-Surface-Freshness-Audit-Fields-current.json,SCHEMA/Current-Surface-Freshness-Audit-Fields-current.md,SCHEMA/Current-Surface-Freshness-Audit-Fields-current.csv,field_schema_self_describing,schema_layer,9,9,csv_json_md_required,audit_or_schema_surface_not_public_payload,pass,report surface contract is explicit enough for handoff audit
report_contract_0151,SCHEMA/Current-Surface-Registry-Fields-current.csv,schema,Current-Surface-Registry-Fields,SCHEMA/Current-Surface-Registry-Fields-current.csv,SCHEMA/Current-Surface-Registry-Fields-current.json,SCHEMA/Current-Surface-Registry-Fields-current.md,SCHEMA/Current-Surface-Registry-Fields-current.csv,field_schema_self_describing,schema_layer,10,10,csv_json_md_required,audit_or_schema_surface_not_public_payload,pass,report surface contract is explicit enough for handoff audit
report_contract_0152,SCHEMA/Dependency-Cycle-Audit-Fields-current.csv,schema,Dependency-Cycle-Audit-Fields,SCHEMA/Dependency-Cycle-Audit-Fields-current.csv,SCHEMA/Dependency-Cycle-Audit-Fields-current.json,SCHEMA/Dependency-Cycle-Audit-Fields-current.md,SCHEMA/Dependency-Cycle-Audit-Fields-current.csv,field_schema_self_describing,schema_layer,6,6,csv_json_md_required,audit_or_schema_surface_not_public_payload,pass,report surface contract is explicit enough for handoff audit
report_contract_0153,SCHEMA/Evidence-Debt-Critical-Path-Audit-Fields-current.csv,schema,Evidence-Debt-Critical-Path-Audit-Fields,SCHEMA/Evidence-Debt-Critical-Path-Audit-Fields-current.csv,SCHEMA/Evidence-Debt-Critical-Path-Audit-Fields-current.json,SCHEMA/Evidence-Debt-Critical-Path-Audit-Fields-current.md,SCHEMA/Evidence-Debt-Critical-Path-Audit-Fields-current.csv,field_schema_self_describing,tools/evidence_debt_critical_path_work_order.py,8,8,csv_json_md_required,audit_or_schema_surface_not_public_payload,pass,report surface contract is explicit enough for handoff audit
report_contract_0154,SCHEMA/Evidence-Debt-Critical-Path-Work-Order-Fields-current.csv,schema,Evidence-Debt-Critical-Path-Work-Order-Fields,SCHEMA/Evidence-Debt-Critical-Path-Work-Order-Fields-current.csv,SCHEMA/Evidence-Debt-Critical-Path-Work-Order-Fields-current.json,SCHEMA/Evidence-Debt-Critical-Path-Work-Order-Fields-current.md,SCHEMA/Evidence-Debt-Critical-Path-Work-Order-Fields-current.csv,field_schema_self_describing,tools/evidence_debt_critical_path_work_order.py,22,22,csv_json_md_required,audit_or_schema_surface_not_public_payload,pass,report surface contract is explicit enough for handoff audit
report_contract_0155,SCHEMA/Evidence-Debt-Execution-Audit-Fields-current.csv,schema,Evidence-Debt-Execution-Audit-Fields,SCHEMA/Evidence-Debt-Execution-Audit-Fields-current.csv,SCHEMA/Evidence-Debt-Execution-Audit-Fields-current.json,SCHEMA/Evidence-Debt-Execution-Audit-Fields-current.md,SCHEMA/Evidence-Debt-Execution-Audit-Fields-current.csv,field_schema_self_describing,tools/evidence_debt_execution_queue.py,8,8,csv_json_md_required,audit_or_schema_surface_not_public_payload,pass,report surface contract is explicit enough for handoff audit
report_contract_0156,SCHEMA/Evidence-Debt-Execution-Queue-Fields-current.csv,schema,Evidence-Debt-Execution-Queue-Fields,SCHEMA/Evidence-Debt-Execution-Queue-Fields-current.csv,SCHEMA/Evidence-Debt-Execution-Queue-Fields-current.json,SCHEMA/Evidence-Debt-Execution-Queue-Fields-current.md,SCHEMA/Evidence-Debt-Execution-Queue-Fields-current.csv,field_schema_self_describing,tools/evidence_debt_execution_queue.py,17,17,csv_json_md_required,audit_or_schema_surface_not_public_payload,pass,report surface contract is explicit enough for handoff audit
report_contract_0157,SCHEMA/Evidence-Debt-Sprint-Fields-current.csv,schema,Evidence-Debt-Sprint-Fields,SCHEMA/Evidence-Debt-Sprint-Fields-current.csv,SCHEMA/Evidence-Debt-Sprint-Fields-current.json,SCHEMA/Evidence-Debt-Sprint-Fields-current.md,SCHEMA/Evidence-Debt-Sprint-Fields-current.csv,field_schema_self_describing,schema_layer,12,12,csv_json_md_required,audit_or_schema_surface_not_public_payload,pass,report surface contract is explicit enough for handoff audit
report_contract_0158,SCHEMA/Evidence-Debt-Work-Packet-Audit-Fields-current.csv,schema,Evidence-Debt-Work-Packet-Audit-Fields,SCHEMA/Evidence-Debt-Work-Packet-Audit-Fields-current.csv,SCHEMA/Evidence-Debt-Work-Packet-Audit-Fields-current.json,SCHEMA/Evidence-Debt-Work-Packet-Audit-Fields-current.md,SCHEMA/Evidence-Debt-Work-Packet-Audit-Fields-current.csv,field_schema_self_describing,tools/evidence_debt_work_packets.py,8,8,csv_json_md_required,audit_or_schema_surface_not_public_payload,pass,report surface contract is explicit enough for handoff audit
report_contract_0159,SCHEMA/Evidence-Debt-Work-Packet-Fields-current.csv,schema,Evidence-Debt-Work-Packet-Fields,SCHEMA/Evidence-Debt-Work-Packet-Fields-current.csv,SCHEMA/Evidence-Debt-Work-Packet-Fields-current.json,SCHEMA/Evidence-Debt-Work-Packet-Fields-current.md,SCHEMA/Evidence-Debt-Work-Packet-Fields-current.csv,field_schema_self_describing,tools/evidence_debt_work_packets.py,22,22,csv_json_md_required,audit_or_schema_surface_not_public_payload,pass,report surface contract is explicit enough for handoff audit
report_contract_0160,SCHEMA/Evidence-Debt-Work-Packet-Trace-Fields-current.csv,schema,Evidence-Debt-Work-Packet-Trace-Fields,SCHEMA/Evidence-Debt-Work-Packet-Trace-Fields-current.csv,SCHEMA/Evidence-Debt-Work-Packet-Trace-Fields-current.json,SCHEMA/Evidence-Debt-Work-Packet-Trace-Fields-current.md,SCHEMA/Evidence-Debt-Work-Packet-Trace-Fields-current.csv,field_schema_self_describing,tools/evidence_debt_critical_path_work_order.py,16,16,csv_json_md_required,audit_or_schema_surface_not_public_payload,pass,report surface contract is explicit enough for handoff audit
report_contract_0161,SCHEMA/Family-Consent-and-Case-Name-Use-Ledger-Fields-current.csv,schema,Family-Consent-and-Case-Name-Use-Ledger-Fields,SCHEMA/Family-Consent-and-Case-Name-Use-Ledger-Fields-current.csv,SCHEMA/Family-Consent-and-Case-Name-Use-Ledger-Fields-current.json,SCHEMA/Family-Consent-and-Case-Name-Use-Ledger-Fields-current.md,SCHEMA/Family-Consent-and-Case-Name-Use-Ledger-Fields-current.csv,field_schema_self_describing,schema_layer,18,18,csv_json_md_required,audit_or_schema_surface_not_public_payload,pass,report surface contract is explicit enough for handoff audit
report_contract_0162,SCHEMA/Family-Profile-Consent-Boundary-Audit-Fields-current.csv,schema,Family-Profile-Consent-Boundary-Audit-Fields,SCHEMA/Family-Profile-Consent-Boundary-Audit-Fields-current.csv,SCHEMA/Family-Profile-Consent-Boundary-Audit-Fields-current.json,SCHEMA/Family-Profile-Consent-Boundary-Audit-Fields-current.md,SCHEMA/Family-Profile-Consent-Boundary-Audit-Fields-current.csv,field_schema_self_describing,schema_layer,16,16,csv_json_md_required,audit_or_schema_surface_not_public_payload,pass,report surface contract is explicit enough for handoff audit
report_contract_0163,SCHEMA/Field-Schema-Consistency-Audit-Fields-current.csv,schema,Field-Schema-Consistency-Audit-Fields,SCHEMA/Field-Schema-Consistency-Audit-Fields-current.csv,SCHEMA/Field-Schema-Consistency-Audit-Fields-current.json,SCHEMA/Field-Schema-Consistency-Audit-Fields-current.md,SCHEMA/Field-Schema-Consistency-Audit-Fields-current.csv,field_schema_self_describing,schema_layer,7,7,csv_json_md_required,audit_or_schema_surface_not_public_payload,pass,report surface contract is explicit enough for handoff audit
report_contract_0164,SCHEMA/Generated-Artifact-Provenance-Fields-current.csv,schema,Generated-Artifact-Provenance-Fields,SCHEMA/Generated-Artifact-Provenance-Fields-current.csv,SCHEMA/Generated-Artifact-Provenance-Fields-current.json,SCHEMA/Generated-Artifact-Provenance-Fields-current.md,SCHEMA/Generated-Artifact-Provenance-Fields-current.csv,field_schema_self_describing,schema_layer,8,8,csv_json_md_required,audit_or_schema_surface_not_public_payload,pass,report surface contract is explicit enough for handoff audit
report_contract_0165,SCHEMA/Governance-Consistency-Audit-Fields-current.csv,schema,Governance-Consistency-Audit-Fields,SCHEMA/Governance-Consistency-Audit-Fields-current.csv,SCHEMA/Governance-Consistency-Audit-Fields-current.json,SCHEMA/Governance-Consistency-Audit-Fields-current.md,SCHEMA/Governance-Consistency-Audit-Fields-current.csv,field_schema_self_describing,schema_layer,7,7,csv_json_md_required,audit_or_schema_surface_not_public_payload,pass,report surface contract is explicit enough for handoff audit
report_contract_0166,SCHEMA/Governance-Decision-Fields-current.csv,schema,Governance-Decision-Fields,SCHEMA/Governance-Decision-Fields-current.csv,SCHEMA/Governance-Decision-Fields-current.json,SCHEMA/Governance-Decision-Fields-current.md,SCHEMA/Governance-Decision-Fields-current.csv,field_schema_self_describing,schema_layer,10,10,csv_json_md_required,audit_or_schema_surface_not_public_payload,pass,report surface contract is explicit enough for handoff audit
report_contract_0167,SCHEMA/Governance-Review-Queue-Fields-current.csv,schema,Governance-Review-Queue-Fields,SCHEMA/Governance-Review-Queue-Fields-current.csv,SCHEMA/Governance-Review-Queue-Fields-current.json,SCHEMA/Governance-Review-Queue-Fields-current.md,SCHEMA/Governance-Review-Queue-Fields-current.csv,field_schema_self_describing,schema_layer,8,8,csv_json_md_required,audit_or_schema_surface_not_public_payload,pass,report surface contract is explicit enough for handoff audit
report_contract_0168,SCHEMA/Handoff-Notice-Audit-Fields-current.csv,schema,Handoff-Notice-Audit-Fields,SCHEMA/Handoff-Notice-Audit-Fields-current.csv,SCHEMA/Handoff-Notice-Audit-Fields-current.json,SCHEMA/Handoff-Notice-Audit-Fields-current.md,SCHEMA/Handoff-Notice-Audit-Fields-current.csv,field_schema_self_describing,schema_layer,8,8,csv_json_md_required,audit_or_schema_surface_not_public_payload,pass,report surface contract is explicit enough for handoff audit
report_contract_0169,SCHEMA/Handoff-Review-Digest-Fields-current.csv,schema,Handoff-Review-Digest-Fields,SCHEMA/Handoff-Review-Digest-Fields-current.csv,SCHEMA/Handoff-Review-Digest-Fields-current.json,SCHEMA/Handoff-Review-Digest-Fields-current.md,SCHEMA/Handoff-Review-Digest-Fields-current.csv,field_schema_self_describing,schema_layer,5,5,csv_json_md_required,audit_or_schema_surface_not_public_payload,pass,report surface contract is explicit enough for handoff audit
report_contract_0170,SCHEMA/Harm-Proximity-Controlled-Vocabulary-Fields-current.csv,schema,Harm-Proximity-Controlled-Vocabulary-Fields,SCHEMA/Harm-Proximity-Controlled-Vocabulary-Fields-current.csv,SCHEMA/Harm-Proximity-Controlled-Vocabulary-Fields-current.json,SCHEMA/Harm-Proximity-Controlled-Vocabulary-Fields-current.md,SCHEMA/Harm-Proximity-Controlled-Vocabulary-Fields-current.csv,field_schema_self_describing,schema_layer,4,4,csv_json_md_required,audit_or_schema_surface_not_public_payload,pass,report surface contract is explicit enough for handoff audit
report_contract_0171,SCHEMA/Harm-Proximity-Controlled-Vocabulary-current.csv,schema,Harm-Proximity-Controlled-Vocabulary,SCHEMA/Harm-Proximity-Controlled-Vocabulary-current.csv,SCHEMA/Harm-Proximity-Controlled-Vocabulary-current.json,SCHEMA/Harm-Proximity-Controlled-Vocabulary-current.md,SCHEMA/Harm-Proximity-Controlled-Vocabulary-Fields-current.csv,dedicated_field_schema,schema_layer,12,12,csv_json_md_required,audit_or_schema_surface_not_public_payload,pass,report surface contract is explicit enough for handoff audit
report_contract_0172,SCHEMA/Helper-Adoption-Audit-Fields-current.csv,schema,Helper-Adoption-Audit-Fields,SCHEMA/Helper-Adoption-Audit-Fields-current.csv,SCHEMA/Helper-Adoption-Audit-Fields-current.json,SCHEMA/Helper-Adoption-Audit-Fields-current.md,SCHEMA/Helper-Adoption-Audit-Fields-current.csv,field_schema_self_describing,schema_layer,8,8,csv_json_md_required,audit_or_schema_surface_not_public_payload,pass,report surface contract is explicit enough for handoff audit
report_contract_0173,SCHEMA/Helper-Adoption-Scope-Fields-current.csv,schema,Helper-Adoption-Scope-Fields,SCHEMA/Helper-Adoption-Scope-Fields-current.csv,SCHEMA/Helper-Adoption-Scope-Fields-current.json,SCHEMA/Helper-Adoption-Scope-Fields-current.md,SCHEMA/Helper-Adoption-Scope-Fields-current.csv,field_schema_self_describing,schema_layer,8,8,csv_json_md_required,audit_or_schema_surface_not_public_payload,pass,report surface contract is explicit enough for handoff audit
report_contract_0174,SCHEMA/Helper-Golden-Output-Audit-Fields-current.csv,schema,Helper-Golden-Output-Audit-Fields,SCHEMA/Helper-Golden-Output-Audit-Fields-current.csv,SCHEMA/Helper-Golden-Output-Audit-Fields-current.json,SCHEMA/Helper-Golden-Output-Audit-Fields-current.md,SCHEMA/Helper-Golden-Output-Audit-Fields-current.csv,field_schema_self_describing,schema_layer,8,8,csv_json_md_required,audit_or_schema_surface_not_public_payload,pass,report surface contract is explicit enough for handoff audit
report_contract_0175,SCHEMA/Identifier-Convention-Audit-Fields-current.csv,schema,Identifier-Convention-Audit-Fields,SCHEMA/Identifier-Convention-Audit-Fields-current.csv,SCHEMA/Identifier-Convention-Audit-Fields-current.json,SCHEMA/Identifier-Convention-Audit-Fields-current.md,SCHEMA/Identifier-Convention-Audit-Fields-current.csv,field_schema_self_describing,schema_layer,8,8,csv_json_md_required,audit_or_schema_surface_not_public_payload,pass,report surface contract is explicit enough for handoff audit
report_contract_0176,SCHEMA/Identifier-Registry-Fields-current.csv,schema,Identifier-Registry-Fields,SCHEMA/Identifier-Registry-Fields-current.csv,SCHEMA/Identifier-Registry-Fields-current.json,SCHEMA/Identifier-Registry-Fields-current.md,SCHEMA/Identifier-Registry-Fields-current.csv,field_schema_self_describing,schema_layer,10,10,csv_json_md_required,audit_or_schema_surface_not_public_payload,pass,report surface contract is explicit enough for handoff audit
report_contract_0177,SCHEMA/Indigenous-Data-Governance-Fields-current.csv,schema,Indigenous-Data-Governance-Fields,SCHEMA/Indigenous-Data-Governance-Fields-current.csv,SCHEMA/Indigenous-Data-Governance-Fields-current.json,SCHEMA/Indigenous-Data-Governance-Fields-current.md,SCHEMA/Indigenous-Data-Governance-Fields-current.csv,field_schema_self_describing,schema_layer,12,12,csv_json_md_required,audit_or_schema_surface_not_public_payload,pass,report surface contract is explicit enough for handoff audit
report_contract_0178,SCHEMA/JSON-Key-Uniqueness-Audit-Fields-current.csv,schema,JSON-Key-Uniqueness-Audit-Fields,SCHEMA/JSON-Key-Uniqueness-Audit-Fields-current.csv,SCHEMA/JSON-Key-Uniqueness-Audit-Fields-current.json,SCHEMA/JSON-Key-Uniqueness-Audit-Fields-current.md,SCHEMA/JSON-Key-Uniqueness-Audit-Fields-current.csv,field_schema_self_describing,schema_layer,7,7,csv_json_md_required,audit_or_schema_surface_not_public_payload,pass,report surface contract is explicit enough for handoff audit
report_contract_0179,SCHEMA/Ledger-Relationship-Audit-Fields-current.csv,schema,Ledger-Relationship-Audit-Fields,SCHEMA/Ledger-Relationship-Audit-Fields-current.csv,SCHEMA/Ledger-Relationship-Audit-Fields-current.json,SCHEMA/Ledger-Relationship-Audit-Fields-current.md,SCHEMA/Ledger-Relationship-Audit-Fields-current.csv,field_schema_self_describing,tools/ledger_relationship_audit.py,12,12,csv_json_md_required,audit_or_schema_surface_not_public_payload,pass,report surface contract is explicit enough for handoff audit
report_contract_0180,SCHEMA/Manifest-Semantic-Coherence-Audit-Fields-current.csv,schema,Manifest-Semantic-Coherence-Audit-Fields,SCHEMA/Manifest-Semantic-Coherence-Audit-Fields-current.csv,SCHEMA/Manifest-Semantic-Coherence-Audit-Fields-current.json,SCHEMA/Manifest-Semantic-Coherence-Audit-Fields-current.md,SCHEMA/Manifest-Semantic-Coherence-Audit-Fields-current.csv,field_schema_self_describing,schema_layer,8,8,csv_json_md_required,audit_or_schema_surface_not_public_payload,pass,report surface contract is explicit enough for handoff audit
report_contract_0181,SCHEMA/Negative-Case-Ledger-Fields-current.csv,schema,Negative-Case-Ledger-Fields,SCHEMA/Negative-Case-Ledger-Fields-current.csv,SCHEMA/Negative-Case-Ledger-Fields-current.json,SCHEMA/Negative-Case-Ledger-Fields-current.md,SCHEMA/Negative-Case-Ledger-Fields-current.csv,field_schema_self_describing,schema_layer,13,13,csv_json_md_required,audit_or_schema_surface_not_public_payload,pass,report surface contract is explicit enough for handoff audit
report_contract_0182,SCHEMA/Normalized-Code-Overlay-Audit-Fields-current.csv,schema,Normalized-Code-Overlay-Audit-Fields,SCHEMA/Normalized-Code-Overlay-Audit-Fields-current.csv,SCHEMA/Normalized-Code-Overlay-Audit-Fields-current.json,SCHEMA/Normalized-Code-Overlay-Audit-Fields-current.md,SCHEMA/Normalized-Code-Overlay-Audit-Fields-current.csv,field_schema_self_describing,schema_layer,8,8,csv_json_md_required,audit_or_schema_surface_not_public_payload,pass,report surface contract is explicit enough for handoff audit
report_contract_0183,SCHEMA/Normalized-Code-Overlay-Fields-current.csv,schema,Normalized-Code-Overlay-Fields,SCHEMA/Normalized-Code-Overlay-Fields-current.csv,SCHEMA/Normalized-Code-Overlay-Fields-current.json,SCHEMA/Normalized-Code-Overlay-Fields-current.md,SCHEMA/Normalized-Code-Overlay-Fields-current.csv,field_schema_self_describing,schema_layer,14,14,csv_json_md_required,audit_or_schema_surface_not_public_payload,pass,report surface contract is explicit enough for handoff audit
report_contract_0184,SCHEMA/Normalized-Code-Overlay-current.csv,schema,Normalized-Code-Overlay,SCHEMA/Normalized-Code-Overlay-current.csv,SCHEMA/Normalized-Code-Overlay-current.json,SCHEMA/Normalized-Code-Overlay-current.md,SCHEMA/Normalized-Code-Overlay-Fields-current.csv,dedicated_field_schema,tools/ledger_code_overlay.py,7,7,csv_json_md_required,audit_or_schema_surface_not_public_payload,pass,report surface contract is explicit enough for handoff audit
report_contract_0185,SCHEMA/Office-Accountability-Fields-current.csv,schema,Office-Accountability-Fields,SCHEMA/Office-Accountability-Fields-current.csv,SCHEMA/Office-Accountability-Fields-current.json,SCHEMA/Office-Accountability-Fields-current.md,SCHEMA/Office-Accountability-Fields-current.csv,field_schema_self_describing,schema_layer,16,16,csv_json_md_required,audit_or_schema_surface_not_public_payload,pass,report surface contract is explicit enough for handoff audit
report_contract_0186,SCHEMA/Online-Research-Intake-Fields-current.csv,schema,Online-Research-Intake-Fields,SCHEMA/Online-Research-Intake-Fields-current.csv,SCHEMA/Online-Research-Intake-Fields-current.json,SCHEMA/Online-Research-Intake-Fields-current.md,SCHEMA/Online-Research-Intake-Fields-current.csv,field_schema_self_describing,schema_layer,13,13,csv_json_md_required,audit_or_schema_surface_not_public_payload,pass,report surface contract is explicit enough for handoff audit
report_contract_0187,SCHEMA/Operator-Update-Audit-Fields-current.csv,schema,Operator-Update-Audit-Fields,SCHEMA/Operator-Update-Audit-Fields-current.csv,SCHEMA/Operator-Update-Audit-Fields-current.json,SCHEMA/Operator-Update-Audit-Fields-current.md,SCHEMA/Operator-Update-Audit-Fields-current.csv,field_schema_self_describing,schema_layer,11,11,csv_json_md_required,audit_or_schema_surface_not_public_payload,pass,report surface contract is explicit enough for handoff audit
report_contract_0188,SCHEMA/Pacific-GBV-Service-Capacity-Boundary-Audit-Fields-current.csv,schema,Pacific-GBV-Service-Capacity-Boundary-Audit-Fields,SCHEMA/Pacific-GBV-Service-Capacity-Boundary-Audit-Fields-current.csv,SCHEMA/Pacific-GBV-Service-Capacity-Boundary-Audit-Fields-current.json,SCHEMA/Pacific-GBV-Service-Capacity-Boundary-Audit-Fields-current.md,SCHEMA/Pacific-GBV-Service-Capacity-Boundary-Audit-Fields-current.csv,field_schema_self_describing,schema_layer,18,18,csv_json_md_required,audit_or_schema_surface_not_public_payload,pass,report surface contract is explicit enough for handoff audit
report_contract_0189,SCHEMA/Package-Delta-Manifest-Fields-current.csv,schema,Package-Delta-Manifest-Fields,SCHEMA/Package-Delta-Manifest-Fields-current.csv,SCHEMA/Package-Delta-Manifest-Fields-current.json,SCHEMA/Package-Delta-Manifest-Fields-current.md,SCHEMA/Package-Delta-Manifest-Fields-current.csv,field_schema_self_describing,schema_layer,10,10,csv_json_md_required,audit_or_schema_surface_not_public_payload,pass,report surface contract is explicit enough for handoff audit
report_contract_0190,SCHEMA/Package-Dependency-Graph-Fields-current.csv,schema,Package-Dependency-Graph-Fields,SCHEMA/Package-Dependency-Graph-Fields-current.csv,SCHEMA/Package-Dependency-Graph-Fields-current.json,SCHEMA/Package-Dependency-Graph-Fields-current.md,SCHEMA/Package-Dependency-Graph-Fields-current.csv,field_schema_self_describing,schema_layer,7,7,csv_json_md_required,audit_or_schema_surface_not_public_payload,pass,report surface contract is explicit enough for handoff audit
report_contract_0191,SCHEMA/Package-File-Inventory-Fields-current.csv,schema,Package-File-Inventory-Fields,SCHEMA/Package-File-Inventory-Fields-current.csv,SCHEMA/Package-File-Inventory-Fields-current.json,SCHEMA/Package-File-Inventory-Fields-current.md,SCHEMA/Package-File-Inventory-Fields-current.csv,field_schema_self_describing,schema_layer,9,9,csv_json_md_required,audit_or_schema_surface_not_public_payload,pass,report surface contract is explicit enough for handoff audit
report_contract_0192,SCHEMA/Package-Identity-Audit-Fields-current.csv,schema,Package-Identity-Audit-Fields,SCHEMA/Package-Identity-Audit-Fields-current.csv,SCHEMA/Package-Identity-Audit-Fields-current.json,SCHEMA/Package-Identity-Audit-Fields-current.md,SCHEMA/Package-Identity-Audit-Fields-current.csv,field_schema_self_describing,schema_layer,7,7,csv_json_md_required,audit_or_schema_surface_not_public_payload,pass,report surface contract is explicit enough for handoff audit
report_contract_0193,SCHEMA/Path-Reference-Audit-Fields-current.csv,schema,Path-Reference-Audit-Fields,SCHEMA/Path-Reference-Audit-Fields-current.csv,SCHEMA/Path-Reference-Audit-Fields-current.json,SCHEMA/Path-Reference-Audit-Fields-current.md,SCHEMA/Path-Reference-Audit-Fields-current.csv,field_schema_self_describing,schema_layer,9,9,csv_json_md_required,audit_or_schema_surface_not_public_payload,pass,report surface contract is explicit enough for handoff audit
report_contract_0194,SCHEMA/Path-Rename-Ledger-Fields-current.csv,schema,Path-Rename-Ledger-Fields,SCHEMA/Path-Rename-Ledger-Fields-current.csv,SCHEMA/Path-Rename-Ledger-Fields-current.json,SCHEMA/Path-Rename-Ledger-Fields-current.md,SCHEMA/Path-Rename-Ledger-Fields-current.csv,field_schema_self_describing,schema_layer,8,8,csv_json_md_required,audit_or_schema_surface_not_public_payload,pass,report surface contract is explicit enough for handoff audit
report_contract_0195,SCHEMA/Permission-State-Ledger-Fields-current.csv,schema,Permission-State-Ledger-Fields,SCHEMA/Permission-State-Ledger-Fields-current.csv,SCHEMA/Permission-State-Ledger-Fields-current.json,SCHEMA/Permission-State-Ledger-Fields-current.md,SCHEMA/Permission-State-Ledger-Fields-current.csv,field_schema_self_describing,schema_layer,12,12,csv_json_md_required,audit_or_schema_surface_not_public_payload,pass,report surface contract is explicit enough for handoff audit
report_contract_0196,SCHEMA/Policy-Assertion-Matrix-Fields-current.csv,schema,Policy-Assertion-Matrix-Fields,SCHEMA/Policy-Assertion-Matrix-Fields-current.csv,SCHEMA/Policy-Assertion-Matrix-Fields-current.json,SCHEMA/Policy-Assertion-Matrix-Fields-current.md,SCHEMA/Policy-Assertion-Matrix-Fields-current.csv,field_schema_self_describing,schema_layer,8,8,csv_json_md_required,audit_or_schema_surface_not_public_payload,pass,report surface contract is explicit enough for handoff audit
report_contract_0197,SCHEMA/Preservation-Transfer-Readiness-Fields-current.csv,schema,Preservation-Transfer-Readiness-Fields,SCHEMA/Preservation-Transfer-Readiness-Fields-current.csv,SCHEMA/Preservation-Transfer-Readiness-Fields-current.json,SCHEMA/Preservation-Transfer-Readiness-Fields-current.md,SCHEMA/Preservation-Transfer-Readiness-Fields-current.csv,field_schema_self_describing,schema_layer,8,8,csv_json_md_required,audit_or_schema_surface_not_public_payload,pass,report surface contract is explicit enough for handoff audit
report_contract_0198,SCHEMA/Public-Allowed-Claim-Shapes-Fields-current.csv,schema,Public-Allowed-Claim-Shapes-Fields,SCHEMA/Public-Allowed-Claim-Shapes-Fields-current.csv,SCHEMA/Public-Allowed-Claim-Shapes-Fields-current.json,SCHEMA/Public-Allowed-Claim-Shapes-Fields-current.md,SCHEMA/Public-Allowed-Claim-Shapes-Fields-current.csv,field_schema_self_describing,schema_layer,5,5,csv_json_md_required,audit_or_schema_surface_not_public_payload,pass,report surface contract is explicit enough for handoff audit
report_contract_0199,SCHEMA/Public-Allowed-Claim-Shapes-current.csv,schema,Public-Allowed-Claim-Shapes,SCHEMA/Public-Allowed-Claim-Shapes-current.csv,SCHEMA/Public-Allowed-Claim-Shapes-current.json,SCHEMA/Public-Allowed-Claim-Shapes-current.md,SCHEMA/Public-Allowed-Claim-Shapes-Fields-current.csv,dedicated_field_schema,schema_layer,13,13,csv_json_md_required,audit_or_schema_surface_not_public_payload,pass,report surface contract is explicit enough for handoff audit
report_contract_0200,SCHEMA/Public-Claim-Quarantine-Fields-current.csv,schema,Public-Claim-Quarantine-Fields,SCHEMA/Public-Claim-Quarantine-Fields-current.csv,SCHEMA/Public-Claim-Quarantine-Fields-current.json,SCHEMA/Public-Claim-Quarantine-Fields-current.md,SCHEMA/Public-Claim-Quarantine-Fields-current.csv,field_schema_self_describing,schema_layer,13,13,csv_json_md_required,audit_or_schema_surface_not_public_payload,pass,report surface contract is explicit enough for handoff audit
report_contract_0201,SCHEMA/Public-Claim-Release-Ledger-Fields-current.csv,schema,Public-Claim-Release-Ledger-Fields,SCHEMA/Public-Claim-Release-Ledger-Fields-current.csv,SCHEMA/Public-Claim-Release-Ledger-Fields-current.json,SCHEMA/Public-Claim-Release-Ledger-Fields-current.md,SCHEMA/Public-Claim-Release-Ledger-Fields-current.csv,field_schema_self_describing,schema_layer,14,14,csv_json_md_required,audit_or_schema_surface_not_public_payload,pass,report surface contract is explicit enough for handoff audit
report_contract_0202,SCHEMA/Public-Export-Eligibility-Fields-current.csv,schema,Public-Export-Eligibility-Fields,SCHEMA/Public-Export-Eligibility-Fields-current.csv,SCHEMA/Public-Export-Eligibility-Fields-current.json,SCHEMA/Public-Export-Eligibility-Fields-current.md,SCHEMA/Public-Export-Eligibility-Fields-current.csv,field_schema_self_describing,schema_layer,16,16,csv_json_md_required,audit_or_schema_surface_not_public_payload,pass,report surface contract is explicit enough for handoff audit
report_contract_0203,SCHEMA/Public-Export-Surface-Audit-Fields-current.csv,schema,Public-Export-Surface-Audit-Fields,SCHEMA/Public-Export-Surface-Audit-Fields-current.csv,SCHEMA/Public-Export-Surface-Audit-Fields-current.json,SCHEMA/Public-Export-Surface-Audit-Fields-current.md,SCHEMA/Public-Export-Surface-Audit-Fields-current.csv,field_schema_self_describing,tools/public_export_surface_audit.py,9,9,csv_json_md_required,audit_or_schema_surface_not_public_payload,pass,report surface contract is explicit enough for handoff audit
report_contract_0204,SCHEMA/Public-Index-Parity-Fields-current.csv,schema,Public-Index-Parity-Fields,SCHEMA/Public-Index-Parity-Fields-current.csv,SCHEMA/Public-Index-Parity-Fields-current.json,SCHEMA/Public-Index-Parity-Fields-current.md,SCHEMA/Public-Index-Parity-Fields-current.csv,field_schema_self_describing,schema_layer,8,8,csv_json_md_required,audit_or_schema_surface_not_public_payload,pass,report surface contract is explicit enough for handoff audit
report_contract_0205,SCHEMA/Public-Index-Semantic-Audit-Fields-current.csv,schema,Public-Index-Semantic-Audit-Fields,SCHEMA/Public-Index-Semantic-Audit-Fields-current.csv,SCHEMA/Public-Index-Semantic-Audit-Fields-current.json,SCHEMA/Public-Index-Semantic-Audit-Fields-current.md,SCHEMA/Public-Index-Semantic-Audit-Fields-current.csv,field_schema_self_describing,schema_layer,9,9,csv_json_md_required,audit_or_schema_surface_not_public_payload,pass,report surface contract is explicit enough for handoff audit
report_contract_0206,SCHEMA/Public-Link-Policy-Fields-current.csv,schema,Public-Link-Policy-Fields,SCHEMA/Public-Link-Policy-Fields-current.csv,SCHEMA/Public-Link-Policy-Fields-current.json,SCHEMA/Public-Link-Policy-Fields-current.md,SCHEMA/Public-Link-Policy-Fields-current.csv,field_schema_self_describing,schema_layer,3,3,csv_json_md_required,audit_or_schema_surface_not_public_payload,pass,report surface contract is explicit enough for handoff audit
report_contract_0207,SCHEMA/Public-Link-Policy-current.csv,schema,Public-Link-Policy,SCHEMA/Public-Link-Policy-current.csv,SCHEMA/Public-Link-Policy-current.json,SCHEMA/Public-Link-Policy-current.md,SCHEMA/Public-Link-Policy-Fields-current.csv,dedicated_field_schema,schema_layer,9,9,csv_json_md_required,audit_or_schema_surface_not_public_payload,pass,report surface contract is explicit enough for handoff audit
report_contract_0208,SCHEMA/Public-Lint-Allowed-Contexts-Fields-current.csv,schema,Public-Lint-Allowed-Contexts-Fields,SCHEMA/Public-Lint-Allowed-Contexts-Fields-current.csv,SCHEMA/Public-Lint-Allowed-Contexts-Fields-current.json,SCHEMA/Public-Lint-Allowed-Contexts-Fields-current.md,SCHEMA/Public-Lint-Allowed-Contexts-Fields-current.csv,field_schema_self_describing,schema_layer,6,6,csv_json_md_required,audit_or_schema_surface_not_public_payload,pass,report surface contract is explicit enough for handoff audit
report_contract_0209,SCHEMA/Public-Negative-Corpus-Fields-current.csv,schema,Public-Negative-Corpus-Fields,SCHEMA/Public-Negative-Corpus-Fields-current.csv,SCHEMA/Public-Negative-Corpus-Fields-current.json,SCHEMA/Public-Negative-Corpus-Fields-current.md,SCHEMA/Public-Negative-Corpus-Fields-current.csv,field_schema_self_describing,schema_layer,8,8,csv_json_md_required,audit_or_schema_surface_not_public_payload,pass,report surface contract is explicit enough for handoff audit
report_contract_0210,SCHEMA/Public-Release-Lint-Fields-current.csv,schema,Public-Release-Lint-Fields,SCHEMA/Public-Release-Lint-Fields-current.csv,SCHEMA/Public-Release-Lint-Fields-current.json,SCHEMA/Public-Release-Lint-Fields-current.md,SCHEMA/Public-Release-Lint-Fields-current.csv,field_schema_self_describing,schema_layer,8,8,csv_json_md_required,audit_or_schema_surface_not_public_payload,pass,report surface contract is explicit enough for handoff audit
report_contract_0211,SCHEMA/Public-Source-Link-Review-Fields-current.csv,schema,Public-Source-Link-Review-Fields,SCHEMA/Public-Source-Link-Review-Fields-current.csv,SCHEMA/Public-Source-Link-Review-Fields-current.json,SCHEMA/Public-Source-Link-Review-Fields-current.md,SCHEMA/Public-Source-Link-Review-Fields-current.csv,field_schema_self_describing,schema_layer,11,11,csv_json_md_required,audit_or_schema_surface_not_public_payload,pass,report surface contract is explicit enough for handoff audit
report_contract_0212,SCHEMA/Rebuild-Readiness-Audit-Fields-current.csv,schema,Rebuild-Readiness-Audit-Fields,SCHEMA/Rebuild-Readiness-Audit-Fields-current.csv,SCHEMA/Rebuild-Readiness-Audit-Fields-current.json,SCHEMA/Rebuild-Readiness-Audit-Fields-current.md,SCHEMA/Rebuild-Readiness-Audit-Fields-current.csv,field_schema_self_describing,schema_layer,7,7,csv_json_md_required,audit_or_schema_surface_not_public_payload,pass,report surface contract is explicit enough for handoff audit
report_contract_0213,SCHEMA/Refresh-Priority-Queue-Fields-current.csv,schema,Refresh-Priority-Queue-Fields,SCHEMA/Refresh-Priority-Queue-Fields-current.csv,SCHEMA/Refresh-Priority-Queue-Fields-current.json,SCHEMA/Refresh-Priority-Queue-Fields-current.md,SCHEMA/Refresh-Priority-Queue-Fields-current.csv,field_schema_self_describing,schema_layer,12,12,csv_json_md_required,audit_or_schema_surface_not_public_payload,pass,report surface contract is explicit enough for handoff audit
report_contract_0214,SCHEMA/Refresh-Sprint-Decision-Matrix-Fields-current.csv,schema,Refresh-Sprint-Decision-Matrix-Fields,SCHEMA/Refresh-Sprint-Decision-Matrix-Fields-current.csv,SCHEMA/Refresh-Sprint-Decision-Matrix-Fields-current.json,SCHEMA/Refresh-Sprint-Decision-Matrix-Fields-current.md,SCHEMA/Refresh-Sprint-Decision-Matrix-Fields-current.csv,field_schema_self_describing,schema_layer,9,9,csv_json_md_required,audit_or_schema_surface_not_public_payload,pass,report surface contract is explicit enough for handoff audit
report_contract_0215,SCHEMA/Regeneration-Coverage-Audit-Fields-current.csv,schema,Regeneration-Coverage-Audit-Fields,SCHEMA/Regeneration-Coverage-Audit-Fields-current.csv,SCHEMA/Regeneration-Coverage-Audit-Fields-current.json,SCHEMA/Regeneration-Coverage-Audit-Fields-current.md,SCHEMA/Regeneration-Coverage-Audit-Fields-current.csv,field_schema_self_describing,schema_layer,11,11,csv_json_md_required,audit_or_schema_surface_not_public_payload,pass,report surface contract is explicit enough for handoff audit
report_contract_0216,SCHEMA/Regeneration-Sequence-Plan-Fields-current.csv,schema,Regeneration-Sequence-Plan-Fields,SCHEMA/Regeneration-Sequence-Plan-Fields-current.csv,SCHEMA/Regeneration-Sequence-Plan-Fields-current.json,SCHEMA/Regeneration-Sequence-Plan-Fields-current.md,SCHEMA/Regeneration-Sequence-Plan-Fields-current.csv,field_schema_self_describing,schema_layer,9,9,csv_json_md_required,audit_or_schema_surface_not_public_payload,pass,report surface contract is explicit enough for handoff audit
report_contract_0217,SCHEMA/Release-Change-Review-Fields-current.csv,schema,Release-Change-Review-Fields,SCHEMA/Release-Change-Review-Fields-current.csv,SCHEMA/Release-Change-Review-Fields-current.json,SCHEMA/Release-Change-Review-Fields-current.md,SCHEMA/Release-Change-Review-Fields-current.csv,field_schema_self_describing,schema_layer,11,11,csv_json_md_required,audit_or_schema_surface_not_public_payload,pass,report surface contract is explicit enough for handoff audit
report_contract_0218,SCHEMA/Release-Evidence-Closure-Fields-current.csv,schema,Release-Evidence-Closure-Fields,SCHEMA/Release-Evidence-Closure-Fields-current.csv,SCHEMA/Release-Evidence-Closure-Fields-current.json,SCHEMA/Release-Evidence-Closure-Fields-current.md,SCHEMA/Release-Evidence-Closure-Fields-current.csv,field_schema_self_describing,schema_layer,6,6,csv_json_md_required,audit_or_schema_surface_not_public_payload,pass,report surface contract is explicit enough for handoff audit
report_contract_0219,SCHEMA/Release-Gate-Attestation-Fields-current.csv,schema,Release-Gate-Attestation-Fields,SCHEMA/Release-Gate-Attestation-Fields-current.csv,SCHEMA/Release-Gate-Attestation-Fields-current.json,SCHEMA/Release-Gate-Attestation-Fields-current.md,SCHEMA/Release-Gate-Attestation-Fields-current.csv,field_schema_self_describing,schema_layer,6,6,csv_json_md_required,audit_or_schema_surface_not_public_payload,pass,report surface contract is explicit enough for handoff audit
report_contract_0220,SCHEMA/Report-Contract-Audit-Fields-current.csv,schema,Report-Contract-Audit-Fields,SCHEMA/Report-Contract-Audit-Fields-current.csv,SCHEMA/Report-Contract-Audit-Fields-current.json,SCHEMA/Report-Contract-Audit-Fields-current.md,SCHEMA/Report-Contract-Audit-Fields-current.csv,field_schema_self_describing,schema_layer,7,7,csv_json_md_required,audit_or_schema_surface_not_public_payload,pass,report surface contract is explicit enough for handoff audit
report_contract_0221,SCHEMA/Report-Contract-Registry-Fields-current.csv,schema,Report-Contract-Registry-Fields,SCHEMA/Report-Contract-Registry-Fields-current.csv,SCHEMA/Report-Contract-Registry-Fields-current.json,SCHEMA/Report-Contract-Registry-Fields-current.md,SCHEMA/Report-Contract-Registry-Fields-current.csv,field_schema_self_describing,schema_layer,16,16,csv_json_md_required,audit_or_schema_surface_not_public_payload,pass,report surface contract is explicit enough for handoff audit
report_contract_0222,SCHEMA/Required-Document-Coverage-Fields-current.csv,schema,Required-Document-Coverage-Fields,SCHEMA/Required-Document-Coverage-Fields-current.csv,SCHEMA/Required-Document-Coverage-Fields-current.json,SCHEMA/Required-Document-Coverage-Fields-current.md,SCHEMA/Required-Document-Coverage-Fields-current.csv,field_schema_self_describing,schema_layer,8,8,csv_json_md_required,audit_or_schema_surface_not_public_payload,pass,report surface contract is explicit enough for handoff audit
report_contract_0223,SCHEMA/Review-Role-Boundary-Audit-Fields-current.csv,schema,Review-Role-Boundary-Audit-Fields,SCHEMA/Review-Role-Boundary-Audit-Fields-current.csv,SCHEMA/Review-Role-Boundary-Audit-Fields-current.json,SCHEMA/Review-Role-Boundary-Audit-Fields-current.md,SCHEMA/Review-Role-Boundary-Audit-Fields-current.csv,field_schema_self_describing,schema_layer,7,7,csv_json_md_required,audit_or_schema_surface_not_public_payload,pass,report surface contract is explicit enough for handoff audit
report_contract_0224,SCHEMA/Revision-Surface-Audit-Fields-current.csv,schema,Revision-Surface-Audit-Fields,SCHEMA/Revision-Surface-Audit-Fields-current.csv,SCHEMA/Revision-Surface-Audit-Fields-current.json,SCHEMA/Revision-Surface-Audit-Fields-current.md,SCHEMA/Revision-Surface-Audit-Fields-current.csv,field_schema_self_describing,schema_layer,6,6,csv_json_md_required,audit_or_schema_surface_not_public_payload,pass,report surface contract is explicit enough for handoff audit
report_contract_0225,SCHEMA/Row-Validation-Report-Fields-current.csv,schema,Row-Validation-Report-Fields,SCHEMA/Row-Validation-Report-Fields-current.csv,SCHEMA/Row-Validation-Report-Fields-current.json,SCHEMA/Row-Validation-Report-Fields-current.md,SCHEMA/Row-Validation-Report-Fields-current.csv,field_schema_self_describing,schema_layer,7,7,csv_json_md_required,audit_or_schema_surface_not_public_payload,pass,report surface contract is explicit enough for handoff audit
report_contract_0226,SCHEMA/Row-Validation-Report-current.csv,schema,Row-Validation-Report,SCHEMA/Row-Validation-Report-current.csv,SCHEMA/Row-Validation-Report-current.json,SCHEMA/Row-Validation-Report-current.md,SCHEMA/Row-Validation-Report-Fields-current.csv,dedicated_field_schema,tools/row_validate.py,1,1,csv_json_md_required,audit_or_schema_surface_not_public_payload,pass,report surface contract is explicit enough for handoff audit
report_contract_0227,SCHEMA/Rule-Gate-Traceability-Fields-current.csv,schema,Rule-Gate-Traceability-Fields,SCHEMA/Rule-Gate-Traceability-Fields-current.csv,SCHEMA/Rule-Gate-Traceability-Fields-current.json,SCHEMA/Rule-Gate-Traceability-Fields-current.md,SCHEMA/Rule-Gate-Traceability-Fields-current.csv,field_schema_self_describing,schema_layer,9,9,csv_json_md_required,audit_or_schema_surface_not_public_payload,pass,report surface contract is explicit enough for handoff audit
report_contract_0228,SCHEMA/Rule46-Scan-Fields-current.csv,schema,Rule46-Scan-Fields,SCHEMA/Rule46-Scan-Fields-current.csv,SCHEMA/Rule46-Scan-Fields-current.json,SCHEMA/Rule46-Scan-Fields-current.md,SCHEMA/Rule46-Scan-Fields-current.csv,field_schema_self_describing,schema_layer,7,7,csv_json_md_required,audit_or_schema_surface_not_public_payload,pass,report surface contract is explicit enough for handoff audit
report_contract_0229,SCHEMA/Schema-Coverage-Audit-Fields-current.csv,schema,Schema-Coverage-Audit-Fields,SCHEMA/Schema-Coverage-Audit-Fields-current.csv,SCHEMA/Schema-Coverage-Audit-Fields-current.json,SCHEMA/Schema-Coverage-Audit-Fields-current.md,SCHEMA/Schema-Coverage-Audit-Fields-current.csv,field_schema_self_describing,schema_layer,7,7,csv_json_md_required,audit_or_schema_surface_not_public_payload,pass,report surface contract is explicit enough for handoff audit
report_contract_0230,SCHEMA/Schema-Validation-Report-Fields-current.csv,schema,Schema-Validation-Report-Fields,SCHEMA/Schema-Validation-Report-Fields-current.csv,SCHEMA/Schema-Validation-Report-Fields-current.json,SCHEMA/Schema-Validation-Report-Fields-current.md,SCHEMA/Schema-Validation-Report-Fields-current.csv,field_schema_self_describing,schema_layer,4,4,csv_json_md_required,audit_or_schema_surface_not_public_payload,pass,report surface contract is explicit enough for handoff audit
report_contract_0231,SCHEMA/Schema-Validation-Report-current.csv,schema,Schema-Validation-Report,SCHEMA/Schema-Validation-Report-current.csv,SCHEMA/Schema-Validation-Report-current.json,SCHEMA/Schema-Validation-Report-current.md,SCHEMA/Schema-Validation-Report-Fields-current.csv,dedicated_field_schema,bootstrap_schema_validation_report,4,4,csv_json_md_required,audit_or_schema_surface_not_public_payload,pass,report surface contract is explicit enough for handoff audit
report_contract_0232,SCHEMA/Selftest-Coverage-Matrix-Fields-current.csv,schema,Selftest-Coverage-Matrix-Fields,SCHEMA/Selftest-Coverage-Matrix-Fields-current.csv,SCHEMA/Selftest-Coverage-Matrix-Fields-current.json,SCHEMA/Selftest-Coverage-Matrix-Fields-current.md,SCHEMA/Selftest-Coverage-Matrix-Fields-current.csv,field_schema_self_describing,schema_layer,7,7,csv_json_md_required,audit_or_schema_surface_not_public_payload,pass,report surface contract is explicit enough for handoff audit
report_contract_0233,SCHEMA/Sensitive-Surface-Inventory-Fields-current.csv,schema,Sensitive-Surface-Inventory-Fields,SCHEMA/Sensitive-Surface-Inventory-Fields-current.csv,SCHEMA/Sensitive-Surface-Inventory-Fields-current.json,SCHEMA/Sensitive-Surface-Inventory-Fields-current.md,SCHEMA/Sensitive-Surface-Inventory-Fields-current.csv,field_schema_self_describing,schema_layer,10,10,csv_json_md_required,audit_or_schema_surface_not_public_payload,pass,report surface contract is explicit enough for handoff audit
report_contract_0234,SCHEMA/Source-Backfill-Coverage-Audit-Fields-current.csv,schema,Source-Backfill-Coverage-Audit-Fields,SCHEMA/Source-Backfill-Coverage-Audit-Fields-current.csv,SCHEMA/Source-Backfill-Coverage-Audit-Fields-current.json,SCHEMA/Source-Backfill-Coverage-Audit-Fields-current.md,SCHEMA/Source-Backfill-Coverage-Audit-Fields-current.csv,field_schema_self_describing,schema_layer,13,13,csv_json_md_required,audit_or_schema_surface_not_public_payload,pass,report surface contract is explicit enough for handoff audit
report_contract_0235,SCHEMA/Source-Freshness-Preservation-Fields-current.csv,schema,Source-Freshness-Preservation-Fields,SCHEMA/Source-Freshness-Preservation-Fields-current.csv,SCHEMA/Source-Freshness-Preservation-Fields-current.json,SCHEMA/Source-Freshness-Preservation-Fields-current.md,SCHEMA/Source-Freshness-Preservation-Fields-current.csv,field_schema_self_describing,schema_layer,15,15,csv_json_md_required,audit_or_schema_surface_not_public_payload,pass,report surface contract is explicit enough for handoff audit
report_contract_0236,SCHEMA/Source-Maintenance-Priority-Fields-current.csv,schema,Source-Maintenance-Priority-Fields,SCHEMA/Source-Maintenance-Priority-Fields-current.csv,SCHEMA/Source-Maintenance-Priority-Fields-current.json,SCHEMA/Source-Maintenance-Priority-Fields-current.md,SCHEMA/Source-Maintenance-Priority-Fields-current.csv,field_schema_self_describing,schema_layer,21,21,csv_json_md_required,audit_or_schema_surface_not_public_payload,pass,report surface contract is explicit enough for handoff audit
report_contract_0237,SCHEMA/Source-Manual-Preservation-Decision-Fields-current.csv,schema,Source-Manual-Preservation-Decision-Fields,SCHEMA/Source-Manual-Preservation-Decision-Fields-current.csv,SCHEMA/Source-Manual-Preservation-Decision-Fields-current.json,SCHEMA/Source-Manual-Preservation-Decision-Fields-current.md,SCHEMA/Source-Manual-Preservation-Decision-Fields-current.csv,field_schema_self_describing,schema_layer,16,16,csv_json_md_required,audit_or_schema_surface_not_public_payload,pass,report surface contract is explicit enough for handoff audit
report_contract_0238,SCHEMA/Source-Metadata-Backfill-Fields-current.csv,schema,Source-Metadata-Backfill-Fields,SCHEMA/Source-Metadata-Backfill-Fields-current.csv,SCHEMA/Source-Metadata-Backfill-Fields-current.json,SCHEMA/Source-Metadata-Backfill-Fields-current.md,SCHEMA/Source-Metadata-Backfill-Fields-current.csv,field_schema_self_describing,schema_layer,14,14,csv_json_md_required,audit_or_schema_surface_not_public_payload,pass,report surface contract is explicit enough for handoff audit
report_contract_0239,SCHEMA/Source-Preservation-Status-Fields-current.csv,schema,Source-Preservation-Status-Fields,SCHEMA/Source-Preservation-Status-Fields-current.csv,SCHEMA/Source-Preservation-Status-Fields-current.json,SCHEMA/Source-Preservation-Status-Fields-current.md,SCHEMA/Source-Preservation-Status-Fields-current.csv,field_schema_self_describing,schema_layer,14,14,csv_json_md_required,audit_or_schema_surface_not_public_payload,pass,report surface contract is explicit enough for handoff audit
report_contract_0240,SCHEMA/Source-Promotion-Decision-Ledger-Fields-current.csv,schema,Source-Promotion-Decision-Ledger-Fields,SCHEMA/Source-Promotion-Decision-Ledger-Fields-current.csv,SCHEMA/Source-Promotion-Decision-Ledger-Fields-current.json,SCHEMA/Source-Promotion-Decision-Ledger-Fields-current.md,SCHEMA/Source-Promotion-Decision-Ledger-Fields-current.csv,field_schema_self_describing,schema_layer,16,16,csv_json_md_required,audit_or_schema_surface_not_public_payload,pass,report surface contract is explicit enough for handoff audit
report_contract_0241,SCHEMA/Source-Promotion-Transaction-Audit-Fields-current.csv,schema,Source-Promotion-Transaction-Audit-Fields,SCHEMA/Source-Promotion-Transaction-Audit-Fields-current.csv,SCHEMA/Source-Promotion-Transaction-Audit-Fields-current.json,SCHEMA/Source-Promotion-Transaction-Audit-Fields-current.md,SCHEMA/Source-Promotion-Transaction-Audit-Fields-current.csv,field_schema_self_describing,schema_layer,14,14,csv_json_md_required,audit_or_schema_surface_not_public_payload,pass,report surface contract is explicit enough for handoff audit
report_contract_0242,SCHEMA/Source-Safety-Nearmiss-Audit-Fields-current.csv,schema,Source-Safety-Nearmiss-Audit-Fields,SCHEMA/Source-Safety-Nearmiss-Audit-Fields-current.csv,SCHEMA/Source-Safety-Nearmiss-Audit-Fields-current.json,SCHEMA/Source-Safety-Nearmiss-Audit-Fields-current.md,SCHEMA/Source-Safety-Nearmiss-Audit-Fields-current.csv,field_schema_self_describing,schema_layer,14,14,csv_json_md_required,audit_or_schema_surface_not_public_payload,pass,report surface contract is explicit enough for handoff audit
report_contract_0243,SCHEMA/Source-Type-Controlled-Vocabulary-Fields-current.csv,schema,Source-Type-Controlled-Vocabulary-Fields,SCHEMA/Source-Type-Controlled-Vocabulary-Fields-current.csv,SCHEMA/Source-Type-Controlled-Vocabulary-Fields-current.json,SCHEMA/Source-Type-Controlled-Vocabulary-Fields-current.md,SCHEMA/Source-Type-Controlled-Vocabulary-Fields-current.csv,field_schema_self_describing,schema_layer,13,13,csv_json_md_required,audit_or_schema_surface_not_public_payload,pass,report surface contract is explicit enough for handoff audit
report_contract_0244,SCHEMA/Source-Type-Controlled-Vocabulary-current.csv,schema,Source-Type-Controlled-Vocabulary,SCHEMA/Source-Type-Controlled-Vocabulary-current.csv,SCHEMA/Source-Type-Controlled-Vocabulary-current.json,SCHEMA/Source-Type-Controlled-Vocabulary-current.md,SCHEMA/Source-Type-Controlled-Vocabulary-Fields-current.csv,dedicated_field_schema,schema_layer,24,24,csv_json_md_required,audit_or_schema_surface_not_public_payload,pass,report surface contract is explicit enough for handoff audit
report_contract_0245,SCHEMA/Source-URL-Integrity-Audit-Fields-current.csv,schema,Source-URL-Integrity-Audit-Fields,SCHEMA/Source-URL-Integrity-Audit-Fields-current.csv,SCHEMA/Source-URL-Integrity-Audit-Fields-current.json,SCHEMA/Source-URL-Integrity-Audit-Fields-current.md,SCHEMA/Source-URL-Integrity-Audit-Fields-current.csv,field_schema_self_describing,schema_layer,9,9,csv_json_md_required,audit_or_schema_surface_not_public_payload,pass,report surface contract is explicit enough for handoff audit
report_contract_0246,SCHEMA/Suicide-Crisis-Operational-Boundary-Audit-Fields-current.csv,schema,Suicide-Crisis-Operational-Boundary-Audit-Fields,SCHEMA/Suicide-Crisis-Operational-Boundary-Audit-Fields-current.csv,SCHEMA/Suicide-Crisis-Operational-Boundary-Audit-Fields-current.json,SCHEMA/Suicide-Crisis-Operational-Boundary-Audit-Fields-current.md,SCHEMA/Suicide-Crisis-Operational-Boundary-Audit-Fields-current.csv,field_schema_self_describing,schema_layer,15,15,csv_json_md_required,audit_or_schema_surface_not_public_payload,pass,report surface contract is explicit enough for handoff audit
report_contract_0247,SCHEMA/Tool-Executability-Audit-Fields-current.csv,schema,Tool-Executability-Audit-Fields,SCHEMA/Tool-Executability-Audit-Fields-current.csv,SCHEMA/Tool-Executability-Audit-Fields-current.json,SCHEMA/Tool-Executability-Audit-Fields-current.md,SCHEMA/Tool-Executability-Audit-Fields-current.csv,field_schema_self_describing,schema_layer,10,10,csv_json_md_required,audit_or_schema_surface_not_public_payload,pass,report surface contract is explicit enough for handoff audit
report_contract_0248,SCHEMA/Tool-Run-Matrix-Fields-current.csv,schema,Tool-Run-Matrix-Fields,SCHEMA/Tool-Run-Matrix-Fields-current.csv,SCHEMA/Tool-Run-Matrix-Fields-current.json,SCHEMA/Tool-Run-Matrix-Fields-current.md,SCHEMA/Tool-Run-Matrix-Fields-current.csv,field_schema_self_describing,schema_layer,9,9,csv_json_md_required,audit_or_schema_surface_not_public_payload,pass,report surface contract is explicit enough for handoff audit
report_contract_0249,SCHEMA/Unicode-Path-Audit-Fields-current.csv,schema,Unicode-Path-Audit-Fields,SCHEMA/Unicode-Path-Audit-Fields-current.csv,SCHEMA/Unicode-Path-Audit-Fields-current.json,SCHEMA/Unicode-Path-Audit-Fields-current.md,SCHEMA/Unicode-Path-Audit-Fields-current.csv,field_schema_self_describing,schema_layer,7,7,csv_json_md_required,audit_or_schema_surface_not_public_payload,pass,report surface contract is explicit enough for handoff audit
report_contract_0250,SCHEMA/Version-Lineage-Audit-Fields-current.csv,schema,Version-Lineage-Audit-Fields,SCHEMA/Version-Lineage-Audit-Fields-current.csv,SCHEMA/Version-Lineage-Audit-Fields-current.json,SCHEMA/Version-Lineage-Audit-Fields-current.md,SCHEMA/Version-Lineage-Audit-Fields-current.csv,field_schema_self_describing,schema_layer,7,7,csv_json_md_required,audit_or_schema_surface_not_public_payload,pass,report surface contract is explicit enough for handoff audit
report_contract_0251,Source-Registry-current.csv,root,Source-Registry,Source-Registry-current.csv,Source-Registry-current.json,Source-Registry-current.md,SCHEMA/Ledger-Contract-current.json,ledger_contract,ledger_contract,393,393,csv_json_md_present_root_optional,internal_working_surface_not_public_payload,pass,report surface contract is explicit enough for handoff audit
