finding_id,source_id,domain,url,check_name,severity,status,recommended_action,note
suia_0001,src_abc_net_au_0e55f232,abc.net.au,https://www.abc.net.au/news/2025-11-24/png-national-crisis-of-domestic-violence-port-moresby/106017140,url_structural_integrity,info,pass,no action; URL is structurally parseable,scheme/netloc/whitespace/parenthesis/truncation checks passed
suia_0002,src_abuelas_org_ar_2543f5c7,abuelas.org.ar,https://www.abuelas.org.ar/prensa-y-difusion/noticias/2098,url_structural_integrity,info,pass,no action; URL is structurally parseable,scheme/netloc/whitespace/parenthesis/truncation checks passed
suia_0003,src_abuelas_org_ar_31c08cd1,abuelas.org.ar,https://www.abuelas.org.ar/nietas-y-nietos/buscador,url_structural_integrity,info,pass,no action; URL is structurally parseable,scheme/netloc/whitespace/parenthesis/truncation checks passed
suia_0004,src_abuelas_org_ar_525b65f9,abuelas.org.ar,https://www.abuelas.org.ar/las-abuelas/los-aportes-de-la-ciencia,url_structural_integrity,info,pass,no action; URL is structurally parseable,scheme/netloc/whitespace/parenthesis/truncation checks passed
suia_0005,src_abuelas_org_ar_70fd4749,abuelas.org.ar,https://www.abuelas.org.ar/,url_structural_integrity,info,pass,no action; URL is structurally parseable,scheme/netloc/whitespace/parenthesis/truncation checks passed
suia_0006,src_academic_oup_com_82f20685,academic.oup.com,https://academic.oup.com/schizophreniabulletin/article/40/Suppl_4/S285/1873862,url_structural_integrity,info,pass,no action; URL is structurally parseable,scheme/netloc/whitespace/parenthesis/truncation checks passed
suia_0007,src_acom_org_sb_08b47827,acom.org.sb,https://www.acom.org.sb/ccc/,url_structural_integrity,info,pass,no action; URL is structurally parseable,scheme/netloc/whitespace/parenthesis/truncation checks passed
suia_0008,src_adobomagazine_com_a04398ff,adobomagazine.com,https://www.adobomagazine.com/campaign-spotlight/fcb-shouts-chinese-new-year-film-for-rhb-bank-redefines-wealth/,url_structural_integrity,info,pass,no action; URL is structurally parseable,scheme/netloc/whitespace/parenthesis/truncation checks passed
suia_0009,src_afn_ca_0741c255,afn.ca,https://afn.ca/rights-justice/murdered-missing-indigenous-women-girls/,url_structural_integrity,info,pass,no action; URL is structurally parseable,scheme/netloc/whitespace/parenthesis/truncation checks passed
suia_0010,src_afn_ca_f8bc2116,afn.ca,https://afn.ca/all-news/press-releases/assembly-of-first-nations-afn-releases-2025-progress-report-on-missing-and-murdered-indigenous-women-and-girls-mmiwg-calls-for-justice-highlighting-human-trafficking-crisis/,url_structural_integrity,info,pass,no action; URL is structurally parseable,scheme/netloc/whitespace/parenthesis/truncation checks passed
suia_0011,src_africas_com_br_a7e4f577,africas.com.br,https://www.africas.com.br/noticia/maes-de-maio-20-anos-de-luta-por-justica-e-memoria-dos-crimes-de-maio,url_structural_integrity,info,pass,no action; URL is structurally parseable,scheme/netloc/whitespace/parenthesis/truncation checks passed
suia_0012,src_agenciabrasil_ebc_com_br_a53ee049,agenciabrasil.ebc.com.br,https://agenciabrasil.ebc.com.br/direitos-humanos/noticia/2026-05/nossos-filhos-pagaram-por-guerra-que-nao-era-deles-diz-mae-de-maio,url_structural_integrity,info,pass,no action; URL is structurally parseable,scheme/netloc/whitespace/parenthesis/truncation checks passed
suia_0013,src_agenciapresentes_org_11d35221,agenciapresentes.org,https://agenciapresentes.org/2021/12/03/el-primer-refugio-para-personas-trans-en-mexico-se-activo-en-la-pandemia/,url_structural_integrity,info,pass,no action; URL is structurally parseable,scheme/netloc/whitespace/parenthesis/truncation checks passed
suia_0014,src_alarmphone_org_501cbdd9,alarmphone.org,https://alarmphone.org/en/2015/10/12/anniversary-statement/,url_structural_integrity,info,pass,no action; URL is structurally parseable,scheme/netloc/whitespace/parenthesis/truncation checks passed
suia_0015,src_alistairreignblog_com_e225d676,alistairreignblog.com,https://alistairreignblog.com/2015/12/13/mona-relief-volunteers-targeted-delivering-humanitarian-aid/,url_structural_integrity,info,pass,no action; URL is structurally parseable,scheme/netloc/whitespace/parenthesis/truncation checks passed
suia_0016,src_aljazeera_com_e7707fdc,aljazeera.com,https://www.aljazeera.com/news/2023/6/16/timeline-how-the-refugee-boat-tragedy-unfolded-off-greece,url_structural_integrity,info,pass,no action; URL is structurally parseable,scheme/netloc/whitespace/parenthesis/truncation checks passed
suia_0017,src_alleganycouncil_wordpress_com_7023f40f,alleganycouncil.wordpress.com,https://alleganycouncil.wordpress.com/2021/08/30/international-overdose-awareness-day-2/,url_structural_integrity,info,pass,no action; URL is structurally parseable,scheme/netloc/whitespace/parenthesis/truncation checks passed
suia_0018,src_americamagazine_org_72ae6cc1,americamagazine.org,https://www.americamagazine.org/politics-society/2022/04/13/el-salvador-gang-violence-church-242814/,url_structural_integrity,info,pass,no action; URL is structurally parseable,scheme/netloc/whitespace/parenthesis/truncation checks passed
suia_0019,src_americamagazine_org_fecedb62,americamagazine.org,https://www.americamagazine.org/faith/2018/09/14/colombian-coroner-offers-free-burials-destitute-venezuelan-migrants/,url_structural_integrity,info,pass,no action; URL is structurally parseable,scheme/netloc/whitespace/parenthesis/truncation checks passed
suia_0020,src_amnesty_ca_58860a31,amnesty.ca,https://amnesty.ca/features/its-all-our-heart-conversation-bridget-tolley-families-sisters-spirit/,url_structural_integrity,info,pass,no action; URL is structurally parseable,scheme/netloc/whitespace/parenthesis/truncation checks passed
suia_0021,src_amnesty_org_aafa173a,amnesty.org,https://www.amnesty.org/en/latest/news/2022/08/eviscerating-human-rights-el-salvador-gang-problem/,url_structural_integrity,info,pass,no action; URL is structurally parseable,scheme/netloc/whitespace/parenthesis/truncation checks passed
suia_0022,src_amnesty_org_c3d47c42,amnesty.org,https://www.amnesty.org/en/latest/news/2025/07/mexico-la-busqueda-de-personas-desaparecidas-es-una-labor-de-alto-riesgo-para-las-colectivas-de-mujeres-buscadoras/,url_structural_integrity,info,pass,no action; URL is structurally parseable,scheme/netloc/whitespace/parenthesis/truncation checks passed
suia_0023,src_archives_nyc_cae7953e,archives.nyc,https://www.archives.nyc/blog/2023/6/2/the-city-cemetery-on-hart-island,url_structural_integrity,info,pass,no action; URL is structurally parseable,scheme/netloc/whitespace/parenthesis/truncation checks passed
suia_0024,src_argentina_gob_ar_966addf8,argentina.gob.ar,https://www.argentina.gob.ar/ciencia/bndg/historia,url_structural_integrity,info,pass,no action; URL is structurally parseable,scheme/netloc/whitespace/parenthesis/truncation checks passed
suia_0025,src_asiapacific_unwomen_org_4fc5fc2b,asiapacific.unwomen.org,https://asiapacific.unwomen.org/sites/default/files/2022-12/UN_WOMEN_NAURU.pdf,url_structural_integrity,info,pass,no action; URL is structurally parseable,scheme/netloc/whitespace/parenthesis/truncation checks passed
suia_0026,src_axios_com_540481fb,axios.com,https://www.axios.com/local/dallas/2023/07/10/mama-bears-lgbtq-pbs,url_structural_integrity,info,pass,no action; URL is structurally parseable,scheme/netloc/whitespace/parenthesis/truncation checks passed
suia_0027,src_bakerinstitute_org_d6c4f9b3,bakerinstitute.org,https://www.bakerinstitute.org/research/aid-amid-conflict-learning-sudans-mutual-aid-networks,url_structural_integrity,info,pass,no action; URL is structurally parseable,scheme/netloc/whitespace/parenthesis/truncation checks passed
suia_0028,src_bangkokpost_com_1565c1c3,bangkokpost.com,https://www.bangkokpost.com/life/social-and-lifestyle/1708751/ending-statelessness,url_structural_integrity,info,pass,no action; URL is structurally parseable,scheme/netloc/whitespace/parenthesis/truncation checks passed
suia_0029,src_bangkokpost_com_5422484c,bangkokpost.com,https://www.bangkokpost.com/thailand/general/3116869/govt-urged-to-grant-elderly-stateless-people-citizenship,url_structural_integrity,info,pass,no action; URL is structurally parseable,scheme/netloc/whitespace/parenthesis/truncation checks passed
suia_0030,src_batimes_com_ar_9b57d8d0,batimes.com.ar,https://www.batimes.com.ar/news/argentina/abuelas-de-plaza-de-mayo-identify-140th-grandchild-born-dictatorship-captivity.phtml,url_structural_integrity,info,pass,no action; URL is structurally parseable,scheme/netloc/whitespace/parenthesis/truncation checks passed
suia_0031,src_beijing_kids_com_3b58b53c,beijing-kids.com,https://www.beijing-kids.com/blog/2014/06/02/rain-or-shine-sun-village-opens-its-doors-to-children-of-incarcerated-parents/,url_structural_integrity,info,pass,no action; URL is structurally parseable,scheme/netloc/whitespace/parenthesis/truncation checks passed
suia_0032,src_blogs_lse_ac_uk_8ce8ece5,blogs.lse.ac.uk,https://blogs.lse.ac.uk/crp/2019/03/12/survival-change-and-engagement-in-the-yazidi-community/,url_structural_integrity,info,pass,no action; URL is structurally parseable,scheme/netloc/whitespace/parenthesis/truncation checks passed
suia_0033,src_bosniaherzegovina_un_org_0bc4afdb,bosniaherzegovina.un.org,https://bosniaherzegovina.un.org/en/306096-srebrenica-conference-brings-global-voices-justice-and-remembrance,url_structural_integrity,info,pass,no action; URL is structurally parseable,scheme/netloc/whitespace/parenthesis/truncation checks passed
suia_0034,src_brandinginasia_com_c973941c,brandinginasia.com,https://www.brandinginasia.com/rhb-banks-cny-film-by-fcb-shout-explores-the-measure-wealth-through-tan-swee-bans-story/,url_structural_integrity,info,pass,no action; URL is structurally parseable,scheme/netloc/whitespace/parenthesis/truncation checks passed
suia_0035,src_brasildefato_com_br_b727e80a,brasildefato.com.br,https://www.brasildefato.com.br/2026/05/13/a-gente-continua-vivendo-uma-politica-de-morte-diz-fundadora-das-maes-de-maio/,url_structural_integrity,info,pass,no action; URL is structurally parseable,scheme/netloc/whitespace/parenthesis/truncation checks passed
suia_0036,src_buenosairesherald_com_09275290,buenosairesherald.com,https://buenosairesherald.com/human-rights/grandmothers-of-plaza-de-mayo-receive-record-high-number-of-inquiries,url_structural_integrity,info,pass,no action; URL is structurally parseable,scheme/netloc/whitespace/parenthesis/truncation checks passed
suia_0037,src_c_r_org_6558084e,c-r.org,https://www.c-r.org/accord/legitimacy-and-peace-processes/transformation-coercive-actors/el-salvador-negotiating-gangs,url_structural_integrity,info,pass,no action; URL is structurally parseable,scheme/netloc/whitespace/parenthesis/truncation checks passed
suia_0038,src_calmatters_org_2424892a,calmatters.org,https://calmatters.org/housing/homelessness/2026/01/akido-street-medicine-ai/,url_structural_integrity,info,pass,no action; URL is structurally parseable,scheme/netloc/whitespace/parenthesis/truncation checks passed
suia_0039,src_caminandofronteras_org_2bff210c,caminandofronteras.org,https://caminandofronteras.org/en/right-to-life/,url_structural_integrity,info,pass,no action; URL is structurally parseable,scheme/netloc/whitespace/parenthesis/truncation checks passed
suia_0040,src_caminandofronteras_org_642712fa,caminandofronteras.org,https://caminandofronteras.org/en/monitoreo/monitoring-the-right-to-life-first-five-months-of-2025/,url_structural_integrity,info,pass,no action; URL is structurally parseable,scheme/netloc/whitespace/parenthesis/truncation checks passed
suia_0041,src_caminandofronteras_org_aded1537,caminandofronteras.org,https://caminandofronteras.org/en/monitoreo/monitoring-the-right-to-life-2025/,url_structural_integrity,info,pass,no action; URL is structurally parseable,scheme/netloc/whitespace/parenthesis/truncation checks passed
suia_0042,src_caminandofronteras_org_d3e5d75d,caminandofronteras.org,https://caminandofronteras.org/en/invisible-deaths-at-the-border-between-algeria-and-morocco/,url_structural_integrity,info,pass,no action; URL is structurally parseable,scheme/netloc/whitespace/parenthesis/truncation checks passed
suia_0043,src_caminandofronteras_org_efdba0c5,caminandofronteras.org,https://caminandofronteras.org/en/monitoreo/,url_structural_integrity,info,pass,no action; URL is structurally parseable,scheme/netloc/whitespace/parenthesis/truncation checks passed
suia_0044,src_canada_ca_9095f6f5,canada.ca,https://www.canada.ca/en/immigration-refugees-citizenship/services/refugees/sponsor-refugee/private-sponsorship-program/groups-five.html,url_structural_integrity,info,pass,no action; URL is structurally parseable,scheme/netloc/whitespace/parenthesis/truncation checks passed
suia_0045,src_care_org_60880b7a,care.org,https://www.care.org/news-and-stories/this-yemeni-woman-is-working-to-prevent-displaced-people-from-contracting-covid-19/,url_structural_integrity,info,pass,no action; URL is structurally parseable,scheme/netloc/whitespace/parenthesis/truncation checks passed
suia_0046,src_catalog_data_gov_7faaa634,catalog.data.gov,https://catalog.data.gov/dataset/doc-hart-island-burial-records,url_structural_integrity,info,pass,no action; URL is structurally parseable,scheme/netloc/whitespace/parenthesis/truncation checks passed
suia_0047,src_catholicworker_org_c3c2b69d,catholicworker.org,https://catholicworker.org/directory/int-philippines-nazareth-house-html/,url_structural_integrity,info,pass,no action; URL is structurally parseable,scheme/netloc/whitespace/parenthesis/truncation checks passed
suia_0048,src_catholicworker_org_f2cc681c,catholicworker.org,https://catholicworker.org/nazareth-house-welcomes-those-living-with-hiv-aids-in-the-philippines/,url_structural_integrity,info,pass,no action; URL is structurally parseable,scheme/netloc/whitespace/parenthesis/truncation checks passed
suia_0049,src_causeiq_com_3eeb58f3,causeiq.com,https://www.causeiq.com/organizations/living-in-freedom-together%2C813646918/,url_structural_integrity,info,pass,no action; URL is structurally parseable,scheme/netloc/whitespace/parenthesis/truncation checks passed
suia_0050,src_cbsnews_com_066ae688,cbsnews.com,https://www.cbsnews.com/pittsburgh/news/documentary-tells-story-of-operation-safety-net/,url_structural_integrity,info,pass,no action; URL is structurally parseable,scheme/netloc/whitespace/parenthesis/truncation checks passed
suia_0051,src_chathamhouse_org_524f89f0,chathamhouse.org,https://www.chathamhouse.org/publications/the-world-today/2024-12/local-aid-groups-are-keeping-sudan-alive,url_structural_integrity,info,pass,no action; URL is structurally parseable,scheme/netloc/whitespace/parenthesis/truncation checks passed
suia_0052,src_childfund_org_au_4965cce6,childfund.org.au,https://www.childfund.org.au/news-and-stories/1-tok-kaunselin-helpim-lain-launches-24-hour-service-and-new-facebook-page/,url_structural_integrity,info,pass,no action; URL is structurally parseable,scheme/netloc/whitespace/parenthesis/truncation checks passed
suia_0053,src_chinadaily_com_cn_2ebe3f96,chinadaily.com.cn,https://www.chinadaily.com.cn/a/201808/20/WS5b7a022da310add14f386928.html,url_structural_integrity,info,pass,no action; URL is structurally parseable,scheme/netloc/whitespace/parenthesis/truncation checks passed
suia_0054,src_chinadaily_com_cn_3346de22,chinadaily.com.cn,https://www.chinadaily.com.cn/cndy/2019-02/20/content_37438521.htm,url_structural_integrity,info,pass,no action; URL is structurally parseable,scheme/netloc/whitespace/parenthesis/truncation checks passed
suia_0055,src_cnn_com_d009192c,cnn.com,https://www.cnn.com/2024/10/24/asia/south-korea-loneliness-deaths-intl-hnk/index.html,url_structural_integrity,info,pass,no action; URL is structurally parseable,scheme/netloc/whitespace/parenthesis/truncation checks passed
suia_0056,src_cnn_com_fc6a5310,cnn.com,https://www.cnn.com/2022/12/18/asia/south-korea-godoksa-lonely-death-intl-hnk-dst/,url_structural_integrity,info,pass,no action; URL is structurally parseable,scheme/netloc/whitespace/parenthesis/truncation checks passed
suia_0057,src_coloradocoalition_org_db167abc,coloradocoalition.org,https://www.coloradocoalition.org/media-advisory-homeless-persons-memorial-vigil-2017,url_structural_integrity,info,pass,no action; URL is structurally parseable,scheme/netloc/whitespace/parenthesis/truncation checks passed
suia_0058,src_council_nyc_gov_4ac8bb71,council.nyc.gov,https://council.nyc.gov/data/hart-island/,url_structural_integrity,info,pass,no action; URL is structurally parseable,scheme/netloc/whitespace/parenthesis/truncation checks passed
suia_0059,src_cpr_org_272fb267,cpr.org,https://www.cpr.org/2018/07/02/for-some-gang-members-in-el-salvador-the-evangelical-church-offers-a-way-out/,url_structural_integrity,info,pass,no action; URL is structurally parseable,scheme/netloc/whitespace/parenthesis/truncation checks passed
suia_0060,src_crcc_usc_edu_e6af180a,crcc.usc.edu,https://crcc.usc.edu/tuenjai-deetes-eliminating-statelessness-in-thailand/,url_structural_integrity,info,pass,no action; URL is structurally parseable,scheme/netloc/whitespace/parenthesis/truncation checks passed
suia_0061,src_csmonitor_com_9f397ae4,csmonitor.com,https://www.csmonitor.com/World/Americas/2017/0911/God-vs.-gang-For-some-ex-gangsters-in-El-Salvador-rehab-happens-at-church,url_structural_integrity,info,pass,no action; URL is structurally parseable,scheme/netloc/whitespace/parenthesis/truncation checks passed
suia_0062,src_cupe_ca_e2ba4114,cupe.ca,https://cupe.ca/justice-long-overdue-missing-murdered-indigenous-women-girls-and-two-spirit-people,url_structural_integrity,info,pass,no action; URL is structurally parseable,scheme/netloc/whitespace/parenthesis/truncation checks passed
suia_0063,src_devpolicy_org_c268901f,devpolicy.org,https://devpolicy.org/ten-years-of-femili-png-20241211/,url_structural_integrity,info,pass,no action; URL is structurally parseable,scheme/netloc/whitespace/parenthesis/truncation checks passed
suia_0064,src_dfat_gov_au_8a71acdb,dfat.gov.au,https://www.dfat.gov.au/news/news/Pages/domestic-violence-and-family-protection-laws-to-protect-nauruan-women-and-children,url_structural_integrity,info,pass,no action; URL is structurally parseable,scheme/netloc/whitespace/parenthesis/truncation checks passed
suia_0065,src_docs_un_org_3a479271,docs.un.org,https://docs.un.org/en/CEDAW/C/TUV/5-6,url_structural_integrity,info,pass,no action; URL is structurally parseable,scheme/netloc/whitespace/parenthesis/truncation checks passed
suia_0066,src_doctorswithoutborders_org_a2f603ba,doctorswithoutborders.org,https://www.doctorswithoutborders.org/latest/lebanon-one-year-after-beirut-explosion-medical-and-mental-health-needs-remain-unmet,url_structural_integrity,info,pass,no action; URL is structurally parseable,scheme/netloc/whitespace/parenthesis/truncation checks passed
suia_0067,src_duihua_org_df8296a4,duihua.org,https://duihua.org/dialogue-issue-46-sino-us-comparison-children-of-incarcerated-mothers/,url_structural_integrity,info,pass,no action; URL is structurally parseable,scheme/netloc/whitespace/parenthesis/truncation checks passed
suia_0068,src_eaaf_org_3b4b4c3c,eaaf.org,https://eaaf.org/,url_structural_integrity,info,pass,no action; URL is structurally parseable,scheme/netloc/whitespace/parenthesis/truncation checks passed
suia_0069,src_ehospice_com_fd0c8d16,ehospice.com,https://ehospice.com/international_posts/new-government-action-plan-to-improve-palliative-care-in-russia/,url_structural_integrity,info,pass,no action; URL is structurally parseable,scheme/netloc/whitespace/parenthesis/truncation checks passed
suia_0070,src_eldiario_es_3a46630e,eldiario.es,https://www.eldiario.es/desalambre/casa-frida-refugio-lgtbi-volver-mundo-sufrir-violencia-mexico_1_8745680.html,url_structural_integrity,info,pass,no action; URL is structurally parseable,scheme/netloc/whitespace/parenthesis/truncation checks passed
suia_0071,src_elpais_com_25ccd42e,elpais.com,https://elpais.com/argentina/2026-05-08/identifican-en-argentina-nuevos-restos-de-desaparecidos-por-la-dictadura.html,url_structural_integrity,info,pass,no action; URL is structurally parseable,scheme/netloc/whitespace/parenthesis/truncation checks passed
suia_0072,src_elpais_com_385ceec1,elpais.com,https://elpais.com/internacional/2015/08/26/actualidad/1440600516_696261.html,url_structural_integrity,info,pass,no action; URL is structurally parseable,scheme/netloc/whitespace/parenthesis/truncation checks passed
suia_0073,src_elpais_com_89c9c27a,elpais.com,https://elpais.com/argentina/2026-05-12/familiares-de-victimas-de-la-dictadura-argentina-identificadas-los-quisieron-ocultar-pero-la-verdad-salio-a-la-luz.html,url_structural_integrity,info,pass,no action; URL is structurally parseable,scheme/netloc/whitespace/parenthesis/truncation checks passed
suia_0074,src_elpais_com_b1f7ec24,elpais.com,https://elpais.com/mexico/2025-04-19/el-adios-a-leonila-vazquez-fundadora-de-las-patronas-el-refugio-que-alimento-durante-30-anos-a-migrantes-en-veracruz.html,url_structural_integrity,info,pass,no action; URL is structurally parseable,scheme/netloc/whitespace/parenthesis/truncation checks passed
suia_0075,src_elpais_com_e1fbf5e9,elpais.com,https://elpais.com/argentina/2026-03-22/historias-de-nietos-y-nietas-apropiados-por-la-dictadura-que-restituyeron-su-identidad-sea-cual-sea-la-verdad-libera.html,url_structural_integrity,info,pass,no action; URL is structurally parseable,scheme/netloc/whitespace/parenthesis/truncation checks passed
suia_0076,src_embracelebanon_org_19e52581,embracelebanon.org,https://embracelebanon.org/about-us/meet-the-team/,url_structural_integrity,info,pass,no action; URL is structurally parseable,scheme/netloc/whitespace/parenthesis/truncation checks passed
suia_0077,src_en_wikipedia_org_28c85673,en.wikipedia.org,https://en.wikipedia.org/wiki/Missing_and_Murdered_Indigenous_Women,url_structural_integrity,info,pass,no action; URL is structurally parseable,scheme/netloc/whitespace/parenthesis/truncation checks passed
suia_0078,src_en_wikipedia_org_2f2c8928,en.wikipedia.org,https://en.wikipedia.org/wiki/Emergency_Response_Rooms,url_structural_integrity,info,pass,no action; URL is structurally parseable,scheme/netloc/whitespace/parenthesis/truncation checks passed
suia_0079,src_en_wikipedia_org_5e827adc,en.wikipedia.org,https://en.wikipedia.org/wiki/Madres_buscadoras,url_structural_integrity,info,pass,no action; URL is structurally parseable,scheme/netloc/whitespace/parenthesis/truncation checks passed
suia_0080,src_en_wikipedia_org_63e05ab7,en.wikipedia.org,https://en.wikipedia.org/wiki/Human_rights_in_Nauru,url_structural_integrity,info,pass,no action; URL is structurally parseable,scheme/netloc/whitespace/parenthesis/truncation checks passed
suia_0081,src_en_wikipedia_org_d8c8ae26,en.wikipedia.org,https://en.wikipedia.org/wiki/Anna_Federmesser,url_structural_integrity,info,pass,no action; URL is structurally parseable,scheme/netloc/whitespace/parenthesis/truncation checks passed
suia_0082,src_en_wikipedia_org_d9632dc3,en.wikipedia.org,https://en.wikipedia.org/wiki/Greg_Boyle,url_structural_integrity,info,pass,no action; URL is structurally parseable,scheme/netloc/whitespace/parenthesis/truncation checks passed
suia_0083,src_en_wikipedia_org_f51daac2,en.wikipedia.org,https://en.wikipedia.org/wiki/Hearing_Voices_Network,url_structural_integrity,info,pass,no action; URL is structurally parseable,scheme/netloc/whitespace/parenthesis/truncation checks passed
suia_0084,src_en_wikipedia_org_faf56040,en.wikipedia.org,https://en.wikipedia.org/wiki/Homeboy_Industries,url_structural_integrity,info,pass,no action; URL is structurally parseable,scheme/netloc/whitespace/parenthesis/truncation checks passed
suia_0085,src_endhomelessness_org_ea3bd781,endhomelessness.org,https://endhomelessness.org/webinars/housing-focused-street-outreach-the-role-of-law-enforcement-agencies/,url_structural_integrity,info,pass,no action; URL is structurally parseable,scheme/netloc/whitespace/parenthesis/truncation checks passed
suia_0086,src_endhomelessness_org_f50581e4,endhomelessness.org,https://endhomelessness.org/wp-content/uploads/2025/02/NAEH_Housing-Focused-Street-Outreach-Framework.pdf,url_structural_integrity,info,pass,no action; URL is structurally parseable,scheme/netloc/whitespace/parenthesis/truncation checks passed
suia_0087,src_enklave_srebrenica_zepa_org_6df8f0e6,enklave-srebrenica-zepa.org,https://www.enklave-srebrenica-zepa.org/english.onama.php,url_structural_integrity,info,pass,no action; URL is structurally parseable,scheme/netloc/whitespace/parenthesis/truncation checks passed
suia_0088,src_esango_un_org_42aab1bc,esango.un.org,https://esango.un.org/civilsociety/showProfileDetail.do?method=showProfileDetails&profileCode=689497&tab=3,url_structural_integrity,info,pass,no action; URL is structurally parseable,scheme/netloc/whitespace/parenthesis/truncation checks passed
suia_0089,src_facebook_com_8a49ab3a,facebook.com,https://www.facebook.com/Monareliefarabic/videos/nine-years-of-serving-humanity-in-yemen-by-mona-relief-our-humanitarian-work-var/1736763933496322/,url_structural_integrity,info,pass,no action; URL is structurally parseable,scheme/netloc/whitespace/parenthesis/truncation checks passed
suia_0090,src_facinghistory_org_ea5fb90d,facinghistory.org,https://www.facinghistory.org/resource-library/las-patronas-mexican-women-helping-migrants,url_structural_integrity,info,pass,no action; URL is structurally parseable,scheme/netloc/whitespace/parenthesis/truncation checks passed
suia_0091,src_fairplanet_org_fa21271f,fairplanet.org,https://www.fairplanet.org/story/fourteen-women-against-the-beast/,url_structural_integrity,info,pass,no action; URL is structurally parseable,scheme/netloc/whitespace/parenthesis/truncation checks passed
suia_0092,src_fbcnews_com_fj_adab8c69,fbcnews.com.fj,https://www.fbcnews.com.fj/news/new-framework-boosts-gender-violence-support-in-pacific/,url_structural_integrity,info,pass,no action; URL is structurally parseable,scheme/netloc/whitespace/parenthesis/truncation checks passed
suia_0093,src_femilipng_org_9056a4ee,femilipng.org,https://femilipng.org/,url_structural_integrity,info,pass,no action; URL is structurally parseable,scheme/netloc/whitespace/parenthesis/truncation checks passed
suia_0094,src_femilipngaus_org_d3ddb654,femilipngaus.org,https://femilipngaus.org/our-support-to-femili-png/,url_structural_integrity,info,pass,no action; URL is structurally parseable,scheme/netloc/whitespace/parenthesis/truncation checks passed
suia_0095,src_fflag_org_uk_004e8537,fflag.org.uk,https://fflag.org.uk/parent-groups/,url_structural_integrity,info,pass,no action; URL is structurally parseable,scheme/netloc/whitespace/parenthesis/truncation checks passed
suia_0096,src_fflag_org_uk_35e943d8,fflag.org.uk,https://fflag.org.uk/resources/,url_structural_integrity,info,pass,no action; URL is structurally parseable,scheme/netloc/whitespace/parenthesis/truncation checks passed
suia_0097,src_fflag_org_uk_402f82f3,fflag.org.uk,https://fflag.org.uk/,url_structural_integrity,info,pass,no action; URL is structurally parseable,scheme/netloc/whitespace/parenthesis/truncation checks passed
suia_0098,src_fhr_org_za_44a20109,fhr.org.za,https://fhr.org.za/programmes/unfinished-business-of-the-trc/,url_structural_integrity,info,pass,no action; URL is structurally parseable,scheme/netloc/whitespace/parenthesis/truncation checks passed
suia_0099,src_fiertemontreal_com_60581942,fiertemontreal.com,https://fiertemontreal.com/en/artists/jeunes-identites-creatives-2024,url_structural_integrity,info,pass,no action; URL is structurally parseable,scheme/netloc/whitespace/parenthesis/truncation checks passed
suia_0100,src_fijiwomen_com_2b876272,fijiwomen.com,https://www.fijiwomen.com/about/our-services/counselling-and-support/,url_structural_integrity,info,pass,no action; URL is structurally parseable,scheme/netloc/whitespace/parenthesis/truncation checks passed
suia_0101,src_fijiwomen_com_57718d07,fijiwomen.com,https://www.fijiwomen.com/news/media-release/gender-based-violence-counsellor-training-by-fwcc-starts-in-tuvalu/,url_structural_integrity,info,pass,no action; URL is structurally parseable,scheme/netloc/whitespace/parenthesis/truncation checks passed
suia_0102,src_fijiwomen_com_b642dedd,fijiwomen.com,https://www.fijiwomen.com/news/media-release/intensive-two-week-training-by-fwcc-on-gender-violence-against-women-and-girls-human-rights-and-counsellor-training-starts-in-cook-islands/,url_structural_integrity,info,pass,no action; URL is structurally parseable,scheme/netloc/whitespace/parenthesis/truncation checks passed
suia_0103,src_fijiwomen_com_cccf1022,fijiwomen.com,https://www.fijiwomen.com/training/regional-training-program/,url_structural_integrity,info,pass,no action; URL is structurally parseable,scheme/netloc/whitespace/parenthesis/truncation checks passed
suia_0104,src_fijiwomen_com_d94329cc,fijiwomen.com,https://www.fijiwomen.com/news/media-release/34-community-advocates-complete-gender-based-violence-counsellor-training-in-tuvalu/,url_structural_integrity,info,pass,no action; URL is structurally parseable,scheme/netloc/whitespace/parenthesis/truncation checks passed
suia_0105,src_findahelpline_com_ad966042,findahelpline.com,https://findahelpline.com/organizations/kiribati-women-and-children-support-centre-kwcsc-helpline,url_structural_integrity,info,pass,no action; URL is structurally parseable,scheme/netloc/whitespace/parenthesis/truncation checks passed
suia_0106,src_fondazionecarpinetum_org_166c31cf,fondazionecarpinetum.org,https://www.fondazionecarpinetum.org/alloggi/centro-6-7/,url_structural_integrity,info,pass,no action; URL is structurally parseable,scheme/netloc/whitespace/parenthesis/truncation checks passed
suia_0107,src_fondazionecarpinetum_org_9b5e0269,fondazionecarpinetum.org,https://www.fondazionecarpinetum.org/alloggi/centro-1-e-2/,url_structural_integrity,info,pass,no action; URL is structurally parseable,scheme/netloc/whitespace/parenthesis/truncation checks passed
suia_0108,src_fondazionecarpinetum_org_b3ab1d75,fondazionecarpinetum.org,https://www.fondazionecarpinetum.org/,url_structural_integrity,info,pass,no action; URL is structurally parseable,scheme/netloc/whitespace/parenthesis/truncation checks passed
suia_0109,src_fondazionecarpinetum_org_b54a601e,fondazionecarpinetum.org,https://www.fondazionecarpinetum.org/richiedi-un-alloggio/,url_structural_integrity,info,pass,no action; URL is structurally parseable,scheme/netloc/whitespace/parenthesis/truncation checks passed
suia_0110,src_foreignminister_gov_au_eb92da86,foreignminister.gov.au,https://www.foreignminister.gov.au/minister/penny-wong/media-release/australia-expands-support-pacific-gender-based-violence-response-services,url_structural_integrity,info,pass,no action; URL is structurally parseable,scheme/netloc/whitespace/parenthesis/truncation checks passed
suia_0111,src_foreignpolicy_com_9da2242d,foreignpolicy.com,https://foreignpolicy.com/2019/05/02/a-broken-homecoming-isis-rape-yazidi/,url_structural_integrity,info,pass,no action; URL is structurally parseable,scheme/netloc/whitespace/parenthesis/truncation checks passed
suia_0112,src_foundationforlebanon_org_452511ec,foundationforlebanon.org,https://foundationforlebanon.org/donate/embrace-lebanon/,url_structural_integrity,info,pass,no action; URL is structurally parseable,scheme/netloc/whitespace/parenthesis/truncation checks passed
suia_0113,src_freemalaysiatoday_com_1e938970,freemalaysiatoday.com,https://www.freemalaysiatoday.com/category/leisure/2025/03/10/devoting-his-life-to-caring-for-sick-and-neglected-elderly-folk,url_structural_integrity,info,pass,no action; URL is structurally parseable,scheme/netloc/whitespace/parenthesis/truncation checks passed
suia_0114,src_freemalaysiatoday_com_54e280c7,freemalaysiatoday.com,https://www.freemalaysiatoday.com/category/leisure/2025/03/10/devoting-his-life-to-caring-for-sick-and-neglected-elderly-folk/,url_structural_integrity,info,pass,no action; URL is structurally parseable,scheme/netloc/whitespace/parenthesis/truncation checks passed
suia_0115,src_frontiersin_org_0adf8f6e,frontiersin.org,https://www.frontiersin.org/journals/human-dynamics/articles/10.3389/fhumd.2021.625358/full,url_structural_integrity,info,pass,no action; URL is structurally parseable,scheme/netloc/whitespace/parenthesis/truncation checks passed
suia_0116,src_fscsi_org_sb_6c0b4c65,fscsi.org.sb,https://www.fscsi.org.sb/,url_structural_integrity,info,pass,no action; URL is structurally parseable,scheme/netloc/whitespace/parenthesis/truncation checks passed
suia_0117,src_fsmlaw_org_c997931a,fsmlaw.org,https://fsmlaw.org/kosrae/Law/pdf/10law/state%20law%20no.%2010-105.pdf,url_structural_integrity,info,pass,no action; URL is structurally parseable,scheme/netloc/whitespace/parenthesis/truncation checks passed
suia_0118,src_fsmlaw_org_e255111c,fsmlaw.org,https://www.fsmlaw.org/pohnpei/law/pdf/S.L%20No.%209L-56-17.pdf,url_structural_integrity,info,pass,no action; URL is structurally parseable,scheme/netloc/whitespace/parenthesis/truncation checks passed
suia_0119,src_fwbusiness_com_f9f62ac3,fwbusiness.com,https://www.fwbusiness.com/fwbusiness/article_a6f68aa4-3a90-5a96-89fc-a1be46d4e83d.html,url_structural_integrity,info,pass,no action; URL is structurally parseable,scheme/netloc/whitespace/parenthesis/truncation checks passed
suia_0120,src_gardenofinnocence_org_09316abc,gardenofinnocence.org,https://www.gardenofinnocence.org/,url_structural_integrity,info,pass,no action; URL is structurally parseable,scheme/netloc/whitespace/parenthesis/truncation checks passed
suia_0121,src_gardenofinnocence_org_2f3d4f22,gardenofinnocence.org,https://www.gardenofinnocence.org/our-gardens,url_structural_integrity,info,pass,no action; URL is structurally parseable,scheme/netloc/whitespace/parenthesis/truncation checks passed
suia_0122,src_gardenofinnocents_org_0b5fc46c,gardenofinnocents.org,https://www.gardenofinnocents.org/,url_structural_integrity,info,pass,no action; URL is structurally parseable,scheme/netloc/whitespace/parenthesis/truncation checks passed
suia_0123,src_gcsynod_org_b17ba88f,gcsynod.org,https://www.gcsynod.org/news/reformed-with-love-el-salvador-ministry-provides-hope-to-former-gang-members,url_structural_integrity,info,pass,no action; URL is structurally parseable,scheme/netloc/whitespace/parenthesis/truncation checks passed
suia_0124,src_gire_org_mx_cf381d69,gire.org.mx,https://gire.org.mx/limon/casa-frida/,url_structural_integrity,info,pass,no action; URL is structurally parseable,scheme/netloc/whitespace/parenthesis/truncation checks passed
suia_0125,src_gothamist_com_bd80299e,gothamist.com,https://gothamist.com/news/nyc-unveils-a-20-year-plan-to-make-hart-island-more-accessible-and-resilient,url_structural_integrity,info,pass,no action; URL is structurally parseable,scheme/netloc/whitespace/parenthesis/truncation checks passed
suia_0126,src_greaterfortwayneinc_com_85187939,greaterfortwayneinc.com,https://www.greaterfortwayneinc.com/news/project-me-set-to-launch-fort-waynes-first-recovery-drop-in-center/,url_structural_integrity,info,pass,no action; URL is structurally parseable,scheme/netloc/whitespace/parenthesis/truncation checks passed
suia_0127,src_hartisland_net_5d46d16c,hartisland.net,https://www.hartisland.net/mission,url_structural_integrity,info,pass,no action; URL is structurally parseable,scheme/netloc/whitespace/parenthesis/truncation checks passed
suia_0128,src_hartisland_net_94ac9345,hartisland.net,https://www.hartisland.net/about,url_structural_integrity,info,pass,no action; URL is structurally parseable,scheme/netloc/whitespace/parenthesis/truncation checks passed
suia_0129,src_hartisland_net_cee83a15,hartisland.net,https://www.hartisland.net/,url_structural_integrity,info,pass,no action; URL is structurally parseable,scheme/netloc/whitespace/parenthesis/truncation checks passed
suia_0130,src_hearing_voices_org_8dccf83c,hearing-voices.org,https://www.hearing-voices.org,url_structural_integrity,info,pass,no action; URL is structurally parseable,scheme/netloc/whitespace/parenthesis/truncation checks passed
suia_0131,src_hearingvoicesusa_org_f42484ca,hearingvoicesusa.org,https://www.hearingvoicesusa.org/about-us,url_structural_integrity,info,pass,no action; URL is structurally parseable,scheme/netloc/whitespace/parenthesis/truncation checks passed
suia_0132,src_hepvu_org_126a4b1f,hepvu.org,https://hepvu.org/events/international-overdose-awareness-day/,url_structural_integrity,info,pass,no action; URL is structurally parseable,scheme/netloc/whitespace/parenthesis/truncation checks passed
suia_0133,src_herwayhomeworcester_org_4d6a41c4,herwayhomeworcester.org,https://herwayhomeworcester.org/about-us-1,url_structural_integrity,info,pass,no action; URL is structurally parseable,scheme/netloc/whitespace/parenthesis/truncation checks passed
suia_0134,src_homelessdeathscount_org_60b79db6,homelessdeathscount.org,https://homelessdeathscount.org/help-us-count/,url_structural_integrity,info,pass,no action; URL is structurally parseable,scheme/netloc/whitespace/parenthesis/truncation checks passed
suia_0135,src_homelessdeathscount_org_d62ff6e0,homelessdeathscount.org,https://homelessdeathscount.org/,url_structural_integrity,info,pass,no action; URL is structurally parseable,scheme/netloc/whitespace/parenthesis/truncation checks passed
suia_0136,src_homeshare_org_7a795931,homeshare.org,https://homeshare.org/about-us/about-homesharing/,url_structural_integrity,info,pass,no action; URL is structurally parseable,scheme/netloc/whitespace/parenthesis/truncation checks passed
suia_0137,src_homeshareuk_org_45d7926c,homeshareuk.org,https://homeshareuk.org/,url_structural_integrity,info,pass,no action; URL is structurally parseable,scheme/netloc/whitespace/parenthesis/truncation checks passed
suia_0138,src_homosensual_com_b4f12db7,homosensual.com,https://www.homosensual.com/lgbt/activismo/directorio-de-refugios-lgbt-en-mexico-a-los-que-puedes-acercarte/,url_structural_integrity,info,pass,no action; URL is structurally parseable,scheme/netloc/whitespace/parenthesis/truncation checks passed
suia_0139,src_hqsc_govt_nz_b4de0756,hqsc.govt.nz,https://hqsc.govt.nz/news/suicide-post-vention-group-shows-benefit-of-community-critical-in-suicide-prevention,url_structural_integrity,info,pass,no action; URL is structurally parseable,scheme/netloc/whitespace/parenthesis/truncation checks passed
suia_0140,src_hrc_govt_nz_dc88173c,hrc.govt.nz,https://www.hrc.govt.nz/news-and-events/supporting-whanau-bereaved-suicide,url_structural_integrity,info,pass,no action; URL is structurally parseable,scheme/netloc/whitespace/parenthesis/truncation checks passed
suia_0141,src_hrw_org_ff6af737,hrw.org,https://www.hrw.org/news/2023/12/14/greece-6-months-no-justice-pylos-shipwreck,url_structural_integrity,info,pass,no action; URL is structurally parseable,scheme/netloc/whitespace/parenthesis/truncation checks passed
suia_0142,src_hudoc_echr_coe_int_2c941c2c,hudoc.echr.coe.int,https://hudoc.echr.coe.int/eng?i=002-7604,url_structural_integrity,info,pass,no action; URL is structurally parseable,scheme/netloc/whitespace/parenthesis/truncation checks passed
suia_0143,src_humanitariancorridor_org_87783b45,humanitariancorridor.org,https://www.humanitariancorridor.org/en/humanitarian-corridors/,url_structural_integrity,info,pass,no action; URL is structurally parseable,scheme/netloc/whitespace/parenthesis/truncation checks passed
suia_0144,src_humanium_org_57edc0f1,humanium.org,https://www.humanium.org/en/the-struggling-life-in-orphanages-for-children-of-convicted-parents-in-china/,url_structural_integrity,info,pass,no action; URL is structurally parseable,scheme/netloc/whitespace/parenthesis/truncation checks passed
suia_0145,src_humanrights_ca_39c3eea5,humanrights.ca,https://humanrights.ca/resource-guide/missing-and-murdered-indigenous-women-girls-and-2slgbtqi-people,url_structural_integrity,info,pass,no action; URL is structurally parseable,scheme/netloc/whitespace/parenthesis/truncation checks passed
suia_0146,src_humanrightsobservers_org_13a2f5c3,humanrightsobservers.org,https://humanrightsobservers.org/monthly-observations/,url_structural_integrity,info,pass,no action; URL is structurally parseable,scheme/netloc/whitespace/parenthesis/truncation checks passed
suia_0147,src_humanrightsobservers_org_9d32f01c,humanrightsobservers.org,https://humanrightsobservers.org/wp-content/uploads/2026/04/Note-mensuelle-Calaisis-Mars-2026-english-version.pdf,url_structural_integrity,info,pass,no action; URL is structurally parseable,scheme/netloc/whitespace/parenthesis/truncation checks passed
suia_0148,src_humanrightsobservers_org_d24bd142,humanrightsobservers.org,https://humanrightsobservers.org/,url_structural_integrity,info,pass,no action; URL is structurally parseable,scheme/netloc/whitespace/parenthesis/truncation checks passed
suia_0149,src_iasp_info_8ace6ee0,iasp.info,https://www.iasp.info/2025/12/06/new-guide-launched-for-starting-suicide-bereavement-support-groups/,url_structural_integrity,info,pass,no action; URL is structurally parseable,scheme/netloc/whitespace/parenthesis/truncation checks passed
suia_0150,src_inccip_org_b5729944,inccip.org,https://inccip.org/about-us/,url_structural_integrity,info,pass,no action; URL is structurally parseable,scheme/netloc/whitespace/parenthesis/truncation checks passed
suia_0151,src_information_auditor_ca_gov_83183292,information.auditor.ca.gov,https://information.auditor.ca.gov/reports/2023-110/index.html,url_structural_integrity,info,pass,no action; URL is structurally parseable,scheme/netloc/whitespace/parenthesis/truncation checks passed
suia_0152,src_innovation_go_kr_3adead05,innovation.go.kr,https://www.innovation.go.kr/en/bbs/govFirstBest/govFirstBestDetail.do?bbsId=B0000080&nttId=18402,url_structural_integrity,info,pass,no action; URL is structurally parseable,scheme/netloc/whitespace/parenthesis/truncation checks passed
suia_0153,src_inputfortwayne_com_5a1bbbff,inputfortwayne.com,https://inputfortwayne.com/projectme-the-regions-growing-hub-for-recovery-harm-reduction-and-community-outreach/,url_structural_integrity,info,pass,no action; URL is structurally parseable,scheme/netloc/whitespace/parenthesis/truncation checks passed
suia_0154,src_insightcrime_org_4ce4a84d,insightcrime.org,https://insightcrime.org/news/interview/death-dismissal-mexico-mothers-keep-searching/,url_structural_integrity,info,pass,no action; URL is structurally parseable,scheme/netloc/whitespace/parenthesis/truncation checks passed
suia_0155,src_intervoiceonline_org_85e7034d,intervoiceonline.org,https://www.intervoiceonline.org,url_structural_integrity,info,pass,no action; URL is structurally parseable,scheme/netloc/whitespace/parenthesis/truncation checks passed
suia_0156,src_iom_int_c6fc06e0,iom.int,https://www.iom.int/news/nearly-8000-migrant-deaths-recorded-2025-new-iom-data,url_structural_integrity,info,pass,no action; URL is structurally parseable,scheme/netloc/whitespace/parenthesis/truncation checks passed
suia_0157,src_ipsnews_net_43c5dc87,ipsnews.net,https://www.ipsnews.net/2021/02/grey-cloud-lebanon-mental-health-burdens/,url_structural_integrity,info,pass,no action; URL is structurally parseable,scheme/netloc/whitespace/parenthesis/truncation checks passed
suia_0158,src_islandtimes_org_a3a84c3a,islandtimes.org,https://islandtimes.org/palau-judiciary-responds-seriously-to-family-violence/,url_structural_integrity,info,pass,no action; URL is structurally parseable,scheme/netloc/whitespace/parenthesis/truncation checks passed
suia_0159,src_iwda_org_au_afb0bcde,iwda.org.au,https://iwda.org.au/family-support-centre/,url_structural_integrity,info,pass,no action; URL is structurally parseable,scheme/netloc/whitespace/parenthesis/truncation checks passed
suia_0160,src_jornaldebrasilia_com_br_c6491ea7,jornaldebrasilia.com.br,https://jornaldebrasilia.com.br/noticias/brasil/ato-das-maes-de-maio-lembra-nove-anos-dos-crimes-de-maio-em-sao-paulo/,url_structural_integrity,info,pass,no action; URL is structurally parseable,scheme/netloc/whitespace/parenthesis/truncation checks passed
suia_0161,src_journalgazette_net_5d1fc94e,journalgazette.net,https://www.journalgazette.net/opinion/editorials/five-questions-for-aisha-diss-founder-and-executive-director-project-me/article_06cd78e6-711a-11ef-9d27-4301f1cb0953.html,url_structural_integrity,info,pass,no action; URL is structurally parseable,scheme/netloc/whitespace/parenthesis/truncation checks passed
suia_0162,src_journalgazette_net_c2891b82,journalgazette.net,https://www.journalgazette.net/local/project-me-celebrates-opening-of-drop-in-recovery-center/article_60d1a904-9b9e-11ee-a652-f71bf1010245.html,url_structural_integrity,info,pass,no action; URL is structurally parseable,scheme/netloc/whitespace/parenthesis/truncation checks passed
suia_0163,src_journals_sagepub_com_246a4219,journals.sagepub.com,https://journals.sagepub.com/doi/10.1177/23315024241301355,url_structural_integrity,info,pass,no action; URL is structurally parseable,scheme/netloc/whitespace/parenthesis/truncation checks passed
suia_0164,src_journals_sagepub_com_7bce719c,journals.sagepub.com,https://journals.sagepub.com/doi/10.1177/23315024241301355,url_structural_integrity,info,pass,no action; URL is structurally parseable,scheme/netloc/whitespace/parenthesis/truncation checks passed
suia_0165,src_journals_sagepub_com_80918845,journals.sagepub.com,https://journals.sagepub.com/doi/10.1177/12063312211066546,url_structural_integrity,info,pass,no action; URL is structurally parseable,scheme/netloc/whitespace/parenthesis/truncation checks passed
suia_0166,src_justice_gov_za_456a06b5,justice.gov.za,https://www.justice.gov.za/m_speeches/2025/20250503-TRC-Reburial-Min.html,url_structural_integrity,info,pass,no action; URL is structurally parseable,scheme/netloc/whitespace/parenthesis/truncation checks passed
suia_0167,src_justice_gov_za_f622e04c,justice.gov.za,https://www.justice.gov.za/m_speeches/2025/20250531-TRC-Reburial-Mosala-DMin.html,url_structural_integrity,info,pass,no action; URL is structurally parseable,scheme/netloc/whitespace/parenthesis/truncation checks passed
suia_0168,src_khartoumerr_org_57060286,khartoumerr.org,https://khartoumerr.org/about-us/,url_structural_integrity,info,pass,no action; URL is structurally parseable,scheme/netloc/whitespace/parenthesis/truncation checks passed
suia_0169,src_khulumani_net_6c88b73d,khulumani.net,https://khulumani.net/objectives-activities/,url_structural_integrity,info,pass,no action; URL is structurally parseable,scheme/netloc/whitespace/parenthesis/truncation checks passed
suia_0170,src_khulumani_net_90f528fc,khulumani.net,https://khulumani.net/in-the-news/bodies-of-missing-apartheid-victims-found/2005/07/07/,url_structural_integrity,info,pass,no action; URL is structurally parseable,scheme/netloc/whitespace/parenthesis/truncation checks passed
suia_0171,src_kit_edu_ki_bd8021d9,kit.edu.ki,https://kit.edu.ki/news_stories/kit-staff-training-with-kwcsc-highlights-safety-and-support-in-responding-to-reports-of-sexual-and-gender-based-violence/,url_structural_integrity,info,pass,no action; URL is structurally parseable,scheme/netloc/whitespace/parenthesis/truncation checks passed
suia_0172,src_kwcsc_ki_58ad1de9,kwcsc.ki,https://www.kwcsc.ki/,url_structural_integrity,info,pass,no action; URL is structurally parseable,scheme/netloc/whitespace/parenthesis/truncation checks passed
suia_0173,src_lab_org_uk_05ff7504,lab.org.uk,https://lab.org.uk/mothers-search-for-disappeared-mexico/,url_structural_integrity,info,pass,no action; URL is structurally parseable,scheme/netloc/whitespace/parenthesis/truncation checks passed
suia_0174,src_lacounty_gov_92bc5752,lacounty.gov,https://lacounty.gov/2026/03/10/los-angeles-county-homeless-mortality-rate-decreases-for-the-first-time/,url_structural_integrity,info,pass,no action; URL is structurally parseable,scheme/netloc/whitespace/parenthesis/truncation checks passed
suia_0175,src_latina_com_0249a505,latina.com,https://latina.com/along-a-deadly-journey-these-mexican-women-give-hope-to-u-s-bound-migrants/,url_structural_integrity,info,pass,no action; URL is structurally parseable,scheme/netloc/whitespace/parenthesis/truncation checks passed
suia_0176,src_laubergedesmigrants_fr_23a60148,laubergedesmigrants.fr,https://laubergedesmigrants.fr/en/lauberge-des-migrants/our-partners/,url_structural_integrity,info,pass,no action; URL is structurally parseable,scheme/netloc/whitespace/parenthesis/truncation checks passed
suia_0177,src_laubergedesmigrants_fr_5544f413,laubergedesmigrants.fr,https://laubergedesmigrants.fr/en/,url_structural_integrity,info,pass,no action; URL is structurally parseable,scheme/netloc/whitespace/parenthesis/truncation checks passed
suia_0178,src_leginfo_legislature_ca_gov_80dc2002,leginfo.legislature.ca.gov,https://leginfo.legislature.ca.gov/faces/codes_displayText.xhtml?article=1.&chapter=7.&division=102.&lawCode=HSC&part=1.&title=,url_structural_integrity,info,pass,no action; URL is structurally parseable,scheme/netloc/whitespace/parenthesis/truncation checks passed
suia_0179,src_leginfo_legislature_ca_gov_e150740a,leginfo.legislature.ca.gov,https://leginfo.legislature.ca.gov/faces/codes_displaySection.xhtml?lawCode=HSC&sectionNum=7100.,url_structural_integrity,info,pass,no action; URL is structurally parseable,scheme/netloc/whitespace/parenthesis/truncation checks passed
suia_0180,src_legistar_council_nyc_gov_d3310fee,legistar.council.nyc.gov,https://legistar.council.nyc.gov/MeetingDetail.aspx?GUID=E230F72C-FA90-49EF-9D87-F524BB0DA546&ID=1338898&Options=info%7C&Search=,url_structural_integrity,info,pass,no action; URL is structurally parseable,scheme/netloc/whitespace/parenthesis/truncation checks passed
suia_0181,src_leva_co_nz_b91e16ef,leva.co.nz,https://www.leva.co.nz/wp-content/uploads/2025/04/Empowering-Pasifika-Communities-web.pdf,url_structural_integrity,info,pass,no action; URL is structurally parseable,scheme/netloc/whitespace/parenthesis/truncation checks passed
suia_0182,src_lifeline_international_com_cacae671,lifeline-international.com,https://lifeline-international.com/member/papua-new-guinea/,url_structural_integrity,info,pass,no action; URL is structurally parseable,scheme/netloc/whitespace/parenthesis/truncation checks passed
suia_0183,src_lifelinefiji_com_01f25fc5,lifelinefiji.com,https://lifelinefiji.com/contact-us/,url_structural_integrity,info,pass,no action; URL is structurally parseable,scheme/netloc/whitespace/parenthesis/truncation checks passed
suia_0184,src_lifelinefiji_com_4945cc73,lifelinefiji.com,https://lifelinefiji.com/about/,url_structural_integrity,info,pass,no action; URL is structurally parseable,scheme/netloc/whitespace/parenthesis/truncation checks passed
suia_0185,src_lifelinefiji_com_9e7fc891,lifelinefiji.com,https://lifelinefiji.com/,url_structural_integrity,info,pass,no action; URL is structurally parseable,scheme/netloc/whitespace/parenthesis/truncation checks passed
suia_0186,src_link_springer_com_7297e8ba,link.springer.com,https://link.springer.com/article/10.1007/s12134-023-01029-5,url_structural_integrity,info,pass,no action; URL is structurally parseable,scheme/netloc/whitespace/parenthesis/truncation checks passed
suia_0187,src_mamadragons_org_1e9c6b73,mamadragons.org,https://www.mamadragons.org/post/how-mama-dragons-was-created,url_structural_integrity,info,pass,no action; URL is structurally parseable,scheme/netloc/whitespace/parenthesis/truncation checks passed
suia_0188,src_mamadragons_org_60cc63be,mamadragons.org,https://www.mamadragons.org/,url_structural_integrity,info,pass,no action; URL is structurally parseable,scheme/netloc/whitespace/parenthesis/truncation checks passed
suia_0189,src_mamadragons_org_626c3ba6,mamadragons.org,https://www.mamadragons.org/programs,url_structural_integrity,info,pass,no action; URL is structurally parseable,scheme/netloc/whitespace/parenthesis/truncation checks passed
suia_0190,src_mamadragons_org_99684702,mamadragons.org,https://www.mamadragons.org/support-groups,url_structural_integrity,info,pass,no action; URL is structurally parseable,scheme/netloc/whitespace/parenthesis/truncation checks passed
suia_0191,src_manaramagazine_org_a22783e8,manaramagazine.org,https://manaramagazine.org/2022/03/challenges-iraqs-yazidi-in-2022/,url_structural_integrity,info,pass,no action; URL is structurally parseable,scheme/netloc/whitespace/parenthesis/truncation checks passed
suia_0192,src_medium_com_beaae411,medium.com,https://medium.com/fairbank-center/a-stay-at-beijing-sunvillage-reflections-on-my-fairbank-winternship-e5f4ba567e1f,url_structural_integrity,info,pass,no action; URL is structurally parseable,scheme/netloc/whitespace/parenthesis/truncation checks passed
suia_0193,src_mentalhealth_org_nz_097bc682,mentalhealth.org.nz,https://mentalhealth.org.nz/news/post/18-community-led-suicide-prevention-projects-funded-across-aotearoa,url_structural_integrity,info,pass,no action; URL is structurally parseable,scheme/netloc/whitespace/parenthesis/truncation checks passed
suia_0194,src_micronesia_un_org_5e7e058c,micronesia.un.org,https://micronesia.un.org/en/302090-silence-strength-how-safenet-empowers-women-and-restores-trust-kiribati,url_structural_integrity,info,pass,no action; URL is structurally parseable,scheme/netloc/whitespace/parenthesis/truncation checks passed
suia_0195,src_middleeastmonitor_com_e3a4f479,middleeastmonitor.com,https://www.middleeastmonitor.com/20200829-mona-relief-yemen-ceo-when-the-war-ends-yemenis-will-rebuild-their-country-with-their-own-hands/,url_structural_integrity,info,pass,no action; URL is structurally parseable,scheme/netloc/whitespace/parenthesis/truncation checks passed
suia_0196,src_missingmigrants_iom_int_5a231c6f,missingmigrants.iom.int,https://missingmigrants.iom.int/methodology,url_structural_integrity,info,pass,no action; URL is structurally parseable,scheme/netloc/whitespace/parenthesis/truncation checks passed
suia_0197,src_missingpersons_icrc_org_24ae247f,missingpersons.icrc.org,https://missingpersons.icrc.org/directory/movement-mothers-srebrenica-and-zepa-enclaves,url_structural_integrity,info,pass,no action; URL is structurally parseable,scheme/netloc/whitespace/parenthesis/truncation checks passed
suia_0198,src_missingpersons_icrc_org_5bea203b,missingpersons.icrc.org,https://missingpersons.icrc.org/directory/argentine-forensic-anthropology-team-eaaf,url_structural_integrity,info,pass,no action; URL is structurally parseable,scheme/netloc/whitespace/parenthesis/truncation checks passed
suia_0199,src_mmiwg_ffada_ca_3fd59200,mmiwg-ffada.ca,https://www.mmiwg-ffada.ca/final-report/,url_structural_integrity,info,pass,no action; URL is structurally parseable,scheme/netloc/whitespace/parenthesis/truncation checks passed
suia_0200,src_mmiwg_ffada_ca_52aa4644,mmiwg-ffada.ca,https://www.mmiwg-ffada.ca/,url_structural_integrity,info,pass,no action; URL is structurally parseable,scheme/netloc/whitespace/parenthesis/truncation checks passed
suia_0201,src_moh_gov_vu_c60cb0ea,moh.gov.vu,https://moh.gov.vu/index.php/updates/press-releases/137-creating-hope-through-action?utm_=,url_structural_integrity,info,pass,no action; URL is structurally parseable,scheme/netloc/whitespace/parenthesis/truncation checks passed
suia_0202,src_monarelief_ngo_5ad67832,monarelief.ngo,https://monarelief.ngo/media/,url_structural_integrity,info,pass,no action; URL is structurally parseable,scheme/netloc/whitespace/parenthesis/truncation checks passed
suia_0203,src_monarelief_ngo_b5511624,monarelief.ngo,https://monarelief.ngo/about-us/,url_structural_integrity,info,pass,no action; URL is structurally parseable,scheme/netloc/whitespace/parenthesis/truncation checks passed
suia_0204,src_monareliefye_org_ac108c94,monareliefye.org,https://www.monareliefye.org/en-about,url_structural_integrity,info,pass,no action; URL is structurally parseable,scheme/netloc/whitespace/parenthesis/truncation checks passed
suia_0205,src_multco_us_8ee528cf,multco.us,https://multco.us/news/multnomah-county-releases-domicile-unknown-report-homeless-deaths-occurring-2024,url_structural_integrity,info,pass,no action; URL is structurally parseable,scheme/netloc/whitespace/parenthesis/truncation checks passed
suia_0206,src_muse_jhu_edu_66553766,muse.jhu.edu,https://muse.jhu.edu/pub/5/article/507920,url_structural_integrity,info,pass,no action; URL is structurally parseable,scheme/netloc/whitespace/parenthesis/truncation checks passed
suia_0207,src_museumofhomelessness_org_49005fec,museumofhomelessness.org,https://museumofhomelessness.org/news/new-research-shows-1611-homeless-people-died-in-2024-a-9-increase-on-the-previous-year,url_structural_integrity,info,pass,no action; URL is structurally parseable,scheme/netloc/whitespace/parenthesis/truncation checks passed
suia_0208,src_museumofhomelessness_org_6edac4c7,museumofhomelessness.org,https://museumofhomelessness.org/news/2021/02/22/homeless-deaths-spiked-by-a-more-than-a-third-in-2020,url_structural_integrity,info,pass,no action; URL is structurally parseable,scheme/netloc/whitespace/parenthesis/truncation checks passed
suia_0209,src_museumofhomelessness_org_ec0747bd,museumofhomelessness.org,https://museumofhomelessness.org/dhp,url_structural_integrity,info,pass,no action; URL is structurally parseable,scheme/netloc/whitespace/parenthesis/truncation checks passed
suia_0210,src_mutualaidsudan_org_2e48a97f,mutualaidsudan.org,https://www.mutualaidsudan.org/,url_structural_integrity,info,pass,no action; URL is structurally parseable,scheme/netloc/whitespace/parenthesis/truncation checks passed
suia_0211,src_nationalhomeless_org_26783ea2,nationalhomeless.org,https://nationalhomeless.org/homeless-persons-memorial-day/,url_structural_integrity,info,pass,no action; URL is structurally parseable,scheme/netloc/whitespace/parenthesis/truncation checks passed
suia_0212,src_naurujudiciary_gov_nr_09f265eb,naurujudiciary.gov.nr,https://naurujudiciary.gov.nr/going-to-court/domestic-and-family-violence/,url_structural_integrity,info,pass,no action; URL is structurally parseable,scheme/netloc/whitespace/parenthesis/truncation checks passed
suia_0213,src_newsreview_com_b03945c0,newsreview.com,https://www.newsreview.com/sacramento/content/does-nonprofit-garden-of-innocence-honor-abandoned-childrenor-secretly-conduct-extravagant-burials-for-stillborn-fetuses-in-sacramento/11693756/,url_structural_integrity,info,pass,no action; URL is structurally parseable,scheme/netloc/whitespace/parenthesis/truncation checks passed
suia_0214,src_newsweek_com_19713173,newsweek.com,https://www.newsweek.com/ms-13-gang-members-honduras-turning-churches-1458093,url_structural_integrity,info,pass,no action; URL is structurally parseable,scheme/netloc/whitespace/parenthesis/truncation checks passed
suia_0215,src_newyorker_com_74fef11c,newyorker.com,https://www.newyorker.com/culture/the-new-yorker-documentary/offering-dignity-for-those-who-die-alone-in-people-like-us,url_structural_integrity,info,pass,no action; URL is structurally parseable,scheme/netloc/whitespace/parenthesis/truncation checks passed
suia_0216,src_nhchc_org_1adcdc50,nhchc.org,https://nhchc.org/clinical-practice/homeless-services/outreach/,url_structural_integrity,info,pass,no action; URL is structurally parseable,scheme/netloc/whitespace/parenthesis/truncation checks passed
suia_0217,src_nida_nih_gov_fdbcc7a5,nida.nih.gov,https://nida.nih.gov/research-topics/addiction-science/words-matter-preferred-language-talking-about-addiction,url_structural_integrity,info,pass,no action; URL is structurally parseable,scheme/netloc/whitespace/parenthesis/truncation checks passed
suia_0218,src_nippon_com_01107706,nippon.com,https://www.nippon.com/en/in-depth/d00736/,url_structural_integrity,info,pass,no action; URL is structurally parseable,scheme/netloc/whitespace/parenthesis/truncation checks passed
suia_0219,src_npa_gov_za_4340f7aa,npa.gov.za,https://www.npa.gov.za/media/npas-missing-persons-task-team-plays-crucial-role-tracing-and-recovering-remains-anti,url_structural_integrity,info,pass,no action; URL is structurally parseable,scheme/netloc/whitespace/parenthesis/truncation checks passed
suia_0220,src_nyc_gov_536afbc8,nyc.gov,https://www.nyc.gov/site/hartisland/index.page,url_structural_integrity,info,pass,no action; URL is structurally parseable,scheme/netloc/whitespace/parenthesis/truncation checks passed
suia_0221,src_nyc_gov_70bee52c,nyc.gov,https://www.nyc.gov/site/hartisland/hart-island/frequently-asked-questions.page,url_structural_integrity,info,pass,no action; URL is structurally parseable,scheme/netloc/whitespace/parenthesis/truncation checks passed
suia_0222,src_nyc_gov_dfd338af,nyc.gov,https://www.nyc.gov/site/hartisland/hart-island/finding-loved-ones.page,url_structural_integrity,info,pass,no action; URL is structurally parseable,scheme/netloc/whitespace/parenthesis/truncation checks passed
suia_0223,src_nyc_gov_e1b0ecf7,nyc.gov,https://www.nyc.gov/site/hartisland/hart-island/visitation.page,url_structural_integrity,info,pass,no action; URL is structurally parseable,scheme/netloc/whitespace/parenthesis/truncation checks passed
suia_0224,src_nycgovparks_org_37df22d7,nycgovparks.org,https://www.nycgovparks.org/sub_newsroom/press_releases/press_releases.php?id=22246,url_structural_integrity,info,pass,no action; URL is structurally parseable,scheme/netloc/whitespace/parenthesis/truncation checks passed
suia_0225,src_nzherald_co_nz_973ee422,nzherald.co.nz,https://www.nzherald.co.nz/northern-advocate/news/youth-suicide-inquest-kaupapa-maori-response-filling-gap-in-northland-suicide-intervention/H2X3FURLE5FCDOLE2REOYXW23U/,url_structural_integrity,info,pass,no action; URL is structurally parseable,scheme/netloc/whitespace/parenthesis/truncation checks passed
suia_0226,src_oas_org_d12a4efb,oas.org,https://www.oas.org/es/cidh/informes/pdfs/2026/informe_desapariciones_mx_spa.pdf,url_structural_integrity,info,pass,no action; URL is structurally parseable,scheme/netloc/whitespace/parenthesis/truncation checks passed
suia_0227,src_occemeterydistrict_com_ba5d890a,occemeterydistrict.com,https://www.occemeterydistrict.com/garden-of-innocence-services,url_structural_integrity,info,pass,no action; URL is structurally parseable,scheme/netloc/whitespace/parenthesis/truncation checks passed
suia_0228,src_ohchr_org_dd8b579e,ohchr.org,https://www.ohchr.org/sites/default/files/2023-08/domestic-violence-as-gender-based-violence-under-cedaw.doc,url_structural_integrity,info,pass,no action; URL is structurally parseable,scheme/netloc/whitespace/parenthesis/truncation checks passed
suia_0229,src_ombudsman_gov_ws_50f37d16,ombudsman.gov.ws,https://www.ombudsman.gov.ws/wp-content/uploads/2022/10/FINAL-A5-VBA-Toolkit-ENGLISH-condensed-version-print-WEB.pdf,url_structural_integrity,info,pass,no action; URL is structurally parseable,scheme/netloc/whitespace/parenthesis/truncation checks passed
suia_0230,src_omct_org_57fea8b0,omct.org,https://www.omct.org/en/network-members/equipo-argentino-de-antropologia-forense-eaaf,url_structural_integrity,info,pass,no action; URL is structurally parseable,scheme/netloc/whitespace/parenthesis/truncation checks passed
suia_0231,src_openresearch_repository_anu_edu_au_5e0fbcc6,openresearch-repository.anu.edu.au,https://openresearch-repository.anu.edu.au/items/bea5a4ea-6df6-458d-827c-e07e263262ad,url_structural_integrity,info,pass,no action; URL is structurally parseable,scheme/netloc/whitespace/parenthesis/truncation checks passed
suia_0232,src_osvnews_com_692524b9,osvnews.com,https://www.osvnews.com/memorial-services-around-country-honor-fallen-homeless/,url_structural_integrity,info,pass,no action; URL is structurally parseable,scheme/netloc/whitespace/parenthesis/truncation checks passed
suia_0233,src_overdoseday_com_f8344cf8,overdoseday.com,https://www.overdoseday.com/about-the-campaign/,url_structural_integrity,info,pass,no action; URL is structurally parseable,scheme/netloc/whitespace/parenthesis/truncation checks passed
suia_0234,src_pacific_unfpa_org_4cd6d3e0,pacific.unfpa.org,https://pacific.unfpa.org/en/news/unfpa-supporting-palau-break-silence-and-end-gender-based-violence,url_structural_integrity,info,pass,no action; URL is structurally parseable,scheme/netloc/whitespace/parenthesis/truncation checks passed
suia_0235,src_pacificdata_org_04a16ba6,pacificdata.org,https://pacificdata.org/data/fr/dataset/pwl-the-role-of-a-family-protection-adviser,url_structural_integrity,info,pass,no action; URL is structurally parseable,scheme/netloc/whitespace/parenthesis/truncation checks passed
suia_0236,src_pacificdata_org_09ad25d9,pacificdata.org,https://pacificdata.org/data/dataset/pwl-women-united-together-marshall-islands-ending-violence-awareness-for-young-people,url_structural_integrity,info,pass,no action; URL is structurally parseable,scheme/netloc/whitespace/parenthesis/truncation checks passed
suia_0237,src_pacificdata_org_19bc3167,pacificdata.org,https://pacificdata.org/data/dataset/ddf7448e-2d7c-4d0a-9d56-f69fd3ecba0e/resource/b257687e-ef8a-448a-8353-215ad0e75562/download/RMI_media2021_WUTMI%20Ebeye%20launch_Feb2021,url_structural_integrity,info,pass,no action; URL is structurally parseable,scheme/netloc/whitespace/parenthesis/truncation checks passed
suia_0238,src_pacificdata_org_489e7207,pacificdata.org,https://pacificdata.org/data/dataset/pwl-eliminating-violence-against-women-evaw-in-pohnpei-and-chuuk-federated-states-of-micronesia,url_structural_integrity,info,pass,no action; URL is structurally parseable,scheme/netloc/whitespace/parenthesis/truncation checks passed
suia_0239,src_pacificdata_org_57924b72,pacificdata.org,https://pacificdata.org/data/dataset/pwl-review-of-counselling-services-in-the-pacific,url_structural_integrity,info,pass,no action; URL is structurally parseable,scheme/netloc/whitespace/parenthesis/truncation checks passed
suia_0240,src_pacificdata_org_61658d14,pacificdata.org,https://pacificdata.org/data/dataset/pwl-first-gender-equality-and-gender-based-violence-gbv-staff-workshop-pohnpei-division-of-the-fsm-d,url_structural_integrity,info,pass,no action; URL is structurally parseable,scheme/netloc/whitespace/parenthesis/truncation checks passed
suia_0241,src_pacificdata_org_671b1237,pacificdata.org,https://pacificdata.org/data/dataset/pwl-palau-s-family-protection-act-five-years-on,url_structural_integrity,info,pass,no action; URL is structurally parseable,scheme/netloc/whitespace/parenthesis/truncation checks passed
suia_0242,src_pacificdata_org_98d28246,pacificdata.org,https://pacificdata.org/data/dataset/pwl-legal-aid-for-survivors-of-domestic-violence-in-the-cook-islands,url_structural_integrity,info,pass,no action; URL is structurally parseable,scheme/netloc/whitespace/parenthesis/truncation checks passed
suia_0243,src_pacificdata_org_b0a0e5ad,pacificdata.org,https://pacificdata.org/data/dataset/b2f88efa-db53-4ea7-ab61-bf512cfa65ba/resource/129e6470-cd94-4a60-beae-9b35b87a9d1b/download/section-2-fsm-evaw-final-report-july2018.pdf,url_structural_integrity,info,pass,no action; URL is structurally parseable,scheme/netloc/whitespace/parenthesis/truncation checks passed
suia_0244,src_pacificdata_org_c4845950,pacificdata.org,https://pacificdata.org/data/dataset/pwl-chuuk-women-s-council-officially-launches-fsm-s-first-violence-against-women-counselling-centre-,url_structural_integrity,info,pass,no action; URL is structurally parseable,scheme/netloc/whitespace/parenthesis/truncation checks passed
suia_0245,src_pacificdata_org_c6f8acbc,pacificdata.org,https://pacificdata.org/data/dataset/pwl-enhancing-social-work-and-counselling-qualifications-of-nauruans,url_structural_integrity,info,pass,no action; URL is structurally parseable,scheme/netloc/whitespace/parenthesis/truncation checks passed
suia_0246,src_pacificdata_org_f19685fd,pacificdata.org,https://pacificdata.org/data/dataset/?groups=pacific-women&member_countries=nr&tags=ending-violence-against-women&topic=Population,url_structural_integrity,info,pass,no action; URL is structurally parseable,scheme/netloc/whitespace/parenthesis/truncation checks passed
suia_0247,src_pacificdata_org_f47dbf11,pacificdata.org,https://pacificdata.org/data/dataset/pwl-the-role-of-a-family-protection-adviser,url_structural_integrity,info,pass,no action; URL is structurally parseable,scheme/netloc/whitespace/parenthesis/truncation checks passed
suia_0248,src_pacifichealthdialog_nz_24dc1084,pacifichealthdialog.nz,https://pacifichealthdialog.nz/index.php/phd/article/view/99,url_structural_integrity,info,pass,no action; URL is structurally parseable,scheme/netloc/whitespace/parenthesis/truncation checks passed
suia_0249,src_pacificwomen_org_2c76d28d,pacificwomen.org,https://pacificwomen.org/counselling-an-essential-service-for-women-and-girls-in-the-north-pacific/,url_structural_integrity,info,pass,no action; URL is structurally parseable,scheme/netloc/whitespace/parenthesis/truncation checks passed
suia_0250,src_pacificwomen_org_435ae489,pacificwomen.org,https://pacificwomen.org/gender-equality-and-womens-empowerment-a-shared-challenge/,url_structural_integrity,info,pass,no action; URL is structurally parseable,scheme/netloc/whitespace/parenthesis/truncation checks passed
suia_0251,src_pacificwomen_org_7bb97d9b,pacificwomen.org,https://pacificwomen.org/pacific-women-lead-annual-progress-report-july-2024-to-june-2025/,url_structural_integrity,info,pass,no action; URL is structurally parseable,scheme/netloc/whitespace/parenthesis/truncation checks passed
suia_0252,src_pacificwomen_org_cc86299f,pacificwomen.org,https://pacificwomen.org/iwd2022-creating-safe-space-for-women-in-chuuk-is-critical-says-eleanor/,url_structural_integrity,info,pass,no action; URL is structurally parseable,scheme/netloc/whitespace/parenthesis/truncation checks passed
suia_0253,src_participedia_net_432d442d,participedia.net,https://participedia.net/organization/khulumani-support-group,url_structural_integrity,info,pass,no action; URL is structurally parseable,scheme/netloc/whitespace/parenthesis/truncation checks passed
suia_0254,src_penington_org_au_6f0a781e,penington.org.au,https://www.penington.org.au/australias-annual-overdose-report-2025/,url_structural_integrity,info,pass,no action; URL is structurally parseable,scheme/netloc/whitespace/parenthesis/truncation checks passed
suia_0255,src_pflagcanada_ca_1680e546,pflagcanada.ca,https://pflagcanada.ca/,url_structural_integrity,info,pass,no action; URL is structurally parseable,scheme/netloc/whitespace/parenthesis/truncation checks passed
suia_0256,src_pflagcanada_ca_44e27c6e,pflagcanada.ca,https://pflagcanada.ca/parents-support-circle/,url_structural_integrity,info,pass,no action; URL is structurally parseable,scheme/netloc/whitespace/parenthesis/truncation checks passed
suia_0257,src_piauihoje_com_e5228d9a,piauihoje.com,https://piauihoje.com/noticias/politica/maes-de-maio-lutam-por-justica-20-anos-apos-massacre-450720.html,url_structural_integrity,info,pass,no action; URL is structurally parseable,scheme/netloc/whitespace/parenthesis/truncation checks passed
suia_0258,src_pina_com_fj_c1eba419,pina.com.fj,https://pina.com.fj/2026/02/13/pacific-regional-gbv-counselling-framework-launched-to-strengthen-survivor-support-across-the-region/,url_structural_integrity,info,pass,no action; URL is structurally parseable,scheme/netloc/whitespace/parenthesis/truncation checks passed
suia_0259,src_pittsburghmercy_org_30734742,pittsburghmercy.org,https://www.pittsburghmercy.org/homeless-services/pittsburgh-mercys-operation-safety-net/,url_structural_integrity,info,pass,no action; URL is structurally parseable,scheme/netloc/whitespace/parenthesis/truncation checks passed
suia_0260,src_pittsburghmercy_org_c4d7b73c,pittsburghmercy.org,https://www.pittsburghmercy.org/homeless-services/pittsburgh-mercys-operation-safety-net/street-medicine-and-outreach/,url_structural_integrity,info,pass,no action; URL is structurally parseable,scheme/netloc/whitespace/parenthesis/truncation checks passed
suia_0261,src_pjsp_govt_nz_63a82b31,pjsp.govt.nz,https://pjsp.govt.nz/assets/Bench-Books/Nauru-Bench-Book/Chapters/Chapter-17-Domestic-Violence-and-Family-Protection-Act.pdf,url_structural_integrity,info,pass,no action; URL is structurally parseable,scheme/netloc/whitespace/parenthesis/truncation checks passed
suia_0262,src_platform_who_int_61dd0742,platform.who.int,https://platform.who.int/docs/default-source/mca-documents/policy-documents/law/PLW-GBV-19-LAW-2012-Family-Protection-Act.pdf,url_structural_integrity,info,pass,no action; URL is structurally parseable,scheme/netloc/whitespace/parenthesis/truncation checks passed
suia_0263,src_pmc_ncbi_nlm_nih_gov_ae40a4dd,pmc.ncbi.nlm.nih.gov,https://pmc.ncbi.nlm.nih.gov/articles/PMC10250111/,url_structural_integrity,info,pass,no action; URL is structurally parseable,scheme/netloc/whitespace/parenthesis/truncation checks passed
suia_0264,src_png_embassy_gov_au_f23cb6b3,png.embassy.gov.au,https://png.embassy.gov.au/pmsb/729.html,url_structural_integrity,info,pass,no action; URL is structurally parseable,scheme/netloc/whitespace/parenthesis/truncation checks passed
suia_0265,src_png_highcommission_gov_au_b73a1da2,png.highcommission.gov.au,https://png.highcommission.gov.au/pmsb/925.html,url_structural_integrity,info,pass,no action; URL is structurally parseable,scheme/netloc/whitespace/parenthesis/truncation checks passed
suia_0266,src_pointsoflight_org_b78d9f08,pointsoflight.org,https://www.pointsoflight.org/awards/elissa-davey/,url_structural_integrity,info,pass,no action; URL is structurally parseable,scheme/netloc/whitespace/parenthesis/truncation checks passed
suia_0267,src_pomeps_org_59ccfc2f,pomeps.org,https://pomeps.org/genocidal-rape-and-community-cohesion-the-case-of-yezidis,url_structural_integrity,info,pass,no action; URL is structurally parseable,scheme/netloc/whitespace/parenthesis/truncation checks passed
suia_0268,src_pri_org_a90cb5c0,pri.org,https://www.pri.org/stories/2015-05-18/yazidi-society-changes-try-and-rescue-generation-traumatized-women,url_structural_integrity,info,pass,no action; URL is structurally parseable,scheme/netloc/whitespace/parenthesis/truncation checks passed
suia_0269,src_projectme_fw_org_18cb8156,projectme-fw.org,https://www.projectme-fw.org,url_structural_integrity,info,pass,no action; URL is structurally parseable,scheme/netloc/whitespace/parenthesis/truncation checks passed
suia_0270,src_quno_org_070c6f64,quno.org,https://quno.org/areas-of-work/children-prisoners/,url_structural_integrity,info,pass,no action; URL is structurally parseable,scheme/netloc/whitespace/parenthesis/truncation checks passed
suia_0271,src_qz_com_32311929,qz.com,https://qz.com/1235105/south-korea-is-trying-to-reduce-the-number-of-godoksa-or-lonely-deaths,url_structural_integrity,info,pass,no action; URL is structurally parseable,scheme/netloc/whitespace/parenthesis/truncation checks passed
suia_0272,src_racismoambiental_net_br_72416998,racismoambiental.net.br,https://racismoambiental.net.br/2026/05/11/as-bravas-a-luta-das-maes-de-maio-por-justica-para-vitimas-da-violencia-policial/,url_structural_integrity,info,pass,no action; URL is structurally parseable,scheme/netloc/whitespace/parenthesis/truncation checks passed
suia_0273,src_rcaanc_cirnac_gc_ca_6dbf4fc4,rcaanc-cirnac.gc.ca,https://www.rcaanc-cirnac.gc.ca/eng/1756900357689/1757441253777,url_structural_integrity,info,pass,no action; URL is structurally parseable,scheme/netloc/whitespace/parenthesis/truncation checks passed
suia_0274,src_realmamabears_org_39f4dd11,realmamabears.org,https://www.realmamabears.org/whatwedo,url_structural_integrity,info,pass,no action; URL is structurally parseable,scheme/netloc/whitespace/parenthesis/truncation checks passed
suia_0275,src_realmamabears_org_9f9a19f9,realmamabears.org,https://www.realmamabears.org/,url_structural_integrity,info,pass,no action; URL is structurally parseable,scheme/netloc/whitespace/parenthesis/truncation checks passed
suia_0276,src_realmamabears_org_cdd09bb2,realmamabears.org,https://www.realmamabears.org/groups,url_structural_integrity,info,pass,no action; URL is structurally parseable,scheme/netloc/whitespace/parenthesis/truncation checks passed
suia_0277,src_reed_edu_8d9fde37,reed.edu,https://www.reed.edu/reed-magazine/articles/2023/melinda-hunt-hart-island-secret-cemetery.html,url_structural_integrity,info,pass,no action; URL is structurally parseable,scheme/netloc/whitespace/parenthesis/truncation checks passed
suia_0278,src_refugeecommunitykitchen_org_98f12257,refugeecommunitykitchen.org,https://refugeecommunitykitchen.org/,url_structural_integrity,info,pass,no action; URL is structurally parseable,scheme/netloc/whitespace/parenthesis/truncation checks passed
suia_0279,src_refugeecommunitykitchen_org_ab705a15,refugeecommunitykitchen.org,https://refugeecommunitykitchen.org/news/ten-years-of-rck,url_structural_integrity,info,pass,no action; URL is structurally parseable,scheme/netloc/whitespace/parenthesis/truncation checks passed
suia_0280,src_refugeesinternational_org_72dbfd68,refugeesinternational.org,https://www.refugeesinternational.org/reports-briefs/accelerating-localization-a-roadmap-for-the-sudan-humanitarian-fund/,url_structural_integrity,info,pass,no action; URL is structurally parseable,scheme/netloc/whitespace/parenthesis/truncation checks passed
suia_0281,src_refugiolgbt_org_5dfde4da,refugiolgbt.org,https://refugiolgbt.org/,url_structural_integrity,info,pass,no action; URL is structurally parseable,scheme/netloc/whitespace/parenthesis/truncation checks passed
suia_0282,src_reliefweb_int_2c41770a,reliefweb.int,https://reliefweb.int/report/lebanon/healing-psychological-scars-beirut-port-explosion-one-call-time,url_structural_integrity,info,pass,no action; URL is structurally parseable,scheme/netloc/whitespace/parenthesis/truncation checks passed
suia_0283,src_reliefweb_int_aa046293,reliefweb.int,https://reliefweb.int/report/iraq/return-sinjar-and-struggle-provide-mental-health-services,url_structural_integrity,info,pass,no action; URL is structurally parseable,scheme/netloc/whitespace/parenthesis/truncation checks passed
suia_0284,src_repository_usfca_edu_a287ae1a,repository.usfca.edu,https://repository.usfca.edu/cgi/viewcontent.cgi?article=2680&context=thes,url_structural_integrity,info,pass,no action; URL is structurally parseable,scheme/netloc/whitespace/parenthesis/truncation checks passed
suia_0285,src_reuters_com_b7abea3d,reuters.com,https://www.reuters.com/world/americas/mexico-says-it-identifies-40000-countrys-130000-disappeared-2026-03-27/,url_structural_integrity,info,pass,no action; URL is structurally parseable,scheme/netloc/whitespace/parenthesis/truncation checks passed
suia_0286,src_reuters_com_bc05c81e,reuters.com,https://www.reuters.com/world/asia-pacific/nearly-8000-people-died-or-disappeared-trying-migrate-2025-2026-04-21/,url_structural_integrity,info,pass,no action; URL is structurally parseable,scheme/netloc/whitespace/parenthesis/truncation checks passed
suia_0287,src_reuters_com_e7f0a6d4,reuters.com,https://www.reuters.com/world/africa/south-africa-probe-alleged-suppression-justice-apartheid-era-killings-2025-04-30/,url_structural_integrity,info,pass,no action; URL is structurally parseable,scheme/netloc/whitespace/parenthesis/truncation checks passed
suia_0288,src_reuters_com_fc8316de,reuters.com,https://www.reuters.com/world/africa/families-apartheid-era-victims-sue-south-african-government-damages-2025-01-23/,url_structural_integrity,info,pass,no action; URL is structurally parseable,scheme/netloc/whitespace/parenthesis/truncation checks passed
suia_0289,src_rightlivelihood_org_8c3f8284,rightlivelihood.org,https://rightlivelihood.org/the-change-makers/find-a-laureate/emergency-response-rooms/,url_structural_integrity,info,pass,no action; URL is structurally parseable,scheme/netloc/whitespace/parenthesis/truncation checks passed
suia_0290,src_ronlaw_gov_nr_02ff88fc,ronlaw.gov.nr,http://ronlaw.gov.nr/nauru_lpms/index.php/bill/view/257,url_structural_integrity,info,pass,no action; URL is structurally parseable,scheme/netloc/whitespace/parenthesis/truncation checks passed
suia_0291,src_rsnz_onlinelibrary_wiley_com_5d94adfa,rsnz.onlinelibrary.wiley.com,https://rsnz.onlinelibrary.wiley.com/doi/full/10.1080/1177083X.2023.2270007,url_structural_integrity,info,pass,no action; URL is structurally parseable,scheme/netloc/whitespace/parenthesis/truncation checks passed
suia_0292,src_rstp_ca_117ffbe1,rstp.ca,https://www.rstp.ca/en/refugee-sponsorship/the-private-sponsorship-of-refugees-program/,url_structural_integrity,info,pass,no action; URL is structurally parseable,scheme/netloc/whitespace/parenthesis/truncation checks passed
suia_0293,src_rstp_ca_a7706af1,rstp.ca,https://www.rstp.ca/en/refugee-sponsorship/latest-policy-program-update/ministerial_instructions_g5cspause/,url_structural_integrity,info,pass,no action; URL is structurally parseable,scheme/netloc/whitespace/parenthesis/truncation checks passed
suia_0294,src_rstp_ca_f64dcffc,rstp.ca,https://www.rstp.ca/en/infosheet/group-of-five-g5/,url_structural_integrity,info,pass,no action; URL is structurally parseable,scheme/netloc/whitespace/parenthesis/truncation checks passed
suia_0295,src_sahistory_org_za_a5bce2fd,sahistory.org.za,https://sahistory.org.za/dated-event/missing-persons-task-team-mptt-investigate-apartheid-missing-persons-cases,url_structural_integrity,info,pass,no action; URL is structurally parseable,scheme/netloc/whitespace/parenthesis/truncation checks passed
suia_0296,src_samoaobserver_ws_5c8ee258,samoaobserver.ws,https://www.samoaobserver.ws/category/samoa/77874,url_structural_integrity,info,pass,no action; URL is structurally parseable,scheme/netloc/whitespace/parenthesis/truncation checks passed
suia_0297,src_sandas_org_au_709497e1,sandas.org.au,https://sandas.org.au/events/international-overdose-awareness-day-2/,url_structural_integrity,info,pass,no action; URL is structurally parseable,scheme/netloc/whitespace/parenthesis/truncation checks passed
suia_0298,src_santegidio_org_02b4f7f8,santegidio.org,https://www.santegidio.org/pageID/30704/langID/en/itemID/76/Humanitarian-corridors.html,url_structural_integrity,info,pass,no action; URL is structurally parseable,scheme/netloc/whitespace/parenthesis/truncation checks passed
suia_0299,src_santegidio_org_09740e12,santegidio.org,https://www.santegidio.org/pageID/30284/langID/en/itemID/64125/February-2016--2026-10-years-of-humanitarian-corridors-a-safe-and-legal-route-that-has-saved-thousands-of-lives-and-proved-that-reception-and-integration-are-possible-through-regular-entry.html,url_structural_integrity,info,pass,no action; URL is structurally parseable,scheme/netloc/whitespace/parenthesis/truncation checks passed
suia_0300,src_santegidio_org_220296bc,santegidio.org,https://www.santegidio.org/pageID/30112/langID/en/HUMANITARIAN-CORRIDORS.html,url_structural_integrity,info,pass,no action; URL is structurally parseable,scheme/netloc/whitespace/parenthesis/truncation checks passed
suia_0301,src_santegidio_org_842032cf,santegidio.org,https://www.santegidio.org/pageID/30284/langID/en/itemID/64753/A-day-of-rebirth-ten-years-on-from-the-first-humanitarian-corridors-130-refugees-arrived-in-Italy-from-Libya-A-new-life-in-peace-rights-democracy-and-a-future-Italians-and-new-Italians-together-begins.html,url_structural_integrity,info,pass,no action; URL is structurally parseable,scheme/netloc/whitespace/parenthesis/truncation checks passed
suia_0302,src_santegidio_org_847d03ec,santegidio.org,https://www.santegidio.org/pageID/30284/langID/en/itemID/62069/From-Gaza-to-Italy-for-hospitality-and-medical-care-Since-January-81-Palestinian-refugees-have-been-able-to-receive-treatment-and-reunite-with-their-families-with-the-support-of-the-Community-of-Sant-Egidio.html,url_structural_integrity,info,pass,no action; URL is structurally parseable,scheme/netloc/whitespace/parenthesis/truncation checks passed
suia_0303,src_santegidio_org_cc618bd7,santegidio.org,https://www.santegidio.org/pageID/30096/langID/en/COHOUSING.html,url_structural_integrity,info,pass,no action; URL is structurally parseable,scheme/netloc/whitespace/parenthesis/truncation checks passed
suia_0304,src_sarde_podbean_com_4042fb4a,sarde.podbean.com,https://sarde.podbean.com/e/%D8%B3%D8%B1%D8%AF%D8%A9-episode-7-mia-atwi/,url_structural_integrity,info,pass,no action; URL is structurally parseable,scheme/netloc/whitespace/parenthesis/truncation checks passed
suia_0305,src_scmp_com_1a5d3e1f,scmp.com,https://www.scmp.com/news/asia/southeast-asia/article/3092517/malaysias-last-living-amah-searches-her-roots-hopes,url_structural_integrity,info,pass,no action; URL is structurally parseable,scheme/netloc/whitespace/parenthesis/truncation checks passed
suia_0306,src_scu_edu_a9ac5560,scu.edu,https://www.scu.edu/ethics/focus-areas/bioethics/resources/health-care-on-the-margins-ethical-care-for-people-experiencing-homelessness/,url_structural_integrity,info,pass,no action; URL is structurally parseable,scheme/netloc/whitespace/parenthesis/truncation checks passed
suia_0307,src_sinembargo_mx_922b657e,sinembargo.mx,https://www.sinembargo.mx/821756/cndh-otorga-premio-nacional-de-los-derechos-humanos-2013-a-las-patronas/,url_structural_integrity,info,pass,no action; URL is structurally parseable,scheme/netloc/whitespace/parenthesis/truncation checks passed
suia_0308,src_sista_com_vu_45c5a136,sista.com.vu,https://www.sista.com.vu/israaid-and-vanuatu-ministry-launch-mental-health-support-call-centre-to-meet-growing-demand/,url_structural_integrity,info,pass,no action; URL is structurally parseable,scheme/netloc/whitespace/parenthesis/truncation checks passed
suia_0309,src_socialscienceinaction_org_a044de78,socialscienceinaction.org,https://www.socialscienceinaction.org/resources/key-considerations-mutual-aid-lessons-and-experiences-from-emergency-response-rooms-in-sudan/,url_structural_integrity,info,pass,no action; URL is structurally parseable,scheme/netloc/whitespace/parenthesis/truncation checks passed
suia_0310,src_solomonislands_embassy_gov_au_3f78d506,solomonislands.embassy.gov.au,https://solomonislands.embassy.gov.au/honi/100316.html,url_structural_integrity,info,pass,no action; URL is structurally parseable,scheme/netloc/whitespace/parenthesis/truncation checks passed
suia_0311,src_southeastasiaglobe_com_9c9d3cc6,southeastasiaglobe.com,https://southeastasiaglobe.com/states-of-being/,url_structural_integrity,info,pass,no action; URL is structurally parseable,scheme/netloc/whitespace/parenthesis/truncation checks passed
suia_0312,src_spc_int_235d26c6,spc.int,https://www.spc.int/updates/news/media-release/2017/05/spc-welcomes-naurus-domestic-violence-and-family-protection-bill,url_structural_integrity,info,pass,no action; URL is structurally parseable,scheme/netloc/whitespace/parenthesis/truncation checks passed
suia_0313,src_spc_int_9b68d458,spc.int,https://www.spc.int/DigitalLibrary/Doc/HDP/RWG/Outcomes_Document__RWG_6th_Annual_Meeting_2025__Clean_Laid_out_version_endorsed.pdf,url_structural_integrity,info,pass,no action; URL is structurally parseable,scheme/netloc/whitespace/parenthesis/truncation checks passed
suia_0314,src_spccfpstore1_blob_core_windows_net_289aa4f9,spccfpstore1.blob.core.windows.net,https://spccfpstore1.blob.core.windows.net/digitallibrary-docs/files/02/023f4f8b7a837872ead9582e146c043e.pdf?rscc=public%2C+max-age%3D864000%2C+max-stale%3D86400&rscd=inline%3B+filename%3D%22Outcomes_Document__RWG_6th_Annual_Meeting_2025__Clean_Laid_out_version_endorsed.pdf%22&rsct=application%2Fpdf,url_structural_integrity,info,pass,no action; URL is structurally parseable,scheme/netloc/whitespace/parenthesis/truncation checks passed
suia_0315,src_spectrumnews1_com_e082e8f4,spectrumnews1.com,https://spectrumnews1.com/ma/worcester/news/2023/05/23/nicole-bell-no-longer-ceo-of-lift-nonprofit,url_structural_integrity,info,pass,no action; URL is structurally parseable,scheme/netloc/whitespace/parenthesis/truncation checks passed
suia_0316,src_spid_center_e0a71c4e,spid.center,https://spid.center/en/articles/2147,url_structural_integrity,info,pass,no action; URL is structurally parseable,scheme/netloc/whitespace/parenthesis/truncation checks passed
suia_0317,src_spotlightinitiative_org_1c534a69,spotlightinitiative.org,https://www.spotlightinitiative.org/news/unfpa-supporting-palau-break-silence-and-end-gender-based-violence,url_structural_integrity,info,pass,no action; URL is structurally parseable,scheme/netloc/whitespace/parenthesis/truncation checks passed
suia_0318,src_spotlightinitiative_org_53c68837,spotlightinitiative.org,https://www.spotlightinitiative.org/news/we-saved-many-lives-samoas-only-domestic-violence-shelter-helping-women-and-children-start,url_structural_integrity,info,pass,no action; URL is structurally parseable,scheme/netloc/whitespace/parenthesis/truncation checks passed
suia_0319,src_srebrenica_org_uk_31119c18,srebrenica.org.uk,https://srebrenica.org.uk/information/statements-on-the-netherlands-supreme-court-judgment-on-dutch-liability-in-srebrenica,url_structural_integrity,info,pass,no action; URL is structurally parseable,scheme/netloc/whitespace/parenthesis/truncation checks passed
suia_0320,src_state_gov_8d35873f,state.gov,https://www.state.gov/reports/2023-country-reports-on-human-rights-practices/nauru,url_structural_integrity,info,pass,no action; URL is structurally parseable,scheme/netloc/whitespace/parenthesis/truncation checks passed
suia_0321,src_stlouisreview_com_92401eb9,stlouisreview.com,https://www.stlouisreview.com/story/garden-of-innocents-honors-lives-of-unclaimed-babies/,url_structural_integrity,info,pass,no action; URL is structurally parseable,scheme/netloc/whitespace/parenthesis/truncation checks passed
suia_0322,src_streetmedicine_org_1f929407,streetmedicine.org,https://www.streetmedicine.org/index.php?category=smi-news&id=20%3Astreet-medicine-and-the-media-public-partial-access-&option=com_dailyplanetblog&view=entry,url_structural_integrity,info,pass,no action; URL is structurally parseable,scheme/netloc/whitespace/parenthesis/truncation checks passed
suia_0323,src_streetmedicine_org_20f00ffe,streetmedicine.org,https://www.streetmedicine.org/resources,url_structural_integrity,info,pass,no action; URL is structurally parseable,scheme/netloc/whitespace/parenthesis/truncation checks passed
suia_0324,src_streetmedicine_org_5af129e1,streetmedicine.org,https://www.streetmedicine.org/our-story,url_structural_integrity,info,pass,no action; URL is structurally parseable,scheme/netloc/whitespace/parenthesis/truncation checks passed
suia_0325,src_streetmedicine_org_ec1f95f4,streetmedicine.org,https://www.streetmedicine.org/,url_structural_integrity,info,pass,no action; URL is structurally parseable,scheme/netloc/whitespace/parenthesis/truncation checks passed
suia_0326,src_svsg_org_ws_0b3fa712,svsg.org.ws,https://svsg.org.ws/,url_structural_integrity,info,pass,no action; URL is structurally parseable,scheme/netloc/whitespace/parenthesis/truncation checks passed
suia_0327,src_svsg_org_ws_6f45d73d,svsg.org.ws,https://svsg.org.ws/services/,url_structural_integrity,info,pass,no action; URL is structurally parseable,scheme/netloc/whitespace/parenthesis/truncation checks passed
suia_0328,src_tandfonline_com_021ff445,tandfonline.com,https://www.tandfonline.com/doi/full/10.1080/17522439.2022.2137570,url_structural_integrity,info,pass,no action; URL is structurally parseable,scheme/netloc/whitespace/parenthesis/truncation checks passed
suia_0329,src_tatlerasia_com_5752a534,tatlerasia.com,https://www.tatlerasia.com/profile/persatuan-kebajikan-warga-emas-harmoni-pulau-pinang-aka-peace-harmony-home,url_structural_integrity,info,pass,no action; URL is structurally parseable,scheme/netloc/whitespace/parenthesis/truncation checks passed
suia_0330,src_tewhatuora_govt_nz_a480be30,tewhatuora.govt.nz,https://www.tewhatuora.govt.nz/corporate-information/news-and-updates/empowering-whanau-and-communities-he-arotake-te-aka-whai-ora-suicide-prevention-and-postvention-review,url_structural_integrity,info,pass,no action; URL is structurally parseable,scheme/netloc/whitespace/parenthesis/truncation checks passed
suia_0331,src_thedial_world_a77ce6db,thedial.world,https://www.thedial.world/articles/news/spain-sea-arrivals-migrants-bodies,url_structural_integrity,info,pass,no action; URL is structurally parseable,scheme/netloc/whitespace/parenthesis/truncation checks passed
suia_0332,src_theguardian_com_693f2605,theguardian.com,https://www.theguardian.com/uk-news/2025/dec/08/uk-asylum-policy-causes-more-violence-and-deaths-say-rights-groups,url_structural_integrity,info,pass,no action; URL is structurally parseable,scheme/netloc/whitespace/parenthesis/truncation checks passed
suia_0333,src_theguardian_com_93820ccb,theguardian.com,https://www.theguardian.com/technology/2024/mar/25/san-jose-homelessness-ai-detection,url_structural_integrity,info,pass,no action; URL is structurally parseable,scheme/netloc/whitespace/parenthesis/truncation checks passed
suia_0334,src_theguardian_com_b28c1553,theguardian.com,https://www.theguardian.com/world/2025/dec/29/more-than-3000-migrants-died-spain-figure-down,url_structural_integrity,info,pass,no action; URL is structurally parseable,scheme/netloc/whitespace/parenthesis/truncation checks passed
suia_0335,src_theguardian_com_fb8f4d98,theguardian.com,https://www.theguardian.com/world/2026/may/11/disappearances-mexico-involving-state-alarming-rate-iachr-report,url_structural_integrity,info,pass,no action; URL is structurally parseable,scheme/netloc/whitespace/parenthesis/truncation checks passed
suia_0336,src_thelancet_com_74257e1f,thelancet.com,https://www.thelancet.com/journals/lanpsy/article/PIIS2215-0366%2815%2900066-8/fulltext,url_structural_integrity,info,pass,no action; URL is structurally parseable,scheme/netloc/whitespace/parenthesis/truncation checks passed
suia_0337,src_thenewhumanitarian_org_246d090e,thenewhumanitarian.org,https://www.thenewhumanitarian.org/news-feature/2023/08/02/how-mutual-aid-networks-are-powering-sudans-humanitarian-response,url_structural_integrity,info,pass,no action; URL is structurally parseable,scheme/netloc/whitespace/parenthesis/truncation checks passed
suia_0338,src_therapyroute_com_e2878237,therapyroute.com,https://www.therapyroute.com/therapist/faataua-le-ola-flo-apia-ws,url_structural_integrity,info,pass,no action; URL is structurally parseable,scheme/netloc/whitespace/parenthesis/truncation checks passed
suia_0339,src_thesoutherncross_org_ea897b96,thesoutherncross.org,https://www.thesoutherncross.org/life/we-bury-them-with-love-and-respect/,url_structural_integrity,info,pass,no action; URL is structurally parseable,scheme/netloc/whitespace/parenthesis/truncation checks passed
suia_0340,src_thestar_com_my_698a39b9,thestar.com.my,https://www.thestar.com.my/news/nation/2017/04/27/helping-the-elderly-recover-on-his-own-founder-of-halfway-home-has-his-hands-full-caring-for-the-sic,url_structural_integrity,info,pass,no action; URL is structurally parseable,scheme/netloc/whitespace/parenthesis/truncation checks passed
suia_0341,src_thestar_com_my_c3afce4c,thestar.com.my,https://www.thestar.com.my/news/nation/2017/06/06/moving-plight-touches-msians/,url_structural_integrity,info,pass,no action; URL is structurally parseable,scheme/netloc/whitespace/parenthesis/truncation checks passed
suia_0342,src_theworcesterguardian_org_e63baaf1,theworcesterguardian.org,https://theworcesterguardian.org/f/nonprofit-helps-women-leave-sex-trade-with-fewer-funds/,url_structural_integrity,info,pass,no action; URL is structurally parseable,scheme/netloc/whitespace/parenthesis/truncation checks passed
suia_0343,src_theworld_org_c6a23d14,theworld.org,https://theworld.org/stories/2017-06-12/these-people-are-fighting-famine-yemen,url_structural_integrity,info,pass,no action; URL is structurally parseable,scheme/netloc/whitespace/parenthesis/truncation checks passed
suia_0344,src_thrivefuture_org_37aff843,thrivefuture.org,https://www.thrivefuture.org/post/palau,url_structural_integrity,info,pass,no action; URL is structurally parseable,scheme/netloc/whitespace/parenthesis/truncation checks passed
suia_0345,src_tif_ssrc_org_375b4b74,tif.ssrc.org,https://tif.ssrc.org/2021/09/23/facing-death-alone-mortuary-prospects-for-the-socially-solo-in-japan/,url_structural_integrity,info,pass,no action; URL is structurally parseable,scheme/netloc/whitespace/parenthesis/truncation checks passed
suia_0346,src_time_com_25794036,time.com,https://time.com/3649295/south-korea-dying-alone-good-nanum-elderly/,url_structural_integrity,info,pass,no action; URL is structurally parseable,scheme/netloc/whitespace/parenthesis/truncation checks passed
suia_0347,src_timep_org_ee7796cb,timep.org,https://timep.org/2021/02/11/the-beirut-explosions-impact-on-mental-health/,url_structural_integrity,info,pass,no action; URL is structurally parseable,scheme/netloc/whitespace/parenthesis/truncation checks passed
suia_0348,src_tour_beijing_com_7b576e3d,tour-beijing.com,https://www.tour-beijing.com/travel_blog/beijing_sun_village.php,url_structural_integrity,info,pass,no action; URL is structurally parseable,scheme/netloc/whitespace/parenthesis/truncation checks passed
suia_0349,src_transcend_org_au_3489c875,transcend.org.au,https://transcend.org.au/about/our-story/,url_structural_integrity,info,pass,no action; URL is structurally parseable,scheme/netloc/whitespace/parenthesis/truncation checks passed
suia_0350,src_transcend_org_au_44c11205,transcend.org.au,https://transcend.org.au/for-family-members/,url_structural_integrity,info,pass,no action; URL is structurally parseable,scheme/netloc/whitespace/parenthesis/truncation checks passed
suia_0351,src_transcend_org_au_6ef1a2d9,transcend.org.au,https://transcend.org.au/,url_structural_integrity,info,pass,no action; URL is structurally parseable,scheme/netloc/whitespace/parenthesis/truncation checks passed
suia_0352,src_transcend_org_au_a2da7245,transcend.org.au,https://transcend.org.au/uncategorised/coming-soon-a-first-of-its-kind-program-for-dad-and-father-figures/,url_structural_integrity,info,pass,no action; URL is structurally parseable,scheme/netloc/whitespace/parenthesis/truncation checks passed
suia_0353,src_transformandofamilias_com_ar_d4d207ce,transformandofamilias.com.ar,https://transformandofamilias.com.ar/,url_structural_integrity,info,pass,no action; URL is structurally parseable,scheme/netloc/whitespace/parenthesis/truncation checks passed
suia_0354,src_trc_inquiry_org_za_ce7c2584,trc-inquiry.org.za,https://www.trc-inquiry.org.za/wp-content/uploads/2026/02/KHULUMANI-SUPPORT-GROUP-OPENING-STATEMENT.pdf,url_structural_integrity,info,pass,no action; URL is structurally parseable,scheme/netloc/whitespace/parenthesis/truncation checks passed
suia_0355,src_umnews_org_5fc6fcc6,umnews.org,https://www.umnews.org/en/news/pastor-serves-church-in-honduras-gang-neighborhood,url_structural_integrity,info,pass,no action; URL is structurally parseable,scheme/netloc/whitespace/parenthesis/truncation checks passed
suia_0356,src_uncannyjapan_com_649bf1c4,uncannyjapan.com,https://uncannyjapan.com/podcast/the-unconnected-dead-muenbotoke/,url_structural_integrity,info,pass,no action; URL is structurally parseable,scheme/netloc/whitespace/parenthesis/truncation checks passed
suia_0357,src_understandingvoices_com_327bab21,understandingvoices.com,https://understandingvoices.com/working-with-voices/peer-support/hearing-voices-groups/,url_structural_integrity,info,pass,no action; URL is structurally parseable,scheme/netloc/whitespace/parenthesis/truncation checks passed
suia_0358,src_undp_org_9524a55d,undp.org,https://www.undp.org/sites/g/files/zskgke326/files/2025-07/undp-pacific-justice-report-final-2025.pdf,url_structural_integrity,info,pass,no action; URL is structurally parseable,scheme/netloc/whitespace/parenthesis/truncation checks passed
suia_0359,src_undp_org_dba2eee0,undp.org,https://www.undp.org/sites/g/files/zskgke326/files/2025-06/undp-pacific-rethink-gbv-2025.pdf,url_structural_integrity,info,pass,no action; URL is structurally parseable,scheme/netloc/whitespace/parenthesis/truncation checks passed
suia_0360,src_undp_org_e067e85a,undp.org,https://www.undp.org/sites/g/files/zskgke326/files/2025-06/undp-pacific-justice-report-2025.pdf,url_structural_integrity,info,pass,no action; URL is structurally parseable,scheme/netloc/whitespace/parenthesis/truncation checks passed
suia_0361,src_undp_org_e9f45a1c,undp.org,https://www.undp.org/pacific/publications/justice-pathways-review-legislation-and-innovative-approaches-responding-violence-against-women-and-children-fsm-palau-and-rmi,url_structural_integrity,info,pass,no action; URL is structurally parseable,scheme/netloc/whitespace/parenthesis/truncation checks passed
suia_0362,src_unfinishedtrc_co_za_195bae0b,unfinishedtrc.co.za,https://unfinishedtrc.co.za/11-february-2026-press-statement-by-25-victims-families-and-survivors-of-apartheid-era-gross-human-rights-violations/,url_structural_integrity,info,pass,no action; URL is structurally parseable,scheme/netloc/whitespace/parenthesis/truncation checks passed
suia_0363,src_unfinishedtrc_co_za_1ecbe232,unfinishedtrc.co.za,https://unfinishedtrc.co.za/press-release-families-survivors-and-the-fhr-welcome-the-dismissal-of-governments-stay-application-in-constitutional-damages-case/,url_structural_integrity,info,pass,no action; URL is structurally parseable,scheme/netloc/whitespace/parenthesis/truncation checks passed
suia_0364,src_unfinishedtrc_co_za_98bf2ba9,unfinishedtrc.co.za,https://unfinishedtrc.co.za/constitutional-damages-case/,url_structural_integrity,info,pass,no action; URL is structurally parseable,scheme/netloc/whitespace/parenthesis/truncation checks passed
suia_0365,src_unfinishedtrc_co_za_b31464aa,unfinishedtrc.co.za,https://unfinishedtrc.co.za/press-release-survivors-and-victims-families-of-apartheid-era-crimes-disappointed-by-delays-in-trc-inquiry/,url_structural_integrity,info,pass,no action; URL is structurally parseable,scheme/netloc/whitespace/parenthesis/truncation checks passed
suia_0366,src_ungeneva_org_1e73a63b,ungeneva.org,https://www.ungeneva.org/en/news-media/news/2025/07/108243/srebrenica-30-years-un-officials-and-survivors-call-truth-justice,url_structural_integrity,info,pass,no action; URL is structurally parseable,scheme/netloc/whitespace/parenthesis/truncation checks passed
suia_0367,src_ungeneva_org_8a872e57,ungeneva.org,https://www.ungeneva.org/en/news-media/meeting-summary/2025/03/examen-des-palaos-au-crpd-en-depit-de-progres-certaines-lois,url_structural_integrity,info,pass,no action; URL is structurally parseable,scheme/netloc/whitespace/parenthesis/truncation checks passed
suia_0368,src_unhcr_org_8498a254,unhcr.org,https://www.unhcr.org/what-we-do/build-better-futures/long-term-solutions/local-integration/community-sponsorship,url_structural_integrity,info,pass,no action; URL is structurally parseable,scheme/netloc/whitespace/parenthesis/truncation checks passed
suia_0369,src_unhcr_org_a58857b2,unhcr.org,https://www.unhcr.org/us/news/stories/yazidi-women-welcomed-back-faith,url_structural_integrity,info,pass,no action; URL is structurally parseable,scheme/netloc/whitespace/parenthesis/truncation checks passed
suia_0370,src_unhcr_org_a6077c01,unhcr.org,https://www.unhcr.org/news/stories/rights-campaigner-fights-thailands-stateless-peoples,url_structural_integrity,info,pass,no action; URL is structurally parseable,scheme/netloc/whitespace/parenthesis/truncation checks passed
suia_0371,src_unhcr_org_e4da4d3f,unhcr.org,https://www.unhcr.org/us/news/stories/colombian-coroner-gives-venezuelans-dignified-burials,url_structural_integrity,info,pass,no action; URL is structurally parseable,scheme/netloc/whitespace/parenthesis/truncation checks passed
suia_0372,src_unicef_org_6b60eb6b,unicef.org,https://www.unicef.org/png/press-releases/domestic-violence-helpline-papua-new-guinea-expand-during-covid-19-pandemic,url_structural_integrity,info,pass,no action; URL is structurally parseable,scheme/netloc/whitespace/parenthesis/truncation checks passed
suia_0373,src_unwomen_org_e6904897,unwomen.org,https://www.unwomen.org/sites/default/files/Headquarters/Attachments/Sections/CSW/64/National-reviews/Palau.pdf,url_structural_integrity,info,pass,no action; URL is structurally parseable,scheme/netloc/whitespace/parenthesis/truncation checks passed
suia_0374,src_upmc_com_8177da0e,upmc.com,https://www.upmc.com/locations/hospitals/mercy/education/gme/upmc-street-medicine-fellowship,url_structural_integrity,info,pass,no action; URL is structurally parseable,scheme/netloc/whitespace/parenthesis/truncation checks passed
suia_0375,src_upr_info_org_fed03bd1,upr-info.org,https://upr-info.org/sites/default/files/documents/2021-02/a_hrc_wg6_37_fsm_1_av_micronesia_e.pdf,url_structural_integrity,info,pass,no action; URL is structurally parseable,scheme/netloc/whitespace/parenthesis/truncation checks passed
suia_0376,src_upstreamjournal_org_f2071384,upstreamjournal.org,https://upstreamjournal.org/sudans-emergency-response-rooms/,url_structural_integrity,info,pass,no action; URL is structurally parseable,scheme/netloc/whitespace/parenthesis/truncation checks passed
suia_0377,src_utopia56_org_c3cc0534,utopia56.org,https://utopia56.org/calais/,url_structural_integrity,info,pass,no action; URL is structurally parseable,scheme/netloc/whitespace/parenthesis/truncation checks passed
suia_0378,src_vanuatuwomenscentre_org_30d819c2,vanuatuwomenscentre.org,https://www.vanuatuwomenscentre.org/legal/,url_structural_integrity,info,pass,no action; URL is structurally parseable,scheme/netloc/whitespace/parenthesis/truncation checks passed
suia_0379,src_vanuatuwomenscentre_org_36e931e9,vanuatuwomenscentre.org,https://www.vanuatuwomenscentre.org/get-support/,url_structural_integrity,info,pass,no action; URL is structurally parseable,scheme/netloc/whitespace/parenthesis/truncation checks passed
suia_0380,src_vanuatuwomenscentre_org_4a728277,vanuatuwomenscentre.org,https://www.vanuatuwomenscentre.org/services/,url_structural_integrity,info,pass,no action; URL is structurally parseable,scheme/netloc/whitespace/parenthesis/truncation checks passed
suia_0381,src_vanuatuwomenscentre_org_652f712d,vanuatuwomenscentre.org,https://www.vanuatuwomenscentre.org/counselling/,url_structural_integrity,info,pass,no action; URL is structurally parseable,scheme/netloc/whitespace/parenthesis/truncation checks passed
suia_0382,src_vice_com_2f7c3028,vice.com,https://www.vice.com/en/article/russia-has-an-opioid-crisis-too-one-of-untreated-pain/,url_structural_integrity,info,pass,no action; URL is structurally parseable,scheme/netloc/whitespace/parenthesis/truncation checks passed
suia_0383,src_vice_com_5a8807cb,vice.com,https://www.vice.com/en/article/after-escape-former-isis-sex-slaves-find-hope-in-rebaptism-ceremony/,url_structural_integrity,info,pass,no action; URL is structurally parseable,scheme/netloc/whitespace/parenthesis/truncation checks passed
suia_0384,src_wane_com_b1478e44,wane.com,https://www.wane.com/news/local-news/fort-waynes-first-walk-in-recovery-center-offers-support-for-substance-use-mental-health-through-every-step-of-the-journey/,url_structural_integrity,info,pass,no action; URL is structurally parseable,scheme/netloc/whitespace/parenthesis/truncation checks passed
suia_0385,src_washingtonblade_com_6cddab3f,washingtonblade.com,https://www.washingtonblade.com/2021/07/19/mexico-city-shelter-offers-second-chance-for-transgender-residents/,url_structural_integrity,info,pass,no action; URL is structurally parseable,scheme/netloc/whitespace/parenthesis/truncation checks passed
suia_0386,src_wboi_org_29463df8,wboi.org,https://www.wboi.org/health-science/2026-03-11/fort-waynes-opioid-settlement-grants-focus-on-harm-reduction-grief,url_structural_integrity,info,pass,no action; URL is structurally parseable,scheme/netloc/whitespace/parenthesis/truncation checks passed
suia_0387,src_wccctonga_com_0991ba1a,wccctonga.com,https://wccctonga.com/about-us/,url_structural_integrity,info,pass,no action; URL is structurally parseable,scheme/netloc/whitespace/parenthesis/truncation checks passed
suia_0388,src_wccctonga_com_3eff8ccc,wccctonga.com,https://wccctonga.com/promoting-the-rights-of-child-with-there-lifestyle-one-morning-when-gregor-2/,url_structural_integrity,info,pass,no action; URL is structurally parseable,scheme/netloc/whitespace/parenthesis/truncation checks passed
suia_0389,src_wccctonga_com_9c3bafe0,wccctonga.com,https://wccctonga.com/,url_structural_integrity,info,pass,no action; URL is structurally parseable,scheme/netloc/whitespace/parenthesis/truncation checks passed
suia_0390,src_wfft_com_bde9f5d0,wfft.com,https://www.wfft.com/news/health/grand-opening-of-fort-waynes-first-recovery-drop-in-center-to-be-december-15/article_546b062c-9529-11ee-a639-831047ef53a9.html,url_structural_integrity,info,pass,no action; URL is structurally parseable,scheme/netloc/whitespace/parenthesis/truncation checks passed
suia_0391,src_wfyi_org_64392b9d,wfyi.org,https://www.wfyi.org/news/articles/narcan-can-save-lives--this-woman-works-to-make-it-more-accessible,url_structural_integrity,info,pass,no action; URL is structurally parseable,scheme/netloc/whitespace/parenthesis/truncation checks passed
suia_0392,src_worldwithoutexploitation_org_e3c015a1,worldwithoutexploitation.org,https://www.worldwithoutexploitation.org/bios/nikki-bell,url_structural_integrity,info,pass,no action; URL is structurally parseable,scheme/netloc/whitespace/parenthesis/truncation checks passed
suia_0393,src_wwohp_org_ad66cc90,wwohp.org,https://www.wwohp.org/interview-list/nicole-bell,url_structural_integrity,info,pass,no action; URL is structurally parseable,scheme/netloc/whitespace/parenthesis/truncation checks passed
