local_gap_id,jurisdiction_id,service_floor_id,gate_id,gap_type,priority,required_action,fixture_status,created_revision
LGAP-pod_or_delivery_route-no-local-overlay,J_PILOT_FIXTURE_001,POD_or_delivery_route,LOCAL_OVERLAY_MISSING,no_local_overlay_evidence,P1,"Add local owner, control-test, access-test, audit/redress, corrective-action, contract, workforce, and observation evidence before any local maturity claim.",no_local_fixture_rows,rev0288
LGAP-access_window_action-no-local-overlay,J_PILOT_FIXTURE_001,access_window_action,LOCAL_OVERLAY_MISSING,no_local_overlay_evidence,P1,"Add local owner, control-test, access-test, audit/redress, corrective-action, contract, workforce, and observation evidence before any local maturity claim.",no_local_fixture_rows,rev0288
LGAP-adaptive_management_after_completion-no-local-overlay,J_PILOT_FIXTURE_001,adaptive_management_after_completion,LOCAL_OVERLAY_MISSING,no_local_overlay_evidence,P1,"Add local owner, control-test, access-test, audit/redress, corrective-action, contract, workforce, and observation evidence before any local maturity claim.",no_local_fixture_rows,rev0288
LGAP-adaptive_pathway_state-no-local-overlay,J_PILOT_FIXTURE_001,adaptive_pathway_state,LOCAL_OVERLAY_MISSING,no_local_overlay_evidence,P1,"Add local owner, control-test, access-test, audit/redress, corrective-action, contract, workforce, and observation evidence before any local maturity claim.",no_local_fixture_rows,rev0288
LGAP-agent_liquidity-no-local-overlay,J_PILOT_FIXTURE_001,agent_liquidity,LOCAL_OVERLAY_MISSING,no_local_overlay_evidence,P1,"Add local owner, control-test, access-test, audit/redress, corrective-action, contract, workforce, and observation evidence before any local maturity claim.",no_local_fixture_rows,rev0288
LGAP-agrifood_input_continuity-no-local-overlay,J_PILOT_FIXTURE_001,agrifood_input_continuity,LOCAL_OVERLAY_MISSING,no_local_overlay_evidence,P1,"Add local owner, control-test, access-test, audit/redress, corrective-action, contract, workforce, and observation evidence before any local maturity claim.",no_local_fixture_rows,rev0288
LGAP-animal_evacuation_and_shelter-no-local-overlay,J_PILOT_FIXTURE_001,animal_evacuation_and_shelter,LOCAL_OVERLAY_MISSING,no_local_overlay_evidence,P1,"Add local owner, control-test, access-test, audit/redress, corrective-action, contract, workforce, and observation evidence before any local maturity claim.",no_local_fixture_rows,rev0288
LGAP-animal_health_continuity-no-local-overlay,J_PILOT_FIXTURE_001,animal_health_continuity,LOCAL_OVERLAY_MISSING,no_local_overlay_evidence,P1,"Add local owner, control-test, access-test, audit/redress, corrective-action, contract, workforce, and observation evidence before any local maturity claim.",no_local_fixture_rows,rev0288
LGAP-anti_capture-no-local-overlay,J_PILOT_FIXTURE_001,anti_capture,LOCAL_OVERLAY_MISSING,no_local_overlay_evidence,P1,"Add local owner, control-test, access-test, audit/redress, corrective-action, contract, workforce, and observation evidence before any local maturity claim.",no_local_fixture_rows,rev0288
LGAP-anti_displacement_recovery-no-local-overlay,J_PILOT_FIXTURE_001,anti_displacement_recovery,LOCAL_OVERLAY_MISSING,no_local_overlay_evidence,P1,"Add local owner, control-test, access-test, audit/redress, corrective-action, contract, workforce, and observation evidence before any local maturity claim.",no_local_fixture_rows,rev0288
LGAP-anti_extraction_redress-no-local-overlay,J_PILOT_FIXTURE_001,anti_extraction_redress,LOCAL_OVERLAY_MISSING,no_local_overlay_evidence,P1,"Add local owner, control-test, access-test, audit/redress, corrective-action, contract, workforce, and observation evidence before any local maturity claim.",no_local_fixture_rows,rev0288
LGAP-appealable_exception-no-local-overlay,J_PILOT_FIXTURE_001,appealable_exception,LOCAL_OVERLAY_MISSING,no_local_overlay_evidence,P1,"Add local owner, control-test, access-test, audit/redress, corrective-action, contract, workforce, and observation evidence before any local maturity claim.",no_local_fixture_rows,rev0288
LGAP-appealable_restriction-no-local-overlay,J_PILOT_FIXTURE_001,appealable_restriction,LOCAL_OVERLAY_MISSING,no_local_overlay_evidence,P1,"Add local owner, control-test, access-test, audit/redress, corrective-action, contract, workforce, and observation evidence before any local maturity claim.",no_local_fixture_rows,rev0288
LGAP-appeals_access-no-local-overlay,J_PILOT_FIXTURE_001,appeals_access,LOCAL_OVERLAY_MISSING,no_local_overlay_evidence,P1,"Add local owner, control-test, access-test, audit/redress, corrective-action, contract, workforce, and observation evidence before any local maturity claim.",no_local_fixture_rows,rev0288
LGAP-asset_condition_visibility-no-local-overlay,J_PILOT_FIXTURE_001,asset_condition_visibility,LOCAL_OVERLAY_MISSING,no_local_overlay_evidence,P1,"Add local owner, control-test, access-test, audit/redress, corrective-action, contract, workforce, and observation evidence before any local maturity claim.",no_local_fixture_rows,rev0288
LGAP-asset_portfolio_stress_test-no-local-overlay,J_PILOT_FIXTURE_001,asset_portfolio_stress_test,LOCAL_OVERLAY_MISSING,no_local_overlay_evidence,P1,"Add local owner, control-test, access-test, audit/redress, corrective-action, contract, workforce, and observation evidence before any local maturity claim.",no_local_fixture_rows,rev0288
LGAP-assistive_device_restoration-no-local-overlay,J_PILOT_FIXTURE_001,assistive_device_restoration,LOCAL_OVERLAY_MISSING,no_local_overlay_evidence,P1,"Add local owner, control-test, access-test, audit/redress, corrective-action, contract, workforce, and observation evidence before any local maturity claim.",no_local_fixture_rows,rev0288
LGAP-assumption_ledger-no-local-overlay,J_PILOT_FIXTURE_001,assumption_ledger,LOCAL_OVERLAY_MISSING,no_local_overlay_evidence,P1,"Add local owner, control-test, access-test, audit/redress, corrective-action, contract, workforce, and observation evidence before any local maturity claim.",no_local_fixture_rows,rev0288
LGAP-audit_safe_recovery-no-local-overlay,J_PILOT_FIXTURE_001,audit_safe_recovery,LOCAL_OVERLAY_MISSING,no_local_overlay_evidence,P1,"Add local owner, control-test, access-test, audit/redress, corrective-action, contract, workforce, and observation evidence before any local maturity claim.",no_local_fixture_rows,rev0288
LGAP-auditable_service_floor_readiness-no-local-overlay,J_PILOT_FIXTURE_001,auditable_service_floor_readiness,LOCAL_OVERLAY_MISSING,no_local_overlay_evidence,P1,"Add local owner, control-test, access-test, audit/redress, corrective-action, contract, workforce, and observation evidence before any local maturity claim.",no_local_fixture_rows,rev0288
LGAP-avoided_service_loss_valuation-no-local-overlay,J_PILOT_FIXTURE_001,avoided_service_loss_valuation,LOCAL_OVERLAY_MISSING,no_local_overlay_evidence,P1,"Add local owner, control-test, access-test, audit/redress, corrective-action, contract, workforce, and observation evidence before any local maturity claim.",no_local_fixture_rows,rev0288
LGAP-behavioral_health_crisis_continuity-no-local-overlay,J_PILOT_FIXTURE_001,behavioral_health_crisis_continuity,LOCAL_OVERLAY_MISSING,no_local_overlay_evidence,P1,"Add local owner, control-test, access-test, audit/redress, corrective-action, contract, workforce, and observation evidence before any local maturity claim.",no_local_fixture_rows,rev0288
LGAP-benefit_cost_equity_test-no-local-overlay,J_PILOT_FIXTURE_001,benefit_cost_equity_test,LOCAL_OVERLAY_MISSING,no_local_overlay_evidence,P1,"Add local owner, control-test, access-test, audit/redress, corrective-action, contract, workforce, and observation evidence before any local maturity claim.",no_local_fixture_rows,rev0288
LGAP-benefit_stack_without_drop-g_independent_audit_redress_localized,J_PILOT_FIXTURE_001,benefit_stack_without_drop,G_INDEPENDENT_AUDIT_REDRESS_LOCALIZED,partial_fixture_gate_blocker,P1,Complete local evidence or public accepted-risk exception before treating fixture as fully assured.,synthetic_not_real_world_evidence,rev0288
LGAP-benefit_stack_without_drop-g_corrective_action_closure,J_PILOT_FIXTURE_001,benefit_stack_without_drop,G_CORRECTIVE_ACTION_CLOSURE,partial_fixture_gate_blocker,P1,Complete local evidence or public accepted-risk exception before treating fixture as fully assured.,synthetic_not_real_world_evidence,rev0288
LGAP-benefit_stack_without_drop-g_contracting_instance_trace,J_PILOT_FIXTURE_001,benefit_stack_without_drop,G_CONTRACTING_INSTANCE_TRACE,partial_fixture_gate_blocker,P1,Complete local evidence or public accepted-risk exception before treating fixture as fully assured.,synthetic_not_real_world_evidence,rev0288
LGAP-blackstart_readiness-no-local-overlay,J_PILOT_FIXTURE_001,blackstart_readiness,LOCAL_OVERLAY_MISSING,no_local_overlay_evidence,P1,"Add local owner, control-test, access-test, audit/redress, corrective-action, contract, workforce, and observation evidence before any local maturity claim.",no_local_fixture_rows,rev0288
LGAP-blue_carbon_protection-no-local-overlay,J_PILOT_FIXTURE_001,blue_carbon_protection,LOCAL_OVERLAY_MISSING,no_local_overlay_evidence,P1,"Add local owner, control-test, access-test, audit/redress, corrective-action, contract, workforce, and observation evidence before any local maturity claim.",no_local_fixture_rows,rev0288
LGAP-border_facilitation-no-local-overlay,J_PILOT_FIXTURE_001,border_facilitation,LOCAL_OVERLAY_MISSING,no_local_overlay_evidence,P1,"Add local owner, control-test, access-test, audit/redress, corrective-action, contract, workforce, and observation evidence before any local maturity claim.",no_local_fixture_rows,rev0288
LGAP-breathable_air-no-local-overlay,J_PILOT_FIXTURE_001,breathable_air,LOCAL_OVERLAY_MISSING,no_local_overlay_evidence,P1,"Add local owner, control-test, access-test, audit/redress, corrective-action, contract, workforce, and observation evidence before any local maturity claim.",no_local_fixture_rows,rev0288
LGAP-budget_liquidity-no-local-overlay,J_PILOT_FIXTURE_001,budget_liquidity,LOCAL_OVERLAY_MISSING,no_local_overlay_evidence,P1,"Add local owner, control-test, access-test, audit/redress, corrective-action, contract, workforce, and observation evidence before any local maturity claim.",no_local_fixture_rows,rev0288
LGAP-building_safety_decision-no-local-overlay,J_PILOT_FIXTURE_001,building_safety_decision,LOCAL_OVERLAY_MISSING,no_local_overlay_evidence,P1,"Add local owner, control-test, access-test, audit/redress, corrective-action, contract, workforce, and observation evidence before any local maturity claim.",no_local_fixture_rows,rev0288
LGAP-camp_wash-no-local-overlay,J_PILOT_FIXTURE_001,camp_WASH,LOCAL_OVERLAY_MISSING,no_local_overlay_evidence,P1,"Add local owner, control-test, access-test, audit/redress, corrective-action, contract, workforce, and observation evidence before any local maturity claim.",no_local_fixture_rows,rev0288
LGAP-capital_budget_integration-no-local-overlay,J_PILOT_FIXTURE_001,capital_budget_integration,LOCAL_OVERLAY_MISSING,no_local_overlay_evidence,P1,"Add local owner, control-test, access-test, audit/redress, corrective-action, contract, workforce, and observation evidence before any local maturity claim.",no_local_fixture_rows,rev0288
LGAP-capital_plan_risk_crosswalk-no-local-overlay,J_PILOT_FIXTURE_001,capital_plan_risk_crosswalk,LOCAL_OVERLAY_MISSING,no_local_overlay_evidence,P1,"Add local owner, control-test, access-test, audit/redress, corrective-action, contract, workforce, and observation evidence before any local maturity claim.",no_local_fixture_rows,rev0288
LGAP-carcass_and_waste_management-no-local-overlay,J_PILOT_FIXTURE_001,carcass_and_waste_management,LOCAL_OVERLAY_MISSING,no_local_overlay_evidence,P1,"Add local owner, control-test, access-test, audit/redress, corrective-action, contract, workforce, and observation evidence before any local maturity claim.",no_local_fixture_rows,rev0288
LGAP-case_closure_or_reopen-no-local-overlay,J_PILOT_FIXTURE_001,case_closure_or_reopen,LOCAL_OVERLAY_MISSING,no_local_overlay_evidence,P1,"Add local owner, control-test, access-test, audit/redress, corrective-action, contract, workforce, and observation evidence before any local maturity claim.",no_local_fixture_rows,rev0288
LGAP-case_status_visibility-no-local-overlay,J_PILOT_FIXTURE_001,case_status_visibility,LOCAL_OVERLAY_MISSING,no_local_overlay_evidence,P1,"Add local owner, control-test, access-test, audit/redress, corrective-action, contract, workforce, and observation evidence before any local maturity claim.",no_local_fixture_rows,rev0288
LGAP-casework_continuity-no-local-overlay,J_PILOT_FIXTURE_001,casework_continuity,LOCAL_OVERLAY_MISSING,no_local_overlay_evidence,P1,"Add local owner, control-test, access-test, audit/redress, corrective-action, contract, workforce, and observation evidence before any local maturity claim.",no_local_fixture_rows,rev0288
LGAP-cash_access-no-local-overlay,J_PILOT_FIXTURE_001,cash_access,LOCAL_OVERLAY_MISSING,no_local_overlay_evidence,P1,"Add local owner, control-test, access-test, audit/redress, corrective-action, contract, workforce, and observation evidence before any local maturity claim.",no_local_fixture_rows,rev0288
LGAP-childcare_and_meal_continuity-no-local-overlay,J_PILOT_FIXTURE_001,childcare_and_meal_continuity,LOCAL_OVERLAY_MISSING,no_local_overlay_evidence,P1,"Add local owner, control-test, access-test, audit/redress, corrective-action, contract, workforce, and observation evidence before any local maturity claim.",no_local_fixture_rows,rev0288
LGAP-chronic_care_referral-no-local-overlay,J_PILOT_FIXTURE_001,chronic_care_referral,LOCAL_OVERLAY_MISSING,no_local_overlay_evidence,P1,"Add local owner, control-test, access-test, audit/redress, corrective-action, contract, workforce, and observation evidence before any local maturity claim.",no_local_fixture_rows,rev0288
LGAP-chronic_risk_hotspot_map-no-local-overlay,J_PILOT_FIXTURE_001,chronic_risk_hotspot_map,LOCAL_OVERLAY_MISSING,no_local_overlay_evidence,P1,"Add local owner, control-test, access-test, audit/redress, corrective-action, contract, workforce, and observation evidence before any local maturity claim.",no_local_fixture_rows,rev0288
LGAP-civic_decision_legitimacy-no-local-overlay,J_PILOT_FIXTURE_001,civic_decision_legitimacy,LOCAL_OVERLAY_MISSING,no_local_overlay_evidence,P1,"Add local owner, control-test, access-test, audit/redress, corrective-action, contract, workforce, and observation evidence before any local maturity claim.",no_local_fixture_rows,rev0288
LGAP-claim_evidence_argument-no-local-overlay,J_PILOT_FIXTURE_001,claim_evidence_argument,LOCAL_OVERLAY_MISSING,no_local_overlay_evidence,P1,"Add local owner, control-test, access-test, audit/redress, corrective-action, contract, workforce, and observation evidence before any local maturity claim.",no_local_fixture_rows,rev0288
LGAP-claims_and_assistance_continuity-no-local-overlay,J_PILOT_FIXTURE_001,claims_and_assistance_continuity,LOCAL_OVERLAY_MISSING,no_local_overlay_evidence,P1,"Add local owner, control-test, access-test, audit/redress, corrective-action, contract, workforce, and observation evidence before any local maturity claim.",no_local_fixture_rows,rev0288
LGAP-clean_air-no-local-overlay,J_PILOT_FIXTURE_001,clean_air,LOCAL_OVERLAY_MISSING,no_local_overlay_evidence,P1,"Add local owner, control-test, access-test, audit/redress, corrective-action, contract, workforce, and observation evidence before any local maturity claim.",no_local_fixture_rows,rev0288
LGAP-clean_air_access_under_smoke-no-local-overlay,J_PILOT_FIXTURE_001,clean_air_access_under_smoke,LOCAL_OVERLAY_MISSING,no_local_overlay_evidence,P1,"Add local owner, control-test, access-test, audit/redress, corrective-action, contract, workforce, and observation evidence before any local maturity claim.",no_local_fixture_rows,rev0288
LGAP-cleaner_air_refuge-no-local-overlay,J_PILOT_FIXTURE_001,cleaner_air_refuge,LOCAL_OVERLAY_MISSING,no_local_overlay_evidence,P1,"Add local owner, control-test, access-test, audit/redress, corrective-action, contract, workforce, and observation evidence before any local maturity claim.",no_local_fixture_rows,rev0288
LGAP-cleanup_burden_control-no-local-overlay,J_PILOT_FIXTURE_001,cleanup_burden_control,LOCAL_OVERLAY_MISSING,no_local_overlay_evidence,P1,"Add local owner, control-test, access-test, audit/redress, corrective-action, contract, workforce, and observation evidence before any local maturity claim.",no_local_fixture_rows,rev0288
LGAP-climate_informed_review-no-local-overlay,J_PILOT_FIXTURE_001,climate_informed_review,LOCAL_OVERLAY_MISSING,no_local_overlay_evidence,P1,"Add local owner, control-test, access-test, audit/redress, corrective-action, contract, workforce, and observation evidence before any local maturity claim.",no_local_fixture_rows,rev0288
LGAP-climate_model_governance-no-local-overlay,J_PILOT_FIXTURE_001,climate_model_governance,LOCAL_OVERLAY_MISSING,no_local_overlay_evidence,P1,"Add local owner, control-test, access-test, audit/redress, corrective-action, contract, workforce, and observation evidence before any local maturity claim.",no_local_fixture_rows,rev0288
LGAP-climate_sensitive_disease_surveillance-no-local-overlay,J_PILOT_FIXTURE_001,climate_sensitive_disease_surveillance,LOCAL_OVERLAY_MISSING,no_local_overlay_evidence,P1,"Add local owner, control-test, access-test, audit/redress, corrective-action, contract, workforce, and observation evidence before any local maturity claim.",no_local_fixture_rows,rev0288
LGAP-coastal_ocean_continuity-no-local-overlay,J_PILOT_FIXTURE_001,coastal_ocean_continuity,LOCAL_OVERLAY_MISSING,no_local_overlay_evidence,P1,"Add local owner, control-test, access-test, audit/redress, corrective-action, contract, workforce, and observation evidence before any local maturity claim.",no_local_fixture_rows,rev0288
LGAP-coastal_settlement_safety-no-local-overlay,J_PILOT_FIXTURE_001,coastal_settlement_safety,LOCAL_OVERLAY_MISSING,no_local_overlay_evidence,P1,"Add local owner, control-test, access-test, audit/redress, corrective-action, contract, workforce, and observation evidence before any local maturity claim.",no_local_fixture_rows,rev0288
LGAP-code_upgrade_finance-no-local-overlay,J_PILOT_FIXTURE_001,code_upgrade_finance,LOCAL_OVERLAY_MISSING,no_local_overlay_evidence,P1,"Add local owner, control-test, access-test, audit/redress, corrective-action, contract, workforce, and observation evidence before any local maturity claim.",no_local_fixture_rows,rev0288
LGAP-common_element_repair-no-local-overlay,J_PILOT_FIXTURE_001,common_element_repair,LOCAL_OVERLAY_MISSING,no_local_overlay_evidence,P1,"Add local owner, control-test, access-test, audit/redress, corrective-action, contract, workforce, and observation evidence before any local maturity claim.",no_local_fixture_rows,rev0288
LGAP-community_anchor_continuity-no-local-overlay,J_PILOT_FIXTURE_001,community_anchor_continuity,LOCAL_OVERLAY_MISSING,no_local_overlay_evidence,P1,"Add local owner, control-test, access-test, audit/redress, corrective-action, contract, workforce, and observation evidence before any local maturity claim.",no_local_fixture_rows,rev0288
LGAP-community_bridge_continuity-no-local-overlay,J_PILOT_FIXTURE_001,community_bridge_continuity,LOCAL_OVERLAY_MISSING,no_local_overlay_evidence,P1,"Add local owner, control-test, access-test, audit/redress, corrective-action, contract, workforce, and observation evidence before any local maturity claim.",no_local_fixture_rows,rev0288
LGAP-community_capacity_bridge-no-local-overlay,J_PILOT_FIXTURE_001,community_capacity_bridge,LOCAL_OVERLAY_MISSING,no_local_overlay_evidence,P1,"Add local owner, control-test, access-test, audit/redress, corrective-action, contract, workforce, and observation evidence before any local maturity claim.",no_local_fixture_rows,rev0288
LGAP-community_fire_adaptation-no-local-overlay,J_PILOT_FIXTURE_001,community_fire_adaptation,LOCAL_OVERLAY_MISSING,no_local_overlay_evidence,P1,"Add local owner, control-test, access-test, audit/redress, corrective-action, contract, workforce, and observation evidence before any local maturity claim.",no_local_fixture_rows,rev0288
LGAP-competency_retention-no-local-overlay,J_PILOT_FIXTURE_001,competency_retention,LOCAL_OVERLAY_MISSING,no_local_overlay_evidence,P1,"Add local owner, control-test, access-test, audit/redress, corrective-action, contract, workforce, and observation evidence before any local maturity claim.",no_local_fixture_rows,rev0288
LGAP-confidential_complaint_and_response-no-local-overlay,J_PILOT_FIXTURE_001,confidential_complaint_and_response,LOCAL_OVERLAY_MISSING,no_local_overlay_evidence,P1,"Add local owner, control-test, access-test, audit/redress, corrective-action, contract, workforce, and observation evidence before any local maturity claim.",no_local_fixture_rows,rev0288
LGAP-conflict_sensitive_service_continuity-no-local-overlay,J_PILOT_FIXTURE_001,conflict_sensitive_service_continuity,LOCAL_OVERLAY_MISSING,no_local_overlay_evidence,P1,"Add local owner, control-test, access-test, audit/redress, corrective-action, contract, workforce, and observation evidence before any local maturity claim.",no_local_fixture_rows,rev0288
LGAP-connectivity_continuity-no-local-overlay,J_PILOT_FIXTURE_001,connectivity_continuity,LOCAL_OVERLAY_MISSING,no_local_overlay_evidence,P1,"Add local owner, control-test, access-test, audit/redress, corrective-action, contract, workforce, and observation evidence before any local maturity claim.",no_local_fixture_rows,rev0288
LGAP-consumer_redress-no-local-overlay,J_PILOT_FIXTURE_001,consumer_redress,LOCAL_OVERLAY_MISSING,no_local_overlay_evidence,P1,"Add local owner, control-test, access-test, audit/redress, corrective-action, contract, workforce, and observation evidence before any local maturity claim.",no_local_fixture_rows,rev0288
LGAP-contingent_finance-no-local-overlay,J_PILOT_FIXTURE_001,contingent_finance,LOCAL_OVERLAY_MISSING,no_local_overlay_evidence,P1,"Add local owner, control-test, access-test, audit/redress, corrective-action, contract, workforce, and observation evidence before any local maturity claim.",no_local_fixture_rows,rev0288
LGAP-contracting_speed_with_control-no-local-overlay,J_PILOT_FIXTURE_001,contracting_speed_with_control,LOCAL_OVERLAY_MISSING,no_local_overlay_evidence,P1,"Add local owner, control-test, access-test, audit/redress, corrective-action, contract, workforce, and observation evidence before any local maturity claim.",no_local_fixture_rows,rev0288
LGAP-corrected_after_action-no-local-overlay,J_PILOT_FIXTURE_001,corrected_after_action,LOCAL_OVERLAY_MISSING,no_local_overlay_evidence,P1,"Add local owner, control-test, access-test, audit/redress, corrective-action, contract, workforce, and observation evidence before any local maturity claim.",no_local_fixture_rows,rev0288
LGAP-correction_enforcement-no-local-overlay,J_PILOT_FIXTURE_001,correction_enforcement,LOCAL_OVERLAY_MISSING,no_local_overlay_evidence,P1,"Add local owner, control-test, access-test, audit/redress, corrective-action, contract, workforce, and observation evidence before any local maturity claim.",no_local_fixture_rows,rev0288
LGAP-correction_visible_dashboard-no-local-overlay,J_PILOT_FIXTURE_001,correction_visible_dashboard,LOCAL_OVERLAY_MISSING,no_local_overlay_evidence,P1,"Add local owner, control-test, access-test, audit/redress, corrective-action, contract, workforce, and observation evidence before any local maturity claim.",no_local_fixture_rows,rev0288
LGAP-credit_damage_prevention-no-local-overlay,J_PILOT_FIXTURE_001,credit_damage_prevention,LOCAL_OVERLAY_MISSING,no_local_overlay_evidence,P1,"Add local owner, control-test, access-test, audit/redress, corrective-action, contract, workforce, and observation evidence before any local maturity claim.",no_local_fixture_rows,rev0288
LGAP-critical_customer_continuity-no-local-overlay,J_PILOT_FIXTURE_001,critical_customer_continuity,LOCAL_OVERLAY_MISSING,no_local_overlay_evidence,P1,"Add local owner, control-test, access-test, audit/redress, corrective-action, contract, workforce, and observation evidence before any local maturity claim.",no_local_fixture_rows,rev0288
LGAP-critical_load_continuity-no-local-overlay,J_PILOT_FIXTURE_001,critical_load_continuity,LOCAL_OVERLAY_MISSING,no_local_overlay_evidence,P1,"Add local owner, control-test, access-test, audit/redress, corrective-action, contract, workforce, and observation evidence before any local maturity claim.",no_local_fixture_rows,rev0288
LGAP-critical_mobility_energy-no-local-overlay,J_PILOT_FIXTURE_001,critical_mobility_energy,LOCAL_OVERLAY_MISSING,no_local_overlay_evidence,P1,"Add local owner, control-test, access-test, audit/redress, corrective-action, contract, workforce, and observation evidence before any local maturity claim.",no_local_fixture_rows,rev0288
LGAP-critical_spares_availability-no-local-overlay,J_PILOT_FIXTURE_001,critical_spares_availability,LOCAL_OVERLAY_MISSING,no_local_overlay_evidence,P1,"Add local owner, control-test, access-test, audit/redress, corrective-action, contract, workforce, and observation evidence before any local maturity claim.",no_local_fixture_rows,rev0288
LGAP-crop_protection-no-local-overlay,J_PILOT_FIXTURE_001,crop_protection,LOCAL_OVERLAY_MISSING,no_local_overlay_evidence,P1,"Add local owner, control-test, access-test, audit/redress, corrective-action, contract, workforce, and observation evidence before any local maturity claim.",no_local_fixture_rows,rev0288
LGAP-cross_service_continuity-no-local-overlay,J_PILOT_FIXTURE_001,cross_service_continuity,LOCAL_OVERLAY_MISSING,no_local_overlay_evidence,P1,"Add local owner, control-test, access-test, audit/redress, corrective-action, contract, workforce, and observation evidence before any local maturity claim.",no_local_fixture_rows,rev0288
LGAP-cultural_and_religious_rites-no-local-overlay,J_PILOT_FIXTURE_001,cultural_and_religious_rites,LOCAL_OVERLAY_MISSING,no_local_overlay_evidence,P1,"Add local owner, control-test, access-test, audit/redress, corrective-action, contract, workforce, and observation evidence before any local maturity claim.",no_local_fixture_rows,rev0288
LGAP-cultural_continuity-no-local-overlay,J_PILOT_FIXTURE_001,cultural_continuity,LOCAL_OVERLAY_MISSING,no_local_overlay_evidence,P1,"Add local owner, control-test, access-test, audit/redress, corrective-action, contract, workforce, and observation evidence before any local maturity claim.",no_local_fixture_rows,rev0288
LGAP-current_evidence-no-local-overlay,J_PILOT_FIXTURE_001,current_evidence,LOCAL_OVERLAY_MISSING,no_local_overlay_evidence,P1,"Add local owner, control-test, access-test, audit/redress, corrective-action, contract, workforce, and observation evidence before any local maturity claim.",no_local_fixture_rows,rev0288
LGAP-current_hazard_map_access-no-local-overlay,J_PILOT_FIXTURE_001,current_hazard_map_access,LOCAL_OVERLAY_MISSING,no_local_overlay_evidence,P1,"Add local owner, control-test, access-test, audit/redress, corrective-action, contract, workforce, and observation evidence before any local maturity claim.",no_local_fixture_rows,rev0288
LGAP-custodial_care_continuity-no-local-overlay,J_PILOT_FIXTURE_001,custodial_care_continuity,LOCAL_OVERLAY_MISSING,no_local_overlay_evidence,P1,"Add local owner, control-test, access-test, audit/redress, corrective-action, contract, workforce, and observation evidence before any local maturity claim.",no_local_fixture_rows,rev0288
LGAP-cyber_physical_control_safety-no-local-overlay,J_PILOT_FIXTURE_001,cyber_physical_control_safety,LOCAL_OVERLAY_MISSING,no_local_overlay_evidence,P1,"Add local owner, control-test, access-test, audit/redress, corrective-action, contract, workforce, and observation evidence before any local maturity claim.",no_local_fixture_rows,rev0288
LGAP-cyber_resilient_public_services-no-local-overlay,J_PILOT_FIXTURE_001,cyber_resilient_public_services,LOCAL_OVERLAY_MISSING,no_local_overlay_evidence,P1,"Add local owner, control-test, access-test, audit/redress, corrective-action, contract, workforce, and observation evidence before any local maturity claim.",no_local_fixture_rows,rev0288
LGAP-dam_and_levee_safety-no-local-overlay,J_PILOT_FIXTURE_001,dam_and_levee_safety,LOCAL_OVERLAY_MISSING,no_local_overlay_evidence,P1,"Add local owner, control-test, access-test, audit/redress, corrective-action, contract, workforce, and observation evidence before any local maturity claim.",no_local_fixture_rows,rev0288
LGAP-deadline_hold_and_notice-no-local-overlay,J_PILOT_FIXTURE_001,deadline_hold_and_notice,LOCAL_OVERLAY_MISSING,no_local_overlay_evidence,P1,"Add local owner, control-test, access-test, audit/redress, corrective-action, contract, workforce, and observation evidence before any local maturity claim.",no_local_fixture_rows,rev0288
LGAP-death_record_continuity-no-local-overlay,J_PILOT_FIXTURE_001,death_record_continuity,LOCAL_OVERLAY_MISSING,no_local_overlay_evidence,P1,"Add local owner, control-test, access-test, audit/redress, corrective-action, contract, workforce, and observation evidence before any local maturity claim.",no_local_fixture_rows,rev0288
LGAP-debris_clearance-no-local-overlay,J_PILOT_FIXTURE_001,debris_clearance,LOCAL_OVERLAY_MISSING,no_local_overlay_evidence,P1,"Add local owner, control-test, access-test, audit/redress, corrective-action, contract, workforce, and observation evidence before any local maturity claim.",no_local_fixture_rows,rev0288
LGAP-debt_standstill_and_forbearance-no-local-overlay,J_PILOT_FIXTURE_001,debt_standstill_and_forbearance,LOCAL_OVERLAY_MISSING,no_local_overlay_evidence,P1,"Add local owner, control-test, access-test, audit/redress, corrective-action, contract, workforce, and observation evidence before any local maturity claim.",no_local_fixture_rows,rev0288
LGAP-debt_sustainability_screen-no-local-overlay,J_PILOT_FIXTURE_001,debt_sustainability_screen,LOCAL_OVERLAY_MISSING,no_local_overlay_evidence,P1,"Add local owner, control-test, access-test, audit/redress, corrective-action, contract, workforce, and observation evidence before any local maturity claim.",no_local_fixture_rows,rev0288
LGAP-decision_owner-no-local-overlay,J_PILOT_FIXTURE_001,decision_owner,LOCAL_OVERLAY_MISSING,no_local_overlay_evidence,P1,"Add local owner, control-test, access-test, audit/redress, corrective-action, contract, workforce, and observation evidence before any local maturity claim.",no_local_fixture_rows,rev0288
LGAP-decommissioning_or_repurpose_route-no-local-overlay,J_PILOT_FIXTURE_001,decommissioning_or_repurpose_route,LOCAL_OVERLAY_MISSING,no_local_overlay_evidence,P1,"Add local owner, control-test, access-test, audit/redress, corrective-action, contract, workforce, and observation evidence before any local maturity claim.",no_local_fixture_rows,rev0288
LGAP-degraded_mode_pass-no-local-overlay,J_PILOT_FIXTURE_001,degraded_mode_pass,LOCAL_OVERLAY_MISSING,no_local_overlay_evidence,P1,"Add local owner, control-test, access-test, audit/redress, corrective-action, contract, workforce, and observation evidence before any local maturity claim.",no_local_fixture_rows,rev0288
LGAP-dialysis_continuity-no-local-overlay,J_PILOT_FIXTURE_001,dialysis_continuity,LOCAL_OVERLAY_MISSING,no_local_overlay_evidence,P1,"Add local owner, control-test, access-test, audit/redress, corrective-action, contract, workforce, and observation evidence before any local maturity claim.",no_local_fixture_rows,rev0288
LGAP-digital_identity_access-no-local-overlay,J_PILOT_FIXTURE_001,digital_identity_access,LOCAL_OVERLAY_MISSING,no_local_overlay_evidence,P1,"Add local owner, control-test, access-test, audit/redress, corrective-action, contract, workforce, and observation evidence before any local maturity claim.",no_local_fixture_rows,rev0288
LGAP-digital_service_continuity-no-local-overlay,J_PILOT_FIXTURE_001,digital_service_continuity,LOCAL_OVERLAY_MISSING,no_local_overlay_evidence,P1,"Add local owner, control-test, access-test, audit/redress, corrective-action, contract, workforce, and observation evidence before any local maturity claim.",no_local_fixture_rows,rev0288
LGAP-dignified_management_of_the_dead-no-local-overlay,J_PILOT_FIXTURE_001,dignified_management_of_the_dead,LOCAL_OVERLAY_MISSING,no_local_overlay_evidence,P1,"Add local owner, control-test, access-test, audit/redress, corrective-action, contract, workforce, and observation evidence before any local maturity claim.",no_local_fixture_rows,rev0288
LGAP-dispatch_continuity-no-local-overlay,J_PILOT_FIXTURE_001,dispatch_continuity,LOCAL_OVERLAY_MISSING,no_local_overlay_evidence,P1,"Add local owner, control-test, access-test, audit/redress, corrective-action, contract, workforce, and observation evidence before any local maturity claim.",no_local_fixture_rows,rev0288
LGAP-distributional_project_selection-no-local-overlay,J_PILOT_FIXTURE_001,distributional_project_selection,LOCAL_OVERLAY_MISSING,no_local_overlay_evidence,P1,"Add local owner, control-test, access-test, audit/redress, corrective-action, contract, workforce, and observation evidence before any local maturity claim.",no_local_fixture_rows,rev0288
LGAP-document_and_account_recovery-no-local-overlay,J_PILOT_FIXTURE_001,document_and_account_recovery,LOCAL_OVERLAY_MISSING,no_local_overlay_evidence,P1,"Add local owner, control-test, access-test, audit/redress, corrective-action, contract, workforce, and observation evidence before any local maturity claim.",no_local_fixture_rows,rev0288
LGAP-document_substitution-no-local-overlay,J_PILOT_FIXTURE_001,document_substitution,LOCAL_OVERLAY_MISSING,no_local_overlay_evidence,P1,"Add local owner, control-test, access-test, audit/redress, corrective-action, contract, workforce, and observation evidence before any local maturity claim.",no_local_fixture_rows,rev0288
LGAP-donation_offer_routing-no-local-overlay,J_PILOT_FIXTURE_001,donation_offer_routing,LOCAL_OVERLAY_MISSING,no_local_overlay_evidence,P1,"Add local owner, control-test, access-test, audit/redress, corrective-action, contract, workforce, and observation evidence before any local maturity claim.",no_local_fixture_rows,rev0288
LGAP-dormitory_cooling-no-local-overlay,J_PILOT_FIXTURE_001,dormitory_cooling,LOCAL_OVERLAY_MISSING,no_local_overlay_evidence,P1,"Add local owner, control-test, access-test, audit/redress, corrective-action, contract, workforce, and observation evidence before any local maturity claim.",no_local_fixture_rows,rev0288
LGAP-drainage_capacity-no-local-overlay,J_PILOT_FIXTURE_001,drainage_capacity,LOCAL_OVERLAY_MISSING,no_local_overlay_evidence,P1,"Add local owner, control-test, access-test, audit/redress, corrective-action, contract, workforce, and observation evidence before any local maturity claim.",no_local_fixture_rows,rev0288
LGAP-drought_allocation_rule-no-local-overlay,J_PILOT_FIXTURE_001,drought_allocation_rule,LOCAL_OVERLAY_MISSING,no_local_overlay_evidence,P1,"Add local owner, control-test, access-test, audit/redress, corrective-action, contract, workforce, and observation evidence before any local maturity claim.",no_local_fixture_rows,rev0288
LGAP-durable_housing_pathway-g_independent_audit_redress_localized,J_PILOT_FIXTURE_001,durable_housing_pathway,G_INDEPENDENT_AUDIT_REDRESS_LOCALIZED,partial_fixture_gate_blocker,P1,Complete local evidence or public accepted-risk exception before treating fixture as fully assured.,synthetic_not_real_world_evidence,rev0288
LGAP-durable_housing_pathway-g_corrective_action_closure,J_PILOT_FIXTURE_001,durable_housing_pathway,G_CORRECTIVE_ACTION_CLOSURE,partial_fixture_gate_blocker,P1,Complete local evidence or public accepted-risk exception before treating fixture as fully assured.,synthetic_not_real_world_evidence,rev0288
LGAP-durable_housing_pathway-g_contracting_instance_trace,J_PILOT_FIXTURE_001,durable_housing_pathway,G_CONTRACTING_INSTANCE_TRACE,partial_fixture_gate_blocker,P1,Complete local evidence or public accepted-risk exception before treating fixture as fully assured.,synthetic_not_real_world_evidence,rev0288
LGAP-durable_solutions-no-local-overlay,J_PILOT_FIXTURE_001,durable_solutions,LOCAL_OVERLAY_MISSING,no_local_overlay_evidence,P1,"Add local owner, control-test, access-test, audit/redress, corrective-action, contract, workforce, and observation evidence before any local maturity claim.",no_local_fixture_rows,rev0288
LGAP-duty_to_disclose_residual_risk-no-local-overlay,J_PILOT_FIXTURE_001,duty_to_disclose_residual_risk,LOCAL_OVERLAY_MISSING,no_local_overlay_evidence,P1,"Add local owner, control-test, access-test, audit/redress, corrective-action, contract, workforce, and observation evidence before any local maturity claim.",no_local_fixture_rows,rev0288
LGAP-ecosystem_buffer_performance-no-local-overlay,J_PILOT_FIXTURE_001,ecosystem_buffer_performance,LOCAL_OVERLAY_MISSING,no_local_overlay_evidence,P1,"Add local owner, control-test, access-test, audit/redress, corrective-action, contract, workforce, and observation evidence before any local maturity claim.",no_local_fixture_rows,rev0288
LGAP-election_continuity-no-local-overlay,J_PILOT_FIXTURE_001,election_continuity,LOCAL_OVERLAY_MISSING,no_local_overlay_evidence,P1,"Add local owner, control-test, access-test, audit/redress, corrective-action, contract, workforce, and observation evidence before any local maturity claim.",no_local_fixture_rows,rev0288
LGAP-emergency_energy_input_continuity-no-local-overlay,J_PILOT_FIXTURE_001,emergency_energy_input_continuity,LOCAL_OVERLAY_MISSING,no_local_overlay_evidence,P1,"Add local owner, control-test, access-test, audit/redress, corrective-action, contract, workforce, and observation evidence before any local maturity claim.",no_local_fixture_rows,rev0288
LGAP-emergency_response_continuity-no-local-overlay,J_PILOT_FIXTURE_001,emergency_response_continuity,LOCAL_OVERLAY_MISSING,no_local_overlay_evidence,P1,"Add local owner, control-test, access-test, audit/redress, corrective-action, contract, workforce, and observation evidence before any local maturity claim.",no_local_fixture_rows,rev0288
LGAP-emergency_transaction_continuity-no-local-overlay,J_PILOT_FIXTURE_001,emergency_transaction_continuity,LOCAL_OVERLAY_MISSING,no_local_overlay_evidence,P1,"Add local owner, control-test, access-test, audit/redress, corrective-action, contract, workforce, and observation evidence before any local maturity claim.",no_local_fixture_rows,rev0288
LGAP-energy_continuity-no-local-overlay,J_PILOT_FIXTURE_001,energy_continuity,LOCAL_OVERLAY_MISSING,no_local_overlay_evidence,P1,"Add local owner, control-test, access-test, audit/redress, corrective-action, contract, workforce, and observation evidence before any local maturity claim.",no_local_fixture_rows,rev0288
LGAP-energy_shock_absorber-no-local-overlay,J_PILOT_FIXTURE_001,energy_shock_absorber,LOCAL_OVERLAY_MISSING,no_local_overlay_evidence,P1,"Add local owner, control-test, access-test, audit/redress, corrective-action, contract, workforce, and observation evidence before any local maturity claim.",no_local_fixture_rows,rev0288
LGAP-environmental_health_cleanup-no-local-overlay,J_PILOT_FIXTURE_001,environmental_health_cleanup,LOCAL_OVERLAY_MISSING,no_local_overlay_evidence,P1,"Add local owner, control-test, access-test, audit/redress, corrective-action, contract, workforce, and observation evidence before any local maturity claim.",no_local_fixture_rows,rev0288
LGAP-environmental_health_shock_absorber-no-local-overlay,J_PILOT_FIXTURE_001,environmental_health_shock_absorber,LOCAL_OVERLAY_MISSING,no_local_overlay_evidence,P1,"Add local owner, control-test, access-test, audit/redress, corrective-action, contract, workforce, and observation evidence before any local maturity claim.",no_local_fixture_rows,rev0288
LGAP-equal_access_before_readiness-no-local-overlay,J_PILOT_FIXTURE_001,equal_access_before_readiness,LOCAL_OVERLAY_MISSING,no_local_overlay_evidence,P1,"Add local owner, control-test, access-test, audit/redress, corrective-action, contract, workforce, and observation evidence before any local maturity claim.",no_local_fixture_rows,rev0288
LGAP-essential_enterprise_reopening-no-local-overlay,J_PILOT_FIXTURE_001,essential_enterprise_reopening,LOCAL_OVERLAY_MISSING,no_local_overlay_evidence,P1,"Add local owner, control-test, access-test, audit/redress, corrective-action, contract, workforce, and observation evidence before any local maturity claim.",no_local_fixture_rows,rev0288
LGAP-essential_property_device_replacement-no-local-overlay,J_PILOT_FIXTURE_001,essential_property_device_replacement,LOCAL_OVERLAY_MISSING,no_local_overlay_evidence,P1,"Add local owner, control-test, access-test, audit/redress, corrective-action, contract, workforce, and observation evidence before any local maturity claim.",no_local_fixture_rows,rev0288
LGAP-essential_worker_access-no-local-overlay,J_PILOT_FIXTURE_001,essential_worker_access,LOCAL_OVERLAY_MISSING,no_local_overlay_evidence,P1,"Add local owner, control-test, access-test, audit/redress, corrective-action, contract, workforce, and observation evidence before any local maturity claim.",no_local_fixture_rows,rev0288
LGAP-essential_worker_sustainment-no-local-overlay,J_PILOT_FIXTURE_001,essential_worker_sustainment,LOCAL_OVERLAY_MISSING,no_local_overlay_evidence,P1,"Add local owner, control-test, access-test, audit/redress, corrective-action, contract, workforce, and observation evidence before any local maturity claim.",no_local_fixture_rows,rev0288
LGAP-evacuation_rights-no-local-overlay,J_PILOT_FIXTURE_001,evacuation_rights,LOCAL_OVERLAY_MISSING,no_local_overlay_evidence,P1,"Add local owner, control-test, access-test, audit/redress, corrective-action, contract, workforce, and observation evidence before any local maturity claim.",no_local_fixture_rows,rev0288
LGAP-exception_and_correction_path-no-local-overlay,J_PILOT_FIXTURE_001,exception_and_correction_path,LOCAL_OVERLAY_MISSING,no_local_overlay_evidence,P1,"Add local owner, control-test, access-test, audit/redress, corrective-action, contract, workforce, and observation evidence before any local maturity claim.",no_local_fixture_rows,rev0288
LGAP-excluded_user_detection-no-local-overlay,J_PILOT_FIXTURE_001,excluded_user_detection,LOCAL_OVERLAY_MISSING,no_local_overlay_evidence,P1,"Add local owner, control-test, access-test, audit/redress, corrective-action, contract, workforce, and observation evidence before any local maturity claim.",no_local_fixture_rows,rev0288
LGAP-executable_heat_action_thresholds-no-local-overlay,J_PILOT_FIXTURE_001,executable_heat_action_thresholds,LOCAL_OVERLAY_MISSING,no_local_overlay_evidence,P1,"Add local owner, control-test, access-test, audit/redress, corrective-action, contract, workforce, and observation evidence before any local maturity claim.",no_local_fixture_rows,rev0288
LGAP-executable_smoke_action_thresholds-no-local-overlay,J_PILOT_FIXTURE_001,executable_smoke_action_thresholds,LOCAL_OVERLAY_MISSING,no_local_overlay_evidence,P1,"Add local owner, control-test, access-test, audit/redress, corrective-action, contract, workforce, and observation evidence before any local maturity claim.",no_local_fixture_rows,rev0288
LGAP-external_assistance_request-no-local-overlay,J_PILOT_FIXTURE_001,external_assistance_request,LOCAL_OVERLAY_MISSING,no_local_overlay_evidence,P1,"Add local owner, control-test, access-test, audit/redress, corrective-action, contract, workforce, and observation evidence before any local maturity claim.",no_local_fixture_rows,rev0288
LGAP-fair_recovery_cashflow-no-local-overlay,J_PILOT_FIXTURE_001,fair_recovery_cashflow,LOCAL_OVERLAY_MISSING,no_local_overlay_evidence,P1,"Add local owner, control-test, access-test, audit/redress, corrective-action, contract, workforce, and observation evidence before any local maturity claim.",no_local_fixture_rows,rev0288
LGAP-fair_repair_and_claims-no-local-overlay,J_PILOT_FIXTURE_001,fair_repair_and_claims,LOCAL_OVERLAY_MISSING,no_local_overlay_evidence,P1,"Add local owner, control-test, access-test, audit/redress, corrective-action, contract, workforce, and observation evidence before any local maturity claim.",no_local_fixture_rows,rev0288
LGAP-fair_restoration_priority-no-local-overlay,J_PILOT_FIXTURE_001,fair_restoration_priority,LOCAL_OVERLAY_MISSING,no_local_overlay_evidence,P1,"Add local owner, control-test, access-test, audit/redress, corrective-action, contract, workforce, and observation evidence before any local maturity claim.",no_local_fixture_rows,rev0288
LGAP-family_notification-no-local-overlay,J_PILOT_FIXTURE_001,family_notification,LOCAL_OVERLAY_MISSING,no_local_overlay_evidence,P1,"Add local owner, control-test, access-test, audit/redress, corrective-action, contract, workforce, and observation evidence before any local maturity claim.",no_local_fixture_rows,rev0288
LGAP-feasible_protective_action-no-local-overlay,J_PILOT_FIXTURE_001,feasible_protective_action,LOCAL_OVERLAY_MISSING,no_local_overlay_evidence,P1,"Add local owner, control-test, access-test, audit/redress, corrective-action, contract, workforce, and observation evidence before any local maturity claim.",no_local_fixture_rows,rev0288
LGAP-feedback_and_accountability-no-local-overlay,J_PILOT_FIXTURE_001,feedback_and_accountability,LOCAL_OVERLAY_MISSING,no_local_overlay_evidence,P1,"Add local owner, control-test, access-test, audit/redress, corrective-action, contract, workforce, and observation evidence before any local maturity claim.",no_local_fixture_rows,rev0288
LGAP-feeding_and_basic_needs-no-local-overlay,J_PILOT_FIXTURE_001,feeding_and_basic_needs,LOCAL_OVERLAY_MISSING,no_local_overlay_evidence,P1,"Add local owner, control-test, access-test, audit/redress, corrective-action, contract, workforce, and observation evidence before any local maturity claim.",no_local_fixture_rows,rev0288
LGAP-finance_owner-no-local-overlay,J_PILOT_FIXTURE_001,finance_owner,LOCAL_OVERLAY_MISSING,no_local_overlay_evidence,P1,"Add local owner, control-test, access-test, audit/redress, corrective-action, contract, workforce, and observation evidence before any local maturity claim.",no_local_fixture_rows,rev0288
LGAP-fiscal_capacity-no-local-overlay,J_PILOT_FIXTURE_001,fiscal_capacity,LOCAL_OVERLAY_MISSING,no_local_overlay_evidence,P1,"Add local owner, control-test, access-test, audit/redress, corrective-action, contract, workforce, and observation evidence before any local maturity claim.",no_local_fixture_rows,rev0288
LGAP-fisheries_livelihood_continuity-no-local-overlay,J_PILOT_FIXTURE_001,fisheries_livelihood_continuity,LOCAL_OVERLAY_MISSING,no_local_overlay_evidence,P1,"Add local owner, control-test, access-test, audit/redress, corrective-action, contract, workforce, and observation evidence before any local maturity claim.",no_local_fixture_rows,rev0288
LGAP-flood_release_protocol-no-local-overlay,J_PILOT_FIXTURE_001,flood_release_protocol,LOCAL_OVERLAY_MISSING,no_local_overlay_evidence,P1,"Add local owner, control-test, access-test, audit/redress, corrective-action, contract, workforce, and observation evidence before any local maturity claim.",no_local_fixture_rows,rev0288
LGAP-floodwater_management_continuity-no-local-overlay,J_PILOT_FIXTURE_001,floodwater_management_continuity,LOCAL_OVERLAY_MISSING,no_local_overlay_evidence,P1,"Add local owner, control-test, access-test, audit/redress, corrective-action, contract, workforce, and observation evidence before any local maturity claim.",no_local_fixture_rows,rev0288
LGAP-functional_home_restart-no-local-overlay,J_PILOT_FIXTURE_001,functional_home_restart,LOCAL_OVERLAY_MISSING,no_local_overlay_evidence,P1,"Add local owner, control-test, access-test, audit/redress, corrective-action, contract, workforce, and observation evidence before any local maturity claim.",no_local_fixture_rows,rev0288
LGAP-functional_recovery_outcome-no-local-overlay,J_PILOT_FIXTURE_001,functional_recovery_outcome,LOCAL_OVERLAY_MISSING,no_local_overlay_evidence,P1,"Add local owner, control-test, access-test, audit/redress, corrective-action, contract, workforce, and observation evidence before any local maturity claim.",no_local_fixture_rows,rev0288
LGAP-funded_risk_reduction_queue-no-local-overlay,J_PILOT_FIXTURE_001,funded_risk_reduction_queue,LOCAL_OVERLAY_MISSING,no_local_overlay_evidence,P1,"Add local owner, control-test, access-test, audit/redress, corrective-action, contract, workforce, and observation evidence before any local maturity claim.",no_local_fixture_rows,rev0288
LGAP-future_condition_design_values-no-local-overlay,J_PILOT_FIXTURE_001,future_condition_design_values,LOCAL_OVERLAY_MISSING,no_local_overlay_evidence,P1,"Add local owner, control-test, access-test, audit/redress, corrective-action, contract, workforce, and observation evidence before any local maturity claim.",no_local_fixture_rows,rev0288
LGAP-gendered_safety-no-local-overlay,J_PILOT_FIXTURE_001,gendered_safety,LOCAL_OVERLAY_MISSING,no_local_overlay_evidence,P1,"Add local owner, control-test, access-test, audit/redress, corrective-action, contract, workforce, and observation evidence before any local maturity claim.",no_local_fixture_rows,rev0288
LGAP-geographic_equity_check-no-local-overlay,J_PILOT_FIXTURE_001,geographic_equity_check,LOCAL_OVERLAY_MISSING,no_local_overlay_evidence,P1,"Add local owner, control-test, access-test, audit/redress, corrective-action, contract, workforce, and observation evidence before any local maturity claim.",no_local_fixture_rows,rev0288
LGAP-grant_documentation_continuity-no-local-overlay,J_PILOT_FIXTURE_001,grant_documentation_continuity,LOCAL_OVERLAY_MISSING,no_local_overlay_evidence,P1,"Add local owner, control-test, access-test, audit/redress, corrective-action, contract, workforce, and observation evidence before any local maturity claim.",no_local_fixture_rows,rev0288
LGAP-green_infrastructure_oandm-no-local-overlay,J_PILOT_FIXTURE_001,green_infrastructure_OandM,LOCAL_OVERLAY_MISSING,no_local_overlay_evidence,P1,"Add local owner, control-test, access-test, audit/redress, corrective-action, contract, workforce, and observation evidence before any local maturity claim.",no_local_fixture_rows,rev0288
LGAP-grievance_and_appeal_route-no-local-overlay,J_PILOT_FIXTURE_001,grievance_and_appeal_route,LOCAL_OVERLAY_MISSING,no_local_overlay_evidence,P1,"Add local owner, control-test, access-test, audit/redress, corrective-action, contract, workforce, and observation evidence before any local maturity claim.",no_local_fixture_rows,rev0288
LGAP-ground_truth_correction_path-no-local-overlay,J_PILOT_FIXTURE_001,ground_truth_correction_path,LOCAL_OVERLAY_MISSING,no_local_overlay_evidence,P1,"Add local owner, control-test, access-test, audit/redress, corrective-action, contract, workforce, and observation evidence before any local maturity claim.",no_local_fixture_rows,rev0288
LGAP-habitability_return_gate-no-local-overlay,J_PILOT_FIXTURE_001,habitability_return_gate,LOCAL_OVERLAY_MISSING,no_local_overlay_evidence,P1,"Add local owner, control-test, access-test, audit/redress, corrective-action, contract, workforce, and observation evidence before any local maturity claim.",no_local_fixture_rows,rev0288
LGAP-handoff_acceptance_test-no-local-overlay,J_PILOT_FIXTURE_001,handoff_acceptance_test,LOCAL_OVERLAY_MISSING,no_local_overlay_evidence,P1,"Add local owner, control-test, access-test, audit/redress, corrective-action, contract, workforce, and observation evidence before any local maturity claim.",no_local_fixture_rows,rev0288
LGAP-handoff_without_drop-no-local-overlay,J_PILOT_FIXTURE_001,handoff_without_drop,LOCAL_OVERLAY_MISSING,no_local_overlay_evidence,P1,"Add local owner, control-test, access-test, audit/redress, corrective-action, contract, workforce, and observation evidence before any local maturity claim.",no_local_fixture_rows,rev0288
LGAP-hazard_resistant_reconstruction-no-local-overlay,J_PILOT_FIXTURE_001,hazard_resistant_reconstruction,LOCAL_OVERLAY_MISSING,no_local_overlay_evidence,P1,"Add local owner, control-test, access-test, audit/redress, corrective-action, contract, workforce, and observation evidence before any local maturity claim.",no_local_fixture_rows,rev0288
LGAP-hazardous_materials_separation-no-local-overlay,J_PILOT_FIXTURE_001,hazardous_materials_separation,LOCAL_OVERLAY_MISSING,no_local_overlay_evidence,P1,"Add local owner, control-test, access-test, audit/redress, corrective-action, contract, workforce, and observation evidence before any local maturity claim.",no_local_fixture_rows,rev0288
LGAP-hazardous_site_climate_safety-no-local-overlay,J_PILOT_FIXTURE_001,hazardous_site_climate_safety,LOCAL_OVERLAY_MISSING,no_local_overlay_evidence,P1,"Add local owner, control-test, access-test, audit/redress, corrective-action, contract, workforce, and observation evidence before any local maturity claim.",no_local_fixture_rows,rev0288
LGAP-health_cold_chain-no-local-overlay,J_PILOT_FIXTURE_001,health_cold_chain,LOCAL_OVERLAY_MISSING,no_local_overlay_evidence,P1,"Add local owner, control-test, access-test, audit/redress, corrective-action, contract, workforce, and observation evidence before any local maturity claim.",no_local_fixture_rows,rev0288
LGAP-heritage_first_aid-no-local-overlay,J_PILOT_FIXTURE_001,heritage_first_aid,LOCAL_OVERLAY_MISSING,no_local_overlay_evidence,P1,"Add local owner, control-test, access-test, audit/redress, corrective-action, contract, workforce, and observation evidence before any local maturity claim.",no_local_fixture_rows,rev0288
LGAP-home_ignition_zone_control-no-local-overlay,J_PILOT_FIXTURE_001,home_ignition_zone_control,LOCAL_OVERLAY_MISSING,no_local_overlay_evidence,P1,"Add local owner, control-test, access-test, audit/redress, corrective-action, contract, workforce, and observation evidence before any local maturity claim.",no_local_fixture_rows,rev0288
LGAP-household_balance_sheet_repair-no-local-overlay,J_PILOT_FIXTURE_001,household_balance_sheet_repair,LOCAL_OVERLAY_MISSING,no_local_overlay_evidence,P1,"Add local owner, control-test, access-test, audit/redress, corrective-action, contract, workforce, and observation evidence before any local maturity claim.",no_local_fixture_rows,rev0288
LGAP-housing_assistance_eligibility-no-local-overlay,J_PILOT_FIXTURE_001,housing_assistance_eligibility,LOCAL_OVERLAY_MISSING,no_local_overlay_evidence,P1,"Add local owner, control-test, access-test, audit/redress, corrective-action, contract, workforce, and observation evidence before any local maturity claim.",no_local_fixture_rows,rev0288
LGAP-housing_exit_without_drop-no-local-overlay,J_PILOT_FIXTURE_001,housing_exit_without_drop,LOCAL_OVERLAY_MISSING,no_local_overlay_evidence,P1,"Add local owner, control-test, access-test, audit/redress, corrective-action, contract, workforce, and observation evidence before any local maturity claim.",no_local_fixture_rows,rev0288
LGAP-humanitarian_access-no-local-overlay,J_PILOT_FIXTURE_001,humanitarian_access,LOCAL_OVERLAY_MISSING,no_local_overlay_evidence,P1,"Add local owner, control-test, access-test, audit/redress, corrective-action, contract, workforce, and observation evidence before any local maturity claim.",no_local_fixture_rows,rev0288
LGAP-humanitarian_logistics_continuity-no-local-overlay,J_PILOT_FIXTURE_001,humanitarian_logistics_continuity,LOCAL_OVERLAY_MISSING,no_local_overlay_evidence,P1,"Add local owner, control-test, access-test, audit/redress, corrective-action, contract, workforce, and observation evidence before any local maturity claim.",no_local_fixture_rows,rev0288
LGAP-immediate_school_access-no-local-overlay,J_PILOT_FIXTURE_001,immediate_school_access,LOCAL_OVERLAY_MISSING,no_local_overlay_evidence,P1,"Add local owner, control-test, access-test, audit/redress, corrective-action, contract, workforce, and observation evidence before any local maturity claim.",no_local_fixture_rows,rev0288
LGAP-income_continuity-no-local-overlay,J_PILOT_FIXTURE_001,income_continuity,LOCAL_OVERLAY_MISSING,no_local_overlay_evidence,P1,"Add local owner, control-test, access-test, audit/redress, corrective-action, contract, workforce, and observation evidence before any local maturity claim.",no_local_fixture_rows,rev0288
LGAP-infrastructure_extension_risk_gate-no-local-overlay,J_PILOT_FIXTURE_001,infrastructure_extension_risk_gate,LOCAL_OVERLAY_MISSING,no_local_overlay_evidence,P1,"Add local owner, control-test, access-test, audit/redress, corrective-action, contract, workforce, and observation evidence before any local maturity claim.",no_local_fixture_rows,rev0288
LGAP-inspection_capacity-no-local-overlay,J_PILOT_FIXTURE_001,inspection_capacity,LOCAL_OVERLAY_MISSING,no_local_overlay_evidence,P1,"Add local owner, control-test, access-test, audit/redress, corrective-action, contract, workforce, and observation evidence before any local maturity claim.",no_local_fixture_rows,rev0288
LGAP-inspection_continuity-no-local-overlay,J_PILOT_FIXTURE_001,inspection_continuity,LOCAL_OVERLAY_MISSING,no_local_overlay_evidence,P1,"Add local owner, control-test, access-test, audit/redress, corrective-action, contract, workforce, and observation evidence before any local maturity claim.",no_local_fixture_rows,rev0288
LGAP-insurance_availability_monitoring-no-local-overlay,J_PILOT_FIXTURE_001,insurance_availability_monitoring,LOCAL_OVERLAY_MISSING,no_local_overlay_evidence,P1,"Add local owner, control-test, access-test, audit/redress, corrective-action, contract, workforce, and observation evidence before any local maturity claim.",no_local_fixture_rows,rev0288
LGAP-intake_to_durable_outcome_pathway-no-local-overlay,J_PILOT_FIXTURE_001,intake_to_durable_outcome_pathway,LOCAL_OVERLAY_MISSING,no_local_overlay_evidence,P1,"Add local owner, control-test, access-test, audit/redress, corrective-action, contract, workforce, and observation evidence before any local maturity claim.",no_local_fixture_rows,rev0288
LGAP-internal_control_posture-no-local-overlay,J_PILOT_FIXTURE_001,internal_control_posture,LOCAL_OVERLAY_MISSING,no_local_overlay_evidence,P1,"Add local owner, control-test, access-test, audit/redress, corrective-action, contract, workforce, and observation evidence before any local maturity claim.",no_local_fixture_rows,rev0288
LGAP-interoperable_accessible_public_alerts-no-local-overlay,J_PILOT_FIXTURE_001,interoperable_accessible_public_alerts,LOCAL_OVERLAY_MISSING,no_local_overlay_evidence,P1,"Add local owner, control-test, access-test, audit/redress, corrective-action, contract, workforce, and observation evidence before any local maturity claim.",no_local_fixture_rows,rev0288
LGAP-inventory_to_need_visibility-no-local-overlay,J_PILOT_FIXTURE_001,inventory_to_need_visibility,LOCAL_OVERLAY_MISSING,no_local_overlay_evidence,P1,"Add local owner, control-test, access-test, audit/redress, corrective-action, contract, workforce, and observation evidence before any local maturity claim.",no_local_fixture_rows,rev0288
LGAP-isolation_degraded_mode-no-local-overlay,J_PILOT_FIXTURE_001,isolation_degraded_mode,LOCAL_OVERLAY_MISSING,no_local_overlay_evidence,P1,"Add local owner, control-test, access-test, audit/redress, corrective-action, contract, workforce, and observation evidence before any local maturity claim.",no_local_fixture_rows,rev0288
LGAP-last_mile_delivery-no-local-overlay,J_PILOT_FIXTURE_001,last_mile_delivery,LOCAL_OVERLAY_MISSING,no_local_overlay_evidence,P1,"Add local owner, control-test, access-test, audit/redress, corrective-action, contract, workforce, and observation evidence before any local maturity claim.",no_local_fixture_rows,rev0288
LGAP-last_mile_service_continuity-no-local-overlay,J_PILOT_FIXTURE_001,last_mile_service_continuity,LOCAL_OVERLAY_MISSING,no_local_overlay_evidence,P1,"Add local owner, control-test, access-test, audit/redress, corrective-action, contract, workforce, and observation evidence before any local maturity claim.",no_local_fixture_rows,rev0288
LGAP-last_mile_warning_confirmation-no-local-overlay,J_PILOT_FIXTURE_001,last_mile_warning_confirmation,LOCAL_OVERLAY_MISSING,no_local_overlay_evidence,P1,"Add local owner, control-test, access-test, audit/redress, corrective-action, contract, workforce, and observation evidence before any local maturity claim.",no_local_fixture_rows,rev0288
LGAP-ledger_owner-no-local-overlay,J_PILOT_FIXTURE_001,ledger_owner,LOCAL_OVERLAY_MISSING,no_local_overlay_evidence,P1,"Add local owner, control-test, access-test, audit/redress, corrective-action, contract, workforce, and observation evidence before any local maturity claim.",no_local_fixture_rows,rev0288
LGAP-lessons_to_mitigation_pipeline-no-local-overlay,J_PILOT_FIXTURE_001,lessons_to_mitigation_pipeline,LOCAL_OVERLAY_MISSING,no_local_overlay_evidence,P1,"Add local owner, control-test, access-test, audit/redress, corrective-action, contract, workforce, and observation evidence before any local maturity claim.",no_local_fixture_rows,rev0288
LGAP-lessons_to_standards-no-local-overlay,J_PILOT_FIXTURE_001,lessons_to_standards,LOCAL_OVERLAY_MISSING,no_local_overlay_evidence,P1,"Add local owner, control-test, access-test, audit/redress, corrective-action, contract, workforce, and observation evidence before any local maturity claim.",no_local_fixture_rows,rev0288
LGAP-life_safety_energy_and_water_access-no-local-overlay,J_PILOT_FIXTURE_001,life_safety_energy_and_water_access,LOCAL_OVERLAY_MISSING,no_local_overlay_evidence,P1,"Add local owner, control-test, access-test, audit/redress, corrective-action, contract, workforce, and observation evidence before any local maturity claim.",no_local_fixture_rows,rev0288
LGAP-life_safety_in_custody-no-local-overlay,J_PILOT_FIXTURE_001,life_safety_in_custody,LOCAL_OVERLAY_MISSING,no_local_overlay_evidence,P1,"Add local owner, control-test, access-test, audit/redress, corrective-action, contract, workforce, and observation evidence before any local maturity claim.",no_local_fixture_rows,rev0288
LGAP-life_sustaining_commodity_access-no-local-overlay,J_PILOT_FIXTURE_001,life_sustaining_commodity_access,LOCAL_OVERLAY_MISSING,no_local_overlay_evidence,P1,"Add local owner, control-test, access-test, audit/redress, corrective-action, contract, workforce, and observation evidence before any local maturity claim.",no_local_fixture_rows,rev0288
LGAP-lifecycle_budget_continuity-no-local-overlay,J_PILOT_FIXTURE_001,lifecycle_budget_continuity,LOCAL_OVERLAY_MISSING,no_local_overlay_evidence,P1,"Add local owner, control-test, access-test, audit/redress, corrective-action, contract, workforce, and observation evidence before any local maturity claim.",no_local_fixture_rows,rev0288
LGAP-lifeline_stabilization_clock-no-local-overlay,J_PILOT_FIXTURE_001,lifeline_stabilization_clock,LOCAL_OVERLAY_MISSING,no_local_overlay_evidence,P1,"Add local owner, control-test, access-test, audit/redress, corrective-action, contract, workforce, and observation evidence before any local maturity claim.",no_local_fixture_rows,rev0288
LGAP-livelihood_return-no-local-overlay,J_PILOT_FIXTURE_001,livelihood_return,LOCAL_OVERLAY_MISSING,no_local_overlay_evidence,P1,"Add local owner, control-test, access-test, audit/redress, corrective-action, contract, workforce, and observation evidence before any local maturity claim.",no_local_fixture_rows,rev0288
LGAP-local_administration_continuity-no-local-overlay,J_PILOT_FIXTURE_001,local_administration_continuity,LOCAL_OVERLAY_MISSING,no_local_overlay_evidence,P1,"Add local owner, control-test, access-test, audit/redress, corrective-action, contract, workforce, and observation evidence before any local maturity claim.",no_local_fixture_rows,rev0288
LGAP-local_market_continuity-no-local-overlay,J_PILOT_FIXTURE_001,local_market_continuity,LOCAL_OVERLAY_MISSING,no_local_overlay_evidence,P1,"Add local owner, control-test, access-test, audit/redress, corrective-action, contract, workforce, and observation evidence before any local maturity claim.",no_local_fixture_rows,rev0288
LGAP-long_horizon_habitability-no-local-overlay,J_PILOT_FIXTURE_001,long_horizon_habitability,LOCAL_OVERLAY_MISSING,no_local_overlay_evidence,P1,"Add local owner, control-test, access-test, audit/redress, corrective-action, contract, workforce, and observation evidence before any local maturity claim.",no_local_fixture_rows,rev0288
LGAP-long_tail_case_visibility-no-local-overlay,J_PILOT_FIXTURE_001,long_tail_case_visibility,LOCAL_OVERLAY_MISSING,no_local_overlay_evidence,P1,"Add local owner, control-test, access-test, audit/redress, corrective-action, contract, workforce, and observation evidence before any local maturity claim.",no_local_fixture_rows,rev0288
LGAP-loss_proof_portability-no-local-overlay,J_PILOT_FIXTURE_001,loss_proof_portability,LOCAL_OVERLAY_MISSING,no_local_overlay_evidence,P1,"Add local owner, control-test, access-test, audit/redress, corrective-action, contract, workforce, and observation evidence before any local maturity claim.",no_local_fixture_rows,rev0288
LGAP-maintained_asset_floor-no-local-overlay,J_PILOT_FIXTURE_001,maintained_asset_floor,LOCAL_OVERLAY_MISSING,no_local_overlay_evidence,P1,"Add local owner, control-test, access-test, audit/redress, corrective-action, contract, workforce, and observation evidence before any local maturity claim.",no_local_fixture_rows,rev0288
LGAP-maintenance_and_residual_risk_transfer-no-local-overlay,J_PILOT_FIXTURE_001,maintenance_and_residual_risk_transfer,LOCAL_OVERLAY_MISSING,no_local_overlay_evidence,P1,"Add local owner, control-test, access-test, audit/redress, corrective-action, contract, workforce, and observation evidence before any local maturity claim.",no_local_fixture_rows,rev0288
LGAP-maladaptation_lockin_gate-no-local-overlay,J_PILOT_FIXTURE_001,maladaptation_lockin_gate,LOCAL_OVERLAY_MISSING,no_local_overlay_evidence,P1,"Add local owner, control-test, access-test, audit/redress, corrective-action, contract, workforce, and observation evidence before any local maturity claim.",no_local_fixture_rows,rev0288
LGAP-manual_fallback_for_critical_controls-no-local-overlay,J_PILOT_FIXTURE_001,manual_fallback_for_critical_controls,LOCAL_OVERLAY_MISSING,no_local_overlay_evidence,P1,"Add local owner, control-test, access-test, audit/redress, corrective-action, contract, workforce, and observation evidence before any local maturity claim.",no_local_fixture_rows,rev0288
LGAP-manual_fallback_records-no-local-overlay,J_PILOT_FIXTURE_001,manual_fallback_records,LOCAL_OVERLAY_MISSING,no_local_overlay_evidence,P1,"Add local owner, control-test, access-test, audit/redress, corrective-action, contract, workforce, and observation evidence before any local maturity claim.",no_local_fixture_rows,rev0288
LGAP-mass_casualty_management-no-local-overlay,J_PILOT_FIXTURE_001,mass_casualty_management,LOCAL_OVERLAY_MISSING,no_local_overlay_evidence,P1,"Add local owner, control-test, access-test, audit/redress, corrective-action, contract, workforce, and observation evidence before any local maturity claim.",no_local_fixture_rows,rev0288
LGAP-material_safety-no-local-overlay,J_PILOT_FIXTURE_001,material_safety,LOCAL_OVERLAY_MISSING,no_local_overlay_evidence,P1,"Add local owner, control-test, access-test, audit/redress, corrective-action, contract, workforce, and observation evidence before any local maturity claim.",no_local_fixture_rows,rev0288
LGAP-materials_and_spares_access-no-local-overlay,J_PILOT_FIXTURE_001,materials_and_spares_access,LOCAL_OVERLAY_MISSING,no_local_overlay_evidence,P1,"Add local owner, control-test, access-test, audit/redress, corrective-action, contract, workforce, and observation evidence before any local maturity claim.",no_local_fixture_rows,rev0288
LGAP-maternal_health_continuity-no-local-overlay,J_PILOT_FIXTURE_001,maternal_health_continuity,LOCAL_OVERLAY_MISSING,no_local_overlay_evidence,P1,"Add local owner, control-test, access-test, audit/redress, corrective-action, contract, workforce, and observation evidence before any local maturity claim.",no_local_fixture_rows,rev0288
LGAP-maturity_attestation-no-local-overlay,J_PILOT_FIXTURE_001,maturity_attestation,LOCAL_OVERLAY_MISSING,no_local_overlay_evidence,P1,"Add local owner, control-test, access-test, audit/redress, corrective-action, contract, workforce, and observation evidence before any local maturity claim.",no_local_fixture_rows,rev0288
LGAP-meaningful_access-no-local-overlay,J_PILOT_FIXTURE_001,meaningful_access,LOCAL_OVERLAY_MISSING,no_local_overlay_evidence,P1,"Add local owner, control-test, access-test, audit/redress, corrective-action, contract, workforce, and observation evidence before any local maturity claim.",no_local_fixture_rows,rev0288
LGAP-medical_record_portability-no-local-overlay,J_PILOT_FIXTURE_001,medical_record_portability,LOCAL_OVERLAY_MISSING,no_local_overlay_evidence,P1,"Add local owner, control-test, access-test, audit/redress, corrective-action, contract, workforce, and observation evidence before any local maturity claim.",no_local_fixture_rows,rev0288
LGAP-medication_and_device_continuity-no-local-overlay,J_PILOT_FIXTURE_001,medication_and_device_continuity,LOCAL_OVERLAY_MISSING,no_local_overlay_evidence,P1,"Add local owner, control-test, access-test, audit/redress, corrective-action, contract, workforce, and observation evidence before any local maturity claim.",no_local_fixture_rows,rev0288
LGAP-microenterprise_recovery-no-local-overlay,J_PILOT_FIXTURE_001,microenterprise_recovery,LOCAL_OVERLAY_MISSING,no_local_overlay_evidence,P1,"Add local owner, control-test, access-test, audit/redress, corrective-action, contract, workforce, and observation evidence before any local maturity claim.",no_local_fixture_rows,rev0288
LGAP-migrant_access_without_retaliation-no-local-overlay,J_PILOT_FIXTURE_001,migrant_access_without_retaliation,LOCAL_OVERLAY_MISSING,no_local_overlay_evidence,P1,"Add local owner, control-test, access-test, audit/redress, corrective-action, contract, workforce, and observation evidence before any local maturity claim.",no_local_fixture_rows,rev0288
LGAP-missing_persons_reunification-no-local-overlay,J_PILOT_FIXTURE_001,missing_persons_reunification,LOCAL_OVERLAY_MISSING,no_local_overlay_evidence,P1,"Add local owner, control-test, access-test, audit/redress, corrective-action, contract, workforce, and observation evidence before any local maturity claim.",no_local_fixture_rows,rev0288
LGAP-modular_stage_gate-no-local-overlay,J_PILOT_FIXTURE_001,modular_stage_gate,LOCAL_OVERLAY_MISSING,no_local_overlay_evidence,P1,"Add local owner, control-test, access-test, audit/redress, corrective-action, contract, workforce, and observation evidence before any local maturity claim.",no_local_fixture_rows,rev0288
LGAP-mortgage_risk_disclosure-no-local-overlay,J_PILOT_FIXTURE_001,mortgage_risk_disclosure,LOCAL_OVERLAY_MISSING,no_local_overlay_evidence,P1,"Add local owner, control-test, access-test, audit/redress, corrective-action, contract, workforce, and observation evidence before any local maturity claim.",no_local_fixture_rows,rev0288
LGAP-mutual_aid_continuity-no-local-overlay,J_PILOT_FIXTURE_001,mutual_aid_continuity,LOCAL_OVERLAY_MISSING,no_local_overlay_evidence,P1,"Add local owner, control-test, access-test, audit/redress, corrective-action, contract, workforce, and observation evidence before any local maturity claim.",no_local_fixture_rows,rev0288
LGAP-nature_based_solution_lifecycle-no-local-overlay,J_PILOT_FIXTURE_001,nature_based_solution_lifecycle,LOCAL_OVERLAY_MISSING,no_local_overlay_evidence,P1,"Add local owner, control-test, access-test, audit/redress, corrective-action, contract, workforce, and observation evidence before any local maturity claim.",no_local_fixture_rows,rev0288
LGAP-near_term_warming_slowdown-no-local-overlay,J_PILOT_FIXTURE_001,near_term_warming_slowdown,LOCAL_OVERLAY_MISSING,no_local_overlay_evidence,P1,"Add local owner, control-test, access-test, audit/redress, corrective-action, contract, workforce, and observation evidence before any local maturity claim.",no_local_fixture_rows,rev0288
LGAP-needs_to_action_route-no-local-overlay,J_PILOT_FIXTURE_001,needs_to_action_route,LOCAL_OVERLAY_MISSING,no_local_overlay_evidence,P1,"Add local owner, control-test, access-test, audit/redress, corrective-action, contract, workforce, and observation evidence before any local maturity claim.",no_local_fixture_rows,rev0288
LGAP-neighborhood_service_access-no-local-overlay,J_PILOT_FIXTURE_001,neighborhood_service_access,LOCAL_OVERLAY_MISSING,no_local_overlay_evidence,P1,"Add local owner, control-test, access-test, audit/redress, corrective-action, contract, workforce, and observation evidence before any local maturity claim.",no_local_fixture_rows,rev0288
LGAP-no_false_resilience_claim-no-local-overlay,J_PILOT_FIXTURE_001,no_false_resilience_claim,LOCAL_OVERLAY_MISSING,no_local_overlay_evidence,P1,"Add local owner, control-test, access-test, audit/redress, corrective-action, contract, workforce, and observation evidence before any local maturity claim.",no_local_fixture_rows,rev0288
LGAP-no_new_risk_land_use-no-local-overlay,J_PILOT_FIXTURE_001,no_new_risk_land_use,LOCAL_OVERLAY_MISSING,no_local_overlay_evidence,P1,"Add local owner, control-test, access-test, audit/redress, corrective-action, contract, workforce, and observation evidence before any local maturity claim.",no_local_fixture_rows,rev0288
LGAP-no_new_risk_screen-no-local-overlay,J_PILOT_FIXTURE_001,no_new_risk_screen,LOCAL_OVERLAY_MISSING,no_local_overlay_evidence,P1,"Add local owner, control-test, access-test, audit/redress, corrective-action, contract, workforce, and observation evidence before any local maturity claim.",no_local_fixture_rows,rev0288
LGAP-no_rebuild_conversion-no-local-overlay,J_PILOT_FIXTURE_001,no_rebuild_conversion,LOCAL_OVERLAY_MISSING,no_local_overlay_evidence,P1,"Add local owner, control-test, access-test, audit/redress, corrective-action, contract, workforce, and observation evidence before any local maturity claim.",no_local_fixture_rows,rev0288
LGAP-no_wrong_door_recovery_navigation-no-local-overlay,J_PILOT_FIXTURE_001,no_wrong_door_recovery_navigation,LOCAL_OVERLAY_MISSING,no_local_overlay_evidence,P1,"Add local owner, control-test, access-test, audit/redress, corrective-action, contract, workforce, and observation evidence before any local maturity claim.",no_local_fixture_rows,rev0288
LGAP-non_congregate_option-no-local-overlay,J_PILOT_FIXTURE_001,non_congregate_option,LOCAL_OVERLAY_MISSING,no_local_overlay_evidence,P1,"Add local owner, control-test, access-test, audit/redress, corrective-action, contract, workforce, and observation evidence before any local maturity claim.",no_local_fixture_rows,rev0288
LGAP-nutrition_benefit_continuity-no-local-overlay,J_PILOT_FIXTURE_001,nutrition_benefit_continuity,LOCAL_OVERLAY_MISSING,no_local_overlay_evidence,P1,"Add local owner, control-test, access-test, audit/redress, corrective-action, contract, workforce, and observation evidence before any local maturity claim.",no_local_fixture_rows,rev0288
LGAP-operational_basin_arrangement-no-local-overlay,J_PILOT_FIXTURE_001,operational_basin_arrangement,LOCAL_OVERLAY_MISSING,no_local_overlay_evidence,P1,"Add local owner, control-test, access-test, audit/redress, corrective-action, contract, workforce, and observation evidence before any local maturity claim.",no_local_fixture_rows,rev0288
LGAP-outage_resilience-no-local-overlay,J_PILOT_FIXTURE_001,outage_resilience,LOCAL_OVERLAY_MISSING,no_local_overlay_evidence,P1,"Add local owner, control-test, access-test, audit/redress, corrective-action, contract, workforce, and observation evidence before any local maturity claim.",no_local_fixture_rows,rev0288
LGAP-outbreak_early_warning_and_response-no-local-overlay,J_PILOT_FIXTURE_001,outbreak_early_warning_and_response,LOCAL_OVERLAY_MISSING,no_local_overlay_evidence,P1,"Add local owner, control-test, access-test, audit/redress, corrective-action, contract, workforce, and observation evidence before any local maturity claim.",no_local_fixture_rows,rev0288
LGAP-owned_floor-no-local-overlay,J_PILOT_FIXTURE_001,owned_floor,LOCAL_OVERLAY_MISSING,no_local_overlay_evidence,P1,"Add local owner, control-test, access-test, audit/redress, corrective-action, contract, workforce, and observation evidence before any local maturity claim.",no_local_fixture_rows,rev0288
LGAP-owned_incident_coordination-no-local-overlay,J_PILOT_FIXTURE_001,owned_incident_coordination,LOCAL_OVERLAY_MISSING,no_local_overlay_evidence,P1,"Add local owner, control-test, access-test, audit/redress, corrective-action, contract, workforce, and observation evidence before any local maturity claim.",no_local_fixture_rows,rev0288
LGAP-owned_trigger_to_action_route-no-local-overlay,J_PILOT_FIXTURE_001,owned_trigger_to_action_route,LOCAL_OVERLAY_MISSING,no_local_overlay_evidence,P1,"Add local owner, control-test, access-test, audit/redress, corrective-action, contract, workforce, and observation evidence before any local maturity claim.",no_local_fixture_rows,rev0288
LGAP-owner_of_record-no-local-overlay,J_PILOT_FIXTURE_001,owner_of_record,LOCAL_OVERLAY_MISSING,no_local_overlay_evidence,P1,"Add local owner, control-test, access-test, audit/redress, corrective-action, contract, workforce, and observation evidence before any local maturity claim.",no_local_fixture_rows,rev0288
LGAP-oxygen_continuity-no-local-overlay,J_PILOT_FIXTURE_001,oxygen_continuity,LOCAL_OVERLAY_MISSING,no_local_overlay_evidence,P1,"Add local owner, control-test, access-test, audit/redress, corrective-action, contract, workforce, and observation evidence before any local maturity claim.",no_local_fixture_rows,rev0288
LGAP-passive_survivability-no-local-overlay,J_PILOT_FIXTURE_001,passive_survivability,LOCAL_OVERLAY_MISSING,no_local_overlay_evidence,P1,"Add local owner, control-test, access-test, audit/redress, corrective-action, contract, workforce, and observation evidence before any local maturity claim.",no_local_fixture_rows,rev0288
LGAP-payment_rail_continuity-no-local-overlay,J_PILOT_FIXTURE_001,payment_rail_continuity,LOCAL_OVERLAY_MISSING,no_local_overlay_evidence,P1,"Add local owner, control-test, access-test, audit/redress, corrective-action, contract, workforce, and observation evidence before any local maturity claim.",no_local_fixture_rows,rev0288
LGAP-peace_positive_adaptation-no-local-overlay,J_PILOT_FIXTURE_001,peace_positive_adaptation,LOCAL_OVERLAY_MISSING,no_local_overlay_evidence,P1,"Add local owner, control-test, access-test, audit/redress, corrective-action, contract, workforce, and observation evidence before any local maturity claim.",no_local_fixture_rows,rev0288
LGAP-performance_obligation_before_closeout-no-local-overlay,J_PILOT_FIXTURE_001,performance_obligation_before_closeout,LOCAL_OVERLAY_MISSING,no_local_overlay_evidence,P1,"Add local owner, control-test, access-test, audit/redress, corrective-action, contract, workforce, and observation evidence before any local maturity claim.",no_local_fixture_rows,rev0288
LGAP-permit_and_inspection_surge-no-local-overlay,J_PILOT_FIXTURE_001,permit_and_inspection_surge,LOCAL_OVERLAY_MISSING,no_local_overlay_evidence,P1,"Add local owner, control-test, access-test, audit/redress, corrective-action, contract, workforce, and observation evidence before any local maturity claim.",no_local_fixture_rows,rev0288
LGAP-pharmacy_continuity-no-local-overlay,J_PILOT_FIXTURE_001,pharmacy_continuity,LOCAL_OVERLAY_MISSING,no_local_overlay_evidence,P1,"Add local owner, control-test, access-test, audit/redress, corrective-action, contract, workforce, and observation evidence before any local maturity claim.",no_local_fixture_rows,rev0288
LGAP-planting_season_readiness-no-local-overlay,J_PILOT_FIXTURE_001,planting_season_readiness,LOCAL_OVERLAY_MISSING,no_local_overlay_evidence,P1,"Add local owner, control-test, access-test, audit/redress, corrective-action, contract, workforce, and observation evidence before any local maturity claim.",no_local_fixture_rows,rev0288
LGAP-port_continuity-no-local-overlay,J_PILOT_FIXTURE_001,port_continuity,LOCAL_OVERLAY_MISSING,no_local_overlay_evidence,P1,"Add local owner, control-test, access-test, audit/redress, corrective-action, contract, workforce, and observation evidence before any local maturity claim.",no_local_fixture_rows,rev0288
LGAP-portal_fallback-no-local-overlay,J_PILOT_FIXTURE_001,portal_fallback,LOCAL_OVERLAY_MISSING,no_local_overlay_evidence,P1,"Add local owner, control-test, access-test, audit/redress, corrective-action, contract, workforce, and observation evidence before any local maturity claim.",no_local_fixture_rows,rev0288
LGAP-portfolio_level_climate_risk-no-local-overlay,J_PILOT_FIXTURE_001,portfolio_level_climate_risk,LOCAL_OVERLAY_MISSING,no_local_overlay_evidence,P1,"Add local owner, control-test, access-test, audit/redress, corrective-action, contract, workforce, and observation evidence before any local maturity claim.",no_local_fixture_rows,rev0288
LGAP-post_closeout_project_route-no-local-overlay,J_PILOT_FIXTURE_001,post_closeout_project_route,LOCAL_OVERLAY_MISSING,no_local_overlay_evidence,P1,"Add local owner, control-test, access-test, audit/redress, corrective-action, contract, workforce, and observation evidence before any local maturity claim.",no_local_fixture_rows,rev0288
LGAP-post_project_performance_monitoring-no-local-overlay,J_PILOT_FIXTURE_001,post_project_performance_monitoring,LOCAL_OVERLAY_MISSING,no_local_overlay_evidence,P1,"Add local owner, control-test, access-test, audit/redress, corrective-action, contract, workforce, and observation evidence before any local maturity claim.",no_local_fixture_rows,rev0288
LGAP-pre_impact_decision_service_floor-no-local-overlay,J_PILOT_FIXTURE_001,pre_impact_decision_service_floor,LOCAL_OVERLAY_MISSING,no_local_overlay_evidence,P1,"Add local owner, control-test, access-test, audit/redress, corrective-action, contract, workforce, and observation evidence before any local maturity claim.",no_local_fixture_rows,rev0288
LGAP-prearranged_early_action_finance-no-local-overlay,J_PILOT_FIXTURE_001,prearranged_early_action_finance,LOCAL_OVERLAY_MISSING,no_local_overlay_evidence,P1,"Add local owner, control-test, access-test, audit/redress, corrective-action, contract, workforce, and observation evidence before any local maturity claim.",no_local_fixture_rows,rev0288
LGAP-preimpact_heat_protection-no-local-overlay,J_PILOT_FIXTURE_001,preimpact_heat_protection,LOCAL_OVERLAY_MISSING,no_local_overlay_evidence,P1,"Add local owner, control-test, access-test, audit/redress, corrective-action, contract, workforce, and observation evidence before any local maturity claim.",no_local_fixture_rows,rev0288
LGAP-preimpact_prepositioning_status-no-local-overlay,J_PILOT_FIXTURE_001,preimpact_prepositioning_status,LOCAL_OVERLAY_MISSING,no_local_overlay_evidence,P1,"Add local owner, control-test, access-test, audit/redress, corrective-action, contract, workforce, and observation evidence before any local maturity claim.",no_local_fixture_rows,rev0288
LGAP-privacy_preserving_casework-no-local-overlay,J_PILOT_FIXTURE_001,privacy_preserving_casework,LOCAL_OVERLAY_MISSING,no_local_overlay_evidence,P1,"Add local owner, control-test, access-test, audit/redress, corrective-action, contract, workforce, and observation evidence before any local maturity claim.",no_local_fixture_rows,rev0288
LGAP-private_infrastructure_continuity-no-local-overlay,J_PILOT_FIXTURE_001,private_infrastructure_continuity,LOCAL_OVERLAY_MISSING,no_local_overlay_evidence,P1,"Add local owner, control-test, access-test, audit/redress, corrective-action, contract, workforce, and observation evidence before any local maturity claim.",no_local_fixture_rows,rev0288
LGAP-procurement_integrity-no-local-overlay,J_PILOT_FIXTURE_001,procurement_integrity,LOCAL_OVERLAY_MISSING,no_local_overlay_evidence,P1,"Add local owner, control-test, access-test, audit/redress, corrective-action, contract, workforce, and observation evidence before any local maturity claim.",no_local_fixture_rows,rev0288
LGAP-producer_livelihood_continuity-no-local-overlay,J_PILOT_FIXTURE_001,producer_livelihood_continuity,LOCAL_OVERLAY_MISSING,no_local_overlay_evidence,P1,"Add local owner, control-test, access-test, audit/redress, corrective-action, contract, workforce, and observation evidence before any local maturity claim.",no_local_fixture_rows,rev0288
LGAP-professional_duty_standard-no-local-overlay,J_PILOT_FIXTURE_001,professional_duty_standard,LOCAL_OVERLAY_MISSING,no_local_overlay_evidence,P1,"Add local owner, control-test, access-test, audit/redress, corrective-action, contract, workforce, and observation evidence before any local maturity claim.",no_local_fixture_rows,rev0288
LGAP-project_match_and_cashflow-no-local-overlay,J_PILOT_FIXTURE_001,project_match_and_cashflow,LOCAL_OVERLAY_MISSING,no_local_overlay_evidence,P1,"Add local owner, control-test, access-test, audit/redress, corrective-action, contract, workforce, and observation evidence before any local maturity claim.",no_local_fixture_rows,rev0288
LGAP-proof_rail_continuity-no-local-overlay,J_PILOT_FIXTURE_001,proof_rail_continuity,LOCAL_OVERLAY_MISSING,no_local_overlay_evidence,P1,"Add local owner, control-test, access-test, audit/redress, corrective-action, contract, workforce, and observation evidence before any local maturity claim.",no_local_fixture_rows,rev0288
LGAP-property_proof_continuity-no-local-overlay,J_PILOT_FIXTURE_001,property_proof_continuity,LOCAL_OVERLAY_MISSING,no_local_overlay_evidence,P1,"Add local owner, control-test, access-test, audit/redress, corrective-action, contract, workforce, and observation evidence before any local maturity claim.",no_local_fixture_rows,rev0288
LGAP-protective_registry_without_surveillance-no-local-overlay,J_PILOT_FIXTURE_001,protective_registry_without_surveillance,LOCAL_OVERLAY_MISSING,no_local_overlay_evidence,P1,"Add local owner, control-test, access-test, audit/redress, corrective-action, contract, workforce, and observation evidence before any local maturity claim.",no_local_fixture_rows,rev0288
LGAP-psychosocial_support-no-local-overlay,J_PILOT_FIXTURE_001,psychosocial_support,LOCAL_OVERLAY_MISSING,no_local_overlay_evidence,P1,"Add local owner, control-test, access-test, audit/redress, corrective-action, contract, workforce, and observation evidence before any local maturity claim.",no_local_fixture_rows,rev0288
LGAP-public_closure_proof-no-local-overlay,J_PILOT_FIXTURE_001,public_closure_proof,LOCAL_OVERLAY_MISSING,no_local_overlay_evidence,P1,"Add local owner, control-test, access-test, audit/redress, corrective-action, contract, workforce, and observation evidence before any local maturity claim.",no_local_fixture_rows,rev0288
LGAP-public_closure_with_reopen_path-no-local-overlay,J_PILOT_FIXTURE_001,public_closure_with_reopen_path,LOCAL_OVERLAY_MISSING,no_local_overlay_evidence,P1,"Add local owner, control-test, access-test, audit/redress, corrective-action, contract, workforce, and observation evidence before any local maturity claim.",no_local_fixture_rows,rev0288
LGAP-public_health_environmental_monitoring-no-local-overlay,J_PILOT_FIXTURE_001,public_health_environmental_monitoring,LOCAL_OVERLAY_MISSING,no_local_overlay_evidence,P1,"Add local owner, control-test, access-test, audit/redress, corrective-action, contract, workforce, and observation evidence before any local maturity claim.",no_local_fixture_rows,rev0288
LGAP-public_participation_continuity-no-local-overlay,J_PILOT_FIXTURE_001,public_participation_continuity,LOCAL_OVERLAY_MISSING,no_local_overlay_evidence,P1,"Add local owner, control-test, access-test, audit/redress, corrective-action, contract, workforce, and observation evidence before any local maturity claim.",no_local_fixture_rows,rev0288
LGAP-public_records-no-local-overlay,J_PILOT_FIXTURE_001,public_records,LOCAL_OVERLAY_MISSING,no_local_overlay_evidence,P1,"Add local owner, control-test, access-test, audit/redress, corrective-action, contract, workforce, and observation evidence before any local maturity claim.",no_local_fixture_rows,rev0288
LGAP-public_recovery_cashflow-no-local-overlay,J_PILOT_FIXTURE_001,public_recovery_cashflow,LOCAL_OVERLAY_MISSING,no_local_overlay_evidence,P1,"Add local owner, control-test, access-test, audit/redress, corrective-action, contract, workforce, and observation evidence before any local maturity claim.",no_local_fixture_rows,rev0288
LGAP-public_recovery_finance-no-local-overlay,J_PILOT_FIXTURE_001,public_recovery_finance,LOCAL_OVERLAY_MISSING,no_local_overlay_evidence,P1,"Add local owner, control-test, access-test, audit/redress, corrective-action, contract, workforce, and observation evidence before any local maturity claim.",no_local_fixture_rows,rev0288
LGAP-public_recovery_status-no-local-overlay,J_PILOT_FIXTURE_001,public_recovery_status,LOCAL_OVERLAY_MISSING,no_local_overlay_evidence,P1,"Add local owner, control-test, access-test, audit/redress, corrective-action, contract, workforce, and observation evidence before any local maturity claim.",no_local_fixture_rows,rev0288
LGAP-public_redress_owner-no-local-overlay,J_PILOT_FIXTURE_001,public_redress_owner,LOCAL_OVERLAY_MISSING,no_local_overlay_evidence,P1,"Add local owner, control-test, access-test, audit/redress, corrective-action, contract, workforce, and observation evidence before any local maturity claim.",no_local_fixture_rows,rev0288
LGAP-public_restoration_exception_path-no-local-overlay,J_PILOT_FIXTURE_001,public_restoration_exception_path,LOCAL_OVERLAY_MISSING,no_local_overlay_evidence,P1,"Add local owner, control-test, access-test, audit/redress, corrective-action, contract, workforce, and observation evidence before any local maturity claim.",no_local_fixture_rows,rev0288
LGAP-public_safety_response-no-local-overlay,J_PILOT_FIXTURE_001,public_safety_response,LOCAL_OVERLAY_MISSING,no_local_overlay_evidence,P1,"Add local owner, control-test, access-test, audit/redress, corrective-action, contract, workforce, and observation evidence before any local maturity claim.",no_local_fixture_rows,rev0288
LGAP-public_service_floor_dashboard-no-local-overlay,J_PILOT_FIXTURE_001,public_service_floor_dashboard,LOCAL_OVERLAY_MISSING,no_local_overlay_evidence,P1,"Add local owner, control-test, access-test, audit/redress, corrective-action, contract, workforce, and observation evidence before any local maturity claim.",no_local_fixture_rows,rev0288
LGAP-radio_and_telecom_authorization-no-local-overlay,J_PILOT_FIXTURE_001,radio_and_telecom_authorization,LOCAL_OVERLAY_MISSING,no_local_overlay_evidence,P1,"Add local owner, control-test, access-test, audit/redress, corrective-action, contract, workforce, and observation evidence before any local maturity claim.",no_local_fixture_rows,rev0288
LGAP-rapid_impact_assessment-no-local-overlay,J_PILOT_FIXTURE_001,rapid_impact_assessment,LOCAL_OVERLAY_MISSING,no_local_overlay_evidence,P1,"Add local owner, control-test, access-test, audit/redress, corrective-action, contract, workforce, and observation evidence before any local maturity claim.",no_local_fixture_rows,rev0288
LGAP-rationing_appeal-no-local-overlay,J_PILOT_FIXTURE_001,rationing_appeal,LOCAL_OVERLAY_MISSING,no_local_overlay_evidence,P1,"Add local owner, control-test, access-test, audit/redress, corrective-action, contract, workforce, and observation evidence before any local maturity claim.",no_local_fixture_rows,rev0288
LGAP-reachable_survivor_intake-no-local-overlay,J_PILOT_FIXTURE_001,reachable_survivor_intake,LOCAL_OVERLAY_MISSING,no_local_overlay_evidence,P1,"Add local owner, control-test, access-test, audit/redress, corrective-action, contract, workforce, and observation evidence before any local maturity claim.",no_local_fixture_rows,rev0288
LGAP-readiness_grade-no-local-overlay,J_PILOT_FIXTURE_001,readiness_grade,LOCAL_OVERLAY_MISSING,no_local_overlay_evidence,P1,"Add local owner, control-test, access-test, audit/redress, corrective-action, contract, workforce, and observation evidence before any local maturity claim.",no_local_fixture_rows,rev0288
LGAP-real_options_flexibility-no-local-overlay,J_PILOT_FIXTURE_001,real_options_flexibility,LOCAL_OVERLAY_MISSING,no_local_overlay_evidence,P1,"Add local owner, control-test, access-test, audit/redress, corrective-action, contract, workforce, and observation evidence before any local maturity claim.",no_local_fixture_rows,rev0288
LGAP-receiving_community_capacity-no-local-overlay,J_PILOT_FIXTURE_001,receiving_community_capacity,LOCAL_OVERLAY_MISSING,no_local_overlay_evidence,P1,"Add local owner, control-test, access-test, audit/redress, corrective-action, contract, workforce, and observation evidence before any local maturity claim.",no_local_fixture_rows,rev0288
LGAP-reconnection_without_impossible_debt-no-local-overlay,J_PILOT_FIXTURE_001,reconnection_without_impossible_debt,LOCAL_OVERLAY_MISSING,no_local_overlay_evidence,P1,"Add local owner, control-test, access-test, audit/redress, corrective-action, contract, workforce, and observation evidence before any local maturity claim.",no_local_fixture_rows,rev0288
LGAP-records_and_memory_protection-no-local-overlay,J_PILOT_FIXTURE_001,records_and_memory_protection,LOCAL_OVERLAY_MISSING,no_local_overlay_evidence,P1,"Add local owner, control-test, access-test, audit/redress, corrective-action, contract, workforce, and observation evidence before any local maturity claim.",no_local_fixture_rows,rev0288
LGAP-recovery_appeal_and_redress-no-local-overlay,J_PILOT_FIXTURE_001,recovery_appeal_and_redress,LOCAL_OVERLAY_MISSING,no_local_overlay_evidence,P1,"Add local owner, control-test, access-test, audit/redress, corrective-action, contract, workforce, and observation evidence before any local maturity claim.",no_local_fixture_rows,rev0288
LGAP-recovery_closeout_with_nonrecurrence-no-local-overlay,J_PILOT_FIXTURE_001,recovery_closeout_with_nonrecurrence,LOCAL_OVERLAY_MISSING,no_local_overlay_evidence,P1,"Add local owner, control-test, access-test, audit/redress, corrective-action, contract, workforce, and observation evidence before any local maturity claim.",no_local_fixture_rows,rev0288
LGAP-recovery_mobility_access-no-local-overlay,J_PILOT_FIXTURE_001,recovery_mobility_access,LOCAL_OVERLAY_MISSING,no_local_overlay_evidence,P1,"Add local owner, control-test, access-test, audit/redress, corrective-action, contract, workforce, and observation evidence before any local maturity claim.",no_local_fixture_rows,rev0288
LGAP-recovery_routing-no-local-overlay,J_PILOT_FIXTURE_001,recovery_routing,LOCAL_OVERLAY_MISSING,no_local_overlay_evidence,P1,"Add local owner, control-test, access-test, audit/redress, corrective-action, contract, workforce, and observation evidence before any local maturity claim.",no_local_fixture_rows,rev0288
LGAP-recovery_value_for_money-no-local-overlay,J_PILOT_FIXTURE_001,recovery_value_for_money,LOCAL_OVERLAY_MISSING,no_local_overlay_evidence,P1,"Add local owner, control-test, access-test, audit/redress, corrective-action, contract, workforce, and observation evidence before any local maturity claim.",no_local_fixture_rows,rev0288
LGAP-reemployment_access-no-local-overlay,J_PILOT_FIXTURE_001,reemployment_access,LOCAL_OVERLAY_MISSING,no_local_overlay_evidence,P1,"Add local owner, control-test, access-test, audit/redress, corrective-action, contract, workforce, and observation evidence before any local maturity claim.",no_local_fixture_rows,rev0288
LGAP-regional_resource_sharing-no-local-overlay,J_PILOT_FIXTURE_001,regional_resource_sharing,LOCAL_OVERLAY_MISSING,no_local_overlay_evidence,P1,"Add local owner, control-test, access-test, audit/redress, corrective-action, contract, workforce, and observation evidence before any local maturity claim.",no_local_fixture_rows,rev0288
LGAP-reimbursement_readiness-no-local-overlay,J_PILOT_FIXTURE_001,reimbursement_readiness,LOCAL_OVERLAY_MISSING,no_local_overlay_evidence,P1,"Add local owner, control-test, access-test, audit/redress, corrective-action, contract, workforce, and observation evidence before any local maturity claim.",no_local_fixture_rows,rev0288
LGAP-reliable_service_floor_claim-no-local-overlay,J_PILOT_FIXTURE_001,reliable_service_floor_claim,LOCAL_OVERLAY_MISSING,no_local_overlay_evidence,P1,"Add local owner, control-test, access-test, audit/redress, corrective-action, contract, workforce, and observation evidence before any local maturity claim.",no_local_fixture_rows,rev0288
LGAP-relief_goods_clearance-no-local-overlay,J_PILOT_FIXTURE_001,relief_goods_clearance,LOCAL_OVERLAY_MISSING,no_local_overlay_evidence,P1,"Add local owner, control-test, access-test, audit/redress, corrective-action, contract, workforce, and observation evidence before any local maturity claim.",no_local_fixture_rows,rev0288
LGAP-relief_market_function-no-local-overlay,J_PILOT_FIXTURE_001,relief_market_function,LOCAL_OVERLAY_MISSING,no_local_overlay_evidence,P1,"Add local owner, control-test, access-test, audit/redress, corrective-action, contract, workforce, and observation evidence before any local maturity claim.",no_local_fixture_rows,rev0288
LGAP-relief_supply_continuity-no-local-overlay,J_PILOT_FIXTURE_001,relief_supply_continuity,LOCAL_OVERLAY_MISSING,no_local_overlay_evidence,P1,"Add local owner, control-test, access-test, audit/redress, corrective-action, contract, workforce, and observation evidence before any local maturity claim.",no_local_fixture_rows,rev0288
LGAP-relief_worker_entry-no-local-overlay,J_PILOT_FIXTURE_001,relief_worker_entry,LOCAL_OVERLAY_MISSING,no_local_overlay_evidence,P1,"Add local owner, control-test, access-test, audit/redress, corrective-action, contract, workforce, and observation evidence before any local maturity claim.",no_local_fixture_rows,rev0288
LGAP-relocation_with_services-no-local-overlay,J_PILOT_FIXTURE_001,relocation_with_services,LOCAL_OVERLAY_MISSING,no_local_overlay_evidence,P1,"Add local owner, control-test, access-test, audit/redress, corrective-action, contract, workforce, and observation evidence before any local maturity claim.",no_local_fixture_rows,rev0288
LGAP-repair_market_throughput-no-local-overlay,J_PILOT_FIXTURE_001,repair_market_throughput,LOCAL_OVERLAY_MISSING,no_local_overlay_evidence,P1,"Add local owner, control-test, access-test, audit/redress, corrective-action, contract, workforce, and observation evidence before any local maturity claim.",no_local_fixture_rows,rev0288
LGAP-repetitive_loss_exposure_register-no-local-overlay,J_PILOT_FIXTURE_001,repetitive_loss_exposure_register,LOCAL_OVERLAY_MISSING,no_local_overlay_evidence,P1,"Add local owner, control-test, access-test, audit/redress, corrective-action, contract, workforce, and observation evidence before any local maturity claim.",no_local_fixture_rows,rev0288
LGAP-reproductive_health_continuity-no-local-overlay,J_PILOT_FIXTURE_001,reproductive_health_continuity,LOCAL_OVERLAY_MISSING,no_local_overlay_evidence,P1,"Add local owner, control-test, access-test, audit/redress, corrective-action, contract, workforce, and observation evidence before any local maturity claim.",no_local_fixture_rows,rev0288
LGAP-resident_protection-no-local-overlay,J_PILOT_FIXTURE_001,resident_protection,LOCAL_OVERLAY_MISSING,no_local_overlay_evidence,P1,"Add local owner, control-test, access-test, audit/redress, corrective-action, contract, workforce, and observation evidence before any local maturity claim.",no_local_fixture_rows,rev0288
LGAP-resident_return_rights-no-local-overlay,J_PILOT_FIXTURE_001,resident_return_rights,LOCAL_OVERLAY_MISSING,no_local_overlay_evidence,P1,"Add local owner, control-test, access-test, audit/redress, corrective-action, contract, workforce, and observation evidence before any local maturity claim.",no_local_fixture_rows,rev0288
LGAP-residual_market_watch-no-local-overlay,J_PILOT_FIXTURE_001,residual_market_watch,LOCAL_OVERLAY_MISSING,no_local_overlay_evidence,P1,"Add local owner, control-test, access-test, audit/redress, corrective-action, contract, workforce, and observation evidence before any local maturity claim.",no_local_fixture_rows,rev0288
LGAP-residual_risk_transfer-no-local-overlay,J_PILOT_FIXTURE_001,residual_risk_transfer,LOCAL_OVERLAY_MISSING,no_local_overlay_evidence,P1,"Add local owner, control-test, access-test, audit/redress, corrective-action, contract, workforce, and observation evidence before any local maturity claim.",no_local_fixture_rows,rev0288
LGAP-resilience_assurance_case-no-local-overlay,J_PILOT_FIXTURE_001,resilience_assurance_case,LOCAL_OVERLAY_MISSING,no_local_overlay_evidence,P1,"Add local owner, control-test, access-test, audit/redress, corrective-action, contract, workforce, and observation evidence before any local maturity claim.",no_local_fixture_rows,rev0288
LGAP-resilience_finance_stack-no-local-overlay,J_PILOT_FIXTURE_001,resilience_finance_stack,LOCAL_OVERLAY_MISSING,no_local_overlay_evidence,P1,"Add local owner, control-test, access-test, audit/redress, corrective-action, contract, workforce, and observation evidence before any local maturity claim.",no_local_fixture_rows,rev0288
LGAP-resilience_service_level_contract-no-local-overlay,J_PILOT_FIXTURE_001,resilience_service_level_contract,LOCAL_OVERLAY_MISSING,no_local_overlay_evidence,P1,"Add local owner, control-test, access-test, audit/redress, corrective-action, contract, workforce, and observation evidence before any local maturity claim.",no_local_fixture_rows,rev0288
LGAP-respiratory_safety-no-local-overlay,J_PILOT_FIXTURE_001,respiratory_safety,LOCAL_OVERLAY_MISSING,no_local_overlay_evidence,P1,"Add local owner, control-test, access-test, audit/redress, corrective-action, contract, workforce, and observation evidence before any local maturity claim.",no_local_fixture_rows,rev0288
LGAP-responder_family_support-no-local-overlay,J_PILOT_FIXTURE_001,responder_family_support,LOCAL_OVERLAY_MISSING,no_local_overlay_evidence,P1,"Add local owner, control-test, access-test, audit/redress, corrective-action, contract, workforce, and observation evidence before any local maturity claim.",no_local_fixture_rows,rev0288
LGAP-return_rights-no-local-overlay,J_PILOT_FIXTURE_001,return_rights,LOCAL_OVERLAY_MISSING,no_local_overlay_evidence,P1,"Add local owner, control-test, access-test, audit/redress, corrective-action, contract, workforce, and observation evidence before any local maturity claim.",no_local_fixture_rows,rev0288
LGAP-reversible_choice_before_lock_in-no-local-overlay,J_PILOT_FIXTURE_001,reversible_choice_before_lock_in,LOCAL_OVERLAY_MISSING,no_local_overlay_evidence,P1,"Add local owner, control-test, access-test, audit/redress, corrective-action, contract, workforce, and observation evidence before any local maturity claim.",no_local_fixture_rows,rev0288
LGAP-rights_and_services_portability-no-local-overlay,J_PILOT_FIXTURE_001,rights_and_services_portability,LOCAL_OVERLAY_MISSING,no_local_overlay_evidence,P1,"Add local owner, control-test, access-test, audit/redress, corrective-action, contract, workforce, and observation evidence before any local maturity claim.",no_local_fixture_rows,rev0288
LGAP-rights_clock_continuity-no-local-overlay,J_PILOT_FIXTURE_001,rights_clock_continuity,LOCAL_OVERLAY_MISSING,no_local_overlay_evidence,P1,"Add local owner, control-test, access-test, audit/redress, corrective-action, contract, workforce, and observation evidence before any local maturity claim.",no_local_fixture_rows,rev0288
LGAP-rights_preserving_emergency_authority-no-local-overlay,J_PILOT_FIXTURE_001,rights_preserving_emergency_authority,LOCAL_OVERLAY_MISSING,no_local_overlay_evidence,P1,"Add local owner, control-test, access-test, audit/redress, corrective-action, contract, workforce, and observation evidence before any local maturity claim.",no_local_fixture_rows,rev0288
LGAP-risk_disclosure_before_commitment-no-local-overlay,J_PILOT_FIXTURE_001,risk_disclosure_before_commitment,LOCAL_OVERLAY_MISSING,no_local_overlay_evidence,P1,"Add local owner, control-test, access-test, audit/redress, corrective-action, contract, workforce, and observation evidence before any local maturity claim.",no_local_fixture_rows,rev0288
LGAP-risk_exit_pathway-no-local-overlay,J_PILOT_FIXTURE_001,risk_exit_pathway,LOCAL_OVERLAY_MISSING,no_local_overlay_evidence,P1,"Add local owner, control-test, access-test, audit/redress, corrective-action, contract, workforce, and observation evidence before any local maturity claim.",no_local_fixture_rows,rev0288
LGAP-risk_transfer_red_team-no-local-overlay,J_PILOT_FIXTURE_001,risk_transfer_red_team,LOCAL_OVERLAY_MISSING,no_local_overlay_evidence,P1,"Add local owner, control-test, access-test, audit/redress, corrective-action, contract, workforce, and observation evidence before any local maturity claim.",no_local_fixture_rows,rev0288
LGAP-role_depth-no-local-overlay,J_PILOT_FIXTURE_001,role_depth,LOCAL_OVERLAY_MISSING,no_local_overlay_evidence,P1,"Add local owner, control-test, access-test, audit/redress, corrective-action, contract, workforce, and observation evidence before any local maturity claim.",no_local_fixture_rows,rev0288
LGAP-rumor_response_and_correction-no-local-overlay,J_PILOT_FIXTURE_001,rumor_response_and_correction,LOCAL_OVERLAY_MISSING,no_local_overlay_evidence,P1,"Add local owner, control-test, access-test, audit/redress, corrective-action, contract, workforce, and observation evidence before any local maturity claim.",no_local_fixture_rows,rev0288
LGAP-safe_access_to_aid-no-local-overlay,J_PILOT_FIXTURE_001,safe_access_to_aid,LOCAL_OVERLAY_MISSING,no_local_overlay_evidence,P1,"Add local owner, control-test, access-test, audit/redress, corrective-action, contract, workforce, and observation evidence before any local maturity claim.",no_local_fixture_rows,rev0288
LGAP-safe_evacuation_or_shelter_choice-no-local-overlay,J_PILOT_FIXTURE_001,safe_evacuation_or_shelter_choice,LOCAL_OVERLAY_MISSING,no_local_overlay_evidence,P1,"Add local owner, control-test, access-test, audit/redress, corrective-action, contract, workforce, and observation evidence before any local maturity claim.",no_local_fixture_rows,rev0288
LGAP-safe_floodplain_function-no-local-overlay,J_PILOT_FIXTURE_001,safe_floodplain_function,LOCAL_OVERLAY_MISSING,no_local_overlay_evidence,P1,"Add local owner, control-test, access-test, audit/redress, corrective-action, contract, workforce, and observation evidence before any local maturity claim.",no_local_fixture_rows,rev0288
LGAP-safe_growth_screen-no-local-overlay,J_PILOT_FIXTURE_001,safe_growth_screen,LOCAL_OVERLAY_MISSING,no_local_overlay_evidence,P1,"Add local owner, control-test, access-test, audit/redress, corrective-action, contract, workforce, and observation evidence before any local maturity claim.",no_local_fixture_rows,rev0288
LGAP-safe_indoor_temperature-no-local-overlay,J_PILOT_FIXTURE_001,safe_indoor_temperature,LOCAL_OVERLAY_MISSING,no_local_overlay_evidence,P1,"Add local owner, control-test, access-test, audit/redress, corrective-action, contract, workforce, and observation evidence before any local maturity claim.",no_local_fixture_rows,rev0288
LGAP-safe_informal_habitation-no-local-overlay,J_PILOT_FIXTURE_001,safe_informal_habitation,LOCAL_OVERLAY_MISSING,no_local_overlay_evidence,P1,"Add local owner, control-test, access-test, audit/redress, corrective-action, contract, workforce, and observation evidence before any local maturity claim.",no_local_fixture_rows,rev0288
LGAP-safe_interim_housing-no-local-overlay,J_PILOT_FIXTURE_001,safe_interim_housing,LOCAL_OVERLAY_MISSING,no_local_overlay_evidence,P1,"Add local owner, control-test, access-test, audit/redress, corrective-action, contract, workforce, and observation evidence before any local maturity claim.",no_local_fixture_rows,rev0288
LGAP-safe_mobility-no-local-overlay,J_PILOT_FIXTURE_001,safe_mobility,LOCAL_OVERLAY_MISSING,no_local_overlay_evidence,P1,"Add local owner, control-test, access-test, audit/redress, corrective-action, contract, workforce, and observation evidence before any local maturity claim.",no_local_fixture_rows,rev0288
LGAP-safe_rebuild_throughput-no-local-overlay,J_PILOT_FIXTURE_001,safe_rebuild_throughput,LOCAL_OVERLAY_MISSING,no_local_overlay_evidence,P1,"Add local owner, control-test, access-test, audit/redress, corrective-action, contract, workforce, and observation evidence before any local maturity claim.",no_local_fixture_rows,rev0288
LGAP-safe_recovery_market-no-local-overlay,J_PILOT_FIXTURE_001,safe_recovery_market,LOCAL_OVERLAY_MISSING,no_local_overlay_evidence,P1,"Add local owner, control-test, access-test, audit/redress, corrective-action, contract, workforce, and observation evidence before any local maturity claim.",no_local_fixture_rows,rev0288
LGAP-safe_recovery_workforce-no-local-overlay,J_PILOT_FIXTURE_001,safe_recovery_workforce,LOCAL_OVERLAY_MISSING,no_local_overlay_evidence,P1,"Add local owner, control-test, access-test, audit/redress, corrective-action, contract, workforce, and observation evidence before any local maturity claim.",no_local_fixture_rows,rev0288
LGAP-safe_reentry-no-local-overlay,J_PILOT_FIXTURE_001,safe_reentry,LOCAL_OVERLAY_MISSING,no_local_overlay_evidence,P1,"Add local owner, control-test, access-test, audit/redress, corrective-action, contract, workforce, and observation evidence before any local maturity claim.",no_local_fixture_rows,rev0288
LGAP-safe_reoccupancy-no-local-overlay,J_PILOT_FIXTURE_001,safe_reoccupancy,LOCAL_OVERLAY_MISSING,no_local_overlay_evidence,P1,"Add local owner, control-test, access-test, audit/redress, corrective-action, contract, workforce, and observation evidence before any local maturity claim.",no_local_fixture_rows,rev0288
LGAP-safe_useful_volunteer_capacity-no-local-overlay,J_PILOT_FIXTURE_001,safe_useful_volunteer_capacity,LOCAL_OVERLAY_MISSING,no_local_overlay_evidence,P1,"Add local owner, control-test, access-test, audit/redress, corrective-action, contract, workforce, and observation evidence before any local maturity claim.",no_local_fixture_rows,rev0288
LGAP-safeguarding_and_referral-no-local-overlay,J_PILOT_FIXTURE_001,safeguarding_and_referral,LOCAL_OVERLAY_MISSING,no_local_overlay_evidence,P1,"Add local owner, control-test, access-test, audit/redress, corrective-action, contract, workforce, and observation evidence before any local maturity claim.",no_local_fixture_rows,rev0288
LGAP-sampling_and_lab_continuity-no-local-overlay,J_PILOT_FIXTURE_001,sampling_and_lab_continuity,LOCAL_OVERLAY_MISSING,no_local_overlay_evidence,P1,"Add local owner, control-test, access-test, audit/redress, corrective-action, contract, workforce, and observation evidence before any local maturity claim.",no_local_fixture_rows,rev0288
LGAP-scenario_based_assurance-no-local-overlay,J_PILOT_FIXTURE_001,scenario_based_assurance,LOCAL_OVERLAY_MISSING,no_local_overlay_evidence,P1,"Add local owner, control-test, access-test, audit/redress, corrective-action, contract, workforce, and observation evidence before any local maturity claim.",no_local_fixture_rows,rev0288
LGAP-school_origin_or_best_interest_path-no-local-overlay,J_PILOT_FIXTURE_001,school_origin_or_best_interest_path,LOCAL_OVERLAY_MISSING,no_local_overlay_evidence,P1,"Add local owner, control-test, access-test, audit/redress, corrective-action, contract, workforce, and observation evidence before any local maturity claim.",no_local_fixture_rows,rev0288
LGAP-search_and_rescue-no-local-overlay,J_PILOT_FIXTURE_001,search_and_rescue,LOCAL_OVERLAY_MISSING,no_local_overlay_evidence,P1,"Add local owner, control-test, access-test, audit/redress, corrective-action, contract, workforce, and observation evidence before any local maturity claim.",no_local_fixture_rows,rev0288
LGAP-sequenced_adaptation_options-no-local-overlay,J_PILOT_FIXTURE_001,sequenced_adaptation_options,LOCAL_OVERLAY_MISSING,no_local_overlay_evidence,P1,"Add local owner, control-test, access-test, audit/redress, corrective-action, contract, workforce, and observation evidence before any local maturity claim.",no_local_fixture_rows,rev0288
LGAP-service_animal_continuity-no-local-overlay,J_PILOT_FIXTURE_001,service_animal_continuity,LOCAL_OVERLAY_MISSING,no_local_overlay_evidence,P1,"Add local owner, control-test, access-test, audit/redress, corrective-action, contract, workforce, and observation evidence before any local maturity claim.",no_local_fixture_rows,rev0288
LGAP-service_floor_common_operating_picture-no-local-overlay,J_PILOT_FIXTURE_001,service_floor_common_operating_picture,LOCAL_OVERLAY_MISSING,no_local_overlay_evidence,P1,"Add local owner, control-test, access-test, audit/redress, corrective-action, contract, workforce, and observation evidence before any local maturity claim.",no_local_fixture_rows,rev0288
LGAP-service_replacement_before_retirement-no-local-overlay,J_PILOT_FIXTURE_001,service_replacement_before_retirement,LOCAL_OVERLAY_MISSING,no_local_overlay_evidence,P1,"Add local owner, control-test, access-test, audit/redress, corrective-action, contract, workforce, and observation evidence before any local maturity claim.",no_local_fixture_rows,rev0288
LGAP-shared_housing_recovery-no-local-overlay,J_PILOT_FIXTURE_001,shared_housing_recovery,LOCAL_OVERLAY_MISSING,no_local_overlay_evidence,P1,"Add local owner, control-test, access-test, audit/redress, corrective-action, contract, workforce, and observation evidence before any local maturity claim.",no_local_fixture_rows,rev0288
LGAP-shared_hydromet_data-no-local-overlay,J_PILOT_FIXTURE_001,shared_hydromet_data,LOCAL_OVERLAY_MISSING,no_local_overlay_evidence,P1,"Add local owner, control-test, access-test, audit/redress, corrective-action, contract, workforce, and observation evidence before any local maturity claim.",no_local_fixture_rows,rev0288
LGAP-shock_responsive_delivery_system-no-local-overlay,J_PILOT_FIXTURE_001,shock_responsive_delivery_system,LOCAL_OVERLAY_MISSING,no_local_overlay_evidence,P1,"Add local owner, control-test, access-test, audit/redress, corrective-action, contract, workforce, and observation evidence before any local maturity claim.",no_local_fixture_rows,rev0288
LGAP-smoke_and_evacuation_continuity-no-local-overlay,J_PILOT_FIXTURE_001,smoke_and_evacuation_continuity,LOCAL_OVERLAY_MISSING,no_local_overlay_evidence,P1,"Add local owner, control-test, access-test, audit/redress, corrective-action, contract, workforce, and observation evidence before any local maturity claim.",no_local_fixture_rows,rev0288
LGAP-social_protection_cashflow-no-local-overlay,J_PILOT_FIXTURE_001,social_protection_cashflow,LOCAL_OVERLAY_MISSING,no_local_overlay_evidence,P1,"Add local owner, control-test, access-test, audit/redress, corrective-action, contract, workforce, and observation evidence before any local maturity claim.",no_local_fixture_rows,rev0288
LGAP-special_diet_and_infant_feeding_support-no-local-overlay,J_PILOT_FIXTURE_001,special_diet_and_infant_feeding_support,LOCAL_OVERLAY_MISSING,no_local_overlay_evidence,P1,"Add local owner, control-test, access-test, audit/redress, corrective-action, contract, workforce, and observation evidence before any local maturity claim.",no_local_fixture_rows,rev0288
LGAP-staff_rotation_continuity-no-local-overlay,J_PILOT_FIXTURE_001,staff_rotation_continuity,LOCAL_OVERLAY_MISSING,no_local_overlay_evidence,P1,"Add local owner, control-test, access-test, audit/redress, corrective-action, contract, workforce, and observation evidence before any local maturity claim.",no_local_fixture_rows,rev0288
LGAP-stockpile_continuity-no-local-overlay,J_PILOT_FIXTURE_001,stockpile_continuity,LOCAL_OVERLAY_MISSING,no_local_overlay_evidence,P1,"Add local owner, control-test, access-test, audit/redress, corrective-action, contract, workforce, and observation evidence before any local maturity claim.",no_local_fixture_rows,rev0288
LGAP-substitution_standard-no-local-overlay,J_PILOT_FIXTURE_001,substitution_standard,LOCAL_OVERLAY_MISSING,no_local_overlay_evidence,P1,"Add local owner, control-test, access-test, audit/redress, corrective-action, contract, workforce, and observation evidence before any local maturity claim.",no_local_fixture_rows,rev0288
LGAP-sunset_and_review_path-no-local-overlay,J_PILOT_FIXTURE_001,sunset_and_review_path,LOCAL_OVERLAY_MISSING,no_local_overlay_evidence,P1,"Add local owner, control-test, access-test, audit/redress, corrective-action, contract, workforce, and observation evidence before any local maturity claim.",no_local_fixture_rows,rev0288
LGAP-surge_staffing-no-local-overlay,J_PILOT_FIXTURE_001,surge_staffing,LOCAL_OVERLAY_MISSING,no_local_overlay_evidence,P1,"Add local owner, control-test, access-test, audit/redress, corrective-action, contract, workforce, and observation evidence before any local maturity claim.",no_local_fixture_rows,rev0288
LGAP-switching_rule_before_lock_in-no-local-overlay,J_PILOT_FIXTURE_001,switching_rule_before_lock_in,LOCAL_OVERLAY_MISSING,no_local_overlay_evidence,P1,"Add local owner, control-test, access-test, audit/redress, corrective-action, contract, workforce, and observation evidence before any local maturity claim.",no_local_fixture_rows,rev0288
LGAP-tax_base_stress_test-no-local-overlay,J_PILOT_FIXTURE_001,tax_base_stress_test,LOCAL_OVERLAY_MISSING,no_local_overlay_evidence,P1,"Add local owner, control-test, access-test, audit/redress, corrective-action, contract, workforce, and observation evidence before any local maturity claim.",no_local_fixture_rows,rev0288
LGAP-tenancy_stability-no-local-overlay,J_PILOT_FIXTURE_001,tenancy_stability,LOCAL_OVERLAY_MISSING,no_local_overlay_evidence,P1,"Add local owner, control-test, access-test, audit/redress, corrective-action, contract, workforce, and observation evidence before any local maturity claim.",no_local_fixture_rows,rev0288
LGAP-tenure_secure_recovery_access-no-local-overlay,J_PILOT_FIXTURE_001,tenure_secure_recovery_access,LOCAL_OVERLAY_MISSING,no_local_overlay_evidence,P1,"Add local owner, control-test, access-test, audit/redress, corrective-action, contract, workforce, and observation evidence before any local maturity claim.",no_local_fixture_rows,rev0288
LGAP-tested_floor-no-local-overlay,J_PILOT_FIXTURE_001,tested_floor,LOCAL_OVERLAY_MISSING,no_local_overlay_evidence,P1,"Add local owner, control-test, access-test, audit/redress, corrective-action, contract, workforce, and observation evidence before any local maturity claim.",no_local_fixture_rows,rev0288
LGAP-tested_readiness-no-local-overlay,J_PILOT_FIXTURE_001,tested_readiness,LOCAL_OVERLAY_MISSING,no_local_overlay_evidence,P1,"Add local owner, control-test, access-test, audit/redress, corrective-action, contract, workforce, and observation evidence before any local maturity claim.",no_local_fixture_rows,rev0288
LGAP-thermal_safety-no-local-overlay,J_PILOT_FIXTURE_001,thermal_safety,LOCAL_OVERLAY_MISSING,no_local_overlay_evidence,P1,"Add local owner, control-test, access-test, audit/redress, corrective-action, contract, workforce, and observation evidence before any local maturity claim.",no_local_fixture_rows,rev0288
LGAP-thermal_survivability-no-local-overlay,J_PILOT_FIXTURE_001,thermal_survivability,LOCAL_OVERLAY_MISSING,no_local_overlay_evidence,P1,"Add local owner, control-test, access-test, audit/redress, corrective-action, contract, workforce, and observation evidence before any local maturity claim.",no_local_fixture_rows,rev0288
LGAP-time_to_service_floor-no-local-overlay,J_PILOT_FIXTURE_001,time_to_service_floor,LOCAL_OVERLAY_MISSING,no_local_overlay_evidence,P1,"Add local owner, control-test, access-test, audit/redress, corrective-action, contract, workforce, and observation evidence before any local maturity claim.",no_local_fixture_rows,rev0288
LGAP-toxic_exposure_reduction-no-local-overlay,J_PILOT_FIXTURE_001,toxic_exposure_reduction,LOCAL_OVERLAY_MISSING,no_local_overlay_evidence,P1,"Add local owner, control-test, access-test, audit/redress, corrective-action, contract, workforce, and observation evidence before any local maturity claim.",no_local_fixture_rows,rev0288
LGAP-toxic_release_prevention_and_response-no-local-overlay,J_PILOT_FIXTURE_001,toxic_release_prevention_and_response,LOCAL_OVERLAY_MISSING,no_local_overlay_evidence,P1,"Add local owner, control-test, access-test, audit/redress, corrective-action, contract, workforce, and observation evidence before any local maturity claim.",no_local_fixture_rows,rev0288
LGAP-transport_to_recovery_services-no-local-overlay,J_PILOT_FIXTURE_001,transport_to_recovery_services,LOCAL_OVERLAY_MISSING,no_local_overlay_evidence,P1,"Add local owner, control-test, access-test, audit/redress, corrective-action, contract, workforce, and observation evidence before any local maturity claim.",no_local_fixture_rows,rev0288
LGAP-trauma_and_grief_recovery-no-local-overlay,J_PILOT_FIXTURE_001,trauma_and_grief_recovery,LOCAL_OVERLAY_MISSING,no_local_overlay_evidence,P1,"Add local owner, control-test, access-test, audit/redress, corrective-action, contract, workforce, and observation evidence before any local maturity claim.",no_local_fixture_rows,rev0288
LGAP-triggered_household_cash_floor-no-local-overlay,J_PILOT_FIXTURE_001,triggered_household_cash_floor,LOCAL_OVERLAY_MISSING,no_local_overlay_evidence,P1,"Add local owner, control-test, access-test, audit/redress, corrective-action, contract, workforce, and observation evidence before any local maturity claim.",no_local_fixture_rows,rev0288
LGAP-triggered_preimpact_release-no-local-overlay,J_PILOT_FIXTURE_001,triggered_preimpact_release,LOCAL_OVERLAY_MISSING,no_local_overlay_evidence,P1,"Add local owner, control-test, access-test, audit/redress, corrective-action, contract, workforce, and observation evidence before any local maturity claim.",no_local_fixture_rows,rev0288
LGAP-trusted_access_path-no-local-overlay,J_PILOT_FIXTURE_001,trusted_access_path,LOCAL_OVERLAY_MISSING,no_local_overlay_evidence,P1,"Add local owner, control-test, access-test, audit/redress, corrective-action, contract, workforce, and observation evidence before any local maturity claim.",no_local_fixture_rows,rev0288
LGAP-trusted_climate_observability-no-local-overlay,J_PILOT_FIXTURE_001,trusted_climate_observability,LOCAL_OVERLAY_MISSING,no_local_overlay_evidence,P1,"Add local owner, control-test, access-test, audit/redress, corrective-action, contract, workforce, and observation evidence before any local maturity claim.",no_local_fixture_rows,rev0288
LGAP-trusted_public_information-no-local-overlay,J_PILOT_FIXTURE_001,trusted_public_information,LOCAL_OVERLAY_MISSING,no_local_overlay_evidence,P1,"Add local owner, control-test, access-test, audit/redress, corrective-action, contract, workforce, and observation evidence before any local maturity claim.",no_local_fixture_rows,rev0288
LGAP-typed_resource_request_path-no-local-overlay,J_PILOT_FIXTURE_001,typed_resource_request_path,LOCAL_OVERLAY_MISSING,no_local_overlay_evidence,P1,"Add local owner, control-test, access-test, audit/redress, corrective-action, contract, workforce, and observation evidence before any local maturity claim.",no_local_fixture_rows,rev0288
LGAP-uncertainty_disclosure_before_design-no-local-overlay,J_PILOT_FIXTURE_001,uncertainty_disclosure_before_design,LOCAL_OVERLAY_MISSING,no_local_overlay_evidence,P1,"Add local owner, control-test, access-test, audit/redress, corrective-action, contract, workforce, and observation evidence before any local maturity claim.",no_local_fixture_rows,rev0288
LGAP-unmet_needs_closure-no-local-overlay,J_PILOT_FIXTURE_001,unmet_needs_closure,LOCAL_OVERLAY_MISSING,no_local_overlay_evidence,P1,"Add local owner, control-test, access-test, audit/redress, corrective-action, contract, workforce, and observation evidence before any local maturity claim.",no_local_fixture_rows,rev0288
LGAP-unsafe_asset_exit_plan-no-local-overlay,J_PILOT_FIXTURE_001,unsafe_asset_exit_plan,LOCAL_OVERLAY_MISSING,no_local_overlay_evidence,P1,"Add local owner, control-test, access-test, audit/redress, corrective-action, contract, workforce, and observation evidence before any local maturity claim.",no_local_fixture_rows,rev0288
LGAP-utility_affordability-no-local-overlay,J_PILOT_FIXTURE_001,utility_affordability,LOCAL_OVERLAY_MISSING,no_local_overlay_evidence,P1,"Add local owner, control-test, access-test, audit/redress, corrective-action, contract, workforce, and observation evidence before any local maturity claim.",no_local_fixture_rows,rev0288
LGAP-utility_arrears_protection-no-local-overlay,J_PILOT_FIXTURE_001,utility_arrears_protection,LOCAL_OVERLAY_MISSING,no_local_overlay_evidence,P1,"Add local owner, control-test, access-test, audit/redress, corrective-action, contract, workforce, and observation evidence before any local maturity claim.",no_local_fixture_rows,rev0288
LGAP-utility_reconnection_clearance-no-local-overlay,J_PILOT_FIXTURE_001,utility_reconnection_clearance,LOCAL_OVERLAY_MISSING,no_local_overlay_evidence,P1,"Add local owner, control-test, access-test, audit/redress, corrective-action, contract, workforce, and observation evidence before any local maturity claim.",no_local_fixture_rows,rev0288
LGAP-vehicle_and_transit_restoration-no-local-overlay,J_PILOT_FIXTURE_001,vehicle_and_transit_restoration,LOCAL_OVERLAY_MISSING,no_local_overlay_evidence,P1,"Add local owner, control-test, access-test, audit/redress, corrective-action, contract, workforce, and observation evidence before any local maturity claim.",no_local_fixture_rows,rev0288
LGAP-veterinary_and_feed_access-no-local-overlay,J_PILOT_FIXTURE_001,veterinary_and_feed_access,LOCAL_OVERLAY_MISSING,no_local_overlay_evidence,P1,"Add local owner, control-test, access-test, audit/redress, corrective-action, contract, workforce, and observation evidence before any local maturity claim.",no_local_fixture_rows,rev0288
LGAP-voluntary_buyout_integrity-no-local-overlay,J_PILOT_FIXTURE_001,voluntary_buyout_integrity,LOCAL_OVERLAY_MISSING,no_local_overlay_evidence,P1,"Add local owner, control-test, access-test, audit/redress, corrective-action, contract, workforce, and observation evidence before any local maturity claim.",no_local_fixture_rows,rev0288
LGAP-volunteer_safety-no-local-overlay,J_PILOT_FIXTURE_001,volunteer_safety,LOCAL_OVERLAY_MISSING,no_local_overlay_evidence,P1,"Add local owner, control-test, access-test, audit/redress, corrective-action, contract, workforce, and observation evidence before any local maturity claim.",no_local_fixture_rows,rev0288
LGAP-waste_continuity-no-local-overlay,J_PILOT_FIXTURE_001,waste_continuity,LOCAL_OVERLAY_MISSING,no_local_overlay_evidence,P1,"Add local owner, control-test, access-test, audit/redress, corrective-action, contract, workforce, and observation evidence before any local maturity claim.",no_local_fixture_rows,rev0288
LGAP-waste_reduction-no-local-overlay,J_PILOT_FIXTURE_001,waste_reduction,LOCAL_OVERLAY_MISSING,no_local_overlay_evidence,P1,"Add local owner, control-test, access-test, audit/redress, corrective-action, contract, workforce, and observation evidence before any local maturity claim.",no_local_fixture_rows,rev0288
LGAP-water_quality_notice-no-local-overlay,J_PILOT_FIXTURE_001,water_quality_notice,LOCAL_OVERLAY_MISSING,no_local_overlay_evidence,P1,"Add local owner, control-test, access-test, audit/redress, corrective-action, contract, workforce, and observation evidence before any local maturity claim.",no_local_fixture_rows,rev0288
LGAP-water_security-no-local-overlay,J_PILOT_FIXTURE_001,water_security,LOCAL_OVERLAY_MISSING,no_local_overlay_evidence,P1,"Add local owner, control-test, access-test, audit/redress, corrective-action, contract, workforce, and observation evidence before any local maturity claim.",no_local_fixture_rows,rev0288
LGAP-wildfire_risk_reduction-no-local-overlay,J_PILOT_FIXTURE_001,wildfire_risk_reduction,LOCAL_OVERLAY_MISSING,no_local_overlay_evidence,P1,"Add local owner, control-test, access-test, audit/redress, corrective-action, contract, workforce, and observation evidence before any local maturity claim.",no_local_fixture_rows,rev0288
LGAP-worker_heat_protection-no-local-overlay,J_PILOT_FIXTURE_001,worker_heat_protection,LOCAL_OVERLAY_MISSING,no_local_overlay_evidence,P1,"Add local owner, control-test, access-test, audit/redress, corrective-action, contract, workforce, and observation evidence before any local maturity claim.",no_local_fixture_rows,rev0288
LGAP-workforce_competency_succession-no-local-overlay,J_PILOT_FIXTURE_001,workforce_competency_succession,LOCAL_OVERLAY_MISSING,no_local_overlay_evidence,P1,"Add local owner, control-test, access-test, audit/redress, corrective-action, contract, workforce, and observation evidence before any local maturity claim.",no_local_fixture_rows,rev0288
LGAP-border_continuity-g_independent_audit_redress_localized,J_PILOT_FIXTURE_001,border_continuity,G_INDEPENDENT_AUDIT_REDRESS_LOCALIZED,partial_fixture_gate_blocker,P1,Complete local evidence or public accepted-risk exception before treating fixture as fully assured.,synthetic_not_real_world_evidence,rev0288
LGAP-border_continuity-g_corrective_action_closure,J_PILOT_FIXTURE_001,border_continuity,G_CORRECTIVE_ACTION_CLOSURE,partial_fixture_gate_blocker,P1,Complete local evidence or public accepted-risk exception before treating fixture as fully assured.,synthetic_not_real_world_evidence,rev0288
LGAP-border_continuity-g_contracting_instance_trace,J_PILOT_FIXTURE_001,border_continuity,G_CONTRACTING_INSTANCE_TRACE,partial_fixture_gate_blocker,P1,Complete local evidence or public accepted-risk exception before treating fixture as fully assured.,synthetic_not_real_world_evidence,rev0288
LGAP-cross_service_readiness-no-local-overlay,J_PILOT_FIXTURE_001,cross_service_readiness,LOCAL_OVERLAY_MISSING,no_local_overlay_evidence,P1,"Add local owner, control-test, access-test, audit/redress, corrective-action, contract, workforce, and observation evidence before any local maturity claim.",no_local_fixture_rows,rev0288
LGAP-rebuild_authority-g_independent_audit_redress_localized,J_PILOT_FIXTURE_001,rebuild_authority,G_INDEPENDENT_AUDIT_REDRESS_LOCALIZED,partial_fixture_gate_blocker,P1,Complete local evidence or public accepted-risk exception before treating fixture as fully assured.,synthetic_not_real_world_evidence,rev0288
LGAP-rebuild_authority-g_corrective_action_closure,J_PILOT_FIXTURE_001,rebuild_authority,G_CORRECTIVE_ACTION_CLOSURE,partial_fixture_gate_blocker,P1,Complete local evidence or public accepted-risk exception before treating fixture as fully assured.,synthetic_not_real_world_evidence,rev0288
LGAP-rebuild_authority-g_contracting_instance_trace,J_PILOT_FIXTURE_001,rebuild_authority,G_CONTRACTING_INSTANCE_TRACE,partial_fixture_gate_blocker,P1,Complete local evidence or public accepted-risk exception before treating fixture as fully assured.,synthetic_not_real_world_evidence,rev0288
LOCAL_NGAP_PILOT_nuclear_clean_firm_power_NG_01,PILOT_SYNTHETIC_JURISDICTION,nuclear_clean_firm_power,NG_01,synthetic_fixture_no_real_local_evidence,high,supply real local nuclear evidence before maturity promotion,synthetic_not_real,rev0289
LOCAL_NGAP_PILOT_nuclear_clean_firm_power_NG_02,PILOT_SYNTHETIC_JURISDICTION,nuclear_clean_firm_power,NG_02,synthetic_fixture_no_real_local_evidence,high,supply real local nuclear evidence before maturity promotion,synthetic_not_real,rev0289
LOCAL_NGAP_PILOT_nuclear_clean_firm_power_NG_03,PILOT_SYNTHETIC_JURISDICTION,nuclear_clean_firm_power,NG_03,synthetic_fixture_no_real_local_evidence,high,supply real local nuclear evidence before maturity promotion,synthetic_not_real,rev0289
LOCAL_NGAP_PILOT_nuclear_clean_firm_power_NG_04,PILOT_SYNTHETIC_JURISDICTION,nuclear_clean_firm_power,NG_04,synthetic_fixture_no_real_local_evidence,high,supply real local nuclear evidence before maturity promotion,synthetic_not_real,rev0289
LOCAL_NGAP_PILOT_nuclear_clean_firm_power_NG_05,PILOT_SYNTHETIC_JURISDICTION,nuclear_clean_firm_power,NG_05,synthetic_fixture_no_real_local_evidence,high,supply real local nuclear evidence before maturity promotion,synthetic_not_real,rev0289
LOCAL_NGAP_PILOT_nuclear_clean_firm_power_NG_06,PILOT_SYNTHETIC_JURISDICTION,nuclear_clean_firm_power,NG_06,synthetic_fixture_no_real_local_evidence,high,supply real local nuclear evidence before maturity promotion,synthetic_not_real,rev0289
LOCAL_NGAP_PILOT_nuclear_clean_firm_power_NG_07,PILOT_SYNTHETIC_JURISDICTION,nuclear_clean_firm_power,NG_07,synthetic_fixture_no_real_local_evidence,high,supply real local nuclear evidence before maturity promotion,synthetic_not_real,rev0289
LOCAL_NGAP_PILOT_nuclear_clean_firm_power_NG_08,PILOT_SYNTHETIC_JURISDICTION,nuclear_clean_firm_power,NG_08,synthetic_fixture_no_real_local_evidence,high,supply real local nuclear evidence before maturity promotion,synthetic_not_real,rev0289
LOCAL_NGAP_PILOT_nuclear_clean_firm_power_NG_09,PILOT_SYNTHETIC_JURISDICTION,nuclear_clean_firm_power,NG_09,synthetic_fixture_no_real_local_evidence,high,supply real local nuclear evidence before maturity promotion,synthetic_not_real,rev0289
LOCAL_NGAP_PILOT_nuclear_clean_firm_power_NG_10,PILOT_SYNTHETIC_JURISDICTION,nuclear_clean_firm_power,NG_10,synthetic_fixture_no_real_local_evidence,high,supply real local nuclear evidence before maturity promotion,synthetic_not_real,rev0289
LOCAL_NGAP_PILOT_nuclear_clean_firm_power_NG_11,PILOT_SYNTHETIC_JURISDICTION,nuclear_clean_firm_power,NG_11,synthetic_fixture_no_real_local_evidence,high,supply real local nuclear evidence before maturity promotion,synthetic_not_real,rev0289
LOCAL_NGAP_PILOT_nuclear_clean_firm_power_NG_12,PILOT_SYNTHETIC_JURISDICTION,nuclear_clean_firm_power,NG_12,synthetic_fixture_no_real_local_evidence,high,supply real local nuclear evidence before maturity promotion,synthetic_not_real,rev0289
LOCAL_NGAP_PILOT_nuclear_existing_fleet_continuity_NG_01,PILOT_SYNTHETIC_JURISDICTION,nuclear_existing_fleet_continuity,NG_01,synthetic_fixture_no_real_local_evidence,high,supply real local nuclear evidence before maturity promotion,synthetic_not_real,rev0289
LOCAL_NGAP_PILOT_nuclear_existing_fleet_continuity_NG_02,PILOT_SYNTHETIC_JURISDICTION,nuclear_existing_fleet_continuity,NG_02,synthetic_fixture_no_real_local_evidence,high,supply real local nuclear evidence before maturity promotion,synthetic_not_real,rev0289
LOCAL_NGAP_PILOT_nuclear_existing_fleet_continuity_NG_03,PILOT_SYNTHETIC_JURISDICTION,nuclear_existing_fleet_continuity,NG_03,synthetic_fixture_no_real_local_evidence,high,supply real local nuclear evidence before maturity promotion,synthetic_not_real,rev0289
LOCAL_NGAP_PILOT_nuclear_existing_fleet_continuity_NG_04,PILOT_SYNTHETIC_JURISDICTION,nuclear_existing_fleet_continuity,NG_04,synthetic_fixture_no_real_local_evidence,high,supply real local nuclear evidence before maturity promotion,synthetic_not_real,rev0289
LOCAL_NGAP_PILOT_nuclear_existing_fleet_continuity_NG_05,PILOT_SYNTHETIC_JURISDICTION,nuclear_existing_fleet_continuity,NG_05,synthetic_fixture_no_real_local_evidence,high,supply real local nuclear evidence before maturity promotion,synthetic_not_real,rev0289
LOCAL_NGAP_PILOT_nuclear_existing_fleet_continuity_NG_06,PILOT_SYNTHETIC_JURISDICTION,nuclear_existing_fleet_continuity,NG_06,synthetic_fixture_no_real_local_evidence,high,supply real local nuclear evidence before maturity promotion,synthetic_not_real,rev0289
LOCAL_NGAP_PILOT_nuclear_existing_fleet_continuity_NG_07,PILOT_SYNTHETIC_JURISDICTION,nuclear_existing_fleet_continuity,NG_07,synthetic_fixture_no_real_local_evidence,high,supply real local nuclear evidence before maturity promotion,synthetic_not_real,rev0289
LOCAL_NGAP_PILOT_nuclear_existing_fleet_continuity_NG_08,PILOT_SYNTHETIC_JURISDICTION,nuclear_existing_fleet_continuity,NG_08,synthetic_fixture_no_real_local_evidence,high,supply real local nuclear evidence before maturity promotion,synthetic_not_real,rev0289
LOCAL_NGAP_PILOT_nuclear_existing_fleet_continuity_NG_09,PILOT_SYNTHETIC_JURISDICTION,nuclear_existing_fleet_continuity,NG_09,synthetic_fixture_no_real_local_evidence,high,supply real local nuclear evidence before maturity promotion,synthetic_not_real,rev0289
LOCAL_NGAP_PILOT_nuclear_existing_fleet_continuity_NG_10,PILOT_SYNTHETIC_JURISDICTION,nuclear_existing_fleet_continuity,NG_10,synthetic_fixture_no_real_local_evidence,high,supply real local nuclear evidence before maturity promotion,synthetic_not_real,rev0289
LOCAL_NGAP_PILOT_nuclear_existing_fleet_continuity_NG_11,PILOT_SYNTHETIC_JURISDICTION,nuclear_existing_fleet_continuity,NG_11,synthetic_fixture_no_real_local_evidence,high,supply real local nuclear evidence before maturity promotion,synthetic_not_real,rev0289
LOCAL_NGAP_PILOT_nuclear_existing_fleet_continuity_NG_12,PILOT_SYNTHETIC_JURISDICTION,nuclear_existing_fleet_continuity,NG_12,synthetic_fixture_no_real_local_evidence,high,supply real local nuclear evidence before maturity promotion,synthetic_not_real,rev0289
LOCAL_NGAP_PILOT_nuclear_uprate_and_life_extension_NG_01,PILOT_SYNTHETIC_JURISDICTION,nuclear_uprate_and_life_extension,NG_01,synthetic_fixture_no_real_local_evidence,high,supply real local nuclear evidence before maturity promotion,synthetic_not_real,rev0289
LOCAL_NGAP_PILOT_nuclear_uprate_and_life_extension_NG_02,PILOT_SYNTHETIC_JURISDICTION,nuclear_uprate_and_life_extension,NG_02,synthetic_fixture_no_real_local_evidence,high,supply real local nuclear evidence before maturity promotion,synthetic_not_real,rev0289
LOCAL_NGAP_PILOT_nuclear_uprate_and_life_extension_NG_03,PILOT_SYNTHETIC_JURISDICTION,nuclear_uprate_and_life_extension,NG_03,synthetic_fixture_no_real_local_evidence,high,supply real local nuclear evidence before maturity promotion,synthetic_not_real,rev0289
LOCAL_NGAP_PILOT_nuclear_uprate_and_life_extension_NG_04,PILOT_SYNTHETIC_JURISDICTION,nuclear_uprate_and_life_extension,NG_04,synthetic_fixture_no_real_local_evidence,high,supply real local nuclear evidence before maturity promotion,synthetic_not_real,rev0289
LOCAL_NGAP_PILOT_nuclear_uprate_and_life_extension_NG_05,PILOT_SYNTHETIC_JURISDICTION,nuclear_uprate_and_life_extension,NG_05,synthetic_fixture_no_real_local_evidence,high,supply real local nuclear evidence before maturity promotion,synthetic_not_real,rev0289
LOCAL_NGAP_PILOT_nuclear_uprate_and_life_extension_NG_06,PILOT_SYNTHETIC_JURISDICTION,nuclear_uprate_and_life_extension,NG_06,synthetic_fixture_no_real_local_evidence,high,supply real local nuclear evidence before maturity promotion,synthetic_not_real,rev0289
LOCAL_NGAP_PILOT_nuclear_uprate_and_life_extension_NG_07,PILOT_SYNTHETIC_JURISDICTION,nuclear_uprate_and_life_extension,NG_07,synthetic_fixture_no_real_local_evidence,high,supply real local nuclear evidence before maturity promotion,synthetic_not_real,rev0289
LOCAL_NGAP_PILOT_nuclear_uprate_and_life_extension_NG_08,PILOT_SYNTHETIC_JURISDICTION,nuclear_uprate_and_life_extension,NG_08,synthetic_fixture_no_real_local_evidence,high,supply real local nuclear evidence before maturity promotion,synthetic_not_real,rev0289
LOCAL_NGAP_PILOT_nuclear_uprate_and_life_extension_NG_09,PILOT_SYNTHETIC_JURISDICTION,nuclear_uprate_and_life_extension,NG_09,synthetic_fixture_no_real_local_evidence,high,supply real local nuclear evidence before maturity promotion,synthetic_not_real,rev0289
LOCAL_NGAP_PILOT_nuclear_uprate_and_life_extension_NG_10,PILOT_SYNTHETIC_JURISDICTION,nuclear_uprate_and_life_extension,NG_10,synthetic_fixture_no_real_local_evidence,high,supply real local nuclear evidence before maturity promotion,synthetic_not_real,rev0289
LOCAL_NGAP_PILOT_nuclear_uprate_and_life_extension_NG_11,PILOT_SYNTHETIC_JURISDICTION,nuclear_uprate_and_life_extension,NG_11,synthetic_fixture_no_real_local_evidence,high,supply real local nuclear evidence before maturity promotion,synthetic_not_real,rev0289
LOCAL_NGAP_PILOT_nuclear_uprate_and_life_extension_NG_12,PILOT_SYNTHETIC_JURISDICTION,nuclear_uprate_and_life_extension,NG_12,synthetic_fixture_no_real_local_evidence,high,supply real local nuclear evidence before maturity promotion,synthetic_not_real,rev0289
LOCAL_NGAP_PILOT_nuclear_safety_case_NG_01,PILOT_SYNTHETIC_JURISDICTION,nuclear_safety_case,NG_01,synthetic_fixture_no_real_local_evidence,high,supply real local nuclear evidence before maturity promotion,synthetic_not_real,rev0289
LOCAL_NGAP_PILOT_nuclear_safety_case_NG_02,PILOT_SYNTHETIC_JURISDICTION,nuclear_safety_case,NG_02,synthetic_fixture_no_real_local_evidence,high,supply real local nuclear evidence before maturity promotion,synthetic_not_real,rev0289
LOCAL_NGAP_PILOT_nuclear_safety_case_NG_03,PILOT_SYNTHETIC_JURISDICTION,nuclear_safety_case,NG_03,synthetic_fixture_no_real_local_evidence,high,supply real local nuclear evidence before maturity promotion,synthetic_not_real,rev0289
LOCAL_NGAP_PILOT_nuclear_safety_case_NG_04,PILOT_SYNTHETIC_JURISDICTION,nuclear_safety_case,NG_04,synthetic_fixture_no_real_local_evidence,high,supply real local nuclear evidence before maturity promotion,synthetic_not_real,rev0289
LOCAL_NGAP_PILOT_nuclear_safety_case_NG_05,PILOT_SYNTHETIC_JURISDICTION,nuclear_safety_case,NG_05,synthetic_fixture_no_real_local_evidence,high,supply real local nuclear evidence before maturity promotion,synthetic_not_real,rev0289
LOCAL_NGAP_PILOT_nuclear_safety_case_NG_06,PILOT_SYNTHETIC_JURISDICTION,nuclear_safety_case,NG_06,synthetic_fixture_no_real_local_evidence,high,supply real local nuclear evidence before maturity promotion,synthetic_not_real,rev0289
LOCAL_NGAP_PILOT_nuclear_safety_case_NG_07,PILOT_SYNTHETIC_JURISDICTION,nuclear_safety_case,NG_07,synthetic_fixture_no_real_local_evidence,high,supply real local nuclear evidence before maturity promotion,synthetic_not_real,rev0289
LOCAL_NGAP_PILOT_nuclear_safety_case_NG_08,PILOT_SYNTHETIC_JURISDICTION,nuclear_safety_case,NG_08,synthetic_fixture_no_real_local_evidence,high,supply real local nuclear evidence before maturity promotion,synthetic_not_real,rev0289
LOCAL_NGAP_PILOT_nuclear_safety_case_NG_09,PILOT_SYNTHETIC_JURISDICTION,nuclear_safety_case,NG_09,synthetic_fixture_no_real_local_evidence,high,supply real local nuclear evidence before maturity promotion,synthetic_not_real,rev0289
LOCAL_NGAP_PILOT_nuclear_safety_case_NG_10,PILOT_SYNTHETIC_JURISDICTION,nuclear_safety_case,NG_10,synthetic_fixture_no_real_local_evidence,high,supply real local nuclear evidence before maturity promotion,synthetic_not_real,rev0289
LOCAL_NGAP_PILOT_nuclear_safety_case_NG_11,PILOT_SYNTHETIC_JURISDICTION,nuclear_safety_case,NG_11,synthetic_fixture_no_real_local_evidence,high,supply real local nuclear evidence before maturity promotion,synthetic_not_real,rev0289
LOCAL_NGAP_PILOT_nuclear_safety_case_NG_12,PILOT_SYNTHETIC_JURISDICTION,nuclear_safety_case,NG_12,synthetic_fixture_no_real_local_evidence,high,supply real local nuclear evidence before maturity promotion,synthetic_not_real,rev0289
LOCAL_NGAP_PILOT_nuclear_waste_stewardship_NG_01,PILOT_SYNTHETIC_JURISDICTION,nuclear_waste_stewardship,NG_01,synthetic_fixture_no_real_local_evidence,high,supply real local nuclear evidence before maturity promotion,synthetic_not_real,rev0289
LOCAL_NGAP_PILOT_nuclear_waste_stewardship_NG_02,PILOT_SYNTHETIC_JURISDICTION,nuclear_waste_stewardship,NG_02,synthetic_fixture_no_real_local_evidence,high,supply real local nuclear evidence before maturity promotion,synthetic_not_real,rev0289
LOCAL_NGAP_PILOT_nuclear_waste_stewardship_NG_03,PILOT_SYNTHETIC_JURISDICTION,nuclear_waste_stewardship,NG_03,synthetic_fixture_no_real_local_evidence,high,supply real local nuclear evidence before maturity promotion,synthetic_not_real,rev0289
LOCAL_NGAP_PILOT_nuclear_waste_stewardship_NG_04,PILOT_SYNTHETIC_JURISDICTION,nuclear_waste_stewardship,NG_04,synthetic_fixture_no_real_local_evidence,high,supply real local nuclear evidence before maturity promotion,synthetic_not_real,rev0289
LOCAL_NGAP_PILOT_nuclear_waste_stewardship_NG_05,PILOT_SYNTHETIC_JURISDICTION,nuclear_waste_stewardship,NG_05,synthetic_fixture_no_real_local_evidence,high,supply real local nuclear evidence before maturity promotion,synthetic_not_real,rev0289
LOCAL_NGAP_PILOT_nuclear_waste_stewardship_NG_06,PILOT_SYNTHETIC_JURISDICTION,nuclear_waste_stewardship,NG_06,synthetic_fixture_no_real_local_evidence,high,supply real local nuclear evidence before maturity promotion,synthetic_not_real,rev0289
LOCAL_NGAP_PILOT_nuclear_waste_stewardship_NG_07,PILOT_SYNTHETIC_JURISDICTION,nuclear_waste_stewardship,NG_07,synthetic_fixture_no_real_local_evidence,high,supply real local nuclear evidence before maturity promotion,synthetic_not_real,rev0289
LOCAL_NGAP_PILOT_nuclear_waste_stewardship_NG_08,PILOT_SYNTHETIC_JURISDICTION,nuclear_waste_stewardship,NG_08,synthetic_fixture_no_real_local_evidence,high,supply real local nuclear evidence before maturity promotion,synthetic_not_real,rev0289
LOCAL_NGAP_PILOT_nuclear_waste_stewardship_NG_09,PILOT_SYNTHETIC_JURISDICTION,nuclear_waste_stewardship,NG_09,synthetic_fixture_no_real_local_evidence,high,supply real local nuclear evidence before maturity promotion,synthetic_not_real,rev0289
LOCAL_NGAP_PILOT_nuclear_waste_stewardship_NG_10,PILOT_SYNTHETIC_JURISDICTION,nuclear_waste_stewardship,NG_10,synthetic_fixture_no_real_local_evidence,high,supply real local nuclear evidence before maturity promotion,synthetic_not_real,rev0289
LOCAL_NGAP_PILOT_nuclear_waste_stewardship_NG_11,PILOT_SYNTHETIC_JURISDICTION,nuclear_waste_stewardship,NG_11,synthetic_fixture_no_real_local_evidence,high,supply real local nuclear evidence before maturity promotion,synthetic_not_real,rev0289
LOCAL_NGAP_PILOT_nuclear_waste_stewardship_NG_12,PILOT_SYNTHETIC_JURISDICTION,nuclear_waste_stewardship,NG_12,synthetic_fixture_no_real_local_evidence,high,supply real local nuclear evidence before maturity promotion,synthetic_not_real,rev0289
LOCAL_NGAP_PILOT_nuclear_siting_and_water_resilience_NG_01,PILOT_SYNTHETIC_JURISDICTION,nuclear_siting_and_water_resilience,NG_01,synthetic_fixture_no_real_local_evidence,high,supply real local nuclear evidence before maturity promotion,synthetic_not_real,rev0289
LOCAL_NGAP_PILOT_nuclear_siting_and_water_resilience_NG_02,PILOT_SYNTHETIC_JURISDICTION,nuclear_siting_and_water_resilience,NG_02,synthetic_fixture_no_real_local_evidence,high,supply real local nuclear evidence before maturity promotion,synthetic_not_real,rev0289
LOCAL_NGAP_PILOT_nuclear_siting_and_water_resilience_NG_03,PILOT_SYNTHETIC_JURISDICTION,nuclear_siting_and_water_resilience,NG_03,synthetic_fixture_no_real_local_evidence,high,supply real local nuclear evidence before maturity promotion,synthetic_not_real,rev0289
LOCAL_NGAP_PILOT_nuclear_siting_and_water_resilience_NG_04,PILOT_SYNTHETIC_JURISDICTION,nuclear_siting_and_water_resilience,NG_04,synthetic_fixture_no_real_local_evidence,high,supply real local nuclear evidence before maturity promotion,synthetic_not_real,rev0289
LOCAL_NGAP_PILOT_nuclear_siting_and_water_resilience_NG_05,PILOT_SYNTHETIC_JURISDICTION,nuclear_siting_and_water_resilience,NG_05,synthetic_fixture_no_real_local_evidence,high,supply real local nuclear evidence before maturity promotion,synthetic_not_real,rev0289
LOCAL_NGAP_PILOT_nuclear_siting_and_water_resilience_NG_06,PILOT_SYNTHETIC_JURISDICTION,nuclear_siting_and_water_resilience,NG_06,synthetic_fixture_no_real_local_evidence,high,supply real local nuclear evidence before maturity promotion,synthetic_not_real,rev0289
LOCAL_NGAP_PILOT_nuclear_siting_and_water_resilience_NG_07,PILOT_SYNTHETIC_JURISDICTION,nuclear_siting_and_water_resilience,NG_07,synthetic_fixture_no_real_local_evidence,high,supply real local nuclear evidence before maturity promotion,synthetic_not_real,rev0289
LOCAL_NGAP_PILOT_nuclear_siting_and_water_resilience_NG_08,PILOT_SYNTHETIC_JURISDICTION,nuclear_siting_and_water_resilience,NG_08,synthetic_fixture_no_real_local_evidence,high,supply real local nuclear evidence before maturity promotion,synthetic_not_real,rev0289
LOCAL_NGAP_PILOT_nuclear_siting_and_water_resilience_NG_09,PILOT_SYNTHETIC_JURISDICTION,nuclear_siting_and_water_resilience,NG_09,synthetic_fixture_no_real_local_evidence,high,supply real local nuclear evidence before maturity promotion,synthetic_not_real,rev0289
LOCAL_NGAP_PILOT_nuclear_siting_and_water_resilience_NG_10,PILOT_SYNTHETIC_JURISDICTION,nuclear_siting_and_water_resilience,NG_10,synthetic_fixture_no_real_local_evidence,high,supply real local nuclear evidence before maturity promotion,synthetic_not_real,rev0289
LOCAL_NGAP_PILOT_nuclear_siting_and_water_resilience_NG_11,PILOT_SYNTHETIC_JURISDICTION,nuclear_siting_and_water_resilience,NG_11,synthetic_fixture_no_real_local_evidence,high,supply real local nuclear evidence before maturity promotion,synthetic_not_real,rev0289
LOCAL_NGAP_PILOT_nuclear_siting_and_water_resilience_NG_12,PILOT_SYNTHETIC_JURISDICTION,nuclear_siting_and_water_resilience,NG_12,synthetic_fixture_no_real_local_evidence,high,supply real local nuclear evidence before maturity promotion,synthetic_not_real,rev0289
LOCAL_NGAP_PILOT_nuclear_emergency_preparedness_NG_01,PILOT_SYNTHETIC_JURISDICTION,nuclear_emergency_preparedness,NG_01,synthetic_fixture_no_real_local_evidence,high,supply real local nuclear evidence before maturity promotion,synthetic_not_real,rev0289
LOCAL_NGAP_PILOT_nuclear_emergency_preparedness_NG_02,PILOT_SYNTHETIC_JURISDICTION,nuclear_emergency_preparedness,NG_02,synthetic_fixture_no_real_local_evidence,high,supply real local nuclear evidence before maturity promotion,synthetic_not_real,rev0289
LOCAL_NGAP_PILOT_nuclear_emergency_preparedness_NG_03,PILOT_SYNTHETIC_JURISDICTION,nuclear_emergency_preparedness,NG_03,synthetic_fixture_no_real_local_evidence,high,supply real local nuclear evidence before maturity promotion,synthetic_not_real,rev0289
LOCAL_NGAP_PILOT_nuclear_emergency_preparedness_NG_04,PILOT_SYNTHETIC_JURISDICTION,nuclear_emergency_preparedness,NG_04,synthetic_fixture_no_real_local_evidence,high,supply real local nuclear evidence before maturity promotion,synthetic_not_real,rev0289
LOCAL_NGAP_PILOT_nuclear_emergency_preparedness_NG_05,PILOT_SYNTHETIC_JURISDICTION,nuclear_emergency_preparedness,NG_05,synthetic_fixture_no_real_local_evidence,high,supply real local nuclear evidence before maturity promotion,synthetic_not_real,rev0289
LOCAL_NGAP_PILOT_nuclear_emergency_preparedness_NG_06,PILOT_SYNTHETIC_JURISDICTION,nuclear_emergency_preparedness,NG_06,synthetic_fixture_no_real_local_evidence,high,supply real local nuclear evidence before maturity promotion,synthetic_not_real,rev0289
LOCAL_NGAP_PILOT_nuclear_emergency_preparedness_NG_07,PILOT_SYNTHETIC_JURISDICTION,nuclear_emergency_preparedness,NG_07,synthetic_fixture_no_real_local_evidence,high,supply real local nuclear evidence before maturity promotion,synthetic_not_real,rev0289
LOCAL_NGAP_PILOT_nuclear_emergency_preparedness_NG_08,PILOT_SYNTHETIC_JURISDICTION,nuclear_emergency_preparedness,NG_08,synthetic_fixture_no_real_local_evidence,high,supply real local nuclear evidence before maturity promotion,synthetic_not_real,rev0289
LOCAL_NGAP_PILOT_nuclear_emergency_preparedness_NG_09,PILOT_SYNTHETIC_JURISDICTION,nuclear_emergency_preparedness,NG_09,synthetic_fixture_no_real_local_evidence,high,supply real local nuclear evidence before maturity promotion,synthetic_not_real,rev0289
LOCAL_NGAP_PILOT_nuclear_emergency_preparedness_NG_10,PILOT_SYNTHETIC_JURISDICTION,nuclear_emergency_preparedness,NG_10,synthetic_fixture_no_real_local_evidence,high,supply real local nuclear evidence before maturity promotion,synthetic_not_real,rev0289
LOCAL_NGAP_PILOT_nuclear_emergency_preparedness_NG_11,PILOT_SYNTHETIC_JURISDICTION,nuclear_emergency_preparedness,NG_11,synthetic_fixture_no_real_local_evidence,high,supply real local nuclear evidence before maturity promotion,synthetic_not_real,rev0289
LOCAL_NGAP_PILOT_nuclear_emergency_preparedness_NG_12,PILOT_SYNTHETIC_JURISDICTION,nuclear_emergency_preparedness,NG_12,synthetic_fixture_no_real_local_evidence,high,supply real local nuclear evidence before maturity promotion,synthetic_not_real,rev0289
LOCAL_NGAP_PILOT_nuclear_project_delivery_NG_01,PILOT_SYNTHETIC_JURISDICTION,nuclear_project_delivery,NG_01,synthetic_fixture_no_real_local_evidence,high,supply real local nuclear evidence before maturity promotion,synthetic_not_real,rev0289
LOCAL_NGAP_PILOT_nuclear_project_delivery_NG_02,PILOT_SYNTHETIC_JURISDICTION,nuclear_project_delivery,NG_02,synthetic_fixture_no_real_local_evidence,high,supply real local nuclear evidence before maturity promotion,synthetic_not_real,rev0289
LOCAL_NGAP_PILOT_nuclear_project_delivery_NG_03,PILOT_SYNTHETIC_JURISDICTION,nuclear_project_delivery,NG_03,synthetic_fixture_no_real_local_evidence,high,supply real local nuclear evidence before maturity promotion,synthetic_not_real,rev0289
LOCAL_NGAP_PILOT_nuclear_project_delivery_NG_04,PILOT_SYNTHETIC_JURISDICTION,nuclear_project_delivery,NG_04,synthetic_fixture_no_real_local_evidence,high,supply real local nuclear evidence before maturity promotion,synthetic_not_real,rev0289
LOCAL_NGAP_PILOT_nuclear_project_delivery_NG_05,PILOT_SYNTHETIC_JURISDICTION,nuclear_project_delivery,NG_05,synthetic_fixture_no_real_local_evidence,high,supply real local nuclear evidence before maturity promotion,synthetic_not_real,rev0289
LOCAL_NGAP_PILOT_nuclear_project_delivery_NG_06,PILOT_SYNTHETIC_JURISDICTION,nuclear_project_delivery,NG_06,synthetic_fixture_no_real_local_evidence,high,supply real local nuclear evidence before maturity promotion,synthetic_not_real,rev0289
LOCAL_NGAP_PILOT_nuclear_project_delivery_NG_07,PILOT_SYNTHETIC_JURISDICTION,nuclear_project_delivery,NG_07,synthetic_fixture_no_real_local_evidence,high,supply real local nuclear evidence before maturity promotion,synthetic_not_real,rev0289
LOCAL_NGAP_PILOT_nuclear_project_delivery_NG_08,PILOT_SYNTHETIC_JURISDICTION,nuclear_project_delivery,NG_08,synthetic_fixture_no_real_local_evidence,high,supply real local nuclear evidence before maturity promotion,synthetic_not_real,rev0289
LOCAL_NGAP_PILOT_nuclear_project_delivery_NG_09,PILOT_SYNTHETIC_JURISDICTION,nuclear_project_delivery,NG_09,synthetic_fixture_no_real_local_evidence,high,supply real local nuclear evidence before maturity promotion,synthetic_not_real,rev0289
LOCAL_NGAP_PILOT_nuclear_project_delivery_NG_10,PILOT_SYNTHETIC_JURISDICTION,nuclear_project_delivery,NG_10,synthetic_fixture_no_real_local_evidence,high,supply real local nuclear evidence before maturity promotion,synthetic_not_real,rev0289
LOCAL_NGAP_PILOT_nuclear_project_delivery_NG_11,PILOT_SYNTHETIC_JURISDICTION,nuclear_project_delivery,NG_11,synthetic_fixture_no_real_local_evidence,high,supply real local nuclear evidence before maturity promotion,synthetic_not_real,rev0289
LOCAL_NGAP_PILOT_nuclear_project_delivery_NG_12,PILOT_SYNTHETIC_JURISDICTION,nuclear_project_delivery,NG_12,synthetic_fixture_no_real_local_evidence,high,supply real local nuclear evidence before maturity promotion,synthetic_not_real,rev0289
LOCAL_NGAP_PILOT_nuclear_open_contracting_trace_NG_01,PILOT_SYNTHETIC_JURISDICTION,nuclear_open_contracting_trace,NG_01,synthetic_fixture_no_real_local_evidence,high,supply real local nuclear evidence before maturity promotion,synthetic_not_real,rev0289
LOCAL_NGAP_PILOT_nuclear_open_contracting_trace_NG_02,PILOT_SYNTHETIC_JURISDICTION,nuclear_open_contracting_trace,NG_02,synthetic_fixture_no_real_local_evidence,high,supply real local nuclear evidence before maturity promotion,synthetic_not_real,rev0289
LOCAL_NGAP_PILOT_nuclear_open_contracting_trace_NG_03,PILOT_SYNTHETIC_JURISDICTION,nuclear_open_contracting_trace,NG_03,synthetic_fixture_no_real_local_evidence,high,supply real local nuclear evidence before maturity promotion,synthetic_not_real,rev0289
LOCAL_NGAP_PILOT_nuclear_open_contracting_trace_NG_04,PILOT_SYNTHETIC_JURISDICTION,nuclear_open_contracting_trace,NG_04,synthetic_fixture_no_real_local_evidence,high,supply real local nuclear evidence before maturity promotion,synthetic_not_real,rev0289
LOCAL_NGAP_PILOT_nuclear_open_contracting_trace_NG_05,PILOT_SYNTHETIC_JURISDICTION,nuclear_open_contracting_trace,NG_05,synthetic_fixture_no_real_local_evidence,high,supply real local nuclear evidence before maturity promotion,synthetic_not_real,rev0289
LOCAL_NGAP_PILOT_nuclear_open_contracting_trace_NG_06,PILOT_SYNTHETIC_JURISDICTION,nuclear_open_contracting_trace,NG_06,synthetic_fixture_no_real_local_evidence,high,supply real local nuclear evidence before maturity promotion,synthetic_not_real,rev0289
LOCAL_NGAP_PILOT_nuclear_open_contracting_trace_NG_07,PILOT_SYNTHETIC_JURISDICTION,nuclear_open_contracting_trace,NG_07,synthetic_fixture_no_real_local_evidence,high,supply real local nuclear evidence before maturity promotion,synthetic_not_real,rev0289
LOCAL_NGAP_PILOT_nuclear_open_contracting_trace_NG_08,PILOT_SYNTHETIC_JURISDICTION,nuclear_open_contracting_trace,NG_08,synthetic_fixture_no_real_local_evidence,high,supply real local nuclear evidence before maturity promotion,synthetic_not_real,rev0289
LOCAL_NGAP_PILOT_nuclear_open_contracting_trace_NG_09,PILOT_SYNTHETIC_JURISDICTION,nuclear_open_contracting_trace,NG_09,synthetic_fixture_no_real_local_evidence,high,supply real local nuclear evidence before maturity promotion,synthetic_not_real,rev0289
LOCAL_NGAP_PILOT_nuclear_open_contracting_trace_NG_10,PILOT_SYNTHETIC_JURISDICTION,nuclear_open_contracting_trace,NG_10,synthetic_fixture_no_real_local_evidence,high,supply real local nuclear evidence before maturity promotion,synthetic_not_real,rev0289
LOCAL_NGAP_PILOT_nuclear_open_contracting_trace_NG_11,PILOT_SYNTHETIC_JURISDICTION,nuclear_open_contracting_trace,NG_11,synthetic_fixture_no_real_local_evidence,high,supply real local nuclear evidence before maturity promotion,synthetic_not_real,rev0289
LOCAL_NGAP_PILOT_nuclear_open_contracting_trace_NG_12,PILOT_SYNTHETIC_JURISDICTION,nuclear_open_contracting_trace,NG_12,synthetic_fixture_no_real_local_evidence,high,supply real local nuclear evidence before maturity promotion,synthetic_not_real,rev0289
LOCAL_NGAP_PILOT_nuclear_industrial_heat_NG_01,PILOT_SYNTHETIC_JURISDICTION,nuclear_industrial_heat,NG_01,synthetic_fixture_no_real_local_evidence,high,supply real local nuclear evidence before maturity promotion,synthetic_not_real,rev0289
LOCAL_NGAP_PILOT_nuclear_industrial_heat_NG_02,PILOT_SYNTHETIC_JURISDICTION,nuclear_industrial_heat,NG_02,synthetic_fixture_no_real_local_evidence,high,supply real local nuclear evidence before maturity promotion,synthetic_not_real,rev0289
LOCAL_NGAP_PILOT_nuclear_industrial_heat_NG_03,PILOT_SYNTHETIC_JURISDICTION,nuclear_industrial_heat,NG_03,synthetic_fixture_no_real_local_evidence,high,supply real local nuclear evidence before maturity promotion,synthetic_not_real,rev0289
LOCAL_NGAP_PILOT_nuclear_industrial_heat_NG_04,PILOT_SYNTHETIC_JURISDICTION,nuclear_industrial_heat,NG_04,synthetic_fixture_no_real_local_evidence,high,supply real local nuclear evidence before maturity promotion,synthetic_not_real,rev0289
LOCAL_NGAP_PILOT_nuclear_industrial_heat_NG_05,PILOT_SYNTHETIC_JURISDICTION,nuclear_industrial_heat,NG_05,synthetic_fixture_no_real_local_evidence,high,supply real local nuclear evidence before maturity promotion,synthetic_not_real,rev0289
LOCAL_NGAP_PILOT_nuclear_industrial_heat_NG_06,PILOT_SYNTHETIC_JURISDICTION,nuclear_industrial_heat,NG_06,synthetic_fixture_no_real_local_evidence,high,supply real local nuclear evidence before maturity promotion,synthetic_not_real,rev0289
LOCAL_NGAP_PILOT_nuclear_industrial_heat_NG_07,PILOT_SYNTHETIC_JURISDICTION,nuclear_industrial_heat,NG_07,synthetic_fixture_no_real_local_evidence,high,supply real local nuclear evidence before maturity promotion,synthetic_not_real,rev0289
LOCAL_NGAP_PILOT_nuclear_industrial_heat_NG_08,PILOT_SYNTHETIC_JURISDICTION,nuclear_industrial_heat,NG_08,synthetic_fixture_no_real_local_evidence,high,supply real local nuclear evidence before maturity promotion,synthetic_not_real,rev0289
LOCAL_NGAP_PILOT_nuclear_industrial_heat_NG_09,PILOT_SYNTHETIC_JURISDICTION,nuclear_industrial_heat,NG_09,synthetic_fixture_no_real_local_evidence,high,supply real local nuclear evidence before maturity promotion,synthetic_not_real,rev0289
LOCAL_NGAP_PILOT_nuclear_industrial_heat_NG_10,PILOT_SYNTHETIC_JURISDICTION,nuclear_industrial_heat,NG_10,synthetic_fixture_no_real_local_evidence,high,supply real local nuclear evidence before maturity promotion,synthetic_not_real,rev0289
LOCAL_NGAP_PILOT_nuclear_industrial_heat_NG_11,PILOT_SYNTHETIC_JURISDICTION,nuclear_industrial_heat,NG_11,synthetic_fixture_no_real_local_evidence,high,supply real local nuclear evidence before maturity promotion,synthetic_not_real,rev0289
LOCAL_NGAP_PILOT_nuclear_industrial_heat_NG_12,PILOT_SYNTHETIC_JURISDICTION,nuclear_industrial_heat,NG_12,synthetic_fixture_no_real_local_evidence,high,supply real local nuclear evidence before maturity promotion,synthetic_not_real,rev0289
LOCAL_NGAP_PILOT_nuclear_desalination_and_water_security_NG_01,PILOT_SYNTHETIC_JURISDICTION,nuclear_desalination_and_water_security,NG_01,synthetic_fixture_no_real_local_evidence,high,supply real local nuclear evidence before maturity promotion,synthetic_not_real,rev0289
LOCAL_NGAP_PILOT_nuclear_desalination_and_water_security_NG_02,PILOT_SYNTHETIC_JURISDICTION,nuclear_desalination_and_water_security,NG_02,synthetic_fixture_no_real_local_evidence,high,supply real local nuclear evidence before maturity promotion,synthetic_not_real,rev0289
LOCAL_NGAP_PILOT_nuclear_desalination_and_water_security_NG_03,PILOT_SYNTHETIC_JURISDICTION,nuclear_desalination_and_water_security,NG_03,synthetic_fixture_no_real_local_evidence,high,supply real local nuclear evidence before maturity promotion,synthetic_not_real,rev0289
LOCAL_NGAP_PILOT_nuclear_desalination_and_water_security_NG_04,PILOT_SYNTHETIC_JURISDICTION,nuclear_desalination_and_water_security,NG_04,synthetic_fixture_no_real_local_evidence,high,supply real local nuclear evidence before maturity promotion,synthetic_not_real,rev0289
LOCAL_NGAP_PILOT_nuclear_desalination_and_water_security_NG_05,PILOT_SYNTHETIC_JURISDICTION,nuclear_desalination_and_water_security,NG_05,synthetic_fixture_no_real_local_evidence,high,supply real local nuclear evidence before maturity promotion,synthetic_not_real,rev0289
LOCAL_NGAP_PILOT_nuclear_desalination_and_water_security_NG_06,PILOT_SYNTHETIC_JURISDICTION,nuclear_desalination_and_water_security,NG_06,synthetic_fixture_no_real_local_evidence,high,supply real local nuclear evidence before maturity promotion,synthetic_not_real,rev0289
LOCAL_NGAP_PILOT_nuclear_desalination_and_water_security_NG_07,PILOT_SYNTHETIC_JURISDICTION,nuclear_desalination_and_water_security,NG_07,synthetic_fixture_no_real_local_evidence,high,supply real local nuclear evidence before maturity promotion,synthetic_not_real,rev0289
LOCAL_NGAP_PILOT_nuclear_desalination_and_water_security_NG_08,PILOT_SYNTHETIC_JURISDICTION,nuclear_desalination_and_water_security,NG_08,synthetic_fixture_no_real_local_evidence,high,supply real local nuclear evidence before maturity promotion,synthetic_not_real,rev0289
LOCAL_NGAP_PILOT_nuclear_desalination_and_water_security_NG_09,PILOT_SYNTHETIC_JURISDICTION,nuclear_desalination_and_water_security,NG_09,synthetic_fixture_no_real_local_evidence,high,supply real local nuclear evidence before maturity promotion,synthetic_not_real,rev0289
LOCAL_NGAP_PILOT_nuclear_desalination_and_water_security_NG_10,PILOT_SYNTHETIC_JURISDICTION,nuclear_desalination_and_water_security,NG_10,synthetic_fixture_no_real_local_evidence,high,supply real local nuclear evidence before maturity promotion,synthetic_not_real,rev0289
LOCAL_NGAP_PILOT_nuclear_desalination_and_water_security_NG_11,PILOT_SYNTHETIC_JURISDICTION,nuclear_desalination_and_water_security,NG_11,synthetic_fixture_no_real_local_evidence,high,supply real local nuclear evidence before maturity promotion,synthetic_not_real,rev0289
LOCAL_NGAP_PILOT_nuclear_desalination_and_water_security_NG_12,PILOT_SYNTHETIC_JURISDICTION,nuclear_desalination_and_water_security,NG_12,synthetic_fixture_no_real_local_evidence,high,supply real local nuclear evidence before maturity promotion,synthetic_not_real,rev0289
LOCAL_NGAP_PILOT_nuclear_high_load_siting_NG_01,PILOT_SYNTHETIC_JURISDICTION,nuclear_high_load_siting,NG_01,synthetic_fixture_no_real_local_evidence,high,supply real local nuclear evidence before maturity promotion,synthetic_not_real,rev0289
LOCAL_NGAP_PILOT_nuclear_high_load_siting_NG_02,PILOT_SYNTHETIC_JURISDICTION,nuclear_high_load_siting,NG_02,synthetic_fixture_no_real_local_evidence,high,supply real local nuclear evidence before maturity promotion,synthetic_not_real,rev0289
LOCAL_NGAP_PILOT_nuclear_high_load_siting_NG_03,PILOT_SYNTHETIC_JURISDICTION,nuclear_high_load_siting,NG_03,synthetic_fixture_no_real_local_evidence,high,supply real local nuclear evidence before maturity promotion,synthetic_not_real,rev0289
LOCAL_NGAP_PILOT_nuclear_high_load_siting_NG_04,PILOT_SYNTHETIC_JURISDICTION,nuclear_high_load_siting,NG_04,synthetic_fixture_no_real_local_evidence,high,supply real local nuclear evidence before maturity promotion,synthetic_not_real,rev0289
LOCAL_NGAP_PILOT_nuclear_high_load_siting_NG_05,PILOT_SYNTHETIC_JURISDICTION,nuclear_high_load_siting,NG_05,synthetic_fixture_no_real_local_evidence,high,supply real local nuclear evidence before maturity promotion,synthetic_not_real,rev0289
LOCAL_NGAP_PILOT_nuclear_high_load_siting_NG_06,PILOT_SYNTHETIC_JURISDICTION,nuclear_high_load_siting,NG_06,synthetic_fixture_no_real_local_evidence,high,supply real local nuclear evidence before maturity promotion,synthetic_not_real,rev0289
LOCAL_NGAP_PILOT_nuclear_high_load_siting_NG_07,PILOT_SYNTHETIC_JURISDICTION,nuclear_high_load_siting,NG_07,synthetic_fixture_no_real_local_evidence,high,supply real local nuclear evidence before maturity promotion,synthetic_not_real,rev0289
LOCAL_NGAP_PILOT_nuclear_high_load_siting_NG_08,PILOT_SYNTHETIC_JURISDICTION,nuclear_high_load_siting,NG_08,synthetic_fixture_no_real_local_evidence,high,supply real local nuclear evidence before maturity promotion,synthetic_not_real,rev0289
LOCAL_NGAP_PILOT_nuclear_high_load_siting_NG_09,PILOT_SYNTHETIC_JURISDICTION,nuclear_high_load_siting,NG_09,synthetic_fixture_no_real_local_evidence,high,supply real local nuclear evidence before maturity promotion,synthetic_not_real,rev0289
LOCAL_NGAP_PILOT_nuclear_high_load_siting_NG_10,PILOT_SYNTHETIC_JURISDICTION,nuclear_high_load_siting,NG_10,synthetic_fixture_no_real_local_evidence,high,supply real local nuclear evidence before maturity promotion,synthetic_not_real,rev0289
LOCAL_NGAP_PILOT_nuclear_high_load_siting_NG_11,PILOT_SYNTHETIC_JURISDICTION,nuclear_high_load_siting,NG_11,synthetic_fixture_no_real_local_evidence,high,supply real local nuclear evidence before maturity promotion,synthetic_not_real,rev0289
LOCAL_NGAP_PILOT_nuclear_high_load_siting_NG_12,PILOT_SYNTHETIC_JURISDICTION,nuclear_high_load_siting,NG_12,synthetic_fixture_no_real_local_evidence,high,supply real local nuclear evidence before maturity promotion,synthetic_not_real,rev0289
LOCAL_NGAP_PILOT_nuclear_counterargument_closure_NG_01,PILOT_SYNTHETIC_JURISDICTION,nuclear_counterargument_closure,NG_01,synthetic_fixture_no_real_local_evidence,high,supply real local nuclear evidence before maturity promotion,synthetic_not_real,rev0289
LOCAL_NGAP_PILOT_nuclear_counterargument_closure_NG_02,PILOT_SYNTHETIC_JURISDICTION,nuclear_counterargument_closure,NG_02,synthetic_fixture_no_real_local_evidence,high,supply real local nuclear evidence before maturity promotion,synthetic_not_real,rev0289
LOCAL_NGAP_PILOT_nuclear_counterargument_closure_NG_03,PILOT_SYNTHETIC_JURISDICTION,nuclear_counterargument_closure,NG_03,synthetic_fixture_no_real_local_evidence,high,supply real local nuclear evidence before maturity promotion,synthetic_not_real,rev0289
LOCAL_NGAP_PILOT_nuclear_counterargument_closure_NG_04,PILOT_SYNTHETIC_JURISDICTION,nuclear_counterargument_closure,NG_04,synthetic_fixture_no_real_local_evidence,high,supply real local nuclear evidence before maturity promotion,synthetic_not_real,rev0289
LOCAL_NGAP_PILOT_nuclear_counterargument_closure_NG_05,PILOT_SYNTHETIC_JURISDICTION,nuclear_counterargument_closure,NG_05,synthetic_fixture_no_real_local_evidence,high,supply real local nuclear evidence before maturity promotion,synthetic_not_real,rev0289
LOCAL_NGAP_PILOT_nuclear_counterargument_closure_NG_06,PILOT_SYNTHETIC_JURISDICTION,nuclear_counterargument_closure,NG_06,synthetic_fixture_no_real_local_evidence,high,supply real local nuclear evidence before maturity promotion,synthetic_not_real,rev0289
LOCAL_NGAP_PILOT_nuclear_counterargument_closure_NG_07,PILOT_SYNTHETIC_JURISDICTION,nuclear_counterargument_closure,NG_07,synthetic_fixture_no_real_local_evidence,high,supply real local nuclear evidence before maturity promotion,synthetic_not_real,rev0289
LOCAL_NGAP_PILOT_nuclear_counterargument_closure_NG_08,PILOT_SYNTHETIC_JURISDICTION,nuclear_counterargument_closure,NG_08,synthetic_fixture_no_real_local_evidence,high,supply real local nuclear evidence before maturity promotion,synthetic_not_real,rev0289
LOCAL_NGAP_PILOT_nuclear_counterargument_closure_NG_09,PILOT_SYNTHETIC_JURISDICTION,nuclear_counterargument_closure,NG_09,synthetic_fixture_no_real_local_evidence,high,supply real local nuclear evidence before maturity promotion,synthetic_not_real,rev0289
LOCAL_NGAP_PILOT_nuclear_counterargument_closure_NG_10,PILOT_SYNTHETIC_JURISDICTION,nuclear_counterargument_closure,NG_10,synthetic_fixture_no_real_local_evidence,high,supply real local nuclear evidence before maturity promotion,synthetic_not_real,rev0289
LOCAL_NGAP_PILOT_nuclear_counterargument_closure_NG_11,PILOT_SYNTHETIC_JURISDICTION,nuclear_counterargument_closure,NG_11,synthetic_fixture_no_real_local_evidence,high,supply real local nuclear evidence before maturity promotion,synthetic_not_real,rev0289
LOCAL_NGAP_PILOT_nuclear_counterargument_closure_NG_12,PILOT_SYNTHETIC_JURISDICTION,nuclear_counterargument_closure,NG_12,synthetic_fixture_no_real_local_evidence,high,supply real local nuclear evidence before maturity promotion,synthetic_not_real,rev0289
LOCAL_NGAP_PILOT_nuclear_public_challenge_path_NG_01,PILOT_SYNTHETIC_JURISDICTION,nuclear_public_challenge_path,NG_01,synthetic_fixture_no_real_local_evidence,high,supply real local nuclear evidence before maturity promotion,synthetic_not_real,rev0289
LOCAL_NGAP_PILOT_nuclear_public_challenge_path_NG_02,PILOT_SYNTHETIC_JURISDICTION,nuclear_public_challenge_path,NG_02,synthetic_fixture_no_real_local_evidence,high,supply real local nuclear evidence before maturity promotion,synthetic_not_real,rev0289
LOCAL_NGAP_PILOT_nuclear_public_challenge_path_NG_03,PILOT_SYNTHETIC_JURISDICTION,nuclear_public_challenge_path,NG_03,synthetic_fixture_no_real_local_evidence,high,supply real local nuclear evidence before maturity promotion,synthetic_not_real,rev0289
LOCAL_NGAP_PILOT_nuclear_public_challenge_path_NG_04,PILOT_SYNTHETIC_JURISDICTION,nuclear_public_challenge_path,NG_04,synthetic_fixture_no_real_local_evidence,high,supply real local nuclear evidence before maturity promotion,synthetic_not_real,rev0289
LOCAL_NGAP_PILOT_nuclear_public_challenge_path_NG_05,PILOT_SYNTHETIC_JURISDICTION,nuclear_public_challenge_path,NG_05,synthetic_fixture_no_real_local_evidence,high,supply real local nuclear evidence before maturity promotion,synthetic_not_real,rev0289
LOCAL_NGAP_PILOT_nuclear_public_challenge_path_NG_06,PILOT_SYNTHETIC_JURISDICTION,nuclear_public_challenge_path,NG_06,synthetic_fixture_no_real_local_evidence,high,supply real local nuclear evidence before maturity promotion,synthetic_not_real,rev0289
LOCAL_NGAP_PILOT_nuclear_public_challenge_path_NG_07,PILOT_SYNTHETIC_JURISDICTION,nuclear_public_challenge_path,NG_07,synthetic_fixture_no_real_local_evidence,high,supply real local nuclear evidence before maturity promotion,synthetic_not_real,rev0289
LOCAL_NGAP_PILOT_nuclear_public_challenge_path_NG_08,PILOT_SYNTHETIC_JURISDICTION,nuclear_public_challenge_path,NG_08,synthetic_fixture_no_real_local_evidence,high,supply real local nuclear evidence before maturity promotion,synthetic_not_real,rev0289
LOCAL_NGAP_PILOT_nuclear_public_challenge_path_NG_09,PILOT_SYNTHETIC_JURISDICTION,nuclear_public_challenge_path,NG_09,synthetic_fixture_no_real_local_evidence,high,supply real local nuclear evidence before maturity promotion,synthetic_not_real,rev0289
LOCAL_NGAP_PILOT_nuclear_public_challenge_path_NG_10,PILOT_SYNTHETIC_JURISDICTION,nuclear_public_challenge_path,NG_10,synthetic_fixture_no_real_local_evidence,high,supply real local nuclear evidence before maturity promotion,synthetic_not_real,rev0289
LOCAL_NGAP_PILOT_nuclear_public_challenge_path_NG_11,PILOT_SYNTHETIC_JURISDICTION,nuclear_public_challenge_path,NG_11,synthetic_fixture_no_real_local_evidence,high,supply real local nuclear evidence before maturity promotion,synthetic_not_real,rev0289
LOCAL_NGAP_PILOT_nuclear_public_challenge_path_NG_12,PILOT_SYNTHETIC_JURISDICTION,nuclear_public_challenge_path,NG_12,synthetic_fixture_no_real_local_evidence,high,supply real local nuclear evidence before maturity promotion,synthetic_not_real,rev0289
LGAP-nuclear_project_sequence_triage-no-local-nuclear-overlay,J_PILOT_FIXTURE_001,nuclear_project_sequence_triage,NUCLEAR_LOCAL_OVERLAY_MISSING,no_local_nuclear_overlay_evidence,P1,"Add local nuclear owner, fuel-cycle, site/water, grid/load, control-test, access-test, audit/redress, corrective-action, contract, workforce and observation evidence before any local maturity claim.",no_local_fixture_rows,rev0290
LGAP-nuclear_safe_restart-no-local-nuclear-overlay,J_PILOT_FIXTURE_001,nuclear_safe_restart,NUCLEAR_LOCAL_OVERLAY_MISSING,no_local_nuclear_overlay_evidence,P1,"Add local nuclear owner, fuel-cycle, site/water, grid/load, control-test, access-test, audit/redress, corrective-action, contract, workforce and observation evidence before any local maturity claim.",no_local_fixture_rows,rev0290
LGAP-nuclear_new_build_repeat_program-no-local-nuclear-overlay,J_PILOT_FIXTURE_001,nuclear_new_build_repeat_program,NUCLEAR_LOCAL_OVERLAY_MISSING,no_local_nuclear_overlay_evidence,P1,"Add local nuclear owner, fuel-cycle, site/water, grid/load, control-test, access-test, audit/redress, corrective-action, contract, workforce and observation evidence before any local maturity claim.",no_local_fixture_rows,rev0290
LGAP-nuclear_smr_deployment_readiness-no-local-nuclear-overlay,J_PILOT_FIXTURE_001,nuclear_smr_deployment_readiness,NUCLEAR_LOCAL_OVERLAY_MISSING,no_local_nuclear_overlay_evidence,P1,"Add local nuclear owner, fuel-cycle, site/water, grid/load, control-test, access-test, audit/redress, corrective-action, contract, workforce and observation evidence before any local maturity claim.",no_local_fixture_rows,rev0290
LGAP-nuclear_fuel_cycle_assurance-no-local-nuclear-overlay,J_PILOT_FIXTURE_001,nuclear_fuel_cycle_assurance,NUCLEAR_LOCAL_OVERLAY_MISSING,no_local_nuclear_overlay_evidence,P1,"Add local nuclear owner, fuel-cycle, site/water, grid/load, control-test, access-test, audit/redress, corrective-action, contract, workforce and observation evidence before any local maturity claim.",no_local_fixture_rows,rev0290
LGAP-nuclear_haleu_and_fuel_supply-no-local-nuclear-overlay,J_PILOT_FIXTURE_001,nuclear_haleu_and_fuel_supply,NUCLEAR_LOCAL_OVERLAY_MISSING,no_local_nuclear_overlay_evidence,P1,"Add local nuclear owner, fuel-cycle, site/water, grid/load, control-test, access-test, audit/redress, corrective-action, contract, workforce and observation evidence before any local maturity claim.",no_local_fixture_rows,rev0290
LGAP-nuclear_climate_siting_screen-no-local-nuclear-overlay,J_PILOT_FIXTURE_001,nuclear_climate_siting_screen,NUCLEAR_LOCAL_OVERLAY_MISSING,no_local_nuclear_overlay_evidence,P1,"Add local nuclear owner, fuel-cycle, site/water, grid/load, control-test, access-test, audit/redress, corrective-action, contract, workforce and observation evidence before any local maturity claim.",no_local_fixture_rows,rev0290
LGAP-nuclear_water_and_thermal_resilience-no-local-nuclear-overlay,J_PILOT_FIXTURE_001,nuclear_water_and_thermal_resilience,NUCLEAR_LOCAL_OVERLAY_MISSING,no_local_nuclear_overlay_evidence,P1,"Add local nuclear owner, fuel-cycle, site/water, grid/load, control-test, access-test, audit/redress, corrective-action, contract, workforce and observation evidence before any local maturity claim.",no_local_fixture_rows,rev0290
LGAP-nuclear_grid_interconnection_readiness-no-local-nuclear-overlay,J_PILOT_FIXTURE_001,nuclear_grid_interconnection_readiness,NUCLEAR_LOCAL_OVERLAY_MISSING,no_local_nuclear_overlay_evidence,P1,"Add local nuclear owner, fuel-cycle, site/water, grid/load, control-test, access-test, audit/redress, corrective-action, contract, workforce and observation evidence before any local maturity claim.",no_local_fixture_rows,rev0290
LGAP-nuclear_high_load_load_matching-no-local-nuclear-overlay,J_PILOT_FIXTURE_001,nuclear_high_load_load_matching,NUCLEAR_LOCAL_OVERLAY_MISSING,no_local_nuclear_overlay_evidence,P1,"Add local nuclear owner, fuel-cycle, site/water, grid/load, control-test, access-test, audit/redress, corrective-action, contract, workforce and observation evidence before any local maturity claim.",no_local_fixture_rows,rev0290
LGAP-nuclear_exception_ledger-no-local-nuclear-overlay,J_PILOT_FIXTURE_001,nuclear_exception_ledger,NUCLEAR_LOCAL_OVERLAY_MISSING,no_local_nuclear_overlay_evidence,P1,"Add local nuclear owner, fuel-cycle, site/water, grid/load, control-test, access-test, audit/redress, corrective-action, contract, workforce and observation evidence before any local maturity claim.",no_local_fixture_rows,rev0290
