source_id,canonical_url_key,canonical_cluster_id,independence_count_rule
S1,www.ipcc.ch/report/ar6/syr,9e2095eaa31a,count canonical_url_key once; missing URLs remain source-specific uncertain rows
S2,www.unep.org/resources/emissions-gap-report-2024,7d2ba3c0784d,count canonical_url_key once; missing URLs remain source-specific uncertain rows
S3,wmo.int/publication-series/state-of-global-climate/state-of-global-climate-2024,31fd1d4bc0a5,count canonical_url_key once; missing URLs remain source-specific uncertain rows
S4,www.iea.org/reports/world-energy-outlook-2024/overview-and-key-findings,daf6a56989a9,count canonical_url_key once; missing URLs remain source-specific uncertain rows
S5,www.iea.org/reports/renewables-2024/electricity,2c9e44fab4e6,count canonical_url_key once; missing URLs remain source-specific uncertain rows
S6,www.iea.org/reports/world-energy-investment-2025/executive-summary,7f8888a269ce,count canonical_url_key once; missing URLs remain source-specific uncertain rows
S7,www.iea.org/reports/global-energy-review-2025,81e91cf9edd2,count canonical_url_key once; missing URLs remain source-specific uncertain rows
S8,www.ccacoalition.org/content/global-methane-assessment,acfaaa64228c,count canonical_url_key once; missing URLs remain source-specific uncertain rows
S9,unfccc.int/news/cop28-agreement-signals-beginning-of-the-end-of-the-fossil-fuel-era,1fde1a474080,count canonical_url_key once; missing URLs remain source-specific uncertain rows
S10,MISSING_URL::S10,6eab1439b35e,count canonical_url_key once; missing URLs remain source-specific uncertain rows
S11,www.iea.org/reports/global-methane-tracker-2025,d1e224209cf3,count canonical_url_key once; missing URLs remain source-specific uncertain rows
S12,www.unep.org/resources/adaptation-gap-report-2025,3d1e9bb3f3e4,count canonical_url_key once; missing URLs remain source-specific uncertain rows
S13,www.iea.org/reports/reducing-the-cost-of-capital/executive-summary,506566505a9f,count canonical_url_key once; missing URLs remain source-specific uncertain rows
S14,www.iea.org/commentaries/grid-congestion-is-posing-challenges-for-energy-security-and-transitions,71a7e4527441,count canonical_url_key once; missing URLs remain source-specific uncertain rows
S15,wmo.int/activities/early-warnings-all,2a664fe13581,count canonical_url_key once; missing URLs remain source-specific uncertain rows
S16,www.unep.org/resources/global-cooling-watch-2025,6a42c5a207ee,count canonical_url_key once; missing URLs remain source-specific uncertain rows
S17,www.iea.org/commentaries/staying-cool-without-overheating-the-energy-system,c317400e6f52,count canonical_url_key once; missing URLs remain source-specific uncertain rows
S18,www.fao.org/statistics/highlights-archive/highlights-detail/greenhouse-gas-emissions-from-agrifood-systems.-global--regional-and-country-trends--2001-2023/en,87fffef10716,count canonical_url_key once; missing URLs remain source-specific uncertain rows
S19,www.unep.org/resources/report/global-nitrous-oxide-assessment,142ac317ef40,count canonical_url_key once; missing URLs remain source-specific uncertain rows
S20,www.ipcc.ch/report/ar6/wg3/chapter/technical-summary,f87495715e4a,count canonical_url_key once; missing URLs remain source-specific uncertain rows
S21,MISSING_URL::S21,499057b0bf4a,count canonical_url_key once; missing URLs remain source-specific uncertain rows
S22,MISSING_URL::S22,443f486b4621,count canonical_url_key once; missing URLs remain source-specific uncertain rows
S23,www.oecd.org/en/topics/fossil-fuel-support.html,09990c22401b,count canonical_url_key once; missing URLs remain source-specific uncertain rows
S24,www.iea.org/reports/coal-in-net-zero-transitions/executive-summary,980a7f904d60,count canonical_url_key once; missing URLs remain source-specific uncertain rows
S25,www.iea.org/reports/accelerating-just-transitions-for-the-coal-sector/executive-summary,06711f8f64cc,count canonical_url_key once; missing URLs remain source-specific uncertain rows
S26,www.iea.org/reports/demand-and-supply-measures-for-the-steel-and-cement-transition/executive-summary,a0736f358890,count canonical_url_key once; missing URLs remain source-specific uncertain rows
S27,www.iea.org/reports/definitions-for-near-zero-and-low-emissions-steel-and-cement-and-underlying-emissions-measurement-methodologies/executive-summary,234ddf4324b3,count canonical_url_key once; missing URLs remain source-specific uncertain rows
S28,www.unep.org/resources/report/global-status-report-buildings-and-construction-20242025,aabad89e4e14,count canonical_url_key once; missing URLs remain source-specific uncertain rows
S29,MISSING_URL::S29,d9a6adeaa3fc,count canonical_url_key once; missing URLs remain source-specific uncertain rows
S30,www.iea.org/reports/global-ev-outlook-2025/executive-summary,23861d2b7503,count canonical_url_key once; missing URLs remain source-specific uncertain rows
S31,www.iea.org/reports/breakthrough-agenda-report-2025/road-transport,4d351d0bac6e,count canonical_url_key once; missing URLs remain source-specific uncertain rows
S32,www.iea.org/reports/global-ev-outlook-2025/trends-in-heavy-duty-electric-vehicles,0abb20f800e6,count canonical_url_key once; missing URLs remain source-specific uncertain rows
S33,www.iea.org/energy-system/transport/aviation,671cb5ad9468,count canonical_url_key once; missing URLs remain source-specific uncertain rows
S34,www.imo.org/en/mediacentre/pressbriefings/pages/imo-approves-netzero-regulations.aspx,a4a4efb51939,count canonical_url_key once; missing URLs remain source-specific uncertain rows
S35,www.icao.int/environmental-protection/ltag,9e0f9bae89f2,count canonical_url_key once; missing URLs remain source-specific uncertain rows
S36,MISSING_URL::S36,b362db61f368,count canonical_url_key once; missing URLs remain source-specific uncertain rows
S37,MISSING_URL::S37,dd8774d17fc2,count canonical_url_key once; missing URLs remain source-specific uncertain rows
S38,www.unep.org/resources/global-peatlands-assessment-2022,b71773d4e1f1,count canonical_url_key once; missing URLs remain source-specific uncertain rows
S39,globalcarbonbudget.org/gcb-2025/the-global-carbon-budget-faqs-2025,56b160a42b5a,count canonical_url_key once; missing URLs remain source-specific uncertain rows
S40,www.undrr.org/gar/gar2025,a3dcaf8fe798,count canonical_url_key once; missing URLs remain source-specific uncertain rows
S41,www.worldbank.org/en/publication/rising-to-the-challenge-climate-adaptation-resilience,50b8aa7e6168,count canonical_url_key once; missing URLs remain source-specific uncertain rows
S42,MISSING_URL::S42,4cb4ce5c4280,count canonical_url_key once; missing URLs remain source-specific uncertain rows
S43,www.iea.org/energy-system/carbon-capture-utilisation-and-storage,b2fdbbdc1ec2,count canonical_url_key once; missing URLs remain source-specific uncertain rows
S44,www.iea.org/energy-system/carbon-capture-utilisation-and-storage/direct-air-capture,2f13d5b28f46,count canonical_url_key once; missing URLs remain source-specific uncertain rows
S45,www.iea.org/energy-system/carbon-capture-utilisation-and-storage/bioenergy-with-carbon-capture-and-storage,407d572fcd25,count canonical_url_key once; missing URLs remain source-specific uncertain rows
S46,www.iea.org/energy-system/carbon-capture-utilisation-and-storage/co2-transport-and-storage,dfbe3c38aa40,count canonical_url_key once; missing URLs remain source-specific uncertain rows
S47,www.iea.org/reports/global-critical-minerals-outlook-2025/executive-summary,eeea1df41d34,count canonical_url_key once; missing URLs remain source-specific uncertain rows
S48,www.iea.org/reports/batteries-and-secure-energy-transitions/executive-summary,e279dff1e2fb,count canonical_url_key once; missing URLs remain source-specific uncertain rows
S49,www.iea.org/reports/sustainable-and-responsible-critical-mineral-supply-chains/executive-summary,589747fe6444,count canonical_url_key once; missing URLs remain source-specific uncertain rows
S50,www.iea.org/reports/recycling-of-critical-minerals/executive-summary,f56f83247570,count canonical_url_key once; missing URLs remain source-specific uncertain rows
S51,www.iea.org/reports/energy-efficiency-2025/buildings,0673bc97e96a,count canonical_url_key once; missing URLs remain source-specific uncertain rows
S52,www.iea.org/energy-system/buildings/heat-pumps,fade4329b158,count canonical_url_key once; missing URLs remain source-specific uncertain rows
S53,www.iea.org/reports/energy-efficiency-policy-toolkit-2025/heat-pumps-for-buildings,c1d8424ef340,count canonical_url_key once; missing URLs remain source-specific uncertain rows
S54,www.iea.org/reports/breakthrough-agenda-report-2025/building,67b35abbda4a,count canonical_url_key once; missing URLs remain source-specific uncertain rows
S55,www.iea.org/reports/electricity-2026/executive-summary,5afe2bd8c95e,count canonical_url_key once; missing URLs remain source-specific uncertain rows
S56,www.iea.org/reports/electricity-2026/flexibility,d24cb9cd004a,count canonical_url_key once; missing URLs remain source-specific uncertain rows
S57,www.iea.org/reports/integrating-solar-and-wind/executive-summary,8eeeb129f111,count canonical_url_key once; missing URLs remain source-specific uncertain rows
S58,www.iea.org/reports/the-value-of-demand-flexibility/executive-summary,4b81e56333e9,count canonical_url_key once; missing URLs remain source-specific uncertain rows
S59,MISSING_URL::S59,6ecfbd7ad45d,count canonical_url_key once; missing URLs remain source-specific uncertain rows
S60,www.oecd.org/en/publications/diagnostic-toolkit-for-reducing-regulatory-barriers-to-solar-wind-and-pumped-hydro-storage-in-the-european-union_15f4aed4-en/full-report/spatial-planning-and-permitting_279bc96f.html,8efd0de50b70,count canonical_url_key once; missing URLs remain source-specific uncertain rows
S61,www.oecd.org/en/publications/oecd-regulatory-policy-outlook-2025_56b60e39-en/full-report/regulating-for-the-planet_a5fdd03c.html,4caaef6c7442,count canonical_url_key once; missing URLs remain source-specific uncertain rows
S62,www.iea.org/reports/world-energy-employment-2025/executive-summary,f27cac66b827,count canonical_url_key once; missing URLs remain source-specific uncertain rows
S63,www.irena.org/publications/2026/jan/renewable-energy-and-jobs-annual-review-2025,3f3e3fd6fce9,count canonical_url_key once; missing URLs remain source-specific uncertain rows
S64,www.iea.org/reports/renewables-2025/executive-summary,4e6a22dc3d9c,count canonical_url_key once; missing URLs remain source-specific uncertain rows
S65,unfccc.int/process-and-meetings/transparency-and-reporting/reporting-and-review/reporting-and-review-under-the-paris-agreement/biennial-transparency-reports/2025-synthesis-report-of-biennial-transparency-reports,418d85acfc68,count canonical_url_key once; missing URLs remain source-specific uncertain rows
S66,www.unep.org/topics/energy/methane/methane-alert-and-response-system-mars,7fd7fd347437,count canonical_url_key once; missing URLs remain source-specific uncertain rows
S67,www.unep.org/news-and-stories/press-release/better-data-driving-action-methane-emissions-more-work-needed,c857359588c0,count canonical_url_key once; missing URLs remain source-specific uncertain rows
S68,www.iea.org/reports/definitions-for-near-zero-and-low-emissions-steel-and-cement-and-underlying-emissions-measurement-methodologies/executive-summary,234ddf4324b3,count canonical_url_key once; missing URLs remain source-specific uncertain rows
S69,www.iea.org/reports/household-energy-affordability/executive-summary,5a383052b505,count canonical_url_key once; missing URLs remain source-specific uncertain rows
S70,www.worldbank.org/en/topic/energy/publication/tracking-sdg-7-the-energy-progress-report-2025,0a87e20e3a1e,count canonical_url_key once; missing URLs remain source-specific uncertain rows
S71,www.ilo.org/publications/flagship-reports/world-social-protection-report-2024-26-universal-social-protection-climate,c8f9da70d64a,count canonical_url_key once; missing URLs remain source-specific uncertain rows
S72,wmo.int/resources/publication-series/state-of-global-water-resources/state-of-global-water-resources-2024,d87791e3a745,count canonical_url_key once; missing URLs remain source-specific uncertain rows
S73,www.unwater.org/publications/un-world-water-development-report-2025,751a965690f4,count canonical_url_key once; missing URLs remain source-specific uncertain rows
S74,www.worldbank.org/en/topic/water/brief/drought-resilience,b1672712c311,count canonical_url_key once; missing URLs remain source-specific uncertain rows
S75,www.worldbank.org/en/publication/continental-drying-a-threat-to-our-common-future,4017b4ef7adb,count canonical_url_key once; missing URLs remain source-specific uncertain rows
S76,www.iea.org/reports/electricity-2025/executive-summary,d41dd7229066,count canonical_url_key once; missing URLs remain source-specific uncertain rows
S77,www.undp.org/publications/urban-content-ndcs-local-climate-action-explored-through-depth-country-analyses,821fca61aeb4,count canonical_url_key once; missing URLs remain source-specific uncertain rows
S78,unhabitat.org/wcr,3d2b713bd20c,count canonical_url_key once; missing URLs remain source-specific uncertain rows
S79,www.iea.org/reports/empowering-urban-energy-transitions/executive-summary,e2e9060d6746,count canonical_url_key once; missing URLs remain source-specific uncertain rows
S80,www.iea.org/reports/energy-efficiency-policy-toolkit-2025/cities,25f8d5053a1d,count canonical_url_key once; missing URLs remain source-specific uncertain rows
S81,www.oecd.org/en/publications/financial-protection-against-catastrophic-risks_32a3acd7-en/full-report/assessment-and-recommendations_48bcda8b.html,b0c0057e4fc6,count canonical_url_key once; missing URLs remain source-specific uncertain rows
S82,www.swissre.com/institute/research/sigma-research/sigma-2025-01-natural-catastrophes-trend.html,9ad145c7a4eb,count canonical_url_key once; missing URLs remain source-specific uncertain rows
S83,www.undrr.org/media/107058,314db049cd3c,count canonical_url_key once; missing URLs remain source-specific uncertain rows
S84,documents1.worldbank.org/curated/en/546611605298449211/pdf/the-adaptation-principles-a-guide-for-designing-strategies-for-climate-change-adaptation-and-resilience.pdf,23c32a28fa68,count canonical_url_key once; missing URLs remain source-specific uncertain rows
S85,MISSING_URL::S85,83b2812e6444,count canonical_url_key once; missing URLs remain source-specific uncertain rows
S86,www.who.int/news-room/fact-sheets/detail/climate-change-heat-and-health,47b28a15f9be,count canonical_url_key once; missing URLs remain source-specific uncertain rows
S87,MISSING_URL::S87,6f85927527d7,count canonical_url_key once; missing URLs remain source-specific uncertain rows
S88,MISSING_URL::S88,faa348b4ce6d,count canonical_url_key once; missing URLs remain source-specific uncertain rows
S89,www.who.int/teams/environment-climate-change-and-health/climate-change-and-health/country-support/building-climate-resilient-health-systems,ec28efa27b78,count canonical_url_key once; missing URLs remain source-specific uncertain rows
S90,MISSING_URL::S90,72c4f4729eb7,count canonical_url_key once; missing URLs remain source-specific uncertain rows
S91,www.iea.org/reports/reducing-the-cost-of-capital/executive-summary,506566505a9f,count canonical_url_key once; missing URLs remain source-specific uncertain rows
S92,www.oecd.org/en/publications/2025/03/global-debt-report-2025_bab6b51e/full-report/debt-financing-for-the-climate-transition_ea7c1ec5.html,9aa740377da9,count canonical_url_key once; missing URLs remain source-specific uncertain rows
S93,www.imf.org/-/media/files/publications/pp/2025/english/ppea2025002.pdf,871e46b3e831,count canonical_url_key once; missing URLs remain source-specific uncertain rows
S94,unfccc.int/news/cop29-un-climate-conference-agrees-to-triple-finance-to-developing-countries-protecting-lives-and,94aaa730476b,count canonical_url_key once; missing URLs remain source-specific uncertain rows
S95,www.oecd.org/en/publications/unlocking-local-currency-financing-in-emerging-markets-and-developing-economies_bc84fde7-en.html,036dd8619dba,count canonical_url_key once; missing URLs remain source-specific uncertain rows
S96,www.worldbank.org/en/news/press-release/2024/07/01/world-bank-group-guarantee-platform-goes-live,9a39dc0f4f6e,count canonical_url_key once; missing URLs remain source-specific uncertain rows
S97,www.oecd.org/content/dam/oecd/en/publications/reports/2025/03/unlocking-the-potential-of-demand-side-climate-mitigation-strategies_194d0bae/78b3a9d0-en.pdf,a6dbe3898222,count canonical_url_key once; missing URLs remain source-specific uncertain rows
S98,www.ipcc.ch/report/ar6/wg3/chapter/summary-for-policymakers,8aab6790be34,count canonical_url_key once; missing URLs remain source-specific uncertain rows
S99,MISSING_URL::S99,16ad5616b360,count canonical_url_key once; missing URLs remain source-specific uncertain rows
S100,www.iea.org/reports/world-energy-outlook-2025/net-zero-emissions-by-2050,ef0e20376eb9,count canonical_url_key once; missing URLs remain source-specific uncertain rows
S101,MISSING_URL::S101,521372060bd5,count canonical_url_key once; missing URLs remain source-specific uncertain rows
S102,www.iea.org/reports/world-energy-investment-2025/executive-summary,7f8888a269ce,count canonical_url_key once; missing URLs remain source-specific uncertain rows
S103,www.iea.org/reports/electricity-2026/grids,58808693101d,count canonical_url_key once; missing URLs remain source-specific uncertain rows
S104,www.unep.org/resources/global-cooling-watch-2025,6a42c5a207ee,count canonical_url_key once; missing URLs remain source-specific uncertain rows
S105,wmo.int/news/media-centre/wmo-confirms-2025-was-one-of-warmest-years-record,5d38be2d8a18,count canonical_url_key once; missing URLs remain source-specific uncertain rows
S106,www.iea.org/reports/energy-efficiency-2025/executive-summary,ea86c475f84a,count canonical_url_key once; missing URLs remain source-specific uncertain rows
S107,MISSING_URL::S107,0a646af1875e,count canonical_url_key once; missing URLs remain source-specific uncertain rows
S108,MISSING_URL::S108,141b3173e0c2,count canonical_url_key once; missing URLs remain source-specific uncertain rows
S109,wmo.int/news/media-centre/wmo-report-documents-spiralling-weather-and-climate-impacts,873c7daf0b67,count canonical_url_key once; missing URLs remain source-specific uncertain rows
S110,www.ipcc.ch/report/ar6/wg2/resources/spm-headline-statements,01d5bf99a076,count canonical_url_key once; missing URLs remain source-specific uncertain rows
S111,www.iea.org/reports/the-value-of-demand-flexibility/executive-summary,4b81e56333e9,count canonical_url_key once; missing URLs remain source-specific uncertain rows
S112,www.oecd.org/en/publications/packaging-and-sequencing-policies-for-more-effective-climate-action_51d3656b-en.html,f37d668d3c88,count canonical_url_key once; missing URLs remain source-specific uncertain rows
S113,MISSING_URL::S113,3e4923ccd0e8,count canonical_url_key once; missing URLs remain source-specific uncertain rows
S114,MISSING_URL::S114,d063a9ca0840,count canonical_url_key once; missing URLs remain source-specific uncertain rows
S115,www.oecd.org/en/publications/harnessing-mission-governance-to-achieve-national-climate-targets_781146eb-en.html,676468a972c0,count canonical_url_key once; missing URLs remain source-specific uncertain rows
S116,MISSING_URL::S116,8009d3afaeb0,count canonical_url_key once; missing URLs remain source-specific uncertain rows
S117,www.oecd.org/en/publications/a-place-based-approach-to-climate-action-and-resilience_fafbf518-en.html,46ec38f83567,count canonical_url_key once; missing URLs remain source-specific uncertain rows
S118,www.oecd.org/en/publications/oecd-regulatory-policy-outlook-2025_56b60e39-en/full-report/regulating-for-people_6d2fc8d4.html,eeac2cc8a0eb,count canonical_url_key once; missing URLs remain source-specific uncertain rows
S119,www.iea.org/reports/energy-efficiency-policy-toolkit-2024/energy-efficiency-policy-toolkit-2024-from-versailles-to-nairobi,2e29306e8276,count canonical_url_key once; missing URLs remain source-specific uncertain rows
S120,MISSING_URL::S120,b503b74b19d0,count canonical_url_key once; missing URLs remain source-specific uncertain rows
S121,MISSING_URL::S121,08dc16f3d807,count canonical_url_key once; missing URLs remain source-specific uncertain rows
S122,www.iea.org/reports/building-the-future-transmission-grid/executive-summary,2ffdd02b74a9,count canonical_url_key once; missing URLs remain source-specific uncertain rows
S123,www.oecd.org/en/publications/towards-interoperable-carbon-intensity-metrics_b185bcfa-en.html,2a041bc901e4,count canonical_url_key once; missing URLs remain source-specific uncertain rows
S124,MISSING_URL::S124,322d7c136fb0,count canonical_url_key once; missing URLs remain source-specific uncertain rows
S125,www.iea.org/reports/breakthrough-agenda-report-2025/road-transport,4d351d0bac6e,count canonical_url_key once; missing URLs remain source-specific uncertain rows
S126,www.oecd.org/en/publications/oecd-supply-chain-resilience-review_94e3a8ea-en.html,d8fb6b024dcb,count canonical_url_key once; missing URLs remain source-specific uncertain rows
S127,www.oecd.org/en/publications/enhancing-the-resilience-of-communication-networks_d6920477-en.html,455b20dcc585,count canonical_url_key once; missing URLs remain source-specific uncertain rows
S128,www.oecd.org/en/publications/infrastructure-for-a-climate-resilient-future_a74a45b0-en.html,f3782ee1744e,count canonical_url_key once; missing URLs remain source-specific uncertain rows
S129,www.oecd.org/en/publications/oecd-guidelines-for-fighting-bid-rigging-in-public-procurement-2025-update_cbe05a56-en/full-report.html,6db4d2d1e7ef,count canonical_url_key once; missing URLs remain source-specific uncertain rows
S130,www.oecd.org/en/publications/implementing-the-oecd-recommendation-on-public-procurement-in-oecd-and-partner-countries_02a46a58-en.html,e319d30bf4f9,count canonical_url_key once; missing URLs remain source-specific uncertain rows
S131,MISSING_URL::S131,5ae457a9022c,count canonical_url_key once; missing URLs remain source-specific uncertain rows
S132,MISSING_URL::S132,f105da00abb6,count canonical_url_key once; missing URLs remain source-specific uncertain rows
S133,MISSING_URL::S133,960665011816,count canonical_url_key once; missing URLs remain source-specific uncertain rows
S134,www.iea.org/energy-system/energy-efficiency-and-demand/energy-efficiency,076359539d58,count canonical_url_key once; missing URLs remain source-specific uncertain rows
S135,MISSING_URL::S135,ae1889655b9c,count canonical_url_key once; missing URLs remain source-specific uncertain rows
S136,MISSING_URL::S136,3bd2edaf9e53,count canonical_url_key once; missing URLs remain source-specific uncertain rows
S137,www.iea.org/reports/designing-energy-efficiency-policies-to-enhance-affordability,7eda31d3dd4d,count canonical_url_key once; missing URLs remain source-specific uncertain rows
S138,www.oecd.org/en/publications/investing-in-climate-for-growth-and-development_16b7cbc7-en/full-report/investing-in-climate-for-growth-and-development-policy-highlights_867ee4f8.html,9a97b8f8d2cc,count canonical_url_key once; missing URLs remain source-specific uncertain rows
S139,www.iea.org/topics/fossil-fuel-subsidies,e68034ae1320,count canonical_url_key once; missing URLs remain source-specific uncertain rows
S140,www.oecd.org/en/publications/getting-the-public-on-side_262255fd-en.html,3b0ead6a0718,count canonical_url_key once; missing URLs remain source-specific uncertain rows
S141,MISSING_URL::S141,2a2a8aded761,count canonical_url_key once; missing URLs remain source-specific uncertain rows
S142,MISSING_URL::S142,882844928c71,count canonical_url_key once; missing URLs remain source-specific uncertain rows
S143,www.iea.org/reports/strategies-for-affordable-and-fair-clean-energy-transitions/executive-summary,7dac14c90a1f,count canonical_url_key once; missing URLs remain source-specific uncertain rows
S144,www.iea.org/commentaries/why-the-growth-of-energy-service-companies-is-uneven-globally,c4a2b21341fc,count canonical_url_key once; missing URLs remain source-specific uncertain rows
S145,www.oecd.org/en/topics/fossil-fuel-support.html,09990c22401b,count canonical_url_key once; missing URLs remain source-specific uncertain rows
S146,www.iea.org/reports/energy-efficiency-policy-toolkit-2025/appliances,bfb9e025c389,count canonical_url_key once; missing URLs remain source-specific uncertain rows
S147,www.oecd.org/en/publications/government-at-a-glance-2025_0efd0bcd-en/full-report/governing-for-the-green-transition_075e9a83.html,a1028aaca3d1,count canonical_url_key once; missing URLs remain source-specific uncertain rows
S148,www.oecd.org/en/publications/the-paris-agreement-at-ten-years_c5f214dc-en.html,2d645be6ea75,count canonical_url_key once; missing URLs remain source-specific uncertain rows
S149,www.iea.org/energy-system/renewables,60a2887ab1bf,count canonical_url_key once; missing URLs remain source-specific uncertain rows
S150,www.oecd.org/en/publications/implementing-regional-development-strategies_ae8b0b0e-en.html,9f789e8262cd,count canonical_url_key once; missing URLs remain source-specific uncertain rows
S151,www.iea.org/reports/energy-efficiency-policy-toolkit-2025,75b64834db02,count canonical_url_key once; missing URLs remain source-specific uncertain rows
S152,ndcpartnership.org/news/plans-progress-essential-actions-effective-ndc-implementation,6e09c9e05527,count canonical_url_key once; missing URLs remain source-specific uncertain rows
S153,www.oecd.org/en/publications/oecd-dac-blended-finance-guidance-2025_e4a13d2c-en/full-report/principle-2-design-blended-finance-to-increase-the-mobilisation-of-commercial-finance_996e5e2d.html,fcea6c2b7bcf,count canonical_url_key once; missing URLs remain source-specific uncertain rows
S154,www.iea.org/reports/clean-energy-innovation/innovation-needs-in-the-sustainable-development-scenario,41a4760d8711,count canonical_url_key once; missing URLs remain source-specific uncertain rows
S155,www.iea.org/energy-system/renewables/solar-pv,9f59406dbc3f,count canonical_url_key once; missing URLs remain source-specific uncertain rows
S156,www.irena.org/-/media/files/irena/agency/publication/2025/dec/irena_tec_enhancing_resilience_power_infrastructure_2025.pdf,2bb50d1eeafb,count canonical_url_key once; missing URLs remain source-specific uncertain rows
S157,www.iea.org/reports/net-zero-roadmap-a-global-pathway-to-keep-the-15-c-goal-in-reach/executive-summary,55632b00c615,count canonical_url_key once; missing URLs remain source-specific uncertain rows
S158,www.iea.org/news/global-energy-investment-set-to-rise-to-33-trillion-in-2025-amid-economic-uncertainty-and-energy-security-concerns,50cc54ecc25c,count canonical_url_key once; missing URLs remain source-specific uncertain rows
S159,www.iea.org/energy-system/fossil-fuels/coal,7f7734c34032,count canonical_url_key once; missing URLs remain source-specific uncertain rows
S160,www.iea.org/reports/global-hydrogen-review-2025/trade-and-infrastructure,e235a224b42f,count canonical_url_key once; missing URLs remain source-specific uncertain rows
S161,www.oecd.org/en/publications/future-proofing-real-estate-investment_2dd12063-en/full-report/managing-climate-related-risks-for-resilient-real-estate_fe6a5ab0.html,536999b5c42c,count canonical_url_key once; missing URLs remain source-specific uncertain rows
S162,www.iea.org/reports/energy-efficiency-policy-toolkit-2025/buildings,561164f1a72a,count canonical_url_key once; missing URLs remain source-specific uncertain rows
S163,www.iea.org/reports/global-ev-outlook-2025/executive-summary,23861d2b7503,count canonical_url_key once; missing URLs remain source-specific uncertain rows
S164,www.undrr.org/implementing-sendai-framework/strenthening-readiness-for-resilient-recovery,4862a75ce19e,count canonical_url_key once; missing URLs remain source-specific uncertain rows
S165,www.iea.org/reports/germany-2025,13164f712557,count canonical_url_key once; missing URLs remain source-specific uncertain rows
S166,www.iea.org/energy-system/energy-efficiency-and-demand/energy-efficiency,076359539d58,count canonical_url_key once; missing URLs remain source-specific uncertain rows
S167,www.iea.org/reports/global-hydrogen-review-2025/trade-and-infrastructure,e235a224b42f,count canonical_url_key once; missing URLs remain source-specific uncertain rows
S168,www.iea.org/energy-system/electricity/electrification,75ec28fb3b5e,count canonical_url_key once; missing URLs remain source-specific uncertain rows
S169,www.unep.org/news-and-stories/press-release/amid-rising-heat-sustainable-cooling-can-slash-emissions-and-save,5d3132f1a2c7,count canonical_url_key once; missing URLs remain source-specific uncertain rows
S170,www.oecd.org/en/topics/resource-efficiency-and-circular-economy.html,6afd3f4c0b6b,count canonical_url_key once; missing URLs remain source-specific uncertain rows
S171,www.oecd.org/en/publications/environmental-outlook-on-the-triple-planetary-crisis_257ffbb6-en/full-report/roadmap-for-policy-action_b27692cb.html,3bf785fb88ee,count canonical_url_key once; missing URLs remain source-specific uncertain rows
S172,www.oecd.org/en/publications/place-based-policies-for-the-future_e5ff6716-en.html,22a6e6e237ca,count canonical_url_key once; missing URLs remain source-specific uncertain rows
S173,ndcpartnership.org/news/plans-progress-essential-actions-effective-ndc-implementation,6e09c9e05527,count canonical_url_key once; missing URLs remain source-specific uncertain rows
S174,www.iea.org/reports/germany-2025,13164f712557,count canonical_url_key once; missing URLs remain source-specific uncertain rows
S175,unfccc.int/topics/adaptation-and-resilience/the-big-picture/introduction,a81205573063,count canonical_url_key once; missing URLs remain source-specific uncertain rows
S176,www.iea.org/reports/world-energy-employment-2025/executive-summary,f27cac66b827,count canonical_url_key once; missing URLs remain source-specific uncertain rows
S177,www.iea.org/reports/the-future-of-heat-pumps/executive-summary,c0674d1eb825,count canonical_url_key once; missing URLs remain source-specific uncertain rows
S178,www.iea.org/reports/building-the-future-transmission-grid/executive-summary,2ffdd02b74a9,count canonical_url_key once; missing URLs remain source-specific uncertain rows
S179,www.irena.org/education/call-to-action-on-skilling,c4b64f6ea784,count canonical_url_key once; missing URLs remain source-specific uncertain rows
S180,www.iea.org/reports/cop28-tripling-renewable-capacity-pledge/policy-priority-areas-for-advanced-economies,5107d007cb06,count canonical_url_key once; missing URLs remain source-specific uncertain rows
S181,www.oecd.org/en/publications/oecd-regulatory-policy-outlook-2025_56b60e39-en.html,cf599f09ab0b,count canonical_url_key once; missing URLs remain source-specific uncertain rows
S182,unfccc.int/process-and-meetings/the-paris-agreement/nationally-determined-contributions-ndcs,10f1a5d170f7,count canonical_url_key once; missing URLs remain source-specific uncertain rows
S183,unfccc.int/biennial-transparency-reports,ef034c1c7936,count canonical_url_key once; missing URLs remain source-specific uncertain rows
S184,www.oecd.org/en/publications/trade-implications-of-upstream-circular-economy-policies_5968c464-en.html,371ec44401b2,count canonical_url_key once; missing URLs remain source-specific uncertain rows
S185,www.oecd.org/en/publications/the-circular-economy-in-cities-and-regions-of-the-european-union_e09c21e2-en.html,639fe231bf94,count canonical_url_key once; missing URLs remain source-specific uncertain rows
S186,single-market-economy.ec.europa.eu/news/new-eu-rules-durable-energy-efficient-and-repairable-smartphones-and-tablets-start-applying-2025-06-20_en,fde697cb7bc0,count canonical_url_key once; missing URLs remain source-specific uncertain rows
S187,commission.europa.eu/law/law-topic/consumer-protection-law/directive-repair-goods_en,eba475908641,count canonical_url_key once; missing URLs remain source-specific uncertain rows
S188,www.iea.org/reports/global-ev-outlook-2025/electric-vehicle-batteries,1ec2f75bc532,count canonical_url_key once; missing URLs remain source-specific uncertain rows
S189,www.iea.org/reports/recycling-of-critical-minerals/executive-summary,f56f83247570,count canonical_url_key once; missing URLs remain source-specific uncertain rows
S190,www.oecd.org/en/publications/how-the-green-transition-reshapes-vocational-education-and-training_4819bf34-en/full-report.html,228721caaa51,count canonical_url_key once; missing URLs remain source-specific uncertain rows
S191,www.iea.org/reports/germany-2025,13164f712557,count canonical_url_key once; missing URLs remain source-specific uncertain rows
S192,www.iea.org/reports/czechia-2025,5d2cf494d6c6,count canonical_url_key once; missing URLs remain source-specific uncertain rows
S193,www.oecd.org/content/dam/oecd/en/publications/reports/2025/04/packaging-and-sequencing-policies-for-more-effective-climate-action_51d3656b/fced4e28-en.pdf,409bf48ef274,count canonical_url_key once; missing URLs remain source-specific uncertain rows
S194,www.iea.org/reports/energy-and-ai/executive-summary,21a55de10cd1,count canonical_url_key once; missing URLs remain source-specific uncertain rows
S195,www.iea.org/reports/scaling-up-private-finance-for-clean-energy-in-emerging-and-developing-economies/key-findings,b2a214c8a8bc,count canonical_url_key once; missing URLs remain source-specific uncertain rows
S196,www.oecd.org/en/publications/supporting-emerging-markets-and-developing-economies-in-developing-their-local-capital-markets_4456de62-en/full-report.html,fb8c20964fb3,count canonical_url_key once; missing URLs remain source-specific uncertain rows
S197,www.iea.org/reports/iea-support-to-accelerating-renewable-energy-permitting-arpe,85c51b2c80c9,count canonical_url_key once; missing URLs remain source-specific uncertain rows
S198,www.oecd.org/en/publications/government-at-a-glance-2025_0efd0bcd-en.html,dded0afa8d4a,count canonical_url_key once; missing URLs remain source-specific uncertain rows
S199,www.iea.org/reports/household-energy-affordability/executive-summary,5a383052b505,count canonical_url_key once; missing URLs remain source-specific uncertain rows
S200,www.iea.org/reports/strategies-for-affordable-and-fair-clean-energy-transitions/executive-summary,7dac14c90a1f,count canonical_url_key once; missing URLs remain source-specific uncertain rows
S201,www.oecd.org/en/publications/the-paris-agreement-at-ten-years_c5f214dc-en/full-report/overview-and-policy-highlights_9ab38155.html,d63d1a2f8bf9,count canonical_url_key once; missing URLs remain source-specific uncertain rows
S202,www.oecd.org/en/publications/ensuring-a-just-transition-to-net-zero-emissions_a3da7080-en.html,e983a71cc644,count canonical_url_key once; missing URLs remain source-specific uncertain rows
S203,wmo.int/news/media-centre/earths-climate-swings-increasingly-out-of-balance,2214221c337c,count canonical_url_key once; missing URLs remain source-specific uncertain rows
S204,wmo.int/resources/publication-series/global-status-of-multi-hazard-early-warning-systems/global-status-of-multi-hazard-early-warning-systems-2025,f69a794bcaa9,count canonical_url_key once; missing URLs remain source-specific uncertain rows
S205,www.unep.org/resources/adaptation-gap-report-2025,3d1e9bb3f3e4,count canonical_url_key once; missing URLs remain source-specific uncertain rows
S206,www.oecd.org/en/publications/government-at-a-glance-2025_0efd0bcd-en/full-report/delivering-climate-resilient-infrastructure_8996b473.html,cc25927ed890,count canonical_url_key once; missing URLs remain source-specific uncertain rows
S207,www.iea.org/reports/building-the-future-transmission-grid/executive-summary,2ffdd02b74a9,count canonical_url_key once; missing URLs remain source-specific uncertain rows
S208,www.iea.org/reports/world-energy-investment-2025/executive-summary,7f8888a269ce,count canonical_url_key once; missing URLs remain source-specific uncertain rows
S209,www.nrel.gov/news/detail/program/2024/what-is-driving-the-demand-for-distribution-transformers.html,b61104c7b9cf,count canonical_url_key once; missing URLs remain source-specific uncertain rows
S210,www.energy.gov/oe/distribution-transformers,1760eef2002a,count canonical_url_key once; missing URLs remain source-specific uncertain rows
S211,www.energy.gov/oe/supply-chain-resources,092552c0d1a8,count canonical_url_key once; missing URLs remain source-specific uncertain rows
S212,www.iea.org/reports/global-methane-tracker-2025/key-findings,914539edc935,count canonical_url_key once; missing URLs remain source-specific uncertain rows
S213,www.iea.org/news/methane-data-and-transparency-continue-to-improve-but-emissions-remain-far-too-high,64f12265d341,count canonical_url_key once; missing URLs remain source-specific uncertain rows
S214,www.unep.org/news-and-stories/press-release/ministers-urge-decisive-methane-action-global-report-shows-progress,e71478c8579c,count canonical_url_key once; missing URLs remain source-specific uncertain rows
S215,wmo.int/resources/publication-series/greenhouse-gas-bulletin/wmo-greenhouse-gas-bulletin-no-21,8a7c827fd63a,count canonical_url_key once; missing URLs remain source-specific uncertain rows
S216,www.unep.org/news-and-stories/press-release/rise-nitrous-oxide-emissions-endangers-pathway-15degc-ozone-layer,34285d801fba,count canonical_url_key once; missing URLs remain source-specific uncertain rows
S217,www.fao.org/newsroom/detail/fao-nitrogen-use-efficiency-report/en,2ad40a21ef83,count canonical_url_key once; missing URLs remain source-specific uncertain rows
S218,www.unep.org/events/webinar/new-international-guidance-and-tools-sustainable-nitrogen-management,745e22086b9b,count canonical_url_key once; missing URLs remain source-specific uncertain rows
S219,www.iea.org/reports/world-energy-outlook-2025/executive-summary,27e8ca662d80,count canonical_url_key once; missing URLs remain source-specific uncertain rows
S220,www.iea.org/reports/the-value-of-demand-flexibility/executive-summary,4b81e56333e9,count canonical_url_key once; missing URLs remain source-specific uncertain rows
S221,www.iea.org/reports/electricity-2026/flexibility,d24cb9cd004a,count canonical_url_key once; missing URLs remain source-specific uncertain rows
S222,www.iea.org/reports/renewables-2025/executive-summary,4e6a22dc3d9c,count canonical_url_key once; missing URLs remain source-specific uncertain rows
S223,www.iea.org/reports/batteries-and-secure-energy-transitions/executive-summary,e279dff1e2fb,count canonical_url_key once; missing URLs remain source-specific uncertain rows
S224,wmo.int/resources/publication-series/state-of-global-water-resources/state-of-global-water-resources-2024,d87791e3a745,count canonical_url_key once; missing URLs remain source-specific uncertain rows
S225,www.worldbank.org/en/publication/continental-drying-a-threat-to-our-common-future,4017b4ef7adb,count canonical_url_key once; missing URLs remain source-specific uncertain rows
S226,www.iea.org/reports/electricity-2025/reliability,85a54323fe7b,count canonical_url_key once; missing URLs remain source-specific uncertain rows
S227,www.fao.org/publications/fao-flagship-publications/the-state-of-the-worlds-land-and-water-resources-for-food-and-agriculture/en,a616a4649af6,count canonical_url_key once; missing URLs remain source-specific uncertain rows
S228,www.oecd.org/en/publications/financial-protection-against-catastrophic-risks_32a3acd7-en.html,df56ba0d1299,count canonical_url_key once; missing URLs remain source-specific uncertain rows
S229,www.oecd.org/en/publications/financial-protection-against-catastrophic-risks_32a3acd7-en/full-report/assessment-and-recommendations_48bcda8b.html,b0c0057e4fc6,count canonical_url_key once; missing URLs remain source-specific uncertain rows
S230,www.undrr.org/gar/gar2025,a3dcaf8fe798,count canonical_url_key once; missing URLs remain source-specific uncertain rows
S231,wmo.int/news/media-centre/wmo-unveils-new-financing-partnership-initiative-safeguard-forecasting-backbone,254d96ea61df,count canonical_url_key once; missing URLs remain source-specific uncertain rows
S232,www.oecd.org/en/publications/infrastructure-for-a-climate-resilient-future_a74a45b0-en/full-report/component-9.html,fe9d35f66e8f,count canonical_url_key once; missing URLs remain source-specific uncertain rows
S233,www.iea.org/reports/world-energy-investment-2025/executive-summary,7f8888a269ce,count canonical_url_key once; missing URLs remain source-specific uncertain rows
S234,www.iea.org/reports/global-energy-review-2025,81e91cf9edd2,count canonical_url_key once; missing URLs remain source-specific uncertain rows
S235,www.oecd.org/en/topics/fossil-fuel-support.html,09990c22401b,count canonical_url_key once; missing URLs remain source-specific uncertain rows
S236,www.iea.org/reports/net-zero-roadmap-a-global-pathway-to-keep-the-15-c-goal-in-reach/a-renewed-pathway-to-net-zero-emissions,2cd9c868ef45,count canonical_url_key once; missing URLs remain source-specific uncertain rows
S237,www.iea.org/reports/energy-efficiency-2025/executive-summary,ea86c475f84a,count canonical_url_key once; missing URLs remain source-specific uncertain rows
S238,www.unep.org/news-and-stories/press-release/emissions-building-sector-stopped-rising-first-time-2020-un-finds,cc1f1459d1c9,count canonical_url_key once; missing URLs remain source-specific uncertain rows
S239,www.iea.org/reports/global-energy-review-2025/electricity,6fa6bdaad7b3,count canonical_url_key once; missing URLs remain source-specific uncertain rows
S240,www.iea.org/commentaries/staying-cool-without-overheating-the-energy-system,c317400e6f52,count canonical_url_key once; missing URLs remain source-specific uncertain rows
S241,www.oecd.org/en/publications/climate-mitigation-in-intermediary-cities_3bdd564f-en/full-report/overview-systems-innovation-in-intermediary-cities-in-kenya-and-mozambique_0e4930aa.html,36ceeb778374,count canonical_url_key once; missing URLs remain source-specific uncertain rows
S242,www.oecd.org/en/publications/zero-carbon-buildings-in-cities_daae8779-en.html,902d40dc0035,count canonical_url_key once; missing URLs remain source-specific uncertain rows
S243,www.iea.org/reports/energy-efficiency-2025/transport,cc9ec7e10fe0,count canonical_url_key once; missing URLs remain source-specific uncertain rows
S244,www.iea.org/news/diversification-is-the-cornerstone-of-energy-security-yet-critical-minerals-are-moving-in-the-opposite-direction,e4e65c802c8e,count canonical_url_key once; missing URLs remain source-specific uncertain rows
S245,www.iea.org/reports/recycling-of-critical-minerals/executive-summary,f56f83247570,count canonical_url_key once; missing URLs remain source-specific uncertain rows
S246,www.iea.org/reports/the-role-of-traceability-in-critical-mineral-supply-chains,c150cff2d002,count canonical_url_key once; missing URLs remain source-specific uncertain rows
S247,www.iea.org/reports/global-energy-review-2026,42dadb14c72b,count canonical_url_key once; missing URLs remain source-specific uncertain rows
S248,www.iea.org/reports/global-methane-tracker-2026,6dc8181e78f0,count canonical_url_key once; missing URLs remain source-specific uncertain rows
S249,climate.copernicus.eu/global-climate-highlights-2025,6ce02c5a9758,count canonical_url_key once; missing URLs remain source-specific uncertain rows
S250,www.unep.org/resources/emissions-gap-report-2025,abf446291626,count canonical_url_key once; missing URLs remain source-specific uncertain rows
S251,wmo.int/resources/publication-series/wmo-global-annual-decadal-climate-update/wmo-global-annual-decadal-climate-update-2025-2029,f2a76b21fdc2,count canonical_url_key once; missing URLs remain source-specific uncertain rows
S252,www.iea.org/reports/electricity-2026,3151fedb0193,count canonical_url_key once; missing URLs remain source-specific uncertain rows
S253,www.iea.org/news/data-centre-electricity-use-surged-in-2025-even-with-tightening-bottlenecks-driving-a-scramble-for-solutions,3a119a880e7e,count canonical_url_key once; missing URLs remain source-specific uncertain rows
S254,www.iea.org/reports/world-energy-investment-2025/executive-summary,7f8888a269ce,count canonical_url_key once; missing URLs remain source-specific uncertain rows
S255,www.climatepolicyinitiative.org/publication/global-landscape-of-climate-finance-2025,623ca5d80a95,count canonical_url_key once; missing URLs remain source-specific uncertain rows
S256,www.climatepolicyinitiative.org/publication/global-landscape-of-climate-finance-2025-emde-spotlight,5523355c9fed,count canonical_url_key once; missing URLs remain source-specific uncertain rows
S257,www.worldbank.org/ext/en/topic/climate-change,b4f20639e376,count canonical_url_key once; missing URLs remain source-specific uncertain rows
S258,www.worldbank.org/en/about/annual-report/miga,dd7b1609689a,count canonical_url_key once; missing URLs remain source-specific uncertain rows
S259,www.oecd.org/en/publications/employment-and-skills-policies-for-the-green-transition_f0c558fa-en.html,d8c75144c177,count canonical_url_key once; missing URLs remain source-specific uncertain rows
S260,www.ilo.org/publications/green-employment-diagnostics-just-transition,33c2aa460795,count canonical_url_key once; missing URLs remain source-specific uncertain rows
S261,www.iea.org/reports/energy-system-resilience,b03f81902100,count canonical_url_key once; missing URLs remain source-specific uncertain rows
S262,www.who.int/news/item/29-10-2025-climate-inaction-is-claiming-millions-of-lives-every-year--warns-new-lancet-countdown-report,3ff78c666a31,count canonical_url_key once; missing URLs remain source-specific uncertain rows
S263,wmo.int/publication-series/state-of-global-climate/state-of-global-climate-2025,29646baa8cf6,count canonical_url_key once; missing URLs remain source-specific uncertain rows
S264,www.swissre.com/institute/research/sigma-research/sigma-2026-01-natcat-2025-wildfire-storm-risk/global-natcat-losses-2025.html,4116c4339044,count canonical_url_key once; missing URLs remain source-specific uncertain rows
S265,www.iais.org/2025/11/iais-report-examines-financial-stability-implications-from-natural-catastrophe-insurance-protection-gaps,c7243ef87186,count canonical_url_key once; missing URLs remain source-specific uncertain rows
S266,www.disasterprotection.org/pafreport,cf694869c301,count canonical_url_key once; missing URLs remain source-specific uncertain rows
S267,www.worldbank.org/ext/en/topic/financial-sector/disaster-risk-finance-and-insurance,2caf9e6a143f,count canonical_url_key once; missing URLs remain source-specific uncertain rows
S268,disasterdisplacement.org/wp-content/uploads/2025/10/funding_futures-2025_web.pdf,db1c8eb6b0d3,count canonical_url_key once; missing URLs remain source-specific uncertain rows
S269,www.oecd.org/en/publications/2025/11/future-proofing-real-estate-investment_f3d78bbb/full-report/from-climate-related-shocks-to-financial-risks_d85d5492.html,6b75402298d9,count canonical_url_key once; missing URLs remain source-specific uncertain rows
S270,www.ngfs.net/en/publications-and-statistics/publications/ngfs-short-term-climate-scenarios-central-banks-and-supervisors,19ceb9bb30ae,count canonical_url_key once; missing URLs remain source-specific uncertain rows
S271,www.fsb.org/2025/07/fsb-roadmap-for-addressing-financial-risks-from-climate-change-2025-update,c61af9c4fa31,count canonical_url_key once; missing URLs remain source-specific uncertain rows
S272,www.financeministersforclimate.org/sites/default/files/2025-06/cfcma%20hp4%20thematic%20paper%20-%20physical%20climate%20risks%20and%20adaptation.pdf,1cd1973321a2,count canonical_url_key once; missing URLs remain source-specific uncertain rows
S273,www.iea.org/reports/electricity-2026/prices,3ac1ffee630c,count canonical_url_key once; missing URLs remain source-specific uncertain rows
S274,www.bis.org/bcbs/publ/d597.htm,fe42e5e7dc96,count canonical_url_key once; missing URLs remain source-specific uncertain rows
S275,www.oecd.org/en/publications/protecting-and-empowering-consumers-in-the-green-transition_12f28e4f-en.html,aa9e14ef1475,count canonical_url_key once; missing URLs remain source-specific uncertain rows
S276,www.ifrs.org/news-and-events/news/2025/06/ifrs-publishes-guidance-disclosures-transition-plans,4f6efbfaa01f,count canonical_url_key once; missing URLs remain source-specific uncertain rows
S277,www.un.org/en/climatechange/high-level-expert-group,ba195337f312,count canonical_url_key once; missing URLs remain source-specific uncertain rows
S278,www.iso.org/netzero,ba3149819a48,count canonical_url_key once; missing URLs remain source-specific uncertain rows
S279,sciencebasedtargets.org/net-zero,0366613dc03a,count canonical_url_key once; missing URLs remain source-specific uncertain rows
S280,icvcm.org/core-carbon-principles,344cb53e4f24,count canonical_url_key once; missing URLs remain source-specific uncertain rows
S281,vcmintegrity.org/wp-content/uploads/2025/08/vcmi-claims-code_2025_update.pdf,f9a0c93ea351,count canonical_url_key once; missing URLs remain source-specific uncertain rows
S282,www.oecd.org/en/publications/2026/03/anti-corruption-and-integrity-outlook-2026_d8f55b04/full-report/component-14.html,57ef227a1d6d,count canonical_url_key once; missing URLs remain source-specific uncertain rows
S283,www.oecd.org/en/publications/2025/06/government-at-a-glance-2025_70e14c6c/full-report/green-public-procurement_5dbf73a9.html,90255b817971,count canonical_url_key once; missing URLs remain source-specific uncertain rows
S284,www.worldbank.org/en/news/feature/2025/05/21/osd-publishes-the-knowledge-report-of-the-2nd-symposium-on-supranational-responses-to-corruption,8a426209fb70,count canonical_url_key once; missing URLs remain source-specific uncertain rows
S285,www.icj-cij.org/case/187,42c426be008c,count canonical_url_key once; missing URLs remain source-specific uncertain rows
S286,www.ohchr.org/en/press-releases/2025/07/un-experts-welcome-recognition-international-court-justice-all-states-must,2ff15f972392,count canonical_url_key once; missing URLs remain source-specific uncertain rows
S287,www.unep.org/resources/report/global-climate-litigation-report-2025-status-review,4d6798268703,count canonical_url_key once; missing URLs remain source-specific uncertain rows
S288,www.lse.ac.uk/granthaminstitute/publication/global-trends-in-climate-change-litigation-2025-snapshot,f59aed72c44e,count canonical_url_key once; missing URLs remain source-specific uncertain rows
S289,www.climatecasechart.com,fb49a44dccb5,count canonical_url_key once; missing URLs remain source-specific uncertain rows
S290,unfccc.int/documents/652274,f55bab77d9ae,count canonical_url_key once; missing URLs remain source-specific uncertain rows
S291,unfccc.int/biennial-transparency-reports,ef034c1c7936,count canonical_url_key once; missing URLs remain source-specific uncertain rows
S292,www.oecd.org/en/publications/government-at-a-glance-2025_0efd0bcd-en/full-report/governing-for-the-green-transition_075e9a83.html,a1028aaca3d1,count canonical_url_key once; missing URLs remain source-specific uncertain rows
S293,unfccc.int/first-biennial-transparency-reports,0492cb048515,count canonical_url_key once; missing URLs remain source-specific uncertain rows
S294,www.ifrs.org/projects/work-plan/ifrs-sustainability-disclosure-taxonomy-update-amendments-ghg-emissions-disclosures,3de5a28043de,count canonical_url_key once; missing URLs remain source-specific uncertain rows
S295,single-market-economy.ec.europa.eu/news/commission-launches-consultation-digital-product-passport-2025-04-09_en,3d86620e93a5,count canonical_url_key once; missing URLs remain source-specific uncertain rows
S296,unece.org/digitalization/news/unece-and-iso-launch-joint-initiative-digital-product-passport-advance,ddcd04f9c4d1,count canonical_url_key once; missing URLs remain source-specific uncertain rows
S297,www.open-contracting.org/data-standard,e52d1782efd4,count canonical_url_key once; missing URLs remain source-specific uncertain rows
S298,standard.open-contracting.org/infrastructure,7384d359e09a,count canonical_url_key once; missing URLs remain source-specific uncertain rows
S299,g3w.wmo.int/site/global-greenhouse-gas-watch-g3w,02d68281d678,count canonical_url_key once; missing URLs remain source-specific uncertain rows
S300,www.oecd.org/en/publications/government-at-a-glance-2025_0efd0bcd-en/full-report/digital-government-index_1edec44e.html,84c80cd26795,count canonical_url_key once; missing URLs remain source-specific uncertain rows
S301,nvlpubs.nist.gov/nistpubs/cswp/nist.cswp.29.pdf,69718a96ba77,count canonical_url_key once; missing URLs remain source-specific uncertain rows
S302,www.cisa.gov/cybersecurity-performance-goals-cpgs,8e35e0d6ff29,count canonical_url_key once; missing URLs remain source-specific uncertain rows
S303,www.iea.org/reports/power-systems-in-transition/cyber-resilience,a4c01c2fbfa0,count canonical_url_key once; missing URLs remain source-specific uncertain rows
S304,www.energy.gov/ceser/cybersecurity-risk-management-process-rmp,84be454c004c,count canonical_url_key once; missing URLs remain source-specific uncertain rows
S305,docs.nrel.gov/docs/fy25osti/94352.pdf,e4b254313488,count canonical_url_key once; missing URLs remain source-specific uncertain rows
S306,nvlpubs.nist.gov/nistpubs/ai/nist.ai.100-1.pdf,9df55f8ed754,count canonical_url_key once; missing URLs remain source-specific uncertain rows
S307,nvlpubs.nist.gov/nistpubs/ai/nist.ai.600-1.pdf,e9085605e45c,count canonical_url_key once; missing URLs remain source-specific uncertain rows
S308,oecd.ai/en/ai-principles,f79dd55a4f53,count canonical_url_key once; missing URLs remain source-specific uncertain rows
S309,digital-strategy.ec.europa.eu/en/policies/regulatory-framework-ai,4074f9da5335,count canonical_url_key once; missing URLs remain source-specific uncertain rows
S310,www.iso.org/standard/42001,ed14e28404c3,count canonical_url_key once; missing URLs remain source-specific uncertain rows
S311,www.iea.org/reports/energy-technology-perspectives-2024,618a6d2a861b,count canonical_url_key once; missing URLs remain source-specific uncertain rows
S312,www.oecd.org/en/about/news/press-releases/2026/04/critical-raw-materials-face-rising-export-restrictions-increasing-risks-to-global-supply-chains.html,16bd7bf44511,count canonical_url_key once; missing URLs remain source-specific uncertain rows
S313,unctad.org/publication/global-trade-update-january-2026-top-trends-redefining-global-trade-2026,6a301fb753e6,count canonical_url_key once; missing URLs remain source-specific uncertain rows
S314,www.wcoomd.org/en/media/newsroom/2026/january/hs-2028-amendments-adapting-the-harmonized-system-to-global-priorities-and-trade-evolution.aspx,f59b2e3a7703,count canonical_url_key once; missing URLs remain source-specific uncertain rows
S315,www.worldbank.org/en/publication/wdr2025,4d06314e34b6,count canonical_url_key once; missing URLs remain source-specific uncertain rows
S316,www.unido.org/news/unido-contribution-highlighted-world-development-report-2025-standards-and-quality-infrastructure,2861fc7b0fc4,count canonical_url_key once; missing URLs remain source-specific uncertain rows
S317,www.iso.org/casco.html,15bda0c99bc7,count canonical_url_key once; missing URLs remain source-specific uncertain rows
S318,www.wto.org/english/res_e/publications_e/gvcreport2025_e.htm,1cec6e17deb6,count canonical_url_key once; missing URLs remain source-specific uncertain rows
S319,www.unep.org/news-and-stories/press-release/un-convened-panel-address-equity-sustainability-and-human-rights,49c959db7110,count canonical_url_key once; missing URLs remain source-specific uncertain rows
S320,www.unep.org/ietc/resources/report/global-waste-management-outlook-2024,ae12f3c286da,count canonical_url_key once; missing URLs remain source-specific uncertain rows
S321,www.itu.int/en/itu-d/environment/pages/publications/the-global-e-waste-monitor-2024.aspx,36d353d25c79,count canonical_url_key once; missing URLs remain source-specific uncertain rows
S322,www.irena.org/publications/2016/jun/end-of-life-management-solar-photovoltaic-panels,280e207e2bd3,count canonical_url_key once; missing URLs remain source-specific uncertain rows
S323,www.iea.org/reports/batteries-and-secure-energy-transitions/executive-summary,e279dff1e2fb,count canonical_url_key once; missing URLs remain source-specific uncertain rows
S324,www.iea.org/reports/global-ev-outlook-2024/executive-summary,9fc3bdc036a6,count canonical_url_key once; missing URLs remain source-specific uncertain rows
S325,www.globalbattery.org/battery-passport,f1a609213214,count canonical_url_key once; missing URLs remain source-specific uncertain rows
S326,environment.ec.europa.eu/topics/waste-and-recycling/batteries_en,83b8d1037764,count canonical_url_key once; missing URLs remain source-specific uncertain rows
S327,commission.europa.eu/law/law-topic/consumer-protection-law/directive-repair-goods_en,eba475908641,count canonical_url_key once; missing URLs remain source-specific uncertain rows
S328,www.basel.int/implementation/ewaste/ewasteamendments/ewasteamendmentsfaqs/tabid/10107/default.aspx,84e423f5cab2,count canonical_url_key once; missing URLs remain source-specific uncertain rows
S329,www.ipbes.net/nexus-assessment,8854c75942c2,count canonical_url_key once; missing URLs remain source-specific uncertain rows
S330,iucn.org/resources/publication/mitigating-biodiversity-impacts-associated-solar-and-wind-energy-development,0fada76e5b47,count canonical_url_key once; missing URLs remain source-specific uncertain rows
S331,www.unep.org/resources/report/protected-planet-report-2024,00cc56188122,count canonical_url_key once; missing URLs remain source-specific uncertain rows
S332,www.cbd.int/gbf/targets,8c542359a5b3,count canonical_url_key once; missing URLs remain source-specific uncertain rows
S333,www.ohchr.org/en/indigenous-peoples/consultation-and-free-prior-and-informed-consent-fpic,4cae3a94f95b,count canonical_url_key once; missing URLs remain source-specific uncertain rows
S334,legal.un.org/avl/ha/ga_61-295/ga_61-295.html,5595c339b637,count canonical_url_key once; missing URLs remain source-specific uncertain rows
S335,www.ifc.org/en/insights-reports/2012/ifc-performance-standard-7,45126b842e0e,count canonical_url_key once; missing URLs remain source-specific uncertain rows
S336,www.energy.gov/eere/siting-large-scale-renewable-energy-projects,bb39172b5b5f,count canonical_url_key once; missing URLs remain source-specific uncertain rows
S337,climate.law.columbia.edu/content/community-benefits-agreements-database,6c1331551d56,count canonical_url_key once; missing URLs remain source-specific uncertain rows
S338,www.nature.org/en-us/what-we-do/our-priorities/tackle-climate-change/climate-change-stories/site-renewables-right,01eb6297448c,count canonical_url_key once; missing URLs remain source-specific uncertain rows
S339,www.business-humanrights.org/en/from-us/briefings/transition-minerals-tracker-2025-global-analysis,c32dc2d4bbca,count canonical_url_key once; missing URLs remain source-specific uncertain rows
S340,www.business-humanrights.org/en/from-us/briefings/renewable-energy-human-rights-benchmark-2025,6e343e7961a4,count canonical_url_key once; missing URLs remain source-specific uncertain rows
S341,www.iea.org/reports/global-methane-tracker-2026/understanding-methane-emissions,923c7139b0c2,count canonical_url_key once; missing URLs remain source-specific uncertain rows
S342,www.iea.org/reports/global-methane-tracker-2026/key-findings,051ca30fd348,count canonical_url_key once; missing URLs remain source-specific uncertain rows
S343,www.worldbank.org/en/topic/extractiveindustries/publication/managing-coal-mine-closure,f3c44fdee04d,count canonical_url_key once; missing URLs remain source-specific uncertain rows
S344,documents1.worldbank.org/curated/en/099040825114032293/pdf/p179980-c375abae-293f-48fd-b5a4-9e9f57075469.pdf,57427afb05fa,count canonical_url_key once; missing URLs remain source-specific uncertain rows
S345,openknowledge.worldbank.org/entities/publication/854d1017-02db-487a-8da3-df00ffaa7788,56c84a95b8a9,count canonical_url_key once; missing URLs remain source-specific uncertain rows
S346,www.worldbank.org/en/topic/extractiveindustries/justtransition,09a0b9504280,count canonical_url_key once; missing URLs remain source-specific uncertain rows
S347,www.energy.gov/hgeo/undocumented-orphaned-wells-research-program-division-methane-mitigation-technologies,95a30200822b,count canonical_url_key once; missing URLs remain source-specific uncertain rows
S348,www.epa.gov/re-powering,8017812fc469,count canonical_url_key once; missing URLs remain source-specific uncertain rows
S349,www.oecd.org/en/publications/the-polluter-pays-principle_9789264044845-en.html,17becd5413ef,count canonical_url_key once; missing URLs remain source-specific uncertain rows
S350,www.amnesty.org/en/latest/news/2025/11/fossil-fuel-infrastructure-rights-critical-ecosystems-at-risk,f76c70a02d26,count canonical_url_key once; missing URLs remain source-specific uncertain rows
S351,www.internal-displacement.org/global-report/grid2026,762d2bae577c,count canonical_url_key once; missing URLs remain source-specific uncertain rows
S352,www.worldbank.org/en/news/press-release/2021/09/13/climate-change-could-force-216-million-people-to-migrate-within-their-own-countries-by-2050,1aa0ca622c79,count canonical_url_key once; missing URLs remain source-specific uncertain rows
S353,publications.iom.int/books/world-migration-report-2026,43459495177d,count canonical_url_key once; missing URLs remain source-specific uncertain rows
S354,disasterdisplacement.org/resource/key-messages-for-cop30,980ee20919a1,count canonical_url_key once; missing URLs remain source-specific uncertain rows
S355,www.unhcr.org/us/news/press-releases/unhcr-report-reveals-extreme-weather-driving-repeated-displacement-among,227472a8258d,count canonical_url_key once; missing URLs remain source-specific uncertain rows
S356,mayorsmigrationcouncil.org/news/impact-report-2025,76a3e7291a9b,count canonical_url_key once; missing URLs remain source-specific uncertain rows
S357,www.c40.org/research,9a8dbff1ada4,count canonical_url_key once; missing URLs remain source-specific uncertain rows
S358,roasiapacific.iom.int/sites/g/files/tmzbdl671/files/documents/2026-01/iom_asiapacific_plannedrelocationgovernanceinasiaandthepacific_digital.pdf,5c62f7cba42a,count canonical_url_key once; missing URLs remain source-specific uncertain rows
S359,www.worldbank.org/en/programs/sahel-adaptive-social-protection-program-trust-fund/thematic-areas/climate-shock-responsive-delivery-systems,3f6c27d99250,count canonical_url_key once; missing URLs remain source-specific uncertain rows
S360,openknowledge.worldbank.org/entities/publication/e61fc26d-3a3b-499a-ad71-195613d019ab,2ffd87334456,count canonical_url_key once; missing URLs remain source-specific uncertain rows
S361,openknowledge.fao.org/handle/20.500.14283/cd9424en,0df791b40793,count canonical_url_key once; missing URLs remain source-specific uncertain rows
S362,www.fao.org/publications/fao-flagship-publications/the-state-of-food-security-and-nutrition-in-the-world/en,6cb3ea47f1f2,count canonical_url_key once; missing URLs remain source-specific uncertain rows
S363,www.wfp.org/global-hunger-crisis,8c66bf74ab86,count canonical_url_key once; missing URLs remain source-specific uncertain rows
S364,www.wfp.org/publications/hunger-hotspots-fao-wfp-early-warnings-acute-food-insecurity,59663d4f7efc,count canonical_url_key once; missing URLs remain source-specific uncertain rows
S365,www.worldbank.org/en/topic/agriculture/brief/food-security-update,7f7ac28228e3,count canonical_url_key once; missing URLs remain source-specific uncertain rows
S366,www.fao.org/newsroom/detail/extreme-heat-is-pushing-agrifood-systems-to-the-brink-worldwide/en,e604415bf6ae,count canonical_url_key once; missing URLs remain source-specific uncertain rows
S367,www.fao.org/publications/fao-flagship-publications/the-impact-of-disasters-on-agriculture-and-food-security/en,7dc0e24b5917,count canonical_url_key once; missing URLs remain source-specific uncertain rows
S368,www.wfp.org/anticipatory-actions,9718636011ab,count canonical_url_key once; missing URLs remain source-specific uncertain rows
S369,www.fao.org/emergencies/our-focus/anticipatory-action/en,7f07e195b5a5,count canonical_url_key once; missing URLs remain source-specific uncertain rows
S370,www.amis-outlook.org/about/overview,764a75744799,count canonical_url_key once; missing URLs remain source-specific uncertain rows
S371,www.unesco.org/en/world-water-report-2026,391fc04b07ee,count canonical_url_key once; missing URLs remain source-specific uncertain rows
S372,washdata.org,d8172acc899f,count canonical_url_key once; missing URLs remain source-specific uncertain rows
S373,wmo.int/news/media-centre/from-drought-deluge-wmo-report-highlights-increasingly-erratic-water-cycle,fc0a6f291f6b,count canonical_url_key once; missing URLs remain source-specific uncertain rows
S374,unu.edu/inweh/news/world-enters-era-of-global-water-bankruptcy,85f6430e39cd,count canonical_url_key once; missing URLs remain source-specific uncertain rows
S375,www.wri.org/insights/highest-water-stressed-countries,a6ba006b63fa,count canonical_url_key once; missing URLs remain source-specific uncertain rows
S376,openknowledge.fao.org/items/727cc000-b525-4444-aa2e-f57f56e2239b,c02a065c1563,count canonical_url_key once; missing URLs remain source-specific uncertain rows
S377,www.unccd.int/resources/publications/drought-hotspots-around-world-2023-2025,cbbcb5d83a2a,count canonical_url_key once; missing URLs remain source-specific uncertain rows
S378,www.undrr.org/gar/gar2025/hazard-exploration/droughts,af888b8986e2,count canonical_url_key once; missing URLs remain source-specific uncertain rows
S379,www.who.int/publications/i/item/9789240067691,73e305d4f302,count canonical_url_key once; missing URLs remain source-specific uncertain rows
S380,documents1.worldbank.org/curated/en/099124511122431814/pdf/idu1fa8a4c3a1fd8c14810194851fb785b73d02d.pdf,1b8abb78f559,count canonical_url_key once; missing URLs remain source-specific uncertain rows
S381,watercommission.org,6818923ecb8f,count canonical_url_key once; missing URLs remain source-specific uncertain rows
S382,www.who.int/publications/i/item/9789240081888,170c989a3f4d,count canonical_url_key once; missing URLs remain source-specific uncertain rows
S383,lancetcountdown.org/2025-report,c454420b7000,count canonical_url_key once; missing URLs remain source-specific uncertain rows
S384,www.who.int/teams/environment-climate-change-and-health/climate-change-and-health/country-support/integrated-surveillance-and-climate-informed-health-early-warning-systems,b76a9bdc3695,count canonical_url_key once; missing URLs remain source-specific uncertain rows
S385,wmo.int/media/news/climate-and-health-data-must-be-integrated,c43407739af1,count canonical_url_key once; missing URLs remain source-specific uncertain rows
S386,www.who.int/news-room/fact-sheets/detail/vector-borne-diseases,0f72cdafb567,count canonical_url_key once; missing URLs remain source-specific uncertain rows
S387,www.who.int/news-room/fact-sheets/detail/dengue-and-severe-dengue,6f81f0d578d4,count canonical_url_key once; missing URLs remain source-specific uncertain rows
S388,www.who.int/teams/global-malaria-programme/reports/world-malaria-report-2025,87a86532decd,count canonical_url_key once; missing URLs remain source-specific uncertain rows
S389,www.who.int/publications/i/item/who-wer10036-347-364,7c267c1ede48,count canonical_url_key once; missing URLs remain source-specific uncertain rows
S390,www.who.int/initiatives/global-arbovirus-initiative,03a24d65a25b,count canonical_url_key once; missing URLs remain source-specific uncertain rows
S391,www.who.int/teams/one-health-initiative/quadripartite-secretariat-for-one-health/one-health-joint-plan-of-action,c33a91a15b52,count canonical_url_key once; missing URLs remain source-specific uncertain rows
S392,www.gavi.org/our-alliance/climate-health-immunisation,6b05fabcf838,count canonical_url_key once; missing URLs remain source-specific uncertain rows
S393,www.who.int/news-room/fact-sheets/detail/climate-change-and-health,8ede0e33592c,count canonical_url_key once; missing URLs remain source-specific uncertain rows
S394,www.unicef.org/reports/climate-crisis-child-rights-crisis,d8d3aaf40392,count canonical_url_key once; missing URLs remain source-specific uncertain rows
S395,www.unicef.org/reports/learning-interrupted-global-snapshot-2024,52592735768e,count canonical_url_key once; missing URLs remain source-specific uncertain rows
S396,www.worldbank.org/en/topic/education/publication/education-for-climate-action,37b1c61a4036,count canonical_url_key once; missing URLs remain source-specific uncertain rows
S397,gadrrres.net/comprehensive-school-safety-framework,772e4778b125,count canonical_url_key once; missing URLs remain source-specific uncertain rows
S398,inee.org/minimum-standards,a26fd0d1a4ee,count canonical_url_key once; missing URLs remain source-specific uncertain rows
S399,www.worldbank.org/en/topic/education/publication/right-framework-physical-learning-environments,4b8a9cc7773d,count canonical_url_key once; missing URLs remain source-specific uncertain rows
S400,www.unicef.org/reports/children-displaced-changing-climate,41a5cc3cc143,count canonical_url_key once; missing URLs remain source-specific uncertain rows
S401,www.unicef.org/eap/media/18386/file/technical%20brief.pdf.pdf,36aa80a1676e,count canonical_url_key once; missing URLs remain source-specific uncertain rows
S402,docs.un.org/en/crc/c/gc/26,d26d7c9ab87b,count canonical_url_key once; missing URLs remain source-specific uncertain rows
S403,www.unicef.org/media/139506/file/unicef-sustainability-climate-change-action-plan-2023-2030.pdf,74296e8280e5,count canonical_url_key once; missing URLs remain source-specific uncertain rows
S404,www.unicef.org/reports/state-of-worlds-children/2024,90ba5fa276ee,count canonical_url_key once; missing URLs remain source-specific uncertain rows
S405,www.who.int/publications/i/item/9789240045125,ebe1c05d1eec,count canonical_url_key once; missing URLs remain source-specific uncertain rows
S406,www.who.int/news-room/fact-sheets/detail/ageing-and-health,d723b8957888,count canonical_url_key once; missing URLs remain source-specific uncertain rows
S407,www.who.int/publications/i/item/9789240063600,8b96b246c9c5,count canonical_url_key once; missing URLs remain source-specific uncertain rows
S408,www.undrr.org/report/2023-gobal-survey-report-on-persons-with-disabilities-and-disasters,a0d04365c0b9,count canonical_url_key once; missing URLs remain source-specific uncertain rows
S409,www.who.int/news-room/fact-sheets/detail/assistive-technology,36c0c0ce008e,count canonical_url_key once; missing URLs remain source-specific uncertain rows
S410,www.helpage.org/wp-content/uploads/2023/11/climate-justice-in-an-ageing-world.pdf,bd0476c6e171,count canonical_url_key once; missing URLs remain source-specific uncertain rows
S411,www.nature.com/articles/s41467-024-47197-5,0fd9206a2963,count canonical_url_key once; missing URLs remain source-specific uncertain rows
S412,spherestandards.org/resources/humanitarian-inclusion-standards-for-older-people-and-people-with-disabilities,116bca0b6d5a,count canonical_url_key once; missing URLs remain source-specific uncertain rows
S413,interagencystandingcommittee.org/sites/default/files/migrated/2020-11/iasc%20guidelines%20on%20the%20inclusion%20of%20persons%20with%20disabilities%20in%20humanitarian%20action%2c%202019_0.pdf,c1540c7ecd89,count canonical_url_key once; missing URLs remain source-specific uncertain rows
S414,www.un.org/development/desa/disabilities/convention-on-the-rights-of-persons-with-disabilities/article-11-situations-of-risk-and-humanitarian-emergencies.html,8677cfe035c7,count canonical_url_key once; missing URLs remain source-specific uncertain rows
S415,extranet.who.int/agefriendlyworld/wp-content/uploads/2014/06/who-older-persons-in-emergencies-considerations-for-action-and-policy-development-english.pdf,386f3a65a05b,count canonical_url_key once; missing URLs remain source-specific uncertain rows
S416,asprtracie.hhs.gov/technical-resources/52/long-term-care-facilities/47,56acbd320e40,count canonical_url_key once; missing URLs remain source-specific uncertain rows
S417,heat.gov/who-is-most-at-risk-to-extreme-heat/at-risk-older-adults,1a2ffd4f8d2e,count canonical_url_key once; missing URLs remain source-specific uncertain rows
S418,www.ilo.org/publications/ensuring-safety-and-health-work-changing-climate,7b4f48d982b4,count canonical_url_key once; missing URLs remain source-specific uncertain rows
S419,www.who.int/publications/i/item/9789240099814,b56986c212c5,count canonical_url_key once; missing URLs remain source-specific uncertain rows
S420,www.ilo.org/sites/default/files/wcmsp5/groups/public/%40dgreports/%40dcomm/%40publ/documents/publication/wcms_711919.pdf,2ccd6214be98,count canonical_url_key once; missing URLs remain source-specific uncertain rows
S421,www.ilo.org/publications/heat-work-implications-safety-and-health,4b457ed939fd,count canonical_url_key once; missing URLs remain source-specific uncertain rows
S422,www.osha.gov/heat-exposure/rulemaking,99d034ab4796,count canonical_url_key once; missing URLs remain source-specific uncertain rows
S423,www.ilo.org/topics-and-sectors/safety-and-health-work/safe-and-healthy-working-environment-fundamental-principle-and-right-work,28c7876971b7,count canonical_url_key once; missing URLs remain source-specific uncertain rows
S424,www.ilo.org/publications/flagship-reports/world-social-protection-report-2024-26-universal-social-protection-climate,c8f9da70d64a,count canonical_url_key once; missing URLs remain source-specific uncertain rows
S425,www.worldbank.org/en/topic/socialprotection/publication/state-of-social-protection-2025-2-billion-person-challenge,87e8a13acb37,count canonical_url_key once; missing URLs remain source-specific uncertain rows
S426,wmo.int/media/news/fao-and-wmo-report-highlights-extreme-heat-risks-agriculture,6630fc627282,count canonical_url_key once; missing URLs remain source-specific uncertain rows
S427,ilostat.ilo.org/topics/informality,5e263fe50ac8,count canonical_url_key once; missing URLs remain source-specific uncertain rows
S428,www.ilo.org/publications/guidelines-just-transition-towards-environmentally-sustainable-economies,8bff6e574792,count canonical_url_key once; missing URLs remain source-specific uncertain rows
S429,www.iarc.who.int/news-events/working-under-the-sun-causes-1-in-3-deaths-from-non-melanoma-skin-cancer-say-who-and-ilo,1d7f9cb2a877,count canonical_url_key once; missing URLs remain source-specific uncertain rows
S430,link.springer.com/article/10.1007/s40572-025-00481-y,b5eb74ec23d5,count canonical_url_key once; missing URLs remain source-specific uncertain rows
S431,www.who.int/publications/i/item/9789241550376,001d140a4805,count canonical_url_key once; missing URLs remain source-specific uncertain rows
S432,www.ohchr.org/en/documents/thematic-reports/ahrc5228-towards-just-transformation-climate-crisis-and-right-housing,abfd58366e26,count canonical_url_key once; missing URLs remain source-specific uncertain rows
S433,unhabitat.org/annual-report-2024,d6dc4e9bd1c6,count canonical_url_key once; missing URLs remain source-specific uncertain rows
S434,spherestandards.org/handbook,5bf356e1ed0c,count canonical_url_key once; missing URLs remain source-specific uncertain rows
S435,www.worldbank.org/en/topic/disasterriskmanagement/brief/global-program-for-resilient-housing,28539f422230,count canonical_url_key once; missing URLs remain source-specific uncertain rows
S436,www.gfdrr.org/en/resilient-housing,a1894628a8a0,count canonical_url_key once; missing URLs remain source-specific uncertain rows
S437,www.oecd.org/en/publications/2025/11/future-proofing-real-estate-investment_f3d78bbb/full-report/managing-climate-related-risks-for-resilient-real-estate_fe6a5ab0.html,20045459c3e6,count canonical_url_key once; missing URLs remain source-specific uncertain rows
S438,www.oecd.org/en/data/datasets/oecd-affordable-housing-database.html,7a209cfeb1be,count canonical_url_key once; missing URLs remain source-specific uncertain rows
S439,www.undrr.org/words-into-action/disaster-displacement-how-reduce-risk-address-impacts-and-strengthen-resilience,64e005e39080,count canonical_url_key once; missing URLs remain source-specific uncertain rows
S440,www.habitat.org/sites/default/files/documents/ndc-report-oct-9.pdf,249ccfc6b5d3,count canonical_url_key once; missing URLs remain source-specific uncertain rows
S441,unhabitat.org/news/10-dec-2024/the-promise-of-adequate-housing-a-human-right-we-must-uphold,8123f48ed8d5,count canonical_url_key once; missing URLs remain source-specific uncertain rows
S442,blogs.worldbank.org/en/sustainablecities/building-better-next-disaster-how-retrofitting-homes-can-save-lives-and-strengthen-economies,5532c916925b,count canonical_url_key once; missing URLs remain source-specific uncertain rows
S443,www.sheltercluster.org/environment-community-practice/documents/needs-overview-tip-sheet-environment-climate-change-and,189b97ca1304,count canonical_url_key once; missing URLs remain source-specific uncertain rows
S444,www.worldbank.org/en/publication/globalfindex,fa86dc787a2f,count canonical_url_key once; missing URLs remain source-specific uncertain rows
S445,www.cgap.org/research/publication/strengthening-financial-systems-for-climate-adaptation,ddeb369a10f5,count canonical_url_key once; missing URLs remain source-specific uncertain rows
S446,www.cgap.org/research/publication/built-to-adapt-inclusive-financial-institutions-in-changing-climate,c5345dfd4ae2,count canonical_url_key once; missing URLs remain source-specific uncertain rows
S447,www.worldbank.org/en/programs/g2px,80fda2a78016,count canonical_url_key once; missing URLs remain source-specific uncertain rows
S448,openknowledge.worldbank.org/entities/publication/201bc1a6-94f2-44ea-be18-72e66b4e523a,4872efa32a61,count canonical_url_key once; missing URLs remain source-specific uncertain rows
S449,id4d.worldbank.org/global-dataset,9aac56a2c1b5,count canonical_url_key once; missing URLs remain source-specific uncertain rows
S450,www.gsma.com/solutions-and-impact/connectivity-for-good/mobile-for-development/gsma_resources/the-state-of-the-industry-report-on-mobile-money-2026,e9f3e2d2f87a,count canonical_url_key once; missing URLs remain source-specific uncertain rows
S451,www.betterthancash.org/explore-resources/responsible-digital-payments-guidelines,693ec0603cc7,count canonical_url_key once; missing URLs remain source-specific uncertain rows
S452,www.oecd.org/en/publications/g20-oecd-high-level-principles-on-financial-consumer-protection-2022_48cc3df0-en.html,1f92c2bfd76f,count canonical_url_key once; missing URLs remain source-specific uncertain rows
S453,www.consumersinternational.org/media/669193/building-consumer-resilience-in-digital-finance-report-final.pdf,075c4ee25d58,count canonical_url_key once; missing URLs remain source-specific uncertain rows
S454,www.calpnetwork.org/collection/the-state-of-the-worlds-cash-2023-report,0fa72a04b187,count canonical_url_key once; missing URLs remain source-specific uncertain rows
S455,blogs.worldbank.org/en/peoplemove/in-2024--remittance-flows-to-low--and-middle-income-countries-ar,c2c5df32ee94,count canonical_url_key once; missing URLs remain source-specific uncertain rows
S456,usp2030.org/wp-content/uploads/usp2030-social-protection-and-climate-finance.pdf,c476b1714082,count canonical_url_key once; missing URLs remain source-specific uncertain rows
S457,openknowledge.worldbank.org/entities/publication/22473718-f0dc-4f45-a045-37b0b3e17827,db4d73d66a6f,count canonical_url_key once; missing URLs remain source-specific uncertain rows
S458,worldjusticeproject.org/our-work/research-and-data/measuring-justice-gap,66dfc8ded3d4,count canonical_url_key once; missing URLs remain source-specific uncertain rows
S459,worldjusticeproject.org/news/wjp-rule-law-index-2025-global-press-release,7e3e2aaee30b,count canonical_url_key once; missing URLs remain source-specific uncertain rows
S460,legalinstruments.oecd.org/en/instruments/oecd-legal-0498,23629e4256f5,count canonical_url_key once; missing URLs remain source-specific uncertain rows
S461,www.oecd.org/en/publications/toolkit-for-access-to-justice-and-people-centred-justice-systems_aecf7f78-en.html,51af793be412,count canonical_url_key once; missing URLs remain source-specific uncertain rows
S462,www.oecd.org/en/publications/making-justice-systems-more-effective-and-people-centred_e02fd90b-en.html,9b982aef164f,count canonical_url_key once; missing URLs remain source-specific uncertain rows
S463,www.oecd.org/en/publications/legal-needs-surveys-and-access-to-justice_g2g9a36c-en.html,53604740deba,count canonical_url_key once; missing URLs remain source-specific uncertain rows
S464,www.sdg16.plus/justice,c7b6db006079,count canonical_url_key once; missing URLs remain source-specific uncertain rows
S465,www.idlo.int/publications/climate-justice-rule-law-approach-transformative-climate-action,8a49a859c5c0,count canonical_url_key once; missing URLs remain source-specific uncertain rows
S466,www.undp.org/sites/g/files/zskgke326/files/2022-12/undp-unhcr-advancing-access-to-justice-and-legal-aid-in-situations-of-forced-displacement.pdf,8a8da986b8c4,count canonical_url_key once; missing URLs remain source-specific uncertain rows
S467,www.ifrc.org/happening-now/advocacy-hub/disaster-law,b9abcd5d91d7,count canonical_url_key once; missing URLs remain source-specific uncertain rows
S468,www.onlinelibrary.iihl.org/wp-content/uploads/2025/02/2019-%e2%80%93-ifrc-the-checklist-on-law-and-disaster-preparedness-and-response.pdf,8cff77612953,count canonical_url_key once; missing URLs remain source-specific uncertain rows
S469,disasterdisplacement.org/resource/climate-and-disaster-displacement-the-importance-of-disaster-law-and-policy-factsheet,66c8cf806e16,count canonical_url_key once; missing URLs remain source-specific uncertain rows
S470,www.unicef.org/press-releases/birth-registration-steadily-increases-worldwide-150-million-children-still-invisible,3842224cc767,count canonical_url_key once; missing URLs remain source-specific uncertain rows
S471,namati.org/what-we-do/grassroots-legal-empowerment,0dbbd307bf09,count canonical_url_key once; missing URLs remain source-specific uncertain rows
S472,wmo.int/activities/common-alerting-protocol-cap,097ddd3004b2,count canonical_url_key once; missing URLs remain source-specific uncertain rows
S473,www.itu.int/en/itu-d/emergency-telecommunications/pages/early-warnings-for-all-initiative.aspx,9eb9b997d9a9,count canonical_url_key once; missing URLs remain source-specific uncertain rows
S474,MISSING_URL::S474,58843a3583f8,count canonical_url_key once; missing URLs remain source-specific uncertain rows
S475,www.itu.int/hub/publication/d-stg-sg01-03-1-2025,70d9978fa164,count canonical_url_key once; missing URLs remain source-specific uncertain rows
S476,www.itu.int/en/itu-d/emergency-telecommunications/pages/disaster-connectivity-map.aspx,313105476310,count canonical_url_key once; missing URLs remain source-specific uncertain rows
S477,MISSING_URL::S477,0becaa5c9b56,count canonical_url_key once; missing URLs remain source-specific uncertain rows
S478,www.undrr.org/words-into-action/guide-multi-hazard-early-warning,b3439846db64,count canonical_url_key once; missing URLs remain source-specific uncertain rows
S479,www.undrr.org/publication/inclusive-early-warning-early-action-checklist-and-implementation-guide,a2dd7fa2885b,count canonical_url_key once; missing URLs remain source-specific uncertain rows
S480,www.undrr.org/publication/documents-and-publications/early-warning-systems-and-early-action-fragile-conflict,15bae5df073b,count canonical_url_key once; missing URLs remain source-specific uncertain rows
S481,MISSING_URL::S481,0e4f1d6d031f,count canonical_url_key once; missing URLs remain source-specific uncertain rows
S482,www.who.int/europe/emergencies/our-work-in-emergencies/rcceim,ad598389ef90,count canonical_url_key once; missing URLs remain source-specific uncertain rows
S483,www.unesco.org/en/media-crisis,168a05af2194,count canonical_url_key once; missing URLs remain source-specific uncertain rows
S484,MISSING_URL::S484,2a8b78cec003,count canonical_url_key once; missing URLs remain source-specific uncertain rows
S485,MISSING_URL::S485,96026cb2dc32,count canonical_url_key once; missing URLs remain source-specific uncertain rows
S486,MISSING_URL::S486,1ce9ae47aeb7,count canonical_url_key once; missing URLs remain source-specific uncertain rows
S487,openknowledge.worldbank.org/entities/publication/a475a009-b161-46a8-a365-4b0215d83352,1f63bb2cd354,count canonical_url_key once; missing URLs remain source-specific uncertain rows
S488,MISSING_URL::S488,03a9aec1a472,count canonical_url_key once; missing URLs remain source-specific uncertain rows
S489,www.piarc.org/en/order-library/42628-en-piarc%20international%20climate%20change%20adaptation%20framework%202023%20%e2%80%93%20technicalreport,e7bf840c1d77,count canonical_url_key once; missing URLs remain source-specific uncertain rows
S490,openknowledge.worldbank.org/entities/publication/c3a753a6-2310-501b-a37e-5dcab3e96a0b,52b6185711c2,count canonical_url_key once; missing URLs remain source-specific uncertain rows
S491,www.undrr.org/publication/transport-sector-recovery-opportunities-build-resilience,555166bc8000,count canonical_url_key once; missing URLs remain source-specific uncertain rows
S492,transport-links.com/wp-content/uploads/2023/10/climate-resilient-transport-a-policy-guide-draft.pdf,84468fefe98f,count canonical_url_key once; missing URLs remain source-specific uncertain rows
S493,www.fema.gov/sites/default/files/2020-07/planning-considerations-evacuation-and-shelter-in-place.pdf,02d0f609602a,count canonical_url_key once; missing URLs remain source-specific uncertain rows
S494,disasterstrategies.org/wp-content/uploads/2025/05/transit-guidance-evacuation-plans-doc-accessible.pdf,5ff1568bdc5d,count canonical_url_key once; missing URLs remain source-specific uncertain rows
S495,www.wfp.org/logistics-cluster,5fbdef90a28c,count canonical_url_key once; missing URLs remain source-specific uncertain rows
S496,unctad.org/topic/transport-and-trade-logistics/policy-and-legislation/climate-change-and-maritime-transport,6c792958894c,count canonical_url_key once; missing URLs remain source-specific uncertain rows
S497,unctad.org/publication/review-maritime-transport-2025,c72fc55f6cd1,count canonical_url_key once; missing URLs remain source-specific uncertain rows
S498,www.iea.org/reports/global-ev-outlook-2026/electric-vehicle-charging-chap-6-and-10,1f671e9c1b24,count canonical_url_key once; missing URLs remain source-specific uncertain rows
S499,www.energy.gov/ceser/local-leaders-prepare-energy-emergency,ce7aeacd8488,count canonical_url_key once; missing URLs remain source-specific uncertain rows
S500,openknowledge.worldbank.org/entities/publication/3b387b7f-9536-5220-b4b9-f74e27ad7cbe,a63c595fb2fd,count canonical_url_key once; missing URLs remain source-specific uncertain rows
S501,sdgs.un.org/sites/default/files/2021-10/transportation%20report%202021_fullreport_digital.pdf,403e9d9eada9,count canonical_url_key once; missing URLs remain source-specific uncertain rows
S502,www.iea.org/reports/climate-resilience-for-energy-security,c1da9fdf70a2,count canonical_url_key once; missing URLs remain source-specific uncertain rows
S503,www.iea.org/reports/electricity-grids-and-secure-energy-transitions,a472205412f6,count canonical_url_key once; missing URLs remain source-specific uncertain rows
S504,openknowledge.worldbank.org/entities/publication/c3a753a6-2310-501b-a37e-5dcab3e96a0b,52b6185711c2,count canonical_url_key once; missing URLs remain source-specific uncertain rows
S505,documents1.worldbank.org/curated/en/200771560790885170/pdf/stronger-power-improving-power-sector-resilience-to-natural-hazards.pdf,50de3fb06bf7,count canonical_url_key once; missing URLs remain source-specific uncertain rows
S506,www.eia.gov/todayinenergy/detail.php?id=66744,a4a941901039,count canonical_url_key once; missing URLs remain source-specific uncertain rows
S507,www.nerc.com/globalassets/our-work/assessments/ltra_infographic_2025.pdf,41e56a2c26ad,count canonical_url_key once; missing URLs remain source-specific uncertain rows
S508,www.nerc.com/globalassets/our-work/assessments/nerc_wra_2025.pdf,1e6d04410514,count canonical_url_key once; missing URLs remain source-specific uncertain rows
S509,www.fema.gov/sites/default/files/documents/fema_incident-annex_power-outage.pdf,a20cd4ce9575,count canonical_url_key once; missing URLs remain source-specific uncertain rows
S510,www.energycodes.gov/sites/default/files/2023-09/pnnl_energy_resilience%20guide_pnnl_final.pdf,d114dc744597,count canonical_url_key once; missing URLs remain source-specific uncertain rows
S511,docs.nrel.gov/docs/fy23osti/84493.pdf,73e71a05631a,count canonical_url_key once; missing URLs remain source-specific uncertain rows
S512,empowerprogram.hhs.gov,bb87f9d5da8b,count canonical_url_key once; missing URLs remain source-specific uncertain rows
S513,www.who.int/data/gho/data/themes/database-on-electrification-of-health-care-facilities,4cda61d89f05,count canonical_url_key once; missing URLs remain source-specific uncertain rows
S514,www.epa.gov/waterresilience/power-resilience-guide-water-and-wastewater-utilities,0ecd0672e3a0,count canonical_url_key once; missing URLs remain source-specific uncertain rows
S515,www.aceee.org/energy-burden,945020da9873,count canonical_url_key once; missing URLs remain source-specific uncertain rows
S516,www.worldbank.org/en/news/press-release/2025/06/25/energy-access-has-improved-yet-international-financial-support-still-needed-to-boost-progress-and-address-disparities,8ad55278eba8,count canonical_url_key once; missing URLs remain source-specific uncertain rows
S517,pubs.naruc.org/pub/458600d2-913f-cbf6-b8f3-bbf1a796f00e,9d1d654d2c90,count canonical_url_key once; missing URLs remain source-specific uncertain rows
S518,www.nrel.gov/docs/fy24osti/89601.pdf,a85698115186,count canonical_url_key once; missing URLs remain source-specific uncertain rows
S519,www.unep.org/resources/global-waste-management-outlook-2024,7ad09f6b898b,count canonical_url_key once; missing URLs remain source-specific uncertain rows
S520,openknowledge.worldbank.org/entities/publication/d3f9d45e-115f-559b-b14f-28552410e90a,812608d2e2f1,count canonical_url_key once; missing URLs remain source-specific uncertain rows
S521,www.epa.gov/disaster-debris/guidance-about-planning-natural-disaster-debris,e53e0d87162e,count canonical_url_key once; missing URLs remain source-specific uncertain rows
S522,www.fema.gov/sites/default/files/documents/fema_pa-debris-removal-guidance-category-a.pdf,73b8f5c914ee,count canonical_url_key once; missing URLs remain source-specific uncertain rows
S523,www.fema.gov/sites/default/files/documents/fema_debris-monitoring-guide_sop_3-01-2021.pdf,fada7c8ae1d8,count canonical_url_key once; missing URLs remain source-specific uncertain rows
S524,www.unocha.org/publications/report/world/disaster-waste-management-guidelines,7de1c4b3fd55,count canonical_url_key once; missing URLs remain source-specific uncertain rows
S525,www.epa.gov/system/files/documents/2024-07/creating_disaster_resilient_buildings_to_minimize_disaster_debris_508.pdf,4e27ea205ab0,count canonical_url_key once; missing URLs remain source-specific uncertain rows
S526,www.cdc.gov/mold-health/about/clean-up.html,2954250494f7,count canonical_url_key once; missing URLs remain source-specific uncertain rows
S527,www.epa.gov/mold/homeowners-and-renters-guide-mold-cleanup-after-disasters,e59cd8d8ea1b,count canonical_url_key once; missing URLs remain source-specific uncertain rows
S528,www.osha.gov/emergency-preparedness/hurricane-flood-resources,4c17cb488c6d,count canonical_url_key once; missing URLs remain source-specific uncertain rows
S529,www.who.int/news-room/fact-sheets/detail/health-care-waste,9452a58aadf9,count canonical_url_key once; missing URLs remain source-specific uncertain rows
S530,www.epa.gov/superfund/remedy-resilience,4c5ce0c9e2ec,count canonical_url_key once; missing URLs remain source-specific uncertain rows
S531,MISSING_URL::S531,7712634ca448,count canonical_url_key once; missing URLs remain source-specific uncertain rows
S532,www.epa.gov/lmop/basic-information-about-landfill-gas,3a8125f276c0,count canonical_url_key once; missing URLs remain source-specific uncertain rows
S533,www.unep.org/resources/publication/food-waste-index-report-2024,4884c58c52b9,count canonical_url_key once; missing URLs remain source-specific uncertain rows
S534,www.epa.gov/system/files/documents/2023-07/swm_climate-final.pdf,cc44e09e16b8,count canonical_url_key once; missing URLs remain source-specific uncertain rows
S535,unhabitat.org/news/22-nov-2022/understanding-the-informal-waste-and-recovery-sector,ef878ac283c9,count canonical_url_key once; missing URLs remain source-specific uncertain rows
S536,www.fema.gov/emergency-managers/practitioners/lifelines,c267f09ac9a9,count canonical_url_key once; missing URLs remain source-specific uncertain rows
S537,www.fema.gov/emergency-managers/national-preparedness/frameworks/response,2fbd4db1147c,count canonical_url_key once; missing URLs remain source-specific uncertain rows
S538,www.fema.gov/sites/default/files/2020-07/fema_esf_9_search-rescue.pdf,20f20589f267,count canonical_url_key once; missing URLs remain source-specific uncertain rows
S539,www.who.int/publications-detail-redirect/mass-casualty-management-systems-strategies-and-guidelines-for-building-health-sector-capacity,dbc58038ed76,count canonical_url_key once; missing URLs remain source-specific uncertain rows
S540,MISSING_URL::S540,d71ccb2a546f,count canonical_url_key once; missing URLs remain source-specific uncertain rows
S541,www.ipcc.ch/srocc/chapter/summary-for-policymakers,4829797d655d,count canonical_url_key once; missing URLs remain source-specific uncertain rows
S542,www.ipcc.ch/report/ar6/wg2,afc7cc8d9d3b,count canonical_url_key once; missing URLs remain source-specific uncertain rows
S543,openknowledge.fao.org/handle/20.500.14283/cd0683en,ff354e692216,count canonical_url_key once; missing URLs remain source-specific uncertain rows
S544,earth.gov/sealevel/us/resources/2022-sea-level-rise-technical-report,6dad430d31dc,count canonical_url_key once; missing URLs remain source-specific uncertain rows
S545,heathealth.info/resources/assessment-of-hhaps,589e848edfab,count canonical_url_key once; missing URLs remain source-specific uncertain rows
S546,MISSING_URL::S546,95608edf0679,count canonical_url_key once; missing URLs remain source-specific uncertain rows
S547,iccinet.org/statecryo25,1f67a375df7d,count canonical_url_key once; missing URLs remain source-specific uncertain rows
S548,arctic.noaa.gov/report-card/report-card-2025,7d397c3267e4,count canonical_url_key once; missing URLs remain source-specific uncertain rows
S549,www.ccacoalition.org/content/short-lived-climate-pollutants,a1128889af65,count canonical_url_key once; missing URLs remain source-specific uncertain rows
S550,www.unep.org/news-and-stories/press-release/ministers-urge-decisive-methane-action-global-report-shows-progress,e71478c8579c,count canonical_url_key once; missing URLs remain source-specific uncertain rows
S551,www.who.int/news-room/fact-sheets/detail/ambient-(outdoor)-air-quality-and-health,eecf061808f3,count canonical_url_key once; missing URLs remain source-specific uncertain rows
S552,www.healtheffects.org/announcements/new-state-global-air-2025-report-shows-nearly-nine-ten-global-air-pollution-deaths-are,4378ade01009,count canonical_url_key once; missing URLs remain source-specific uncertain rows
S553,www.epa.gov/emergencies-iaq/wildfires-and-indoor-air-quality-iaq,03b1b82cb6db,count canonical_url_key once; missing URLs remain source-specific uncertain rows
S554,www.cdc.gov/wildfires/safety/how-to-safely-stay-safe-during-a-wildfire.html,35dcff13a0c4,count canonical_url_key once; missing URLs remain source-specific uncertain rows
S555,www.canada.ca/en/health-canada/services/publications/healthy-living/guidance-cleaner-air-spaces-during-wildfire-smoke-events.html,a0c8818237ef,count canonical_url_key once; missing URLs remain source-specific uncertain rows
S556,www.oecd.org/en/topics/plastics.html,cf9856cdded8,count canonical_url_key once; missing URLs remain source-specific uncertain rows
S557,www.iea.org/reports/the-future-of-petrochemicals,4faa63486e33,count canonical_url_key once; missing URLs remain source-specific uncertain rows
S558,www.unwomen.org/sites/default/files/2025-11/gender-equality-and-climate-policy-scorecard-methodological-note-en.pdf,7da6840e558c,count canonical_url_key once; missing URLs remain source-specific uncertain rows
S559,10insightsclimate.science/year-2024/climate-extremes-harming-maternal-and-reproductive-well-being,c25c141b1789,count canonical_url_key once; missing URLs remain source-specific uncertain rows
S560,www.who.int/news-room/articles-detail/call-for-research-proposals-on-climate---sexual-and-reproductive-health-and-rights,a5e363f5a36a,count canonical_url_key once; missing URLs remain source-specific uncertain rows
S561,ncchc.org/position-statements/climate-control-for-extreme-temperatures-in-corrections-2024,ba97b3ded86a,count canonical_url_key once; missing URLs remain source-specific uncertain rows
S562,www.nature.com/articles/s41893-024-01293-y,471fd13e62cb,count canonical_url_key once; missing URLs remain source-specific uncertain rows
S563,www.undrr.org/our-work/local-resilience,f3a8b8f5313b,count canonical_url_key once; missing URLs remain source-specific uncertain rows
S564,toolkit.climate.gov/sites/default/files/2025-02/cr4hc_toolkit_final_12.20.2024.pdf,7b76e595fd00,count canonical_url_key once; missing URLs remain source-specific uncertain rows
S565,www.who.int/initiatives/oxygen-access-scale-up,50bedbff23a1,count canonical_url_key once; missing URLs remain source-specific uncertain rows
S566,www.adb.org/sites/default/files/publication/1103166/sdwp-113-health-care-supply-chains.pdf,f1194cc50a19,count canonical_url_key once; missing URLs remain source-specific uncertain rows
S567,www.bis.org/publ/othp79.htm,416f07cde645,count canonical_url_key once; missing URLs remain source-specific uncertain rows
S568,www.federalreserve.gov/econres/notes/feds-notes/offline-payments-implications-for-reliability-and-resiliency-in-digital-payment-systems-20240816.html,5d4c175e373d,count canonical_url_key once; missing URLs remain source-specific uncertain rows
S569,www.elibrary.imf.org/view/journals/063/2025/009/article-a001-en.xml,3fa5cdef07f1,count canonical_url_key once; missing URLs remain source-specific uncertain rows
S570,www.cisa.gov/topics/emergency-communications,6ef0fc387170,count canonical_url_key once; missing URLs remain source-specific uncertain rows
S571,www.wfp.org/supply-chain,2e5ff683ab99,count canonical_url_key once; missing URLs remain source-specific uncertain rows
S572,logcluster.org/en/what-we-do/emergency-preparedness/national-regional,2817d6b8ceb7,count canonical_url_key once; missing URLs remain source-specific uncertain rows
S573,MISSING_URL::S573,bec17af429d4,count canonical_url_key once; missing URLs remain source-specific uncertain rows
S574,www.icrc.org/en/law-and-policy/climate-and-conflict,ca02395b06da,count canonical_url_key once; missing URLs remain source-specific uncertain rows
S575,climatepromise.undp.org/research-and-reports/climate-security-mechanism-progress-report-2024,2ef05cf28daf,count canonical_url_key once; missing URLs remain source-specific uncertain rows
S576,www.ferc.gov/news-events/news/blackstart-study-recommends-collaboration-planning-resilience,685c48063ab5,count canonical_url_key once; missing URLs remain source-specific uncertain rows
S577,www.epa.gov/waterutilityresponse/supply-chain-resilience-guide-water-and-wastewater-utilities,778c089881ae,count canonical_url_key once; missing URLs remain source-specific uncertain rows
S578,www.fema.gov/grants/mitigation/learn/dam-safety,f36bcbc8b6ca,count canonical_url_key once; missing URLs remain source-specific uncertain rows
S579,gca.org/reports/climate-resilient-infrastructure-officer-handbook,c86f59b417c9,count canonical_url_key once; missing URLs remain source-specific uncertain rows
S580,content.naic.org/article/insurance-commissioners-drive-consumer-protection-strategies-forward-learning-recent-natural,6bca1aa45c9a,count canonical_url_key once; missing URLs remain source-specific uncertain rows
S581,www.disasterassistance.gov,a3cec7615a00,count canonical_url_key once; missing URLs remain source-specific uncertain rows
S582,www.cbo.gov/publication/60674,23d0e7a258c3,count canonical_url_key once; missing URLs remain source-specific uncertain rows
S583,MISSING_URL::S583,b2a321c87258,count canonical_url_key once; missing URLs remain source-specific uncertain rows
S584,consumer.ftc.gov/articles/how-avoid-scams-after-weather-emergencies-and-natural-disasters,c52da3969cf5,count canonical_url_key once; missing URLs remain source-specific uncertain rows
S585,www.undrr.org/media/48692/download,22f925fcfbd0,count canonical_url_key once; missing URLs remain source-specific uncertain rows
S586,MISSING_URL::S586,a947b76ba312,count canonical_url_key once; missing URLs remain source-specific uncertain rows
S587,asprtracie.hhs.gov/technical-resources/63/crisis-standards-of-care/0,9d4e91d5e469,count canonical_url_key once; missing URLs remain source-specific uncertain rows
S588,www.who.int/docs/default-source/blue-print/ethics-and-covid-19-resource-allocation-and-priority-setting.pdf,1a62e938611c,count canonical_url_key once; missing URLs remain source-specific uncertain rows
S589,MISSING_URL::S589,8972d6cb0ccb,count canonical_url_key once; missing URLs remain source-specific uncertain rows
S590,www.epa.gov/waterutilityresponse/mutual-aid-and-assistance-drinking-water-and-wastewater-utilities,fd523d574f55,count canonical_url_key once; missing URLs remain source-specific uncertain rows
S591,www.publicpower.org/mutual-aid-and-emergency-response,5e9e51f8ff00,count canonical_url_key once; missing URLs remain source-specific uncertain rows
S592,www.energy.gov/sites/default/files/2024-10/exec-2022-001242%20-%20large%20power%20transformer%20resilience%20report%20signed%20by%20secretary%20granholm%20on%207-10-24.pdf,800926e93835,count canonical_url_key once; missing URLs remain source-specific uncertain rows
S593,ppp.worldbank.org/sites/default/files/2022-03/final-low_wb_g20_report_v4_1jun_2021.pdf,ab2119690eb5,count canonical_url_key once; missing URLs remain source-specific uncertain rows
S594,www.oecd.org/en/publications/2025/06/government-at-a-glance-2025_70e14c6c/full-report/management-of-asset-performance-throughout-the-life-cycle_77aa88af.html,71833db7ee3d,count canonical_url_key once; missing URLs remain source-specific uncertain rows
S595,www.who.int/publications/i/item/9789240045125,ebe1c05d1eec,count canonical_url_key once; missing URLs remain source-specific uncertain rows
S596,interagencystandingcommittee.org/iasc-task-force-mental-health-and-psychosocial-support-emergency-settings/iasc-guidelines-mental-health-and-psychosocial-support-emergency-settings-2007,f0d31a0a0f99,count canonical_url_key once; missing URLs remain source-specific uncertain rows
S597,library.samhsa.gov/product/national-behavioral-health-crisis-care-guidance/pep24-01-037,0ed1fbab7b8b,count canonical_url_key once; missing URLs remain source-specific uncertain rows
S598,www.eac.gov/election-officials/contingency-planning,d2d9ac873d19,count canonical_url_key once; missing URLs remain source-specific uncertain rows
S599,www.idea.int/news-media/multimedia-reports/impact-natural-hazards-elections,06f02ec01784,count canonical_url_key once; missing URLs remain source-specific uncertain rows
S600,www.cisa.gov/resources-tools/resources/guidance-essential-critical-infrastructure-workforce,b789e57ffd8f,count canonical_url_key once; missing URLs remain source-specific uncertain rows
S601,healthcareready.org/disaster-access,248e49bcc876,count canonical_url_key once; missing URLs remain source-specific uncertain rows
S602,MISSING_URL::S602,042a927cf97c,count canonical_url_key once; missing URLs remain source-specific uncertain rows
S603,www.fema.gov/sites/default/files/2020-07/fema_esf_6_mass-care.pdf,bc3f34580880,count canonical_url_key once; missing URLs remain source-specific uncertain rows
S604,nationalmasscarestrategy.org,80e588e6aa86,count canonical_url_key once; missing URLs remain source-specific uncertain rows
S605,spherestandards.org/handbook,5bf356e1ed0c,count canonical_url_key once; missing URLs remain source-specific uncertain rows
S606,interagencystandingcommittee.org/working-group/iasc-guidelines-integrating-gender-based-violence-interventions-humanitarian-action-2015,e341a5928424,count canonical_url_key once; missing URLs remain source-specific uncertain rows
S607,www.nist.gov/privacy-framework,f7b3c4f50617,count canonical_url_key once; missing URLs remain source-specific uncertain rows
S608,consumer.ftc.gov/articles/how-avoid-scams-after-weather-emergencies-and-natural-disasters,c52da3969cf5,count canonical_url_key once; missing URLs remain source-specific uncertain rows
S609,www.justice.gov/archives/opa/pr/justice-department-federal-trade-commission-and-consumer-financial-protection-bureau-warn,258af59e8fa5,count canonical_url_key once; missing URLs remain source-specific uncertain rows
S610,www.nfpa.org/education-and-research/wildfire/firewise-usa,6e6f14470769,count canonical_url_key once; missing URLs remain source-specific uncertain rows
S611,MISSING_URL::S611,014f212724ab,count canonical_url_key once; missing URLs remain source-specific uncertain rows
S612,www.aphis.usda.gov/animal-care/emergency-programs,df519dd68674,count canonical_url_key once; missing URLs remain source-specific uncertain rows
S613,www.ready.gov/pets,26aeb6c108ef,count canonical_url_key once; missing URLs remain source-specific uncertain rows
S614,MISSING_URL::S614,f7fa44669bcb,count canonical_url_key once; missing URLs remain source-specific uncertain rows
S615,asprtracie.hhs.gov/technical-resources/65/fatality-management/0,897d86a74631,count canonical_url_key once; missing URLs remain source-specific uncertain rows
S616,www.fema.gov/emergency-managers/practitioners/resilience-analysis-and-planning-tool,cae56c715890,count canonical_url_key once; missing URLs remain source-specific uncertain rows
S617,www.ruralhealthinfo.org/topics/emergency-preparedness-and-response,d69c8220aa6f,count canonical_url_key once; missing URLs remain source-specific uncertain rows
S618,www.iccrom.org/programmes/first-aid-and-resilience-times-crisis-far,81389b440bb5,count canonical_url_key once; missing URLs remain source-specific uncertain rows
S619,www.fema.gov/assistance/individual/after-applying/verifying-home-ownership-occupancy,14fa56a47e19,count canonical_url_key once; missing URLs remain source-specific uncertain rows
S620,www.hud.gov/hud-partners/community-cdbg-dr-faqs-collection,5cd25b4ba718,count canonical_url_key once; missing URLs remain source-specific uncertain rows
S621,unhabitat.org/land-and-natural-disasters-guidance-for-practitioners,de9f72b58c4f,count canonical_url_key once; missing URLs remain source-specific uncertain rows
S622,www.fema.gov/grants/mitigation/learn/hazard-mitigation-assistance-guidance,823a64452a2f,count canonical_url_key once; missing URLs remain source-specific uncertain rows
S623,www.fema.gov/grants/mitigation/learn/hazard-mitigation,7b8c2f98a13b,count canonical_url_key once; missing URLs remain source-specific uncertain rows
S624,www.fema.gov/grants/procurement/resource-library,ec9e53312bda,count canonical_url_key once; missing URLs remain source-specific uncertain rows
S625,MISSING_URL::S625,efca5f07d741,count canonical_url_key once; missing URLs remain source-specific uncertain rows
S626,www.gfoa.org/materials/disaster-recovery-cost-documentation,b8332ae7b06d,count canonical_url_key once; missing URLs remain source-specific uncertain rows
S627,www.fema.gov/emergency-managers/risk-management/building-science/building-codes-save-study,0a6354285906,count canonical_url_key once; missing URLs remain source-specific uncertain rows
S628,www.fema.gov/emergency-managers/risk-management/building-science/bcat,70ffe1064cbf,count canonical_url_key once; missing URLs remain source-specific uncertain rows
S629,www.fema.gov/assistance/public/policy-guidance-fact-sheets/section-1206-building-code-and-floodplain-management-administration-and,8a8ae7482bc3,count canonical_url_key once; missing URLs remain source-specific uncertain rows
S630,www.osha.gov/emergency-preparedness,7610e70af8b8,count canonical_url_key once; missing URLs remain source-specific uncertain rows
S631,www.cdc.gov/niosh/heat-stress/about/index.html,73208cf8db4e,count canonical_url_key once; missing URLs remain source-specific uncertain rows
S632,www.fema.gov/sites/default/files/2020-08/fema_p85.pdf,db87f39f17af,count canonical_url_key once; missing URLs remain source-specific uncertain rows
S633,files.hudexchange.info/resources/documents/disaster_recovery_disaster_impact_needs_assessment_kit.pdf,28a7c8c59bbe,count canonical_url_key once; missing URLs remain source-specific uncertain rows
S634,www.nvoad.org/wp-content/uploads/national-voad-ltr-guide-2023.pdf,d2a284455c0f,count canonical_url_key once; missing URLs remain source-specific uncertain rows
S635,www.fema.gov/national-disaster-recovery-framework,ea4cf8383fb3,count canonical_url_key once; missing URLs remain source-specific uncertain rows
S636,www.fema.gov/emergency-managers/practitioners/recovery-resources/community-toolkit,fa422f080871,count canonical_url_key once; missing URLs remain source-specific uncertain rows
S637,www.fema.gov/sites/default/files/documents/fema_national-resilience-guidance_august2024.pdf,f4fd3659823b,count canonical_url_key once; missing URLs remain source-specific uncertain rows
S638,mcr2030.undrr.org/disaster-resilience-scorecard-cities,41866f0a017e,count canonical_url_key once; missing URLs remain source-specific uncertain rows
S639,www.fema.gov/sites/default/files/documents/fema_continuity-guidance-circular_082024.pdf,58116f0e3a89,count canonical_url_key once; missing URLs remain source-specific uncertain rows
S640,home.treasury.gov/news/press-releases/jy2791,8727de9fa366,count canonical_url_key once; missing URLs remain source-specific uncertain rows
S641,content.naic.org/sites/default/files/natural-catastrophe-risk-dashboard-report-final.pdf,96053eee43e5,count canonical_url_key once; missing URLs remain source-specific uncertain rows
S642,www.oecd.org/en/publications/financial-protection-against-catastrophic-risks_32a3acd7-en/full-report/insurance-coverage-for-wildfire-risk_f5877210.html,b613b6e5b2e9,count canonical_url_key once; missing URLs remain source-specific uncertain rows
S643,www.eiopa.europa.eu/tools-and-data/dashboard-insurance-protection-gap-natural-catastrophes_en,f2e7f8b7e0ee,count canonical_url_key once; missing URLs remain source-specific uncertain rows
S644,disasterlaw.ifrc.org/sites/default/files/media/disaster_law/2025-11/pped%20fact%20sheet%20-%20external%20assistance_final.pdf,ccc4106efa38,count canonical_url_key once; missing URLs remain source-specific uncertain rows
S645,www.wcoomd.org/en/topics/facilitation/activities-and-programmes/natural-disaster.aspx,fc235c5237d3,count canonical_url_key once; missing URLs remain source-specific uncertain rows
S646,unece.org/sites/default/files/2023-10/rec44-ece-trade-461e.pdf,59b337a953db,count canonical_url_key once; missing URLs remain source-specific uncertain rows
S647,www.unwater.org/publications/progress-transboundary-water-cooperation-2024-update,7c81ace7790f,count canonical_url_key once; missing URLs remain source-specific uncertain rows
S648,unece.org/environment-policy/water/areas-work-convention/water-and-adaptation-climate-change,13588edb6e36,count canonical_url_key once; missing URLs remain source-specific uncertain rows
S649,www.osha.gov/heat-exposure/standards,4aee12d06a27,count canonical_url_key once; missing URLs remain source-specific uncertain rows
S650,www.cdc.gov/niosh/heat-stress/communication-resources/app.html,81cc5bc9989f,count canonical_url_key once; missing URLs remain source-specific uncertain rows
S651,www.imf.org/-/media/files/publications/fiscal-monitor/2026/april/english/text.pdf,633feb2ba9b0,count canonical_url_key once; missing URLs remain source-specific uncertain rows
S652,thedocs.worldbank.org/en/doc/1820b53ad5cba038ff885cc3758ba59f-0340012021/original/cat-ddo-ibrd-product-note.pdf,f3cc4c53978f,count canonical_url_key once; missing URLs remain source-specific uncertain rows
S653,sendaimonitor.undrr.org,dcf653840e00,count canonical_url_key once; missing URLs remain source-specific uncertain rows
S654,www.earthdata.nasa.gov/topics/human-dimensions/natural-hazards,3262fe2b373e,count canonical_url_key once; missing URLs remain source-specific uncertain rows
S655,www.fema.gov/disaster/recover/rumor-response,f8e9773a2534,count canonical_url_key once; missing URLs remain source-specific uncertain rows
S656,www.cisa.gov/topics/industrial-control-systems,cdb8e3016c31,count canonical_url_key once; missing URLs remain source-specific uncertain rows
S657,www.cisa.gov/resources-tools/resources/principles-operational-technology-cyber-security,f62d70bb45aa,count canonical_url_key once; missing URLs remain source-specific uncertain rows
S658,www.cisa.gov/resources-tools/resources/secure-demand-priority-considerations-operational-technology-owners-and-operators-when-selecting,8490b4dd8324,count canonical_url_key once; missing URLs remain source-specific uncertain rows
S659,www.epa.gov/rmp/risk-management-program-safer-communities-chemical-accident-prevention-final-rule,b3a3dd0d2db4,count canonical_url_key once; missing URLs remain source-specific uncertain rows
S660,joint-research-centre.ec.europa.eu/projects-and-activities/natural-and-man-made-hazards/technological-accidents-triggered-natural-hazards_en,95eeb6bec0c7,count canonical_url_key once; missing URLs remain source-specific uncertain rows
S661,www.gao.gov/products/gao-25-106253,fc1a2b516e00,count canonical_url_key once; missing URLs remain source-specific uncertain rows
S662,www.unep.org/resources/report/global-industry-standard-tailings-management,d9cc16064cfa,count canonical_url_key once; missing URLs remain source-specific uncertain rows
S663,www.cdc.gov/wastewater/about/index.html,7e467d05eba6,count canonical_url_key once; missing URLs remain source-specific uncertain rows
S664,wmo.int/resources/publication-series/state-of-climate-services/2023-state-of-climate-services-health,4848993f1c7b,count canonical_url_key once; missing URLs remain source-specific uncertain rows
S665,www.who.int/publications/m/item/global-strategic-preparedness--readiness-and-response-plan-for-dengue-and-other-aedes-borne-arboviruses,0c427279f7fd,count canonical_url_key once; missing URLs remain source-specific uncertain rows
S666,www.gfdrr.org/en/open-data-resilience-initiative-opendri,d54a8516ff12,count canonical_url_key once; missing URLs remain source-specific uncertain rows
S667,legalinstruments.oecd.org/en/instruments/oecd-legal-0438,8ccf85881198,count canonical_url_key once; missing URLs remain source-specific uncertain rows
S668,wmo.int/resources/publication-series/global-status-of-multi-hazard-early-warning-systems/global-status-of-multi-hazard-early-warning-systems-2025,f69a794bcaa9,count canonical_url_key once; missing URLs remain source-specific uncertain rows
S669,wmo.int/activities/early-warnings-all/wmo-and-early-warnings-all-initiative,2b1a1a3f3659,count canonical_url_key once; missing URLs remain source-specific uncertain rows
S670,wmo.int/site/early-warnings-all/dashboards/early-warnings-all-dashboard,0f5c6a984580,count canonical_url_key once; missing URLs remain source-specific uncertain rows
S671,www.ifrc.org/early-warning-early-action,bbb61bcedfa2,count canonical_url_key once; missing URLs remain source-specific uncertain rows
S672,www.ifrc.org/happening-now/emergencies/anticipatory-pillar-dref,93fdc04e464a,count canonical_url_key once; missing URLs remain source-specific uncertain rows
S673,www.unocha.org/anticipatory-action,5c03d176d8d0,count canonical_url_key once; missing URLs remain source-specific uncertain rows
S674,cerf.un.org/anticipatory-action,1adfadc2ea93,count canonical_url_key once; missing URLs remain source-specific uncertain rows
S675,preparecenter.org/toolkit/ewaa-resource-hub,0597a12fda18,count canonical_url_key once; missing URLs remain source-specific uncertain rows
S676,www.fema.gov/emergency-managers/national-preparedness/plan/evacuation-shelter-in-place,6530ed60bd2b,count canonical_url_key once; missing URLs remain source-specific uncertain rows
S677,content.govdelivery.com/accounts/usdhsfema/bulletins/3c7dda6,9d89204b7b1f,count canonical_url_key once; missing URLs remain source-specific uncertain rows
S678,www.wpc.ncep.noaa.gov/heatrisk,51567a3989b5,count canonical_url_key once; missing URLs remain source-specific uncertain rows
S679,www.wpc.ncep.noaa.gov/heatrisk/cdc.html,f6ae983190cb,count canonical_url_key once; missing URLs remain source-specific uncertain rows
S680,www.airnow.gov/aqi,0443cde8e8b3,count canonical_url_key once; missing URLs remain source-specific uncertain rows
S681,www.epa.gov/wildfire-smoke-course/wildfire-smoke-and-your-patients-health,8332e0d807b0,count canonical_url_key once; missing URLs remain source-specific uncertain rows
S682,wmo.int/activities/common-alerting-protocol-cap,097ddd3004b2,count canonical_url_key once; missing URLs remain source-specific uncertain rows
S683,www.undrr.org/early-warnings-for-all/common-alerting-protocol,f8fb311f6b73,count canonical_url_key once; missing URLs remain source-specific uncertain rows
S684,www.worldbank.org/en/programs/sahel-adaptive-social-protection-program-trust-fund/thematic-areas/climate-shock-responsive-delivery-systems,3f6c27d99250,count canonical_url_key once; missing URLs remain source-specific uncertain rows
S685,wmo.int/resources/publication-series/global-status-of-multi-hazard-early-warning-systems/early-warnings-all-focus-hazard-monitoring-and-forecasting,0c6a70dc4777,count canonical_url_key once; missing URLs remain source-specific uncertain rows
S686,www.weather.gov/about/idss,5f968ec1b0e4,count canonical_url_key once; missing URLs remain source-specific uncertain rows
S687,www.fema.gov/sites/default/files/2020-07/fema_nims_doctrine-2017.pdf,8c949b1ca6aa,count canonical_url_key once; missing URLs remain source-specific uncertain rows
S688,www.fema.gov/disaster/how-declared/preliminary-damage-assessments/guide,cc0133f01037,count canonical_url_key once; missing URLs remain source-specific uncertain rows
S689,www.cdc.gov/casper/php/overview/index.html,b026d5287bf7,count canonical_url_key once; missing URLs remain source-specific uncertain rows
S690,interagencystandingcommittee.org/iasc-needs-assessment-task-force/iasc-multi-clustersector-initial-rapid-assessment-mira-manual-2015,d0ad19cc2ce4,count canonical_url_key once; missing URLs remain source-specific uncertain rows
S691,www.fema.gov/sites/default/files/documents/fema_distribution-management-plan-guide-2.0.pdf,d4aa5f06e0d8,count canonical_url_key once; missing URLs remain source-specific uncertain rows
S692,femap2055.atcouncil.org,0293fd1fe4ea,count canonical_url_key once; missing URLs remain source-specific uncertain rows
S693,www.fema.gov/sites/default/files/2020-07/fema_nrf_support-annex_volunteer.pdf,d11f9564e2e5,count canonical_url_key once; missing URLs remain source-specific uncertain rows
S694,www.fema.gov/about/glossary/disaster-survivor-assistance,1792f02f82c8,count canonical_url_key once; missing URLs remain source-specific uncertain rows
S695,www.fema.gov/about/civil-rights/survivors,1d14c844de0b,count canonical_url_key once; missing URLs remain source-specific uncertain rows
S696,www.cdc.gov/phlp/docs/ph-emergencies.pdf,ca125c1d6841,count canonical_url_key once; missing URLs remain source-specific uncertain rows
S697,preptoolkit.fema.gov/web/nims-toolkit/resource-management,890147a0f4c4,count canonical_url_key once; missing URLs remain source-specific uncertain rows
S698,www.fema.gov/sites/default/files/documents/fema_iappg-1.1.pdf,0562ed1ffb79,count canonical_url_key once; missing URLs remain source-specific uncertain rows
S699,www.fema.gov/national-disaster-recovery-framework,ea4cf8383fb3,count canonical_url_key once; missing URLs remain source-specific uncertain rows
S700,www.fema.gov/sites/default/files/documents/fema_housing_planning_guide_final_20240418_2025.pdf,0f77c0c0d4ac,count canonical_url_key once; missing URLs remain source-specific uncertain rows
S701,www.hud.gov/hud-partners/community-cdbg-dr,f94c09e32cb4,count canonical_url_key once; missing URLs remain source-specific uncertain rows
S702,nche.ed.gov/wp-content/uploads/2018/10/csds_relief.pdf,e6831596e113,count canonical_url_key once; missing URLs remain source-specific uncertain rows
S703,empowerprogram.hhs.gov,bb87f9d5da8b,count canonical_url_key once; missing URLs remain source-specific uncertain rows
S704,aspr.hhs.gov/epap/pages/default.aspx,f7682d0c13ad,count canonical_url_key once; missing URLs remain source-specific uncertain rows
S705,files.asprtracie.hhs.gov/documents/aspr-tracie-cms-ep-rule-esrd-requirements.pdf,15df7ae2cfc4,count canonical_url_key once; missing URLs remain source-specific uncertain rows
S706,www.fns.usda.gov/disaster,497b5e96c1e6,count canonical_url_key once; missing URLs remain source-specific uncertain rows
S707,www.fns.usda.gov/snap/dsnap/state-agencies-partners-resources,9e74523a817d,count canonical_url_key once; missing URLs remain source-specific uncertain rows
S708,acf.gov/ocs/programs/liheap,8f53ee2327f7,count canonical_url_key once; missing URLs remain source-specific uncertain rows
S709,www.epa.gov/waterfinancecenter/compendium-drinking-water-and-wastewater-customer-assistance-programs,1bcadcaf0b18,count canonical_url_key once; missing URLs remain source-specific uncertain rows
S710,www.irs.gov/businesses/small-businesses-self-employed/disaster-assistance-and-emergency-relief-for-individuals-and-businesses,72f70e08fcd0,count canonical_url_key once; missing URLs remain source-specific uncertain rows
S711,www.disasterassistance.gov/get-assistance/forms-of-assistance/4464,ed6b5575a665,count canonical_url_key once; missing URLs remain source-specific uncertain rows
S712,www.fema.gov/assistance/individual/disaster-survivors/disaster-case-management-toolbox,0f0879d65d6e,count canonical_url_key once; missing URLs remain source-specific uncertain rows
S713,www.disasterassistance.gov,a3cec7615a00,count canonical_url_key once; missing URLs remain source-specific uncertain rows
S714,www.fema.gov/emergency-managers/practitioners/lifelines-toolkit,978f3fbf4ce6,count canonical_url_key once; missing URLs remain source-specific uncertain rows
S715,www.nist.gov/community-resilience/planning-guide,ea736f0d6301,count canonical_url_key once; missing URLs remain source-specific uncertain rows
S716,www.fema.gov/emergency-managers/practitioners/recovery-resources/community-toolkit,fa422f080871,count canonical_url_key once; missing URLs remain source-specific uncertain rows
S717,www.consumerfinance.gov/consumer-tools/disasters-and-emergencies/start-recovering-and-rebuilding-your-financial-life,309d57ce1712,count canonical_url_key once; missing URLs remain source-specific uncertain rows
S718,www.consumerfinance.gov/ask-cfpb/what-should-i-do-after-a-disaster-to-protect-my-finances-and-property-en-1513,98ccebe9d02a,count canonical_url_key once; missing URLs remain source-specific uncertain rows
S719,oui.doleta.gov/unemploy/disaster.asp,5811a2af1046,count canonical_url_key once; missing URLs remain source-specific uncertain rows
S720,www.hud.gov/stat/fheo/requirements-community-development-block-grant,6e50f0b3aea0,count canonical_url_key once; missing URLs remain source-specific uncertain rows
S721,www.fema.gov/assistance/individual/housing,b16d22c70d1c,count canonical_url_key once; missing URLs remain source-specific uncertain rows
S722,www.transit.dot.gov/funding/grant-programs/emergency-relief-program,9a860fe8c3a7,count canonical_url_key once; missing URLs remain source-specific uncertain rows
S723,www.fema.gov/disaster/recover/replacing-vital-documents,dbbf3ab351bc,count canonical_url_key once; missing URLs remain source-specific uncertain rows
S724,pages.nist.gov/800-63-4,1dd640963588,count canonical_url_key once; missing URLs remain source-specific uncertain rows
S725,www.fcc.gov/wireless-network-resiliency-during-disasters,2f9e0dae2e30,count canonical_url_key once; missing URLs remain source-specific uncertain rows
S726,www.fema.gov/grants/tools/benefit-cost-analysis,70f5d226cd87,count canonical_url_key once; missing URLs remain source-specific uncertain rows
S727,www.fema.gov/sites/default/files/documents/fema_hmd_2025-local-mitigation-planning-handbook_06122025.pdf,0055ea942e1c,count canonical_url_key once; missing URLs remain source-specific uncertain rows
S728,www.fema.gov/floodplain-management,57965daa38ec,count canonical_url_key once; missing URLs remain source-specific uncertain rows
S729,www.fema.gov/openfema-data-page/nfip-multiple-loss-properties-v1,e74c969c3461,count canonical_url_key once; missing URLs remain source-specific uncertain rows
S730,www.fema.gov/floodplain-management/community-rating-system,cac07f0c585a,count canonical_url_key once; missing URLs remain source-specific uncertain rows
S731,www.fema.gov/sites/default/files/documents/fema_state-flood-risk-disclosure-best-practices_07142022.pdf,131b7491fe96,count canonical_url_key once; missing URLs remain source-specific uncertain rows
S732,MISSING_URL::S732,7fb9a7436c13,count canonical_url_key once; missing URLs remain source-specific uncertain rows
S733,water.noaa.gov/about/atlas15,7f9c03b7d737,count canonical_url_key once; missing URLs remain source-specific uncertain rows
S734,www.nist.gov/programs-projects/resilient-infrastructure-and-future-hazard-impacts-windstorms,d0f3cf4d62df,count canonical_url_key once; missing URLs remain source-specific uncertain rows
S735,www.asce.org/-/media/asce-images-and-files/advocacy/documents/pathways-to-resilient-communities-asce-toolkit.pdf,e2119488f647,count canonical_url_key once; missing URLs remain source-specific uncertain rows
S736,gca.org/wp-content/uploads/2025/06/climate-resilient-infrastructure-handbook_20250613.pdf,ded01ffc625b,count canonical_url_key once; missing URLs remain source-specific uncertain rows
S737,www.oecd.org/en/publications/climate-adaptation-investment-framework_8686fc27-en.html,7436e5e3c3be,count canonical_url_key once; missing URLs remain source-specific uncertain rows
S738,www.fema.gov/sites/default/files/2020-07/fema_bric_nature-based-solutions-guide_2020.pdf,e4348c57203d,count canonical_url_key once; missing URLs remain source-specific uncertain rows
S739,documents.worldbank.org/en/publication/documents-reports/documentdetail/099150503202338102,5582c74d7f76,count canonical_url_key once; missing URLs remain source-specific uncertain rows
S740,MISSING_URL::S740,17ee76f24262,count canonical_url_key once; missing URLs remain source-specific uncertain rows
S741,www.deltares.nl/en/expertise/areas-of-expertise/sea-level-rise/dynamic-adaptive-policy-pathways,efc38960107d,count canonical_url_key once; missing URLs remain source-specific uncertain rows
S742,resilientca.org/apg/adaptation-pathways,5fea27a38b3a,count canonical_url_key once; missing URLs remain source-specific uncertain rows
S743,www.iso.org/standard/68507.html,e095d5de3204,count canonical_url_key once; missing URLs remain source-specific uncertain rows
S744,www.iso.org/standard/68508.html,c70153bae0ee,count canonical_url_key once; missing URLs remain source-specific uncertain rows
S745,www.undrr.org/publication/principles-resilient-infrastructure,d769c2c6d8c1,count canonical_url_key once; missing URLs remain source-specific uncertain rows
S746,financing.desa.un.org/document/un-handbook-infrastructure-asset-management,e2e16c2900c0,count canonical_url_key once; missing URLs remain source-specific uncertain rows
S747,pievc.ca/protocol,2567b8b66bd7,count canonical_url_key once; missing URLs remain source-specific uncertain rows
S748,www.fsb-tcfd.org/publications,a3c0af7ed415,count canonical_url_key once; missing URLs remain source-specific uncertain rows
S749,www.ifrs.org/issued-standards/ifrs-sustainability-standards-navigator/ifrs-s2-climate-related-disclosures,82213e0e458c,count canonical_url_key once; missing URLs remain source-specific uncertain rows
S750,www.asce.org/advocacy/policy-statements/ps360---climate-change,cb0251c3f2dd,count canonical_url_key once; missing URLs remain source-specific uncertain rows
S751,www.acec.org/wp-content/uploads/2025/09/acec-commentary-on-climate-change-8-15-25.pdf,f9c468ba5753,count canonical_url_key once; missing URLs remain source-specific uncertain rows
S752,toolkit.climate.gov/adaptation,3dcc96fd390c,count canonical_url_key once; missing URLs remain source-specific uncertain rows
S753,www.gfdrr.org/en/resilient-infrastructure,33c457bfda32,count canonical_url_key once; missing URLs remain source-specific uncertain rows
S754,damsafety.org/content/climate-resilient-infrastructure-adaptive-design-and-risk-management,8a2c22d9162d,count canonical_url_key once; missing URLs remain source-specific uncertain rows
S755,www.iso.org/standard/55088.html,d46b430ba11b,count canonical_url_key once; missing URLs remain source-specific uncertain rows
S756,www.w3.org/tr/vocab-data-cube,086c2d8f630f,count canonical_url_key once; missing URLs remain source-specific uncertain rows
S757,www.w3.org/tr/vocab-dcat-3,b27ad18a1650,count canonical_url_key once; missing URLs remain source-specific uncertain rows
S758,www.w3.org/tr/prov-o,9daf1f715acf,count canonical_url_key once; missing URLs remain source-specific uncertain rows
S759,www.nature.com/articles/sdata201618,11b7ef0b2404,count canonical_url_key once; missing URLs remain source-specific uncertain rows
S760,resources.data.gov/resources/dcat-us3,afb3c67b67e0,count canonical_url_key once; missing URLs remain source-specific uncertain rows
S761,www.gao.gov/greenbook,4d8d314b17a1,count canonical_url_key once; missing URLs remain source-specific uncertain rows
S762,www.whitehouse.gov/wp-content/uploads/2026/03/omb-circular-no.-a-123-2026.pdf,d8d6643d7ca6,count canonical_url_key once; missing URLs remain source-specific uncertain rows
S763,preptoolkit.fema.gov/web/cip-citap/ncig,a4cf01978dce,count canonical_url_key once; missing URLs remain source-specific uncertain rows
S764,preptoolkit.fema.gov/web/hseep-resources/improvement-planning,013e1e2db8fd,count canonical_url_key once; missing URLs remain source-specific uncertain rows
S765,legalinstruments.oecd.org/en/instruments/oecd-legal-0435,5ff61ecba41a,count canonical_url_key once; missing URLs remain source-specific uncertain rows
S766,www.oecd.org/en/publications/anti-corruption-and-integrity-outlook-2026_16708b78-en/full-report/component-14.html,b23c9bb041f1,count canonical_url_key once; missing URLs remain source-specific uncertain rows
S767,www.open-contracting.org/data-standard,e52d1782efd4,count canonical_url_key once; missing URLs remain source-specific uncertain rows
S768,www.transit.dot.gov/regulations-and-guidance/civil-rights-ada/title-vi-emergency-preparedness-guidance,bf6c27a72807,count canonical_url_key once; missing URLs remain source-specific uncertain rows
S769,www.ojp.gov/program/civil-rights-office/limited-english-proficient-lep,2dda8a752e19,count canonical_url_key once; missing URLs remain source-specific uncertain rows
S770,www.iso.org/standard/75106.html,ee121456ba00,count canonical_url_key once; missing URLs remain source-specific uncertain rows
S771,www.iea.org/reports/the-path-to-a-new-era-for-nuclear-energy,d185d56c01fe,count canonical_url_key once; missing URLs remain source-specific uncertain rows
S772,iea.blob.core.windows.net/assets/b6a6fc8c-c62e-411d-a15c-bf211ccc06f3/thepathtoanewerafornuclearenergy.pdf,bcf732ee1184,count canonical_url_key once; missing URLs remain source-specific uncertain rows
S773,www.iaea.org/topics/nuclear-power-and-climate-change,66de17c512b7,count canonical_url_key once; missing URLs remain source-specific uncertain rows
S774,www.ipcc.ch/report/ar6/wg3/chapter/chapter-6,882222d452ab,count canonical_url_key once; missing URLs remain source-specific uncertain rows
S775,www.oecd-nea.org/jcms/pl_15000/the-costs-of-decarbonisation-system-costs-with-high-shares-of-nuclear-and-renewables,939b8ba9c167,count canonical_url_key once; missing URLs remain source-specific uncertain rows
S776,liftoff.energy.gov/advanced-nuclear,b45ec25f4f4f,count canonical_url_key once; missing URLs remain source-specific uncertain rows
S777,pris.iaea.org/pris,d60d30a9da54,count canonical_url_key once; missing URLs remain source-specific uncertain rows
S778,www.worldbank.org/en/news/press-release/2025/06/26/world-bank-group-iaea-partner-to-support-safe-secure-and-responsible-nuclear-energy-development,7b3433a64400,count canonical_url_key once; missing URLs remain source-specific uncertain rows
S779,unece.org/sed/documents/2021/10/reports/life-cycle-assessment-electricity-generation-options,fecf8f16cdf8,count canonical_url_key once; missing URLs remain source-specific uncertain rows
S780,www.oecd-nea.org/jcms/pl_73678/nea-small-modular-reactor-smr-dashboard,3316953cdbc5,count canonical_url_key once; missing URLs remain source-specific uncertain rows
S781,www.iaea.org/publications/11079/safety-of-nuclear-power-plants-design,22122140fea0,count canonical_url_key once; missing URLs remain source-specific uncertain rows
S782,www.iaea.org/publications/15217/site-evaluation-for-nuclear-installations,f566cd689e1a,count canonical_url_key once; missing URLs remain source-specific uncertain rows
S783,www.nrc.gov/reactors/new-reactors/advanced.html,bb283b62a63f,count canonical_url_key once; missing URLs remain source-specific uncertain rows
S784,www.oecd-nea.org/upload/docs/application/pdf/2025-09/web_-_smr_dashboard_-_third_edition.pdf,e76285ee0bff,count canonical_url_key once; missing URLs remain source-specific uncertain rows
S785,www.energy.gov/ne/haleu-availability-program,dd48fa5e2366,count canonical_url_key once; missing URLs remain source-specific uncertain rows
S786,world-nuclear.org/information-library/nuclear-fuel-cycle/conversion-enrichment-and-fabrication/high-assay-low-enriched-uranium-haleu,d6d4b87f3404,count canonical_url_key once; missing URLs remain source-specific uncertain rows
S787,www-pub.iaea.org/mtcd/publications/pdf/te-2119web.pdf,346b2a14fb92,count canonical_url_key once; missing URLs remain source-specific uncertain rows
S788,www-pub.iaea.org/mtcd/publications/pdf/pat-003_web.pdf,8ea51b9afa7a,count canonical_url_key once; missing URLs remain source-specific uncertain rows
S789,www.nerc.com/globalassets/our-work/assessments/nerc_ltra_2025.pdf,9c9d7521cf85,count canonical_url_key once; missing URLs remain source-specific uncertain rows
S790,www.iea.org/energy-system/electricity/nuclear-power,c4955369dbcd,count canonical_url_key once; missing URLs remain source-specific uncertain rows
S791,www.iaea.org/newscenter/news/nuclear-energy-in-the-clean-energy-transition,8bd70411c068,count canonical_url_key once; missing URLs remain source-specific uncertain rows
S792,oecd-nea.org/jcms/pl_107879/nea-small-modular-reactor-digital-dashboard,fd4c13fc6ca4,count canonical_url_key once; missing URLs remain source-specific uncertain rows
S793,www.nrc.gov/reactors/new-reactors/advanced/modernizing/rulemaking/part-53,08b840bd0358,count canonical_url_key once; missing URLs remain source-specific uncertain rows
S794,www.nrc.gov/about-nrc/regulatory/licensing/pub-involve,f665d61fe3b7,count canonical_url_key once; missing URLs remain source-specific uncertain rows
S795,www.nrc.gov/reactors/new-reactors/advanced/modernizing/rulemaking/emergency-preparedness,3b3da690b04c,count canonical_url_key once; missing URLs remain source-specific uncertain rows
S796,www.energy.gov/ne/us-department-energy-consent-based-siting-process-federal-consolidated-interim-storage-spent,3c6ea153a6fc,count canonical_url_key once; missing URLs remain source-specific uncertain rows
S797,www.iaea.org/topics/nuclear-safety-conventions/joint-convention-safety-spent-fuel-management-and-safety-radioactive-waste,d85d2d2232dc,count canonical_url_key once; missing URLs remain source-specific uncertain rows
S798,www.iaea.org/publications/8629/nuclear-security-recommendations-on-physical-protection-of-nuclear-material-and-nuclear-facilities-infcirc225revision-5,de7b61b5f154,count canonical_url_key once; missing URLs remain source-specific uncertain rows
S799,www.iaea.org/resources/nuclear-security-series,904dc997ac14,count canonical_url_key once; missing URLs remain source-specific uncertain rows
S800,www.energy.gov/ne/articles/department-energy-seeks-partner-private-sector-used-nuclear-fuel-recycling,6313e0618d55,count canonical_url_key once; missing URLs remain source-specific uncertain rows
S801,www.oecd-nea.org/jcms/pl_96124/effective-frameworks-and-strategies-for-financing-nuclear-new-build?details=true,13d9d0f2b873,count canonical_url_key once; missing URLs remain source-specific uncertain rows
S802,www.oecd-nea.org/upload/docs/application/pdf/2024-11/7688_financing_market_design_and_project_management.pdf,d828c043e558,count canonical_url_key once; missing URLs remain source-specific uncertain rows
S803,www.energy.gov/lpo/articles/technical-eligibility-guide-title-17-innovative-clean-energy-nuclear,e5a492e5587f,count canonical_url_key once; missing URLs remain source-specific uncertain rows
S804,www.energy.gov/oe/clean-energy-resources-meet-data-center-electricity-demand,c09e3c292e1c,count canonical_url_key once; missing URLs remain source-specific uncertain rows
S805,www.eia.gov/pressroom/releases/press582.php,d6480aeb7a8a,count canonical_url_key once; missing URLs remain source-specific uncertain rows
S806,www.nerc.com/globalassets/our-work/guidelines/reliability/rg_risk-mitigation-for-emerging-large-loads.pdf,3968410e4dc5,count canonical_url_key once; missing URLs remain source-specific uncertain rows
S807,powering-intelligence.epri.com,a7d47ad22c46,count canonical_url_key once; missing URLs remain source-specific uncertain rows
S808,www.constellationenergy.com/news/2024/constellation-to-launch-crane-clean-energy-center-restoring-jobs-and-carbon-free-power-to-the-grid.html,9cba18e8d99e,count canonical_url_key once; missing URLs remain source-specific uncertain rows
S809,blog.google/company-news/outreach-and-initiatives/sustainability/google-kairos-power-nuclear-energy-agreement,69356aa14046,count canonical_url_key once; missing URLs remain source-specific uncertain rows
S810,www.energy.gov/articles/energy-department-awards-94-million-american-companies-help-expedite-deployments-small,f1172b9d376c,count canonical_url_key once; missing URLs remain source-specific uncertain rows
S811,www.energy.gov/articles/fact-sheet-energy-department-delivering-accelerating-deployment-nuclear-power,8d632eda7eec,count canonical_url_key once; missing URLs remain source-specific uncertain rows
S812,world-nuclear.org/our-association/publications/global-trends-reports/world-nuclear-performance-report,d9206e47c7fc,count canonical_url_key once; missing URLs remain source-specific uncertain rows
S813,www.iaea.org/resources/databases/power-reactor-information-system-pris,b5514d6c4042,count canonical_url_key once; missing URLs remain source-specific uncertain rows
S814,www.nrc.gov/reactors/operating/oversight,b6ffcef7add6,count canonical_url_key once; missing URLs remain source-specific uncertain rows
S815,www.nrc.gov/reactors/operating/oversight/pi-summary,474136bb83ec,count canonical_url_key once; missing URLs remain source-specific uncertain rows
S816,www.eia.gov/nuclear/data.php,9180a3e8a782,count canonical_url_key once; missing URLs remain source-specific uncertain rows
S817,www.iaea.org/topics/operation-and-maintenance,2c3437fa8a41,count canonical_url_key once; missing URLs remain source-specific uncertain rows
S818,www-pub.iaea.org/mtcd/publications/pdf/pub1805_web.pdf,2d7c88c567b3,count canonical_url_key once; missing URLs remain source-specific uncertain rows
S819,www-pub.iaea.org/mtcd/publications/pdf/te_1315_web.pdf,4db3daa349a2,count canonical_url_key once; missing URLs remain source-specific uncertain rows
S820,www.gao.gov/products/gao-25-107807,3fa0d85ad7df,count canonical_url_key once; missing URLs remain source-specific uncertain rows
S821,pris.iaea.org/pris/worldstatistics/worldtrendinunitcapabilityfactor.aspx,741b331bdaa5,count canonical_url_key once; missing URLs remain source-specific uncertain rows
S822,www.iaea.org/topics/non-electric-applications,8d787f24049d,count canonical_url_key once; missing URLs remain source-specific uncertain rows
S823,www.iaea.org/topics/non-electric-applications/industrial-applications-and-nuclear-cogeneration,bfdb0d660f5f,count canonical_url_key once; missing URLs remain source-specific uncertain rows
S824,www.iaea.org/topics/non-electric-applications/nuclear-desalination,c5d685ff8533,count canonical_url_key once; missing URLs remain source-specific uncertain rows
S825,www.iaea.org/publications/13385/guidance-on-nuclear-energy-cogeneration,9eb8b3dbbc3b,count canonical_url_key once; missing URLs remain source-specific uncertain rows
S826,www-pub.iaea.org/mtcd/publications/pdf/te-2056web.pdf,26e9662b1ce9,count canonical_url_key once; missing URLs remain source-specific uncertain rows
S827,www.energy.gov/edf/clean-hydrogen-projects,07161f38ce25,count canonical_url_key once; missing URLs remain source-specific uncertain rows
S828,www.energy.gov/ne/articles/advantages-and-challenges-nuclear-powered-data-centers,7570e42a55e9,count canonical_url_key once; missing URLs remain source-specific uncertain rows
S829,www.energy.gov/policy/ai-infrastructure-doe-lands-request-information,48495474cfd7,count canonical_url_key once; missing URLs remain source-specific uncertain rows
S830,sai.inl.gov/report/preliminary-analysis-of-nuclear-powered-data-center-scenarios,05e1c33000d2,count canonical_url_key once; missing URLs remain source-specific uncertain rows
S831,powering-intelligence.epri.com/load-growth.html,c85d41723b11,count canonical_url_key once; missing URLs remain source-specific uncertain rows
S832,www.iaea.org/sites/default/files/gc/gc69-inf9.pdf,85e728e44a94,count canonical_url_key once; missing URLs remain source-specific uncertain rows
S833,www.energy.gov/ne/haleu-availability-program,dd48fa5e2366,count canonical_url_key once; missing URLs remain source-specific uncertain rows
S834,www.energy.gov/ne/us-department-energy-haleu-allocation-process,4cf6c73ca649,count canonical_url_key once; missing URLs remain source-specific uncertain rows
S835,www.oecd-nea.org/jcms/pl_103179/uranium-2024-resources-production-and-demand,f09f539c46ee,count canonical_url_key once; missing URLs remain source-specific uncertain rows
S836,www.iaea.org/topics/spent-fuel-management,529b3c14f179,count canonical_url_key once; missing URLs remain source-specific uncertain rows
S837,www.iaea.org/publications/12302/storing-spent-fuel-until-transport-to-reprocessing-or-disposal,01224318b80f,count canonical_url_key once; missing URLs remain source-specific uncertain rows
S838,www.iaea.org/topics/transporting-radioactive-materials,a545f4c12284,count canonical_url_key once; missing URLs remain source-specific uncertain rows
S839,www.iaea.org/topics/transport,e48639315975,count canonical_url_key once; missing URLs remain source-specific uncertain rows
S840,www-pub.iaea.org/mtcd/publications/pdf/pub2127web.pdf,bc9531e47a16,count canonical_url_key once; missing URLs remain source-specific uncertain rows
S841,www.energy.gov/ne/articles/energy-department-establish-new-consortium-nuclear-fuel-supply-chain,ac00bf2b42a3,count canonical_url_key once; missing URLs remain source-specific uncertain rows
S842,www.iea.org/energy-system/electricity/nuclear-power,c4955369dbcd,count canonical_url_key once; missing URLs remain source-specific uncertain rows
S843,unece.org/sed/documents/2021/10/reports/life-cycle-assessment-electricity-generation-options,fecf8f16cdf8,count canonical_url_key once; missing URLs remain source-specific uncertain rows
S844,www.ipcc.ch/report/ar6/wg3/chapter/chapter-6,882222d452ab,count canonical_url_key once; missing URLs remain source-specific uncertain rows
S845,docs.nrel.gov/docs/fy21osti/80580.pdf,5a9361162f01,count canonical_url_key once; missing URLs remain source-specific uncertain rows
S846,www.eia.gov/energyexplained/nuclear/us-nuclear-industry.php,a65211f18b95,count canonical_url_key once; missing URLs remain source-specific uncertain rows
S847,www.nerc.com/globalassets/our-work/assessments/nerc_ltra_2025.pdf,9c9d7521cf85,count canonical_url_key once; missing URLs remain source-specific uncertain rows
S848,www.iaea.org/topics/nuclear-power-and-climate-change,66de17c512b7,count canonical_url_key once; missing URLs remain source-specific uncertain rows
S849,www.iaea.org/newscenter/news/five-reasons-the-clean-energy-transition-needs-nuclear-power,44770650e042,count canonical_url_key once; missing URLs remain source-specific uncertain rows
S850,ourworldindata.org/safest-sources-of-energy,54acaf976785,count canonical_url_key once; missing URLs remain source-specific uncertain rows
S851,www.energy.gov/ne/articles/what-generation-capacity,4b18e926ec25,count canonical_url_key once; missing URLs remain source-specific uncertain rows
S852,www.iea.org/reports/the-path-to-a-new-era-for-nuclear-energy/executive-summary,3c237546240e,count canonical_url_key once; missing URLs remain source-specific uncertain rows
S853,www.energy.gov/ne/haleu-availability-program,dd48fa5e2366,count canonical_url_key once; missing URLs remain source-specific uncertain rows
S854,www.energy.gov/articles/us-department-energy-awards-27-billion-restore-american-uranium-enrichment,6e12be26e5e0,count canonical_url_key once; missing URLs remain source-specific uncertain rows
S855,www.oecd-nea.org/jcms/pl_22152/security-of-fuel-supply,09133dea5237,count canonical_url_key once; missing URLs remain source-specific uncertain rows
S856,www.oecd-nea.org/jcms/pl_28569/uranium-resources-production-and-demand-red-book,70179d49b959,count canonical_url_key once; missing URLs remain source-specific uncertain rows
S857,www.iaea.org/topics/management-systems/management-of-the-nuclear-supply-chain,882121f735e2,count canonical_url_key once; missing URLs remain source-specific uncertain rows
S858,www.state.gov/bureau-of-international-security-and-nonproliferation/releases/2025/01/123-agreements,1345b077efa7,count canonical_url_key once; missing URLs remain source-specific uncertain rows
S859,www.energy.gov/nnsa/123-agreements-peaceful-cooperation,20c10679938a,count canonical_url_key once; missing URLs remain source-specific uncertain rows
S860,www.exim.gov/policies/small-modular-reactor-financing,2cbe01b61fe4,count canonical_url_key once; missing URLs remain source-specific uncertain rows
S861,www.iaea.org/topics/basics-of-iaea-safeguards,73eca3dab052,count canonical_url_key once; missing URLs remain source-specific uncertain rows
S862,www.iaea.org/sites/default/files/25/03/sg-in-2025.pdf,d6e7451f00b1,count canonical_url_key once; missing URLs remain source-specific uncertain rows
S863,www.reuters.com/business/energy/russia-signs-agreement-build-nuclear-power-plant-kazakhstan-2026-05-28,6a1e66deb958,count canonical_url_key once; missing URLs remain source-specific uncertain rows
S864,www.iaea.org/publications/8488/workforce-planning-for-new-nuclear-power-programmes,5583523d3c19,count canonical_url_key once; missing URLs remain source-specific uncertain rows
S865,www.iaea.org/publications/13551/human-resource-development-for-nuclear-power-programmes,d04fb2f98c35,count canonical_url_key once; missing URLs remain source-specific uncertain rows
S866,www.iaea.org/bulletin/nuclear-human-resource-development-for-a-net-zero-future,e9059e61d1ec,count canonical_url_key once; missing URLs remain source-specific uncertain rows
S867,www.iaea.org/topics/infrastructure-development/e-learning-for-nuclear-newcomers,132f9316dc9d,count canonical_url_key once; missing URLs remain source-specific uncertain rows
S868,www.nrc.gov/reactors/operator-licensing,2c934358850b,count canonical_url_key once; missing URLs remain source-specific uncertain rows
S869,www.nrc.gov/reactors/operator-licensing/licensing-process,b096d12430fa,count canonical_url_key once; missing URLs remain source-specific uncertain rows
S870,www.nrc.gov/reading-rm/doc-collections/fact-sheets/operator-licensing,8f84340c7987,count canonical_url_key once; missing URLs remain source-specific uncertain rows
S871,www.iaea.org/publications/3753/safety-culture,0cc5f46237d4,count canonical_url_key once; missing URLs remain source-specific uncertain rows
S872,www.iaea.org/publications/6457/key-practical-issues-in-strengthening-safety-culture,952413725800,count canonical_url_key once; missing URLs remain source-specific uncertain rows
S873,www.iaea.org/topics/nuclear-knowledge-management,89dbb2648153,count canonical_url_key once; missing URLs remain source-specific uncertain rows
S874,www.iaea.org/about/organizational-structure/department-of-nuclear-energy/division-of-planning-information-and-knowledge-management/nuclear-knowledge-management-section,bb7d71ef553f,count canonical_url_key once; missing URLs remain source-specific uncertain rows
S875,www.energy.gov/ne/articles/3-workforce-trends-nuclear-energy-2025,7a838a4867e5,count canonical_url_key once; missing URLs remain source-specific uncertain rows
S876,www.energy.gov/gc/price-anderson-act,7fe25e4df657,count canonical_url_key once; missing URLs remain source-specific uncertain rows
S877,www.ecfr.gov/current/title-10/chapter-i/part-140,ad42c1f9f03c,count canonical_url_key once; missing URLs remain source-specific uncertain rows
S878,www.nrc.gov/docs/ml2331/ml23319a341.pdf,73914cabef4a,count canonical_url_key once; missing URLs remain source-specific uncertain rows
S879,www.nrc.gov/waste/decommissioning/finan-assur,2181285f21dd,count canonical_url_key once; missing URLs remain source-specific uncertain rows
S880,www.nrc.gov/waste/decommissioning/finan-assur/bi-decom-reports,79549807172a,count canonical_url_key once; missing URLs remain source-specific uncertain rows
S881,www.ecfr.gov/current/title-10/chapter-i/part-50/subject-group-ecfrbe827381d095/section-50.75,496221bd4113,count canonical_url_key once; missing URLs remain source-specific uncertain rows
S882,www.iaea.org/topics/nuclear-liability-conventions,f1b570fc4ccb,count canonical_url_key once; missing URLs remain source-specific uncertain rows
S883,www.iaea.org/topics/nuclear-liability-conventions/convention-supplementary-compensation-nuclear-damage,8c2cfee77007,count canonical_url_key once; missing URLs remain source-specific uncertain rows
S884,www.iaea.org/topics/nuclear-liability-conventions/vienna-convention-on-civil-liability-for-nuclear-damage,4be5625e6014,count canonical_url_key once; missing URLs remain source-specific uncertain rows
S885,www.oecd-nea.org/jcms/pl_20196/paris-convention-on-third-party-liability-in-the-field-of-nuclear-energy-paris-convention-or-pc,b4007fb4b942,count canonical_url_key once; missing URLs remain source-specific uncertain rows
S886,www.oecd-nea.org/jcms/pl_29282/brussels-convention-supplementary-to-the-paris-convention-on-third-party-liability-in-the-field-of-nuclear-energy-brussels-supplementary-convention-or-bsc,6d330fc8be81,count canonical_url_key once; missing URLs remain source-specific uncertain rows
S887,www.iaea.org/topics/funding-and-finance,1d263b7ad22f,count canonical_url_key once; missing URLs remain source-specific uncertain rows
S888,www.iaea.org/services/review-missions/integrated-review-service-for-radioactive-waste-and-spent-fuel-management-decommissioning-and-remediation-artemis,c676c8184a9a,count canonical_url_key once; missing URLs remain source-specific uncertain rows
S889,www.oecd-nea.org/jcms/pl_103179/uranium-2024-resources-production-and-demand?details=true,17b820be853d,count canonical_url_key once; missing URLs remain source-specific uncertain rows
S890,www-pub.iaea.org/mtcd/publications/pdf/pub1406_web.pdf,f112f5d85c36,count canonical_url_key once; missing URLs remain source-specific uncertain rows
S891,www.iaea.org/publications/5696/decommissioning-of-facilities-for-mining-and-milling-of-radioactive-ores-and-closeout-of-residues,6b3bbff9935a,count canonical_url_key once; missing URLs remain source-specific uncertain rows
S892,www.iaea.org/publications/7054/the-long-term-stabilization-of-uranium-mill-tailings,b5da828f34d4,count canonical_url_key once; missing URLs remain source-specific uncertain rows
S893,www.epa.gov/radiation/health-and-environmental-protection-standards-uranium-and-thorium-mill-tailings-40-cfr,e4c5b2d8bf46,count canonical_url_key once; missing URLs remain source-specific uncertain rows
S894,www.epa.gov/radiation/subpart-w-national-emission-standards-radon-emissions-operating-mill-tailings,cecd45215076,count canonical_url_key once; missing URLs remain source-specific uncertain rows
S895,www.nrc.gov/info-finder/decommissioning/uranium/index,3757a1adc6d8,count canonical_url_key once; missing URLs remain source-specific uncertain rows
S896,www.energy.gov/lm/articles/umtrca-title-i-and-ii-disposal-and-processing-sites-fact-sheet,7290ca5b9b89,count canonical_url_key once; missing URLs remain source-specific uncertain rows
S897,www.epa.gov/navajo-nation-uranium-cleanup/aum-cleanup,a6e73c46b57d,count canonical_url_key once; missing URLs remain source-specific uncertain rows
S898,www.un.org/development/desa/indigenouspeoples/wp-content/uploads/sites/19/2018/11/undrip_e_web.pdf,bd54c41ff6a6,count canonical_url_key once; missing URLs remain source-specific uncertain rows
S899,www-pub.iaea.org/mtcd/publications/pdf/te_979_prn.pdf,fdc59e6e9c66,count canonical_url_key once; missing URLs remain source-specific uncertain rows
S900,www.ncbi.nlm.nih.gov/books/nbk201032,d9edc745c95c,count canonical_url_key once; missing URLs remain source-specific uncertain rows
S901,www.iaea.org/newscenter/news/impact-of-climate-related-hazards-on-the-safety-of-nuclear-installations-experts-discuss,0bcb2ecf67b9,count canonical_url_key once; missing URLs remain source-specific uncertain rows
S902,www.iaea.org/topics/siting,210c9fac2767,count canonical_url_key once; missing URLs remain source-specific uncertain rows
S903,www.iaea.org/publications/15005/protection-against-internal-and-external-hazards-in-the-operation-of-nuclear-power-plants,a46f9a39e186,count canonical_url_key once; missing URLs remain source-specific uncertain rows
S904,www.iaea.org/services/review-missions/site-and-external-events-design-review-service-seed,c3e781a4a11c,count canonical_url_key once; missing URLs remain source-specific uncertain rows
S905,www.ecfr.gov/current/title-10/chapter-i/part-50/section-50.63,88b635c34347,count canonical_url_key once; missing URLs remain source-specific uncertain rows
S906,www.ecfr.gov/current/title-10/chapter-i/part-50/section-50.47,c48cfc4e6167,count canonical_url_key once; missing URLs remain source-specific uncertain rows
S907,www.nationalacademies.org/read/21874/chapter/5,f7613a737e5c,count canonical_url_key once; missing URLs remain source-specific uncertain rows
S908,www.iaea.org/bulletin/the-resilience-and-safety-of-nuclear-power-in-the-face-of-extreme-events,60e7d0e27aeb,count canonical_url_key once; missing URLs remain source-specific uncertain rows
S909,www-pub.iaea.org/mtcd/publications/pdf/pub2103e_web.pdf,6eff4243fe50,count canonical_url_key once; missing URLs remain source-specific uncertain rows
S910,www-pub.iaea.org/mtcd/publications/pdf/p15876-pub2124_web.pdf,1b96c8d130e1,count canonical_url_key once; missing URLs remain source-specific uncertain rows
S911,www-pub.iaea.org/mtcd/publications/pdf/pub1968_web.pdf,85670f120215,count canonical_url_key once; missing URLs remain source-specific uncertain rows
S912,www.sciencedirect.com/science/article/pii/s2211467x24000725,ad898d6551b3,count canonical_url_key once; missing URLs remain source-specific uncertain rows
S913,www.nrc.gov/security/cybersecurity,9e933d5149ca,count canonical_url_key once; missing URLs remain source-specific uncertain rows
S914,www.ecfr.gov/current/title-10/chapter-i/part-73/subpart-f/section-73.54,be6fd1f18b7d,count canonical_url_key once; missing URLs remain source-specific uncertain rows
S915,www.nrc.gov/docs/ml2225/ml22258a204.pdf,51f5800d6551,count canonical_url_key once; missing URLs remain source-specific uncertain rows
S916,www-pub.iaea.org/mtcd/publications/pdf/pub1921_web.pdf,462f4132c75a,count canonical_url_key once; missing URLs remain source-specific uncertain rows
S917,www.iaea.org/topics/computer-and-information-security,d5e96bc6ec91,count canonical_url_key once; missing URLs remain source-specific uncertain rows
S918,csrc.nist.gov/pubs/sp/800/82/r3/final,8e9b48d39074,count canonical_url_key once; missing URLs remain source-specific uncertain rows
S919,www.nrc.gov/reactors/digital,90ec98ea120f,count canonical_url_key once; missing URLs remain source-specific uncertain rows
S920,www.nrc.gov/reactors/digital/modernize,e65626fe12af,count canonical_url_key once; missing URLs remain source-specific uncertain rows
S921,csrc.nist.gov/pubs/sp/800/218/final,0fc10a254efb,count canonical_url_key once; missing URLs remain source-specific uncertain rows
S922,www.cisa.gov/cross-sector-cybersecurity-performance-goals,4616f3ae8b0f,count canonical_url_key once; missing URLs remain source-specific uncertain rows
S923,www.nrc.gov/reading-rm/doc-collections/gen-comm/reg-issues/2025/index,f40e19398e1a,count canonical_url_key once; missing URLs remain source-specific uncertain rows
S924,www.cisa.gov/cybersecurity-performance-goals-2-0-cpg-2-0,ac12d01656f0,count canonical_url_key once; missing URLs remain source-specific uncertain rows
S925,www.nrc.gov/reading-rm/doc-collections/cfr/part073/part073-0055,1507516af2d1,count canonical_url_key once; missing URLs remain source-specific uncertain rows
S926,www.ecfr.gov/current/title-10/chapter-i/part-73/subpart-a/section-73.1,848029156a9c,count canonical_url_key once; missing URLs remain source-specific uncertain rows
S927,www.iaea.org/publications/8629/nuclear-security-recommendations-on-physical-protection-of-nuclear-material-and-nuclear-facilities-infcirc225revision-5,de7b61b5f154,count canonical_url_key once; missing URLs remain source-specific uncertain rows
S928,www.iaea.org/publications/11092/physical-protection-of-nuclear-material-and-nuclear-facilities-implementation-of-infcirc225revision-5,bd22b45bf3ac,count canonical_url_key once; missing URLs remain source-specific uncertain rows
S929,www.nrc.gov/reading-rm/doc-collections/fact-sheets/force-on-force-bg,6da2f08def0f,count canonical_url_key once; missing URLs remain source-specific uncertain rows
S930,www.nrc.gov/reading-rm/doc-collections/fact-sheets/bg-reactor-security-inspection,65400b84e941,count canonical_url_key once; missing URLs remain source-specific uncertain rows
S931,www.nrc.gov/reading-rm/doc-collections/fact-sheets/fs-drone-pwr-plant-security,6e10bd8b6910,count canonical_url_key once; missing URLs remain source-specific uncertain rows
S932,www.nrc.gov/reactors/operating/ops-experience/access-authorization,e162be33a815,count canonical_url_key once; missing URLs remain source-specific uncertain rows
S933,www.ecfr.gov/current/title-10/chapter-i/part-73/subpart-g/section-73.56,51e2dc867aee,count canonical_url_key once; missing URLs remain source-specific uncertain rows
S934,www.nrc.gov/docs/ml1521/ml15219a609.pdf,fc4e9759643f,count canonical_url_key once; missing URLs remain source-specific uncertain rows
S935,www.iaea.org/topics/transport-security,2e2a0bb25f0b,count canonical_url_key once; missing URLs remain source-specific uncertain rows
S936,www.nrc.gov/security/byproduct/10-cfr-part-37,80ef6fa0fff4,count canonical_url_key once; missing URLs remain source-specific uncertain rows
S937,www.iaea.org/publications/10983/self-assessment-of-nuclear-security-culture-in-facilities-and-activities,245438a586aa,count canonical_url_key once; missing URLs remain source-specific uncertain rows
S938,www.reuters.com/business/energy/us-nuclear-power-regulator-phases-out-agency-led-commando-drills-plants-2026-04-06,afcaefa56827,count canonical_url_key once; missing URLs remain source-specific uncertain rows
S939,www.nrc.gov/reading-rm/doc-collections/cfr/part020/full-text,d89df0198ebc,count canonical_url_key once; missing URLs remain source-specific uncertain rows
S940,www.nrc.gov/reading-rm/doc-collections/cfr/part050/part050-appi,d5d7988c860a,count canonical_url_key once; missing URLs remain source-specific uncertain rows
S941,www.epa.gov/radiation/environmental-radiation-protection-standards-nuclear-power-operations-40-cfr-part-190,57c398776a88,count canonical_url_key once; missing URLs remain source-specific uncertain rows
S942,www.ecfr.gov/current/title-40/chapter-i/subchapter-f/part-190,57c220fcf254,count canonical_url_key once; missing URLs remain source-specific uncertain rows
S943,www.nrc.gov/reading-rm/doc-collections/fact-sheets/env-monitoring,b1f705dcbe83,count canonical_url_key once; missing URLs remain source-specific uncertain rows
S944,www.nrc.gov/reactors/operating/ops-experience/tritium/plant-info,f547237b48f5,count canonical_url_key once; missing URLs remain source-specific uncertain rows
S945,www.nrc.gov/reading-rm/doc-collections/fact-sheets/tritium-radiation-fs,bd312985cb6f,count canonical_url_key once; missing URLs remain source-specific uncertain rows
S946,www.nrc.gov/reactors/operating/ops-experience/grndwtr-contam-tritium,79edd5478e2d,count canonical_url_key once; missing URLs remain source-specific uncertain rows
S947,www.iaea.org/publications/12197/regulatory-control-of-radioactive-discharges-to-the-environment,60097668036e,count canonical_url_key once; missing URLs remain source-specific uncertain rows
S948,www-pub.iaea.org/mtcd/publications/pdf/pub1216_web.pdf,76ee51a3d7c6,count canonical_url_key once; missing URLs remain source-specific uncertain rows
S949,www.epa.gov/radnet,adc1d1a16f4b,count canonical_url_key once; missing URLs remain source-specific uncertain rows
S950,www.epa.gov/dwreginfo/radionuclides-rule,7190a5f9528f,count canonical_url_key once; missing URLs remain source-specific uncertain rows
S951,www.nrc.gov/docs/ml0913/ml091310141.pdf,ab0b5370fb31,count canonical_url_key once; missing URLs remain source-specific uncertain rows
S952,www.unscear.org/unscear/en/publications/scientific-reports.html,a5417a228001,count canonical_url_key once; missing URLs remain source-specific uncertain rows
S953,www.nrc.gov/reading-rm/doc-collections/fact-sheets/emerg-plan-prep-nuc-power,6138064d993b,count canonical_url_key once; missing URLs remain source-specific uncertain rows
S954,www.nrc.gov/about-nrc/emerg-preparedness/about-emerg-preparedness/planning-zones,17415f87df2f,count canonical_url_key once; missing URLs remain source-specific uncertain rows
S955,www.fema.gov/emergency-managers/practitioners/hazardous-response-capabilities/radiological,b7fb6bfa4fa1,count canonical_url_key once; missing URLs remain source-specific uncertain rows
S956,www.fema.gov/emergency-managers/practitioners/hazardous-response-capabilities/radiological/rep-program-manual,a5fc3d35a7fe,count canonical_url_key once; missing URLs remain source-specific uncertain rows
S957,www.ecfr.gov/current/title-10/chapter-i/part-50/subject-group-ecfr89aa6ca4aada73c/appendix-appendix%20e%20to%20part%2050,a6d9d6134525,count canonical_url_key once; missing URLs remain source-specific uncertain rows
S958,www.nrc.gov/about-nrc/emerg-preparedness/regs-guidance-comm.html,004d8005b605,count canonical_url_key once; missing URLs remain source-specific uncertain rows
S959,www.nrc.gov/about-nrc/emerg-preparedness/about-emerg-preparedness/potassium-iodide-use.html,820f830bcf65,count canonical_url_key once; missing URLs remain source-specific uncertain rows
S960,www.cdc.gov/radiation-emergencies/treatment/potassium-iodide.html,580a0f4275ae,count canonical_url_key once; missing URLs remain source-specific uncertain rows
S961,www.fda.gov/emergency-preparedness-and-response/mcm-issues/radiological-and-nuclear-emergency-preparedness,066bb777aaef,count canonical_url_key once; missing URLs remain source-specific uncertain rows
S962,www.epa.gov/radiation/protective-action-guides-pags,e7ae1a20c29e,count canonical_url_key once; missing URLs remain source-specific uncertain rows
S963,remm.hhs.gov,0eb96937d186,count canonical_url_key once; missing URLs remain source-specific uncertain rows
S964,www.osha.gov/emergency-preparedness/radiation/response,0c367d1ed3d3,count canonical_url_key once; missing URLs remain source-specific uncertain rows
S965,www.federalregister.gov/documents/2023/11/16/2023-25163/emergency-preparedness-for-small-modular-reactors-and-other-new-technologies,812dd2d0d741,count canonical_url_key once; missing URLs remain source-specific uncertain rows
S966,preptoolkit.fema.gov/web/fema-repp-academy/professional-development,2ffc0023bd0d,count canonical_url_key once; missing URLs remain source-specific uncertain rows
S967,www.law.cornell.edu/cfr/text/10/50.47,06f103755274,count canonical_url_key once; missing URLs remain source-specific uncertain rows
S968,www.law.cornell.edu/cfr/text/10/50.160,fa7fc97eec96,count canonical_url_key once; missing URLs remain source-specific uncertain rows
S969,www.nrc.gov/docs/ml2506/ml25065a240.pdf,ff07bd5ba57b,count canonical_url_key once; missing URLs remain source-specific uncertain rows
S970,www.cdc.gov/radiation-emergencies/media/pdfs/2024/04/population-monitoring-guide.pdf,d4c7dd3b54f5,count canonical_url_key once; missing URLs remain source-specific uncertain rows
S971,www.epa.gov/sites/default/files/2017-01/documents/epa_pag_manual_final_revisions_01-11-2017_cover_disclaimer_8.pdf,819582e2dd3a,count canonical_url_key once; missing URLs remain source-specific uncertain rows
S972,www.ecfr.gov/current/title-10/chapter-i/part-50/subject-group-ecfrdf2af20f8a72d91/section-50.47,6cfe71e9a2b7,count canonical_url_key once; missing URLs remain source-specific uncertain rows
S973,www.ecfr.gov/current/title-10/chapter-i/part-50/subject-group-ecfr89aa6ca4aada73c/section-50.160,ae9bfe5dd0a5,count canonical_url_key once; missing URLs remain source-specific uncertain rows
S974,www.fema.gov/emergency-managers/practitioners/hazardous-response-capabilities/radiological/rep-program-manual,a5fc3d35a7fe,count canonical_url_key once; missing URLs remain source-specific uncertain rows
S975,www.nrc.gov/reading-rm/doc-collections/nuregs/staff/sr0654/r2/index,19f76edba35f,count canonical_url_key once; missing URLs remain source-specific uncertain rows
S976,www.fema.gov/sites/default/files/documents/fema_rep_standard-operating-guide_012026.pdf,f4f4db4771ca,count canonical_url_key once; missing URLs remain source-specific uncertain rows
S977,www.cdc.gov/radiation-emergencies/media/pdfs/2024/04/pod_to_crc_planning_tool-508.pdf,98a6727ffc93,count canonical_url_key once; missing URLs remain source-specific uncertain rows
S978,www.cdc.gov/radiation-emergencies/media/pdfs/2024/04/operating-public-shelters-1.pdf,9cf26f62a20a,count canonical_url_key once; missing URLs remain source-specific uncertain rows
S979,www.nrc.gov/docs/ml1606/ml16061a104.pdf,00f8ed5d89c2,count canonical_url_key once; missing URLs remain source-specific uncertain rows
S980,www.ecfr.gov/current/title-10/chapter-i/part-50/subject-group-ecfr2f76ac8b7f9e21e/section-50.54,ff32cd27b225,count canonical_url_key once; missing URLs remain source-specific uncertain rows
S981,www.cdc.gov/radiation-emergencies/php/population-monitoring/index.html,8f2a4c25eb6e,count canonical_url_key once; missing URLs remain source-specific uncertain rows
S982,www.cdc.gov/radiation-emergencies/response/community-reception-centers.html,566307565ad6,count canonical_url_key once; missing URLs remain source-specific uncertain rows
S983,www.nrc.gov/docs/ml1525/ml15254a401.pdf,26124922db13,count canonical_url_key once; missing URLs remain source-specific uncertain rows
S984,www.nrc.gov/docs/ml1524/ml15245a748.pdf,c5701679f248,count canonical_url_key once; missing URLs remain source-specific uncertain rows
S985,www.nrc.gov/reading-rm/doc-collections/nuregs/contract/cr7002/r1/index,349bef4fb8e1,count canonical_url_key once; missing URLs remain source-specific uncertain rows
S986,www.fema.gov/emergency-managers/practitioners/integrated-public-alert-warning-system,1d4ba90fe8a8,count canonical_url_key once; missing URLs remain source-specific uncertain rows
S987,www.cdc.gov/radiation-emergencies/php/population-monitoring/crc-simpler.html,4b6e35b6b24b,count canonical_url_key once; missing URLs remain source-specific uncertain rows
S988,www.nrc.gov/reading-rm/doc-collections/fact-sheets/emerg-plan-prep-nuc-power.html,e5967163fec7,count canonical_url_key once; missing URLs remain source-specific uncertain rows
S989,www.nrc.gov/about-nrc/emerg-preparedness/about-emerg-preparedness/potassium-iodide-use,d29affca7fe7,count canonical_url_key once; missing URLs remain source-specific uncertain rows
S990,www.epa.gov/radiation/protective-action-guides-pags,e7ae1a20c29e,count canonical_url_key once; missing URLs remain source-specific uncertain rows
S991,www.nrc.gov/about-nrc/emerg-preparedness/regs-guidance-comm,5853eff50f76,count canonical_url_key once; missing URLs remain source-specific uncertain rows
S992,www.nrc.gov/reactors/new-reactors/advanced/modernizing/rulemaking/emergency-preparedness,3b3da690b04c,count canonical_url_key once; missing URLs remain source-specific uncertain rows
S993,www.cdc.gov/radiation-emergencies/php/population-monitoring/crc-etool.html,08a3c7b2edc2,count canonical_url_key once; missing URLs remain source-specific uncertain rows
S994,www.ecfr.gov/current/title-10/chapter-i/part-50/subject-group-ecfr89aa6ca4aada73c/appendix-appendix%20e%20to%20part%2050,a6d9d6134525,count canonical_url_key once; missing URLs remain source-specific uncertain rows
S995,www.fema.gov/emergency-managers/practitioners/hazardous-response-capabilities/radiological,b7fb6bfa4fa1,count canonical_url_key once; missing URLs remain source-specific uncertain rows
S996,www.nrc.gov/reactors/operating/oversight/rop-description/cornerstone,672e4fcf1044,count canonical_url_key once; missing URLs remain source-specific uncertain rows
S997,www.nrc.gov/reactors/operating/oversight/docket-pi,412c8f0aad22,count canonical_url_key once; missing URLs remain source-specific uncertain rows
S998,www.nrc.gov/reactors/operating/oversight/rop-description,022a34f37452,count canonical_url_key once; missing URLs remain source-specific uncertain rows
S999,www.nrc.gov/reactors/operating/oversight/rop-description/cornerstone#emergencypreparedness,43bfa18b0709,count canonical_url_key once; missing URLs remain source-specific uncertain rows
S1000,www.nrc.gov/reactors/operating/oversight/actionmatrix-summary,d51c42135daf,count canonical_url_key once; missing URLs remain source-specific uncertain rows
S1001,www.nrc.gov/reactors/operating/oversight/plant-by-plant-summaries,7daeff50107d,count canonical_url_key once; missing URLs remain source-specific uncertain rows
S1002,www.nrc.gov/reading-rm/doc-collections/event-status/event/index,5da29e31b283,count canonical_url_key once; missing URLs remain source-specific uncertain rows
S1003,www.nrc.gov/reactors/operating/oversight/pi-summary,474136bb83ec,count canonical_url_key once; missing URLs remain source-specific uncertain rows
S1004,www.fema.gov/sites/default/files/documents/fema_rep_standard-operating-guide_012026.pdf,f4f4db4771ca,count canonical_url_key once; missing URLs remain source-specific uncertain rows
S1005,www.cdc.gov/radiation-emergencies/php/training/rad-crc-operations.html,b319ee508fb8,count canonical_url_key once; missing URLs remain source-specific uncertain rows
S1006,www.cdc.gov/radiation-emergencies/response/community-reception-centers.html,566307565ad6,count canonical_url_key once; missing URLs remain source-specific uncertain rows
S1007,www.nrc.gov/about-nrc/emerg-preparedness/about-emerg-preparedness/exercise-schedules,83a32e485cff,count canonical_url_key once; missing URLs remain source-specific uncertain rows
S1008,www.fema.gov/emergency-managers/practitioners/hazardous-response-capabilities/radiological/rep-program-manual,a5fc3d35a7fe,count canonical_url_key once; missing URLs remain source-specific uncertain rows
S1009,www.nrc.gov/reading-rm/doc-collections/event-status/reactor-status/index,69159bf759ec,count canonical_url_key once; missing URLs remain source-specific uncertain rows
S1010,www.nrc.gov/reading-rm/doc-collections/event-status/event/2026/20260316en,b0deb3a1f0f8,count canonical_url_key once; missing URLs remain source-specific uncertain rows
S1011,www.nrc.gov/reactors/operating/oversight/docket-pi?docket=bv1&quarter=2026q1,0da85a6d3592,count canonical_url_key once; missing URLs remain source-specific uncertain rows
S1012,www.fema.gov/press-release/20260529/fema-evaluate-readiness-commonwealth-pennsylvania-and-state-west-virginia,ddeb8ad80258,count canonical_url_key once; missing URLs remain source-specific uncertain rows
S1013,www.nrc.gov/data/index,afc86e56e01a,count canonical_url_key once; missing URLs remain source-specific uncertain rows
S1014,catalog.data.gov/dataset/operating-reactor-analytics-performance-indicators,bd70e43b67cd,count canonical_url_key once; missing URLs remain source-specific uncertain rows
S1015,catalog.data.gov/dataset/operating-reactor-analytics-action-matrix,32025ffa80d0,count canonical_url_key once; missing URLs remain source-specific uncertain rows
S1016,www.nrc.gov/sites/default/files/doc_library/reading-rm/doc-collections/event-status/event/event-notification-rpt-lastmonth.txt,2941a0f6b455,count canonical_url_key once; missing URLs remain source-specific uncertain rows
S1017,www.nrc.gov/cdn/data/rango/action_matrix_all.tsv,3d0e73f69ac6,count canonical_url_key once; missing URLs remain source-specific uncertain rows
S1018,www.nrc.gov/sites/default/files/doc_library/cdn/legacy/reactors/operating/oversight/pi-value-dataset.xls,cb54c9ebe6fc,count canonical_url_key once; missing URLs remain source-specific uncertain rows
S1019,www.nrc.gov/sites/default/files/doc_library/cdn/legacy/about-nrc/emerg-preparedness/about-emerg-preparedness/exercise-schedules/biennial-ep-exercise-schedule.xlsx,13723cdf8715,count canonical_url_key once; missing URLs remain source-specific uncertain rows
S1020,www.pa.gov/agencies/ready/hazards/radiation-emergency,e87cdb863a34,count canonical_url_key once; missing URLs remain source-specific uncertain rows
S1021,www.beavercountypa.gov/getmedia/a8527d90-6d9c-42a7-9540-0e4788bddcd8/epi_beavervalley_beaver_mailer-2025-2026.pdf,0ac7cdf9aa4c,count canonical_url_key once; missing URLs remain source-specific uncertain rows
S1022,ccoema.org/images/pdf/2026forms/rerp%20rev%2038%202026.pdf,a581a447d028,count canonical_url_key once; missing URLs remain source-specific uncertain rows
S1023,www.pa.gov/content/dam/copapwp-pagov/en/pema/documents/about-us/pema%20strategic%20plan.pdf,18bba05c9be7,count canonical_url_key once; missing URLs remain source-specific uncertain rows
S1024,www.nrc.gov/reactors/operating/oversight/docket-pi?docket=bv2&quarter=2026q1,c26de57de328,count canonical_url_key once; missing URLs remain source-specific uncertain rows
S1025,www.nrc.gov/cdn/data/rango/all_pi_values.tsv,abc92c15770d,count canonical_url_key once; missing URLs remain source-specific uncertain rows
S1026,catalog.data.gov/dataset/nrc-biennial-evaluated-emergency-exercise-schedule,2d9f4f5c38e5,count canonical_url_key once; missing URLs remain source-specific uncertain rows
S1027,www.nrc.gov/about-nrc/emerg-preparedness/about-emerg-preparedness/exercise-schedules,83a32e485cff,count canonical_url_key once; missing URLs remain source-specific uncertain rows
S1028,preptoolkit.fema.gov/web/fema-repp-academy/exercise-calendar,db1beeefd58c,count canonical_url_key once; missing URLs remain source-specific uncertain rows
S1029,www.pa.gov/content/dam/copapwp-pagov/en/pema/documents/preparedness/power-plant-safety/beaver-valley-power-station-fact%20sheet.pdf,3569df80721a,count canonical_url_key once; missing URLs remain source-specific uncertain rows
S1030,emd.wv.gov/preparedness/rep%20program/documents/annex%2020-%20support%20plans%20issue%209%20revision%203.pdf,3f678b651b08,count canonical_url_key once; missing URLs remain source-specific uncertain rows
S1031,www.pa.gov/content/dam/copapwp-pagov/en/pema/documents/preparedness/power-plant-safety/nuclear-power-plant-exercise-dates.pdf,6d02ccc3413c,count canonical_url_key once; missing URLs remain source-specific uncertain rows
S1032,www.gao.gov/products/gao-13-243,50652277ca60,count canonical_url_key once; missing URLs remain source-specific uncertain rows
S1033,www.nrc.gov/reading-rm/doc-collections/fact-sheets/emerg-plan-prep-nuc-power,6138064d993b,count canonical_url_key once; missing URLs remain source-specific uncertain rows
S1034,empowerprogram.hhs.gov/de-identified-dataset.html,33127b2cd463,count canonical_url_key once; missing URLs remain source-specific uncertain rows
S1035,www.cdc.gov/environmental-health-tracking/php/data-research/preparedness-response.html,af86332c3148,count canonical_url_key once; missing URLs remain source-specific uncertain rows
S1036,www.pa.gov/content/dam/copapwp-pagov/en/pema/documents/preparedness/power-plant-safety/beaver-valley-power-station-fact%20sheet.pdf,3569df80721a,count canonical_url_key once; missing URLs remain source-specific uncertain rows
S1037,preptoolkit.fema.gov/web/hseep-resources/improvement-planning,013e1e2db8fd,count canonical_url_key once; missing URLs remain source-specific uncertain rows
S1038,preptoolkit.fema.gov/web/fema-repp-academy/program-requirements,4a8aae27d0ad,count canonical_url_key once; missing URLs remain source-specific uncertain rows
S1039,www.beavercountypa.gov/departments/emergency-services/beaver-valley-power-station-emergency-information,d68c3d6ad9d0,count canonical_url_key once; missing URLs remain source-specific uncertain rows
S1040,dam.assets.ohio.gov/image/upload/ema.ohio.gov/documents/ohio_eop/2025-ohio-rep-plan.pdf,52c9cf49c3f1,count canonical_url_key once; missing URLs remain source-specific uncertain rows
S1041,www.hancockcountyhealthdepartment.com/news/ki-distribution-for-hancock-county-residents,5f359be6a3b6,count canonical_url_key once; missing URLs remain source-specific uncertain rows
S1042,www.nrc.gov/docs/ml1300/ml13007a078.pdf,b18bf2068a49,count canonical_url_key once; missing URLs remain source-specific uncertain rows
S1043,www.ecfr.gov/current/title-10/chapter-i/part-50/subject-group-ecfr89aa6ca4aada73c/appendix-appendix%20e%20to%20part%2050,a6d9d6134525,count canonical_url_key once; missing URLs remain source-specific uncertain rows
S1044,training.fema.gov/is/courseoverview.aspx?code=is-247.b,59507f6910aa,count canonical_url_key once; missing URLs remain source-specific uncertain rows
S1045,kldassociates.com/nuclear-power-plant-evacuation,a1fca0c16ef6,count canonical_url_key once; missing URLs remain source-specific uncertain rows
S1046,www.nrc.gov/reading-rm/doc-collections/gen-comm/reg-issues/2001/ri01016.html,841d862c7302,count canonical_url_key once; missing URLs remain source-specific uncertain rows
S1047,emd.wv.gov/state-emergency-operations-plan,6e4d6d4eef01,count canonical_url_key once; missing URLs remain source-specific uncertain rows
S1048,agri.ohio.gov/divisions/food-safety/resources/emergency-preparedness,d9b0c65e1886,count canonical_url_key once; missing URLs remain source-specific uncertain rows
S1049,preptoolkit.fema.gov/documents/d/tech-hazards/2024-beaver-valley-power-station-biennial-exercise-aar-final-pa?download=true,0f5711e4334a,count canonical_url_key once; missing URLs remain source-specific uncertain rows
S1050,preptoolkit.fema.gov/documents/d/tech-hazards/2024-beaver-valley-power-station-biennial-exercise-aar-final-wv?download=true,23df3e9c155b,count canonical_url_key once; missing URLs remain source-specific uncertain rows
S1051,preptoolkit.fema.gov/documents/d/tech-hazards/2024-bvps-letter-and-aar-1?download=true,f05d03fa6fa4,count canonical_url_key once; missing URLs remain source-specific uncertain rows
S1052,preptoolkit.fema.gov/web/tech-hazards/documents-and-media/-/document_library/rxo7o6z3xd3c/view/38327070,67c9ff25ac16,count canonical_url_key once; missing URLs remain source-specific uncertain rows
S1053,wvpublic.org/story/energy-environment/federal-test-of-states-nuclear-emergency-response-set-for-next-week,51a6f1ae3612,count canonical_url_key once; missing URLs remain source-specific uncertain rows
S1054,www.wdtv.com/2024/06/06/fema-scheduled-test-nuclear-incident-preparedness-beaver-valley-power-station,105fa6945883,count canonical_url_key once; missing URLs remain source-specific uncertain rows
S1055,www.fema.gov/emergency-managers/practitioners/hazardous-response-capabilities/radiological,b7fb6bfa4fa1,count canonical_url_key once; missing URLs remain source-specific uncertain rows
S1056,www.fema.gov/press-release/20260529/fema-evaluate-readiness-commonwealth-pennsylvania-and-state-west-virginia,ddeb8ad80258,count canonical_url_key once; missing URLs remain source-specific uncertain rows
S1057,www.fcc.gov/emergency-alert-system,17011d6fc6b3,count canonical_url_key once; missing URLs remain source-specific uncertain rows
S1058,www.fcc.gov/public-safety-and-homeland-security/policy-and-licensing-division/alerting/general/wireless,625642a00ffa,count canonical_url_key once; missing URLs remain source-specific uncertain rows
S1059,www.nrc.gov/reading-rm/doc-collections/event-status/reactor-status/ps,a3f3220ce79f,count canonical_url_key once; missing URLs remain source-specific uncertain rows
S1060,www.fema.gov/sites/default/files/documents/fema_ipaws-best-practices-guide.pdf,f8df1178bd25,count canonical_url_key once; missing URLs remain source-specific uncertain rows
S1061,www.fema.gov/press-release/20260529/fema-evaluate-readiness-commonwealth-pennsylvania-and-state-west-virginia,ddeb8ad80258,count canonical_url_key once; missing URLs remain source-specific uncertain rows
S1062,www.nrc.gov/about-nrc/emerg-preparedness/about-emerg-preparedness/exercise-schedules,83a32e485cff,count canonical_url_key once; missing URLs remain source-specific uncertain rows
S1063,preptoolkit.fema.gov/web/hseep-resources/improvement-planning,013e1e2db8fd,count canonical_url_key once; missing URLs remain source-specific uncertain rows
S1064,www.fema.gov/emergency-managers/practitioners/integrated-public-alert-warning-system,1d4ba90fe8a8,count canonical_url_key once; missing URLs remain source-specific uncertain rows
S1065,www.fcc.gov/emergency-alert-system,17011d6fc6b3,count canonical_url_key once; missing URLs remain source-specific uncertain rows
S1066,www.fcc.gov/public-safety-and-homeland-security/policy-and-licensing-division/alerting/general/wireless,625642a00ffa,count canonical_url_key once; missing URLs remain source-specific uncertain rows
S1067,www.nrc.gov/reading-rm/doc-collections/event-status/event/2026/20260316en,b0deb3a1f0f8,count canonical_url_key once; missing URLs remain source-specific uncertain rows
S1068,www.ready.gov/alerts,c4f46f8f82ea,count canonical_url_key once; missing URLs remain source-specific uncertain rows
S1069,preptoolkit.fema.gov/web/hseep-resources/policy-and-guidance,6259eb100638,count canonical_url_key once; missing URLs remain source-specific uncertain rows
S1070,preptoolkit.fema.gov/web/hseep-resources/eegs,4f338c51c824,count canonical_url_key once; missing URLs remain source-specific uncertain rows
S1071,training.fema.gov/is/courseoverview.aspx?code=is-130.a,0da197cbe11e,count canonical_url_key once; missing URLs remain source-specific uncertain rows
S1072,training.fema.gov/is/courseoverview.aspx?code=is-247.c,799a1b6b64d8,count canonical_url_key once; missing URLs remain source-specific uncertain rows
S1073,www.fema.gov/openfema-data-page/ipaws-archived-alerts-v1,96cee9f8d285,count canonical_url_key once; missing URLs remain source-specific uncertain rows
S1074,gis.fema.gov/arcgis/rest/services/fema/ipaws_archive/featureserver,85bd5d10bbe9,count canonical_url_key once; missing URLs remain source-specific uncertain rows
S1075,www.fema.gov/emergency-managers/practitioners/integrated-public-alert-warning-system/public-safety-officials/alerting-authorities,132cd4bb6823,count canonical_url_key once; missing URLs remain source-specific uncertain rows
S1076,www.fema.gov/emergency-managers/practitioners/integrated-public-alert-warning-system/technology-developers/common-alerting-protocol,2f9f1bc57854,count canonical_url_key once; missing URLs remain source-specific uncertain rows
S1077,docs.oasis-open.org/emergency/cap/v1.2/cap-v1.2-os.html,fe90130660fe,count canonical_url_key once; missing URLs remain source-specific uncertain rows
S1078,www.fema.gov/sites/default/files/documents/fema_ipaws-best-practices-guide.pdf,f8df1178bd25,count canonical_url_key once; missing URLs remain source-specific uncertain rows
S1079,github.com/fema/openfema-samples/blob/master/dataset-samples/ipaws_archived_alerts.md,af34bb3768e0,count canonical_url_key once; missing URLs remain source-specific uncertain rows
S1080,www.fema.gov/emergency-managers/practitioners/integrated-public-alert-warning-system/public-safety-officials/tips,946474e6b1f8,count canonical_url_key once; missing URLs remain source-specific uncertain rows
S1081,www.fema.gov/about/openfema/api,30d36bb56dd3,count canonical_url_key once; missing URLs remain source-specific uncertain rows
S1082,www.fema.gov/about/openfema/data-sets,e22ee3d47892,count canonical_url_key once; missing URLs remain source-specific uncertain rows
S1083,www.fema.gov/about/openfema/changelog,d2e6687d3972,count canonical_url_key once; missing URLs remain source-specific uncertain rows
S1084,gis.fema.gov/arcgis/rest/services/fema/ipaws_archive/featureserver,85bd5d10bbe9,count canonical_url_key once; missing URLs remain source-specific uncertain rows
S1085,catalog.data.gov/dataset/ipaws-archived-alerts/resource/a1c4a4e4-a4a3-49a9-acd7-1f14de85acfa,69f95f3477c1,count canonical_url_key once; missing URLs remain source-specific uncertain rows
S1086,www.nrc.gov/data/index,afc86e56e01a,count canonical_url_key once; missing URLs remain source-specific uncertain rows
S1087,csrc.nist.gov/pubs/fips/180-4/upd1/final,a935a8f95670,count canonical_url_key once; missing URLs remain source-specific uncertain rows
S1088,csrc.nist.gov/projects/hash-functions,dbba35455cc0,count canonical_url_key once; missing URLs remain source-specific uncertain rows
S1089,www.fema.gov/emergency-managers/national-preparedness/exercises/hseep,4d2db46da1f2,count canonical_url_key once; missing URLs remain source-specific uncertain rows
S1090,preptoolkit.fema.gov/web/hseep-resources/improvement-planning,013e1e2db8fd,count canonical_url_key once; missing URLs remain source-specific uncertain rows
S1091,www.fema.gov/emergency-managers/practitioners/integrated-public-alert-warning-system/public-safety-officials/sign-up,e4629a2d79b8,count canonical_url_key once; missing URLs remain source-specific uncertain rows
S1092,www.fema.gov/emergency-managers/practitioners/integrated-public-alert-warning-system/public-safety-officials/alerting-authorities,132cd4bb6823,count canonical_url_key once; missing URLs remain source-specific uncertain rows
S1093,github.com/fema/openfema-samples/blob/master/dataset-samples/ipaws_archived_alerts.md,af34bb3768e0,count canonical_url_key once; missing URLs remain source-specific uncertain rows
S1094,www.fema.gov/openfema-data-page/ipaws-archived-alerts-v1,96cee9f8d285,count canonical_url_key once; missing URLs remain source-specific uncertain rows
S1095,www.fema.gov/emergency-managers/practitioners/integrated-public-alert-warning-system/public/wireless-emergency-alerts/geographic-accuracy-wea,9ba23c99704a,count canonical_url_key once; missing URLs remain source-specific uncertain rows
S1096,www.fcc.gov/wireless-emergency-alert-enhancements-faqs-authorized-alert-originators,dab2219d49f0,count canonical_url_key once; missing URLs remain source-specific uncertain rows
S1097,docs.oasis-open.org/emergency/cap/v1.2/cap-v1.2-os.html,fe90130660fe,count canonical_url_key once; missing URLs remain source-specific uncertain rows
S1098,www.fema.gov/sites/default/files/documents/fema_ipaws-best-practices-guide.pdf,f8df1178bd25,count canonical_url_key once; missing URLs remain source-specific uncertain rows
S1099,www.nrc.gov/reading-rm/doc-collections/event-status/event/2026/20260316en,b0deb3a1f0f8,count canonical_url_key once; missing URLs remain source-specific uncertain rows
S1100,www.fema.gov/press-release/20260529/fema-evaluate-readiness-commonwealth-pennsylvania-and-state-west-virginia,ddeb8ad80258,count canonical_url_key once; missing URLs remain source-specific uncertain rows
S1101,www.nrc.gov/about-nrc/emerg-preparedness/about-emerg-preparedness/exercise-schedules,83a32e485cff,count canonical_url_key once; missing URLs remain source-specific uncertain rows
S1102,preptoolkit.fema.gov/web/hseep-resources/improvement-planning,013e1e2db8fd,count canonical_url_key once; missing URLs remain source-specific uncertain rows
S1103,www.fcc.gov/consumers/guides/wireless-emergency-alerts,6c4568437d67,count canonical_url_key once; missing URLs remain source-specific uncertain rows
S1104,www.fcc.gov/wireless-emergency-alert-enhancements-faqs-authorized-alert-originators,dab2219d49f0,count canonical_url_key once; missing URLs remain source-specific uncertain rows
S1105,www.fcc.gov/multilingual-wireless-emergency-alerts,9dac0c22c8fe,count canonical_url_key once; missing URLs remain source-specific uncertain rows
S1106,www.federalregister.gov/documents/2026/01/20/2026-00960/wireless-emergency-alerts-and-the-emergency-alert-system,a06d8e20554b,count canonical_url_key once; missing URLs remain source-specific uncertain rows
S1107,www.fema.gov/emergency-managers/practitioners/integrated-public-alert-warning-system/public-safety-officials/tips,946474e6b1f8,count canonical_url_key once; missing URLs remain source-specific uncertain rows
S1108,www.rand.org/pubs/research_reports/rra2451-1.html,e44f106c46c1,count canonical_url_key once; missing URLs remain source-specific uncertain rows
S1109,www.fema.gov/emergency-managers/practitioners/integrated-public-alert-warning-system,1d4ba90fe8a8,count canonical_url_key once; missing URLs remain source-specific uncertain rows
S1110,www.fema.gov/press-release/20260529/fema-evaluate-readiness-commonwealth-pennsylvania-and-state-west-virginia,ddeb8ad80258,count canonical_url_key once; missing URLs remain source-specific uncertain rows
S1111,emilms.fema.gov/is_0247c/assets/ad8e034d-a82f-7860-9ec6-6e152782fd92.pdf,c71f8db23337,count canonical_url_key once; missing URLs remain source-specific uncertain rows
S1112,www.fema.gov/emergency-managers/practitioners/integrated-public-alert-warning-system/public-safety-officials/alerting-authorities,132cd4bb6823,count canonical_url_key once; missing URLs remain source-specific uncertain rows
S1113,www.fema.gov/emergency-managers/practitioners/integrated-public-alert-warning-system/public-safety-officials/sign-up,e4629a2d79b8,count canonical_url_key once; missing URLs remain source-specific uncertain rows
S1114,www.fema.gov/press-release/20260529/fema-evaluate-readiness-commonwealth-pennsylvania-and-state-west-virginia,ddeb8ad80258,count canonical_url_key once; missing URLs remain source-specific uncertain rows
S1115,www.cdc.gov/radiation-emergencies/response/community-reception-centers.html,566307565ad6,count canonical_url_key once; missing URLs remain source-specific uncertain rows
S1116,www.cdc.gov/radiation-emergencies/php/population-monitoring/crc-etool.html,08a3c7b2edc2,count canonical_url_key once; missing URLs remain source-specific uncertain rows
S1117,www.ecfr.gov/current/title-10/chapter-i/part-50/subject-group-ecfr89aa6ca4aada73c/appendix-appendix%20e%20to%20part%2050,a6d9d6134525,count canonical_url_key once; missing URLs remain source-specific uncertain rows
S1118,preptoolkit.fema.gov/web/hseep-resources/eegs,4f338c51c824,count canonical_url_key once; missing URLs remain source-specific uncertain rows
S1119,preptoolkit.fema.gov/web/hseep-resources/improvement-planning,013e1e2db8fd,count canonical_url_key once; missing URLs remain source-specific uncertain rows
S1120,www.nrc.gov/about-nrc/emerg-preparedness/about-emerg-preparedness/exercise-schedules,83a32e485cff,count canonical_url_key once; missing URLs remain source-specific uncertain rows
S1121,www.fema.gov/press-release/20260529/fema-evaluate-readiness-commonwealth-pennsylvania-and-state-west-virginia,ddeb8ad80258,count canonical_url_key once; missing URLs remain source-specific uncertain rows
S1122,www.fema.gov/emergency-managers/practitioners/integrated-public-alert-warning-system,1d4ba90fe8a8,count canonical_url_key once; missing URLs remain source-specific uncertain rows
S1123,www.fcc.gov/consumers/guides/wireless-emergency-alerts,6c4568437d67,count canonical_url_key once; missing URLs remain source-specific uncertain rows
S1124,www.fema.gov/press-release/20260529/fema-evaluate-readiness-commonwealth-pennsylvania-and-state-west-virginia,ddeb8ad80258,count canonical_url_key once; missing URLs remain source-specific uncertain rows
S1125,www.cdc.gov/radiation-emergencies/response/community-reception-centers.html,566307565ad6,count canonical_url_key once; missing URLs remain source-specific uncertain rows
S1126,www.cdc.gov/radiation-emergencies/php/population-monitoring/index.html,8f2a4c25eb6e,count canonical_url_key once; missing URLs remain source-specific uncertain rows
S1127,www.cdc.gov/radiation-emergencies/php/population-monitoring/crc-simpler.html,4b6e35b6b24b,count canonical_url_key once; missing URLs remain source-specific uncertain rows
S1128,remm.hhs.gov/datacollection.htm,bc22ec86ff4f,count canonical_url_key once; missing URLs remain source-specific uncertain rows
S1129,www.epa.gov/radiation/protective-action-guides-pags,e7ae1a20c29e,count canonical_url_key once; missing URLs remain source-specific uncertain rows
S1130,www.fema.gov/emergency-managers/national-preparedness/exercises/hseep,4d2db46da1f2,count canonical_url_key once; missing URLs remain source-specific uncertain rows
S1131,preptoolkit.fema.gov/web/hseep-resources/improvement-planning,013e1e2db8fd,count canonical_url_key once; missing URLs remain source-specific uncertain rows
S1132,preptoolkit.fema.gov/web/hseep-resources/eegs,4f338c51c824,count canonical_url_key once; missing URLs remain source-specific uncertain rows
S1133,remm.hhs.gov/ext_contamination.htm,e8f2a2d89ed3,count canonical_url_key once; missing URLs remain source-specific uncertain rows
S1134,www.cdc.gov/radiation-emergencies/hcp/nuclear-detonations/evaluation-and-management.html,42ee17df102f,count canonical_url_key once; missing URLs remain source-specific uncertain rows
S1135,files.asprtracie.hhs.gov/documents/aspr-tracie-hcc-radiation-emergency-surge-annex-template.pdf,7f1db9005efa,count canonical_url_key once; missing URLs remain source-specific uncertain rows
S1136,www.osha.gov/emergency-preparedness/radiation/response,0c367d1ed3d3,count canonical_url_key once; missing URLs remain source-specific uncertain rows
S1137,remm.hhs.gov/pag.htm,c819470611e2,count canonical_url_key once; missing URLs remain source-specific uncertain rows
S1138,www.osha.gov/sites/default/files/publications/osha3249.pdf,1e51f72474f9,count canonical_url_key once; missing URLs remain source-specific uncertain rows
S1139,orise.orau.gov/reacts/index.html,ec6908dd84d8,count canonical_url_key once; missing URLs remain source-specific uncertain rows
S1140,asprtracie.hhs.gov/technical-resources/32/radiological-and-nuclear/27,043a5bd3103c,count canonical_url_key once; missing URLs remain source-specific uncertain rows
S1141,www.ecfr.gov/current/title-10/chapter-i/part-50/subject-group-ecfr89aa6ca4aada73c/appendix-appendix%20e%20to%20part%2050,a6d9d6134525,count canonical_url_key once; missing URLs remain source-specific uncertain rows
S1142,www.ecfr.gov/current/title-10/chapter-i/part-50/subject-group-ecfrdf2af20f8a72d91/section-50.47,6cfe71e9a2b7,count canonical_url_key once; missing URLs remain source-specific uncertain rows
S1143,www.nrc.gov/about-nrc/emerg-preparedness/about-emerg-preparedness/emerg-classification,dcc3420dbd4a,count canonical_url_key once; missing URLs remain source-specific uncertain rows
S1144,www.nrc.gov/reading-rm/doc-collections/nuregs/staff/sr0654/index,f77076505a8c,count canonical_url_key once; missing URLs remain source-specific uncertain rows
S1145,www.fema.gov/sites/default/files/2020-06/nureg-0654_fema-rep-1_rev_2_dec_2019_secure.pdf,5a7f45b3cb67,count canonical_url_key once; missing URLs remain source-specific uncertain rows
S1146,www.epa.gov/radiation/protective-action-guides-pags,e7ae1a20c29e,count canonical_url_key once; missing URLs remain source-specific uncertain rows
S1147,remm.hhs.gov/pag.htm,c819470611e2,count canonical_url_key once; missing URLs remain source-specific uncertain rows
S1148,preptoolkit.fema.gov/web/fema-repp-academy/course-descriptions,3eb28025ca8f,count canonical_url_key once; missing URLs remain source-specific uncertain rows
S1149,www.fema.gov/press-release/20260529/fema-evaluate-readiness-commonwealth-pennsylvania-and-state-west-virginia,ddeb8ad80258,count canonical_url_key once; missing URLs remain source-specific uncertain rows
S1150,www.nrc.gov/about-nrc/emerg-preparedness/about-emerg-preparedness/exercise-schedules,83a32e485cff,count canonical_url_key once; missing URLs remain source-specific uncertain rows
S1151,ramp.nrc-gateway.gov/codes/rascal,92ee82c221e5,count canonical_url_key once; missing URLs remain source-specific uncertain rows
S1152,www.fda.gov/emergency-preparedness-and-response/mcm-issues/radiological-and-nuclear-emergency-preparedness,066bb777aaef,count canonical_url_key once; missing URLs remain source-specific uncertain rows
S1153,www.fda.gov/regulatory-information/search-fda-guidance-documents/accidental-radioactive-contamination-human-food-and-animal-feeds,932041c0d037,count canonical_url_key once; missing URLs remain source-specific uncertain rows
S1154,www.epa.gov/radiation/protective-action-guides-pags,e7ae1a20c29e,count canonical_url_key once; missing URLs remain source-specific uncertain rows
S1155,remm.hhs.gov/radmonitor_water_food.htm,e1fbf6abe773,count canonical_url_key once; missing URLs remain source-specific uncertain rows
S1156,remm.hhs.gov/pag.htm,c819470611e2,count canonical_url_key once; missing URLs remain source-specific uncertain rows
S1157,www.nrc.gov/about-nrc/emerg-preparedness/about-emerg-preparedness/exercise-schedules,83a32e485cff,count canonical_url_key once; missing URLs remain source-specific uncertain rows
S1158,www.cdc.gov/radiation-emergencies/response/community-reception-centers.html,566307565ad6,count canonical_url_key once; missing URLs remain source-specific uncertain rows
S1159,preptoolkit.fema.gov/web/fema-repp-academy/course-descriptions,3eb28025ca8f,count canonical_url_key once; missing URLs remain source-specific uncertain rows
S1160,www.epa.gov/sites/default/files/2017-01/documents/epa_pag_manual_final_revisions_01-11-2017_cover_disclaimer_8.pdf,819582e2dd3a,count canonical_url_key once; missing URLs remain source-specific uncertain rows
S1161,www.fema.gov/sites/default/files/documents/fema_npd-rpm-2023.pdf,880b569062e8,count canonical_url_key once; missing URLs remain source-specific uncertain rows
S1162,www.epa.gov/radiation/protective-action-guides-pags,e7ae1a20c29e,count canonical_url_key once; missing URLs remain source-specific uncertain rows
S1163,nepis.epa.gov/exe/zypurl.cgi?dockey=p100q32y.txt,111c3458abe7,count canonical_url_key once; missing URLs remain source-specific uncertain rows
S1164,www.fema.gov/national-disaster-recovery-framework,ea4cf8383fb3,count canonical_url_key once; missing URLs remain source-specific uncertain rows
S1165,iwaste.epa.gov/guidance/radiological-nuclear/incident-response,8319550e03d8,count canonical_url_key once; missing URLs remain source-specific uncertain rows
S1166,remm.hhs.gov/surveillance.htm,0998ea87be20,count canonical_url_key once; missing URLs remain source-specific uncertain rows
S1167,www.fema.gov/assistance/individual,5d1c0cb78527,count canonical_url_key once; missing URLs remain source-specific uncertain rows
S1168,remm.hhs.gov/deceased.htm,4f9edc0179fe,count canonical_url_key once; missing URLs remain source-specific uncertain rows
S1169,www.fema.gov/emergency-managers/practitioners/hazardous-response-capabilities/radiological/rep-program-manual,a5fc3d35a7fe,count canonical_url_key once; missing URLs remain source-specific uncertain rows
S1170,www.federalregister.gov/documents/2008/08/01/e8-17645/planning-guidance-for-protection-and-recovery-following-radiological-dispersal-device-rdd-and,137427b19226,count canonical_url_key once; missing URLs remain source-specific uncertain rows
S1171,www.ncbi.nlm.nih.gov/books/nbk546063,0cad6fa3b3db,count canonical_url_key once; missing URLs remain source-specific uncertain rows
S1172,www.fema.gov/emergency-managers/nims/components,9b802f729b58,count canonical_url_key once; missing URLs remain source-specific uncertain rows
S1173,www.fema.gov/sites/default/files/documents/fema_nims-guideline-for-mutual-aid.pdf,25495055d5bf,count canonical_url_key once; missing URLs remain source-specific uncertain rows
S1174,www.fema.gov/sites/default/files/documents/nims-guideline-resource-management-preparedness.pdf,8282ec9825ff,count canonical_url_key once; missing URLs remain source-specific uncertain rows
S1175,www.fema.gov/sites/default/files/2020-07/fema_esf_7_logistics.pdf,1efeaf509581,count canonical_url_key once; missing URLs remain source-specific uncertain rows
S1176,www.fema.gov/emergency-managers/national-preparedness/continuity,8a125ea3c863,count canonical_url_key once; missing URLs remain source-specific uncertain rows
S1177,www.cisa.gov/safecom,6dfc95bcc314,count canonical_url_key once; missing URLs remain source-specific uncertain rows
S1178,www.cisa.gov/resources-tools/programs/emergency-communications-state-local-tribal-and-territorial-coordination,70e48870d882,count canonical_url_key once; missing URLs remain source-specific uncertain rows
S1179,www.cdc.gov/niosh/docs/2025-107/default.html,7939053d552b,count canonical_url_key once; missing URLs remain source-specific uncertain rows
S1180,www.osha.gov/emergency-preparedness/guides/extended-unusual-work-shifts,54efa5570af8,count canonical_url_key once; missing URLs remain source-specific uncertain rows
S1181,www.osha.gov/worker-fatigue/hazards,91aff758dbf1,count canonical_url_key once; missing URLs remain source-specific uncertain rows
S1182,www.emacweb.org/index.php/what-is-emac,dea63b408669,count canonical_url_key once; missing URLs remain source-specific uncertain rows
S1183,www.fema.gov/sites/default/files/documents/fema_distribution-management-plan-guide-2.0.pdf,d4aa5f06e0d8,count canonical_url_key once; missing URLs remain source-specific uncertain rows
S1184,www.nrc.gov/security/cybersecurity,9e933d5149ca,count canonical_url_key once; missing URLs remain source-specific uncertain rows
S1185,www.nrc.gov/reading-rm/doc-collections/fact-sheets/cyber-security-bg,2ee7264f2b8f,count canonical_url_key once; missing URLs remain source-specific uncertain rows
S1186,www.ecfr.gov/current/title-10/chapter-i/part-73/section-73.54,38f52b247161,count canonical_url_key once; missing URLs remain source-specific uncertain rows
S1187,www.fema.gov/emergency-managers/practitioners/integrated-public-alert-warning-system/public-safety-officials/alerting-authorities/best-practices,413000fac03e,count canonical_url_key once; missing URLs remain source-specific uncertain rows
S1188,www.cisa.gov/safecom,6dfc95bcc314,count canonical_url_key once; missing URLs remain source-specific uncertain rows
S1189,www.cisa.gov/cross-sector-cybersecurity-performance-goals,4616f3ae8b0f,count canonical_url_key once; missing URLs remain source-specific uncertain rows
S1190,nvlpubs.nist.gov/nistpubs/cswp/nist.cswp.29.pdf,69718a96ba77,count canonical_url_key once; missing URLs remain source-specific uncertain rows
S1191,www.cisa.gov/stopransomware/ransomware-guide,4e8811ab5f0d,count canonical_url_key once; missing URLs remain source-specific uncertain rows
S1192,csrc.nist.gov/pubs/sp/800/34/r1/upd1/final,87f420d9204b,count canonical_url_key once; missing URLs remain source-specific uncertain rows
S1193,www.fema.gov/sites/default/files/documents/fema_continuity-guidance-circular_082024.pdf,58116f0e3a89,count canonical_url_key once; missing URLs remain source-specific uncertain rows
S1194,www.cisa.gov/911-cybersecurity-resource-hub,f9082c7819cf,count canonical_url_key once; missing URLs remain source-specific uncertain rows
S1195,www.fema.gov/openfema-data-page/ipaws-archived-alerts-v1,96cee9f8d285,count canonical_url_key once; missing URLs remain source-specific uncertain rows
S1196,www.fema.gov/emergency-managers/practitioners/integrated-public-alert-warning-system,1d4ba90fe8a8,count canonical_url_key once; missing URLs remain source-specific uncertain rows
S1197,www.fema.gov/emergency-managers/practitioners/lifelines,c267f09ac9a9,count canonical_url_key once; missing URLs remain source-specific uncertain rows
S1198,training.fema.gov/is/courseoverview.aspx?code=is-2901&lang=en,64562176bcad,count canonical_url_key once; missing URLs remain source-specific uncertain rows
S1199,www.epa.gov/waterresilience/femas-community-lifelines-construct,b19c677710e2,count canonical_url_key once; missing URLs remain source-specific uncertain rows
S1200,www.epa.gov/waterutilityresponse,7702217df770,count canonical_url_key once; missing URLs remain source-specific uncertain rows
S1201,www.energy.gov/ceser/doe-energy-emergency-response-playbook-states-and-territories,534f8aec2f87,count canonical_url_key once; missing URLs remain source-specific uncertain rows
S1202,www.energy.gov/ceser/local-leaders-prepare-energy-emergency,ce7aeacd8488,count canonical_url_key once; missing URLs remain source-specific uncertain rows
S1203,www.cisa.gov/topics/critical-infrastructure-security-and-resilience/critical-infrastructure-sectors,19735a9c2604,count canonical_url_key once; missing URLs remain source-specific uncertain rows
S1204,www.cisa.gov/topics/critical-infrastructure-security-and-resilience/critical-infrastructure-sectors/emergency-services-sector,576ee8a8402d,count canonical_url_key once; missing URLs remain source-specific uncertain rows
S1205,www.cisa.gov/safecom,6dfc95bcc314,count canonical_url_key once; missing URLs remain source-specific uncertain rows
S1206,www.fema.gov/sites/default/files/documents/fema_incident-annex_power-outage.pdf,a20cd4ce9575,count canonical_url_key once; missing URLs remain source-specific uncertain rows
S1207,www.epa.gov/waterutilityresponse/incident-action-checklists-water-utilities,63014e51a43e,count canonical_url_key once; missing URLs remain source-specific uncertain rows
S1208,www.nrc.gov/reading-rm/doc-collections/nuregs/staff/sr1022/r3/s1/index,5d640d18294c,count canonical_url_key once; missing URLs remain source-specific uncertain rows
S1209,www.fcc.gov/consumers/guides/wireless-emergency-alerts-wea,f7e8a1bc86e0,count canonical_url_key once; missing URLs remain source-specific uncertain rows
S1210,www.fema.gov/emergency-managers/national-preparedness/frameworks/response,2fbd4db1147c,count canonical_url_key once; missing URLs remain source-specific uncertain rows
S1211,www.fema.gov/sites/default/files/documents/fema_lifelines-toolkit-v2.1_2023.pdf,5e0ff28aa753,count canonical_url_key once; missing URLs remain source-specific uncertain rows
S1212,www.fema.gov/emergency-managers/nims,1630d9a18554,count canonical_url_key once; missing URLs remain source-specific uncertain rows
S1213,training.fema.gov/icsresource/icsforms.aspx,076d79424bf2,count canonical_url_key once; missing URLs remain source-specific uncertain rows
S1214,training.fema.gov/is/courseoverview.aspx?code=is-201,51aaffa250f6,count canonical_url_key once; missing URLs remain source-specific uncertain rows
S1215,training.fema.gov/emiweb/is/icsresource/assets/ics%20forms%20descriptions.pdf,f934af370fd8,count canonical_url_key once; missing URLs remain source-specific uncertain rows
S1216,www.fema.gov/sites/default/files/2020-07/incident_action_planning_guide_revision1_august2015.pdf,d992bafbe08b,count canonical_url_key once; missing URLs remain source-specific uncertain rows
S1217,www.fema.gov/sites/default/files/documents/fema_eoc-quick-reference-guide.pdf,9062837a5cc5,count canonical_url_key once; missing URLs remain source-specific uncertain rows
S1218,preptoolkit.fema.gov/web/nims-toolkit/eoc,80cc09dc18c7,count canonical_url_key once; missing URLs remain source-specific uncertain rows
S1219,www.dhs.gov/publication/common-operating-picture-emergency-responders,eec86e11a1eb,count canonical_url_key once; missing URLs remain source-specific uncertain rows
S1220,www.fema.gov/emergency-managers/practitioners/lifelines,c267f09ac9a9,count canonical_url_key once; missing URLs remain source-specific uncertain rows
S1221,training.fema.gov/is/courseoverview.aspx?code=is-2901&lang=en,64562176bcad,count canonical_url_key once; missing URLs remain source-specific uncertain rows
S1222,www.nrc.gov/docs/ml1934/ml19347d139.pdf,9b3af8cf3911,count canonical_url_key once; missing URLs remain source-specific uncertain rows
S1223,www.fema.gov/emergency-managers/practitioners/hazardous-response-capabilities/radiological/rep-program-manual,a5fc3d35a7fe,count canonical_url_key once; missing URLs remain source-specific uncertain rows
S1224,www.ecfr.gov/current/title-10/chapter-i/part-50/subject-group-ecfr89aa6ca4aada73c/appendix-appendix%20e%20to%20part%2050,a6d9d6134525,count canonical_url_key once; missing URLs remain source-specific uncertain rows
S1225,www.fema.gov/sites/default/files/2020-05/communitylifelinestoolkit2.0v2.pdf,7c439f03f3b6,count canonical_url_key once; missing URLs remain source-specific uncertain rows
S1226,www.fema.gov/emergency-managers/national-preparedness/exercises/hseep,4d2db46da1f2,count canonical_url_key once; missing URLs remain source-specific uncertain rows
S1227,preptoolkit.fema.gov/web/hseep-resources,6a69e7fea470,count canonical_url_key once; missing URLs remain source-specific uncertain rows
S1228,preptoolkit.fema.gov/web/hseep-resources/design-and-development,6302177144f1,count canonical_url_key once; missing URLs remain source-specific uncertain rows
S1229,preptoolkit.fema.gov/web/help/exercise-builder-guides/-/knowledge_base/msel/msel-overview,888fb21c115f,count canonical_url_key once; missing URLs remain source-specific uncertain rows
S1230,preptoolkit.fema.gov/web/help/hseep-user-guides/-/knowledge_base/hseep-written-guides/creating-msel-events-injection,be119818593b,count canonical_url_key once; missing URLs remain source-specific uncertain rows
S1231,training.fema.gov/programs/nsec/advanced,195cea7eea47,count canonical_url_key once; missing URLs remain source-specific uncertain rows
S1232,preptoolkit.fema.gov/web/fema-repp-academy/course-descriptions,3eb28025ca8f,count canonical_url_key once; missing URLs remain source-specific uncertain rows
S1233,preptoolkit.fema.gov/web/fema-repp-academy/course-descriptions,3eb28025ca8f,count canonical_url_key once; missing URLs remain source-specific uncertain rows
S1234,www.nrc.gov/about-nrc/emerg-preparedness/about-emerg-preparedness/exercise-schedules,83a32e485cff,count canonical_url_key once; missing URLs remain source-specific uncertain rows
S1235,www.fema.gov/press-release/20260529/fema-evaluate-readiness-commonwealth-pennsylvania-and-state-west-virginia,ddeb8ad80258,count canonical_url_key once; missing URLs remain source-specific uncertain rows
S1236,www.fema.gov/emergency-managers/practitioners/hazardous-response-capabilities/radiological/rep-program-manual,a5fc3d35a7fe,count canonical_url_key once; missing URLs remain source-specific uncertain rows
S1237,preptoolkit.fema.gov/web/hseep-resources/improvement-planning,013e1e2db8fd,count canonical_url_key once; missing URLs remain source-specific uncertain rows
S1238,preptoolkit.fema.gov/web/hseep-resources/eegs,4f338c51c824,count canonical_url_key once; missing URLs remain source-specific uncertain rows
S1239,www.ecfr.gov/current/title-10/chapter-i/part-50/subject-group-ecfr89aa6ca4aada73c/appendix-appendix%20e%20to%20part%2050,a6d9d6134525,count canonical_url_key once; missing URLs remain source-specific uncertain rows
S1240,preptoolkit.fema.gov/web/exercise,1e35e13fd01d,count canonical_url_key once; missing URLs remain source-specific uncertain rows
S1241,training.fema.gov/is/courseoverview.aspx?code=is-130.a,0da197cbe11e,count canonical_url_key once; missing URLs remain source-specific uncertain rows
S1242,www.fema.gov/emergency-managers/practitioners/hazardous-response-capabilities/radiological/rep-program-manual,a5fc3d35a7fe,count canonical_url_key once; missing URLs remain source-specific uncertain rows
S1243,www.fema.gov/sites/default/files/documents/fema_npd-rpm-2023.pdf,880b569062e8,count canonical_url_key once; missing URLs remain source-specific uncertain rows
S1244,www.nrc.gov/reading-rm/doc-collections/nuregs/staff/sr0654/index,f77076505a8c,count canonical_url_key once; missing URLs remain source-specific uncertain rows
S1245,www.nrc.gov/reactors/operating/oversight/pi-summary,474136bb83ec,count canonical_url_key once; missing URLs remain source-specific uncertain rows
S1246,www.nrc.gov/about-nrc/emerg-preparedness/about-emerg-preparedness/exercise-schedules,83a32e485cff,count canonical_url_key once; missing URLs remain source-specific uncertain rows
S1247,preptoolkit.fema.gov/web/hseep-resources,6a69e7fea470,count canonical_url_key once; missing URLs remain source-specific uncertain rows
S1248,preptoolkit.fema.gov/web/hseep-resources/improvement-planning,013e1e2db8fd,count canonical_url_key once; missing URLs remain source-specific uncertain rows
S1249,preptoolkit.fema.gov/web/hseep-resources/eegs,4f338c51c824,count canonical_url_key once; missing URLs remain source-specific uncertain rows
S1250,www.ecfr.gov/current/title-10/chapter-i/part-50/subject-group-ecfr89aa6ca4aada73c/appendix-appendix%20e%20to%20part%2050,a6d9d6134525,count canonical_url_key once; missing URLs remain source-specific uncertain rows
S1251,www.fema.gov/press-release/20260529/fema-evaluate-readiness-commonwealth-pennsylvania-and-state-west-virginia,ddeb8ad80258,count canonical_url_key once; missing URLs remain source-specific uncertain rows
S1252,www.nrc.gov/reactors/operating/oversight/actionmatrix-summary,d51c42135daf,count canonical_url_key once; missing URLs remain source-specific uncertain rows
S1253,www.fema.gov/press-release/20260529/fema-evaluate-readiness-commonwealth-pennsylvania-and-state-west-virginia,ddeb8ad80258,count canonical_url_key once; missing URLs remain source-specific uncertain rows
S1254,www.nrc.gov/about-nrc/emerg-preparedness/about-emerg-preparedness/exercise-schedules,83a32e485cff,count canonical_url_key once; missing URLs remain source-specific uncertain rows
S1255,www.fema.gov/emergency-managers/practitioners/hazardous-response-capabilities/radiological/rep-program-manual,a5fc3d35a7fe,count canonical_url_key once; missing URLs remain source-specific uncertain rows
S1256,www.fema.gov/sites/default/files/documents/fema_npd-rpm-2023.pdf,880b569062e8,count canonical_url_key once; missing URLs remain source-specific uncertain rows
S1257,www.ecfr.gov/current/title-44/chapter-i/subchapter-f/part-350,7cfa6d0a8904,count canonical_url_key once; missing URLs remain source-specific uncertain rows
S1258,preptoolkit.fema.gov/web/hseep-resources/improvement-planning,013e1e2db8fd,count canonical_url_key once; missing URLs remain source-specific uncertain rows
S1259,preptoolkit.fema.gov/web/hseep-resources/eegs,4f338c51c824,count canonical_url_key once; missing URLs remain source-specific uncertain rows
S1260,www.nrc.gov/reactors/operating/oversight/pi-summary,474136bb83ec,count canonical_url_key once; missing URLs remain source-specific uncertain rows
S1261,www.fema.gov/press-release/20260529/fema-evaluate-readiness-commonwealth-pennsylvania-and-state-west-virginia,ddeb8ad80258,count canonical_url_key once; missing URLs remain source-specific uncertain rows
S1262,www.nrc.gov/about-nrc/emerg-preparedness/about-emerg-preparedness/exercise-schedules,83a32e485cff,count canonical_url_key once; missing URLs remain source-specific uncertain rows
S1263,preptoolkit.fema.gov/web/hseep-resources/improvement-planning,013e1e2db8fd,count canonical_url_key once; missing URLs remain source-specific uncertain rows
S1264,preptoolkit.fema.gov/web/hseep-resources,6a69e7fea470,count canonical_url_key once; missing URLs remain source-specific uncertain rows
S1265,www.fema.gov/emergency-managers/practitioners/hazardous-response-capabilities/radiological/rep-program-manual,a5fc3d35a7fe,count canonical_url_key once; missing URLs remain source-specific uncertain rows
S1266,www.nrc.gov/reading-rm/doc-collections/nuregs/staff/sr0654/r2/index,19f76edba35f,count canonical_url_key once; missing URLs remain source-specific uncertain rows
S1267,preptoolkit.fema.gov/web/hseep-resources/eegs,4f338c51c824,count canonical_url_key once; missing URLs remain source-specific uncertain rows
S1268,preptoolkit.fema.gov/web/hseep-resources/design-and-development,6302177144f1,count canonical_url_key once; missing URLs remain source-specific uncertain rows
S1269,www.ecfr.gov/current/title-44/chapter-i/subchapter-f/part-350,7cfa6d0a8904,count canonical_url_key once; missing URLs remain source-specific uncertain rows
S1270,www.ecfr.gov/current/title-10/chapter-i/part-50/subject-group-ecfr89aa6ca4aada73c/appendix-appendix%20e%20to%20part%2050,a6d9d6134525,count canonical_url_key once; missing URLs remain source-specific uncertain rows
