source_id,source_title,url,canonical_url,canonical_cluster_id,missing_url_handling,introduced_revision
S1,"IPCC, _Climate Change 2023: AR6 Synthesis Report_ (2023)",https://www.ipcc.ch/report/ar6/syr/,https://www.ipcc.ch/report/ar6/syr,url::089c7087c2c0,normalized_url_cluster,pre_rev0332
S2,"UNEP, _Emissions Gap Report 2024_ (2024)",https://www.unep.org/resources/emissions-gap-report-2024,https://www.unep.org/resources/emissions-gap-report-2024,url::b93aeb1f6b64,normalized_url_cluster,pre_rev0332
S3,"WMO, _State of the Global Climate 2024_ (2025)",https://wmo.int/publication-series/state-of-global-climate/state-of-global-climate-2024,https://wmo.int/publication-series/state-of-global-climate/state-of-global-climate-2024,url::7342bd461625,normalized_url_cluster,pre_rev0332
S4,"IEA, _World Energy Outlook 2024: Overview and key findings_ (2024)",https://www.iea.org/reports/world-energy-outlook-2024/overview-and-key-findings,https://www.iea.org/reports/world-energy-outlook-2024/overview-and-key-findings,url::59f01f07f975,normalized_url_cluster,pre_rev0332
S5,"IEA, _Renewables 2024_ (electricity section) (2024)",https://www.iea.org/reports/renewables-2024/electricity,https://www.iea.org/reports/renewables-2024/electricity,url::17e825f82e4e,normalized_url_cluster,pre_rev0332
S6,"IEA, _World Energy Investment 2025: Executive summary_ (2025)",https://www.iea.org/reports/world-energy-investment-2025/executive-summary,https://www.iea.org/reports/world-energy-investment-2025/executive-summary,url::fdf36bfd0ab5,normalized_url_cluster,pre_rev0332
S7,"IEA, _Global Energy Review 2025_ (2025)",https://www.iea.org/reports/global-energy-review-2025,https://www.iea.org/reports/global-energy-review-2025,url::66a4ed4cc212,normalized_url_cluster,pre_rev0332
S8,"Climate & Clean Air Coalition / UNEP, _Global Methane Assessment_ resources (2021–2022)",https://www.ccacoalition.org/content/global-methane-assessment,https://www.ccacoalition.org/content/global-methane-assessment,url::167304fbbc26,normalized_url_cluster,pre_rev0332
S9,"UNFCCC / COP28, global stocktake outcome framing (2023)",https://unfccc.int/news/cop28-agreement-signals-beginning-of-the-end-of-the-fossil-fuel-era,https://unfccc.int/news/cop28-agreement-signals-beginning-of-the-end-of-the-fossil-fuel-era,url::97dbe9ba6185,normalized_url_cluster,pre_rev0332
S10,"Global Carbon Project, _Global Carbon Budget 2025_ materials (2025)",,,missing-url::S10,missing_url_not_collapsed,pre_rev0332
S11,"IEA, _Global Methane Tracker 2025_ (2025)",https://www.iea.org/reports/global-methane-tracker-2025,https://www.iea.org/reports/global-methane-tracker-2025,url::af9eb1c9740a,normalized_url_cluster,pre_rev0332
S12,"UNEP, _Adaptation Gap Report 2025_ (2025)",https://www.unep.org/resources/adaptation-gap-report-2025,https://www.unep.org/resources/adaptation-gap-report-2025,url::342d51db02ff,normalized_url_cluster,pre_rev0332
S13,"IEA, _Reducing the Cost of Capital_ (2024)",https://www.iea.org/reports/reducing-the-cost-of-capital/executive-summary,https://www.iea.org/reports/reducing-the-cost-of-capital/executive-summary,url::139553fd56db,normalized_url_cluster,pre_rev0332
S14,"IEA, _Grid congestion is posing challenges for energy security and transitions_ (2025)",https://www.iea.org/commentaries/grid-congestion-is-posing-challenges-for-energy-security-and-transitions,https://www.iea.org/commentaries/grid-congestion-is-posing-challenges-for-energy-security-and-transitions,url::3873b30185cd,normalized_url_cluster,pre_rev0332
S15,"WMO, _Early Warnings for All_ resources (2024–2025)",https://wmo.int/activities/early-warnings-all,https://wmo.int/activities/early-warnings-all,url::713ddd6d7393,normalized_url_cluster,pre_rev0332
S16,"UNEP, _Global Cooling Watch 2025_ (2025)",https://www.unep.org/resources/global-cooling-watch-2025,https://www.unep.org/resources/global-cooling-watch-2025,url::0b1dd908bdfe,normalized_url_cluster,pre_rev0332
S17,"IEA, _Staying cool without overheating the energy system_ (2025)",https://www.iea.org/commentaries/staying-cool-without-overheating-the-energy-system,https://www.iea.org/commentaries/staying-cool-without-overheating-the-energy-system,url::ee40cf44cd6d,normalized_url_cluster,pre_rev0332
S18,"FAO, _Greenhouse gas emissions from agrifood systems. Global, regional and country trends, 2001–2023_ (2025)",https://www.fao.org/statistics/highlights-archive/highlights-detail/greenhouse-gas-emissions-from-agrifood-systems.-global--regional-and-country-trends--2001-2023/en,https://www.fao.org/statistics/highlights-archive/highlights-detail/greenhouse-gas-emissions-from-agrifood-systems.-global--regional-and-country-trends--2001-2023/en,url::98182eddb38f,normalized_url_cluster,pre_rev0332
S19,"UNEP, _Global Nitrous Oxide Assessment_ (2024)",https://www.unep.org/resources/report/global-nitrous-oxide-assessment,https://www.unep.org/resources/report/global-nitrous-oxide-assessment,url::4435bc4d5bed,normalized_url_cluster,pre_rev0332
S20,"IPCC, _AR6 WGIII Technical Summary_ (2022)",https://www.ipcc.ch/report/ar6/wg3/chapter/technical-summary/,https://www.ipcc.ch/report/ar6/wg3/chapter/technical-summary,url::c774a3cbcfdf,normalized_url_cluster,pre_rev0332
S21,"UNEP / WRAP, _Food Waste Index Report 2024_ and UNEP release (2024)",,,missing-url::S21,missing_url_not_collapsed,pre_rev0332
S22,"FAO, _Sustainable nitrogen management in agrifood systems_ (2025 release / 2024 report year)",,,missing-url::S22,missing_url_not_collapsed,pre_rev0332
S23,"OECD, _Fossil fuel support_ / OECD Inventory of Support Measures for Fossil Fuels 2025 (2025)",https://www.oecd.org/en/topics/fossil-fuel-support.html,https://www.oecd.org/en/topics/fossil-fuel-support.html,url::62f6f70955de,normalized_url_cluster,pre_rev0332
S24,"IEA, _Coal in Net Zero Transitions: Executive summary_ (2024)",https://www.iea.org/reports/coal-in-net-zero-transitions/executive-summary,https://www.iea.org/reports/coal-in-net-zero-transitions/executive-summary,url::ef8ded3f4a44,normalized_url_cluster,pre_rev0332
S25,"IEA, _Accelerating Just Transitions for the Coal Sector: Executive summary_ (2024)",https://www.iea.org/reports/accelerating-just-transitions-for-the-coal-sector/executive-summary,https://www.iea.org/reports/accelerating-just-transitions-for-the-coal-sector/executive-summary,url::4f63f0349b79,normalized_url_cluster,pre_rev0332
S26,"IEA, _Demand and Supply Measures for the Steel and Cement Transition: Executive summary_ (2025)",https://www.iea.org/reports/demand-and-supply-measures-for-the-steel-and-cement-transition/executive-summary,https://www.iea.org/reports/demand-and-supply-measures-for-the-steel-and-cement-transition/executive-summary,url::9cdf969e0f54,normalized_url_cluster,pre_rev0332
S27,"IEA, _Definitions for Near-Zero and Low-Emissions Steel and Cement, and Underlying Emissions Measurement Methodologies: Executive Summary_ (2024)",https://www.iea.org/reports/definitions-for-near-zero-and-low-emissions-steel-and-cement-and-underlying-emissions-measurement-methodologies/executive-summary,https://www.iea.org/reports/definitions-for-near-zero-and-low-emissions-steel-and-cement-and-underlying-emissions-measurement-methodologies/executive-summary,url::dcaabe08eafe,normalized_url_cluster,pre_rev0332
S28,"UNEP / GlobalABC, _Global Status Report for Buildings and Construction 2024/2025_ (2025)",https://www.unep.org/resources/report/global-status-report-buildings-and-construction-20242025,https://www.unep.org/resources/report/global-status-report-buildings-and-construction-20242025,url::527622509a14,normalized_url_cluster,pre_rev0332
S29,"IEA, _Industry_ tracking page and _Achieving Net Zero Heavy Industry Sectors in G7 Members_ (2023 page; 2022 report)",,,missing-url::S29,missing_url_not_collapsed,pre_rev0332
S30,"IEA, _Global EV Outlook 2025: Executive summary_ (2025)",https://www.iea.org/reports/global-ev-outlook-2025/executive-summary,https://www.iea.org/reports/global-ev-outlook-2025/executive-summary,url::f2dbe8e98fe3,normalized_url_cluster,pre_rev0332
S31,"IEA, _Road transport — Breakthrough Agenda Report 2025_ (2025)",https://www.iea.org/reports/breakthrough-agenda-report-2025/road-transport,https://www.iea.org/reports/breakthrough-agenda-report-2025/road-transport,url::93d5c031782e,normalized_url_cluster,pre_rev0332
S32,"IEA, _Trends in heavy-duty electric vehicles — Global EV Outlook 2025_ (2025)",https://www.iea.org/reports/global-ev-outlook-2025/trends-in-heavy-duty-electric-vehicles,https://www.iea.org/reports/global-ev-outlook-2025/trends-in-heavy-duty-electric-vehicles,url::7bd43ef5e35c,normalized_url_cluster,pre_rev0332
S33,"IEA, _Aviation_ tracking page (2025)",https://www.iea.org/energy-system/transport/aviation,https://www.iea.org/energy-system/transport/aviation,url::4525fe20aa2a,normalized_url_cluster,pre_rev0332
S34,"IMO, _IMO approves net-zero regulations for global shipping_ (2025)",https://www.imo.org/en/mediacentre/pressbriefings/pages/imo-approves-netzero-regulations.aspx,https://www.imo.org/en/mediacentre/pressbriefings/pages/imo-approves-netzero-regulations.aspx,url::73f2bc9f5548,normalized_url_cluster,pre_rev0332
S35,"ICAO, _Long term global aspirational goal (LTAG) for international aviation_ (current page)",https://www.icao.int/environmental-protection/LTAG,https://www.icao.int/environmental-protection/LTAG,url::95681fd61613,normalized_url_cluster,pre_rev0332
S36,"FAO, _Global deforestation slows, but forests remain under pressure, FAO report shows_ / Global Forest Resources Assessment 2025 (2025)",,,missing-url::S36,missing_url_not_collapsed,pre_rev0332
S37,"Convention on Wetlands (Ramsar), _Global Wetland Outlook 2025_ (2025)",,,missing-url::S37,missing_url_not_collapsed,pre_rev0332
S38,"UNEP, _Global Peatlands Assessment: The State of the World’s Peatlands_ (2022)",https://www.unep.org/resources/global-peatlands-assessment-2022,https://www.unep.org/resources/global-peatlands-assessment-2022,url::4ab96d865c74,normalized_url_cluster,pre_rev0332
S39,"Global Carbon Project, _The Global Carbon Budget: FAQs 2025_ (2025)",https://globalcarbonbudget.org/gcb-2025/the-global-carbon-budget-faqs-2025/,https://globalcarbonbudget.org/gcb-2025/the-global-carbon-budget-faqs-2025,url::72ef77e7aee8,normalized_url_cluster,pre_rev0332
S40,"UNDRR, _Global Assessment Report 2025 (GAR 2025): Resilience Pays_ (2025)",https://www.undrr.org/gar/gar2025,https://www.undrr.org/gar/gar2025,url::b93b9ccebc8f,normalized_url_cluster,pre_rev0332
S41,"World Bank, _Rising to the Challenge: Success Stories and Strategies for Achieving Climate Adaptation and Resilience_ (2024 publication page current in 2025–2026)",https://www.worldbank.org/en/publication/rising-to-the-challenge-climate-adaptation-resilience,https://www.worldbank.org/en/publication/rising-to-the-challenge-climate-adaptation-resilience,url::bf86fa40a95f,normalized_url_cluster,pre_rev0332
S42,"The State of Carbon Dioxide Removal, _2nd Edition_ / home summary page (2024, current site)",,,missing-url::S42,missing_url_not_collapsed,pre_rev0332
S43,"IEA, _Carbon Capture Utilisation and Storage_ tracking page (2024)",https://www.iea.org/energy-system/carbon-capture-utilisation-and-storage,https://www.iea.org/energy-system/carbon-capture-utilisation-and-storage,url::6e11045d64b6,normalized_url_cluster,pre_rev0332
S44,"IEA, _Direct Air Capture_ tracking page (2024)",https://www.iea.org/energy-system/carbon-capture-utilisation-and-storage/direct-air-capture,https://www.iea.org/energy-system/carbon-capture-utilisation-and-storage/direct-air-capture,url::a32e51f89d9b,normalized_url_cluster,pre_rev0332
S45,"IEA, _Bioenergy with Carbon Capture and Storage_ tracking page (2024)",https://www.iea.org/energy-system/carbon-capture-utilisation-and-storage/bioenergy-with-carbon-capture-and-storage,https://www.iea.org/energy-system/carbon-capture-utilisation-and-storage/bioenergy-with-carbon-capture-and-storage,url::a75df9184200,normalized_url_cluster,pre_rev0332
S46,"IEA, _CO2 Transport and Storage_ tracking page (2024)",https://www.iea.org/energy-system/carbon-capture-utilisation-and-storage/co2-transport-and-storage,https://www.iea.org/energy-system/carbon-capture-utilisation-and-storage/co2-transport-and-storage,url::57e5e44a45ab,normalized_url_cluster,pre_rev0332
S47,"IEA, _Global Critical Minerals Outlook 2025: Executive summary_ (2025)",https://www.iea.org/reports/global-critical-minerals-outlook-2025/executive-summary,https://www.iea.org/reports/global-critical-minerals-outlook-2025/executive-summary,url::e9b8dee2be94,normalized_url_cluster,pre_rev0332
S48,"IEA, _Batteries and Secure Energy Transitions: Executive summary_ (2024; current analysis page used in archive)",https://www.iea.org/reports/batteries-and-secure-energy-transitions/executive-summary,https://www.iea.org/reports/batteries-and-secure-energy-transitions/executive-summary,url::16442f44a471,normalized_url_cluster,pre_rev0332
S49,"IEA, _Sustainable and Responsible Critical Mineral Supply Chains: Executive summary_ (2023)",https://www.iea.org/reports/sustainable-and-responsible-critical-mineral-supply-chains/executive-summary,https://www.iea.org/reports/sustainable-and-responsible-critical-mineral-supply-chains/executive-summary,url::ed4b911df478,normalized_url_cluster,pre_rev0332
S50,"IEA, _Recycling of Critical Minerals: Executive summary_ (2024)",https://www.iea.org/reports/recycling-of-critical-minerals/executive-summary,https://www.iea.org/reports/recycling-of-critical-minerals/executive-summary,url::25828be658dd,normalized_url_cluster,pre_rev0332
S51,"IEA, _Energy Efficiency 2025 — Buildings_ (2025)",https://www.iea.org/reports/energy-efficiency-2025/buildings,https://www.iea.org/reports/energy-efficiency-2025/buildings,url::3f142e230d21,normalized_url_cluster,pre_rev0332
S52,"IEA, _Heat Pumps_ tracking page (current page; accessed 2026)",https://www.iea.org/energy-system/buildings/heat-pumps,https://www.iea.org/energy-system/buildings/heat-pumps,url::d926836ea496,normalized_url_cluster,pre_rev0332
S53,"IEA, _Energy Efficiency Policy Toolkit 2025 — Heat Pumps for Buildings_ (2025)",https://www.iea.org/reports/energy-efficiency-policy-toolkit-2025/heat-pumps-for-buildings,https://www.iea.org/reports/energy-efficiency-policy-toolkit-2025/heat-pumps-for-buildings,url::64a1a773e1ce,normalized_url_cluster,pre_rev0332
S54,"IEA, _Breakthrough Agenda Report 2025 — Building_ (2025)",https://www.iea.org/reports/breakthrough-agenda-report-2025/building,https://www.iea.org/reports/breakthrough-agenda-report-2025/building,url::91400167e831,normalized_url_cluster,pre_rev0332
S55,"IEA, _Electricity 2026: Executive summary_ (2026)",https://www.iea.org/reports/electricity-2026/executive-summary,https://www.iea.org/reports/electricity-2026/executive-summary,url::c62c6bb136c8,normalized_url_cluster,pre_rev0332
S56,"IEA, _Electricity 2026 — Flexibility_ (2026)",https://www.iea.org/reports/electricity-2026/flexibility,https://www.iea.org/reports/electricity-2026/flexibility,url::7d4cbacfa2d3,normalized_url_cluster,pre_rev0332
S57,"IEA, _Integrating Solar and Wind: Executive summary_ (2024)",https://www.iea.org/reports/integrating-solar-and-wind/executive-summary,https://www.iea.org/reports/integrating-solar-and-wind/executive-summary,url::0f4d0748ab49,normalized_url_cluster,pre_rev0332
S58,"IEA, _The Value of Demand Flexibility: Executive summary_ (2025)",https://www.iea.org/reports/the-value-of-demand-flexibility/executive-summary,https://www.iea.org/reports/the-value-of-demand-flexibility/executive-summary,url::d300d578e849,normalized_url_cluster,pre_rev0332
S59,"OECD, _Governing for the green transition_ / _Government at a Glance 2025_ chapter (2025)",,,missing-url::S59,missing_url_not_collapsed,pre_rev0332
S60,"OECD, _Diagnostic Toolkit for Reducing Regulatory Barriers to Solar, Wind and Pumped Hydro Storage in the European Union — Spatial Planning and Permitting_ (2025)",https://www.oecd.org/en/publications/diagnostic-toolkit-for-reducing-regulatory-barriers-to-solar-wind-and-pumped-hydro-storage-in-the-european-union_15f4aed4-en/full-report/spatial-planning-and-permitting_279bc96f.html,https://www.oecd.org/en/publications/diagnostic-toolkit-for-reducing-regulatory-barriers-to-solar-wind-and-pumped-hydro-storage-in-the-european-union_15f4aed4-en/full-report/spatial-planning-and-permitting_279bc96f.html,url::6f879d1ba2e8,normalized_url_cluster,pre_rev0332
S61,"OECD, _Regulating for the planet: OECD Regulatory Policy Outlook 2025_ (2025)",https://www.oecd.org/en/publications/oecd-regulatory-policy-outlook-2025_56b60e39-en/full-report/regulating-for-the-planet_a5fdd03c.html,https://www.oecd.org/en/publications/oecd-regulatory-policy-outlook-2025_56b60e39-en/full-report/regulating-for-the-planet_a5fdd03c.html,url::15b6969178ee,normalized_url_cluster,pre_rev0332
S62,"IEA, _World Energy Employment 2025: Executive summary_ (2025)",https://www.iea.org/reports/world-energy-employment-2025/executive-summary,https://www.iea.org/reports/world-energy-employment-2025/executive-summary,url::1e22769b7a89,normalized_url_cluster,pre_rev0332
S63,"IRENA, _Renewable energy and jobs: Annual review 2025_ (2026)",https://www.irena.org/Publications/2026/Jan/Renewable-energy-and-jobs-Annual-review-2025,https://www.irena.org/Publications/2026/Jan/Renewable-energy-and-jobs-Annual-review-2025,url::efba96ee815b,normalized_url_cluster,pre_rev0332
S64,"IEA, _Renewables 2025: Executive summary_ (2025)",https://www.iea.org/reports/renewables-2025/executive-summary,https://www.iea.org/reports/renewables-2025/executive-summary,url::9c811360a9b8,normalized_url_cluster,pre_rev0332
S65,"UNFCCC, _2025 Synthesis Report of Biennial Transparency Reports_ (2025)",https://unfccc.int/process-and-meetings/transparency-and-reporting/reporting-and-review/reporting-and-review-under-the-paris-agreement/biennial-transparency-reports/2025-synthesis-report-of-biennial-transparency-reports,https://unfccc.int/process-and-meetings/transparency-and-reporting/reporting-and-review/reporting-and-review-under-the-paris-agreement/biennial-transparency-reports/2025-synthesis-report-of-biennial-transparency-reports,url::270de13a731f,normalized_url_cluster,pre_rev0332
S66,"UNEP, _Methane Alert and Response System (MARS)_ (page updated 2025)",https://www.unep.org/topics/energy/methane/methane-alert-and-response-system-mars,https://www.unep.org/topics/energy/methane/methane-alert-and-response-system-mars,url::da6c791bf946,normalized_url_cluster,pre_rev0332
S67,"UNEP, _Better data driving action on methane emissions, but more work needed_ (2025)",https://www.unep.org/news-and-stories/press-release/better-data-driving-action-methane-emissions-more-work-needed,https://www.unep.org/news-and-stories/press-release/better-data-driving-action-methane-emissions-more-work-needed,url::d21deae252ea,normalized_url_cluster,pre_rev0332
S68,"IEA, _Definitions for Near-Zero and Low-Emissions Steel and Cement, and Underlying Emissions Measurement Methodologies_ (2024)",https://www.iea.org/reports/definitions-for-near-zero-and-low-emissions-steel-and-cement-and-underlying-emissions-measurement-methodologies/executive-summary,https://www.iea.org/reports/definitions-for-near-zero-and-low-emissions-steel-and-cement-and-underlying-emissions-measurement-methodologies/executive-summary,url::dcaabe08eafe,normalized_url_cluster,pre_rev0332
S69,"IEA, _Household Energy Affordability: Executive summary_ (2026)",https://www.iea.org/reports/household-energy-affordability/executive-summary,https://www.iea.org/reports/household-energy-affordability/executive-summary,url::036d0a1a44b3,normalized_url_cluster,pre_rev0332
S70,"World Bank / IEA / IRENA / WHO / UNSD, _Tracking SDG 7: The Energy Progress Report 2025_ (2025)",https://www.worldbank.org/en/topic/energy/publication/tracking-sdg-7-the-energy-progress-report-2025,https://www.worldbank.org/en/topic/energy/publication/tracking-sdg-7-the-energy-progress-report-2025,url::e703c97438f5,normalized_url_cluster,pre_rev0332
S71,"ILO, _World Social Protection Report 2024-26: Universal social protection for climate action and a just transition_ (2024)",https://www.ilo.org/publications/flagship-reports/world-social-protection-report-2024-26-universal-social-protection-climate,https://www.ilo.org/publications/flagship-reports/world-social-protection-report-2024-26-universal-social-protection-climate,url::ac4b2a26cc3b,normalized_url_cluster,pre_rev0332
S72,"WMO, _State of Global Water Resources 2024_ (2025)",https://wmo.int/resources/publication-series/state-of-global-water-resources/state-of-global-water-resources-2024,https://wmo.int/resources/publication-series/state-of-global-water-resources/state-of-global-water-resources-2024,url::f4a48e6fabc7,normalized_url_cluster,pre_rev0332
S73,"UN-Water / UNESCO, _UN World Water Development Report 2025: Mountains and Glaciers – Water towers_ (2025)",https://www.unwater.org/publications/un-world-water-development-report-2025,https://www.unwater.org/publications/un-world-water-development-report-2025,url::82ccf6fb95ac,normalized_url_cluster,pre_rev0332
S74,"World Bank, _Drought Resilience_ (page updated 2025)",https://www.worldbank.org/en/topic/water/brief/drought-resilience,https://www.worldbank.org/en/topic/water/brief/drought-resilience,url::c26430db293c,normalized_url_cluster,pre_rev0332
S75,"World Bank, _Continental Drying: A Threat to Our Common Future_ (2025)",https://www.worldbank.org/en/publication/continental-drying-a-threat-to-our-common-future,https://www.worldbank.org/en/publication/continental-drying-a-threat-to-our-common-future,url::357e65cdd9fb,normalized_url_cluster,pre_rev0332
S76,"IEA, _Electricity 2025: Executive summary_ (2025)",https://www.iea.org/reports/electricity-2025/executive-summary,https://www.iea.org/reports/electricity-2025/executive-summary,url::7108fa57c5c6,normalized_url_cluster,pre_rev0332
S77,"UNDP / UN-Habitat / University of Southern Denmark, _Urban Content of NDCs: Local Climate Action Explored Through In-Depth Country Analyses_ (2024)",https://www.undp.org/publications/urban-content-ndcs-local-climate-action-explored-through-depth-country-analyses,https://www.undp.org/publications/urban-content-ndcs-local-climate-action-explored-through-depth-country-analyses,url::3e9c4fd9c826,normalized_url_cluster,pre_rev0332
S78,"UN-Habitat, _World Cities Report 2024: Cities and Climate Action_ (2024)",https://unhabitat.org/wcr/,https://unhabitat.org/wcr,url::d26205947543,normalized_url_cluster,pre_rev0332
S79,"IEA, _Empowering Urban Energy Transitions: Executive summary_ (2024)",https://www.iea.org/reports/empowering-urban-energy-transitions/executive-summary,https://www.iea.org/reports/empowering-urban-energy-transitions/executive-summary,url::07e0932e24c4,normalized_url_cluster,pre_rev0332
S80,"IEA, _Energy Efficiency Policy Toolkit 2025 — Cities_ (2025)",https://www.iea.org/reports/energy-efficiency-policy-toolkit-2025/cities,https://www.iea.org/reports/energy-efficiency-policy-toolkit-2025/cities,url::1671cc1ee062,normalized_url_cluster,pre_rev0332
S81,"OECD, _Financial Protection Against Catastrophic Risks_ (2026)",https://www.oecd.org/en/publications/financial-protection-against-catastrophic-risks_32a3acd7-en/full-report/assessment-and-recommendations_48bcda8b.html,https://www.oecd.org/en/publications/financial-protection-against-catastrophic-risks_32a3acd7-en/full-report/assessment-and-recommendations_48bcda8b.html,url::c8d58e1f1dbc,normalized_url_cluster,pre_rev0332
S82,"Swiss Re Institute, _sigma 1/2025: Natural catastrophes: insured losses on trend to USD 145 billion in 2025_ (2025)",https://www.swissre.com/institute/research/sigma-research/sigma-2025-01-natural-catastrophes-trend.html,https://www.swissre.com/institute/research/sigma-research/sigma-2025-01-natural-catastrophes-trend.html,url::0af8e8398e2a,normalized_url_cluster,pre_rev0332
S83,"UNDRR, _Global Assessment Report 2025 / Resilience Pays: Financing and Investing for our Future_ (2025)",https://www.undrr.org/media/107058,https://www.undrr.org/media/107058,url::5eca20f39335,normalized_url_cluster,pre_rev0332
S84,"World Bank, _The Adaptation Principles: A Guide for Designing Strategies for Climate Change Adaptation and Resilience_ (2020, used here for still-relevant planning doctrine)",https://documents1.worldbank.org/curated/en/546611605298449211/pdf/The-Adaptation-Principles-A-Guide-for-Designing-Strategies-for-Climate-Change-Adaptation-and-Resilience.pdf,https://documents1.worldbank.org/curated/en/546611605298449211/pdf/The-Adaptation-Principles-A-Guide-for-Designing-Strategies-for-Climate-Change-Adaptation-and-Resilience.pdf,url::e20c04c65336,normalized_url_cluster,pre_rev0332
S85,"WHO, _Air pollution_ / air-quality-and-health pages (current pages, accessed 2026)",,,missing-url::S85,missing_url_not_collapsed,pre_rev0332
S86,"WHO, _Heat and health_ fact sheet (2024)",https://www.who.int/news-room/fact-sheets/detail/climate-change-heat-and-health,https://www.who.int/news-room/fact-sheets/detail/climate-change-heat-and-health,url::194f3653ddf1,normalized_url_cluster,pre_rev0332
S87,"ILO, _Safety and health at work_ / excessive heat resources (2024–2025)",,,missing-url::S87,missing_url_not_collapsed,pre_rev0332
S88,"Lancet Countdown, _Explore Our Data_ / 2025 report indicators (2025)",,,missing-url::S88,missing_url_not_collapsed,pre_rev0332
S89,"WHO, _Building climate-resilient health systems_ (current page, accessed 2026)",https://www.who.int/teams/environment-climate-change-and-health/climate-change-and-health/country-support/building-climate-resilient-health-systems,https://www.who.int/teams/environment-climate-change-and-health/climate-change-and-health/country-support/building-climate-resilient-health-systems,url::d47c87158dc0,normalized_url_cluster,pre_rev0332
S90,"WHO, _Climate change_ topic pages and consultation material on the Global Plan of Action on Climate Change and Health (current / 2024 pages, accessed 2026)",,,missing-url::S90,missing_url_not_collapsed,pre_rev0332
S91,"IEA, _Reducing the Cost of Capital_ (2024)",https://www.iea.org/reports/reducing-the-cost-of-capital/executive-summary,https://www.iea.org/reports/reducing-the-cost-of-capital/executive-summary,url::139553fd56db,normalized_url_cluster,pre_rev0332
S92,"OECD, _Global Debt Report 2025_ / “Debt financing for the climate transition” (2025)",https://www.oecd.org/en/publications/2025/03/global-debt-report-2025_bab6b51e/full-report/debt-financing-for-the-climate-transition_ea7c1ec5.html,https://www.oecd.org/en/publications/2025/03/global-debt-report-2025_bab6b51e/full-report/debt-financing-for-the-climate-transition_ea7c1ec5.html,url::d24deb43c81e,normalized_url_cluster,pre_rev0332
S93,"IMF, _Debt Vulnerabilities and Financing Challenges in Emerging Markets and Developing Economies: An Overview of Key Data_ (2025)",https://www.imf.org/-/media/files/publications/pp/2025/english/ppea2025002.pdf,https://www.imf.org/-/media/files/publications/pp/2025/english/ppea2025002.pdf,url::8c851e61c1f9,normalized_url_cluster,pre_rev0332
S94,"UNFCCC, _COP29 UN Climate Conference Agrees to Triple Finance to Developing Countries_ (2024)",https://unfccc.int/news/cop29-un-climate-conference-agrees-to-triple-finance-to-developing-countries-protecting-lives-and,https://unfccc.int/news/cop29-un-climate-conference-agrees-to-triple-finance-to-developing-countries-protecting-lives-and,url::3ec56fa74bf3,normalized_url_cluster,pre_rev0332
S95,"OECD, _Unlocking local currency financing in emerging markets and developing economies_ (2025)",https://www.oecd.org/en/publications/unlocking-local-currency-financing-in-emerging-markets-and-developing-economies_bc84fde7-en.html,https://www.oecd.org/en/publications/unlocking-local-currency-financing-in-emerging-markets-and-developing-economies_bc84fde7-en.html,url::47a713295c44,normalized_url_cluster,pre_rev0332
S96,"World Bank Group, _World Bank Group Guarantee Platform Goes Live_ (2024)",https://www.worldbank.org/en/news/press-release/2024/07/01/world-bank-group-guarantee-platform-goes-live,https://www.worldbank.org/en/news/press-release/2024/07/01/world-bank-group-guarantee-platform-goes-live,url::e6057477e56c,normalized_url_cluster,pre_rev0332
S97,"OECD, _Unlocking the potential of demand-side climate mitigation strategies_ (2025)",https://www.oecd.org/content/dam/oecd/en/publications/reports/2025/03/unlocking-the-potential-of-demand-side-climate-mitigation-strategies_194d0bae/78b3a9d0-en.pdf,https://www.oecd.org/content/dam/oecd/en/publications/reports/2025/03/unlocking-the-potential-of-demand-side-climate-mitigation-strategies_194d0bae/78b3a9d0-en.pdf,url::71b417d1284a,normalized_url_cluster,pre_rev0332
S98,"IPCC, _AR6 WGIII Summary for Policymakers_ (2022, current baseline)",https://www.ipcc.ch/report/ar6/wg3/chapter/summary-for-policymakers/,https://www.ipcc.ch/report/ar6/wg3/chapter/summary-for-policymakers,url::2b6f388cd88e,normalized_url_cluster,pre_rev0332
S99,"UNEP-hosted International Resource Panel, _Global Resources Outlook 2024_ / UNEP launch summary (2024)",,,missing-url::S99,missing_url_not_collapsed,pre_rev0332
S100,"IEA, _World Energy Outlook 2025 — Net Zero Emissions by 2050_ (2025)",https://www.iea.org/reports/world-energy-outlook-2025/net-zero-emissions-by-2050,https://www.iea.org/reports/world-energy-outlook-2025/net-zero-emissions-by-2050,url::f3db7cd64234,normalized_url_cluster,pre_rev0332
S101,"UNEP, _Emissions Gap Report 2025: Off Target_ / UNEP press release (2025)",,,missing-url::S101,missing_url_not_collapsed,pre_rev0332
S102,"IEA, _World Energy Investment 2025: Executive summary_ (2025)",https://www.iea.org/reports/world-energy-investment-2025/executive-summary,https://www.iea.org/reports/world-energy-investment-2025/executive-summary,url::fdf36bfd0ab5,normalized_url_cluster,pre_rev0332
S103,"IEA, _Electricity 2026 — Grids_ (2026)",https://www.iea.org/reports/electricity-2026/grids,https://www.iea.org/reports/electricity-2026/grids,url::1a73e680f892,normalized_url_cluster,pre_rev0332
S104,"UNEP, _Global Cooling Watch 2025_ (2025)",https://www.unep.org/resources/global-cooling-watch-2025,https://www.unep.org/resources/global-cooling-watch-2025,url::0b1dd908bdfe,normalized_url_cluster,pre_rev0332
S105,"WMO, _WMO confirms 2025 was one of warmest years on record_ (2026)",https://wmo.int/news/media-centre/wmo-confirms-2025-was-one-of-warmest-years-record,https://wmo.int/news/media-centre/wmo-confirms-2025-was-one-of-warmest-years-record,url::6b919f4f6a30,normalized_url_cluster,pre_rev0332
S106,"IEA, _Energy Efficiency 2025: Executive summary_ (2025)",https://www.iea.org/reports/energy-efficiency-2025/executive-summary,https://www.iea.org/reports/energy-efficiency-2025/executive-summary,url::0928c47bcbaa,normalized_url_cluster,pre_rev0332
S107,"IRENA, _Renewable Power Generation Costs in 2024_ / 2025 press release summary (2025)",,,missing-url::S107,missing_url_not_collapsed,pre_rev0332
S108,"WMO / UNDRR, _Global Status of Multi-Hazard Early Warning Systems 2025_ / related WMO-UNDRR releases (2025)",,,missing-url::S108,missing_url_not_collapsed,pre_rev0332
S109,"WMO, _WMO report documents spiralling weather and climate impacts_ (2025)",https://wmo.int/news/media-centre/wmo-report-documents-spiralling-weather-and-climate-impacts,https://wmo.int/news/media-centre/wmo-report-documents-spiralling-weather-and-climate-impacts,url::a2e4db650acc,normalized_url_cluster,pre_rev0332
S110,"IPCC, _AR6 WGII Summary for Policymakers — Headline Statements_ (2022, current baseline)",https://www.ipcc.ch/report/ar6/wg2/resources/spm-headline-statements/,https://www.ipcc.ch/report/ar6/wg2/resources/spm-headline-statements,url::b4780cb8c25f,normalized_url_cluster,pre_rev0332
S111,"IEA, _The Value of Demand Flexibility: Executive summary_ (2025)",https://www.iea.org/reports/the-value-of-demand-flexibility/executive-summary,https://www.iea.org/reports/the-value-of-demand-flexibility/executive-summary,url::d300d578e849,normalized_url_cluster,pre_rev0332
S112,"OECD, _Packaging and sequencing policies for more effective climate action_ (2025)",https://www.oecd.org/en/publications/packaging-and-sequencing-policies-for-more-effective-climate-action_51d3656b-en.html,https://www.oecd.org/en/publications/packaging-and-sequencing-policies-for-more-effective-climate-action_51d3656b-en.html,url::d489723b21b3,normalized_url_cluster,pre_rev0332
S113,"UNFCCC, _Transparency under the Paris Agreement: Driving implementation_ / BTR and ETF pages (2025–2026)",,,missing-url::S113,missing_url_not_collapsed,pre_rev0332
S114,"OECD, _The Climate Action Monitor 2025_ (2025)",,,missing-url::S114,missing_url_not_collapsed,pre_rev0332
S115,"OECD, _Harnessing Mission Governance to Achieve National Climate Targets_ (2025)",https://www.oecd.org/en/publications/harnessing-mission-governance-to-achieve-national-climate-targets_781146eb-en.html,https://www.oecd.org/en/publications/harnessing-mission-governance-to-achieve-national-climate-targets_781146eb-en.html,url::bd0094378ebf,normalized_url_cluster,pre_rev0332
S116,"UNFCCC, _Yearbook of Global Climate Action 2025_ / launch article (2025)",,,missing-url::S116,missing_url_not_collapsed,pre_rev0332
S117,"OECD, _A place-based approach to climate action and resilience_ (2025)",https://www.oecd.org/en/publications/a-place-based-approach-to-climate-action-and-resilience_fafbf518-en.html,https://www.oecd.org/en/publications/a-place-based-approach-to-climate-action-and-resilience_fafbf518-en.html,url::837e2203287a,normalized_url_cluster,pre_rev0332
S118,"OECD, _Regulating for people: OECD Regulatory Policy Outlook 2025_ (2025)",https://www.oecd.org/en/publications/oecd-regulatory-policy-outlook-2025_56b60e39-en/full-report/regulating-for-people_6d2fc8d4.html,https://www.oecd.org/en/publications/oecd-regulatory-policy-outlook-2025_56b60e39-en/full-report/regulating-for-people_6d2fc8d4.html,url::bdec95c7ee6b,normalized_url_cluster,pre_rev0332
S119,"IEA, _Energy Efficiency Policy Toolkit 2024: From Versailles to Nairobi_ (2024)",https://www.iea.org/reports/energy-efficiency-policy-toolkit-2024/energy-efficiency-policy-toolkit-2024-from-versailles-to-nairobi,https://www.iea.org/reports/energy-efficiency-policy-toolkit-2024/energy-efficiency-policy-toolkit-2024-from-versailles-to-nairobi,url::ae821617d862,normalized_url_cluster,pre_rev0332
S120,"UNEP, _In warming world, new report charts how to expand cooling access to all without spiking emissions_ / _Global Cooling Watch 2025_ (2025)",,,missing-url::S120,missing_url_not_collapsed,pre_rev0332
S121,"OECD, _Management of asset performance throughout the life cycle_ / related _Government at a Glance 2025_ infrastructure-governance sections (2025)",,,missing-url::S121,missing_url_not_collapsed,pre_rev0332
S122,"IEA, _Building the Future Transmission Grid: Executive summary_ (2025)",https://www.iea.org/reports/building-the-future-transmission-grid/executive-summary,https://www.iea.org/reports/building-the-future-transmission-grid/executive-summary,url::61cddaf9cf0d,normalized_url_cluster,pre_rev0332
S123,"OECD, _Towards interoperable carbon intensity metrics: Assessing monitoring, reporting and verification systems_ (2025)",https://www.oecd.org/en/publications/towards-interoperable-carbon-intensity-metrics_b185bcfa-en.html,https://www.oecd.org/en/publications/towards-interoperable-carbon-intensity-metrics_b185bcfa-en.html,url::bb649ed3a344,normalized_url_cluster,pre_rev0332
S124,"OECD, _Reinforcing Regulatory Frameworks through Standards, Measurements and Assurance: Making Better Use of Quality Infrastructure in Policymaking_ (2025)",,,missing-url::S124,missing_url_not_collapsed,pre_rev0332
S125,"IEA, _Breakthrough Agenda Report 2025_ — road transport section (2025)",https://www.iea.org/reports/breakthrough-agenda-report-2025/road-transport,https://www.iea.org/reports/breakthrough-agenda-report-2025/road-transport,url::93d5c031782e,normalized_url_cluster,pre_rev0332
S126,"OECD, _OECD Supply Chain Resilience Review: Navigating Risks_ (2025)",https://www.oecd.org/en/publications/oecd-supply-chain-resilience-review_94e3a8ea-en.html,https://www.oecd.org/en/publications/oecd-supply-chain-resilience-review_94e3a8ea-en.html,url::a941569a0f65,normalized_url_cluster,pre_rev0332
S127,"OECD, _Enhancing the resilience of communication networks_ (2025)",https://www.oecd.org/en/publications/enhancing-the-resilience-of-communication-networks_d6920477-en.html,https://www.oecd.org/en/publications/enhancing-the-resilience-of-communication-networks_d6920477-en.html,url::db53d8a5e85e,normalized_url_cluster,pre_rev0332
S128,"OECD, _Infrastructure for a Climate-Resilient Future_ (2024)",https://www.oecd.org/en/publications/infrastructure-for-a-climate-resilient-future_a74a45b0-en.html,https://www.oecd.org/en/publications/infrastructure-for-a-climate-resilient-future_a74a45b0-en.html,url::2dad1ea390af,normalized_url_cluster,pre_rev0332
S129,"OECD, _OECD Guidelines for Fighting Bid Rigging in Public Procurement (2025 Update)_ (2025)",https://www.oecd.org/en/publications/oecd-guidelines-for-fighting-bid-rigging-in-public-procurement-2025-update_cbe05a56-en/full-report.html,https://www.oecd.org/en/publications/oecd-guidelines-for-fighting-bid-rigging-in-public-procurement-2025-update_cbe05a56-en/full-report.html,url::6ac98f2dc48c,normalized_url_cluster,pre_rev0332
S130,"OECD, _Implementing the OECD Recommendation on Public Procurement in OECD and Partner Countries: 2020-2024 Report_ (2025)",https://www.oecd.org/en/publications/implementing-the-oecd-recommendation-on-public-procurement-in-oecd-and-partner-countries_02a46a58-en.html,https://www.oecd.org/en/publications/implementing-the-oecd-recommendation-on-public-procurement-in-oecd-and-partner-countries_02a46a58-en.html,url::6363d6638c5a,normalized_url_cluster,pre_rev0332
S131,"World Bank, _Project Procurement_ / _Project Procurement Framework_ pages (2025)",,,missing-url::S131,missing_url_not_collapsed,pre_rev0332
S132,"IEA, _COP28 Tripling Renewable Capacity Pledge_ — policy priority areas for advanced economies and for developing and emerging economies (2024, used in 2026 archive revision)",,,missing-url::S132,missing_url_not_collapsed,pre_rev0332
S133,"Climate and Clean Air Coalition / UNEP, _Global Methane Status Report 2025_ and related Global Methane Pledge pages (2025–2026)",,,missing-url::S133,missing_url_not_collapsed,pre_rev0332
S134,"IEA, _Energy Efficiency_ topic page / tracking page (current 2025 view)",https://www.iea.org/energy-system/energy-efficiency-and-demand/energy-efficiency,https://www.iea.org/energy-system/energy-efficiency-and-demand/energy-efficiency,url::da099cf0e0ce,normalized_url_cluster,pre_rev0332
S135,"UNFCCC, _Paris Agreement Crediting Mechanism_ / _Key rules agreed for credible climate project crediting under UN carbon market_ / ETF FAQ (2025–2026)",,,missing-url::S135,missing_url_not_collapsed,pre_rev0332
S136,"World Bank, _Measuring, Reporting, and Verifying (MRV) Carbon Credits_ and _Carbon Crediting: A Results-based Approach to Mobilizing Additional Climate Financing_ (2025)",,,missing-url::S136,missing_url_not_collapsed,pre_rev0332
S137,"IEA, _Designing Energy Efficiency Policies to Enhance Affordability_ (2025)",https://www.iea.org/reports/designing-energy-efficiency-policies-to-enhance-affordability,https://www.iea.org/reports/designing-energy-efficiency-policies-to-enhance-affordability,url::8cf01d4c7c6d,normalized_url_cluster,pre_rev0332
S138,"OECD, _Investing in Climate for Growth and Development: Policy Highlights_ (2025)",https://www.oecd.org/en/publications/investing-in-climate-for-growth-and-development_16b7cbc7-en/full-report/investing-in-climate-for-growth-and-development-policy-highlights_867ee4f8.html,https://www.oecd.org/en/publications/investing-in-climate-for-growth-and-development_16b7cbc7-en/full-report/investing-in-climate-for-growth-and-development-policy-highlights_867ee4f8.html,url::c826b6f49116,normalized_url_cluster,pre_rev0332
S139,"IEA, _Fossil Fuel Subsidies_ topic page (current 2026 view)",https://www.iea.org/topics/fossil-fuel-subsidies,https://www.iea.org/topics/fossil-fuel-subsidies,url::144d22758adc,normalized_url_cluster,pre_rev0332
S140,"OECD, _Getting the Public on Side_ (2025)",https://www.oecd.org/en/publications/getting-the-public-on-side_262255fd-en.html,https://www.oecd.org/en/publications/getting-the-public-on-side_262255fd-en.html,url::2306cb4f30a1,normalized_url_cluster,pre_rev0332
S141,"IEA, _People-Centred Clean Energy Transitions_ programme page / _IEA Global Commission launches landmark Blueprint for Action on Just and Inclusive Energy Transitions_ (2025)",,,missing-url::S141,missing_url_not_collapsed,pre_rev0332
S142,"UNFCCC, _New Report on Just Transition Frameworks_ and _UN Climate Change Quarterly Update: Q4 2025_ (2025–2026)",,,missing-url::S142,missing_url_not_collapsed,pre_rev0332
S143,"IEA, _Strategies for Affordable and Fair Clean Energy Transitions: Executive summary_ (2025)",https://www.iea.org/reports/strategies-for-affordable-and-fair-clean-energy-transitions/executive-summary,https://www.iea.org/reports/strategies-for-affordable-and-fair-clean-energy-transitions/executive-summary,url::b36ba6ff37d4,normalized_url_cluster,pre_rev0332
S144,"IEA, _Why the growth of energy service companies is uneven globally_ (2026)",https://www.iea.org/commentaries/why-the-growth-of-energy-service-companies-is-uneven-globally,https://www.iea.org/commentaries/why-the-growth-of-energy-service-companies-is-uneven-globally,url::66e712513e72,normalized_url_cluster,pre_rev0332
S145,"OECD, _Fossil fuel support_ topic page / 2025 Inventory of Support Measures for Fossil Fuels (current 2026 view)",https://www.oecd.org/en/topics/fossil-fuel-support.html,https://www.oecd.org/en/topics/fossil-fuel-support.html,url::62f6f70955de,normalized_url_cluster,pre_rev0332
S146,"IEA, _Energy Efficiency Policy Toolkit 2025 — Appliances_ (2025)",https://www.iea.org/reports/energy-efficiency-policy-toolkit-2025/appliances,https://www.iea.org/reports/energy-efficiency-policy-toolkit-2025/appliances,url::7e5081a59b74,normalized_url_cluster,pre_rev0332
S147,"OECD, _Governing for the green transition: Government at a Glance 2025_ (2025)",https://www.oecd.org/en/publications/government-at-a-glance-2025_0efd0bcd-en/full-report/governing-for-the-green-transition_075e9a83.html,https://www.oecd.org/en/publications/government-at-a-glance-2025_0efd0bcd-en/full-report/governing-for-the-green-transition_075e9a83.html,url::b8ea4068b9cb,normalized_url_cluster,pre_rev0332
S148,"OECD, _The Paris Agreement at Ten Years_ (2025)",https://www.oecd.org/en/publications/the-paris-agreement-at-ten-years_c5f214dc-en.html,https://www.oecd.org/en/publications/the-paris-agreement-at-ten-years_c5f214dc-en.html,url::7a4280634f73,normalized_url_cluster,pre_rev0332
S149,"IEA, _Renewables_ topic page (updated 30 January 2025; accessed March 2026)",https://www.iea.org/energy-system/renewables,https://www.iea.org/energy-system/renewables,url::168ea1e039d5,normalized_url_cluster,pre_rev0332
S150,"OECD, _Implementing regional development strategies_ (2025)",https://www.oecd.org/en/publications/implementing-regional-development-strategies_ae8b0b0e-en.html,https://www.oecd.org/en/publications/implementing-regional-development-strategies_ae8b0b0e-en.html,url::aaa13916a358,normalized_url_cluster,pre_rev0332
S151,"IEA, _Energy Efficiency Policy Toolkit 2025_ (2025)",https://www.iea.org/reports/energy-efficiency-policy-toolkit-2025,https://www.iea.org/reports/energy-efficiency-policy-toolkit-2025,url::3d55508db863,normalized_url_cluster,pre_rev0332
S152,"NDC Partnership, _From Plans to Progress: Essential Actions for Effective NDC Implementation_ (2025)",https://ndcpartnership.org/news/plans-progress-essential-actions-effective-ndc-implementation,https://ndcpartnership.org/news/plans-progress-essential-actions-effective-ndc-implementation,url::e1bbcfb67d8c,normalized_url_cluster,pre_rev0332
S153,"OECD, _Principle 2: Design blended finance to increase the mobilisation of commercial finance_ in _OECD DAC Blended Finance Guidance 2025_ (2025)",https://www.oecd.org/en/publications/oecd-dac-blended-finance-guidance-2025_e4a13d2c-en/full-report/principle-2-design-blended-finance-to-increase-the-mobilisation-of-commercial-finance_996e5e2d.html,https://www.oecd.org/en/publications/oecd-dac-blended-finance-guidance-2025_e4a13d2c-en/full-report/principle-2-design-blended-finance-to-increase-the-mobilisation-of-commercial-finance_996e5e2d.html,url::2058deb5f4d0,normalized_url_cluster,pre_rev0332
S154,"IEA, _Innovation needs in the Sustainable Development Scenario_ (2019; accessed March 2026)",https://www.iea.org/reports/clean-energy-innovation/innovation-needs-in-the-sustainable-development-scenario,https://www.iea.org/reports/clean-energy-innovation/innovation-needs-in-the-sustainable-development-scenario,url::bb698e4bf521,normalized_url_cluster,pre_rev0332
S155,"IEA, _Solar PV_ topic page (updated 2025; accessed March 2026)",https://www.iea.org/energy-system/renewables/solar-pv,https://www.iea.org/energy-system/renewables/solar-pv,url::70ef4ce25df1,normalized_url_cluster,pre_rev0332
S156,"IRENA, _Enhancing resilience: Climate-proofing power infrastructure_ (2025)",https://www.irena.org/-/media/Files/IRENA/Agency/Publication/2025/Dec/IRENA_TEC_Enhancing_resilience_power_infrastructure_2025.pdf,https://www.irena.org/-/media/Files/IRENA/Agency/Publication/2025/Dec/IRENA_TEC_Enhancing_resilience_power_infrastructure_2025.pdf,url::ccfc0582c7c3,normalized_url_cluster,pre_rev0332
S157,"IEA, _Net Zero Roadmap: A Global Pathway to Keep the 1.5 °C Goal in Reach — Executive summary_ (2023; accessed March 2026)",https://www.iea.org/reports/net-zero-roadmap-a-global-pathway-to-keep-the-15-c-goal-in-reach/executive-summary,https://www.iea.org/reports/net-zero-roadmap-a-global-pathway-to-keep-the-15-c-goal-in-reach/executive-summary,url::f2961afab4fa,normalized_url_cluster,pre_rev0332
S158,"IEA, _Global energy investment set to rise to $3.3 trillion in 2025 amid economic uncertainty and energy security concerns_ (news summary of _World Energy Investment 2025_, 5 June 2025)",https://www.iea.org/news/global-energy-investment-set-to-rise-to-33-trillion-in-2025-amid-economic-uncertainty-and-energy-security-concerns,https://www.iea.org/news/global-energy-investment-set-to-rise-to-33-trillion-in-2025-amid-economic-uncertainty-and-energy-security-concerns,url::d39ed86070a7,normalized_url_cluster,pre_rev0332
S159,"IEA, _Coal_ topic page (updated 26 March 2024; accessed March 2026)",https://www.iea.org/energy-system/fossil-fuels/coal,https://www.iea.org/energy-system/fossil-fuels/coal,url::38a84fa2a96c,normalized_url_cluster,pre_rev0332
S160,"IEA, _Global Hydrogen Review 2025 — Trade and infrastructure_ (2025)",https://www.iea.org/reports/global-hydrogen-review-2025/trade-and-infrastructure,https://www.iea.org/reports/global-hydrogen-review-2025/trade-and-infrastructure,url::44ac30f98392,normalized_url_cluster,pre_rev0332
S161,"OECD, _Managing climate-related risks for resilient real estate_ in _Future-Proofing Real Estate Investment_ (2025)",https://www.oecd.org/en/publications/future-proofing-real-estate-investment_2dd12063-en/full-report/managing-climate-related-risks-for-resilient-real-estate_fe6a5ab0.html,https://www.oecd.org/en/publications/future-proofing-real-estate-investment_2dd12063-en/full-report/managing-climate-related-risks-for-resilient-real-estate_fe6a5ab0.html,url::47437f243866,normalized_url_cluster,pre_rev0332
S162,"IEA, _Buildings_ in _Energy Efficiency Policy Toolkit 2025_ (2025)",https://www.iea.org/reports/energy-efficiency-policy-toolkit-2025/buildings,https://www.iea.org/reports/energy-efficiency-policy-toolkit-2025/buildings,url::aee4c10ec405,normalized_url_cluster,pre_rev0332
S163,"IEA, _Executive summary_ in _Global EV Outlook 2025_ (2025)",https://www.iea.org/reports/global-ev-outlook-2025/executive-summary,https://www.iea.org/reports/global-ev-outlook-2025/executive-summary,url::f2dbe8e98fe3,normalized_url_cluster,pre_rev0332
S164,"UNDRR, _Strengthening readiness for resilient recovery_ (2025)",https://www.undrr.org/implementing-sendai-framework/strenthening-readiness-for-resilient-recovery,https://www.undrr.org/implementing-sendai-framework/strenthening-readiness-for-resilient-recovery,url::a553a6598975,normalized_url_cluster,pre_rev0332
S165,"IEA, _Germany 2025_ (2025)",https://www.iea.org/reports/germany-2025,https://www.iea.org/reports/germany-2025,url::e109037b3f98,normalized_url_cluster,pre_rev0332
S166,"IEA, _Energy Efficiency_ topic page (updated 2025; accessed March 2026)",https://www.iea.org/energy-system/energy-efficiency-and-demand/energy-efficiency,https://www.iea.org/energy-system/energy-efficiency-and-demand/energy-efficiency,url::da099cf0e0ce,normalized_url_cluster,pre_rev0332
S167,"IEA, _Trade and infrastructure_ in _Global Hydrogen Review 2025_ (2025)",https://www.iea.org/reports/global-hydrogen-review-2025/trade-and-infrastructure,https://www.iea.org/reports/global-hydrogen-review-2025/trade-and-infrastructure,url::44ac30f98392,normalized_url_cluster,pre_rev0332
S168,"IEA, _Electrification_ topic page (updated 11 July 2023; accessed March 2026)",https://www.iea.org/energy-system/electricity/electrification,https://www.iea.org/energy-system/electricity/electrification,url::6df5ff1b003f,normalized_url_cluster,pre_rev0332
S169,"UNEP, _Amid rising heat, sustainable cooling can slash emissions and save trillions of dollars_ (11 November 2025)",https://www.unep.org/news-and-stories/press-release/amid-rising-heat-sustainable-cooling-can-slash-emissions-and-save,https://www.unep.org/news-and-stories/press-release/amid-rising-heat-sustainable-cooling-can-slash-emissions-and-save,url::de8a423e9486,normalized_url_cluster,pre_rev0332
S170,"OECD, _Resource efficiency and circular economy_ topic page (updated 2025; accessed March 2026)",https://www.oecd.org/en/topics/resource-efficiency-and-circular-economy.html,https://www.oecd.org/en/topics/resource-efficiency-and-circular-economy.html,url::ddc9d9c6af48,normalized_url_cluster,pre_rev0332
S171,"OECD, _Roadmap for policy action_ in _Environmental Outlook on the Triple Planetary Crisis_ (2025)",https://www.oecd.org/en/publications/environmental-outlook-on-the-triple-planetary-crisis_257ffbb6-en/full-report/roadmap-for-policy-action_b27692cb.html,https://www.oecd.org/en/publications/environmental-outlook-on-the-triple-planetary-crisis_257ffbb6-en/full-report/roadmap-for-policy-action_b27692cb.html,url::104a91bf5f31,normalized_url_cluster,pre_rev0332
S172,"OECD, _Place-Based Policies for the Future_ (2025)",https://www.oecd.org/en/publications/place-based-policies-for-the-future_e5ff6716-en.html,https://www.oecd.org/en/publications/place-based-policies-for-the-future_e5ff6716-en.html,url::7765cc4e6563,normalized_url_cluster,pre_rev0332
S173,"NDC Partnership, _From Plans to Progress: Essential Actions for Effective NDC Implementation_ (2025)",https://ndcpartnership.org/news/plans-progress-essential-actions-effective-ndc-implementation,https://ndcpartnership.org/news/plans-progress-essential-actions-effective-ndc-implementation,url::e1bbcfb67d8c,normalized_url_cluster,pre_rev0332
S174,"IEA, _Germany 2025_ (2025)",https://www.iea.org/reports/germany-2025,https://www.iea.org/reports/germany-2025,url::e109037b3f98,normalized_url_cluster,pre_rev0332
S175,"UNFCCC, _Adaptation and resilience — Introduction_ (accessed March 2026)",https://unfccc.int/topics/adaptation-and-resilience/the-big-picture/introduction,https://unfccc.int/topics/adaptation-and-resilience/the-big-picture/introduction,url::6806044e078b,normalized_url_cluster,pre_rev0332
S176,"IEA, _World Energy Employment 2025 — Executive summary_ (2025)",https://www.iea.org/reports/world-energy-employment-2025/executive-summary,https://www.iea.org/reports/world-energy-employment-2025/executive-summary,url::1e22769b7a89,normalized_url_cluster,pre_rev0332
S177,"IEA, _The Future of Heat Pumps — Executive summary_ (2022; accessed March 2026)",https://www.iea.org/reports/the-future-of-heat-pumps/executive-summary,https://www.iea.org/reports/the-future-of-heat-pumps/executive-summary,url::9d5c3a2b9ce6,normalized_url_cluster,pre_rev0332
S178,"IEA, _Building the Future Transmission Grid — Executive summary_ (2025)",https://www.iea.org/reports/building-the-future-transmission-grid/executive-summary,https://www.iea.org/reports/building-the-future-transmission-grid/executive-summary,url::61cddaf9cf0d,normalized_url_cluster,pre_rev0332
S179,"IRENA, _Call to Action on Skilling_ (2026)",https://www.irena.org/Education/Call-to-Action-on-Skilling,https://www.irena.org/Education/Call-to-Action-on-Skilling,url::b77b155da510,normalized_url_cluster,pre_rev0332
S180,"IEA, _Policy priority areas for advanced economies_ in _COP28 Tripling Renewable Capacity Pledge_ (2025)",https://www.iea.org/reports/cop28-tripling-renewable-capacity-pledge/policy-priority-areas-for-advanced-economies,https://www.iea.org/reports/cop28-tripling-renewable-capacity-pledge/policy-priority-areas-for-advanced-economies,url::f5334b2cb210,normalized_url_cluster,pre_rev0332
S181,"OECD, _OECD Regulatory Policy Outlook 2025_ (2025)",https://www.oecd.org/en/publications/oecd-regulatory-policy-outlook-2025_56b60e39-en.html,https://www.oecd.org/en/publications/oecd-regulatory-policy-outlook-2025_56b60e39-en.html,url::50095bbed385,normalized_url_cluster,pre_rev0332
S182,"UNFCCC, _Nationally Determined Contributions (NDCs)_ (accessed March 2026)",https://unfccc.int/process-and-meetings/the-paris-agreement/nationally-determined-contributions-ndcs,https://unfccc.int/process-and-meetings/the-paris-agreement/nationally-determined-contributions-ndcs,url::e6078464f126,normalized_url_cluster,pre_rev0332
S183,"UNFCCC, _Biennial Transparency Reports_ (accessed March 2026)",https://unfccc.int/biennial-transparency-reports,https://unfccc.int/biennial-transparency-reports,url::89c1aff166f1,normalized_url_cluster,pre_rev0332
S184,"OECD, _Trade implications of upstream circular economy policies_ (2024)",https://www.oecd.org/en/publications/trade-implications-of-upstream-circular-economy-policies_5968c464-en.html,https://www.oecd.org/en/publications/trade-implications-of-upstream-circular-economy-policies_5968c464-en.html,url::b6cc8ebe6f60,normalized_url_cluster,pre_rev0332
S185,"OECD, _The Circular Economy in Cities and Regions of the European Union_ (2025)",https://www.oecd.org/en/publications/the-circular-economy-in-cities-and-regions-of-the-european-union_e09c21e2-en.html,https://www.oecd.org/en/publications/the-circular-economy-in-cities-and-regions-of-the-european-union_e09c21e2-en.html,url::124acb4626a4,normalized_url_cluster,pre_rev0332
S186,"European Commission, _New EU rules for durable, energy-efficient and repairable smartphones and tablets start applying_ (20 June 2025)",https://single-market-economy.ec.europa.eu/news/new-eu-rules-durable-energy-efficient-and-repairable-smartphones-and-tablets-start-applying-2025-06-20_en,https://single-market-economy.ec.europa.eu/news/new-eu-rules-durable-energy-efficient-and-repairable-smartphones-and-tablets-start-applying-2025-06-20_en,url::8e018381707f,normalized_url_cluster,pre_rev0332
S187,"European Commission, _Directive on repair of goods_ (accessed March 2026)",https://commission.europa.eu/law/law-topic/consumer-protection-law/directive-repair-goods_en,https://commission.europa.eu/law/law-topic/consumer-protection-law/directive-repair-goods_en,url::60382b5d39ad,normalized_url_cluster,pre_rev0332
S188,"IEA, _Electric vehicle batteries_ in _Global EV Outlook 2025_ (2025)",https://www.iea.org/reports/global-ev-outlook-2025/electric-vehicle-batteries,https://www.iea.org/reports/global-ev-outlook-2025/electric-vehicle-batteries,url::48c090017f54,normalized_url_cluster,pre_rev0332
S189,"IEA, _Recycling of Critical Minerals — Executive summary_ (2024)",https://www.iea.org/reports/recycling-of-critical-minerals/executive-summary,https://www.iea.org/reports/recycling-of-critical-minerals/executive-summary,url::25828be658dd,normalized_url_cluster,pre_rev0332
S190,"OECD, _How the green transition reshapes vocational education and training_ (2025)",https://www.oecd.org/en/publications/how-the-green-transition-reshapes-vocational-education-and-training_4819bf34-en/full-report.html,https://www.oecd.org/en/publications/how-the-green-transition-reshapes-vocational-education-and-training_4819bf34-en/full-report.html,url::01519f95c099,normalized_url_cluster,pre_rev0332
S191,"IEA, _Germany 2025_ (2025)",https://www.iea.org/reports/germany-2025,https://www.iea.org/reports/germany-2025,url::e109037b3f98,normalized_url_cluster,pre_rev0332
S192,"IEA, _Czechia 2025_ (2025)",https://www.iea.org/reports/czechia-2025,https://www.iea.org/reports/czechia-2025,url::ff61ee478ffb,normalized_url_cluster,pre_rev0332
S193,"OECD, _Packaging and sequencing policies for more effective climate action_ (2025)",https://www.oecd.org/content/dam/oecd/en/publications/reports/2025/04/packaging-and-sequencing-policies-for-more-effective-climate-action_51d3656b/fced4e28-en.pdf,https://www.oecd.org/content/dam/oecd/en/publications/reports/2025/04/packaging-and-sequencing-policies-for-more-effective-climate-action_51d3656b/fced4e28-en.pdf,url::81c391d2f4c5,normalized_url_cluster,pre_rev0332
S194,"IEA, _Energy and AI: Executive summary_ (2025)",https://www.iea.org/reports/energy-and-ai/executive-summary,https://www.iea.org/reports/energy-and-ai/executive-summary,url::7a179a48aad8,normalized_url_cluster,pre_rev0332
S195,"IEA, _Scaling Up Private Finance for Clean Energy in Emerging and Developing Economies: Key findings_ (2023; accessed March 2026)",https://www.iea.org/reports/scaling-up-private-finance-for-clean-energy-in-emerging-and-developing-economies/key-findings,https://www.iea.org/reports/scaling-up-private-finance-for-clean-energy-in-emerging-and-developing-economies/key-findings,url::3177be835441,normalized_url_cluster,pre_rev0332
S196,"OECD, _Supporting emerging markets and developing economies in developing their local capital markets_ (2025)",https://www.oecd.org/en/publications/supporting-emerging-markets-and-developing-economies-in-developing-their-local-capital-markets_4456de62-en/full-report.html,https://www.oecd.org/en/publications/supporting-emerging-markets-and-developing-economies-in-developing-their-local-capital-markets_4456de62-en/full-report.html,url::db3882980753,normalized_url_cluster,pre_rev0332
S197,"IEA, _IEA Support to Accelerating Renewable Energy Permitting (ARPE)_ (2025)",https://www.iea.org/reports/iea-support-to-accelerating-renewable-energy-permitting-arpe,https://www.iea.org/reports/iea-support-to-accelerating-renewable-energy-permitting-arpe,url::ecfaa9422579,normalized_url_cluster,pre_rev0332
S198,"OECD, _Government at a Glance 2025_ (2025)",https://www.oecd.org/en/publications/government-at-a-glance-2025_0efd0bcd-en.html,https://www.oecd.org/en/publications/government-at-a-glance-2025_0efd0bcd-en.html,url::30a52d9a05f7,normalized_url_cluster,pre_rev0332
S199,"IEA, _Household Energy Affordability: Executive summary_ (2025)",https://www.iea.org/reports/household-energy-affordability/executive-summary,https://www.iea.org/reports/household-energy-affordability/executive-summary,url::036d0a1a44b3,normalized_url_cluster,pre_rev0332
S200,"IEA, _Strategies for Affordable and Fair Clean Energy Transitions: Executive summary_ (2024; accessed March 2026)",https://www.iea.org/reports/strategies-for-affordable-and-fair-clean-energy-transitions/executive-summary,https://www.iea.org/reports/strategies-for-affordable-and-fair-clean-energy-transitions/executive-summary,url::b36ba6ff37d4,normalized_url_cluster,pre_rev0332
S201,"OECD, _The Paris Agreement at Ten Years: Overview and policy highlights_ (2025)",https://www.oecd.org/en/publications/the-paris-agreement-at-ten-years_c5f214dc-en/full-report/overview-and-policy-highlights_9ab38155.html,https://www.oecd.org/en/publications/the-paris-agreement-at-ten-years_c5f214dc-en/full-report/overview-and-policy-highlights_9ab38155.html,url::d492c2770d84,normalized_url_cluster,pre_rev0332
S202,"OECD, _Ensuring a just transition to net-zero emissions_ (2025)",https://www.oecd.org/en/publications/ensuring-a-just-transition-to-net-zero-emissions_a3da7080-en.html,https://www.oecd.org/en/publications/ensuring-a-just-transition-to-net-zero-emissions_a3da7080-en.html,url::05e43edb524c,normalized_url_cluster,pre_rev0332
S203,"WMO, _Earth’s climate swings increasingly out of balance_ / _State of the Global Climate 2025_ release note (2026)",https://wmo.int/news/media-centre/earths-climate-swings-increasingly-out-of-balance,https://wmo.int/news/media-centre/earths-climate-swings-increasingly-out-of-balance,url::44615408eb03,normalized_url_cluster,pre_rev0332
S204,"WMO, _Global Status of Multi-Hazard Early Warning Systems 2025_ (2025)",https://wmo.int/resources/publication-series/global-status-of-multi-hazard-early-warning-systems/global-status-of-multi-hazard-early-warning-systems-2025,https://wmo.int/resources/publication-series/global-status-of-multi-hazard-early-warning-systems/global-status-of-multi-hazard-early-warning-systems-2025,url::36561a871eae,normalized_url_cluster,pre_rev0332
S205,"UNEP, _Adaptation Gap Report 2025_ (2025)",https://www.unep.org/resources/adaptation-gap-report-2025,https://www.unep.org/resources/adaptation-gap-report-2025,url::342d51db02ff,normalized_url_cluster,pre_rev0332
S206,"OECD, _Delivering climate-resilient infrastructure_ / _Government at a Glance 2025_ (2025)",https://www.oecd.org/en/publications/government-at-a-glance-2025_0efd0bcd-en/full-report/delivering-climate-resilient-infrastructure_8996b473.html,https://www.oecd.org/en/publications/government-at-a-glance-2025_0efd0bcd-en/full-report/delivering-climate-resilient-infrastructure_8996b473.html,url::24c4941d7c89,normalized_url_cluster,pre_rev0332
S207,"IEA, _Building the Future Transmission Grid: Executive summary_ (2025)",https://www.iea.org/reports/building-the-future-transmission-grid/executive-summary,https://www.iea.org/reports/building-the-future-transmission-grid/executive-summary,url::61cddaf9cf0d,normalized_url_cluster,pre_rev0332
S208,"IEA, _World Energy Investment 2025: Executive summary_ (2025)",https://www.iea.org/reports/world-energy-investment-2025/executive-summary,https://www.iea.org/reports/world-energy-investment-2025/executive-summary,url::fdf36bfd0ab5,normalized_url_cluster,pre_rev0332
S209,"NREL, _What Is Driving the Demand for Distribution Transformers?_ (2024; accessed March 2026)",https://www.nrel.gov/news/detail/program/2024/what-is-driving-the-demand-for-distribution-transformers.html,https://www.nrel.gov/news/detail/program/2024/what-is-driving-the-demand-for-distribution-transformers.html,url::f36fae38e5e8,normalized_url_cluster,pre_rev0332
S210,"DOE Office of Electricity, _Distribution Transformers_ (2025; accessed March 2026)",https://www.energy.gov/oe/distribution-transformers,https://www.energy.gov/oe/distribution-transformers,url::9e611a44ab12,normalized_url_cluster,pre_rev0332
S211,"DOE Office of Electricity, _Supply Chain Resources_ (accessed March 2026)",https://www.energy.gov/oe/supply-chain-resources,https://www.energy.gov/oe/supply-chain-resources,url::68218e2c1616,normalized_url_cluster,pre_rev0332
S212,"IEA, _Global Methane Tracker 2025: Key findings_ (2025)",https://www.iea.org/reports/global-methane-tracker-2025/key-findings,https://www.iea.org/reports/global-methane-tracker-2025/key-findings,url::6dc399c3bdd6,normalized_url_cluster,pre_rev0332
S213,"IEA, _Methane data and transparency continue to improve, but emissions remain far too high_ (2025)",https://www.iea.org/news/methane-data-and-transparency-continue-to-improve-but-emissions-remain-far-too-high,https://www.iea.org/news/methane-data-and-transparency-continue-to-improve-but-emissions-remain-far-too-high,url::c0c6d2548b09,normalized_url_cluster,pre_rev0332
S214,"UNEP / CCAC, _Ministers urge decisive methane action as global report shows progress, warns of gaps_ (2025)",https://www.unep.org/news-and-stories/press-release/ministers-urge-decisive-methane-action-global-report-shows-progress,https://www.unep.org/news-and-stories/press-release/ministers-urge-decisive-methane-action-global-report-shows-progress,url::128f3b2a61c1,normalized_url_cluster,pre_rev0332
S215,"WMO, _Greenhouse Gas Bulletin - No. 21_ (2025)",https://wmo.int/resources/publication-series/greenhouse-gas-bulletin/wmo-greenhouse-gas-bulletin-no-21,https://wmo.int/resources/publication-series/greenhouse-gas-bulletin/wmo-greenhouse-gas-bulletin-no-21,url::b9c80b087b49,normalized_url_cluster,pre_rev0332
S216,"UNEP / CCAC, _Rise in nitrous oxide emissions endangers pathway to 1.5°C, the ozone layer, and human health_ (2024)",https://www.unep.org/news-and-stories/press-release/rise-nitrous-oxide-emissions-endangers-pathway-15degc-ozone-layer,https://www.unep.org/news-and-stories/press-release/rise-nitrous-oxide-emissions-endangers-pathway-15degc-ozone-layer,url::240786f268bc,normalized_url_cluster,pre_rev0332
S217,"FAO, _Nitrogen use efficiency must be improved to reduce harm to human and environmental health_ (2025)",https://www.fao.org/newsroom/detail/FAO-nitrogen-use-efficiency-report/en,https://www.fao.org/newsroom/detail/FAO-nitrogen-use-efficiency-report/en,url::7c2c0bb6c89b,normalized_url_cluster,pre_rev0332
S218,"UNEP, _New International Guidance and Tools for Sustainable Nitrogen Management_ (2025)",https://www.unep.org/events/webinar/new-international-guidance-and-tools-sustainable-nitrogen-management,https://www.unep.org/events/webinar/new-international-guidance-and-tools-sustainable-nitrogen-management,url::7b6a75ac887c,normalized_url_cluster,pre_rev0332
S219,"IEA, _World Energy Outlook 2025: Executive summary_ (2025)",https://www.iea.org/reports/world-energy-outlook-2025/executive-summary,https://www.iea.org/reports/world-energy-outlook-2025/executive-summary,url::a33b5a27eb35,normalized_url_cluster,pre_rev0332
S220,"IEA, _The Value of Demand Flexibility: Executive summary_ (2025)",https://www.iea.org/reports/the-value-of-demand-flexibility/executive-summary,https://www.iea.org/reports/the-value-of-demand-flexibility/executive-summary,url::d300d578e849,normalized_url_cluster,pre_rev0332
S221,"IEA, _Electricity 2026: Flexibility_ (2026)",https://www.iea.org/reports/electricity-2026/flexibility,https://www.iea.org/reports/electricity-2026/flexibility,url::7d4cbacfa2d3,normalized_url_cluster,pre_rev0332
S222,"IEA, _Renewables 2025: Executive summary_ (2025)",https://www.iea.org/reports/renewables-2025/executive-summary,https://www.iea.org/reports/renewables-2025/executive-summary,url::9c811360a9b8,normalized_url_cluster,pre_rev0332
S223,"IEA, _Batteries and Secure Energy Transitions: Executive summary_ (2024)",https://www.iea.org/reports/batteries-and-secure-energy-transitions/executive-summary,https://www.iea.org/reports/batteries-and-secure-energy-transitions/executive-summary,url::16442f44a471,normalized_url_cluster,pre_rev0332
S224,"WMO, _State of Global Water Resources 2024_ (2025)",https://wmo.int/resources/publication-series/state-of-global-water-resources/state-of-global-water-resources-2024,https://wmo.int/resources/publication-series/state-of-global-water-resources/state-of-global-water-resources-2024,url::f4a48e6fabc7,normalized_url_cluster,pre_rev0332
S225,"World Bank, _Continental Drying: A Threat to Our Common Future_ (2025)",https://www.worldbank.org/en/publication/continental-drying-a-threat-to-our-common-future,https://www.worldbank.org/en/publication/continental-drying-a-threat-to-our-common-future,url::357e65cdd9fb,normalized_url_cluster,pre_rev0332
S226,"IEA, _Electricity 2025: Reliability_ (2025)",https://www.iea.org/reports/electricity-2025/reliability,https://www.iea.org/reports/electricity-2025/reliability,url::5dc67124edff,normalized_url_cluster,pre_rev0332
S227,"FAO, _The State of the World’s Land and Water Resources for Food and Agriculture 2025_ (2025)",https://www.fao.org/publications/fao-flagship-publications/the-state-of-the-worlds-land-and-water-resources-for-food-and-agriculture/en,https://www.fao.org/publications/fao-flagship-publications/the-state-of-the-worlds-land-and-water-resources-for-food-and-agriculture/en,url::bd632fd10a7d,normalized_url_cluster,pre_rev0332
S228,"OECD, _Financial Protection Against Catastrophic Risks_ (2026)",https://www.oecd.org/en/publications/financial-protection-against-catastrophic-risks_32a3acd7-en.html,https://www.oecd.org/en/publications/financial-protection-against-catastrophic-risks_32a3acd7-en.html,url::de0486d9e5ef,normalized_url_cluster,pre_rev0332
S229,"OECD, _Financial Protection Against Catastrophic Risks: Assessment and recommendations_ (2026)",https://www.oecd.org/en/publications/financial-protection-against-catastrophic-risks_32a3acd7-en/full-report/assessment-and-recommendations_48bcda8b.html,https://www.oecd.org/en/publications/financial-protection-against-catastrophic-risks_32a3acd7-en/full-report/assessment-and-recommendations_48bcda8b.html,url::c8d58e1f1dbc,normalized_url_cluster,pre_rev0332
S230,"UNDRR, _Global Assessment Report 2025_ (2025)",https://www.undrr.org/gar/gar2025,https://www.undrr.org/gar/gar2025,url::b93b9ccebc8f,normalized_url_cluster,pre_rev0332
S231,"WMO, _WMO unveils new financing partnership initiative to safeguard forecasting backbone_ (2025)",https://wmo.int/news/media-centre/wmo-unveils-new-financing-partnership-initiative-safeguard-forecasting-backbone,https://wmo.int/news/media-centre/wmo-unveils-new-financing-partnership-initiative-safeguard-forecasting-backbone,url::b6aac44ac51b,normalized_url_cluster,pre_rev0332
S232,"OECD, _Infrastructure for a Climate-Resilient Future: Building climate-resilient infrastructure with regions and cities_ (2024, used here for still-relevant planning doctrine)",https://www.oecd.org/en/publications/infrastructure-for-a-climate-resilient-future_a74a45b0-en/full-report/component-9.html,https://www.oecd.org/en/publications/infrastructure-for-a-climate-resilient-future_a74a45b0-en/full-report/component-9.html,url::965e24b06005,normalized_url_cluster,pre_rev0332
S233,"IEA, _World Energy Investment 2025_ (2025)",https://www.iea.org/reports/world-energy-investment-2025/executive-summary,https://www.iea.org/reports/world-energy-investment-2025/executive-summary,url::fdf36bfd0ab5,normalized_url_cluster,pre_rev0332
S234,"IEA, _Global Energy Review 2025_ (2025)",https://www.iea.org/reports/global-energy-review-2025,https://www.iea.org/reports/global-energy-review-2025,url::66a4ed4cc212,normalized_url_cluster,pre_rev0332
S235,"OECD, _Fossil fuel support_ (topic page reflecting the 2025 Inventory) (2025)",https://www.oecd.org/en/topics/fossil-fuel-support.html,https://www.oecd.org/en/topics/fossil-fuel-support.html,url::62f6f70955de,normalized_url_cluster,pre_rev0332
S236,"IEA, _A renewed pathway to net zero emissions_ and _The Oil and Gas Industry in Net Zero Transitions_ (2023, used here for still-relevant replacement doctrine)",https://www.iea.org/reports/net-zero-roadmap-a-global-pathway-to-keep-the-15-c-goal-in-reach/a-renewed-pathway-to-net-zero-emissions,https://www.iea.org/reports/net-zero-roadmap-a-global-pathway-to-keep-the-15-c-goal-in-reach/a-renewed-pathway-to-net-zero-emissions,url::222993a56abe,normalized_url_cluster,pre_rev0332
S237,"IEA, _Energy Efficiency 2025_ (2025)",https://www.iea.org/reports/energy-efficiency-2025/executive-summary,https://www.iea.org/reports/energy-efficiency-2025/executive-summary,url::0928c47bcbaa,normalized_url_cluster,pre_rev0332
S238,"UNEP / GlobalABC, _Emissions from building sector stopped rising for the first time since 2020, UN finds_ (2025)",https://www.unep.org/news-and-stories/press-release/emissions-building-sector-stopped-rising-first-time-2020-un-finds,https://www.unep.org/news-and-stories/press-release/emissions-building-sector-stopped-rising-first-time-2020-un-finds,url::37f2aaa888d3,normalized_url_cluster,pre_rev0332
S239,"IEA, _Global Energy Review 2025: Electricity_ (2025)",https://www.iea.org/reports/global-energy-review-2025/electricity,https://www.iea.org/reports/global-energy-review-2025/electricity,url::6a557dbe94c1,normalized_url_cluster,pre_rev0332
S240,"IEA, _Staying cool without overheating the energy system_ (2025)",https://www.iea.org/commentaries/staying-cool-without-overheating-the-energy-system,https://www.iea.org/commentaries/staying-cool-without-overheating-the-energy-system,url::ee40cf44cd6d,normalized_url_cluster,pre_rev0332
S241,"OECD, _Climate Mitigation in Intermediary Cities: Systems innovation in intermediary cities in Kenya and Mozambique_ (2025)",https://www.oecd.org/en/publications/climate-mitigation-in-intermediary-cities_3bdd564f-en/full-report/overview-systems-innovation-in-intermediary-cities-in-kenya-and-mozambique_0e4930aa.html,https://www.oecd.org/en/publications/climate-mitigation-in-intermediary-cities_3bdd564f-en/full-report/overview-systems-innovation-in-intermediary-cities-in-kenya-and-mozambique_0e4930aa.html,url::514306c4cb5b,normalized_url_cluster,pre_rev0332
S242,"OECD, _Zero-Carbon Buildings in Cities: A Whole Life-Cycle Approach_ (2025)",https://www.oecd.org/en/publications/zero-carbon-buildings-in-cities_daae8779-en.html,https://www.oecd.org/en/publications/zero-carbon-buildings-in-cities_daae8779-en.html,url::d1c62777492a,normalized_url_cluster,pre_rev0332
S243,"IEA, _Energy Efficiency 2025 — Transport_ (2025)",https://www.iea.org/reports/energy-efficiency-2025/transport,https://www.iea.org/reports/energy-efficiency-2025/transport,url::ac537aed922a,normalized_url_cluster,pre_rev0332
S244,"IEA, _Diversification is the cornerstone of energy security, yet critical minerals are moving in the opposite direction_ / _Global Critical Minerals Outlook 2025_ (2025)",https://www.iea.org/news/diversification-is-the-cornerstone-of-energy-security-yet-critical-minerals-are-moving-in-the-opposite-direction,https://www.iea.org/news/diversification-is-the-cornerstone-of-energy-security-yet-critical-minerals-are-moving-in-the-opposite-direction,url::ec455ab7152a,normalized_url_cluster,pre_rev0332
S245,"IEA, _Recycling of Critical Minerals_ (2024, still-current policy and market guidance used here in 2026)",https://www.iea.org/reports/recycling-of-critical-minerals/executive-summary,https://www.iea.org/reports/recycling-of-critical-minerals/executive-summary,url::25828be658dd,normalized_url_cluster,pre_rev0332
S246,"IEA / OECD, _The Role of Traceability in Critical Mineral Supply Chains_ (2025)",https://www.iea.org/reports/the-role-of-traceability-in-critical-mineral-supply-chains,https://www.iea.org/reports/the-role-of-traceability-in-critical-mineral-supply-chains,url::b29a97e7fa93,normalized_url_cluster,pre_rev0332
S247,"IEA, _Global Energy Review 2026_ (2026)",https://www.iea.org/reports/global-energy-review-2026,https://www.iea.org/reports/global-energy-review-2026,url::705be26d22dd,normalized_url_cluster,pre_rev0332
S248,"IEA, _Global Methane Tracker 2026_ (2026)",https://www.iea.org/reports/global-methane-tracker-2026,https://www.iea.org/reports/global-methane-tracker-2026,url::a69a89f0fb46,normalized_url_cluster,pre_rev0332
S249,"Copernicus Climate Change Service / ECMWF, _Global Climate Highlights 2025_ and press release “Copernicus: 2025 was the third hottest year on record” (2026)",https://climate.copernicus.eu/global-climate-highlights-2025,https://climate.copernicus.eu/global-climate-highlights-2025,url::e568f19da0dd,normalized_url_cluster,pre_rev0332
S250,"UNEP, _Emissions Gap Report 2025: Off Target_ (2025)",https://www.unep.org/resources/emissions-gap-report-2025,https://www.unep.org/resources/emissions-gap-report-2025,url::2594c0cd2ab3,normalized_url_cluster,pre_rev0332
S251,"WMO, _Global Annual to Decadal Climate Update 2025–2029_ (2025)",https://wmo.int/resources/publication-series/wmo-global-annual-decadal-climate-update/wmo-global-annual-decadal-climate-update-2025-2029,https://wmo.int/resources/publication-series/wmo-global-annual-decadal-climate-update/wmo-global-annual-decadal-climate-update-2025-2029,url::bfacc4065454,normalized_url_cluster,pre_rev0332
S252,"IEA, _Electricity 2026_ (2026)",https://www.iea.org/reports/electricity-2026,https://www.iea.org/reports/electricity-2026,url::75051685623e,normalized_url_cluster,pre_rev0332
S253,"IEA, _Data centre electricity use surged in 2025, even with tightening bottlenecks driving a scramble for solutions_ / _Key Questions on Energy and AI_ (2026)",https://www.iea.org/news/data-centre-electricity-use-surged-in-2025-even-with-tightening-bottlenecks-driving-a-scramble-for-solutions,https://www.iea.org/news/data-centre-electricity-use-surged-in-2025-even-with-tightening-bottlenecks-driving-a-scramble-for-solutions,url::3e04cbe87437,normalized_url_cluster,pre_rev0332
S254,"IEA, _World Energy Investment 2025_ (2025)",https://www.iea.org/reports/world-energy-investment-2025/executive-summary,https://www.iea.org/reports/world-energy-investment-2025/executive-summary,url::fdf36bfd0ab5,normalized_url_cluster,pre_rev0332
S255,"Climate Policy Initiative, _Global Landscape of Climate Finance 2025_ (2025)",https://www.climatepolicyinitiative.org/publication/global-landscape-of-climate-finance-2025/,https://www.climatepolicyinitiative.org/publication/global-landscape-of-climate-finance-2025,url::c335e026cb55,normalized_url_cluster,pre_rev0332
S256,"Climate Policy Initiative, _Global Landscape of Climate Finance 2025: EMDE Spotlight_ (2025)",https://www.climatepolicyinitiative.org/publication/global-landscape-of-climate-finance-2025-emde-spotlight/,https://www.climatepolicyinitiative.org/publication/global-landscape-of-climate-finance-2025-emde-spotlight,url::646fa7e648aa,normalized_url_cluster,pre_rev0332
S257,"World Bank Group, _Climate Change_ / _World Bank Climate Finance 2025_ (2025)",https://www.worldbank.org/ext/en/topic/climate-change,https://www.worldbank.org/ext/en/topic/climate-change,url::c0662324bd96,normalized_url_cluster,pre_rev0332
S258,"World Bank Group / MIGA, _Annual Report 2025_ and _World Bank Group Guarantee Platform_ (2024–2025)",https://www.worldbank.org/en/about/annual-report/miga,https://www.worldbank.org/en/about/annual-report/miga,url::4d5cf454f28d,normalized_url_cluster,pre_rev0332
S259,"OECD, _Employment and Skills Policies for the Green Transition: Review of International Good Practices_ (2025)",https://www.oecd.org/en/publications/employment-and-skills-policies-for-the-green-transition_f0c558fa-en.html,https://www.oecd.org/en/publications/employment-and-skills-policies-for-the-green-transition_f0c558fa-en.html,url::7f41ca434b3d,normalized_url_cluster,pre_rev0332
S260,"ILO, _Green Employment Diagnostics for a Just Transition_ / revised guidelines (2025)",https://www.ilo.org/publications/green-employment-diagnostics-just-transition,https://www.ilo.org/publications/green-employment-diagnostics-just-transition,url::ebed4f2571b1,normalized_url_cluster,pre_rev0332
S261,"IEA, _Energy System Resilience: Lessons learned from Ukraine_ (2026)",https://www.iea.org/reports/energy-system-resilience,https://www.iea.org/reports/energy-system-resilience,url::b4abcb1982ab,normalized_url_cluster,pre_rev0332
S262,"WHO, _Climate inaction is claiming millions of lives every year, warns new Lancet Countdown report_ (2025), summarising the 2025 Lancet Countdown on Health and Climate Change",https://www.who.int/news/item/29-10-2025-climate-inaction-is-claiming-millions-of-lives-every-year--warns-new-lancet-countdown-report,https://www.who.int/news/item/29-10-2025-climate-inaction-is-claiming-millions-of-lives-every-year--warns-new-lancet-countdown-report,url::c95c4bc9f425,normalized_url_cluster,pre_rev0332
S263,"WMO, _State of the Global Climate 2025_ (2026)",https://wmo.int/publication-series/state-of-global-climate/state-of-global-climate-2025,https://wmo.int/publication-series/state-of-global-climate/state-of-global-climate-2025,url::c1be459f2159,normalized_url_cluster,pre_rev0332
S264,"Swiss Re Institute, _Natural catastrophes in 2025: the persistent rise of wildfire and storm risk_ / Sigma 1/2026 chapter on global natural catastrophe losses (2026)",https://www.swissre.com/institute/research/sigma-research/sigma-2026-01-natcat-2025-wildfire-storm-risk/global-natcat-losses-2025.html,https://www.swissre.com/institute/research/sigma-research/sigma-2026-01-natcat-2025-wildfire-storm-risk/global-natcat-losses-2025.html,url::1b8b9df2bb61,normalized_url_cluster,pre_rev0332
S265,"International Association of Insurance Supervisors, _Global Insurance Market Report 2025 special topic edition on natural catastrophe insurance protection gaps_ and IAIS press release (2025)",https://www.iais.org/2025/11/iais-report-examines-financial-stability-implications-from-natural-catastrophe-insurance-protection-gaps/,https://www.iais.org/2025/11/iais-report-examines-financial-stability-implications-from-natural-catastrophe-insurance-protection-gaps,url::b245cdaf7bea,normalized_url_cluster,pre_rev0332
S266,"Centre for Disaster Protection, _The State of Pre-Arranged Financing for Disasters 2025_ (2025)",https://www.disasterprotection.org/pafreport,https://www.disasterprotection.org/pafreport,url::2218f906d957,normalized_url_cluster,pre_rev0332
S267,"World Bank Group, _Disaster Risk Finance and Insurance_ topic page (current access 2026)",https://www.worldbank.org/ext/en/topic/financial-sector/disaster-risk-finance-and-insurance,https://www.worldbank.org/ext/en/topic/financial-sector/disaster-risk-finance-and-insurance,url::d6777db1f259,normalized_url_cluster,pre_rev0332
S268,"Platform on Disaster Displacement / UNU-EHS, _Funding Futures: Access to funding for planned relocation as loss and damage_ (2025)",https://disasterdisplacement.org/wp-content/uploads/2025/10/Funding_Futures-2025_web.pdf,https://disasterdisplacement.org/wp-content/uploads/2025/10/Funding_Futures-2025_web.pdf,url::911c033b187e,normalized_url_cluster,pre_rev0332
S269,"OECD, _Future-Proofing Real Estate Investment: From climate-related shocks to financial risks_ (2025)",https://www.oecd.org/en/publications/2025/11/future-proofing-real-estate-investment_f3d78bbb/full-report/from-climate-related-shocks-to-financial-risks_d85d5492.html,https://www.oecd.org/en/publications/2025/11/future-proofing-real-estate-investment_f3d78bbb/full-report/from-climate-related-shocks-to-financial-risks_d85d5492.html,url::c59900625a0a,normalized_url_cluster,pre_rev0332
S270,"Network for Greening the Financial System, _Short-term Climate Scenarios for central banks and supervisors_ (2025)",https://www.ngfs.net/en/publications-and-statistics/publications/ngfs-short-term-climate-scenarios-central-banks-and-supervisors,https://www.ngfs.net/en/publications-and-statistics/publications/ngfs-short-term-climate-scenarios-central-banks-and-supervisors,url::d00f5cd0a8df,normalized_url_cluster,pre_rev0332
S271,"Financial Stability Board, _Roadmap for Addressing Financial Risks from Climate Change: 2025 update_ (2025)",https://www.fsb.org/2025/07/fsb-roadmap-for-addressing-financial-risks-from-climate-change-2025-update/,https://www.fsb.org/2025/07/fsb-roadmap-for-addressing-financial-risks-from-climate-change-2025-update,url::7c1352d3acaf,normalized_url_cluster,pre_rev0332
S272,"Coalition of Finance Ministers for Climate Action, _How Ministries of Finance Can Assess and Manage Physical Climate Risks and Adaptation_ (2025)",https://www.financeministersforclimate.org/sites/default/files/2025-06/CFCMA%20HP4%20Thematic%20Paper%20-%20Physical%20Climate%20Risks%20and%20Adaptation.pdf,https://www.financeministersforclimate.org/sites/default/files/2025-06/CFCMA%20HP4%20Thematic%20Paper%20-%20Physical%20Climate%20Risks%20and%20Adaptation.pdf,url::ea2ff65a46ae,normalized_url_cluster,pre_rev0332
S273,"IEA, _Electricity 2026: Prices_ (2026)",https://www.iea.org/reports/electricity-2026/prices,https://www.iea.org/reports/electricity-2026/prices,url::f08d8cd7d704,normalized_url_cluster,pre_rev0332
S274,"Basel Committee on Banking Supervision, _A framework for the voluntary disclosure of climate-related financial risks_ (2025)",https://www.bis.org/bcbs/publ/d597.htm,https://www.bis.org/bcbs/publ/d597.htm,url::a6302074939d,normalized_url_cluster,pre_rev0332
S275,"OECD, _Protecting and empowering consumers in the green transition: Misleading green claims_ (2025)",https://www.oecd.org/en/publications/protecting-and-empowering-consumers-in-the-green-transition_12f28e4f-en.html,https://www.oecd.org/en/publications/protecting-and-empowering-consumers-in-the-green-transition_12f28e4f-en.html,url::46f214aa050b,normalized_url_cluster,pre_rev0332
S276,"IFRS Foundation, _IFRS Foundation publishes guidance on disclosures about transition plans_ and TPT resources (2025)",https://www.ifrs.org/news-and-events/news/2025/06/ifrs-publishes-guidance-disclosures-transition-plans/,https://www.ifrs.org/news-and-events/news/2025/06/ifrs-publishes-guidance-disclosures-transition-plans,url::97dbb0cb930d,normalized_url_cluster,pre_rev0332
S277,"UN High-Level Expert Group on the Net-Zero Emissions Commitments of Non-State Entities, _Integrity Matters_ / UN climate greenwashing resources (2022, current access 2026)",https://www.un.org/en/climatechange/high-level-expert-group,https://www.un.org/en/climatechange/high-level-expert-group,url::5c74fd11a0f1,normalized_url_cluster,pre_rev0332
S278,"ISO, _Net Zero Guidelines_ / IWA 42 (2022, current access 2026)",https://www.iso.org/netzero,https://www.iso.org/netzero,url::a4ee1f3a149e,normalized_url_cluster,pre_rev0332
S279,"Science Based Targets initiative, _The Corporate Net-Zero Standard_ and Version 2 revision materials (2025)",https://sciencebasedtargets.org/net-zero,https://sciencebasedtargets.org/net-zero,url::d769bef41198,normalized_url_cluster,pre_rev0332
S280,"Integrity Council for the Voluntary Carbon Market, _Core Carbon Principles_ and _Assessment Framework_ (current access 2026)",https://icvcm.org/core-carbon-principles/,https://icvcm.org/core-carbon-principles,url::55b15a4622d1,normalized_url_cluster,pre_rev0332
S281,"Voluntary Carbon Markets Integrity Initiative, _Claims Code of Practice: 2025 Update_ (2025)",https://vcmintegrity.org/wp-content/uploads/2025/08/VCMI-Claims-Code_2025_Update.pdf,https://vcmintegrity.org/wp-content/uploads/2025/08/VCMI-Claims-Code_2025_Update.pdf,url::a68b3f0d3002,normalized_url_cluster,pre_rev0332
S282,"OECD, _Anti-Corruption and Integrity Outlook 2026: Integrity in public procurement_ (2026)",https://www.oecd.org/en/publications/2026/03/anti-corruption-and-integrity-outlook-2026_d8f55b04/full-report/component-14.html,https://www.oecd.org/en/publications/2026/03/anti-corruption-and-integrity-outlook-2026_d8f55b04/full-report/component-14.html,url::2a1656430254,normalized_url_cluster,pre_rev0332
S283,"OECD, _Government at a Glance 2025: Green public procurement_ (2025)",https://www.oecd.org/en/publications/2025/06/government-at-a-glance-2025_70e14c6c/full-report/green-public-procurement_5dbf73a9.html,https://www.oecd.org/en/publications/2025/06/government-at-a-glance-2025_70e14c6c/full-report/green-public-procurement_5dbf73a9.html,url::69d81c40268a,normalized_url_cluster,pre_rev0332
S284,"World Bank Office of Suspension and Debarment / Sanctions Board Secretariat, Green Climate Fund, and Transparency International, _Knowledge Report of the 2nd Symposium on Supranational Responses to Corruption: Integrity in Climate Finance & Action_ (2025)",https://www.worldbank.org/en/news/feature/2025/05/21/osd-publishes-the-knowledge-report-of-the-2nd-symposium-on-supranational-responses-to-corruption,https://www.worldbank.org/en/news/feature/2025/05/21/osd-publishes-the-knowledge-report-of-the-2nd-symposium-on-supranational-responses-to-corruption,url::63b2f16537b4,normalized_url_cluster,pre_rev0332
S285,"International Court of Justice / United Nations, _Obligations of States in respect of Climate Change — Advisory Opinion_ and UN summary materials (2025)",https://www.icj-cij.org/case/187,https://www.icj-cij.org/case/187,url::15612445c83c,normalized_url_cluster,pre_rev0332
S286,"OHCHR / UN Special Procedures, _UN experts welcome recognition from International Court of Justice that all States must protect the climate system_ (2025)",https://www.ohchr.org/en/press-releases/2025/07/un-experts-welcome-recognition-international-court-justice-all-states-must,https://www.ohchr.org/en/press-releases/2025/07/un-experts-welcome-recognition-international-court-justice-all-states-must,url::0729b0827a9a,normalized_url_cluster,pre_rev0332
S287,"UNEP / Sabin Center, _Global Climate Litigation Report: 2025 Status Review_ (2025)",https://www.unep.org/resources/report/global-climate-litigation-report-2025-status-review,https://www.unep.org/resources/report/global-climate-litigation-report-2025-status-review,url::8c09090f9d92,normalized_url_cluster,pre_rev0332
S288,"Grantham Research Institute / LSE, _Global trends in climate change litigation: 2025 snapshot_ (2025)",https://www.lse.ac.uk/granthaminstitute/publication/global-trends-in-climate-change-litigation-2025-snapshot/,https://www.lse.ac.uk/granthaminstitute/publication/global-trends-in-climate-change-litigation-2025-snapshot,url::74940a2ec686,normalized_url_cluster,pre_rev0332
S289,"Sabin Center for Climate Change Law / Climate Policy Radar, _The Climate Litigation Database_ (current access 2026)",https://www.climatecasechart.com/,https://www.climatecasechart.com,url::f4777383489e,normalized_url_cluster,pre_rev0332
S290,"UNFCCC, _Paris Agreement Implementation and Compliance Committee — sixth annual report and 2025 phase-change materials_ (2025)",https://unfccc.int/documents/652274,https://unfccc.int/documents/652274,url::7a05bb5aef06,normalized_url_cluster,pre_rev0332
S291,"UNFCCC, _Biennial Transparency Reports_ and _2025 delivery highlights_ (current access 2026)",https://unfccc.int/biennial-transparency-reports,https://unfccc.int/biennial-transparency-reports,url::89c1aff166f1,normalized_url_cluster,pre_rev0332
S292,"OECD, _Government at a Glance 2025: Governing for the green transition_ (2025)",https://www.oecd.org/en/publications/government-at-a-glance-2025_0efd0bcd-en/full-report/governing-for-the-green-transition_075e9a83.html,https://www.oecd.org/en/publications/government-at-a-glance-2025_0efd0bcd-en/full-report/governing-for-the-green-transition_075e9a83.html,url::b8ea4068b9cb,normalized_url_cluster,pre_rev0332
S293,"UNFCCC, _First Biennial Transparency Reports_ public submissions page (current access 2026)",https://unfccc.int/first-biennial-transparency-reports,https://unfccc.int/first-biennial-transparency-reports,url::f646ba88e0c5,normalized_url_cluster,pre_rev0332
S294,"IFRS Foundation / ISSB, _IFRS Sustainability Disclosure Taxonomy Update—Amendments to Greenhouse Gas Emissions Disclosures_ (2026 work-plan page)",https://www.ifrs.org/projects/work-plan/ifrs-sustainability-disclosure-taxonomy-update-amendments-ghg-emissions-disclosures/,https://www.ifrs.org/projects/work-plan/ifrs-sustainability-disclosure-taxonomy-update-amendments-ghg-emissions-disclosures,url::6491c74a19dd,normalized_url_cluster,pre_rev0332
S295,"European Commission, _Commission launches consultation on the Digital Product Passport_ (2025)",https://single-market-economy.ec.europa.eu/news/commission-launches-consultation-digital-product-passport-2025-04-09_en,https://single-market-economy.ec.europa.eu/news/commission-launches-consultation-digital-product-passport-2025-04-09_en,url::b5d0cd5c0de7,normalized_url_cluster,pre_rev0332
S296,"UNECE / ISO, _UNECE and ISO launch joint initiative on Digital Product Passport to advance traceability and circularity_ (2025)",https://unece.org/digitalization/news/unece-and-iso-launch-joint-initiative-digital-product-passport-advance,https://unece.org/digitalization/news/unece-and-iso-launch-joint-initiative-digital-product-passport-advance,url::f073c7180aa2,normalized_url_cluster,pre_rev0332
S297,"Open Contracting Partnership, _Open Contracting Data Standard_ (current access 2026)",https://www.open-contracting.org/data-standard/,https://www.open-contracting.org/data-standard,url::292ac7e50ef4,normalized_url_cluster,pre_rev0332
S298,"Open Contracting Partnership / CoST, _Open Contracting for Infrastructure Data Standards Toolkit_ (current access 2026)",https://standard.open-contracting.org/infrastructure/,https://standard.open-contracting.org/infrastructure,url::bfe244ef25c1,normalized_url_cluster,pre_rev0332
S299,"WMO, _Global Greenhouse Gas Watch (G3W)_ programme page (current access 2026)",https://g3w.wmo.int/site/global-greenhouse-gas-watch-g3w,https://g3w.wmo.int/site/global-greenhouse-gas-watch-g3w,url::21e59bab5935,normalized_url_cluster,pre_rev0332
S300,"OECD, _Government at a Glance 2025_ — digital government and governing for the green transition (2025)",https://www.oecd.org/en/publications/government-at-a-glance-2025_0efd0bcd-en/full-report/digital-government-index_1edec44e.html,https://www.oecd.org/en/publications/government-at-a-glance-2025_0efd0bcd-en/full-report/digital-government-index_1edec44e.html,url::dd70ad6fd6cd,normalized_url_cluster,pre_rev0332
S301,"National Institute of Standards and Technology, _The NIST Cybersecurity Framework (CSF) 2.0_ (2024)",https://nvlpubs.nist.gov/nistpubs/CSWP/NIST.CSWP.29.pdf,https://nvlpubs.nist.gov/nistpubs/CSWP/NIST.CSWP.29.pdf,url::8a2c52bf62fb,normalized_url_cluster,pre_rev0332
S302,"Cybersecurity and Infrastructure Security Agency, _Cross-Sector Cybersecurity Performance Goals_ and CPG programme materials (current access 2026)",https://www.cisa.gov/cybersecurity-performance-goals-cpgs,https://www.cisa.gov/cybersecurity-performance-goals-cpgs,url::875ec988e3c3,normalized_url_cluster,pre_rev0332
S303,"International Energy Agency, _Cyber resilience_ in _Power Systems in Transition_ (current access 2026)",https://www.iea.org/reports/power-systems-in-transition/cyber-resilience,https://www.iea.org/reports/power-systems-in-transition/cyber-resilience,url::58cd14b1d821,normalized_url_cluster,pre_rev0332
S304,"U.S. Department of Energy, _Electricity Subsector Cybersecurity Risk Management Process_ (current access 2026)",https://www.energy.gov/ceser/cybersecurity-risk-management-process-rmp,https://www.energy.gov/ceser/cybersecurity-risk-management-process-rmp,url::ab3ef588172b,normalized_url_cluster,pre_rev0332
S305,"National Renewable Energy Laboratory, _Distribution Cybersecurity: Cybersecurity Considerations of Distributed Resources_ (2025)",https://docs.nrel.gov/docs/fy25osti/94352.pdf,https://docs.nrel.gov/docs/fy25osti/94352.pdf,url::68a6319d1cd2,normalized_url_cluster,pre_rev0332
S306,"National Institute of Standards and Technology, _Artificial Intelligence Risk Management Framework (AI RMF 1.0)_ (2023)",https://nvlpubs.nist.gov/nistpubs/ai/nist.ai.100-1.pdf,https://nvlpubs.nist.gov/nistpubs/ai/nist.ai.100-1.pdf,url::90cffc5153c1,normalized_url_cluster,pre_rev0332
S307,"National Institute of Standards and Technology, _Artificial Intelligence Risk Management Framework: Generative Artificial Intelligence Profile_ (2024)",https://nvlpubs.nist.gov/nistpubs/ai/NIST.AI.600-1.pdf,https://nvlpubs.nist.gov/nistpubs/ai/NIST.AI.600-1.pdf,url::b8df5c37607d,normalized_url_cluster,pre_rev0332
S308,"OECD.AI Policy Observatory, _OECD AI Principles overview_ and revised OECD Recommendation on AI (updated 2024)",https://oecd.ai/en/ai-principles,https://oecd.ai/en/ai-principles,url::e69ee8da00c6,normalized_url_cluster,pre_rev0332
S309,"European Commission, _AI Act_ policy page and Regulation (EU) 2024/1689 materials (current access 2026)",https://digital-strategy.ec.europa.eu/en/policies/regulatory-framework-ai,https://digital-strategy.ec.europa.eu/en/policies/regulatory-framework-ai,url::acc5ad406397,normalized_url_cluster,pre_rev0332
S310,"ISO, _ISO/IEC 42001:2023 — Information technology — Artificial intelligence — Management system_ (2023)",https://www.iso.org/standard/42001,https://www.iso.org/standard/42001,url::7ede95cb3d6e,normalized_url_cluster,pre_rev0332
S311,"IEA, _Energy Technology Perspectives 2024_ (2024)",https://www.iea.org/reports/energy-technology-perspectives-2024,https://www.iea.org/reports/energy-technology-perspectives-2024,url::9d9f08b31047,normalized_url_cluster,pre_rev0332
S312,"OECD, _Critical raw materials face rising export restrictions, increasing risks to global supply chains_ / _OECD Inventory of Export Restrictions on Critical Raw Materials_ (2026)",https://www.oecd.org/en/about/news/press-releases/2026/04/critical-raw-materials-face-rising-export-restrictions-increasing-risks-to-global-supply-chains.html,https://www.oecd.org/en/about/news/press-releases/2026/04/critical-raw-materials-face-rising-export-restrictions-increasing-risks-to-global-supply-chains.html,url::e8b7f0e0dd67,normalized_url_cluster,pre_rev0332
S313,"UN Trade and Development, _Global Trade Update (January 2026): Top trends redefining global trade in 2026_ (2026)",https://unctad.org/publication/global-trade-update-january-2026-top-trends-redefining-global-trade-2026,https://unctad.org/publication/global-trade-update-january-2026-top-trends-redefining-global-trade-2026,url::c816b460336f,normalized_url_cluster,pre_rev0332
S314,"World Customs Organization, _HS 2028 Amendments — Adapting the Harmonized System to Global Priorities and Trade Evolution_ (2026)",https://www.wcoomd.org/en/media/newsroom/2026/january/hs-2028-amendments-adapting-the-harmonized-system-to-global-priorities-and-trade-evolution.aspx,https://www.wcoomd.org/en/media/newsroom/2026/january/hs-2028-amendments-adapting-the-harmonized-system-to-global-priorities-and-trade-evolution.aspx,url::a6ae014b7b61,normalized_url_cluster,pre_rev0332
S315,"World Bank, _World Development Report 2025: Standards for Development_ (2025)",https://www.worldbank.org/en/publication/wdr2025,https://www.worldbank.org/en/publication/wdr2025,url::b78642062354,normalized_url_cluster,pre_rev0332
S316,"UNIDO, _UNIDO contribution highlighted in World Development Report 2025 on standards and Quality Infrastructure_ (2026)",https://www.unido.org/news/unido-contribution-highlighted-world-development-report-2025-standards-and-quality-infrastructure,https://www.unido.org/news/unido-contribution-highlighted-world-development-report-2025-standards-and-quality-infrastructure,url::5e6455ce14d4,normalized_url_cluster,pre_rev0332
S317,"ISO, _ISO Committee on Conformity Assessment (CASCO)_ (current access 2026)",https://www.iso.org/casco.html,https://www.iso.org/casco.html,url::2345a11dd1aa,normalized_url_cluster,pre_rev0332
S318,"WTO, _Global Value Chain Development Report 2025_ and WTO trade / environment materials (2025–2026)",https://www.wto.org/english/res_e/publications_e/gvcreport2025_e.htm,https://www.wto.org/english/res_e/publications_e/gvcreport2025_e.htm,url::158c646e2700,normalized_url_cluster,pre_rev0332
S319,"UNEP / United Nations, _UN-convened Panel to address equity, sustainability and human rights across value chains of critical energy transition minerals_ and Critical Energy Transition Minerals initiative (2024–2025)",https://www.unep.org/news-and-stories/press-release/un-convened-panel-address-equity-sustainability-and-human-rights,https://www.unep.org/news-and-stories/press-release/un-convened-panel-address-equity-sustainability-and-human-rights,url::5539f2e8358c,normalized_url_cluster,pre_rev0332
S320,"UNEP / International Solid Waste Association, _Global Waste Management Outlook 2024: Beyond an age of waste_ (2024)",https://www.unep.org/ietc/resources/report/global-waste-management-outlook-2024,https://www.unep.org/ietc/resources/report/global-waste-management-outlook-2024,url::44a01edb0f97,normalized_url_cluster,pre_rev0332
S321,"UNITAR / ITU, _The Global E-waste Monitor 2024_ (2024)",https://www.itu.int/en/ITU-D/Environment/Pages/Publications/The-Global-E-waste-Monitor-2024.aspx,https://www.itu.int/en/ITU-D/Environment/Pages/Publications/The-Global-E-waste-Monitor-2024.aspx,url::464cf235c3e8,normalized_url_cluster,pre_rev0332
S322,"IRENA / IEA Photovoltaic Power Systems Programme, _End-of-life management: Solar Photovoltaic Panels_ (2016)",https://www.irena.org/publications/2016/Jun/End-of-life-management-Solar-Photovoltaic-Panels,https://www.irena.org/publications/2016/Jun/End-of-life-management-Solar-Photovoltaic-Panels,url::a0d12657d26a,normalized_url_cluster,pre_rev0332
S323,"IEA, _Batteries and Secure Energy Transitions_ (2024)",https://www.iea.org/reports/batteries-and-secure-energy-transitions/executive-summary,https://www.iea.org/reports/batteries-and-secure-energy-transitions/executive-summary,url::16442f44a471,normalized_url_cluster,pre_rev0332
S324,"IEA, _Global EV Outlook 2024: Executive summary_ — battery recycling and reuse section (2024)",https://www.iea.org/reports/global-ev-outlook-2024/executive-summary,https://www.iea.org/reports/global-ev-outlook-2024/executive-summary,url::bdc19988e991,normalized_url_cluster,pre_rev0332
S325,"Global Battery Alliance, _Battery Passport_ programme page (current access 2026)",https://www.globalbattery.org/battery-passport/,https://www.globalbattery.org/battery-passport,url::657062d0240d,normalized_url_cluster,pre_rev0332
S326,"European Commission, _Batteries_ / Regulation (EU) 2023/1542 implementation materials (current access 2026)",https://environment.ec.europa.eu/topics/waste-and-recycling/batteries_en,https://environment.ec.europa.eu/topics/waste-and-recycling/batteries_en,url::5b360e29f061,normalized_url_cluster,pre_rev0332
S327,"European Commission, _Directive on common rules promoting the repair of goods_ (2024, implementation to 2026)",https://commission.europa.eu/law/law-topic/consumer-protection-law/directive-repair-goods_en,https://commission.europa.eu/law/law-topic/consumer-protection-law/directive-repair-goods_en,url::60382b5d39ad,normalized_url_cluster,pre_rev0332
S328,"Basel Convention Secretariat, _E-waste Amendments FAQs_ and overview materials (2025)",https://www.basel.int/Implementation/Ewaste/EwasteAmendments/EwasteAmendmentsFAQs/tabid/10107/Default.aspx,https://www.basel.int/Implementation/Ewaste/EwasteAmendments/EwasteAmendmentsFAQs/tabid/10107/Default.aspx,url::d19fd978c32f,normalized_url_cluster,pre_rev0332
S329,"IPBES, _The Nexus Assessment: Summary for Policymakers_ (approved 2024, published 2025)",https://www.ipbes.net/nexus-assessment,https://www.ipbes.net/nexus-assessment,url::a1deebbc9d76,normalized_url_cluster,pre_rev0332
S330,"IUCN / The Biodiversity Consultancy, _Mitigating biodiversity impacts associated with solar and wind energy development_ (2021)",https://iucn.org/resources/publication/mitigating-biodiversity-impacts-associated-solar-and-wind-energy-development,https://iucn.org/resources/publication/mitigating-biodiversity-impacts-associated-solar-and-wind-energy-development,url::ebc37f3d3e23,normalized_url_cluster,pre_rev0332
S331,"UNEP-WCMC / IUCN, _Protected Planet Report 2024_ (2024)",https://www.unep.org/resources/report/protected-planet-report-2024,https://www.unep.org/resources/report/protected-planet-report-2024,url::c66bab24c232,normalized_url_cluster,pre_rev0332
S332,"Convention on Biological Diversity, _Kunming-Montreal Global Biodiversity Framework: 2030 Targets_ (current access 2026)",https://www.cbd.int/gbf/targets,https://www.cbd.int/gbf/targets,url::48d69e5475af,normalized_url_cluster,pre_rev0332
S333,"OHCHR, _Consultation and free, prior and informed consent (FPIC)_ (current access 2026)",https://www.ohchr.org/en/indigenous-peoples/consultation-and-free-prior-and-informed-consent-fpic,https://www.ohchr.org/en/indigenous-peoples/consultation-and-free-prior-and-informed-consent-fpic,url::dba7ee453bda,normalized_url_cluster,pre_rev0332
S334,"United Nations legal materials, _United Nations Declaration on the Rights of Indigenous Peoples_ / General Assembly resolution 61/295 (2007, current access 2026)",https://legal.un.org/avl/ha/ga_61-295/ga_61-295.html,https://legal.un.org/avl/ha/ga_61-295/ga_61-295.html,url::349b9d06eccf,normalized_url_cluster,pre_rev0332
S335,"IFC, _Performance Standard 7: Indigenous Peoples_ (2012, current access 2026)",https://www.ifc.org/en/insights-reports/2012/ifc-performance-standard-7,https://www.ifc.org/en/insights-reports/2012/ifc-performance-standard-7,url::9c1e262c374b,normalized_url_cluster,pre_rev0332
S336,"U.S. Department of Energy, _Siting of Large-Scale Renewable Energy Projects_ (current access 2026)",https://www.energy.gov/eere/siting-large-scale-renewable-energy-projects,https://www.energy.gov/eere/siting-large-scale-renewable-energy-projects,url::b8e299b870e3,normalized_url_cluster,pre_rev0332
S337,"Sabin Center for Climate Change Law, Columbia Law School, _Community Benefits Agreements Database_ (current access 2026)",https://climate.law.columbia.edu/content/community-benefits-agreements-database,https://climate.law.columbia.edu/content/community-benefits-agreements-database,url::8b545f595b90,normalized_url_cluster,pre_rev0332
S338,"The Nature Conservancy, _Site Renewables Right_ and _Renewable Energy Smart Siting Guide for Portugal_ (2024–2026)",https://www.nature.org/en-us/what-we-do/our-priorities/tackle-climate-change/climate-change-stories/site-renewables-right/,https://www.nature.org/en-us/what-we-do/our-priorities/tackle-climate-change/climate-change-stories/site-renewables-right,url::cccc9e877b81,normalized_url_cluster,pre_rev0332
S339,"Business & Human Rights Resource Centre, _Transition Minerals Tracker: 2025 Global Analysis_ (2025)",https://www.business-humanrights.org/en/from-us/briefings/transition-minerals-tracker-2025-global-analysis/,https://www.business-humanrights.org/en/from-us/briefings/transition-minerals-tracker-2025-global-analysis,url::d6ee8c4f9537,normalized_url_cluster,pre_rev0332
S340,"Business & Human Rights Resource Centre, _Renewable Energy and Human Rights Benchmark 2025_ (2025)",https://www.business-humanrights.org/en/from-us/briefings/renewable-energy-human-rights-benchmark-2025/,https://www.business-humanrights.org/en/from-us/briefings/renewable-energy-human-rights-benchmark-2025,url::26a6379dfd84,normalized_url_cluster,pre_rev0332
S341,"International Energy Agency, _Global Methane Tracker 2026: Understanding methane emissions_ (2026)",https://www.iea.org/reports/global-methane-tracker-2026/understanding-methane-emissions,https://www.iea.org/reports/global-methane-tracker-2026/understanding-methane-emissions,url::471934d632e1,normalized_url_cluster,pre_rev0332
S342,"International Energy Agency, _Global Methane Tracker 2026: Key findings_ (2026)",https://www.iea.org/reports/global-methane-tracker-2026/key-findings,https://www.iea.org/reports/global-methane-tracker-2026/key-findings,url::aebb382e9779,normalized_url_cluster,pre_rev0332
S343,"World Bank, _Managing Coal Mine Closure: Achieving a Just Transition for All_ (2018)",https://www.worldbank.org/en/topic/extractiveindustries/publication/managing-coal-mine-closure,https://www.worldbank.org/en/topic/extractiveindustries/publication/managing-coal-mine-closure,url::8d206d19239a,normalized_url_cluster,pre_rev0332
S344,"World Bank, _Mine Closure Standards and Improved Post-Closure Risk Management for Surface and Underground Coal Mines_ (2025)",https://documents1.worldbank.org/curated/en/099040825114032293/pdf/P179980-c375abae-293f-48fd-b5a4-9e9f57075469.pdf,https://documents1.worldbank.org/curated/en/099040825114032293/pdf/P179980-c375abae-293f-48fd-b5a4-9e9f57075469.pdf,url::f6dde997439d,normalized_url_cluster,pre_rev0332
S345,"World Bank, _Repurposing Coal Mining Lands for a Just Transition_ (2024)",https://openknowledge.worldbank.org/entities/publication/854d1017-02db-487a-8da3-df00ffaa7788,https://openknowledge.worldbank.org/entities/publication/854d1017-02db-487a-8da3-df00ffaa7788,url::a056c1fe9741,normalized_url_cluster,pre_rev0332
S346,"World Bank, _Just Transition for All_ topic page (current access 2026)",https://www.worldbank.org/en/topic/extractiveindustries/justtransition,https://www.worldbank.org/en/topic/extractiveindustries/justtransition,url::b7dbbc082243,normalized_url_cluster,pre_rev0332
S347,"U.S. Department of Energy, _Undocumented Orphaned Wells Research Program / CATALOG_ (current access 2026)",https://www.energy.gov/hgeo/undocumented-orphaned-wells-research-program-division-methane-mitigation-technologies,https://www.energy.gov/hgeo/undocumented-orphaned-wells-research-program-division-methane-mitigation-technologies,url::66f67dedde46,normalized_url_cluster,pre_rev0332
S348,"U.S. Environmental Protection Agency, _RE-Powering America's Land_ and RE-Powering Mapper materials (current access 2026)",https://www.epa.gov/re-powering,https://www.epa.gov/re-powering,url::8f1175c0bc45,normalized_url_cluster,pre_rev0332
S349,"OECD, _The Polluter Pays Principle: Definition, Analysis, Implementation_ (1975 / OECD Publishing edition current access 2026)",https://www.oecd.org/en/publications/the-polluter-pays-principle_9789264044845-en.html,https://www.oecd.org/en/publications/the-polluter-pays-principle_9789264044845-en.html,url::b87f6aa14863,normalized_url_cluster,pre_rev0332
S350,"Amnesty International / Better Planet Laboratory, _Extraction Extinction: Why the lifecycle of fossil fuels threatens life, nature, and human rights_ (2025)",https://www.amnesty.org/en/latest/news/2025/11/fossil-fuel-infrastructure-rights-critical-ecosystems-at-risk/,https://www.amnesty.org/en/latest/news/2025/11/fossil-fuel-infrastructure-rights-critical-ecosystems-at-risk,url::e230d86496c6,normalized_url_cluster,pre_rev0332
S351,"Internal Displacement Monitoring Centre, _2026 Global Report on Internal Displacement_ (2026)",https://www.internal-displacement.org/global-report/grid2026/,https://www.internal-displacement.org/global-report/grid2026,url::fcfeda37c75c,normalized_url_cluster,pre_rev0332
S352,"World Bank, _Groundswell Part II: Acting on Internal Climate Migration_ / press materials (2021, current access 2026)",https://www.worldbank.org/en/news/press-release/2021/09/13/climate-change-could-force-216-million-people-to-migrate-within-their-own-countries-by-2050,https://www.worldbank.org/en/news/press-release/2021/09/13/climate-change-could-force-216-million-people-to-migrate-within-their-own-countries-by-2050,url::9615215a2e5f,normalized_url_cluster,pre_rev0332
S353,"International Organization for Migration, _World Migration Report 2026_ and chapter on climate mobility / local and community action (2026)",https://publications.iom.int/books/world-migration-report-2026,https://publications.iom.int/books/world-migration-report-2026,url::d63a77ac19f1,normalized_url_cluster,pre_rev0332
S354,"Platform on Disaster Displacement, _Key Messages for COP30_ and WIM Task Force on Displacement links (2025)",https://disasterdisplacement.org/resource/key-messages-for-cop30/,https://disasterdisplacement.org/resource/key-messages-for-cop30,url::e0f4472f7c44,normalized_url_cluster,pre_rev0332
S355,"UNHCR, _No Escape II_ / press materials on extreme weather and repeated displacement among conflict-affected communities (2025)",https://www.unhcr.org/us/news/press-releases/unhcr-report-reveals-extreme-weather-driving-repeated-displacement-among,https://www.unhcr.org/us/news/press-releases/unhcr-report-reveals-extreme-weather-driving-repeated-displacement-among,url::448131c2bb71,normalized_url_cluster,pre_rev0332
S356,"Mayors Migration Council, _2025 Impact Report_ (2026)",https://mayorsmigrationcouncil.org/news/impact-report-2025/,https://mayorsmigrationcouncil.org/news/impact-report-2025,url::7c3d8fc97b8d,normalized_url_cluster,pre_rev0332
S357,"C40 Cities, _Cities, Climate and Migration_ / C40 research page (current access 2026)",https://www.c40.org/research/,https://www.c40.org/research,url::8e1dbc482d5e,normalized_url_cluster,pre_rev0332
S358,"IOM Asia and the Pacific, _Planned Relocation Governance in Asia and the Pacific_ (2026)",https://roasiapacific.iom.int/sites/g/files/tmzbdl671/files/documents/2026-01/iom_asiapacific_plannedrelocationgovernanceinasiaandthepacific_digital.pdf,https://roasiapacific.iom.int/sites/g/files/tmzbdl671/files/documents/2026-01/iom_asiapacific_plannedrelocationgovernanceinasiaandthepacific_digital.pdf,url::de156bd2c905,normalized_url_cluster,pre_rev0332
S359,"World Bank / Sahel Adaptive Social Protection Program, _Climate Shock Responsive Delivery Systems_ (current access 2026)",https://www.worldbank.org/en/programs/sahel-adaptive-social-protection-program-trust-fund/thematic-areas/climate-shock-responsive-delivery-systems,https://www.worldbank.org/en/programs/sahel-adaptive-social-protection-program-trust-fund/thematic-areas/climate-shock-responsive-delivery-systems,url::028644d7065c,normalized_url_cluster,pre_rev0332
S360,"World Bank Independent Evaluation Group, _How the World Bank Supports Adaptive Social Protection in Crisis Response_ (2025)",https://openknowledge.worldbank.org/entities/publication/e61fc26d-3a3b-499a-ad71-195613d019ab,https://openknowledge.worldbank.org/entities/publication/e61fc26d-3a3b-499a-ad71-195613d019ab,url::2a9a5e101495,normalized_url_cluster,pre_rev0332
S361,"Global Network Against Food Crises / Food Security Information Network, _2026 Global Report on Food Crises_ (2026)",https://openknowledge.fao.org/handle/20.500.14283/cd9424en,https://openknowledge.fao.org/handle/20.500.14283/cd9424en,url::91b575310285,normalized_url_cluster,pre_rev0332
S362,"FAO, IFAD, UNICEF, WFP and WHO, _The State of Food Security and Nutrition in the World 2025_ (2025)",https://www.fao.org/publications/fao-flagship-publications/the-state-of-food-security-and-nutrition-in-the-world/en,https://www.fao.org/publications/fao-flagship-publications/the-state-of-food-security-and-nutrition-in-the-world/en,url::704ed1e46eb8,normalized_url_cluster,pre_rev0332
S363,"World Food Programme, _Global Food Crisis_ / 2026 Global Outlook materials (current access 2026)",https://www.wfp.org/global-hunger-crisis,https://www.wfp.org/global-hunger-crisis,url::6589ee110332,normalized_url_cluster,pre_rev0332
S364,"FAO and WFP, _Hunger Hotspots: FAO-WFP early warnings on acute food insecurity, November 2025 to May 2026 outlook_ (2025)",https://www.wfp.org/publications/hunger-hotspots-fao-wfp-early-warnings-acute-food-insecurity,https://www.wfp.org/publications/hunger-hotspots-fao-wfp-early-warnings-acute-food-insecurity,url::3bd9237fbc24,normalized_url_cluster,pre_rev0332
S365,"World Bank, _Food Security Update_ (current access April 2026)",https://www.worldbank.org/en/topic/agriculture/brief/food-security-update,https://www.worldbank.org/en/topic/agriculture/brief/food-security-update,url::b71407046af5,normalized_url_cluster,pre_rev0332
S366,"FAO and World Meteorological Organization, _Extreme Heat and Agriculture_ / press materials (2026)",https://www.fao.org/newsroom/detail/extreme-heat-is-pushing-agrifood-systems-to-the-brink-worldwide/en,https://www.fao.org/newsroom/detail/extreme-heat-is-pushing-agrifood-systems-to-the-brink-worldwide/en,url::707979baff1e,normalized_url_cluster,pre_rev0332
S367,"FAO, _The Impact of Disasters on Agriculture and Food Security 2025_ (2025)",https://www.fao.org/publications/fao-flagship-publications/the-impact-of-disasters-on-agriculture-and-food-security/en,https://www.fao.org/publications/fao-flagship-publications/the-impact-of-disasters-on-agriculture-and-food-security/en,url::e5d996fb6362,normalized_url_cluster,pre_rev0332
S368,"World Food Programme, _Anticipatory Action for climate shocks_ (current access 2026)",https://www.wfp.org/anticipatory-actions,https://www.wfp.org/anticipatory-actions,url::7c18e4ac887d,normalized_url_cluster,pre_rev0332
S369,"FAO, _Anticipatory Action_ (current access 2026)",https://www.fao.org/emergencies/our-focus/anticipatory-action/en,https://www.fao.org/emergencies/our-focus/anticipatory-action/en,url::95988704ae16,normalized_url_cluster,pre_rev0332
S370,"Agricultural Market Information System, _AMIS overview and Market Monitor_ (current access 2026)",https://www.amis-outlook.org/about/overview,https://www.amis-outlook.org/about/overview,url::d0d7eb1e18e7,normalized_url_cluster,pre_rev0332
S371,"UNESCO / UN-Water, _The United Nations World Water Development Report 2026: Water for All People — Equal Rights and Opportunities_ (2026)",https://www.unesco.org/en/world-water-report-2026,https://www.unesco.org/en/world-water-report-2026,url::37d3fb815f72,normalized_url_cluster,pre_rev0332
S372,"WHO / UNICEF Joint Monitoring Programme, _Progress on household drinking water, sanitation and hygiene 2000–2024: Special focus on inequalities_ (2025)",https://washdata.org/,https://washdata.org,url::872156fd3940,normalized_url_cluster,pre_rev0332
S373,"World Meteorological Organization, _State of Global Water Resources 2024_ / press materials (2025)",https://wmo.int/news/media-centre/from-drought-deluge-wmo-report-highlights-increasingly-erratic-water-cycle,https://wmo.int/news/media-centre/from-drought-deluge-wmo-report-highlights-increasingly-erratic-water-cycle,url::f9abced57eed,normalized_url_cluster,pre_rev0332
S374,"United Nations University Institute for Water, Environment and Health, _Global Water Bankruptcy: Living Beyond Our Hydrological Means in the Post-Crisis Era_ / press materials (2026)",https://unu.edu/inweh/news/world-enters-era-of-global-water-bankruptcy,https://unu.edu/inweh/news/world-enters-era-of-global-water-bankruptcy,url::975aa14d7f70,normalized_url_cluster,pre_rev0332
S375,"World Resources Institute, _Aqueduct Water Risk Atlas 4.0_ / “25 Countries, Housing One-Quarter of the Population, Face Extremely High Water Stress” (2023, current access 2026)",https://www.wri.org/insights/highest-water-stressed-countries,https://www.wri.org/insights/highest-water-stressed-countries,url::6b0a5cce9705,normalized_url_cluster,pre_rev0332
S376,"FAO, _AQUASTAT Water Data Snapshot 2025_ (2025)",https://openknowledge.fao.org/items/727cc000-b525-4444-aa2e-f57f56e2239b,https://openknowledge.fao.org/items/727cc000-b525-4444-aa2e-f57f56e2239b,url::2b6c489dfc7e,normalized_url_cluster,pre_rev0332
S377,"UNCCD, National Drought Mitigation Center, and International Drought Resilience Alliance, _Drought Hotspots Around the World 2023–2025_ (2025)",https://www.unccd.int/resources/publications/drought-hotspots-around-world-2023-2025,https://www.unccd.int/resources/publications/drought-hotspots-around-world-2023-2025,url::6d5f2771e67c,normalized_url_cluster,pre_rev0332
S378,"UNDRR, _Global Assessment Report 2025 — Hazard Exploration: Droughts_ (2025)",https://www.undrr.org/gar/gar2025/hazard-exploration/droughts,https://www.undrr.org/gar/gar2025/hazard-exploration/droughts,url::ffee0d1b8fff,normalized_url_cluster,pre_rev0332
S379,"World Health Organization, _Water safety plan manual: step-by-step risk management for drinking-water suppliers, second edition_ (2023; 2026 training package)",https://www.who.int/publications/i/item/9789240067691,https://www.who.int/publications/i/item/9789240067691,url::4e5734144094,normalized_url_cluster,pre_rev0332
S380,"World Bank, _Water Security and Climate Change: Insights from Country Climate and Development Reports_ (2024 / 2025)",https://documents1.worldbank.org/curated/en/099124511122431814/pdf/IDU1fa8a4c3a1fd8c14810194851fb785b73d02d.pdf,https://documents1.worldbank.org/curated/en/099124511122431814/pdf/IDU1fa8a4c3a1fd8c14810194851fb785b73d02d.pdf,url::c4b54a90f9b7,normalized_url_cluster,pre_rev0332
S381,"Global Commission on the Economics of Water, _The Economics of Water: Valuing the Hydrological Cycle as a Global Common Good_ (2024)",https://watercommission.org/,https://watercommission.org,url::4fc4c1281a76,normalized_url_cluster,pre_rev0332
S382,"World Health Organization, _Operational framework for building climate resilient and low carbon health systems_ (2023)",https://www.who.int/publications/i/item/9789240081888,https://www.who.int/publications/i/item/9789240081888,url::6df6bb6686e5,normalized_url_cluster,pre_rev0332
S383,"Lancet Countdown, _The 2025 Report of the Lancet Countdown on Health and Climate Change: Climate change action offers a lifeline_ (2025)",https://lancetcountdown.org/2025-report/,https://lancetcountdown.org/2025-report,url::2a021ef4f73c,normalized_url_cluster,pre_rev0332
S384,"World Health Organization, _Integrated surveillance and climate-informed health early warning systems_ (current access 2026)",https://www.who.int/teams/environment-climate-change-and-health/climate-change-and-health/country-support/integrated-surveillance-and-climate-informed-health-early-warning-systems,https://www.who.int/teams/environment-climate-change-and-health/climate-change-and-health/country-support/integrated-surveillance-and-climate-informed-health-early-warning-systems,url::95015a4b3093,normalized_url_cluster,pre_rev0332
S385,"World Meteorological Organization, _Climate and health data must be integrated_ (2024)",https://wmo.int/media/news/climate-and-health-data-must-be-integrated,https://wmo.int/media/news/climate-and-health-data-must-be-integrated,url::0888c4c91ad5,normalized_url_cluster,pre_rev0332
S386,"World Health Organization, _Vector-borne diseases_ fact sheet (2024)",https://www.who.int/news-room/fact-sheets/detail/vector-borne-diseases,https://www.who.int/news-room/fact-sheets/detail/vector-borne-diseases,url::b9b47a9af6f0,normalized_url_cluster,pre_rev0332
S387,"World Health Organization, _Dengue and severe dengue_ fact sheet (2025)",https://www.who.int/news-room/fact-sheets/detail/dengue-and-severe-dengue,https://www.who.int/news-room/fact-sheets/detail/dengue-and-severe-dengue,url::689ded5651e8,normalized_url_cluster,pre_rev0332
S388,"World Health Organization, _World malaria report 2025_ (2025)",https://www.who.int/teams/global-malaria-programme/reports/world-malaria-report-2025,https://www.who.int/teams/global-malaria-programme/reports/world-malaria-report-2025,url::602a1c00cf81,normalized_url_cluster,pre_rev0332
S389,"World Health Organization, _Global situation report for cholera, 2024_ (2025)",https://www.who.int/publications/i/item/who-wer10036-347-364,https://www.who.int/publications/i/item/who-wer10036-347-364,url::ae54b55bc3ab,normalized_url_cluster,pre_rev0332
S390,"World Health Organization, _Global Arbovirus Initiative_ and associated clinical-management guidance (2022–2025)",https://www.who.int/initiatives/global-arbovirus-initiative,https://www.who.int/initiatives/global-arbovirus-initiative,url::1890b9270417,normalized_url_cluster,pre_rev0332
S391,"FAO, UNEP, WHO, and WOAH, _One Health Joint Plan of Action (2022–2026)_ (2022; current implementation period)",https://www.who.int/teams/one-health-initiative/quadripartite-secretariat-for-one-health/one-health-joint-plan-of-action,https://www.who.int/teams/one-health-initiative/quadripartite-secretariat-for-one-health/one-health-joint-plan-of-action,url::d8ceb550d59c,normalized_url_cluster,pre_rev0332
S392,"Gavi, _Climate, health and immunisation_ / _Immunisation: a critical pillar of climate adaptation_ (2025)",https://www.gavi.org/our-alliance/climate-health-immunisation,https://www.gavi.org/our-alliance/climate-health-immunisation,url::9a30a4468369,normalized_url_cluster,pre_rev0332
S393,"World Health Organization, _Climate change and health_ fact sheet / health topic page (current access 2026)",https://www.who.int/news-room/fact-sheets/detail/climate-change-and-health,https://www.who.int/news-room/fact-sheets/detail/climate-change-and-health,url::07114aeca491,normalized_url_cluster,pre_rev0332
S394,"UNICEF, _The Climate Crisis is a Child Rights Crisis: Introducing the Children's Climate Risk Index_ (2021)",https://www.unicef.org/reports/climate-crisis-child-rights-crisis,https://www.unicef.org/reports/climate-crisis-child-rights-crisis,url::92bcc7e1aaee,normalized_url_cluster,pre_rev0332
S395,"UNICEF, _Learning Interrupted: Global Snapshot of Climate-Related School Disruptions in 2024_ (2025)",https://www.unicef.org/reports/learning-interrupted-global-snapshot-2024,https://www.unicef.org/reports/learning-interrupted-global-snapshot-2024,url::3d2c13fcd555,normalized_url_cluster,pre_rev0332
S396,"World Bank, _Choosing Our Future: Education for Climate Action_ (2024)",https://www.worldbank.org/en/topic/education/publication/education-for-climate-action,https://www.worldbank.org/en/topic/education/publication/education-for-climate-action,url::552e38475e9e,normalized_url_cluster,pre_rev0332
S397,"Global Alliance for Disaster Risk Reduction and Resilience in the Education Sector, _Comprehensive School Safety Framework 2022–2030 for Child Rights and Resilience in the Education Sector_ (2022)",https://gadrrres.net/comprehensive-school-safety-framework,https://gadrrres.net/comprehensive-school-safety-framework,url::af485161ac36,normalized_url_cluster,pre_rev0332
S398,"Inter-agency Network for Education in Emergencies, _Minimum Standards for Education: Preparedness, Response, Recovery — 2024 Edition_ (2024)",https://inee.org/minimum-standards,https://inee.org/minimum-standards,url::002a0824f9fd,normalized_url_cluster,pre_rev0332
S399,"World Bank, _RIGHT+ Framework for Physical Learning Environments_ (2025)",https://www.worldbank.org/en/topic/education/publication/right-framework-physical-learning-environments,https://www.worldbank.org/en/topic/education/publication/right-framework-physical-learning-environments,url::2ec8c7a2cafe,normalized_url_cluster,pre_rev0332
S400,"UNICEF, _Children Displaced in a Changing Climate: Preparing for a Future Already Underway_ (2023)",https://www.unicef.org/reports/children-displaced-changing-climate,https://www.unicef.org/reports/children-displaced-changing-climate,url::b684d4b8cbdf,normalized_url_cluster,pre_rev0332
S401,"UNICEF East Asia and Pacific Regional Office, _Climate Resilient Child Protection Systems in East Asia and Pacific: Technical Brief_ (2025)",https://www.unicef.org/eap/media/18386/file/Technical%20Brief.pdf.pdf,https://www.unicef.org/eap/media/18386/file/Technical%20Brief.pdf.pdf,url::8273efc4c182,normalized_url_cluster,pre_rev0332
S402,"United Nations Committee on the Rights of the Child, _General Comment No. 26 on Children's Rights and the Environment, with a Special Focus on Climate Change_ (2023)",https://docs.un.org/en/CRC/C/GC/26,https://docs.un.org/en/CRC/C/GC/26,url::e134ceb66024,normalized_url_cluster,pre_rev0332
S403,"UNICEF, _Sustainability and Climate Change Action Plan 2023–2030_ (2023)",https://www.unicef.org/media/139506/file/UNICEF-Sustainability-Climate-Change-Action-Plan-2023-2030.pdf,https://www.unicef.org/media/139506/file/UNICEF-Sustainability-Climate-Change-Action-Plan-2023-2030.pdf,url::544c4ba4368c,normalized_url_cluster,pre_rev0332
S404,"UNICEF, _The State of the World's Children 2024: The Future of Childhood in a Changing World_ (2024)",https://www.unicef.org/reports/state-of-worlds-children/2024,https://www.unicef.org/reports/state-of-worlds-children/2024,url::8c4a11368b35,normalized_url_cluster,pre_rev0332
S405,"World Health Organization, _Mental Health and Climate Change: Policy Brief_ (2022)",https://www.who.int/publications/i/item/9789240045125,https://www.who.int/publications/i/item/9789240045125,url::93a809c18580,normalized_url_cluster,pre_rev0332
S406,"World Health Organization, _Ageing and health_ fact sheet (updated 2025)",https://www.who.int/news-room/fact-sheets/detail/ageing-and-health,https://www.who.int/news-room/fact-sheets/detail/ageing-and-health,url::2c3047dd7b98,normalized_url_cluster,pre_rev0332
S407,"World Health Organization, _Global Report on Health Equity for Persons with Disabilities_ (2022)",https://www.who.int/publications/i/item/9789240063600,https://www.who.int/publications/i/item/9789240063600,url::28f71e3424d3,normalized_url_cluster,pre_rev0332
S408,"United Nations Office for Disaster Risk Reduction, _2023 Global Survey Report on Persons with Disabilities and Disasters_ (2023)",https://www.undrr.org/report/2023-gobal-survey-report-on-persons-with-disabilities-and-disasters,https://www.undrr.org/report/2023-gobal-survey-report-on-persons-with-disabilities-and-disasters,url::b7ae2df41b72,normalized_url_cluster,pre_rev0332
S409,"World Health Organization and UNICEF, _Global Report on Assistive Technology_ (2022)",https://www.who.int/news-room/fact-sheets/detail/assistive-technology,https://www.who.int/news-room/fact-sheets/detail/assistive-technology,url::b57bd50cf554,normalized_url_cluster,pre_rev0332
S410,"HelpAge International, _Climate Justice in an Ageing World_ (2023)",https://www.helpage.org/wp-content/uploads/2023/11/Climate-justice-in-an-ageing-world.pdf,https://www.helpage.org/wp-content/uploads/2023/11/Climate-justice-in-an-ageing-world.pdf,url::5056f68422ee,normalized_url_cluster,pre_rev0332
S411,"Falchetta et al., _Global projections of heat exposure of older adults_, Nature Communications (2024)",https://www.nature.com/articles/s41467-024-47197-5,https://www.nature.com/articles/s41467-024-47197-5,url::b72d46958e91,normalized_url_cluster,pre_rev0332
S412,"ADCAP / HelpAge / CBM / Handicap International and partners, _Humanitarian Inclusion Standards for Older People and People with Disabilities_ (2018)",https://spherestandards.org/resources/humanitarian-inclusion-standards-for-older-people-and-people-with-disabilities/,https://spherestandards.org/resources/humanitarian-inclusion-standards-for-older-people-and-people-with-disabilities,url::1939e097d5aa,normalized_url_cluster,pre_rev0332
S413,"Inter-Agency Standing Committee, _Guidelines on the Inclusion of Persons with Disabilities in Humanitarian Action_ (2019)",https://interagencystandingcommittee.org/sites/default/files/migrated/2020-11/IASC%20Guidelines%20on%20the%20Inclusion%20of%20Persons%20with%20Disabilities%20in%20Humanitarian%20Action%2C%202019_0.pdf,https://interagencystandingcommittee.org/sites/default/files/migrated/2020-11/IASC%20Guidelines%20on%20the%20Inclusion%20of%20Persons%20with%20Disabilities%20in%20Humanitarian%20Action%2C%202019_0.pdf,url::7d9d72843dae,normalized_url_cluster,pre_rev0332
S414,"United Nations, _Convention on the Rights of Persons with Disabilities — Article 11: Situations of risk and humanitarian emergencies_ (2006)",https://www.un.org/development/desa/disabilities/convention-on-the-rights-of-persons-with-disabilities/article-11-situations-of-risk-and-humanitarian-emergencies.html,https://www.un.org/development/desa/disabilities/convention-on-the-rights-of-persons-with-disabilities/article-11-situations-of-risk-and-humanitarian-emergencies.html,url::5a6b1f4b91b1,normalized_url_cluster,pre_rev0332
S415,"World Health Organization, _Older Persons in Emergencies: Considerations for Action and Policy Development_ (2008)",https://extranet.who.int/agefriendlyworld/wp-content/uploads/2014/06/WHO-Older-Persons-in-Emergencies-Considerations-for-Action-and-Policy-Development-English.pdf,https://extranet.who.int/agefriendlyworld/wp-content/uploads/2014/06/WHO-Older-Persons-in-Emergencies-Considerations-for-Action-and-Policy-Development-English.pdf,url::39b9512fb5e3,normalized_url_cluster,pre_rev0332
S416,"ASPR TRACIE, _Long-Term Care Facilities_ technical resources (current access 2026)",https://asprtracie.hhs.gov/technical-resources/52/long-term-care-facilities/47,https://asprtracie.hhs.gov/technical-resources/52/long-term-care-facilities/47,url::456cf6b2095e,normalized_url_cluster,pre_rev0332
S417,"Heat.gov, _At-Risk Older Adults_ (current access 2026)",https://heat.gov/who-is-most-at-risk-to-extreme-heat/at-risk-older-adults/,https://heat.gov/who-is-most-at-risk-to-extreme-heat/at-risk-older-adults,url::8677b9f727e1,normalized_url_cluster,pre_rev0332
S418,"International Labour Organization, _Ensuring Safety and Health at Work in a Changing Climate_ (2024)",https://www.ilo.org/publications/ensuring-safety-and-health-work-changing-climate,https://www.ilo.org/publications/ensuring-safety-and-health-work-changing-climate,url::716acc5abcc1,normalized_url_cluster,pre_rev0332
S419,"World Health Organization and World Meteorological Organization, _Climate Change and Workplace Heat Stress: Technical Report and Guidance_ (2025)",https://www.who.int/publications/i/item/9789240099814,https://www.who.int/publications/i/item/9789240099814,url::c3a853c27dc9,normalized_url_cluster,pre_rev0332
S420,"International Labour Organization, _Working on a Warmer Planet: The Impact of Heat Stress on Labour Productivity and Decent Work_ (2019)",https://www.ilo.org/sites/default/files/wcmsp5/groups/public/%40dgreports/%40dcomm/%40publ/documents/publication/wcms_711919.pdf,https://www.ilo.org/sites/default/files/wcmsp5/groups/public/%40dgreports/%40dcomm/%40publ/documents/publication/wcms_711919.pdf,url::a125a2856ed9,normalized_url_cluster,pre_rev0332
S421,"International Labour Organization, _Heat at Work: Implications for Safety and Health_ (2024)",https://www.ilo.org/publications/heat-work-implications-safety-and-health,https://www.ilo.org/publications/heat-work-implications-safety-and-health,url::6be9ecab2642,normalized_url_cluster,pre_rev0332
S422,"Occupational Safety and Health Administration, _Heat Injury and Illness Prevention in Outdoor and Indoor Work Settings Rulemaking_ (current access 2026)",https://www.osha.gov/heat-exposure/rulemaking,https://www.osha.gov/heat-exposure/rulemaking,url::650d05863045,normalized_url_cluster,pre_rev0332
S423,"International Labour Organization, _A Safe and Healthy Working Environment Is a Fundamental Principle and Right at Work_ (current access 2026)",https://www.ilo.org/topics-and-sectors/safety-and-health-work/safe-and-healthy-working-environment-fundamental-principle-and-right-work,https://www.ilo.org/topics-and-sectors/safety-and-health-work/safe-and-healthy-working-environment-fundamental-principle-and-right-work,url::04368bed75a1,normalized_url_cluster,pre_rev0332
S424,"International Labour Organization, _World Social Protection Report 2024–26: Universal Social Protection for Climate Action and a Just Transition_ (2024)",https://www.ilo.org/publications/flagship-reports/world-social-protection-report-2024-26-universal-social-protection-climate,https://www.ilo.org/publications/flagship-reports/world-social-protection-report-2024-26-universal-social-protection-climate,url::ac4b2a26cc3b,normalized_url_cluster,pre_rev0332
S425,"World Bank, _State of Social Protection Report 2025: The 2-Billion-Person Challenge_ (2025)",https://www.worldbank.org/en/topic/socialprotection/publication/state-of-social-protection-2025-2-billion-person-challenge,https://www.worldbank.org/en/topic/socialprotection/publication/state-of-social-protection-2025-2-billion-person-challenge,url::4a25f04ba715,normalized_url_cluster,pre_rev0332
S426,"Food and Agriculture Organization and World Meteorological Organization, _Extreme Heat and Agriculture_ / WMO report highlights extreme heat risks for agriculture (2025)",https://wmo.int/media/news/fao-and-wmo-report-highlights-extreme-heat-risks-agriculture,https://wmo.int/media/news/fao-and-wmo-report-highlights-extreme-heat-risks-agriculture,url::da3685d18036,normalized_url_cluster,pre_rev0332
S427,"ILOSTAT, _Statistics on the Informal Economy_ (current access 2026)",https://ilostat.ilo.org/topics/informality/,https://ilostat.ilo.org/topics/informality,url::4afae6895f28,normalized_url_cluster,pre_rev0332
S428,"International Labour Organization, _Guidelines for a Just Transition towards Environmentally Sustainable Economies and Societies for All_ (2015 / publication page 2016)",https://www.ilo.org/publications/guidelines-just-transition-towards-environmentally-sustainable-economies,https://www.ilo.org/publications/guidelines-just-transition-towards-environmentally-sustainable-economies,url::f0af38380c56,normalized_url_cluster,pre_rev0332
S429,"International Agency for Research on Cancer / WHO / ILO, _Working under the Sun Causes 1 in 3 Deaths from Non-Melanoma Skin Cancer_ (2023)",https://www.iarc.who.int/news-events/working-under-the-sun-causes-1-in-3-deaths-from-non-melanoma-skin-cancer-say-who-and-ilo/,https://www.iarc.who.int/news-events/working-under-the-sun-causes-1-in-3-deaths-from-non-melanoma-skin-cancer-say-who-and-ilo,url::2dd1ec8e2b48,normalized_url_cluster,pre_rev0332
S430,"van Selm et al., _Occupational Heat Stress Among Migrant and Ethnic Minority Outdoor Workers: A Scoping Review_, Current Environmental Health Reports (2025)",https://link.springer.com/article/10.1007/s40572-025-00481-y,https://link.springer.com/article/10.1007/s40572-025-00481-y,url::138fecf09619,normalized_url_cluster,pre_rev0332
S431,"World Health Organization, _WHO Housing and Health Guidelines_ (2018)",https://www.who.int/publications/i/item/9789241550376,https://www.who.int/publications/i/item/9789241550376,url::9d353ac10bac,normalized_url_cluster,pre_rev0332
S432,"United Nations Special Rapporteur on Adequate Housing, _Towards a Just Transformation: Climate Crisis and the Right to Housing_ (A/HRC/52/28, 2023)",https://www.ohchr.org/en/documents/thematic-reports/ahrc5228-towards-just-transformation-climate-crisis-and-right-housing,https://www.ohchr.org/en/documents/thematic-reports/ahrc5228-towards-just-transformation-climate-crisis-and-right-housing,url::69e1c00765ba,normalized_url_cluster,pre_rev0332
S433,"UN-Habitat, _Annual Report 2024: Adequate Housing for All_ (2025 publication page / report)",https://unhabitat.org/annual-report-2024,https://unhabitat.org/annual-report-2024,url::ea59d1ec774d,normalized_url_cluster,pre_rev0332
S434,"Sphere Association, _The Sphere Handbook: Humanitarian Charter and Minimum Standards in Humanitarian Response_ (2018 / current online handbook)",https://spherestandards.org/handbook/,https://spherestandards.org/handbook,url::7797b5c993cf,normalized_url_cluster,pre_rev0332
S435,"World Bank, _Global Program for Resilient Housing_ (current access 2026)",https://www.worldbank.org/en/topic/disasterriskmanagement/brief/global-program-for-resilient-housing,https://www.worldbank.org/en/topic/disasterriskmanagement/brief/global-program-for-resilient-housing,url::1d4f3898e63f,normalized_url_cluster,pre_rev0332
S436,"Global Facility for Disaster Reduction and Recovery, _Resilient Housing_ technical support page (current access 2026)",https://www.gfdrr.org/en/resilient-housing,https://www.gfdrr.org/en/resilient-housing,url::81fbe313f163,normalized_url_cluster,pre_rev0332
S437,"OECD, _Future-Proofing Real Estate Investment: Managing Climate-Related Risks for Resilient Real Estate_ (2025)",https://www.oecd.org/en/publications/2025/11/future-proofing-real-estate-investment_f3d78bbb/full-report/managing-climate-related-risks-for-resilient-real-estate_fe6a5ab0.html,https://www.oecd.org/en/publications/2025/11/future-proofing-real-estate-investment_f3d78bbb/full-report/managing-climate-related-risks-for-resilient-real-estate_fe6a5ab0.html,url::e937102e7fed,normalized_url_cluster,pre_rev0332
S438,"OECD, _Affordable Housing Database_ (current access 2026)",https://www.oecd.org/en/data/datasets/oecd-affordable-housing-database.html,https://www.oecd.org/en/data/datasets/oecd-affordable-housing-database.html,url::99ec09bbbb4c,normalized_url_cluster,pre_rev0332
S439,"UNDRR / Norwegian Refugee Council / Platform on Disaster Displacement, _Words into Action: Disaster Displacement — How to Reduce Risk, Address Impacts and Strengthen Resilience_ (2019 / current access 2026)",https://www.undrr.org/words-into-action/disaster-displacement-how-reduce-risk-address-impacts-and-strengthen-resilience,https://www.undrr.org/words-into-action/disaster-displacement-how-reduce-risk-address-impacts-and-strengthen-resilience,url::8aa831cbad6f,normalized_url_cluster,pre_rev0332
S440,"Habitat for Humanity International / UN-Habitat, _Housing and Informal Settlements Content in Nationally Determined Contributions_ (2024)",https://www.habitat.org/sites/default/files/documents/NDC-Report-Oct-9.pdf,https://www.habitat.org/sites/default/files/documents/NDC-Report-Oct-9.pdf,url::e290c5afe372,normalized_url_cluster,pre_rev0332
S441,"UN-Habitat, _The Promise of Adequate Housing: A Human Right We Must Uphold_ (2024)",https://unhabitat.org/news/10-dec-2024/the-promise-of-adequate-housing-a-human-right-we-must-uphold,https://unhabitat.org/news/10-dec-2024/the-promise-of-adequate-housing-a-human-right-we-must-uphold,url::53d065015edf,normalized_url_cluster,pre_rev0332
S442,"World Bank, _Building Better Before the Next Disaster: How Retrofitting Homes Can Save Lives and Strengthen Economies_ (2024 / current access 2026)",https://blogs.worldbank.org/en/sustainablecities/building-better-next-disaster-how-retrofitting-homes-can-save-lives-and-strengthen-economies,https://blogs.worldbank.org/en/sustainablecities/building-better-next-disaster-how-retrofitting-homes-can-save-lives-and-strengthen-economies,url::985061076b5d,normalized_url_cluster,pre_rev0332
S443,"Global Shelter Cluster, _Needs Overview Tip Sheet for Environment, Climate Change and Disaster Risk Reduction Mainstreaming_ (2024)",https://www.sheltercluster.org/environment-community-practice/documents/needs-overview-tip-sheet-environment-climate-change-and,https://www.sheltercluster.org/environment-community-practice/documents/needs-overview-tip-sheet-environment-climate-change-and,url::9b66a53c5e34,normalized_url_cluster,pre_rev0332
S444,"World Bank, _The Global Findex Database 2025: Connectivity and Financial Inclusion in the Digital Economy_ (2025)",https://www.worldbank.org/en/publication/globalfindex,https://www.worldbank.org/en/publication/globalfindex,url::0d162e18428b,normalized_url_cluster,pre_rev0332
S445,"CGAP, _Strengthening Financial Systems for Climate Adaptation_ (2025)",https://www.cgap.org/research/publication/strengthening-financial-systems-for-climate-adaptation,https://www.cgap.org/research/publication/strengthening-financial-systems-for-climate-adaptation,url::45a581957b00,normalized_url_cluster,pre_rev0332
S446,"CGAP, _Built to Adapt: Inclusive Financial Institutions in a Changing Climate_ (2026)",https://www.cgap.org/research/publication/built-to-adapt-inclusive-financial-institutions-in-changing-climate,https://www.cgap.org/research/publication/built-to-adapt-inclusive-financial-institutions-in-changing-climate,url::11407053041c,normalized_url_cluster,pre_rev0332
S447,"World Bank, _Government-to-person (G2Px)_ and _Next Generation G2P Payments_ materials (current access 2026 / 2022 report)",https://www.worldbank.org/en/programs/g2px,https://www.worldbank.org/en/programs/g2px,url::083019861a2a,normalized_url_cluster,pre_rev0332
S448,"World Bank, _Understanding the Experiences of Digital G2P Payment Recipients: A Qualitative Research Toolkit_ (2025)",https://openknowledge.worldbank.org/entities/publication/201bc1a6-94f2-44ea-be18-72e66b4e523a,https://openknowledge.worldbank.org/entities/publication/201bc1a6-94f2-44ea-be18-72e66b4e523a,url::3d78420822d9,normalized_url_cluster,pre_rev0332
S449,"World Bank ID4D, _ID4D Global Dataset 2025_ (current access 2026)",https://id4d.worldbank.org/global-dataset,https://id4d.worldbank.org/global-dataset,url::da6b0556468d,normalized_url_cluster,pre_rev0332
S450,"GSMA, _State of the Industry Report on Mobile Money 2026_ / press materials (2026)",https://www.gsma.com/solutions-and-impact/connectivity-for-good/mobile-for-development/gsma_resources/the-state-of-the-industry-report-on-mobile-money-2026/,https://www.gsma.com/solutions-and-impact/connectivity-for-good/mobile-for-development/gsma_resources/the-state-of-the-industry-report-on-mobile-money-2026,url::57e48609260e,normalized_url_cluster,pre_rev0332
S451,"Better Than Cash Alliance, _Responsible Digital Payments Guidelines_ and UN Principles for Responsible Digital Payments (current access 2026)",https://www.betterthancash.org/explore-resources/responsible-digital-payments-guidelines,https://www.betterthancash.org/explore-resources/responsible-digital-payments-guidelines,url::025bf81ff8fa,normalized_url_cluster,pre_rev0332
S452,"OECD, _G20/OECD High-Level Principles on Financial Consumer Protection_ (2022)",https://www.oecd.org/en/publications/g20-oecd-high-level-principles-on-financial-consumer-protection-2022_48cc3df0-en.html,https://www.oecd.org/en/publications/g20-oecd-high-level-principles-on-financial-consumer-protection-2022_48cc3df0-en.html,url::bb9c72ff41cf,normalized_url_cluster,pre_rev0332
S453,"Consumers International, _Building Consumer Resilience in Digital Finance_ (2025)",https://www.consumersinternational.org/media/669193/building-consumer-resilience-in-digital-finance-report-final.pdf,https://www.consumersinternational.org/media/669193/building-consumer-resilience-in-digital-finance-report-final.pdf,url::3d56fb8fe8ea,normalized_url_cluster,pre_rev0332
S454,"CALP Network, _The State of the World's Cash 2023_ (2023)",https://www.calpnetwork.org/collection/the-state-of-the-worlds-cash-2023-report/,https://www.calpnetwork.org/collection/the-state-of-the-worlds-cash-2023-report,url::9c465c151c3b,normalized_url_cluster,pre_rev0332
S455,"World Bank / KNOMAD, _In 2024, remittance flows to low- and middle-income countries are expected to reach $685 billion, larger than FDI and ODA combined_ (2024)",https://blogs.worldbank.org/en/peoplemove/in-2024--remittance-flows-to-low--and-middle-income-countries-ar,https://blogs.worldbank.org/en/peoplemove/in-2024--remittance-flows-to-low--and-middle-income-countries-ar,url::933c024e548d,normalized_url_cluster,pre_rev0332
S456,"Universal Social Protection 2030, _Social Protection and Climate Finance: How Social Protection Can Support Climate Action and Climate Justice by Leveraging Climate Finance_ (2025)",https://usp2030.org/wp-content/uploads/USP2030-Social-protection-and-climate-finance.pdf,https://usp2030.org/wp-content/uploads/USP2030-Social-protection-and-climate-finance.pdf,url::74b77af7c42d,normalized_url_cluster,pre_rev0332
S457,"World Bank, _Rethinking Resilience: Adapting to a Changing Climate_ (2025)",https://openknowledge.worldbank.org/entities/publication/22473718-f0dc-4f45-a045-37b0b3e17827,https://openknowledge.worldbank.org/entities/publication/22473718-f0dc-4f45-a045-37b0b3e17827,url::3b28fc94bf47,normalized_url_cluster,pre_rev0332
S458,"World Justice Project, _Measuring the Justice Gap: A People-Centered Assessment of Unmet Justice Needs Around the World_ (2019 / current page accessed 2026)",https://worldjusticeproject.org/our-work/research-and-data/measuring-justice-gap,https://worldjusticeproject.org/our-work/research-and-data/measuring-justice-gap,url::b90212bfb377,normalized_url_cluster,pre_rev0332
S459,"World Justice Project, _Rule of Law Index 2025_ global press materials (2025)",https://worldjusticeproject.org/news/wjp-rule-law-index-2025-global-press-release,https://worldjusticeproject.org/news/wjp-rule-law-index-2025-global-press-release,url::fc78dc247a21,normalized_url_cluster,pre_rev0332
S460,"OECD, _Recommendation of the Council on Access to Justice and People-Centred Justice Systems_ (2023)",https://legalinstruments.oecd.org/en/instruments/OECD-LEGAL-0498,https://legalinstruments.oecd.org/en/instruments/OECD-LEGAL-0498,url::a741f5bfc1bc,normalized_url_cluster,pre_rev0332
S461,"OECD, _Toolkit for Access to Justice and People-Centred Justice Systems_ (2025)",https://www.oecd.org/en/publications/toolkit-for-access-to-justice-and-people-centred-justice-systems_aecf7f78-en.html,https://www.oecd.org/en/publications/toolkit-for-access-to-justice-and-people-centred-justice-systems_aecf7f78-en.html,url::8347a500eeac,normalized_url_cluster,pre_rev0332
S462,"OECD, _Making Justice Systems More Effective and People Centred_ (2025)",https://www.oecd.org/en/publications/making-justice-systems-more-effective-and-people-centred_e02fd90b-en.html,https://www.oecd.org/en/publications/making-justice-systems-more-effective-and-people-centred_e02fd90b-en.html,url::4b067eff708d,normalized_url_cluster,pre_rev0332
S463,"OECD / Open Society Foundations, _Legal Needs Surveys and Access to Justice_ (2019)",https://www.oecd.org/en/publications/legal-needs-surveys-and-access-to-justice_g2g9a36c-en.html,https://www.oecd.org/en/publications/legal-needs-surveys-and-access-to-justice_g2g9a36c-en.html,url::9b2773b344ee,normalized_url_cluster,pre_rev0332
S464,"Pathfinders for Peaceful, Just and Inclusive Societies, _Justice for All_ programme materials (current access 2026)",https://www.sdg16.plus/justice/,https://www.sdg16.plus/justice,url::3681d8a5c024,normalized_url_cluster,pre_rev0332
S465,"International Development Law Organization, _Climate Justice: A Rule of Law Approach for Transformative Climate Action_ (2021)",https://www.idlo.int/publications/climate-justice-rule-law-approach-transformative-climate-action,https://www.idlo.int/publications/climate-justice-rule-law-approach-transformative-climate-action,url::c98ce91e76c0,normalized_url_cluster,pre_rev0332
S466,"UNDP / UNHCR, _Advancing Access to Justice and Legal Aid in Situations of Forced Displacement_ (2022)",https://www.undp.org/sites/g/files/zskgke326/files/2022-12/UNDP-UNHCR-Advancing-Access-to-Justice-and-Legal-Aid-in-Situations-of-Forced-Displacement.pdf,https://www.undp.org/sites/g/files/zskgke326/files/2022-12/UNDP-UNHCR-Advancing-Access-to-Justice-and-Legal-Aid-in-Situations-of-Forced-Displacement.pdf,url::cbaa7e47060c,normalized_url_cluster,pre_rev0332
S467,"IFRC, _Disaster Law: Saving Lives Before, During and After Crises_ (current access 2026)",https://www.ifrc.org/happening-now/advocacy-hub/disaster-law,https://www.ifrc.org/happening-now/advocacy-hub/disaster-law,url::0b7b2b64d627,normalized_url_cluster,pre_rev0332
S468,"IFRC, _The Checklist on Law and Disaster Preparedness and Response_ (2019)",https://www.onlinelibrary.iihl.org/wp-content/uploads/2025/02/2019-%E2%80%93-IFRC-The-Checklist-on-Law-and-Disaster-Preparedness-and-Response.pdf,https://www.onlinelibrary.iihl.org/wp-content/uploads/2025/02/2019-%E2%80%93-IFRC-The-Checklist-on-Law-and-Disaster-Preparedness-and-Response.pdf,url::ad680adc3f05,normalized_url_cluster,pre_rev0332
S469,"Platform on Disaster Displacement / IFRC, _Climate and Disaster Displacement: The Importance of Disaster Law and Policy_ factsheet (2020)",https://disasterdisplacement.org/resource/climate-and-disaster-displacement-the-importance-of-disaster-law-and-policy-factsheet/,https://disasterdisplacement.org/resource/climate-and-disaster-displacement-the-importance-of-disaster-law-and-policy-factsheet,url::a0f54292bb7f,normalized_url_cluster,pre_rev0332
S470,"UNICEF, _Birth Registration Steadily Increases Worldwide, but 150 Million Children Still “Invisible”_ / _The Right Start in Life_ update (2024)",https://www.unicef.org/press-releases/birth-registration-steadily-increases-worldwide-150-million-children-still-invisible,https://www.unicef.org/press-releases/birth-registration-steadily-increases-worldwide-150-million-children-still-invisible,url::1ddb1a654679,normalized_url_cluster,pre_rev0332
S471,"Namati, _Grassroots Legal Empowerment_ programme materials (current access 2026)",https://namati.org/what-we-do/grassroots-legal-empowerment/,https://namati.org/what-we-do/grassroots-legal-empowerment,url::f8b881e3e2d2,normalized_url_cluster,pre_rev0332
S472,"World Meteorological Organization, _Common Alerting Protocol (CAP)_ resources (current access 2026)",https://wmo.int/activities/common-alerting-protocol-cap,https://wmo.int/activities/common-alerting-protocol-cap,url::d119b88d83ab,normalized_url_cluster,pre_rev0332
S473,"International Telecommunication Union, _Early Warnings for All initiative: Pillar 3 — Warning dissemination and communication_ (current access 2026)",https://www.itu.int/en/ITU-D/Emergency-Telecommunications/Pages/Early-Warnings-for-All-Initiative.aspx,https://www.itu.int/en/ITU-D/Emergency-Telecommunications/Pages/Early-Warnings-for-All-Initiative.aspx,url::8f5bc19f5cbe,normalized_url_cluster,pre_rev0332
S474,"International Telecommunication Union, _Emergency Telecommunications_ portal and backgrounder (current access 2026)",,,missing-url::S474,missing_url_not_collapsed,pre_rev0332
S475,"International Telecommunication Union, _The use of telecommunications/ICTs for disaster risk reduction and management_ (2025)",https://www.itu.int/hub/publication/d-stg-sg01-03-1-2025/,https://www.itu.int/hub/publication/d-stg-sg01-03-1-2025,url::5912e90867e9,normalized_url_cluster,pre_rev0332
S476,"International Telecommunication Union, _Disaster Connectivity Map_ (current access 2026)",https://www.itu.int/en/ITU-D/Emergency-Telecommunications/Pages/Disaster-Connectivity-Map.aspx,https://www.itu.int/en/ITU-D/Emergency-Telecommunications/Pages/Disaster-Connectivity-Map.aspx,url::394c7898b2cd,normalized_url_cluster,pre_rev0332
S477,"GSMA, _Mobile-Enabled Early Warning Systems_ resources and country case studies (2025–2026)",,,missing-url::S477,missing_url_not_collapsed,pre_rev0332
S478,"UNDRR, _Words into Action guidelines: Multi-Hazard Early Warning Systems_ (current access 2026)",https://www.undrr.org/words-into-action/guide-multi-hazard-early-warning,https://www.undrr.org/words-into-action/guide-multi-hazard-early-warning,url::8d864f780727,normalized_url_cluster,pre_rev0332
S479,"UNDRR, _Inclusive early warning early action: checklist and implementation guide_ (2025)",https://www.undrr.org/publication/inclusive-early-warning-early-action-checklist-and-implementation-guide,https://www.undrr.org/publication/inclusive-early-warning-early-action-checklist-and-implementation-guide,url::e8b23b698d9c,normalized_url_cluster,pre_rev0332
S480,"Centre of Excellence for Climate and Disaster Resilience / UNDRR, _Early Warning Systems and Early Action in Fragile, Conflict-Affected and Violent Contexts_ (2025)",https://www.undrr.org/publication/documents-and-publications/early-warning-systems-and-early-action-fragile-conflict,https://www.undrr.org/publication/documents-and-publications/early-warning-systems-and-early-action-fragile-conflict,url::076404548b61,normalized_url_cluster,pre_rev0332
S481,"IFRC, _Community Engagement and Accountability_ resources, toolkit, and strategy (current access 2026)",,,missing-url::S481,missing_url_not_collapsed,pre_rev0332
S482,"World Health Organization Regional Office for Europe, _Risk communication, community engagement and infodemic management_ resources (current access 2026)",https://www.who.int/europe/emergencies/our-work-in-emergencies/rcceim,https://www.who.int/europe/emergencies/our-work-in-emergencies/rcceim,url::732d336ef61c,normalized_url_cluster,pre_rev0332
S483,"UNESCO, _Media in Crisis Preparedness and Response_ (current access 2026)",https://www.unesco.org/en/media-crisis,https://www.unesco.org/en/media-crisis,url::1e4698fa10cc,normalized_url_cluster,pre_rev0332
S484,"UNESCO / United Nations / Government of Brazil, _Global Initiative for Information Integrity on Climate Change_ (2024–2026)",,,missing-url::S484,missing_url_not_collapsed,pre_rev0332
S485,"International Telecommunication Union, _Facts and Figures 2025_ / _Global Connectivity Report 2025_ (2025)",,,missing-url::S485,missing_url_not_collapsed,pre_rev0332
S486,"Access Now / #KeepItOn Coalition, _When repression meets resistance: internet shutdowns in 2025_ and related #KeepItOn materials (2026)",,,missing-url::S486,missing_url_not_collapsed,pre_rev0332
S487,"World Bank, _Disaster and Climate-Resilient Transport Guidance Note_ (2025)",https://openknowledge.worldbank.org/entities/publication/a475a009-b161-46a8-a365-4b0215d83352,https://openknowledge.worldbank.org/entities/publication/a475a009-b161-46a8-a365-4b0215d83352,url::72daa06ef5ed,normalized_url_cluster,pre_rev0332
S488,"International Transport Forum / OECD, _Transport System Resilience: Summary and Conclusions_ (2024)",,,missing-url::S488,missing_url_not_collapsed,pre_rev0332
S489,"PIARC, _International Climate Change Adaptation Framework 2023 — Technical Report_ (2023)",https://www.piarc.org/en/order-library/42628-en-PIARC%20International%20Climate%20Change%20Adaptation%20Framework%202023%20%E2%80%93%20TechnicalReport,https://www.piarc.org/en/order-library/42628-en-PIARC%20International%20Climate%20Change%20Adaptation%20Framework%202023%20%E2%80%93%20TechnicalReport,url::56f4e9c3c0fd,normalized_url_cluster,pre_rev0332
S490,"World Bank, _Lifelines: The Resilient Infrastructure Opportunity_ (2019)",https://openknowledge.worldbank.org/entities/publication/c3a753a6-2310-501b-a37e-5dcab3e96a0b,https://openknowledge.worldbank.org/entities/publication/c3a753a6-2310-501b-a37e-5dcab3e96a0b,url::8143e2f294ea,normalized_url_cluster,pre_rev0332
S491,"UNDRR / International Recovery Platform / World Bank, _Transport Sector Recovery: Opportunities to Build Resilience_ (2022 web listing; guidance note originally developed for recovery practice)",https://www.undrr.org/publication/transport-sector-recovery-opportunities-build-resilience,https://www.undrr.org/publication/transport-sector-recovery-opportunities-build-resilience,url::4e631d7ebde3,normalized_url_cluster,pre_rev0332
S492,"High Volume Transport / UK Aid, _Climate-Resilient Transport: A Policy Guide_ (2021/2023 online PDF)",https://transport-links.com/wp-content/uploads/2023/10/climate-resilient-transport-a-policy-guide-draft.pdf,https://transport-links.com/wp-content/uploads/2023/10/climate-resilient-transport-a-policy-guide-draft.pdf,url::11b49d295041,normalized_url_cluster,pre_rev0332
S493,"FEMA, _Planning Considerations: Evacuation and Shelter-in-Place_ (2019; hosted in FEMA publication library)",https://www.fema.gov/sites/default/files/2020-07/planning-considerations-evacuation-and-shelter-in-place.pdf,https://www.fema.gov/sites/default/files/2020-07/planning-considerations-evacuation-and-shelter-in-place.pdf,url::98a96addc343,normalized_url_cluster,pre_rev0332
S494,"The Partnership for Inclusive Disaster Strategies, _Transit Evacuation Plans for People with Disabilities_ (2025)",https://disasterstrategies.org/wp-content/uploads/2025/05/Transit-Guidance-Evacuation-Plans-Doc-accessible.pdf,https://disasterstrategies.org/wp-content/uploads/2025/05/Transit-Guidance-Evacuation-Plans-Doc-accessible.pdf,url::9fc0768f7bf1,normalized_url_cluster,pre_rev0332
S495,"World Food Programme, _Logistics Cluster_ programme materials (current access 2026)",https://www.wfp.org/logistics-cluster,https://www.wfp.org/logistics-cluster,url::cd880b50ce00,normalized_url_cluster,pre_rev0332
S496,"UN Trade and Development (UNCTAD), _Climate Change Adaptation and Maritime Transport_ programme page (current access 2026)",https://unctad.org/topic/transport-and-trade-logistics/policy-and-legislation/climate-change-and-maritime-transport,https://unctad.org/topic/transport-and-trade-logistics/policy-and-legislation/climate-change-and-maritime-transport,url::619b82651349,normalized_url_cluster,pre_rev0332
S497,"UN Trade and Development (UNCTAD), _Review of Maritime Transport 2025: Staying the Course in Turbulent Waters_ (2025)",https://unctad.org/publication/review-maritime-transport-2025,https://unctad.org/publication/review-maritime-transport-2025,url::76cb047824a2,normalized_url_cluster,pre_rev0332
S498,"International Energy Agency, _Global EV Outlook 2026_ and electric-vehicle charging chapter (2026)",https://www.iea.org/reports/global-ev-outlook-2026/electric-vehicle-charging-chap-6-and-10,https://www.iea.org/reports/global-ev-outlook-2026/electric-vehicle-charging-chap-6-and-10,url::6d684f183100,normalized_url_cluster,pre_rev0332
S499,"U.S. Department of Energy, Office of Cybersecurity, Energy Security, and Emergency Response, _Local Leaders: Prepare for an Energy Emergency_ (2026)",https://www.energy.gov/ceser/local-leaders-prepare-energy-emergency,https://www.energy.gov/ceser/local-leaders-prepare-energy-emergency,url::1f1a140b932f,normalized_url_cluster,pre_rev0332
S500,"World Bank, _The Impact of Flooding on Urban Transit and Accessibility_ (2020)",https://openknowledge.worldbank.org/entities/publication/3b387b7f-9536-5220-b4b9-f74e27ad7cbe,https://openknowledge.worldbank.org/entities/publication/3b387b7f-9536-5220-b4b9-f74e27ad7cbe,url::5df0d1eea318,normalized_url_cluster,pre_rev0332
S501,"United Nations, _Sustainable Transport, Sustainable Development: Interagency Report for the Second Global Sustainable Transport Conference_ (2021)",https://sdgs.un.org/sites/default/files/2021-10/Transportation%20Report%202021_FullReport_Digital.pdf,https://sdgs.un.org/sites/default/files/2021-10/Transportation%20Report%202021_FullReport_Digital.pdf,url::a76ebbd8056d,normalized_url_cluster,pre_rev0332
S502,"International Energy Agency, _Climate Resilience for Energy Security_ (2022)",https://www.iea.org/reports/climate-resilience-for-energy-security,https://www.iea.org/reports/climate-resilience-for-energy-security,url::6d39f735d885,normalized_url_cluster,pre_rev0332
S503,"International Energy Agency, _Electricity Grids and Secure Energy Transitions_ (2023)",https://www.iea.org/reports/electricity-grids-and-secure-energy-transitions,https://www.iea.org/reports/electricity-grids-and-secure-energy-transitions,url::b910848e3961,normalized_url_cluster,pre_rev0332
S504,"World Bank, _Lifelines: The Resilient Infrastructure Opportunity_ (2019)",https://openknowledge.worldbank.org/entities/publication/c3a753a6-2310-501b-a37e-5dcab3e96a0b,https://openknowledge.worldbank.org/entities/publication/c3a753a6-2310-501b-a37e-5dcab3e96a0b,url::8143e2f294ea,normalized_url_cluster,pre_rev0332
S505,"World Bank, _Stronger Power: Improving Power Sector Resilience to Natural Hazards_ (2019)",https://documents1.worldbank.org/curated/en/200771560790885170/pdf/Stronger-Power-Improving-Power-Sector-Resilience-to-Natural-Hazards.pdf,https://documents1.worldbank.org/curated/en/200771560790885170/pdf/Stronger-Power-Improving-Power-Sector-Resilience-to-Natural-Hazards.pdf,url::99e2f6a33911,normalized_url_cluster,pre_rev0332
S506,"U.S. Energy Information Administration, _Hurricanes in 2024 led to the most hours without power in the United States in 10 years_ (2025)",https://www.eia.gov/todayinenergy/detail.php?id=66744,https://www.eia.gov/todayinenergy/detail.php?id=66744,url::b70271d2cffd,normalized_url_cluster,pre_rev0332
S507,"North American Electric Reliability Corporation, _2025 Long-Term Reliability Assessment_ (2025 / 2026 publication materials)",https://www.nerc.com/globalassets/our-work/assessments/ltra_infographic_2025.pdf,https://www.nerc.com/globalassets/our-work/assessments/ltra_infographic_2025.pdf,url::3e71b6b62a10,normalized_url_cluster,pre_rev0332
S508,"North American Electric Reliability Corporation, _2025–2026 Winter Reliability Assessment_ (2025)",https://www.nerc.com/globalassets/our-work/assessments/nerc_wra_2025.pdf,https://www.nerc.com/globalassets/our-work/assessments/nerc_wra_2025.pdf,url::82d028de3fc2,normalized_url_cluster,pre_rev0332
S509,"Federal Emergency Management Agency, _Power Outage Incident Annex to the Response and Recovery Federal Interagency Operational Plan_ (current annex library version)",https://www.fema.gov/sites/default/files/documents/fema_incident-annex_power-outage.pdf,https://www.fema.gov/sites/default/files/documents/fema_incident-annex_power-outage.pdf,url::f343ded1068f,normalized_url_cluster,pre_rev0332
S510,"U.S. Department of Energy / Pacific Northwest National Laboratory, _Community Energy Resilience Planning for Extended Power Outages_ (2023)",https://www.energycodes.gov/sites/default/files/2023-09/PNNL_Energy_Resilience%20Guide_PNNL_Final.pdf,https://www.energycodes.gov/sites/default/files/2023-09/PNNL_Energy_Resilience%20Guide_PNNL_Final.pdf,url::a84c2aea189d,normalized_url_cluster,pre_rev0332
S511,"National Renewable Energy Laboratory, _Community Resilience Options: A Menu for Enhancing Local Energy Resilience_ (2023)",https://docs.nrel.gov/docs/fy23osti/84493.pdf,https://docs.nrel.gov/docs/fy23osti/84493.pdf,url::0312f07c4409,normalized_url_cluster,pre_rev0332
S512,"U.S. Department of Health and Human Services, _HHS emPOWER Program / Map_ (current access 2026)",https://empowerprogram.hhs.gov/,https://empowerprogram.hhs.gov,url::ad66de3b92da,normalized_url_cluster,pre_rev0332
S513,"World Health Organization, _Electrification of health-care facilities_ / WHO–World Bank–IRENA–SEforALL _Energizing Health_ data page (current access 2026)",https://www.who.int/data/gho/data/themes/database-on-electrification-of-health-care-facilities,https://www.who.int/data/gho/data/themes/database-on-electrification-of-health-care-facilities,url::eeeac42aaaab,normalized_url_cluster,pre_rev0332
S514,"U.S. Environmental Protection Agency, _Power Resilience Guide for Water and Wastewater Utilities_ (updated 2023; current access 2026)",https://www.epa.gov/waterresilience/power-resilience-guide-water-and-wastewater-utilities,https://www.epa.gov/waterresilience/power-resilience-guide-water-and-wastewater-utilities,url::af7cd5c3a077,normalized_url_cluster,pre_rev0332
S515,"American Council for an Energy-Efficient Economy, _Energy Burden Research_ (2024)",https://www.aceee.org/energy-burden,https://www.aceee.org/energy-burden,url::b917da4dbf91,normalized_url_cluster,pre_rev0332
S516,"World Bank and partners, _Tracking SDG 7: The Energy Progress Report 2025_ press materials (2025)",https://www.worldbank.org/en/news/press-release/2025/06/25/energy-access-has-improved-yet-international-financial-support-still-needed-to-boost-progress-and-address-disparities,https://www.worldbank.org/en/news/press-release/2025/06/25/energy-access-has-improved-yet-international-financial-support-still-needed-to-boost-progress-and-address-disparities,url::ed5c8a3628f3,normalized_url_cluster,pre_rev0332
S517,"National Association of Regulatory Utility Commissioners, _Energy Resilience Reference Guide_ (2023)",https://pubs.naruc.org/pub/458600D2-913F-CBF6-B8F3-BBF1A796F00E,https://pubs.naruc.org/pub/458600D2-913F-CBF6-B8F3-BBF1A796F00E,url::b9357c290a4c,normalized_url_cluster,pre_rev0332
S518,"National Renewable Energy Laboratory, _Ensuring Resilient Operations of Solar-Plus-Storage Community Resilience Hubs_ (2024)",https://www.nrel.gov/docs/fy24osti/89601.pdf,https://www.nrel.gov/docs/fy24osti/89601.pdf,url::0d43234fff6d,normalized_url_cluster,pre_rev0332
S519,"United Nations Environment Programme / International Solid Waste Association, _Global Waste Management Outlook 2024: Beyond an age of waste — turning rubbish into a resource_ (2024)",https://www.unep.org/resources/global-waste-management-outlook-2024,https://www.unep.org/resources/global-waste-management-outlook-2024,url::8c8c30858995,normalized_url_cluster,pre_rev0332
S520,"World Bank, _What a Waste 2.0: A Global Snapshot of Solid Waste Management to 2050_ (2018)",https://openknowledge.worldbank.org/entities/publication/d3f9d45e-115f-559b-b14f-28552410e90a,https://openknowledge.worldbank.org/entities/publication/d3f9d45e-115f-559b-b14f-28552410e90a,url::fe6553af27c2,normalized_url_cluster,pre_rev0332
S521,"U.S. Environmental Protection Agency, _Guidance about Planning for Natural Disaster Debris_ / _Planning for Natural Disaster Debris_ (2019; current EPA page updated 2025)",https://www.epa.gov/disaster-debris/guidance-about-planning-natural-disaster-debris,https://www.epa.gov/disaster-debris/guidance-about-planning-natural-disaster-debris,url::622a3e5d9162,normalized_url_cluster,pre_rev0332
S522,"Federal Emergency Management Agency, _Debris Removal Guidance: Public Assistance Category A_ (current FEMA guidance library version)",https://www.fema.gov/sites/default/files/documents/fema_pa-debris-removal-guidance-category-a.pdf,https://www.fema.gov/sites/default/files/documents/fema_pa-debris-removal-guidance-category-a.pdf,url::26f206173ddb,normalized_url_cluster,pre_rev0332
S523,"Federal Emergency Management Agency, _Public Assistance Debris Monitoring Guide_ (2021)",https://www.fema.gov/sites/default/files/documents/fema_debris-monitoring-guide_sop_3-01-2021.pdf,https://www.fema.gov/sites/default/files/documents/fema_debris-monitoring-guide_sop_3-01-2021.pdf,url::fd2ef1b38e7c,normalized_url_cluster,pre_rev0332
S524,"United Nations Environment Programme / OCHA Joint Environment Unit, _Disaster Waste Management Guidelines_ (2011)",https://www.unocha.org/publications/report/world/disaster-waste-management-guidelines,https://www.unocha.org/publications/report/world/disaster-waste-management-guidelines,url::1a1d2d284cf9,normalized_url_cluster,pre_rev0332
S525,"U.S. Environmental Protection Agency, _Creating Disaster-Resilient Buildings to Minimize Disaster Debris_ (2024)",https://www.epa.gov/system/files/documents/2024-07/creating_disaster_resilient_buildings_to_minimize_disaster_debris_508.pdf,https://www.epa.gov/system/files/documents/2024-07/creating_disaster_resilient_buildings_to_minimize_disaster_debris_508.pdf,url::c2a9f3251489,normalized_url_cluster,pre_rev0332
S526,"Centers for Disease Control and Prevention, _Mold Clean Up Guidelines and Recommendations_ (2024)",https://www.cdc.gov/mold-health/about/clean-up.html,https://www.cdc.gov/mold-health/about/clean-up.html,url::bb251440bf1b,normalized_url_cluster,pre_rev0332
S527,"U.S. EPA / HUD / FEMA / NIH / CDC, _Homeowner's and Renter's Guide to Mold Cleanup after Disasters_ (current EPA page updated 2026)",https://www.epa.gov/mold/homeowners-and-renters-guide-mold-cleanup-after-disasters,https://www.epa.gov/mold/homeowners-and-renters-guide-mold-cleanup-after-disasters,url::6ef2496f2a4c,normalized_url_cluster,pre_rev0332
S528,"Occupational Safety and Health Administration, _Worker Safety and Health Resources for Hurricane and Flood Cleanup and Recovery_ (updated 2025)",https://www.osha.gov/emergency-preparedness/hurricane-flood-resources,https://www.osha.gov/emergency-preparedness/hurricane-flood-resources,url::76218b4304c4,normalized_url_cluster,pre_rev0332
S529,"World Health Organization, _Health-care waste_ fact sheet (2024)",https://www.who.int/news-room/fact-sheets/detail/health-care-waste,https://www.who.int/news-room/fact-sheets/detail/health-care-waste,url::19f69df74e84,normalized_url_cluster,pre_rev0332
S530,"U.S. Environmental Protection Agency, _Remedy Resilience_ (current access 2026)",https://www.epa.gov/superfund/remedy-resilience,https://www.epa.gov/superfund/remedy-resilience,url::8ca5887989ad,normalized_url_cluster,pre_rev0332
S531,"U.S. EPA Office of Inspector General, _Evaluation of Risks to Federal Facility Superfund Site Remedies_ natural-disaster series (2025–2026)",,,missing-url::S531,missing_url_not_collapsed,pre_rev0332
S532,"U.S. Environmental Protection Agency, _Landfill Methane Outreach Program_ / _Basic Information about Landfill Gas_ (current access 2026)",https://www.epa.gov/lmop/basic-information-about-landfill-gas,https://www.epa.gov/lmop/basic-information-about-landfill-gas,url::759710198f21,normalized_url_cluster,pre_rev0332
S533,"United Nations Environment Programme, _Food Waste Index Report 2024_ (2024)",https://www.unep.org/resources/publication/food-waste-index-report-2024,https://www.unep.org/resources/publication/food-waste-index-report-2024,url::fcd3d08cab10,normalized_url_cluster,pre_rev0332
S534,"U.S. Environmental Protection Agency, _Solid Waste Management and Climate Change_ (2023)",https://www.epa.gov/system/files/documents/2023-07/SWM_Climate-Final.pdf,https://www.epa.gov/system/files/documents/2023-07/SWM_Climate-Final.pdf,url::b18670dc08e5,normalized_url_cluster,pre_rev0332
S535,"UN-Habitat, _Understanding the informal waste and recovery sector_ (2022)",https://unhabitat.org/news/22-nov-2022/understanding-the-informal-waste-and-recovery-sector,https://unhabitat.org/news/22-nov-2022/understanding-the-informal-waste-and-recovery-sector,url::378a05368d09,normalized_url_cluster,pre_rev0332
S536,"Federal Emergency Management Agency, _Community Lifelines_ (current page, updated 2024)",https://www.fema.gov/emergency-managers/practitioners/lifelines,https://www.fema.gov/emergency-managers/practitioners/lifelines,url::5669c52545fd,normalized_url_cluster,pre_rev0332
S537,"Federal Emergency Management Agency, _National Response Framework_ and Emergency Support Function structure (current page, updated 2025)",https://www.fema.gov/emergency-managers/national-preparedness/frameworks/response,https://www.fema.gov/emergency-managers/national-preparedness/frameworks/response,url::0caad62b4987,normalized_url_cluster,pre_rev0332
S538,"Federal Emergency Management Agency, _Emergency Support Function #9 — Search and Rescue Annex_ (current FEMA library version)",https://www.fema.gov/sites/default/files/2020-07/fema_ESF_9_Search-Rescue.pdf,https://www.fema.gov/sites/default/files/2020-07/fema_ESF_9_Search-Rescue.pdf,url::2f2f0e9c650d,normalized_url_cluster,pre_rev0332
S539,"World Health Organization, _Mass Casualty Management Systems: Strategies and guidelines for building health sector capacity_ (2007; current WHO publication page)",https://www.who.int/publications-detail-redirect/mass-casualty-management-systems-strategies-and-guidelines-for-building-health-sector-capacity,https://www.who.int/publications-detail-redirect/mass-casualty-management-systems-strategies-and-guidelines-for-building-health-sector-capacity,url::ece85093e4be,normalized_url_cluster,pre_rev0332
S540,"International Committee of the Red Cross / Red Cross and Red Crescent Movement, _Reconnecting families_ and Restoring Family Links / disaster guidance (current access 2026)",,,missing-url::S540,missing_url_not_collapsed,pre_rev0332
S541,"IPCC, _Special Report on the Ocean and Cryosphere in a Changing Climate_ / Summary for Policymakers (2019; current IPCC page)",https://www.ipcc.ch/srocc/chapter/summary-for-policymakers/,https://www.ipcc.ch/srocc/chapter/summary-for-policymakers,url::f12cbc08e9f8,normalized_url_cluster,pre_rev0332
S542,"IPCC, _AR6 Working Group II Summary for Policymakers_ (2022; current IPCC page)",https://www.ipcc.ch/report/ar6/wg2/,https://www.ipcc.ch/report/ar6/wg2,url::0ba999f6866d,normalized_url_cluster,pre_rev0332
S543,"FAO, _The State of World Fisheries and Aquaculture 2024: Blue Transformation in action_ (2024)",https://openknowledge.fao.org/handle/20.500.14283/cd0683en,https://openknowledge.fao.org/handle/20.500.14283/cd0683en,url::fd1292180aa9,normalized_url_cluster,pre_rev0332
S544,"U.S. Interagency Sea Level Rise and Coastal Flood Hazard Scenarios and Tools Task Force / NOAA, _2022 Sea Level Rise Technical Report_ and application resources (2022; current access 2026)",https://earth.gov/sealevel/us/resources/2022-sea-level-rise-technical-report/,https://earth.gov/sealevel/us/resources/2022-sea-level-rise-technical-report,url::68fa1ae26360,normalized_url_cluster,pre_rev0332
S545,"Global Heat Health Information Network / UNDRR / WMO and partners, _An Assessment of Heat Action Plans: Global standards, good practices and partnerships_ (2025)",https://heathealth.info/resources/assessment-of-hhaps/,https://heathealth.info/resources/assessment-of-hhaps,url::037fc79c1051,normalized_url_cluster,pre_rev0332
S546,"Carbon Market Watch, _FAQ: Fixing Article 6 carbon markets at COP29_ and Article 6 permanence / integrity analysis (2024–2025)",,,missing-url::S546,missing_url_not_collapsed,pre_rev0332
S547,"International Cryosphere Climate Initiative, _State of the Cryosphere Report 2025_ (2025)",https://iccinet.org/statecryo25/,https://iccinet.org/statecryo25,url::bb7f77b9b789,normalized_url_cluster,pre_rev0332
S548,"NOAA, _Arctic Report Card 2025_ (2025)",https://arctic.noaa.gov/report-card/report-card-2025/,https://arctic.noaa.gov/report-card/report-card-2025,url::256eae7e6755,normalized_url_cluster,pre_rev0332
S549,"Climate and Clean Air Coalition / UNEP, _Short-lived Climate Pollutants_ explainer (current access 2026)",https://www.ccacoalition.org/content/short-lived-climate-pollutants,https://www.ccacoalition.org/content/short-lived-climate-pollutants,url::5edf0f616214,normalized_url_cluster,pre_rev0332
S550,"UNEP / Climate and Clean Air Coalition, _Global Methane Status Report_ launch and 2025 update materials (2025)",https://www.unep.org/news-and-stories/press-release/ministers-urge-decisive-methane-action-global-report-shows-progress,https://www.unep.org/news-and-stories/press-release/ministers-urge-decisive-methane-action-global-report-shows-progress,url::128f3b2a61c1,normalized_url_cluster,pre_rev0332
S551,"World Health Organization, _Ambient (outdoor) air pollution_ fact sheet (2024)",https://www.who.int/news-room/fact-sheets/detail/ambient-(outdoor)-air-quality-and-health,https://www.who.int/news-room/fact-sheets/detail/ambient-(outdoor)-air-quality-and-health,url::a4bc0827879b,normalized_url_cluster,pre_rev0332
S552,"Health Effects Institute / Institute for Health Metrics and Evaluation / NCD Alliance, _State of Global Air 2025_ release and report materials (2025)",https://www.healtheffects.org/announcements/new-state-global-air-2025-report-shows-nearly-nine-ten-global-air-pollution-deaths-are,https://www.healtheffects.org/announcements/new-state-global-air-2025-report-shows-nearly-nine-ten-global-air-pollution-deaths-are,url::3230aba71460,normalized_url_cluster,pre_rev0332
S553,"U.S. Environmental Protection Agency, _Wildfires and Indoor Air Quality_ (updated 2026)",https://www.epa.gov/emergencies-iaq/wildfires-and-indoor-air-quality-iaq,https://www.epa.gov/emergencies-iaq/wildfires-and-indoor-air-quality-iaq,url::f6c45e29c219,normalized_url_cluster,pre_rev0332
S554,"Centers for Disease Control and Prevention, _Safety Guidelines: Wildfires and Wildfire Smoke_ (2024)",https://www.cdc.gov/wildfires/safety/how-to-safely-stay-safe-during-a-wildfire.html,https://www.cdc.gov/wildfires/safety/how-to-safely-stay-safe-during-a-wildfire.html,url::a18271af15b3,normalized_url_cluster,pre_rev0332
S555,"Health Canada, _Guidance for Cleaner Air Spaces during Wildfire Smoke Events_ (current access 2026)",https://www.canada.ca/en/health-canada/services/publications/healthy-living/guidance-cleaner-air-spaces-during-wildfire-smoke-events.html,https://www.canada.ca/en/health-canada/services/publications/healthy-living/guidance-cleaner-air-spaces-during-wildfire-smoke-events.html,url::4677d1013780,normalized_url_cluster,pre_rev0332
S556,"OECD, _Plastics_ topic hub and climate / plastics policy materials (current access 2026)",https://www.oecd.org/en/topics/plastics.html,https://www.oecd.org/en/topics/plastics.html,url::1075206815cd,normalized_url_cluster,pre_rev0332
S557,"International Energy Agency, _The Future of Petrochemicals_ (2018; current IEA page)",https://www.iea.org/reports/the-future-of-petrochemicals,https://www.iea.org/reports/the-future-of-petrochemicals,url::ca1ec9460cb3,normalized_url_cluster,pre_rev0332
S558,"UN Women, _Gender Equality and Climate Policy Scorecard: Methodological Note_ (2025)",https://www.unwomen.org/sites/default/files/2025-11/gender-equality-and-climate-policy-scorecard-methodological-note-en.pdf,https://www.unwomen.org/sites/default/files/2025-11/gender-equality-and-climate-policy-scorecard-methodological-note-en.pdf,url::4c75fea9b416,normalized_url_cluster,pre_rev0332
S559,"Future Earth / The Earth League / World Climate Research Programme, _10 New Insights in Climate Science 2024: Climate extremes are harming maternal and reproductive well-being_ (2024)",https://10insightsclimate.science/year-2024/climate-extremes-harming-maternal-and-reproductive-well-being/,https://10insightsclimate.science/year-2024/climate-extremes-harming-maternal-and-reproductive-well-being,url::426ef3a2897d,normalized_url_cluster,pre_rev0332
S560,"WHO / HRP / UNDP / UNFPA / UNICEF / World Bank Special Programme, _Community experiences in adapting to climate change for sexual and reproductive health and rights_ call for proposals (2026)",https://www.who.int/news-room/articles-detail/call-for-research-proposals-on-climate---sexual-and-reproductive-health-and-rights,https://www.who.int/news-room/articles-detail/call-for-research-proposals-on-climate---sexual-and-reproductive-health-and-rights,url::281a92a70d7e,normalized_url_cluster,pre_rev0332
S561,"National Commission on Correctional Health Care, _Climate Control for Extreme Temperatures in Corrections_ position statement (2024)",https://ncchc.org/position-statements/climate-control-for-extreme-temperatures-in-corrections-2024/,https://ncchc.org/position-statements/climate-control-for-extreme-temperatures-in-corrections-2024,url::c6e10a90c8a4,normalized_url_cluster,pre_rev0332
S562,"Tuholske et al., _Hazardous heat exposure among incarcerated people in the United States_, Nature Sustainability (2024)",https://www.nature.com/articles/s41893-024-01293-y,https://www.nature.com/articles/s41893-024-01293-y,url::97ff2d76324b,normalized_url_cluster,pre_rev0332
S563,"UNDRR, _Local resilience_ and Making Cities Resilient 2030 resources (current access 2026)",https://www.undrr.org/our-work/local-resilience,https://www.undrr.org/our-work/local-resilience,url::3760032e7b8d,normalized_url_cluster,pre_rev0332
S564,"U.S. Climate Resilience for Health Care, _Climate Resilience for Health Care Toolkit_ (2025)",https://toolkit.climate.gov/sites/default/files/2025-02/CR4HC_Toolkit_Final_12.20.2024.pdf,https://toolkit.climate.gov/sites/default/files/2025-02/CR4HC_Toolkit_Final_12.20.2024.pdf,url::569aa619e3b5,normalized_url_cluster,pre_rev0332
S565,"World Health Organization, _Access to Oxygen Initiative_ (current access 2026)",https://www.who.int/initiatives/oxygen-access-scale-up,https://www.who.int/initiatives/oxygen-access-scale-up,url::de60a83c3dda,normalized_url_cluster,pre_rev0332
S566,"Asian Development Bank, _Low-Carbon, Climate-Resilient Health Care Supply Chains_ (2025)",https://www.adb.org/sites/default/files/publication/1103166/sdwp-113-health-care-supply-chains.pdf,https://www.adb.org/sites/default/files/publication/1103166/sdwp-113-health-care-supply-chains.pdf,url::e7153914d6f8,normalized_url_cluster,pre_rev0332
S567,"Bank for International Settlements Innovation Hub, _Project Polaris: High-level design guide for offline payments_ (2023)",https://www.bis.org/publ/othp79.htm,https://www.bis.org/publ/othp79.htm,url::d4d5179f8091,normalized_url_cluster,pre_rev0332
S568,"Federal Reserve, _Offline Payments: Implications for Reliability and Resiliency in Digital Payment Systems_ (2024)",https://www.federalreserve.gov/econres/notes/feds-notes/offline-payments-implications-for-reliability-and-resiliency-in-digital-payment-systems-20240816.html,https://www.federalreserve.gov/econres/notes/feds-notes/offline-payments-implications-for-reliability-and-resiliency-in-digital-payment-systems-20240816.html,url::3df72bd349cd,normalized_url_cluster,pre_rev0332
S569,"International Monetary Fund, _Payment Resilience in Fragile and Conflict-Affected States_ (2025)",https://www.elibrary.imf.org/view/journals/063/2025/009/article-A001-en.xml,https://www.elibrary.imf.org/view/journals/063/2025/009/article-A001-en.xml,url::30b5bfb565f9,normalized_url_cluster,pre_rev0332
S570,"Cybersecurity and Infrastructure Security Agency, _Emergency Communications_ programme page (current access 2026)",https://www.cisa.gov/topics/emergency-communications,https://www.cisa.gov/topics/emergency-communications,url::4f86f09c56f8,normalized_url_cluster,pre_rev0332
S571,"World Food Programme, _Supply chain_ programme page (current access 2026)",https://www.wfp.org/supply-chain,https://www.wfp.org/supply-chain,url::2484efb19b76,normalized_url_cluster,pre_rev0332
S572,"Logistics Cluster / World Food Programme, _Logistics Cluster Emergency Preparedness: Building Resilient Supply Chains for Tomorrow's Crises_ (2025)",https://logcluster.org/en/what-we-do/emergency-preparedness/national-regional,https://logcluster.org/en/what-we-do/emergency-preparedness/national-regional,url::a9ca6f607f8f,normalized_url_cluster,pre_rev0332
S573,"United Nations Office for the Coordination of Humanitarian Affairs, _Global Humanitarian Overview 2026_ (2025)",,,missing-url::S573,missing_url_not_collapsed,pre_rev0332
S574,"International Committee of the Red Cross, _Climate and conflict_ programme page (current access 2026)",https://www.icrc.org/en/law-and-policy/climate-and-conflict,https://www.icrc.org/en/law-and-policy/climate-and-conflict,url::98ce5f3eaec5,normalized_url_cluster,pre_rev0332
S575,"UN Climate Security Mechanism / UNDP Climate Promise, _Climate Security Mechanism progress report 2024_ (2025)",https://climatepromise.undp.org/research-and-reports/climate-security-mechanism-progress-report-2024,https://climatepromise.undp.org/research-and-reports/climate-security-mechanism-progress-report-2024,url::b92a43034e12,normalized_url_cluster,pre_rev0332
S576,"Federal Energy Regulatory Commission, _Blackstart Study Recommends Collaboration, Planning for Resilience_ / staff-led blackstart study presentation (2023)",https://www.ferc.gov/news-events/news/blackstart-study-recommends-collaboration-planning-resilience,https://www.ferc.gov/news-events/news/blackstart-study-recommends-collaboration-planning-resilience,url::45e1c3b36a3d,normalized_url_cluster,pre_rev0332
S577,"U.S. Environmental Protection Agency, _Supply Chain Resilience Guide for Water and Wastewater Utilities_ (current access 2026)",https://www.epa.gov/waterutilityresponse/supply-chain-resilience-guide-water-and-wastewater-utilities,https://www.epa.gov/waterutilityresponse/supply-chain-resilience-guide-water-and-wastewater-utilities,url::96bc418482cf,normalized_url_cluster,pre_rev0332
S578,"Federal Emergency Management Agency, _National Dam Safety Program_ (current page, updated 2025)",https://www.fema.gov/grants/mitigation/learn/dam-safety,https://www.fema.gov/grants/mitigation/learn/dam-safety,url::82b1df52e37d,normalized_url_cluster,pre_rev0332
S579,"Global Center on Adaptation, _Climate-Resilient Infrastructure Officer Handbook_ (revised 2025)",https://gca.org/reports/climate-resilient-infrastructure-officer-handbook/,https://gca.org/reports/climate-resilient-infrastructure-officer-handbook,url::ef2ed98b29f6,normalized_url_cluster,pre_rev0332
S580,"National Association of Insurance Commissioners, _Insurance Commissioners Drive Consumer Protection Strategies Forward Learning from Recent Natural Disasters_ (2025)",https://content.naic.org/article/insurance-commissioners-drive-consumer-protection-strategies-forward-learning-recent-natural,https://content.naic.org/article/insurance-commissioners-drive-consumer-protection-strategies-forward-learning-recent-natural,url::5418a226780e,normalized_url_cluster,pre_rev0332
S581,"U.S. Government, _DisasterAssistance.gov_ (current access 2026)",https://www.disasterassistance.gov/,https://www.disasterassistance.gov,url::842e38fd0a29,normalized_url_cluster,pre_rev0332
S582,"Congressional Budget Office, _Climate Change, Disaster Risk, and Homeowner's Insurance_ (2024)",https://www.cbo.gov/publication/60674,https://www.cbo.gov/publication/60674,url::c21de5725b4b,normalized_url_cluster,pre_rev0332
S583,"U.S. Small Business Administration, _Disaster assistance_ / Economic Injury Disaster Loans and physical-damage loans (current access 2026)",,,missing-url::S583,missing_url_not_collapsed,pre_rev0332
S584,"Federal Trade Commission, _How To Avoid Scams After Weather Emergencies and Natural Disasters_ (current access 2026)",https://consumer.ftc.gov/articles/how-avoid-scams-after-weather-emergencies-and-natural-disasters,https://consumer.ftc.gov/articles/how-avoid-scams-after-weather-emergencies-and-natural-disasters,url::e4a5a7e6d442,normalized_url_cluster,pre_rev0332
S585,"United Nations Office for Disaster Risk Reduction, _Reducing Risk & Building Resilience of SMEs to Disasters_ (current access 2026)",https://www.undrr.org/media/48692/download,https://www.undrr.org/media/48692/download,url::180997dde086,normalized_url_cluster,pre_rev0332
S586,"Federal Emergency Management Agency, _Whole Community_ glossary and approach resources (current access 2026)",,,missing-url::S586,missing_url_not_collapsed,pre_rev0332
S587,"ASPR TRACIE, _Crisis Standards of Care_ technical resources (current access 2026)",https://asprtracie.hhs.gov/technical-resources/63/crisis-standards-of-care/0,https://asprtracie.hhs.gov/technical-resources/63/crisis-standards-of-care/0,url::bc1b0109c24a,normalized_url_cluster,pre_rev0332
S588,"World Health Organization, _Ethics and COVID-19: resource allocation and priority-setting_ (2020)",https://www.who.int/docs/default-source/blue-print/ethics-and-covid-19-resource-allocation-and-priority-setting.pdf,https://www.who.int/docs/default-source/blue-print/ethics-and-covid-19-resource-allocation-and-priority-setting.pdf,url::2013bae757ac,normalized_url_cluster,pre_rev0332
S589,"NASEO, _State Energy Security Planning_ and Regional Petroleum Response Collaborative materials (current access 2026)",,,missing-url::S589,missing_url_not_collapsed,pre_rev0332
S590,"U.S. Environmental Protection Agency, _Mutual Aid and Assistance for Drinking Water and Wastewater Utilities_ (updated 2026)",https://www.epa.gov/waterutilityresponse/mutual-aid-and-assistance-drinking-water-and-wastewater-utilities,https://www.epa.gov/waterutilityresponse/mutual-aid-and-assistance-drinking-water-and-wastewater-utilities,url::8621483d7489,normalized_url_cluster,pre_rev0332
S591,"American Public Power Association, _Mutual Aid and Emergency Response_ / disaster planning resources (current access 2026)",https://www.publicpower.org/mutual-aid-and-emergency-response,https://www.publicpower.org/mutual-aid-and-emergency-response,url::d6c815a0a7c7,normalized_url_cluster,pre_rev0332
S592,"U.S. Department of Energy, _Large Power Transformer Resilience Report_ (2024)",https://www.energy.gov/sites/default/files/2024-10/EXEC-2022-001242%20-%20Large%20Power%20Transformer%20Resilience%20Report%20signed%20by%20Secretary%20Granholm%20on%207-10-24.pdf,https://www.energy.gov/sites/default/files/2024-10/EXEC-2022-001242%20-%20Large%20Power%20Transformer%20Resilience%20Report%20signed%20by%20Secretary%20Granholm%20on%207-10-24.pdf,url::8784f61b4ef9,normalized_url_cluster,pre_rev0332
S593,"World Bank / G20, _Well Maintained: Economic Benefits from More Reliable and Resilient Infrastructure_ (2021)",https://ppp.worldbank.org/sites/default/files/2022-03/Final-LOW_WB_G20_Report_v4_1JUN_2021.pdf,https://ppp.worldbank.org/sites/default/files/2022-03/Final-LOW_WB_G20_Report_v4_1JUN_2021.pdf,url::92ea09313d52,normalized_url_cluster,pre_rev0332
S594,"OECD, _Government at a Glance 2025: Management of asset performance throughout the life cycle_ (2025)",https://www.oecd.org/en/publications/2025/06/government-at-a-glance-2025_70e14c6c/full-report/management-of-asset-performance-throughout-the-life-cycle_77aa88af.html,https://www.oecd.org/en/publications/2025/06/government-at-a-glance-2025_70e14c6c/full-report/management-of-asset-performance-throughout-the-life-cycle_77aa88af.html,url::2b07b32264c6,normalized_url_cluster,pre_rev0332
S595,"World Health Organization, _Mental health and Climate Change: Policy Brief_ (2022)",https://www.who.int/publications/i/item/9789240045125,https://www.who.int/publications/i/item/9789240045125,url::93a809c18580,normalized_url_cluster,pre_rev0332
S596,"Inter-Agency Standing Committee, _Guidelines on Mental Health and Psychosocial Support in Emergency Settings_ (2007; current access 2026)",https://interagencystandingcommittee.org/iasc-task-force-mental-health-and-psychosocial-support-emergency-settings/iasc-guidelines-mental-health-and-psychosocial-support-emergency-settings-2007,https://interagencystandingcommittee.org/iasc-task-force-mental-health-and-psychosocial-support-emergency-settings/iasc-guidelines-mental-health-and-psychosocial-support-emergency-settings-2007,url::302b5c99931f,normalized_url_cluster,pre_rev0332
S597,"SAMHSA, _2025 National Guidelines for a Behavioral Health Coordinated System of Crisis Care_ (2025)",https://library.samhsa.gov/product/national-behavioral-health-crisis-care-guidance/pep24-01-037,https://library.samhsa.gov/product/national-behavioral-health-crisis-care-guidance/pep24-01-037,url::9f08143f41fd,normalized_url_cluster,pre_rev0332
S598,"U.S. Election Assistance Commission, _Contingency Planning_ resources (current access 2026)",https://www.eac.gov/election-officials/contingency-planning,https://www.eac.gov/election-officials/contingency-planning,url::618d3e083bee,normalized_url_cluster,pre_rev0332
S599,"International IDEA, _The Impact of Natural Hazards on Elections_ / natural-hazard election-disruption monitor (2026)",https://www.idea.int/news-media/multimedia-reports/impact-natural-hazards-elections,https://www.idea.int/news-media/multimedia-reports/impact-natural-hazards-elections,url::46955ab5f506,normalized_url_cluster,pre_rev0332
S600,"CISA, _Guidance on the Essential Critical Infrastructure Workforce_ (current page, updated 2021; current access 2026)",https://www.cisa.gov/resources-tools/resources/guidance-essential-critical-infrastructure-workforce,https://www.cisa.gov/resources-tools/resources/guidance-essential-critical-infrastructure-workforce,url::ea93b5b3d261,normalized_url_cluster,pre_rev0332
S601,"Healthcare Ready, _Disaster Access_ and _Access Denied_ disaster re-entry materials (current access 2026)",https://healthcareready.org/disaster-access/,https://healthcareready.org/disaster-access,url::9e3e15ee2904,normalized_url_cluster,pre_rev0332
S602,"FEMA, _Homeland Security Exercise and Evaluation Program_ and Exercise Starter Kits (current access 2026)",,,missing-url::S602,missing_url_not_collapsed,pre_rev0332
S603,"Federal Emergency Management Agency, _Emergency Support Function #6: Mass Care, Emergency Assistance, Temporary Housing, and Human Services Annex_ (current access 2026)",https://www.fema.gov/sites/default/files/2020-07/fema_ESF_6_Mass-Care.pdf,https://www.fema.gov/sites/default/files/2020-07/fema_ESF_6_Mass-Care.pdf,url::cf4fa82555a6,normalized_url_cluster,pre_rev0332
S604,"National Mass Care Strategy, _Mass Care/Emergency Assistance and Sheltering Resources_ (current access 2026)",https://nationalmasscarestrategy.org/,https://nationalmasscarestrategy.org,url::092606500062,normalized_url_cluster,pre_rev0332
S605,"Sphere Association, _The Sphere Handbook: Humanitarian Charter and Minimum Standards in Humanitarian Response_ (2018; current access 2026)",https://spherestandards.org/handbook/,https://spherestandards.org/handbook,url::7797b5c993cf,normalized_url_cluster,pre_rev0332
S606,"Inter-Agency Standing Committee, _Guidelines for Integrating Gender-Based Violence Interventions in Humanitarian Action_ (2015; current access 2026)",https://interagencystandingcommittee.org/working-group/iasc-guidelines-integrating-gender-based-violence-interventions-humanitarian-action-2015,https://interagencystandingcommittee.org/working-group/iasc-guidelines-integrating-gender-based-violence-interventions-humanitarian-action-2015,url::70ce97462b30,normalized_url_cluster,pre_rev0332
S607,"National Institute of Standards and Technology, _Privacy Framework_ (version 1.0 / 1.1 draft page; current access 2026)",https://www.nist.gov/privacy-framework,https://www.nist.gov/privacy-framework,url::995408544f49,normalized_url_cluster,pre_rev0332
S608,"Federal Trade Commission, _How To Avoid Scams After Weather Emergencies and Natural Disasters_ (current access 2026)",https://consumer.ftc.gov/articles/how-avoid-scams-after-weather-emergencies-and-natural-disasters,https://consumer.ftc.gov/articles/how-avoid-scams-after-weather-emergencies-and-natural-disasters,url::e4a5a7e6d442,normalized_url_cluster,pre_rev0332
S609,"U.S. Department of Justice / Federal Trade Commission / Consumer Financial Protection Bureau, _Warning consumers about scams and price gouging after hurricanes and other natural disasters_ (2024; current access 2026)",https://www.justice.gov/archives/opa/pr/justice-department-federal-trade-commission-and-consumer-financial-protection-bureau-warn,https://www.justice.gov/archives/opa/pr/justice-department-federal-trade-commission-and-consumer-financial-protection-bureau-warn,url::8d70fd2adb2c,normalized_url_cluster,pre_rev0332
S610,"National Fire Protection Association, _Firewise USA_ (current access 2026)",https://www.nfpa.org/education-and-research/wildfire/firewise-usa,https://www.nfpa.org/education-and-research/wildfire/firewise-usa,url::f30760cdc6e1,normalized_url_cluster,pre_rev0332
S611,"NOAA, _Wildfire climate connection_ and wildfire science / response resources (current access 2026)",,,missing-url::S611,missing_url_not_collapsed,pre_rev0332
S612,"U.S. Department of Agriculture APHIS, _Animal Care Emergency Programs_ (updated 2025; current access 2026)",https://www.aphis.usda.gov/animal-care/emergency-programs,https://www.aphis.usda.gov/animal-care/emergency-programs,url::d92aa92e3c6a,normalized_url_cluster,pre_rev0332
S613,"Ready.gov, _Prepare Your Pets for Disasters_ (updated 2026)",https://www.ready.gov/pets,https://www.ready.gov/pets,url::8cf391ded355,normalized_url_cluster,pre_rev0332
S614,"World Health Organization / Pan American Health Organization / ICRC, _Management of Dead Bodies after Disasters: A Field Manual for First Responders_ (2006 / revised 2016; current access 2026)",,,missing-url::S614,missing_url_not_collapsed,pre_rev0332
S615,"ASPR TRACIE, _Fatality Management_ technical resources (current access 2026)",https://asprtracie.hhs.gov/technical-resources/65/fatality-management/0,https://asprtracie.hhs.gov/technical-resources/65/fatality-management/0,url::e8c3b95593eb,normalized_url_cluster,pre_rev0332
S616,"FEMA, _Resilience Analysis and Planning Tool (RAPT)_ (updated 2026)",https://www.fema.gov/emergency-managers/practitioners/resilience-analysis-and-planning-tool,https://www.fema.gov/emergency-managers/practitioners/resilience-analysis-and-planning-tool,url::9f81a8cf0a6a,normalized_url_cluster,pre_rev0332
S617,"Rural Health Information Hub / NORC, _Rural Emergency Preparedness and Response Toolkit_ (current access 2026)",https://www.ruralhealthinfo.org/topics/emergency-preparedness-and-response,https://www.ruralhealthinfo.org/topics/emergency-preparedness-and-response,url::d65b019bd322,normalized_url_cluster,pre_rev0332
S618,"ICCROM, _First Aid and Resilience for Cultural Heritage in Times of Crisis_ (current access 2026)",https://www.iccrom.org/programmes/first-aid-and-resilience-times-crisis-far,https://www.iccrom.org/programmes/first-aid-and-resilience-times-crisis-far,url::205ffe1755cb,normalized_url_cluster,pre_rev0332
S619,"Federal Emergency Management Agency, _Verifying Home Ownership or Occupancy_ (updated 2025; current access 2026)",https://www.fema.gov/assistance/individual/after-applying/verifying-home-ownership-occupancy,https://www.fema.gov/assistance/individual/after-applying/verifying-home-ownership-occupancy,url::599dbffe91b7,normalized_url_cluster,pre_rev0332
S620,"U.S. Department of Housing and Urban Development, _CDBG-DR Frequently Asked Questions Collection_ (current access 2026)",https://www.hud.gov/hud-partners/community-cdbg-dr-faqs-collection,https://www.hud.gov/hud-partners/community-cdbg-dr-faqs-collection,url::1fc44c53df9c,normalized_url_cluster,pre_rev0332
S621,"UN-Habitat / Global Land Tool Network, _Land and Natural Disasters: Guidance for Practitioners_ (2010; current access 2026)",https://unhabitat.org/land-and-natural-disasters-guidance-for-practitioners,https://unhabitat.org/land-and-natural-disasters-guidance-for-practitioners,url::84f84de8c529,normalized_url_cluster,pre_rev0332
S622,"Federal Emergency Management Agency, _Hazard Mitigation Assistance Program and Policy Guide_ (version 2.1; effective 2025)",https://www.fema.gov/grants/mitigation/learn/hazard-mitigation-assistance-guidance,https://www.fema.gov/grants/mitigation/learn/hazard-mitigation-assistance-guidance,url::abda7c0fa1da,normalized_url_cluster,pre_rev0332
S623,"Federal Emergency Management Agency, _Hazard Mitigation Grant Program_ (current access 2026)",https://www.fema.gov/grants/mitigation/learn/hazard-mitigation,https://www.fema.gov/grants/mitigation/learn/hazard-mitigation,url::1c1cb67f847b,normalized_url_cluster,pre_rev0332
S624,"Federal Emergency Management Agency, _Purchasing Under a FEMA Award: Resource Library_ (current access 2026)",https://www.fema.gov/grants/procurement/resource-library,https://www.fema.gov/grants/procurement/resource-library,url::a59710c790d2,normalized_url_cluster,pre_rev0332
S625,"Federal Emergency Management Agency, _Public Assistance Program_ and _Process of Public Assistance Grants_ (current access 2026)",,,missing-url::S625,missing_url_not_collapsed,pre_rev0332
S626,"Government Finance Officers Association, _Disaster Recovery Cost Documentation_ (board-approved 2020; current access 2026)",https://www.gfoa.org/materials/disaster-recovery-cost-documentation,https://www.gfoa.org/materials/disaster-recovery-cost-documentation,url::c28c9cf873eb,normalized_url_cluster,pre_rev0332
S627,"Federal Emergency Management Agency, _Building Codes Save: A Nationwide Study of Loss Prevention_ (current access 2026)",https://www.fema.gov/emergency-managers/risk-management/building-science/building-codes-save-study,https://www.fema.gov/emergency-managers/risk-management/building-science/building-codes-save-study,url::8547858deb7d,normalized_url_cluster,pre_rev0332
S628,"Federal Emergency Management Agency, _Building Code Adoption Tracking_ (current access 2026)",https://www.fema.gov/emergency-managers/risk-management/building-science/bcat,https://www.fema.gov/emergency-managers/risk-management/building-science/bcat,url::381737d0adec,normalized_url_cluster,pre_rev0332
S629,"Federal Emergency Management Agency, _Section 1206: Building Code and Floodplain Management Administration and Enforcement_ (current access 2026)",https://www.fema.gov/assistance/public/policy-guidance-fact-sheets/section-1206-building-code-and-floodplain-management-administration-and,https://www.fema.gov/assistance/public/policy-guidance-fact-sheets/section-1206-building-code-and-floodplain-management-administration-and,url::9ed555189d8e,normalized_url_cluster,pre_rev0332
S630,"Occupational Safety and Health Administration, _Emergency Preparedness and Response_ (current access 2026)",https://www.osha.gov/emergency-preparedness,https://www.osha.gov/emergency-preparedness,url::eb5d87bcc7e8,normalized_url_cluster,pre_rev0332
S631,"Centers for Disease Control and Prevention / NIOSH, _Heat Stress and Workers_ (updated 2026)",https://www.cdc.gov/niosh/heat-stress/about/index.html,https://www.cdc.gov/niosh/heat-stress/about/index.html,url::2d4887936598,normalized_url_cluster,pre_rev0332
S632,"Federal Emergency Management Agency, _Protecting Manufactured Homes from Floods and Other Hazards_ (FEMA P-85; 2009 / current access 2026)",https://www.fema.gov/sites/default/files/2020-08/fema_p85.pdf,https://www.fema.gov/sites/default/files/2020-08/fema_p85.pdf,url::ed05be375134,normalized_url_cluster,pre_rev0332
S633,"HUD Exchange, _Disaster Impact and Unmet Needs Assessment Kit_ (current access 2026)",https://files.hudexchange.info/resources/documents/Disaster_Recovery_Disaster_Impact_Needs_Assessment_Kit.pdf,https://files.hudexchange.info/resources/documents/Disaster_Recovery_Disaster_Impact_Needs_Assessment_Kit.pdf,url::df43a855006e,normalized_url_cluster,pre_rev0332
S634,"National Voluntary Organizations Active in Disaster, _Long-Term Recovery Guide_ (2023)",https://www.nvoad.org/wp-content/uploads/National-VOAD-LTR-Guide-2023.pdf,https://www.nvoad.org/wp-content/uploads/National-VOAD-LTR-Guide-2023.pdf,url::5f95b74979a5,normalized_url_cluster,pre_rev0332
S635,"Federal Emergency Management Agency, _National Disaster Recovery Framework_ (third edition page; current access 2026)",https://www.fema.gov/national-disaster-recovery-framework,https://www.fema.gov/national-disaster-recovery-framework,url::6f0d7c83f65e,normalized_url_cluster,pre_rev0332
S636,"Federal Emergency Management Agency, _Community Recovery Management Toolkit_ (updated 2025)",https://www.fema.gov/emergency-managers/practitioners/recovery-resources/community-toolkit,https://www.fema.gov/emergency-managers/practitioners/recovery-resources/community-toolkit,url::4aa7b5d1bd90,normalized_url_cluster,pre_rev0332
S637,"Federal Emergency Management Agency, _National Resilience Guidance_ (2024)",https://www.fema.gov/sites/default/files/documents/fema_national-resilience-guidance_august2024.pdf,https://www.fema.gov/sites/default/files/documents/fema_national-resilience-guidance_august2024.pdf,url::cc3e7a213208,normalized_url_cluster,pre_rev0332
S638,"UNDRR / Making Cities Resilient 2030, _Disaster Resilience Scorecard for Cities_ (current access 2026)",https://mcr2030.undrr.org/disaster-resilience-scorecard-cities,https://mcr2030.undrr.org/disaster-resilience-scorecard-cities,url::7e3f935c2a04,normalized_url_cluster,pre_rev0332
S639,"Federal Emergency Management Agency, _Continuity Guidance Circular_ (2024 update; current access 2026)",https://www.fema.gov/sites/default/files/documents/fema_continuity-guidance-circular_082024.pdf,https://www.fema.gov/sites/default/files/documents/fema_continuity-guidance-circular_082024.pdf,url::028174049f12,normalized_url_cluster,pre_rev0332
S640,"U.S. Department of the Treasury / Federal Insurance Office, _Homeowners Insurance Costs Rising, Availability Declining as Climate-Related Events Take Their Toll_ (2025 press release and report page)",https://home.treasury.gov/news/press-releases/jy2791,https://home.treasury.gov/news/press-releases/jy2791,url::7e6632fe0a0c,normalized_url_cluster,pre_rev0332
S641,"National Association of Insurance Commissioners, _Natural Catastrophe Risk Dashboard_ (2026)",https://content.naic.org/sites/default/files/natural-catastrophe-risk-dashboard-report-final.pdf,https://content.naic.org/sites/default/files/natural-catastrophe-risk-dashboard-report-final.pdf,url::604fea1fe17f,normalized_url_cluster,pre_rev0332
S642,"OECD, _Financial Protection against Catastrophic Risks: Insurance Coverage for Wildfire Risk_ (2026)",https://www.oecd.org/en/publications/financial-protection-against-catastrophic-risks_32a3acd7-en/full-report/insurance-coverage-for-wildfire-risk_f5877210.html,https://www.oecd.org/en/publications/financial-protection-against-catastrophic-risks_32a3acd7-en/full-report/insurance-coverage-for-wildfire-risk_f5877210.html,url::008ff6e70ed2,normalized_url_cluster,pre_rev0332
S643,"European Insurance and Occupational Pensions Authority, _Dashboard on insurance protection gap for natural catastrophes_ (updated 2025 / current access 2026)",https://www.eiopa.europa.eu/tools-and-data/dashboard-insurance-protection-gap-natural-catastrophes_en,https://www.eiopa.europa.eu/tools-and-data/dashboard-insurance-protection-gap-natural-catastrophes_en,url::e3d2937940f1,normalized_url_cluster,pre_rev0332
S644,"International Federation of Red Cross and Red Crescent Societies, _PPED Fact Sheet: External Assistance_ (2025)",https://disasterlaw.ifrc.org/sites/default/files/media/disaster_law/2025-11/PPED%20Fact%20Sheet%20-%20External%20Assistance_Final.pdf,https://disasterlaw.ifrc.org/sites/default/files/media/disaster_law/2025-11/PPED%20Fact%20Sheet%20-%20External%20Assistance_Final.pdf,url::fb27a644f33c,normalized_url_cluster,pre_rev0332
S645,"World Customs Organization, _Natural Disaster Relief_ (current access 2026)",https://www.wcoomd.org/en/topics/facilitation/activities-and-programmes/natural-disaster.aspx,https://www.wcoomd.org/en/topics/facilitation/activities-and-programmes/natural-disaster.aspx,url::4c94b377a216,normalized_url_cluster,pre_rev0332
S646,"United Nations Economic Commission for Europe, _Recommendation No. 44: Cross-Border Facilitation Measures for Disaster Relief_ (2023)",https://unece.org/sites/default/files/2023-10/Rec44-ECE-TRADE-461E.pdf,https://unece.org/sites/default/files/2023-10/Rec44-ECE-TRADE-461E.pdf,url::c4af7a15f28b,normalized_url_cluster,pre_rev0332
S647,"UN-Water / UNECE / UNESCO, _Progress on Transboundary Water Cooperation – 2024 Update_ (2024)",https://www.unwater.org/publications/progress-transboundary-water-cooperation-2024-update,https://www.unwater.org/publications/progress-transboundary-water-cooperation-2024-update,url::1a78fc8c61dc,normalized_url_cluster,pre_rev0332
S648,"United Nations Economic Commission for Europe, _Water and adaptation to climate change_ (current access 2026)",https://unece.org/environment-policy/water/areas-work-convention/water-and-adaptation-climate-change,https://unece.org/environment-policy/water/areas-work-convention/water-and-adaptation-climate-change,url::c4cb21f027a5,normalized_url_cluster,pre_rev0332
S649,"Occupational Safety and Health Administration, _Occupational Heat Exposure: Standards_ (current access 2026)",https://www.osha.gov/heat-exposure/standards,https://www.osha.gov/heat-exposure/standards,url::cbeb81607c6b,normalized_url_cluster,pre_rev0332
S650,"Centers for Disease Control and Prevention / NIOSH / OSHA, _Heat Safety Tool App_ (updated 2026)",https://www.cdc.gov/niosh/heat-stress/communication-resources/app.html,https://www.cdc.gov/niosh/heat-stress/communication-resources/app.html,url::c23e658729c9,normalized_url_cluster,pre_rev0332
S651,"International Monetary Fund, _Fiscal Monitor: Fiscal Policy under Pressure — High Debt, Rising Risks_ (April 2026)",https://www.imf.org/-/media/files/publications/fiscal-monitor/2026/april/english/text.pdf,https://www.imf.org/-/media/files/publications/fiscal-monitor/2026/april/english/text.pdf,url::676a04e3a4ac,normalized_url_cluster,pre_rev0332
S652,"World Bank, _IBRD Catastrophe Deferred Drawdown Option Product Note_ (2026)",https://thedocs.worldbank.org/en/doc/1820b53ad5cba038ff885cc3758ba59f-0340012021/original/Cat-DDO-IBRD-Product-Note.pdf,https://thedocs.worldbank.org/en/doc/1820b53ad5cba038ff885cc3758ba59f-0340012021/original/Cat-DDO-IBRD-Product-Note.pdf,url::78caf3827ff1,normalized_url_cluster,pre_rev0332
S653,"UNDRR, _Sendai Framework Monitor_ (current access 2026)",https://sendaimonitor.undrr.org/,https://sendaimonitor.undrr.org,url::54a31aebe8ff,normalized_url_cluster,pre_rev0332
S654,"NASA Earthdata, _Natural Hazards_ (current access 2026)",https://www.earthdata.nasa.gov/topics/human-dimensions/natural-hazards,https://www.earthdata.nasa.gov/topics/human-dimensions/natural-hazards,url::c6e861d27b3f,normalized_url_cluster,pre_rev0332
S655,"Federal Emergency Management Agency, _Common Disaster-Related Rumors_ / disaster rumor response page (current access 2026)",https://www.fema.gov/disaster/recover/rumor-response,https://www.fema.gov/disaster/recover/rumor-response,url::ae9b268305de,normalized_url_cluster,pre_rev0332
S656,"Cybersecurity and Infrastructure Security Agency, _Industrial Control Systems_ topic page (current access 2026)",https://www.cisa.gov/topics/industrial-control-systems,https://www.cisa.gov/topics/industrial-control-systems,url::f13a9e1827e9,normalized_url_cluster,pre_rev0332
S657,"Cybersecurity and Infrastructure Security Agency, _Principles of Operational Technology Cyber Security_ (2024; current access 2026)",https://www.cisa.gov/resources-tools/resources/principles-operational-technology-cyber-security,https://www.cisa.gov/resources-tools/resources/principles-operational-technology-cyber-security,url::5d275634539c,normalized_url_cluster,pre_rev0332
S658,"CISA and partners, _Secure by Demand: Priority Considerations for Operational Technology Owners and Operators when Selecting Digital Products_ (2025; current access 2026)",https://www.cisa.gov/resources-tools/resources/secure-demand-priority-considerations-operational-technology-owners-and-operators-when-selecting,https://www.cisa.gov/resources-tools/resources/secure-demand-priority-considerations-operational-technology-owners-and-operators-when-selecting,url::108bf5cfe5ba,normalized_url_cluster,pre_rev0332
S659,"U.S. Environmental Protection Agency, _Risk Management Program Safer Communities by Chemical Accident Prevention Final Rule_ (2024 final rule page, current access 2026)",https://www.epa.gov/rmp/risk-management-program-safer-communities-chemical-accident-prevention-final-rule,https://www.epa.gov/rmp/risk-management-program-safer-communities-chemical-accident-prevention-final-rule,url::abf850540d2e,normalized_url_cluster,pre_rev0332
S660,"European Commission Joint Research Centre, _Technological accidents triggered by natural hazards_ (current access 2026)",https://joint-research-centre.ec.europa.eu/projects-and-activities/natural-and-man-made-hazards/technological-accidents-triggered-natural-hazards_en,https://joint-research-centre.ec.europa.eu/projects-and-activities/natural-and-man-made-hazards/technological-accidents-triggered-natural-hazards_en,url::cd42bb38e582,normalized_url_cluster,pre_rev0332
S661,"U.S. Government Accountability Office, _Hazardous Waste: EPA Should Take Additional Actions to Encourage Treatment, Storage, and Disposal Facilities to Manage Climate Risks_ (GAO-25-106253, 2024)",https://www.gao.gov/products/gao-25-106253,https://www.gao.gov/products/gao-25-106253,url::da5a4c4b28e4,normalized_url_cluster,pre_rev0332
S662,"UNEP / PRI / ICMM Global Tailings Review, _Global Industry Standard on Tailings Management_ (2020; current access 2026)",https://www.unep.org/resources/report/global-industry-standard-tailings-management,https://www.unep.org/resources/report/global-industry-standard-tailings-management,url::1a9ef3ebff1f,normalized_url_cluster,pre_rev0332
S663,"Centers for Disease Control and Prevention, _About CDC's Wastewater Monitoring Program_ (current access 2026)",https://www.cdc.gov/wastewater/about/index.html,https://www.cdc.gov/wastewater/about/index.html,url::46abce14d58c,normalized_url_cluster,pre_rev0332
S664,"WMO, _2023 State of Climate Services for Health_ (2023; current access 2026)",https://wmo.int/resources/publication-series/state-of-climate-services/2023-state-of-climate-services-health,https://wmo.int/resources/publication-series/state-of-climate-services/2023-state-of-climate-services-health,url::78cdaf8adb66,normalized_url_cluster,pre_rev0332
S665,"World Health Organization, _Global strategic preparedness, readiness and response plan for dengue and other Aedes-borne arboviruses_ (2024–2025)",https://www.who.int/publications/m/item/global-strategic-preparedness--readiness-and-response-plan-for-dengue-and-other-aedes-borne-arboviruses,https://www.who.int/publications/m/item/global-strategic-preparedness--readiness-and-response-plan-for-dengue-and-other-aedes-borne-arboviruses,url::9a25545be223,normalized_url_cluster,pre_rev0332
S666,"World Bank / GFDRR, _Open Data for Resilience Initiative (OpenDRI)_ (current access 2026)",https://www.gfdrr.org/en/open-data-resilience-initiative-opendri,https://www.gfdrr.org/en/open-data-resilience-initiative-opendri,url::717d1eccef95,normalized_url_cluster,pre_rev0332
S667,"OECD, _Recommendation of the Council on Open Government_ (2017; current access 2026)",https://legalinstruments.oecd.org/en/instruments/OECD-LEGAL-0438,https://legalinstruments.oecd.org/en/instruments/OECD-LEGAL-0438,url::2f46015c27f8,normalized_url_cluster,pre_rev0332
S668,"WMO / UNDRR, _Global Status of Multi-Hazard Early Warning Systems 2025_ (2025; current access 2026)",https://wmo.int/resources/publication-series/global-status-of-multi-hazard-early-warning-systems/global-status-of-multi-hazard-early-warning-systems-2025,https://wmo.int/resources/publication-series/global-status-of-multi-hazard-early-warning-systems/global-status-of-multi-hazard-early-warning-systems-2025,url::36561a871eae,normalized_url_cluster,pre_rev0332
S669,"World Meteorological Organization, _WMO and the Early Warnings for All Initiative_ (current access 2026)",https://wmo.int/activities/early-warnings-all/wmo-and-early-warnings-all-initiative,https://wmo.int/activities/early-warnings-all/wmo-and-early-warnings-all-initiative,url::3bbbe9714be7,normalized_url_cluster,pre_rev0332
S670,"World Meteorological Organization, _Early Warnings for All Dashboard_ (current access 2026)",https://wmo.int/site/early-warnings-all/dashboards/early-warnings-all-dashboard,https://wmo.int/site/early-warnings-all/dashboards/early-warnings-all-dashboard,url::e7548c295dc1,normalized_url_cluster,pre_rev0332
S671,"International Federation of Red Cross and Red Crescent Societies, _Early warning, early action_ (current access 2026)",https://www.ifrc.org/early-warning-early-action,https://www.ifrc.org/early-warning-early-action,url::f3bf97cb81b5,normalized_url_cluster,pre_rev0332
S672,"International Federation of Red Cross and Red Crescent Societies, _Anticipatory Pillar of the IFRC-DREF_ (current access 2026)",https://www.ifrc.org/happening-now/emergencies/anticipatory-pillar-dref,https://www.ifrc.org/happening-now/emergencies/anticipatory-pillar-dref,url::f45d1810ce29,normalized_url_cluster,pre_rev0332
S673,"UN OCHA, _Anticipatory action_ (current access 2026)",https://www.unocha.org/anticipatory-action,https://www.unocha.org/anticipatory-action,url::f821d2fa2a22,normalized_url_cluster,pre_rev0332
S674,"CERF, _Anticipatory Action_ (current access 2026)",https://cerf.un.org/anticipatory-action,https://cerf.un.org/anticipatory-action,url::7274aaa81b1d,normalized_url_cluster,pre_rev0332
S675,"PrepareCenter / IFRC and partners, _Early Warning Anticipatory Action Tool & Resource Hub_ (current access 2026)",https://preparecenter.org/toolkit/ewaa-resource-hub/,https://preparecenter.org/toolkit/ewaa-resource-hub,url::7f8811b5c1a0,normalized_url_cluster,pre_rev0332
S676,"Federal Emergency Management Agency, _Evacuation and Shelter-in-Place_ planning guidance page (current access 2026)",https://www.fema.gov/emergency-managers/national-preparedness/plan/evacuation-shelter-in-place,https://www.fema.gov/emergency-managers/national-preparedness/plan/evacuation-shelter-in-place,url::9f04d0b9e79c,normalized_url_cluster,pre_rev0332
S677,"Federal Emergency Management Agency, _Planning Considerations: Putting People First_ release summary (2024; current access 2026)",https://content.govdelivery.com/accounts/USDHSFEMA/bulletins/3c7dda6,https://content.govdelivery.com/accounts/USDHSFEMA/bulletins/3c7dda6,url::4cae54afe447,normalized_url_cluster,pre_rev0332
S678,"NOAA / National Weather Service, _NWS HeatRisk_ (current access 2026)",https://www.wpc.ncep.noaa.gov/heatrisk/,https://www.wpc.ncep.noaa.gov/heatrisk,url::662dd90ab974,normalized_url_cluster,pre_rev0332
S679,"NOAA / National Weather Service and CDC, _NWS / CDC HeatRisk Collaboration_ (current access 2026)",https://www.wpc.ncep.noaa.gov/heatrisk/cdc.html,https://www.wpc.ncep.noaa.gov/heatrisk/cdc.html,url::12c99ae884f4,normalized_url_cluster,pre_rev0332
S680,"AirNow.gov / U.S. EPA and partners, _Air Quality Index_ and air-quality status pages (current access 2026)",https://www.airnow.gov/aqi/,https://www.airnow.gov/aqi,url::69fb495964cb,normalized_url_cluster,pre_rev0332
S681,"U.S. Environmental Protection Agency, _Wildfire Smoke and Your Patients' Health_ (2025/2026; current access 2026)",https://www.epa.gov/wildfire-smoke-course/wildfire-smoke-and-your-patients-health,https://www.epa.gov/wildfire-smoke-course/wildfire-smoke-and-your-patients-health,url::62c71cf095a8,normalized_url_cluster,pre_rev0332
S682,"World Meteorological Organization, _Common Alerting Protocol (CAP)_ (current access 2026)",https://wmo.int/activities/common-alerting-protocol-cap,https://wmo.int/activities/common-alerting-protocol-cap,url::d119b88d83ab,normalized_url_cluster,pre_rev0332
S683,"UNDRR, _The Common Alerting Protocol (CAP)_ (current access 2026)",https://www.undrr.org/early-warnings-for-all/common-alerting-protocol,https://www.undrr.org/early-warnings-for-all/common-alerting-protocol,url::7cca5d90e8d0,normalized_url_cluster,pre_rev0332
S684,"World Bank, _Climate shock responsive delivery systems_ (current access 2026)",https://www.worldbank.org/en/programs/sahel-adaptive-social-protection-program-trust-fund/thematic-areas/climate-shock-responsive-delivery-systems,https://www.worldbank.org/en/programs/sahel-adaptive-social-protection-program-trust-fund/thematic-areas/climate-shock-responsive-delivery-systems,url::028644d7065c,normalized_url_cluster,pre_rev0332
S685,"World Meteorological Organization, _Early Warnings for All in Focus: Hazard Monitoring and Forecasting_ (2025; current access 2026)",https://wmo.int/resources/publication-series/global-status-of-multi-hazard-early-warning-systems/early-warnings-all-focus-hazard-monitoring-and-forecasting,https://wmo.int/resources/publication-series/global-status-of-multi-hazard-early-warning-systems/early-warnings-all-focus-hazard-monitoring-and-forecasting,url::3e4fcba39ad6,normalized_url_cluster,pre_rev0332
S686,"NOAA / National Weather Service, _Impact-Based Decision Support Services_ (current access 2026)",https://www.weather.gov/about/idss,https://www.weather.gov/about/idss,url::261e9f92bce4,normalized_url_cluster,pre_rev0332
S687,"Federal Emergency Management Agency, _National Incident Management System_ (3rd ed., 2017; current access 2026)",https://www.fema.gov/sites/default/files/2020-07/fema_nims_doctrine-2017.pdf,https://www.fema.gov/sites/default/files/2020-07/fema_nims_doctrine-2017.pdf,url::b03a1eab0122,normalized_url_cluster,pre_rev0332
S688,"Federal Emergency Management Agency, _Preliminary Damage Assessment Guide_ (2025; current access 2026)",https://www.fema.gov/disaster/how-declared/preliminary-damage-assessments/guide,https://www.fema.gov/disaster/how-declared/preliminary-damage-assessments/guide,url::9fc899c28de2,normalized_url_cluster,pre_rev0332
S689,"Centers for Disease Control and Prevention, _Overview of CASPER_ (updated 2024; current access 2026)",https://www.cdc.gov/casper/php/overview/index.html,https://www.cdc.gov/casper/php/overview/index.html,url::71018b8f2e88,normalized_url_cluster,pre_rev0332
S690,"Inter-Agency Standing Committee / OCHA, _Multi-Cluster/Sector Initial Rapid Assessment (MIRA) Manual_ (2015; current access 2026)",https://interagencystandingcommittee.org/iasc-needs-assessment-task-force/iasc-multi-clustersector-initial-rapid-assessment-mira-manual-2015,https://interagencystandingcommittee.org/iasc-needs-assessment-task-force/iasc-multi-clustersector-initial-rapid-assessment-mira-manual-2015,url::de6952a19b49,normalized_url_cluster,pre_rev0332
S691,"Federal Emergency Management Agency, _Distribution Management Plan Guide 2.0_ (current access 2026)",https://www.fema.gov/sites/default/files/documents/fema_distribution-management-plan-guide-2.0.pdf,https://www.fema.gov/sites/default/files/documents/fema_distribution-management-plan-guide-2.0.pdf,url::aa8367f61696,normalized_url_cluster,pre_rev0332
S692,"FEMA / Applied Technology Council, _FEMA P-2055 Post-disaster Building Safety Evaluation Guidance_ and related safety-assessment materials (2019; current access 2026)",https://femap2055.atcouncil.org/,https://femap2055.atcouncil.org,url::3ceb9c2d115d,normalized_url_cluster,pre_rev0332
S693,"Federal Emergency Management Agency, _Volunteer and Donations Management Support Annex_ (current access 2026)",https://www.fema.gov/sites/default/files/2020-07/fema_nrf_support-annex_volunteer.pdf,https://www.fema.gov/sites/default/files/2020-07/fema_nrf_support-annex_volunteer.pdf,url::b4ac5d6d19bd,normalized_url_cluster,pre_rev0332
S694,"Federal Emergency Management Agency, _Disaster Survivor Assistance_ (glossary and program description, updated 2024; current access 2026)",https://www.fema.gov/about/glossary/disaster-survivor-assistance,https://www.fema.gov/about/glossary/disaster-survivor-assistance,url::cbc4a3e11be5,normalized_url_cluster,pre_rev0332
S695,"Federal Emergency Management Agency, _Civil Rights for Disaster Survivors_ and Office of Civil Rights public materials (updated 2024–2026; current access 2026)",https://www.fema.gov/about/civil-rights/survivors,https://www.fema.gov/about/civil-rights/survivors,url::b1804353e187,normalized_url_cluster,pre_rev0332
S696,"Centers for Disease Control and Prevention, _Selected Federal Legal Authorities Pertinent to Public Health Emergencies_ (current access 2026)",https://www.cdc.gov/phlp/docs/ph-emergencies.pdf,https://www.cdc.gov/phlp/docs/ph-emergencies.pdf,url::11efaf6859a5,normalized_url_cluster,pre_rev0332
S697,"FEMA Preparedness Toolkit, _NIMS Resource Management / National Resource Hub_ (current access 2026)",https://preptoolkit.fema.gov/web/nims-toolkit/resource-management,https://preptoolkit.fema.gov/web/nims-toolkit/resource-management,url::daabb97ac400,normalized_url_cluster,pre_rev0332
S698,"Federal Emergency Management Agency, _Individual Assistance Program and Policy Guide (IAPPG)_, version 1.1 / current policy page (current access 2026)",https://www.fema.gov/sites/default/files/documents/fema_iappg-1.1.pdf,https://www.fema.gov/sites/default/files/documents/fema_iappg-1.1.pdf,url::588150afa2ed,normalized_url_cluster,pre_rev0332
S699,"Federal Emergency Management Agency, _National Disaster Recovery Framework and Recovery Support Functions_ (updated 2025; current access 2026)",https://www.fema.gov/national-disaster-recovery-framework,https://www.fema.gov/national-disaster-recovery-framework,url::6f0d7c83f65e,normalized_url_cluster,pre_rev0332
S700,"Federal Emergency Management Agency, _Pre-Disaster Housing Planning Guide_ (2024/2025; current access 2026)",https://www.fema.gov/sites/default/files/documents/fema_housing_planning_guide_final_20240418_2025.pdf,https://www.fema.gov/sites/default/files/documents/fema_housing_planning_guide_final_20240418_2025.pdf,url::45dc077f8603,normalized_url_cluster,pre_rev0332
S701,"U.S. Department of Housing and Urban Development, _Community Development Block Grant Disaster Recovery (CDBG-DR)_ (current access 2026)",https://www.hud.gov/hud-partners/community-cdbg-dr,https://www.hud.gov/hud-partners/community-cdbg-dr,url::c6a3886dbcf1,normalized_url_cluster,pre_rev0332
S702,"National Center for Homeless Education, _What Relief Agencies Should Know About the Educational Rights of Children Displaced by Disasters_ (current access 2026)",https://nche.ed.gov/wp-content/uploads/2018/10/csds_relief.pdf,https://nche.ed.gov/wp-content/uploads/2018/10/csds_relief.pdf,url::a8bb0a11cd07,normalized_url_cluster,pre_rev0332
S703,"U.S. Department of Health and Human Services, _HHS emPOWER Program_ (current access 2026)",https://empowerprogram.hhs.gov/,https://empowerprogram.hhs.gov,url::ad66de3b92da,normalized_url_cluster,pre_rev0332
S704,"HHS Administration for Strategic Preparedness and Response, _Emergency Prescription Assistance Program (EPAP)_ (current access 2026)",https://aspr.hhs.gov/EPAP/Pages/default.aspx,https://aspr.hhs.gov/EPAP/Pages/default.aspx,url::e54510073994,normalized_url_cluster,pre_rev0332
S705,"ASPR TRACIE / CMS, _End Stage Renal Disease Facilities: Emergency Preparedness Requirements_ (current access 2026)",https://files.asprtracie.hhs.gov/documents/aspr-tracie-cms-ep-rule-esrd-requirements.pdf,https://files.asprtracie.hhs.gov/documents/aspr-tracie-cms-ep-rule-esrd-requirements.pdf,url::969f6e286149,normalized_url_cluster,pre_rev0332
S706,"U.S. Department of Agriculture Food and Nutrition Service, _Disaster Assistance_ (current access 2026)",https://www.fns.usda.gov/disaster,https://www.fns.usda.gov/disaster,url::67ebed9f4a46,normalized_url_cluster,pre_rev0332
S707,"U.S. Department of Agriculture Food and Nutrition Service, _D-SNAP Resources for State Agencies and Partners_ (current access 2026)",https://www.fns.usda.gov/snap/dsnap/state-agencies-partners-resources,https://www.fns.usda.gov/snap/dsnap/state-agencies-partners-resources,url::0f698e37adc8,normalized_url_cluster,pre_rev0332
S708,"Administration for Children and Families, _Low Income Home Energy Assistance Program (LIHEAP)_ (updated 2025; current access 2026)",https://acf.gov/ocs/programs/liheap,https://acf.gov/ocs/programs/liheap,url::b60b191306f0,normalized_url_cluster,pre_rev0332
S709,"U.S. Environmental Protection Agency, _Compendium of Drinking Water and Wastewater Customer Assistance Programs_ (current access 2026)",https://www.epa.gov/waterfinancecenter/compendium-drinking-water-and-wastewater-customer-assistance-programs,https://www.epa.gov/waterfinancecenter/compendium-drinking-water-and-wastewater-customer-assistance-programs,url::33dcd3ab653f,normalized_url_cluster,pre_rev0332
S710,"Internal Revenue Service, _Disaster Assistance and Emergency Relief for Individuals and Businesses_ (updated 2026; current access 2026)",https://www.irs.gov/businesses/small-businesses-self-employed/disaster-assistance-and-emergency-relief-for-individuals-and-businesses,https://www.irs.gov/businesses/small-businesses-self-employed/disaster-assistance-and-emergency-relief-for-individuals-and-businesses,url::03c16e63f0cc,normalized_url_cluster,pre_rev0332
S711,"DisasterAssistance.gov / FEMA and ABA partners, _Disaster Legal Services_ (updated 2025; current access 2026)",https://www.disasterassistance.gov/get-assistance/forms-of-assistance/4464,https://www.disasterassistance.gov/get-assistance/forms-of-assistance/4464,url::e6fdd0699b22,normalized_url_cluster,pre_rev0332
S712,"Federal Emergency Management Agency, _Disaster Case Management Toolbox_ and recovery support materials (updated 2025; current access 2026)",https://www.fema.gov/assistance/individual/disaster-survivors/disaster-case-management-toolbox,https://www.fema.gov/assistance/individual/disaster-survivors/disaster-case-management-toolbox,url::0fe121eaf6c5,normalized_url_cluster,pre_rev0332
S713,"DisasterAssistance.gov, _Disaster Assistance application, status, and upload center_ (current access 2026)",https://www.disasterassistance.gov/,https://www.disasterassistance.gov,url::842e38fd0a29,normalized_url_cluster,pre_rev0332
S714,"Federal Emergency Management Agency, _Community Lifelines Implementation Toolkit_ (2025; current access 2026)",https://www.fema.gov/emergency-managers/practitioners/lifelines-toolkit,https://www.fema.gov/emergency-managers/practitioners/lifelines-toolkit,url::083c3dac3660,normalized_url_cluster,pre_rev0332
S715,"National Institute of Standards and Technology, _Community Resilience Planning Guide for Buildings and Infrastructure Systems_ (current access 2026)",https://www.nist.gov/community-resilience/planning-guide,https://www.nist.gov/community-resilience/planning-guide,url::8211921c14f8,normalized_url_cluster,pre_rev0332
S716,"Federal Emergency Management Agency, _Community Recovery Management Toolkit_ (updated 2025; current access 2026)",https://www.fema.gov/emergency-managers/practitioners/recovery-resources/community-toolkit,https://www.fema.gov/emergency-managers/practitioners/recovery-resources/community-toolkit,url::4aa7b5d1bd90,normalized_url_cluster,pre_rev0332
S717,"Consumer Financial Protection Bureau, _Start recovering and rebuilding your financial life after a disaster_ (updated 2025; current access 2026)",https://www.consumerfinance.gov/consumer-tools/disasters-and-emergencies/start-recovering-and-rebuilding-your-financial-life/,https://www.consumerfinance.gov/consumer-tools/disasters-and-emergencies/start-recovering-and-rebuilding-your-financial-life,url::9a39c6ccb3cb,normalized_url_cluster,pre_rev0332
S718,"Consumer Financial Protection Bureau, _What should I do after a disaster to protect my finances and property?_ (updated 2024; current access 2026)",https://www.consumerfinance.gov/ask-cfpb/what-should-i-do-after-a-disaster-to-protect-my-finances-and-property-en-1513/,https://www.consumerfinance.gov/ask-cfpb/what-should-i-do-after-a-disaster-to-protect-my-finances-and-property-en-1513,url::6d0b0195a3a0,normalized_url_cluster,pre_rev0332
S719,"U.S. Department of Labor, Employment and Training Administration, _Disaster Unemployment Assistance_ (current access 2026)",https://oui.doleta.gov/unemploy/disaster.asp,https://oui.doleta.gov/unemploy/disaster.asp,url::d526c12ca001,normalized_url_cluster,pre_rev0332
S720,"U.S. Department of Housing and Urban Development, Office of Fair Housing and Equal Opportunity, _FHEO Requirements for CDBG Disaster Recovery and Mitigation_ (current access 2026)",https://www.hud.gov/stat/fheo/requirements-community-development-block-grant,https://www.hud.gov/stat/fheo/requirements-community-development-block-grant,url::153f6ad9881f,normalized_url_cluster,pre_rev0332
S721,"Federal Emergency Management Agency, _Assistance for Housing and Other Needs_ (updated 2026; current access 2026)",https://www.fema.gov/assistance/individual/housing,https://www.fema.gov/assistance/individual/housing,url::2f3a5f8af5db,normalized_url_cluster,pre_rev0332
S722,"Federal Transit Administration, _Emergency Relief Program_ (current access 2026)",https://www.transit.dot.gov/funding/grant-programs/emergency-relief-program,https://www.transit.dot.gov/funding/grant-programs/emergency-relief-program,url::042bab984d38,normalized_url_cluster,pre_rev0332
S723,"Federal Emergency Management Agency, _Replacing Vital Documents After a Disaster_ (updated 2025; current access 2026)",https://www.fema.gov/disaster/recover/replacing-vital-documents,https://www.fema.gov/disaster/recover/replacing-vital-documents,url::8ecc705cfc24,normalized_url_cluster,pre_rev0332
S724,"National Institute of Standards and Technology, _SP 800-63-4 Digital Identity Guidelines_ (2025; current access 2026)",https://pages.nist.gov/800-63-4/,https://pages.nist.gov/800-63-4,url::4e3f97650a10,normalized_url_cluster,pre_rev0332
S725,"Federal Communications Commission, _Wireless Network Resiliency During Disasters / Mandatory Disaster Response Initiative_ (current access 2026)",https://www.fcc.gov/wireless-network-resiliency-during-disasters,https://www.fcc.gov/wireless-network-resiliency-during-disasters,url::cc38e43d9fb7,normalized_url_cluster,pre_rev0332
S726,"Federal Emergency Management Agency, _Benefit-Cost Analysis_ (current page, updated 2026)",https://www.fema.gov/grants/tools/benefit-cost-analysis,https://www.fema.gov/grants/tools/benefit-cost-analysis,url::dbdc4b6185d1,normalized_url_cluster,pre_rev0332
S727,"Federal Emergency Management Agency, _Local Mitigation Planning Handbook_ (2025)",https://www.fema.gov/sites/default/files/documents/fema_hmd_2025-local-mitigation-planning-handbook_06122025.pdf,https://www.fema.gov/sites/default/files/documents/fema_hmd_2025-local-mitigation-planning-handbook_06122025.pdf,url::1da32709f8f3,normalized_url_cluster,pre_rev0332
S728,"Federal Emergency Management Agency, _Floodplain Management_ (current page, updated 2025)",https://www.fema.gov/floodplain-management,https://www.fema.gov/floodplain-management,url::3c3e1ad0bf7a,normalized_url_cluster,pre_rev0332
S729,"Federal Emergency Management Agency / OpenFEMA, _NFIP Multiple Loss Properties — v1_ (current dataset page, updated 2026)",https://www.fema.gov/openfema-data-page/nfip-multiple-loss-properties-v1,https://www.fema.gov/openfema-data-page/nfip-multiple-loss-properties-v1,url::7ae1b882ca00,normalized_url_cluster,pre_rev0332
S730,"Federal Emergency Management Agency, _Community Rating System_ (current page, updated 2026)",https://www.fema.gov/floodplain-management/community-rating-system,https://www.fema.gov/floodplain-management/community-rating-system,url::f4d15375e56a,normalized_url_cluster,pre_rev0332
S731,"Federal Emergency Management Agency, _Flood Risk Disclosure: Best Practices for State Disclosure Laws_ (2022; current access 2026)",https://www.fema.gov/sites/default/files/documents/fema_state-flood-risk-disclosure-best-practices_07142022.pdf,https://www.fema.gov/sites/default/files/documents/fema_state-flood-risk-disclosure-best-practices_07142022.pdf,url::60d6d2e85450,normalized_url_cluster,pre_rev0332
S732,"Federal Emergency Management Agency, _Flood Maps_ and _Flood Map Service Center_ (current access 2026)",,,missing-url::S732,missing_url_not_collapsed,pre_rev0332
S733,"National Oceanic and Atmospheric Administration, _Atlas 15_ information page (current access 2026)",https://water.noaa.gov/about/atlas15,https://water.noaa.gov/about/atlas15,url::628f0df68382,normalized_url_cluster,pre_rev0332
S734,"National Institute of Standards and Technology, _Resilient Infrastructure and Future Hazard Impacts_ (current page, updated 2025)",https://www.nist.gov/programs-projects/resilient-infrastructure-and-future-hazard-impacts-windstorms,https://www.nist.gov/programs-projects/resilient-infrastructure-and-future-hazard-impacts-windstorms,url::2d45fd1791ac,normalized_url_cluster,pre_rev0332
S735,"American Society of Civil Engineers, _Pathways to Resilient Communities: ASCE Toolkit_ (2025)",https://www.asce.org/-/media/asce-images-and-files/advocacy/documents/pathways-to-resilient-communities-asce-toolkit.pdf,https://www.asce.org/-/media/asce-images-and-files/advocacy/documents/pathways-to-resilient-communities-asce-toolkit.pdf,url::1da2cc0275ad,normalized_url_cluster,pre_rev0332
S736,"Global Center on Adaptation, _Climate-Resilient Infrastructure Handbook_ (2025)",https://gca.org/wp-content/uploads/2025/06/Climate-Resilient-Infrastructure-Handbook_20250613.pdf,https://gca.org/wp-content/uploads/2025/06/Climate-Resilient-Infrastructure-Handbook_20250613.pdf,url::7fef58b94cde,normalized_url_cluster,pre_rev0332
S737,"OECD, _Climate Adaptation Investment Framework_ (2024; current access 2026)",https://www.oecd.org/en/publications/climate-adaptation-investment-framework_8686fc27-en.html,https://www.oecd.org/en/publications/climate-adaptation-investment-framework_8686fc27-en.html,url::4a7d8dbe85ca,normalized_url_cluster,pre_rev0332
S738,"Federal Emergency Management Agency, _Building Community Resilience with Nature-Based Solutions_ (2020; current access 2026)",https://www.fema.gov/sites/default/files/2020-07/fema_bric_nature-based-solutions-guide_2020.pdf,https://www.fema.gov/sites/default/files/2020-07/fema_bric_nature-based-solutions-guide_2020.pdf,url::5aac6e8d3659,normalized_url_cluster,pre_rev0332
S739,"World Bank / GFDRR, _Nature-Based Solutions for Climate Resilience_ (2023; current access 2026)",https://documents.worldbank.org/en/publication/documents-reports/documentdetail/099150503202338102,https://documents.worldbank.org/en/publication/documents-reports/documentdetail/099150503202338102,url::46218d782b26,normalized_url_cluster,pre_rev0332
S740,"Federal Emergency Management Agency, _Substantial Improvement / Substantial Damage Desk Reference_ and NFIP safer-rebuild materials (current access 2026)",,,missing-url::S740,missing_url_not_collapsed,pre_rev0332
S741,"Deltares / TU Delft, _Dynamic Adaptive Policy Pathways_ (current access 2026)",https://www.deltares.nl/en/expertise/areas-of-expertise/sea-level-rise/dynamic-adaptive-policy-pathways,https://www.deltares.nl/en/expertise/areas-of-expertise/sea-level-rise/dynamic-adaptive-policy-pathways,url::8b70f08f432b,normalized_url_cluster,pre_rev0332
S742,"California Adaptation Planning Guide / ResilientCA, _Adaptation Pathways_ (current access 2026)",https://resilientca.org/apg/adaptation-pathways/,https://resilientca.org/apg/adaptation-pathways,url::29552e3beba6,normalized_url_cluster,pre_rev0332
S743,"International Organization for Standardization, _ISO 14090:2019 — Adaptation to climate change: principles, requirements and guidelines_ (current access 2026)",https://www.iso.org/standard/68507.html,https://www.iso.org/standard/68507.html,url::9d7ac2fdb45d,normalized_url_cluster,pre_rev0332
S744,"International Organization for Standardization, _ISO 14091:2021 — Adaptation to climate change: vulnerability, impacts and risk assessment_ (current access 2026)",https://www.iso.org/standard/68508.html,https://www.iso.org/standard/68508.html,url::6837fd7eaa25,normalized_url_cluster,pre_rev0332
S745,"United Nations Office for Disaster Risk Reduction, _Principles for Resilient Infrastructure_ (2023; current access 2026)",https://www.undrr.org/publication/principles-resilient-infrastructure,https://www.undrr.org/publication/principles-resilient-infrastructure,url::5744585f3c49,normalized_url_cluster,pre_rev0332
S746,"UN DESA / UNCDF / UNOPS, _UN Handbook on Infrastructure Asset Management_ (2021; current access 2026)",https://financing.desa.un.org/document/un-handbook-infrastructure-asset-management,https://financing.desa.un.org/document/un-handbook-infrastructure-asset-management,url::580999efbce4,normalized_url_cluster,pre_rev0332
S747,"PIEVC Program, _PIEVC Protocol and Large Portfolio Assessment Manual_ (current access 2026)",https://pievc.ca/protocol/,https://pievc.ca/protocol,url::3f2d5d89b940,normalized_url_cluster,pre_rev0332
S748,"Task Force on Climate-related Financial Disclosures, _Scenario Analysis Guidance and Publications_ (current access 2026)",https://www.fsb-tcfd.org/publications/,https://www.fsb-tcfd.org/publications,url::91d0e51ccaf8,normalized_url_cluster,pre_rev0332
S749,"IFRS Foundation, _IFRS S2 Climate-related Disclosures_ (current access 2026)",https://www.ifrs.org/issued-standards/ifrs-sustainability-standards-navigator/ifrs-s2-climate-related-disclosures/,https://www.ifrs.org/issued-standards/ifrs-sustainability-standards-navigator/ifrs-s2-climate-related-disclosures,url::413e936f09c2,normalized_url_cluster,pre_rev0332
S750,"American Society of Civil Engineers, _Policy Statement 360 — Climate Change_ (current access 2026)",https://www.asce.org/advocacy/policy-statements/ps360---climate-change,https://www.asce.org/advocacy/policy-statements/ps360---climate-change,url::76a415f5fbec,normalized_url_cluster,pre_rev0332
S751,"American Council of Engineering Companies, _Commentary on Climate Change_ (2025; current access 2026)",https://www.acec.org/wp-content/uploads/2025/09/ACEC-Commentary-on-Climate-Change-8-15-25.pdf,https://www.acec.org/wp-content/uploads/2025/09/ACEC-Commentary-on-Climate-Change-8-15-25.pdf,url::2d072e9804ac,normalized_url_cluster,pre_rev0332
S752,"U.S. Climate Resilience Toolkit, _Adaptation_ (current access 2026)",https://toolkit.climate.gov/adaptation,https://toolkit.climate.gov/adaptation,url::0e5b62a84624,normalized_url_cluster,pre_rev0332
S753,"Global Facility for Disaster Reduction and Recovery, _Resilient Infrastructure_ topic page (current access 2026)",https://www.gfdrr.org/en/resilient-infrastructure,https://www.gfdrr.org/en/resilient-infrastructure,url::935aa446489c,normalized_url_cluster,pre_rev0332
S754,"ASCE / infrastructure-resilience professional materials, _Climate-Resilient Infrastructure: Adaptive Design and Risk Management / Pathways to Resilient Communities_ (current access 2026)",https://damsafety.org/content/climate-resilient-infrastructure-adaptive-design-and-risk-management,https://damsafety.org/content/climate-resilient-infrastructure-adaptive-design-and-risk-management,url::c1e07af2fdcc,normalized_url_cluster,pre_rev0332
S755,"International Organization for Standardization, _ISO 55000 Asset management — overview, principles and terminology_ (current access 2026)",https://www.iso.org/standard/55088.html,https://www.iso.org/standard/55088.html,url::2d851849972c,normalized_url_cluster,pre_rev0332
S756,"World Wide Web Consortium, _The RDF Data Cube Vocabulary_ (2014; current access 2026)",https://www.w3.org/TR/vocab-data-cube/,https://www.w3.org/TR/vocab-data-cube,url::17064c616a99,normalized_url_cluster,pre_rev0332
S757,"World Wide Web Consortium, _Data Catalog Vocabulary (DCAT) — Version 3_ (2024; current access 2026)",https://www.w3.org/TR/vocab-dcat-3/,https://www.w3.org/TR/vocab-dcat-3,url::4269a139bdcc,normalized_url_cluster,pre_rev0332
S758,"World Wide Web Consortium, _PROV-O: The PROV Ontology_ (2013; current access 2026)",https://www.w3.org/TR/prov-o/,https://www.w3.org/TR/prov-o,url::a25066e764cb,normalized_url_cluster,pre_rev0332
S759,"Wilkinson et al., _The FAIR Guiding Principles for scientific data management and stewardship_ (Scientific Data, 2016; current access 2026)",https://www.nature.com/articles/sdata201618,https://www.nature.com/articles/sdata201618,url::ba332568f05f,normalized_url_cluster,pre_rev0332
S760,"Data.gov / GSA, _DCAT-US Schema v3.0_ (current access 2026)",https://resources.data.gov/resources/dcat-us3/,https://resources.data.gov/resources/dcat-us3,url::70e91504b75e,normalized_url_cluster,pre_rev0332
S761,"U.S. Government Accountability Office, _Standards for Internal Control in the Federal Government — 2025 Green Book_ (effective FY2026; current access 2026)",https://www.gao.gov/greenbook,https://www.gao.gov/greenbook,url::2650a532eb82,normalized_url_cluster,pre_rev0332
S762,"Office of Management and Budget, _Circular No. A-123 — Management's Responsibility for Internal Control_ (2026; current access 2026)",https://www.whitehouse.gov/wp-content/uploads/2026/03/OMB-Circular-No.-A-123-2026.pdf,https://www.whitehouse.gov/wp-content/uploads/2026/03/OMB-Circular-No.-A-123-2026.pdf,url::e873c5cb1465,normalized_url_cluster,pre_rev0332
S763,"FEMA Preparedness Toolkit, _National Continuous Improvement Guidance_ (current access 2026)",https://preptoolkit.fema.gov/web/cip-citap/ncig,https://preptoolkit.fema.gov/web/cip-citap/ncig,url::d436918d8bf2,normalized_url_cluster,pre_rev0332
S764,"FEMA Preparedness Toolkit, _HSEEP Improvement Planning_ (current access 2026)",https://preptoolkit.fema.gov/web/hseep-resources/improvement-planning,https://preptoolkit.fema.gov/web/hseep-resources/improvement-planning,url::fabcf5013460,normalized_url_cluster,pre_rev0332
S765,"OECD, _Recommendation of the Council on Public Integrity / Public Integrity Handbook_ (2017/2020; current access 2026)",https://legalinstruments.oecd.org/en/instruments/OECD-LEGAL-0435,https://legalinstruments.oecd.org/en/instruments/OECD-LEGAL-0435,url::7437e14961ff,normalized_url_cluster,pre_rev0332
S766,"OECD, _Anti-Corruption and Integrity Outlook 2026 — Integrity in public procurement_ (2026; current access 2026)",https://www.oecd.org/en/publications/anti-corruption-and-integrity-outlook-2026_16708b78-en/full-report/component-14.html,https://www.oecd.org/en/publications/anti-corruption-and-integrity-outlook-2026_16708b78-en/full-report/component-14.html,url::87a7abcf5012,normalized_url_cluster,pre_rev0332
S767,"Open Contracting Partnership, _Open Contracting Data Standard_ (current access 2026)",https://www.open-contracting.org/data-standard/,https://www.open-contracting.org/data-standard,url::292ac7e50ef4,normalized_url_cluster,pre_rev0332
S768,"U.S. Department of Transportation / Federal Transit Administration, _Title VI Emergency Preparedness Guidance_ (current access 2026)",https://www.transit.dot.gov/regulations-and-guidance/civil-rights-ada/title-vi-emergency-preparedness-guidance,https://www.transit.dot.gov/regulations-and-guidance/civil-rights-ada/title-vi-emergency-preparedness-guidance,url::487ebdb34232,normalized_url_cluster,pre_rev0332
S769,"U.S. Department of Justice Office of Justice Programs, _Limited English Proficient (LEP) obligations_ (current access 2026)",https://www.ojp.gov/program/civil-rights-office/limited-english-proficient-lep,https://www.ojp.gov/program/civil-rights-office/limited-english-proficient-lep,url::21151571b9f3,normalized_url_cluster,pre_rev0332
S770,"International Organization for Standardization, _ISO 22301:2019 — Security and resilience: Business continuity management systems — Requirements_ (current access 2026)",https://www.iso.org/standard/75106.html,https://www.iso.org/standard/75106.html,url::81115f2f583b,normalized_url_cluster,pre_rev0332
S771,"International Energy Agency, The Path to a New Era for Nuclear Energy (2025)",https://www.iea.org/reports/the-path-to-a-new-era-for-nuclear-energy,https://www.iea.org/reports/the-path-to-a-new-era-for-nuclear-energy,url::1dc72f469fac,normalized_url_cluster,pre_rev0332
S772,"International Energy Agency, The Path to a New Era for Nuclear Energy — PDF edition (2025)",https://iea.blob.core.windows.net/assets/b6a6fc8c-c62e-411d-a15c-bf211ccc06f3/ThePathtoaNewEraforNuclearEnergy.pdf,https://iea.blob.core.windows.net/assets/b6a6fc8c-c62e-411d-a15c-bf211ccc06f3/ThePathtoaNewEraforNuclearEnergy.pdf,url::272adbe3ab54,normalized_url_cluster,pre_rev0332
S773,"International Atomic Energy Agency, Nuclear Power and Climate Change",https://www.iaea.org/topics/nuclear-power-and-climate-change,https://www.iaea.org/topics/nuclear-power-and-climate-change,url::7d278235d30b,normalized_url_cluster,pre_rev0332
S774,"IPCC AR6 Working Group III, Chapter 6: Energy Systems",https://www.ipcc.ch/report/ar6/wg3/chapter/chapter-6/,https://www.ipcc.ch/report/ar6/wg3/chapter/chapter-6,url::abb610aeba92,normalized_url_cluster,pre_rev0332
S775,"OECD Nuclear Energy Agency, The Costs of Decarbonisation: System Costs with High Shares of Nuclear and Renewables",https://www.oecd-nea.org/jcms/pl_15000/the-costs-of-decarbonisation-system-costs-with-high-shares-of-nuclear-and-renewables,https://www.oecd-nea.org/jcms/pl_15000/the-costs-of-decarbonisation-system-costs-with-high-shares-of-nuclear-and-renewables,url::8bec0bea2114,normalized_url_cluster,pre_rev0332
S776,"U.S. Department of Energy, Pathways to Commercial Liftoff: Advanced Nuclear (2025 update)",https://liftoff.energy.gov/advanced-nuclear/,https://liftoff.energy.gov/advanced-nuclear,url::4978484610b2,normalized_url_cluster,pre_rev0332
S777,IAEA Power Reactor Information System (PRIS),https://pris.iaea.org/pris/,https://pris.iaea.org/pris,url::d002c3259614,normalized_url_cluster,pre_rev0332
S778,"World Bank Group and IAEA, Partnership for Safe, Secure and Responsible Nuclear Energy Development (2025)",https://www.worldbank.org/en/news/press-release/2025/06/26/world-bank-group-iaea-partner-to-support-safe-secure-and-responsible-nuclear-energy-development,https://www.worldbank.org/en/news/press-release/2025/06/26/world-bank-group-iaea-partner-to-support-safe-secure-and-responsible-nuclear-energy-development,url::5f1ba89aadf2,normalized_url_cluster,pre_rev0332
S779,"United Nations Economic Commission for Europe, Life Cycle Assessment of Electricity Generation Options",https://unece.org/sed/documents/2021/10/reports/life-cycle-assessment-electricity-generation-options,https://unece.org/sed/documents/2021/10/reports/life-cycle-assessment-electricity-generation-options,url::e3f4ce92159e,normalized_url_cluster,pre_rev0332
S780,"OECD Nuclear Energy Agency, Small Modular Reactor Dashboard — Third Edition (2025)",https://www.oecd-nea.org/jcms/pl_73678/nea-small-modular-reactor-smr-dashboard,https://www.oecd-nea.org/jcms/pl_73678/nea-small-modular-reactor-smr-dashboard,url::26a4a33e2b5f,normalized_url_cluster,pre_rev0332
S781,"IAEA Safety Standards, Safety of Nuclear Power Plants: Design",https://www.iaea.org/publications/11079/safety-of-nuclear-power-plants-design,https://www.iaea.org/publications/11079/safety-of-nuclear-power-plants-design,url::0cbe7d9d09bc,normalized_url_cluster,pre_rev0332
S782,"IAEA Safety Standards, Site Evaluation for Nuclear Installations",https://www.iaea.org/publications/15217/site-evaluation-for-nuclear-installations,https://www.iaea.org/publications/15217/site-evaluation-for-nuclear-installations,url::8fe5b841e8fa,normalized_url_cluster,pre_rev0332
S783,"U.S. Nuclear Regulatory Commission, Advanced Reactors",https://www.nrc.gov/reactors/new-reactors/advanced.html,https://www.nrc.gov/reactors/new-reactors/advanced.html,url::f026552587d2,normalized_url_cluster,pre_rev0332
S784,"Nuclear Energy Agency, SMR deployment attributes: financing, siting, fuel, licensing, engagement and supply chain readiness",https://www.oecd-nea.org/upload/docs/application/pdf/2025-09/web_-_smr_dashboard_-_third_edition.pdf,https://www.oecd-nea.org/upload/docs/application/pdf/2025-09/web_-_smr_dashboard_-_third_edition.pdf,url::152b60d9c58d,normalized_url_cluster,pre_rev0332
S785,"U.S. Department of Energy, HALEU Availability Program",https://www.energy.gov/ne/haleu-availability-program,https://www.energy.gov/ne/haleu-availability-program,url::89632afd8608,normalized_url_cluster,pre_rev0332
S786,"World Nuclear Association, High-Assay Low-Enriched Uranium (HALEU)",https://world-nuclear.org/information-library/nuclear-fuel-cycle/conversion-enrichment-and-fabrication/high-assay-low-enriched-uranium-haleu,https://world-nuclear.org/information-library/nuclear-fuel-cycle/conversion-enrichment-and-fabrication/high-assay-low-enriched-uranium-haleu,url::c5bc1536a716,normalized_url_cluster,pre_rev0332
S787,"IAEA, Approaches to Operating Nuclear Power Plants to Mitigate and Adapt to Climate Change (2026)",https://www-pub.iaea.org/MTCD/publications/PDF/TE-2119web.pdf,https://www-pub.iaea.org/MTCD/publications/PDF/TE-2119web.pdf,url::bc5ed9b40f3d,normalized_url_cluster,pre_rev0332
S788,"IAEA, Nuclear Energy in Climate Resilient Power Systems (2025)",https://www-pub.iaea.org/MTCD/Publications/PDF/PAT-003_web.pdf,https://www-pub.iaea.org/MTCD/Publications/PDF/PAT-003_web.pdf,url::9c5841f7d184,normalized_url_cluster,pre_rev0332
S789,"NERC, 2025 Long-Term Reliability Assessment",https://www.nerc.com/globalassets/our-work/assessments/nerc_ltra_2025.pdf,https://www.nerc.com/globalassets/our-work/assessments/nerc_ltra_2025.pdf,url::bce98145c9bb,normalized_url_cluster,pre_rev0332
S790,"IEA, Nuclear Power — Energy System Tracking",https://www.iea.org/energy-system/electricity/nuclear-power,https://www.iea.org/energy-system/electricity/nuclear-power,url::ac2b6fb7c367,normalized_url_cluster,pre_rev0332
S791,"IAEA, Nuclear Energy in the Clean Energy Transition (2025)",https://www.iaea.org/newscenter/news/nuclear-energy-in-the-clean-energy-transition,https://www.iaea.org/newscenter/news/nuclear-energy-in-the-clean-energy-transition,url::207987e3c5cf,normalized_url_cluster,pre_rev0332
S792,"OECD Nuclear Energy Agency, Small Modular Reactor Digital Dashboard",https://oecd-nea.org/jcms/pl_107879/nea-small-modular-reactor-digital-dashboard,https://oecd-nea.org/jcms/pl_107879/nea-small-modular-reactor-digital-dashboard,url::5a963ed31b2a,normalized_url_cluster,pre_rev0332
S793,"U.S. Nuclear Regulatory Commission, Part 53 — Risk-Informed, Technology-Inclusive Regulatory Framework for Advanced Reactors",https://www.nrc.gov/reactors/new-reactors/advanced/modernizing/rulemaking/part-53,https://www.nrc.gov/reactors/new-reactors/advanced/modernizing/rulemaking/part-53,url::584379e22943,normalized_url_cluster,pre_rev0332
S794,"U.S. Nuclear Regulatory Commission, Public Involvement in Licensing",https://www.nrc.gov/about-nrc/regulatory/licensing/pub-involve,https://www.nrc.gov/about-nrc/regulatory/licensing/pub-involve,url::d7adfd69477e,normalized_url_cluster,pre_rev0332
S795,"U.S. Nuclear Regulatory Commission, Emergency Preparedness Rulemaking for SMRs and Other New Technologies",https://www.nrc.gov/reactors/new-reactors/advanced/modernizing/rulemaking/emergency-preparedness,https://www.nrc.gov/reactors/new-reactors/advanced/modernizing/rulemaking/emergency-preparedness,url::9b744b5bf503,normalized_url_cluster,pre_rev0332
S796,"U.S. Department of Energy, Consent-Based Siting Process for Federal Consolidated Interim Storage of Spent Nuclear Fuel",https://www.energy.gov/ne/us-department-energy-consent-based-siting-process-federal-consolidated-interim-storage-spent,https://www.energy.gov/ne/us-department-energy-consent-based-siting-process-federal-consolidated-interim-storage-spent,url::cf7a2fc6132f,normalized_url_cluster,pre_rev0332
S797,"IAEA, Joint Convention on the Safety of Spent Fuel Management and on the Safety of Radioactive Waste Management",https://www.iaea.org/topics/nuclear-safety-conventions/joint-convention-safety-spent-fuel-management-and-safety-radioactive-waste,https://www.iaea.org/topics/nuclear-safety-conventions/joint-convention-safety-spent-fuel-management-and-safety-radioactive-waste,url::4a5fb83b55d1,normalized_url_cluster,pre_rev0332
S798,"IAEA, Nuclear Security Recommendations on Physical Protection of Nuclear Material and Nuclear Facilities, INFCIRC/225/Revision 5",https://www.iaea.org/publications/8629/nuclear-security-recommendations-on-physical-protection-of-nuclear-material-and-nuclear-facilities-infcirc225revision-5,https://www.iaea.org/publications/8629/nuclear-security-recommendations-on-physical-protection-of-nuclear-material-and-nuclear-facilities-infcirc225revision-5,url::03c2a3ee8867,normalized_url_cluster,pre_rev0332
S799,"IAEA, Nuclear Security Series",https://www.iaea.org/resources/nuclear-security-series,https://www.iaea.org/resources/nuclear-security-series,url::0d4eb0cd7559,normalized_url_cluster,pre_rev0332
S800,"U.S. Department of Energy, Used Nuclear Fuel Recycling RFA and DOE Authorization Process",https://www.energy.gov/ne/articles/department-energy-seeks-partner-private-sector-used-nuclear-fuel-recycling,https://www.energy.gov/ne/articles/department-energy-seeks-partner-private-sector-used-nuclear-fuel-recycling,url::73b29e3a44e5,normalized_url_cluster,pre_rev0332
S801,"OECD Nuclear Energy Agency, Effective Frameworks and Strategies for Financing Nuclear New Build (2024)",https://www.oecd-nea.org/jcms/pl_96124/effective-frameworks-and-strategies-for-financing-nuclear-new-build?details=true,https://www.oecd-nea.org/jcms/pl_96124/effective-frameworks-and-strategies-for-financing-nuclear-new-build?details=true,url::b146beba548e,normalized_url_cluster,pre_rev0332
S802,"OECD Nuclear Energy Agency, New Perspectives for Financing Nuclear New Build: Financing, Market Design and Project Management (2024)",https://www.oecd-nea.org/upload/docs/application/pdf/2024-11/7688_financing_market_design_and_project_management.pdf,https://www.oecd-nea.org/upload/docs/application/pdf/2024-11/7688_financing_market_design_and_project_management.pdf,url::9589c1400ca4,normalized_url_cluster,pre_rev0332
S803,"U.S. Department of Energy Loan Programs Office, Title 17 Innovative Clean Energy: Nuclear — Technical Eligibility Guide",https://www.energy.gov/lpo/articles/technical-eligibility-guide-title-17-innovative-clean-energy-nuclear,https://www.energy.gov/lpo/articles/technical-eligibility-guide-title-17-innovative-clean-energy-nuclear,url::2c433a44f4dd,normalized_url_cluster,pre_rev0332
S804,"U.S. Department of Energy, Clean Energy Resources to Meet Data Center Electricity Demand (2026)",https://www.energy.gov/oe/clean-energy-resources-meet-data-center-electricity-demand,https://www.energy.gov/oe/clean-energy-resources-meet-data-center-electricity-demand,url::ad83bb9fec28,normalized_url_cluster,pre_rev0332
S805,"U.S. Energy Information Administration, EIA forecasts strongest four-year growth in U.S. electricity demand since 2000 (2026)",https://www.eia.gov/pressroom/releases/press582.php,https://www.eia.gov/pressroom/releases/press582.php,url::6407c34a43fa,normalized_url_cluster,pre_rev0332
S806,"North American Electric Reliability Corporation, Reliability Guideline: Risk Mitigation for Emerging Large Loads (2026)",https://www.nerc.com/globalassets/our-work/guidelines/reliability/RG_Risk-Mitigation-For-Emerging-Large-Loads.pdf,https://www.nerc.com/globalassets/our-work/guidelines/reliability/RG_Risk-Mitigation-For-Emerging-Large-Loads.pdf,url::6f1169be3600,normalized_url_cluster,pre_rev0332
S807,"Electric Power Research Institute, Powering Intelligence 2026 — Updated U.S. Data Center Scenarios",https://powering-intelligence.epri.com/,https://powering-intelligence.epri.com,url::5b844f784e14,normalized_url_cluster,pre_rev0332
S808,"Constellation Energy, Crane Clean Energy Center and Microsoft 20-year power purchase agreement (2024)",https://www.constellationenergy.com/news/2024/Constellation-to-Launch-Crane-Clean-Energy-Center-Restoring-Jobs-and-Carbon-Free-Power-to-The-Grid.html,https://www.constellationenergy.com/news/2024/Constellation-to-Launch-Crane-Clean-Energy-Center-Restoring-Jobs-and-Carbon-Free-Power-to-The-Grid.html,url::b1caf7cf2ec3,normalized_url_cluster,pre_rev0332
S809,"Google, New nuclear clean energy agreement with Kairos Power (2024)",https://blog.google/company-news/outreach-and-initiatives/sustainability/google-kairos-power-nuclear-energy-agreement/,https://blog.google/company-news/outreach-and-initiatives/sustainability/google-kairos-power-nuclear-energy-agreement,url::6b57456eae7a,normalized_url_cluster,pre_rev0332
S810,"U.S. Department of Energy, Energy Department Awards $94 Million to Expedite Deployments of Small Modular Reactors (2026)",https://www.energy.gov/articles/energy-department-awards-94-million-american-companies-help-expedite-deployments-small,https://www.energy.gov/articles/energy-department-awards-94-million-american-companies-help-expedite-deployments-small,url::e3f3e1ffd570,normalized_url_cluster,pre_rev0332
S811,"U.S. Department of Energy, Fact Sheet: The Energy Department Is Delivering On Accelerating Deployment of Nuclear Power (2026)",https://www.energy.gov/articles/fact-sheet-energy-department-delivering-accelerating-deployment-nuclear-power,https://www.energy.gov/articles/fact-sheet-energy-department-delivering-accelerating-deployment-nuclear-power,url::68b165d31057,normalized_url_cluster,pre_rev0332
S812,"World Nuclear Association, World Nuclear Performance Report 2025",https://world-nuclear.org/our-association/publications/global-trends-reports/world-nuclear-performance-report,https://world-nuclear.org/our-association/publications/global-trends-reports/world-nuclear-performance-report,url::cf17061dd97b,normalized_url_cluster,pre_rev0332
S813,"International Atomic Energy Agency, Power Reactor Information System (PRIS) database",https://www.iaea.org/resources/databases/power-reactor-information-system-pris,https://www.iaea.org/resources/databases/power-reactor-information-system-pris,url::7d3229740e93,normalized_url_cluster,pre_rev0332
S814,"U.S. Nuclear Regulatory Commission, Reactor Oversight Process (ROP)",https://www.nrc.gov/reactors/operating/oversight,https://www.nrc.gov/reactors/operating/oversight,url::f611a6912c73,normalized_url_cluster,pre_rev0332
S815,"U.S. Nuclear Regulatory Commission, 2026 Quarter 1 ROP Performance Indicators Summary",https://www.nrc.gov/reactors/operating/oversight/pi-summary,https://www.nrc.gov/reactors/operating/oversight/pi-summary,url::7ee60cc58b1e,normalized_url_cluster,pre_rev0332
S816,"U.S. Energy Information Administration, Nuclear & Uranium Data",https://www.eia.gov/nuclear/data.php,https://www.eia.gov/nuclear/data.php,url::b71a9fadf262,normalized_url_cluster,pre_rev0332
S817,"International Atomic Energy Agency, Operation and maintenance of nuclear power plants",https://www.iaea.org/topics/operation-and-maintenance,https://www.iaea.org/topics/operation-and-maintenance,url::e6128e23904f,normalized_url_cluster,pre_rev0332
S818,"International Atomic Energy Agency, Operating Experience Feedback for Nuclear Installations",https://www-pub.iaea.org/MTCD/Publications/PDF/PUB1805_web.pdf,https://www-pub.iaea.org/MTCD/Publications/PDF/PUB1805_web.pdf,url::64bcedf6155f,normalized_url_cluster,pre_rev0332
S819,"International Atomic Energy Agency, Nuclear Power Plant Outage Optimisation Strategy",https://www-pub.iaea.org/MTCD/Publications/PDF/te_1315_web.pdf,https://www-pub.iaea.org/MTCD/Publications/PDF/te_1315_web.pdf,url::1d64ca5384ee,normalized_url_cluster,pre_rev0332
S820,"U.S. Government Accountability Office, Nuclear Regulatory Commission: Reactor Oversight Process and Information from Licensees (GAO-25-107807)",https://www.gao.gov/products/gao-25-107807,https://www.gao.gov/products/gao-25-107807,url::843935a3d379,normalized_url_cluster,pre_rev0332
S821,"International Atomic Energy Agency PRIS, Unit Capability Factor Trend and availability statistics",https://pris.iaea.org/pris/worldstatistics/worldtrendinunitcapabilityfactor.aspx,https://pris.iaea.org/pris/worldstatistics/worldtrendinunitcapabilityfactor.aspx,url::06ba20afd267,normalized_url_cluster,pre_rev0332
S822,"International Atomic Energy Agency, Non-electric applications for nuclear energy",https://www.iaea.org/topics/non-electric-applications,https://www.iaea.org/topics/non-electric-applications,url::7c74e974e91f,normalized_url_cluster,pre_rev0332
S823,"International Atomic Energy Agency, Industrial applications and nuclear cogeneration",https://www.iaea.org/topics/non-electric-applications/industrial-applications-and-nuclear-cogeneration,https://www.iaea.org/topics/non-electric-applications/industrial-applications-and-nuclear-cogeneration,url::c01ac4137944,normalized_url_cluster,pre_rev0332
S824,"International Atomic Energy Agency, Nuclear desalination",https://www.iaea.org/topics/non-electric-applications/nuclear-desalination,https://www.iaea.org/topics/non-electric-applications/nuclear-desalination,url::8729f8579376,normalized_url_cluster,pre_rev0332
S825,"International Atomic Energy Agency, Guidance on Nuclear Energy Cogeneration",https://www.iaea.org/publications/13385/guidance-on-nuclear-energy-cogeneration,https://www.iaea.org/publications/13385/guidance-on-nuclear-energy-cogeneration,url::2b25e4d250b0,normalized_url_cluster,pre_rev0332
S826,"International Atomic Energy Agency, Nuclear Cogeneration for Desalination and Hydrogen Production (TECDOC-2056)",https://www-pub.iaea.org/MTCD/publications/PDF/TE-2056web.pdf,https://www-pub.iaea.org/MTCD/publications/PDF/TE-2056web.pdf,url::7f6321219fbf,normalized_url_cluster,pre_rev0332
S827,"U.S. Department of Energy, Clean Hydrogen Projects",https://www.energy.gov/edf/clean-hydrogen-projects,https://www.energy.gov/edf/clean-hydrogen-projects,url::fdaf3984badf,normalized_url_cluster,pre_rev0332
S828,"U.S. Department of Energy, Advantages and Challenges of Nuclear-Powered Data Centers",https://www.energy.gov/ne/articles/advantages-and-challenges-nuclear-powered-data-centers,https://www.energy.gov/ne/articles/advantages-and-challenges-nuclear-powered-data-centers,url::c8265760eac7,normalized_url_cluster,pre_rev0332
S829,"U.S. Department of Energy, AI Infrastructure on DOE Lands Request for Information",https://www.energy.gov/policy/ai-infrastructure-doe-lands-request-information,https://www.energy.gov/policy/ai-infrastructure-doe-lands-request-information,url::310041dc9f88,normalized_url_cluster,pre_rev0332
S830,"Idaho National Laboratory, Preliminary Analysis of Nuclear-Powered Data Center Scenarios",https://sai.inl.gov/report/preliminary-analysis-of-nuclear-powered-data-center-scenarios/,https://sai.inl.gov/report/preliminary-analysis-of-nuclear-powered-data-center-scenarios,url::4d9b49f852e1,normalized_url_cluster,pre_rev0332
S831,"Electric Power Research Institute, Data Center Load Growth in Context",https://powering-intelligence.epri.com/load-growth.html,https://powering-intelligence.epri.com/load-growth.html,url::4dbec28c6a28,normalized_url_cluster,pre_rev0332
S832,"International Atomic Energy Agency, Nuclear Technology Review 2025",https://www.iaea.org/sites/default/files/gc/gc69-inf9.pdf,https://www.iaea.org/sites/default/files/gc/gc69-inf9.pdf,url::ac98d734afbd,normalized_url_cluster,pre_rev0332
S833,"U.S. Department of Energy, HALEU Availability Program",https://www.energy.gov/ne/haleu-availability-program,https://www.energy.gov/ne/haleu-availability-program,url::89632afd8608,normalized_url_cluster,pre_rev0332
S834,"U.S. Department of Energy, HALEU Allocation Process",https://www.energy.gov/ne/us-department-energy-haleu-allocation-process,https://www.energy.gov/ne/us-department-energy-haleu-allocation-process,url::22cdc0b1dfc2,normalized_url_cluster,pre_rev0332
S835,"OECD Nuclear Energy Agency and IAEA, Uranium 2024: Resources, Production and Demand",https://www.oecd-nea.org/jcms/pl_103179/uranium-2024-resources-production-and-demand,https://www.oecd-nea.org/jcms/pl_103179/uranium-2024-resources-production-and-demand,url::c9883b9aa5e4,normalized_url_cluster,pre_rev0332
S836,"International Atomic Energy Agency, Spent fuel management",https://www.iaea.org/topics/spent-fuel-management,https://www.iaea.org/topics/spent-fuel-management,url::918f0594891b,normalized_url_cluster,pre_rev0332
S837,"International Atomic Energy Agency, Storing spent fuel until transport to reprocessing or disposal",https://www.iaea.org/publications/12302/storing-spent-fuel-until-transport-to-reprocessing-or-disposal,https://www.iaea.org/publications/12302/storing-spent-fuel-until-transport-to-reprocessing-or-disposal,url::5a53fd5bd5f5,normalized_url_cluster,pre_rev0332
S838,"International Atomic Energy Agency, Transporting radioactive materials",https://www.iaea.org/topics/transporting-radioactive-materials,https://www.iaea.org/topics/transporting-radioactive-materials,url::0630dffa7186,normalized_url_cluster,pre_rev0332
S839,"International Atomic Energy Agency, Safe and secure transport of radioactive material",https://www.iaea.org/topics/transport,https://www.iaea.org/topics/transport,url::552cd35346d9,normalized_url_cluster,pre_rev0332
S840,"International Atomic Energy Agency, Management of Spent Fuel from Nuclear Power Reactors",https://www-pub.iaea.org/MTCD/publications/PDF/PUB2127web.pdf,https://www-pub.iaea.org/MTCD/publications/PDF/PUB2127web.pdf,url::f2b544e8a4e9,normalized_url_cluster,pre_rev0332
S841,"U.S. Department of Energy, Energy Department to establish new consortium for nuclear fuel supply chain",https://www.energy.gov/ne/articles/energy-department-establish-new-consortium-nuclear-fuel-supply-chain,https://www.energy.gov/ne/articles/energy-department-establish-new-consortium-nuclear-fuel-supply-chain,url::e4d4a981f58b,normalized_url_cluster,pre_rev0332
S842,"International Energy Agency, Nuclear Power — Tracking Clean Energy Progress",https://www.iea.org/energy-system/electricity/nuclear-power,https://www.iea.org/energy-system/electricity/nuclear-power,url::ac2b6fb7c367,normalized_url_cluster,pre_rev0332
S843,"UNECE, Life Cycle Assessment of Electricity Generation Options",https://unece.org/sed/documents/2021/10/reports/life-cycle-assessment-electricity-generation-options,https://unece.org/sed/documents/2021/10/reports/life-cycle-assessment-electricity-generation-options,url::e3f4ce92159e,normalized_url_cluster,pre_rev0332
S844,"IPCC AR6 WGIII, Chapter 6: Energy Systems",https://www.ipcc.ch/report/ar6/wg3/chapter/chapter-6/,https://www.ipcc.ch/report/ar6/wg3/chapter/chapter-6,url::abb610aeba92,normalized_url_cluster,pre_rev0332
S845,"NREL, Life Cycle Greenhouse Gas Emissions from Electricity Generation: Update",https://docs.nrel.gov/docs/fy21osti/80580.pdf,https://docs.nrel.gov/docs/fy21osti/80580.pdf,url::993863bc53c1,normalized_url_cluster,pre_rev0332
S846,"U.S. Energy Information Administration, Nuclear explained: U.S. nuclear industry",https://www.eia.gov/energyexplained/nuclear/us-nuclear-industry.php,https://www.eia.gov/energyexplained/nuclear/us-nuclear-industry.php,url::bffde8c1ff9b,normalized_url_cluster,pre_rev0332
S847,"NERC, 2025 Long-Term Reliability Assessment",https://www.nerc.com/globalassets/our-work/assessments/nerc_ltra_2025.pdf,https://www.nerc.com/globalassets/our-work/assessments/nerc_ltra_2025.pdf,url::bce98145c9bb,normalized_url_cluster,pre_rev0332
S848,"IAEA, Nuclear power and climate change: Decarbonization",https://www.iaea.org/topics/nuclear-power-and-climate-change,https://www.iaea.org/topics/nuclear-power-and-climate-change,url::7d278235d30b,normalized_url_cluster,pre_rev0332
S849,"IAEA, Five reasons the clean energy transition needs nuclear power",https://www.iaea.org/newscenter/news/five-reasons-the-clean-energy-transition-needs-nuclear-power,https://www.iaea.org/newscenter/news/five-reasons-the-clean-energy-transition-needs-nuclear-power,url::48adc7c5e2ae,normalized_url_cluster,pre_rev0332
S850,"Our World in Data, What are the safest and cleanest sources of energy?",https://ourworldindata.org/safest-sources-of-energy,https://ourworldindata.org/safest-sources-of-energy,url::59485465729b,normalized_url_cluster,pre_rev0332
S851,"U.S. Department of Energy, What is generation capacity?",https://www.energy.gov/ne/articles/what-generation-capacity,https://www.energy.gov/ne/articles/what-generation-capacity,url::f048ed725c2e,normalized_url_cluster,pre_rev0332
S852,"International Energy Agency, The Path to a New Era for Nuclear Energy — Executive Summary",https://www.iea.org/reports/the-path-to-a-new-era-for-nuclear-energy/executive-summary,https://www.iea.org/reports/the-path-to-a-new-era-for-nuclear-energy/executive-summary,url::a15a53bf1053,normalized_url_cluster,pre_rev0332
S853,"U.S. Department of Energy, HALEU Availability Program",https://www.energy.gov/ne/haleu-availability-program,https://www.energy.gov/ne/haleu-availability-program,url::89632afd8608,normalized_url_cluster,pre_rev0332
S854,"U.S. Department of Energy, Awards to Restore American Uranium Enrichment",https://www.energy.gov/articles/us-department-energy-awards-27-billion-restore-american-uranium-enrichment,https://www.energy.gov/articles/us-department-energy-awards-27-billion-restore-american-uranium-enrichment,url::595534a505e7,normalized_url_cluster,pre_rev0332
S855,"OECD Nuclear Energy Agency, Security of Fuel Supply",https://www.oecd-nea.org/jcms/pl_22152/security-of-fuel-supply,https://www.oecd-nea.org/jcms/pl_22152/security-of-fuel-supply,url::35a0acc28e13,normalized_url_cluster,pre_rev0332
S856,"OECD NEA/IAEA, Uranium Resources, Production and Demand — Red Book",https://www.oecd-nea.org/jcms/pl_28569/uranium-resources-production-and-demand-red-book,https://www.oecd-nea.org/jcms/pl_28569/uranium-resources-production-and-demand-red-book,url::af07d4187403,normalized_url_cluster,pre_rev0332
S857,"IAEA, Management of the Nuclear Supply Chain",https://www.iaea.org/topics/management-systems/management-of-the-nuclear-supply-chain,https://www.iaea.org/topics/management-systems/management-of-the-nuclear-supply-chain,url::3bb19830d0d3,normalized_url_cluster,pre_rev0332
S858,"U.S. Department of State, 123 Agreements",https://www.state.gov/bureau-of-international-security-and-nonproliferation/releases/2025/01/123-agreements,https://www.state.gov/bureau-of-international-security-and-nonproliferation/releases/2025/01/123-agreements,url::8729cf46cd0e,normalized_url_cluster,pre_rev0332
S859,"U.S. NNSA, 123 Agreements for Peaceful Cooperation",https://www.energy.gov/nnsa/123-agreements-peaceful-cooperation,https://www.energy.gov/nnsa/123-agreements-peaceful-cooperation,url::e7015fef2c81,normalized_url_cluster,pre_rev0332
S860,"U.S. Export-Import Bank, Small Modular Reactor Financing Toolkit",https://www.exim.gov/policies/small-modular-reactor-financing,https://www.exim.gov/policies/small-modular-reactor-financing,url::6d87084e19ac,normalized_url_cluster,pre_rev0332
S861,"IAEA, Basics of IAEA Safeguards",https://www.iaea.org/topics/basics-of-iaea-safeguards,https://www.iaea.org/topics/basics-of-iaea-safeguards,url::54c6ed3f66c3,normalized_url_cluster,pre_rev0332
S862,"IAEA, Safeguards in 2025",https://www.iaea.org/sites/default/files/25/03/sg-in-2025.pdf,https://www.iaea.org/sites/default/files/25/03/sg-in-2025.pdf,url::84f351c07602,normalized_url_cluster,pre_rev0332
S863,"Reuters, Russia signs agreement to build Kazakhstan first nuclear power plant",https://www.reuters.com/business/energy/russia-signs-agreement-build-nuclear-power-plant-kazakhstan-2026-05-28/,https://www.reuters.com/business/energy/russia-signs-agreement-build-nuclear-power-plant-kazakhstan-2026-05-28,url::f380efcf8429,normalized_url_cluster,pre_rev0332
S864,"IAEA, Workforce Planning for New Nuclear Power Programmes",https://www.iaea.org/publications/8488/workforce-planning-for-new-nuclear-power-programmes,https://www.iaea.org/publications/8488/workforce-planning-for-new-nuclear-power-programmes,url::f9e2f822a5cc,normalized_url_cluster,pre_rev0332
S865,"IAEA, Human Resource Development for Nuclear Power Programmes",https://www.iaea.org/publications/13551/human-resource-development-for-nuclear-power-programmes,https://www.iaea.org/publications/13551/human-resource-development-for-nuclear-power-programmes,url::e07bc96d9c97,normalized_url_cluster,pre_rev0332
S866,"IAEA Bulletin, Nuclear Human Resource Development for a Net Zero Future",https://www.iaea.org/bulletin/nuclear-human-resource-development-for-a-net-zero-future,https://www.iaea.org/bulletin/nuclear-human-resource-development-for-a-net-zero-future,url::9c1e1d7f7499,normalized_url_cluster,pre_rev0332
S867,"IAEA, E-learning for Nuclear Newcomers",https://www.iaea.org/topics/infrastructure-development/e-learning-for-nuclear-newcomers,https://www.iaea.org/topics/infrastructure-development/e-learning-for-nuclear-newcomers,url::62151372bb2c,normalized_url_cluster,pre_rev0332
S868,"U.S. NRC, Operator Licensing",https://www.nrc.gov/reactors/operator-licensing,https://www.nrc.gov/reactors/operator-licensing,url::afb867afb706,normalized_url_cluster,pre_rev0332
S869,"U.S. NRC, Licensing Process for Operators",https://www.nrc.gov/reactors/operator-licensing/licensing-process,https://www.nrc.gov/reactors/operator-licensing/licensing-process,url::fd143a222081,normalized_url_cluster,pre_rev0332
S870,"U.S. NRC, Backgrounder on Reactor Operator Licensing",https://www.nrc.gov/reading-rm/doc-collections/fact-sheets/operator-licensing,https://www.nrc.gov/reading-rm/doc-collections/fact-sheets/operator-licensing,url::9e88184d38c5,normalized_url_cluster,pre_rev0332
S871,"IAEA INSAG-4, Safety Culture",https://www.iaea.org/publications/3753/safety-culture,https://www.iaea.org/publications/3753/safety-culture,url::09cd0746cad9,normalized_url_cluster,pre_rev0332
S872,"IAEA, Key Practical Issues in Strengthening Safety Culture",https://www.iaea.org/publications/6457/key-practical-issues-in-strengthening-safety-culture,https://www.iaea.org/publications/6457/key-practical-issues-in-strengthening-safety-culture,url::6385105ebd10,normalized_url_cluster,pre_rev0332
S873,"IAEA, Nuclear Knowledge Management",https://www.iaea.org/topics/nuclear-knowledge-management,https://www.iaea.org/topics/nuclear-knowledge-management,url::e9bcd6f92eac,normalized_url_cluster,pre_rev0332
S874,"IAEA, Nuclear Knowledge Management Section",https://www.iaea.org/about/organizational-structure/department-of-nuclear-energy/division-of-planning-information-and-knowledge-management/nuclear-knowledge-management-section,https://www.iaea.org/about/organizational-structure/department-of-nuclear-energy/division-of-planning-information-and-knowledge-management/nuclear-knowledge-management-section,url::b922d38dbaa1,normalized_url_cluster,pre_rev0332
S875,"U.S. DOE Office of Nuclear Energy, Workforce Trends in Nuclear Energy in 2025",https://www.energy.gov/ne/articles/3-workforce-trends-nuclear-energy-2025,https://www.energy.gov/ne/articles/3-workforce-trends-nuclear-energy-2025,url::e8a684c17537,normalized_url_cluster,pre_rev0332
S876,"U.S. DOE, Price-Anderson Act",https://www.energy.gov/gc/price-anderson-act,https://www.energy.gov/gc/price-anderson-act,url::5b3c2668a426,normalized_url_cluster,pre_rev0332
S877,"eCFR, 10 CFR Part 140 — Financial Protection Requirements and Indemnity Agreements",https://www.ecfr.gov/current/title-10/chapter-I/part-140,https://www.ecfr.gov/current/title-10/chapter-I/part-140,url::f82b6c306d46,normalized_url_cluster,pre_rev0332
S878,"U.S. NRC, Compliance with Price-Anderson Act Provisions (10 CFR Part 140)",https://www.nrc.gov/docs/ML2331/ML23319A341.pdf,https://www.nrc.gov/docs/ML2331/ML23319A341.pdf,url::b4c16cd54933,normalized_url_cluster,pre_rev0332
S879,"U.S. NRC, Financial Assurance for Decommissioning",https://www.nrc.gov/waste/decommissioning/finan-assur,https://www.nrc.gov/waste/decommissioning/finan-assur,url::aa5e9b5b033e,normalized_url_cluster,pre_rev0332
S880,"U.S. NRC, Decommissioning Funding Status Reports",https://www.nrc.gov/waste/decommissioning/finan-assur/bi-decom-reports,https://www.nrc.gov/waste/decommissioning/finan-assur/bi-decom-reports,url::8b5f50184bba,normalized_url_cluster,pre_rev0332
S881,"eCFR, 10 CFR 50.75 — Reporting and Recordkeeping for Decommissioning Planning",https://www.ecfr.gov/current/title-10/chapter-I/part-50/subject-group-ECFRbe827381d095/section-50.75,https://www.ecfr.gov/current/title-10/chapter-I/part-50/subject-group-ECFRbe827381d095/section-50.75,url::5e3bb17c155f,normalized_url_cluster,pre_rev0332
S882,"IAEA, Nuclear Liability Conventions",https://www.iaea.org/topics/nuclear-liability-conventions,https://www.iaea.org/topics/nuclear-liability-conventions,url::aa3e051d5944,normalized_url_cluster,pre_rev0332
S883,"IAEA, Convention on Supplementary Compensation for Nuclear Damage",https://www.iaea.org/topics/nuclear-liability-conventions/convention-supplementary-compensation-nuclear-damage,https://www.iaea.org/topics/nuclear-liability-conventions/convention-supplementary-compensation-nuclear-damage,url::cb64fac629d5,normalized_url_cluster,pre_rev0332
S884,"IAEA, Vienna Convention on Civil Liability for Nuclear Damage",https://www.iaea.org/topics/nuclear-liability-conventions/vienna-convention-on-civil-liability-for-nuclear-damage,https://www.iaea.org/topics/nuclear-liability-conventions/vienna-convention-on-civil-liability-for-nuclear-damage,url::e2851949ffab,normalized_url_cluster,pre_rev0332
S885,"OECD NEA, Paris Convention on Third Party Liability in the Field of Nuclear Energy",https://www.oecd-nea.org/jcms/pl_20196/paris-convention-on-third-party-liability-in-the-field-of-nuclear-energy-paris-convention-or-pc,https://www.oecd-nea.org/jcms/pl_20196/paris-convention-on-third-party-liability-in-the-field-of-nuclear-energy-paris-convention-or-pc,url::f5be856bdcc0,normalized_url_cluster,pre_rev0332
S886,"OECD NEA, Brussels Supplementary Convention",https://www.oecd-nea.org/jcms/pl_29282/brussels-convention-supplementary-to-the-paris-convention-on-third-party-liability-in-the-field-of-nuclear-energy-brussels-supplementary-convention-or-bsc,https://www.oecd-nea.org/jcms/pl_29282/brussels-convention-supplementary-to-the-paris-convention-on-third-party-liability-in-the-field-of-nuclear-energy-brussels-supplementary-convention-or-bsc,url::1af9274b95fc,normalized_url_cluster,pre_rev0332
S887,"IAEA, Funding and Financing Nuclear Power Plants and Facilities",https://www.iaea.org/topics/funding-and-finance,https://www.iaea.org/topics/funding-and-finance,url::64c699a20458,normalized_url_cluster,pre_rev0332
S888,"IAEA, ARTEMIS Integrated Review Service for Waste, Spent Fuel, Decommissioning and Remediation",https://www.iaea.org/services/review-missions/integrated-review-service-for-radioactive-waste-and-spent-fuel-management-decommissioning-and-remediation-artemis,https://www.iaea.org/services/review-missions/integrated-review-service-for-radioactive-waste-and-spent-fuel-management-decommissioning-and-remediation-artemis,url::7e3a88c7dd8a,normalized_url_cluster,pre_rev0332
S889,"OECD NEA/IAEA, _Uranium 2024: Resources, Production and Demand_ (2025)",https://www.oecd-nea.org/jcms/pl_103179/uranium-2024-resources-production-and-demand?details=true,https://www.oecd-nea.org/jcms/pl_103179/uranium-2024-resources-production-and-demand?details=true,url::32c3af607ca4,normalized_url_cluster,pre_rev0332
S890,"IAEA, _Best Practice in Environmental Management of Uranium Mining_ (2010)",https://www-pub.iaea.org/MTCD/Publications/PDF/Pub1406_web.pdf,https://www-pub.iaea.org/MTCD/Publications/PDF/Pub1406_web.pdf,url::ac936e46a0bf,normalized_url_cluster,pre_rev0332
S891,"IAEA, _Decommissioning of Facilities for Mining and Milling of Radioactive Ores and Closeout of Residues_",https://www.iaea.org/publications/5696/decommissioning-of-facilities-for-mining-and-milling-of-radioactive-ores-and-closeout-of-residues,https://www.iaea.org/publications/5696/decommissioning-of-facilities-for-mining-and-milling-of-radioactive-ores-and-closeout-of-residues,url::8af7acd3c097,normalized_url_cluster,pre_rev0332
S892,"IAEA, _The Long Term Stabilization of Uranium Mill Tailings_",https://www.iaea.org/publications/7054/the-long-term-stabilization-of-uranium-mill-tailings,https://www.iaea.org/publications/7054/the-long-term-stabilization-of-uranium-mill-tailings,url::1eaf32463f16,normalized_url_cluster,pre_rev0332
S893,"EPA, _Health and Environmental Protection Standards for Uranium and Thorium Mill Tailings — 40 CFR Part 192_",https://www.epa.gov/radiation/health-and-environmental-protection-standards-uranium-and-thorium-mill-tailings-40-cfr,https://www.epa.gov/radiation/health-and-environmental-protection-standards-uranium-and-thorium-mill-tailings-40-cfr,url::63645810fb1a,normalized_url_cluster,pre_rev0332
S894,"EPA, _Subpart W: National Emission Standards for Radon Emissions from Operating Mill Tailings_",https://www.epa.gov/radiation/subpart-w-national-emission-standards-radon-emissions-operating-mill-tailings,https://www.epa.gov/radiation/subpart-w-national-emission-standards-radon-emissions-operating-mill-tailings,url::2101305a623a,normalized_url_cluster,pre_rev0332
S895,"NRC, _Locations of Uranium Recovery Sites Undergoing Decommissioning_",https://www.nrc.gov/info-finder/decommissioning/uranium/index,https://www.nrc.gov/info-finder/decommissioning/uranium/index,url::d97a3d078ea3,normalized_url_cluster,pre_rev0332
S896,"DOE Office of Legacy Management, _UMTRCA Title I & II Disposal and Processing Sites Fact Sheet_",https://www.energy.gov/lm/articles/umtrca-title-i-and-ii-disposal-and-processing-sites-fact-sheet,https://www.energy.gov/lm/articles/umtrca-title-i-and-ii-disposal-and-processing-sites-fact-sheet,url::3715a2481561,normalized_url_cluster,pre_rev0332
S897,"EPA, _Navajo Nation Abandoned Uranium Mines Cleanup_",https://www.epa.gov/navajo-nation-uranium-cleanup/aum-cleanup,https://www.epa.gov/navajo-nation-uranium-cleanup/aum-cleanup,url::a3c2179e47ce,normalized_url_cluster,pre_rev0332
S898,"United Nations, _United Nations Declaration on the Rights of Indigenous Peoples_ (2007)",https://www.un.org/development/desa/indigenouspeoples/wp-content/uploads/sites/19/2018/11/UNDRIP_E_web.pdf,https://www.un.org/development/desa/indigenouspeoples/wp-content/uploads/sites/19/2018/11/UNDRIP_E_web.pdf,url::2a69e4d96951,normalized_url_cluster,pre_rev0332
S899,"IAEA, _Environmental Impact Assessment for Uranium Mine, Mill and In Situ Leach Projects_",https://www-pub.iaea.org/MTCD/Publications/PDF/te_979_prn.pdf,https://www-pub.iaea.org/MTCD/Publications/PDF/te_979_prn.pdf,url::4fc9362c766d,normalized_url_cluster,pre_rev0332
S900,"National Research Council, _Uranium Mining in Virginia: Scientific, Technical, Environmental, Human Health and Safety, and Regulatory Aspects of Uranium Mining and Processing in Virginia_ (2012)",https://www.ncbi.nlm.nih.gov/books/NBK201032/,https://www.ncbi.nlm.nih.gov/books/NBK201032,url::90d8e152681d,normalized_url_cluster,pre_rev0332
S901,"IAEA, Impact of Climate Related Hazards on the Safety of Nuclear Installations: Experts Discuss",https://www.iaea.org/newscenter/news/impact-of-climate-related-hazards-on-the-safety-of-nuclear-installations-experts-discuss,https://www.iaea.org/newscenter/news/impact-of-climate-related-hazards-on-the-safety-of-nuclear-installations-experts-discuss,url::675a806313ef,normalized_url_cluster,pre_rev0332
S902,"IAEA, Siting of Nuclear Facilities",https://www.iaea.org/topics/siting,https://www.iaea.org/topics/siting,url::cae3c74f73a2,normalized_url_cluster,pre_rev0332
S903,"IAEA, Protection Against Internal and External Hazards in the Operation of Nuclear Power Plants",https://www.iaea.org/publications/15005/protection-against-internal-and-external-hazards-in-the-operation-of-nuclear-power-plants,https://www.iaea.org/publications/15005/protection-against-internal-and-external-hazards-in-the-operation-of-nuclear-power-plants,url::a04856e82633,normalized_url_cluster,pre_rev0332
S904,"IAEA, Site and External Events Design Review Service (SEED)",https://www.iaea.org/services/review-missions/site-and-external-events-design-review-service-seed,https://www.iaea.org/services/review-missions/site-and-external-events-design-review-service-seed,url::be582c2cd548,normalized_url_cluster,pre_rev0332
S905,"eCFR, 10 CFR 50.63 — Loss of all alternating current power",https://www.ecfr.gov/current/title-10/chapter-I/part-50/section-50.63,https://www.ecfr.gov/current/title-10/chapter-I/part-50/section-50.63,url::e0a2f1634181,normalized_url_cluster,pre_rev0332
S906,"eCFR, 10 CFR 50.47 — Emergency plans",https://www.ecfr.gov/current/title-10/chapter-I/part-50/section-50.47,https://www.ecfr.gov/current/title-10/chapter-I/part-50/section-50.47,url::d588b3f339f0,normalized_url_cluster,pre_rev0332
S907,"National Academies, Lessons Learned from the Fukushima Nuclear Accident, Phase 2 — Spent Fuel Storage",https://www.nationalacademies.org/read/21874/chapter/5,https://www.nationalacademies.org/read/21874/chapter/5,url::d0f87a1b1cfd,normalized_url_cluster,pre_rev0332
S908,"IAEA Bulletin, The Resilience and Safety of Nuclear Power in the Face of Extreme Events",https://www.iaea.org/bulletin/the-resilience-and-safety-of-nuclear-power-in-the-face-of-extreme-events,https://www.iaea.org/bulletin/the-resilience-and-safety-of-nuclear-power-in-the-face-of-extreme-events,url::0610aa39de8c,normalized_url_cluster,pre_rev0332
S909,"IAEA, Design Considerations for Nuclear Power Plants Against Tsunami Hazards",https://www-pub.iaea.org/MTCD/publications/PDF/PUB2103E_web.pdf,https://www-pub.iaea.org/MTCD/publications/PDF/PUB2103E_web.pdf,url::a792dd41abc5,normalized_url_cluster,pre_rev0332
S910,"IAEA, Guidance for Reviewing Site Characteristics in Safety Analysis Reports for Nuclear Installations",https://www-pub.iaea.org/MTCD/publications/PDF/p15876-PUB2124_web.pdf,https://www-pub.iaea.org/MTCD/publications/PDF/p15876-PUB2124_web.pdf,url::98d9a0f2fd21,normalized_url_cluster,pre_rev0332
S911,"IAEA, Design of Nuclear Installations Against External Events Excluding Earthquakes",https://www-pub.iaea.org/MTCD/publications/PDF/PUB1968_web.pdf,https://www-pub.iaea.org/MTCD/publications/PDF/PUB1968_web.pdf,url::106dd2b3e974,normalized_url_cluster,pre_rev0332
S912,"Portugal-Pereira et al., Exposure of future nuclear energy infrastructure to climate change hazards",https://www.sciencedirect.com/science/article/pii/S2211467X24000725,https://www.sciencedirect.com/science/article/pii/S2211467X24000725,url::42ef15a71ab8,normalized_url_cluster,pre_rev0332
S913,"NRC, Cybersecurity for Nuclear Power Plants",https://www.nrc.gov/security/cybersecurity,https://www.nrc.gov/security/cybersecurity,url::5a6f69d29869,normalized_url_cluster,pre_rev0332
S914,"eCFR, 10 CFR 73.54 — Protection of digital computer and communication systems and networks",https://www.ecfr.gov/current/title-10/chapter-I/part-73/subpart-F/section-73.54,https://www.ecfr.gov/current/title-10/chapter-I/part-73/subpart-F/section-73.54,url::bfb4ffbd8ab5,normalized_url_cluster,pre_rev0332
S915,"NRC Regulatory Guide 5.71, Revision 1 — Cyber Security Programs for Nuclear Power Reactors",https://www.nrc.gov/docs/ML2225/ML22258A204.pdf,https://www.nrc.gov/docs/ML2225/ML22258A204.pdf,url::15093ea5de8a,normalized_url_cluster,pre_rev0332
S916,"IAEA Nuclear Security Series No. 17-T (Rev. 1), Computer Security Techniques for Nuclear Facilities",https://www-pub.iaea.org/MTCD/Publications/PDF/PUB1921_web.pdf,https://www-pub.iaea.org/MTCD/Publications/PDF/PUB1921_web.pdf,url::3f6834b9cce7,normalized_url_cluster,pre_rev0332
S917,"IAEA, Computer and information security at nuclear facilities",https://www.iaea.org/topics/computer-and-information-security,https://www.iaea.org/topics/computer-and-information-security,url::02f2501d4382,normalized_url_cluster,pre_rev0332
S918,"NIST SP 800-82 Rev. 3, Guide to Operational Technology Security",https://csrc.nist.gov/pubs/sp/800/82/r3/final,https://csrc.nist.gov/pubs/sp/800/82/r3/final,url::013a66fa9aff,normalized_url_cluster,pre_rev0332
S919,"NRC, Digital Instrumentation and Control",https://www.nrc.gov/reactors/digital,https://www.nrc.gov/reactors/digital,url::da2c4a8b89c6,normalized_url_cluster,pre_rev0332
S920,"NRC, Modernizing the Regulatory Infrastructure for Digital I&C",https://www.nrc.gov/reactors/digital/modernize,https://www.nrc.gov/reactors/digital/modernize,url::7121a44149b9,normalized_url_cluster,pre_rev0332
S921,"NIST SP 800-218, Secure Software Development Framework Version 1.1",https://csrc.nist.gov/pubs/sp/800/218/final,https://csrc.nist.gov/pubs/sp/800/218/final,url::3382974f730f,normalized_url_cluster,pre_rev0332
S922,"CISA, Cross-Sector Cybersecurity Performance Goals",https://www.cisa.gov/cross-sector-cybersecurity-performance-goals,https://www.cisa.gov/cross-sector-cybersecurity-performance-goals,url::3f1197f675a6,normalized_url_cluster,pre_rev0332
S923,"NRC Regulatory Issue Summary 2025-01, Pre-Application Communication and Scheduling for Digital I&C Licensing Actions",https://www.nrc.gov/reading-rm/doc-collections/gen-comm/reg-issues/2025/index,https://www.nrc.gov/reading-rm/doc-collections/gen-comm/reg-issues/2025/index,url::7a5083eb5905,normalized_url_cluster,pre_rev0332
S924,"CISA, Cybersecurity Performance Goals 2.0",https://www.cisa.gov/cybersecurity-performance-goals-2-0-cpg-2-0,https://www.cisa.gov/cybersecurity-performance-goals-2-0-cpg-2-0,url::8432556bf089,normalized_url_cluster,pre_rev0332
S925,"NRC, 10 CFR 73.55 — Requirements for physical protection of licensed activities in nuclear power reactors",https://www.nrc.gov/reading-rm/doc-collections/cfr/part073/part073-0055,https://www.nrc.gov/reading-rm/doc-collections/cfr/part073/part073-0055,url::eb9b58d516e9,normalized_url_cluster,pre_rev0332
S926,"eCFR, 10 CFR 73.1 — Purpose, scope, and design basis threats",https://www.ecfr.gov/current/title-10/chapter-I/part-73/subpart-A/section-73.1,https://www.ecfr.gov/current/title-10/chapter-I/part-73/subpart-A/section-73.1,url::308652c8cf0e,normalized_url_cluster,pre_rev0332
S927,IAEA Nuclear Security Series No. 13 — Nuclear Security Recommendations on Physical Protection of Nuclear Material and Nuclear Facilities (INFCIRC/225/Rev. 5),https://www.iaea.org/publications/8629/nuclear-security-recommendations-on-physical-protection-of-nuclear-material-and-nuclear-facilities-infcirc225revision-5,https://www.iaea.org/publications/8629/nuclear-security-recommendations-on-physical-protection-of-nuclear-material-and-nuclear-facilities-infcirc225revision-5,url::03c2a3ee8867,normalized_url_cluster,pre_rev0332
S928,IAEA Nuclear Security Series No. 27-G — Physical Protection of Nuclear Material and Nuclear Facilities: Implementation of INFCIRC/225/Rev. 5,https://www.iaea.org/publications/11092/physical-protection-of-nuclear-material-and-nuclear-facilities-implementation-of-infcirc225revision-5,https://www.iaea.org/publications/11092/physical-protection-of-nuclear-material-and-nuclear-facilities-implementation-of-infcirc225revision-5,url::337b6d789e98,normalized_url_cluster,pre_rev0332
S929,"NRC, Backgrounder on Force-on-Force Security Inspections",https://www.nrc.gov/reading-rm/doc-collections/fact-sheets/force-on-force-bg,https://www.nrc.gov/reading-rm/doc-collections/fact-sheets/force-on-force-bg,url::3ec42026944c,normalized_url_cluster,pre_rev0332
S930,"NRC, Backgrounder on Realizing Efficiencies in the Reactor Security Inspection Program",https://www.nrc.gov/reading-rm/doc-collections/fact-sheets/bg-reactor-security-inspection,https://www.nrc.gov/reading-rm/doc-collections/fact-sheets/bg-reactor-security-inspection,url::1ed9e38c1c70,normalized_url_cluster,pre_rev0332
S931,"NRC, Drones and Nuclear Power Plant Security",https://www.nrc.gov/reading-rm/doc-collections/fact-sheets/fs-drone-pwr-plant-security,https://www.nrc.gov/reading-rm/doc-collections/fact-sheets/fs-drone-pwr-plant-security,url::82fe99dc876e,normalized_url_cluster,pre_rev0332
S932,"NRC, Access Authorization Programs",https://www.nrc.gov/reactors/operating/ops-experience/access-authorization,https://www.nrc.gov/reactors/operating/ops-experience/access-authorization,url::904961da52f5,normalized_url_cluster,pre_rev0332
S933,"eCFR, 10 CFR 73.56 — Personnel access authorization requirements for nuclear power plants",https://www.ecfr.gov/current/title-10/chapter-I/part-73/subpart-G/section-73.56,https://www.ecfr.gov/current/title-10/chapter-I/part-73/subpart-G/section-73.56,url::48827b093611,normalized_url_cluster,pre_rev0332
S934,NRC Regulatory Guide 5.77 — Insider Mitigation Program,https://www.nrc.gov/docs/ML1521/ML15219A609.pdf,https://www.nrc.gov/docs/ML1521/ML15219A609.pdf,url::8c05b7a14018,normalized_url_cluster,pre_rev0332
S935,"IAEA, Transport security for nuclear and other radioactive material",https://www.iaea.org/topics/transport-security,https://www.iaea.org/topics/transport-security,url::2b32b1a168dc,normalized_url_cluster,pre_rev0332
S936,"NRC, 10 CFR Part 37 — Physical Protection of Category 1 and Category 2 Quantities of Radioactive Material",https://www.nrc.gov/security/byproduct/10-cfr-part-37,https://www.nrc.gov/security/byproduct/10-cfr-part-37,url::f0fbfb60665c,normalized_url_cluster,pre_rev0332
S937,"IAEA, Self-assessment of Nuclear Security Culture in Facilities and Activities",https://www.iaea.org/publications/10983/self-assessment-of-nuclear-security-culture-in-facilities-and-activities,https://www.iaea.org/publications/10983/self-assessment-of-nuclear-security-culture-in-facilities-and-activities,url::cd2fccbce19f,normalized_url_cluster,pre_rev0332
S938,"Reuters, U.S. nuclear power regulator phases out agency-led force-on-force inspections at plants (2026)",https://www.reuters.com/business/energy/us-nuclear-power-regulator-phases-out-agency-led-commando-drills-plants-2026-04-06/,https://www.reuters.com/business/energy/us-nuclear-power-regulator-phases-out-agency-led-commando-drills-plants-2026-04-06,url::9f8c9da23ef2,normalized_url_cluster,pre_rev0332
S939,"NRC, 10 CFR Part 20 — Standards for Protection Against Radiation",https://www.nrc.gov/reading-rm/doc-collections/cfr/part020/full-text,https://www.nrc.gov/reading-rm/doc-collections/cfr/part020/full-text,url::55f207c5f646,normalized_url_cluster,pre_rev0332
S940,"NRC, 10 CFR Part 50 Appendix I — Numerical Guides for Design Objectives for Light-Water-Cooled Nuclear Power Reactors",https://www.nrc.gov/reading-rm/doc-collections/cfr/part050/part050-appi,https://www.nrc.gov/reading-rm/doc-collections/cfr/part050/part050-appi,url::2348fababfef,normalized_url_cluster,pre_rev0332
S941,"EPA, Environmental Radiation Protection Standards for Nuclear Power Operations (40 CFR Part 190)",https://www.epa.gov/radiation/environmental-radiation-protection-standards-nuclear-power-operations-40-cfr-part-190,https://www.epa.gov/radiation/environmental-radiation-protection-standards-nuclear-power-operations-40-cfr-part-190,url::f313e1e3d40f,normalized_url_cluster,pre_rev0332
S942,"eCFR, 40 CFR Part 190 — Environmental Radiation Protection Standards for Nuclear Power Operations",https://www.ecfr.gov/current/title-40/chapter-I/subchapter-F/part-190,https://www.ecfr.gov/current/title-40/chapter-I/subchapter-F/part-190,url::761c7f37022d,normalized_url_cluster,pre_rev0332
S943,"NRC, Backgrounder on Environmental Monitoring at Nuclear Power Plants",https://www.nrc.gov/reading-rm/doc-collections/fact-sheets/env-monitoring,https://www.nrc.gov/reading-rm/doc-collections/fact-sheets/env-monitoring,url::afd9d347df62,normalized_url_cluster,pre_rev0332
S944,"NRC, Radioactive Effluent and Environmental Reports",https://www.nrc.gov/reactors/operating/ops-experience/tritium/plant-info,https://www.nrc.gov/reactors/operating/ops-experience/tritium/plant-info,url::954911276543,normalized_url_cluster,pre_rev0332
S945,"NRC, Backgrounder on Tritium, Radiation Protection Limits, and Drinking Water Standards",https://www.nrc.gov/reading-rm/doc-collections/fact-sheets/tritium-radiation-fs,https://www.nrc.gov/reading-rm/doc-collections/fact-sheets/tritium-radiation-fs,url::79c44c5834b0,normalized_url_cluster,pre_rev0332
S946,"NRC, Groundwater Contamination (Tritium) at Nuclear Plants",https://www.nrc.gov/reactors/operating/ops-experience/grndwtr-contam-tritium,https://www.nrc.gov/reactors/operating/ops-experience/grndwtr-contam-tritium,url::dcf62b9c6d48,normalized_url_cluster,pre_rev0332
S947,"IAEA GSG-9, Regulatory Control of Radioactive Discharges to the Environment",https://www.iaea.org/publications/12197/regulatory-control-of-radioactive-discharges-to-the-environment,https://www.iaea.org/publications/12197/regulatory-control-of-radioactive-discharges-to-the-environment,url::bc43659b718f,normalized_url_cluster,pre_rev0332
S948,"IAEA, Environmental and Source Monitoring for Purposes of Radiation Protection",https://www-pub.iaea.org/MTCD/Publications/PDF/Pub1216_web.pdf,https://www-pub.iaea.org/MTCD/Publications/PDF/Pub1216_web.pdf,url::376ebc1284e6,normalized_url_cluster,pre_rev0332
S949,"EPA, RadNet",https://www.epa.gov/radnet,https://www.epa.gov/radnet,url::07ac684f36c0,normalized_url_cluster,pre_rev0332
S950,"EPA, Radionuclides Rule",https://www.epa.gov/dwreginfo/radionuclides-rule,https://www.epa.gov/dwreginfo/radionuclides-rule,url::ab8341a65acf,normalized_url_cluster,pre_rev0332
S951,"NRC Regulatory Guide 4.1, Radiological Environmental Monitoring for Nuclear Power Plants",https://www.nrc.gov/docs/ml0913/ml091310141.pdf,https://www.nrc.gov/docs/ml0913/ml091310141.pdf,url::0ce61c383bcd,normalized_url_cluster,pre_rev0332
S952,"UNSCEAR, Scientific Reports",https://www.unscear.org/unscear/en/publications/scientific-reports.html,https://www.unscear.org/unscear/en/publications/scientific-reports.html,url::de0d0d9fbd66,normalized_url_cluster,pre_rev0332
S953,"NRC, Backgrounder on Emergency Preparedness at Nuclear Power Plants",https://www.nrc.gov/reading-rm/doc-collections/fact-sheets/emerg-plan-prep-nuc-power,https://www.nrc.gov/reading-rm/doc-collections/fact-sheets/emerg-plan-prep-nuc-power,url::89a3bd8dbc35,normalized_url_cluster,pre_rev0332
S954,"NRC, Emergency Planning Zones",https://www.nrc.gov/about-nrc/emerg-preparedness/about-emerg-preparedness/planning-zones,https://www.nrc.gov/about-nrc/emerg-preparedness/about-emerg-preparedness/planning-zones,url::77153602fa8e,normalized_url_cluster,pre_rev0332
S955,"FEMA, Radiological Emergency Preparedness",https://www.fema.gov/emergency-managers/practitioners/hazardous-response-capabilities/radiological,https://www.fema.gov/emergency-managers/practitioners/hazardous-response-capabilities/radiological,url::953c2260e36b,normalized_url_cluster,pre_rev0332
S956,"FEMA, Radiological Emergency Preparedness Program Manual",https://www.fema.gov/emergency-managers/practitioners/hazardous-response-capabilities/radiological/rep-program-manual,https://www.fema.gov/emergency-managers/practitioners/hazardous-response-capabilities/radiological/rep-program-manual,url::fb602176028a,normalized_url_cluster,pre_rev0332
S957,"eCFR, 10 CFR Part 50 Appendix E — Emergency Planning and Preparedness for Production and Utilization Facilities",https://www.ecfr.gov/current/title-10/chapter-I/part-50/subject-group-ECFR89aa6ca4aada73c/appendix-Appendix%20E%20to%20Part%2050,https://www.ecfr.gov/current/title-10/chapter-I/part-50/subject-group-ECFR89aa6ca4aada73c/appendix-Appendix%20E%20to%20Part%2050,url::4801f41609b1,normalized_url_cluster,pre_rev0332
S958,"NRC, Emergency Preparedness Regulations, Guidance, and Generic Communications",https://www.nrc.gov/about-nrc/emerg-preparedness/regs-guidance-comm.html,https://www.nrc.gov/about-nrc/emerg-preparedness/regs-guidance-comm.html,url::4886dedd1aa5,normalized_url_cluster,pre_rev0332
S959,"NRC, Use of Potassium Iodide",https://www.nrc.gov/about-nrc/emerg-preparedness/about-emerg-preparedness/potassium-iodide-use.html,https://www.nrc.gov/about-nrc/emerg-preparedness/about-emerg-preparedness/potassium-iodide-use.html,url::ad8282bfbdfa,normalized_url_cluster,pre_rev0332
S960,"CDC, Potassium Iodide (KI) — Radiation Emergencies",https://www.cdc.gov/radiation-emergencies/treatment/potassium-iodide.html,https://www.cdc.gov/radiation-emergencies/treatment/potassium-iodide.html,url::b320010fdc9d,normalized_url_cluster,pre_rev0332
S961,"FDA, Radiological and Nuclear Emergency Preparedness",https://www.fda.gov/emergency-preparedness-and-response/mcm-issues/radiological-and-nuclear-emergency-preparedness,https://www.fda.gov/emergency-preparedness-and-response/mcm-issues/radiological-and-nuclear-emergency-preparedness,url::410fd6b9e324,normalized_url_cluster,pre_rev0332
S962,"EPA, Protective Action Guides",https://www.epa.gov/radiation/protective-action-guides-pags,https://www.epa.gov/radiation/protective-action-guides-pags,url::228e2dd51b68,normalized_url_cluster,pre_rev0332
S963,"HHS REMM, Radiation Emergency Medical Management",https://remm.hhs.gov/,https://remm.hhs.gov,url::c15c528a8c4d,normalized_url_cluster,pre_rev0332
S964,"OSHA, Radiation Emergency Preparedness and Response",https://www.osha.gov/emergency-preparedness/radiation/response,https://www.osha.gov/emergency-preparedness/radiation/response,url::7e3a64a45c97,normalized_url_cluster,pre_rev0332
S965,"Federal Register, Emergency Preparedness for Small Modular Reactors and Other New Technologies",https://www.federalregister.gov/documents/2023/11/16/2023-25163/emergency-preparedness-for-small-modular-reactors-and-other-new-technologies,https://www.federalregister.gov/documents/2023/11/16/2023-25163/emergency-preparedness-for-small-modular-reactors-and-other-new-technologies,url::9762e171e0df,normalized_url_cluster,pre_rev0332
S966,"FEMA REPP Academy, Professional Development",https://preptoolkit.fema.gov/web/fema-repp-academy/professional-development,https://preptoolkit.fema.gov/web/fema-repp-academy/professional-development,url::e40eb86fe305,normalized_url_cluster,pre_rev0332
S967,"LII/eCFR, 10 CFR 50.47 — Emergency plans",https://www.law.cornell.edu/cfr/text/10/50.47,https://www.law.cornell.edu/cfr/text/10/50.47,url::92d107fee567,normalized_url_cluster,pre_rev0332
S968,"LII/eCFR, 10 CFR 50.160 — Emergency preparedness for SMRs, non-LWRs, and NPUFs",https://www.law.cornell.edu/cfr/text/10/50.160,https://www.law.cornell.edu/cfr/text/10/50.160,url::86a3d1dfd9de,normalized_url_cluster,pre_rev0332
S969,NRC Regulatory Guide 1.101 Revision 7 — Emergency Response Planning and Preparedness for Nuclear Power Reactors,https://www.nrc.gov/docs/ML2506/ML25065A240.pdf,https://www.nrc.gov/docs/ML2506/ML25065A240.pdf,url::9e76818bd804,normalized_url_cluster,pre_rev0332
S970,"CDC, Population Monitoring in Radiation Emergencies — Guide for State and Local Public Health Planners",https://www.cdc.gov/radiation-emergencies/media/pdfs/2024/04/population-monitoring-guide.pdf,https://www.cdc.gov/radiation-emergencies/media/pdfs/2024/04/population-monitoring-guide.pdf,url::1964bacd9f49,normalized_url_cluster,pre_rev0332
S971,"EPA, PAG Manual — Protective Action Guides and Planning Guidance for Radiological Incidents",https://www.epa.gov/sites/default/files/2017-01/documents/epa_pag_manual_final_revisions_01-11-2017_cover_disclaimer_8.pdf,https://www.epa.gov/sites/default/files/2017-01/documents/epa_pag_manual_final_revisions_01-11-2017_cover_disclaimer_8.pdf,url::343f75827b31,normalized_url_cluster,pre_rev0332
S972,"eCFR, 10 CFR 50.47 — Emergency plans",https://www.ecfr.gov/current/title-10/chapter-I/part-50/subject-group-ECFRdf2af20f8a72d91/section-50.47,https://www.ecfr.gov/current/title-10/chapter-I/part-50/subject-group-ECFRdf2af20f8a72d91/section-50.47,url::8a82415990ee,normalized_url_cluster,pre_rev0332
S973,"eCFR, 10 CFR 50.160 — Emergency preparedness for SMRs, non-LWRs, and NPUFs",https://www.ecfr.gov/current/title-10/chapter-I/part-50/subject-group-ECFR89aa6ca4aada73c/section-50.160,https://www.ecfr.gov/current/title-10/chapter-I/part-50/subject-group-ECFR89aa6ca4aada73c/section-50.160,url::00a56e187b2a,normalized_url_cluster,pre_rev0332
S974,"FEMA, Radiological Emergency Preparedness Program Manual current page",https://www.fema.gov/emergency-managers/practitioners/hazardous-response-capabilities/radiological/rep-program-manual,https://www.fema.gov/emergency-managers/practitioners/hazardous-response-capabilities/radiological/rep-program-manual,url::fb602176028a,normalized_url_cluster,pre_rev0332
S975,"NRC, NUREG-0654/FEMA-REP-1 Revision 2 publication page",https://www.nrc.gov/reading-rm/doc-collections/nuregs/staff/sr0654/r2/index,https://www.nrc.gov/reading-rm/doc-collections/nuregs/staff/sr0654/r2/index,url::a643a05f71c3,normalized_url_cluster,pre_rev0332
S976,"FEMA, Radiological Emergency Preparedness Program Standard Operating Guide, January 2026",https://www.fema.gov/sites/default/files/documents/fema_rep_standard-operating-guide_012026.pdf,https://www.fema.gov/sites/default/files/documents/fema_rep_standard-operating-guide_012026.pdf,url::51c177aa3977,normalized_url_cluster,pre_rev0332
S977,"CDC, Planning for Community Reception Centers — POD to CRC Planning Tool",https://www.cdc.gov/radiation-emergencies/media/pdfs/2024/04/POD_to_CRC_Planning_Tool-508.pdf,https://www.cdc.gov/radiation-emergencies/media/pdfs/2024/04/POD_to_CRC_Planning_Tool-508.pdf,url::53c70a1df6ce,normalized_url_cluster,pre_rev0332
S978,"CDC, A Guide to Operating Public Shelters in a Radiation Emergency",https://www.cdc.gov/radiation-emergencies/media/pdfs/2024/04/operating-public-shelters-1.pdf,https://www.cdc.gov/radiation-emergencies/media/pdfs/2024/04/operating-public-shelters-1.pdf,url::81cfbecd4a78,normalized_url_cluster,pre_rev0332
S979,NRC Regulatory Guide 1.219 Revision 1 — Guidance on Making Changes to Emergency Plans for Nuclear Power Reactors,https://www.nrc.gov/docs/ML1606/ML16061A104.pdf,https://www.nrc.gov/docs/ML1606/ML16061A104.pdf,url::49a861726918,normalized_url_cluster,pre_rev0332
S980,"eCFR, 10 CFR 50.54(q) — Conditions of licenses; emergency plan maintenance and change requirements",https://www.ecfr.gov/current/title-10/chapter-I/part-50/subject-group-ECFR2f76ac8b7f9e21e/section-50.54,https://www.ecfr.gov/current/title-10/chapter-I/part-50/subject-group-ECFR2f76ac8b7f9e21e/section-50.54,url::859e030561aa,normalized_url_cluster,pre_rev0332
S981,"CDC, Population Monitoring — Radiation Emergencies landing page",https://www.cdc.gov/radiation-emergencies/php/population-monitoring/index.html,https://www.cdc.gov/radiation-emergencies/php/population-monitoring/index.html,url::d45b4b42ef5c,normalized_url_cluster,pre_rev0332
S982,"CDC, Community Reception Centers — Radiation Emergencies",https://www.cdc.gov/radiation-emergencies/response/community-reception-centers.html,https://www.cdc.gov/radiation-emergencies/response/community-reception-centers.html,url::af1e81807725,normalized_url_cluster,pre_rev0332
S983,NRC Inspection Procedure 71114.05 — Maintenance of Emergency Preparedness,https://www.nrc.gov/docs/ML1525/ML15254A401.pdf,https://www.nrc.gov/docs/ML1525/ML15254A401.pdf,url::b41ca339ad1e,normalized_url_cluster,pre_rev0332
S984,NRC Inspection Procedure 71114.04 — Emergency Action Level and Emergency Plan Changes,https://www.nrc.gov/docs/ML1524/ML15245A748.pdf,https://www.nrc.gov/docs/ML1524/ML15245A748.pdf,url::537fd69cf973,normalized_url_cluster,pre_rev0332
S985,"NRC, NUREG/CR-7002 Revision 1 — Criteria for Development of Evacuation Time Estimate Studies",https://www.nrc.gov/reading-rm/doc-collections/nuregs/contract/cr7002/r1/index,https://www.nrc.gov/reading-rm/doc-collections/nuregs/contract/cr7002/r1/index,url::e9473fb66dc3,normalized_url_cluster,pre_rev0332
S986,"FEMA, Integrated Public Alert & Warning System",https://www.fema.gov/emergency-managers/practitioners/integrated-public-alert-warning-system,https://www.fema.gov/emergency-managers/practitioners/integrated-public-alert-warning-system,url::004dd139672d,normalized_url_cluster,pre_rev0332
S987,"CDC, CRC SimPLER — Community Reception Center resource estimation tool",https://www.cdc.gov/radiation-emergencies/php/population-monitoring/crc-simpler.html,https://www.cdc.gov/radiation-emergencies/php/population-monitoring/crc-simpler.html,url::8eaea91cc1ed,normalized_url_cluster,pre_rev0332
S988,"NRC, Backgrounder on Emergency Preparedness at Nuclear Power Plants",https://www.nrc.gov/reading-rm/doc-collections/fact-sheets/emerg-plan-prep-nuc-power.html,https://www.nrc.gov/reading-rm/doc-collections/fact-sheets/emerg-plan-prep-nuc-power.html,url::457145ec7a2b,normalized_url_cluster,pre_rev0332
S989,"NRC, Use of Potassium Iodide in Emergency Preparedness",https://www.nrc.gov/about-nrc/emerg-preparedness/about-emerg-preparedness/potassium-iodide-use,https://www.nrc.gov/about-nrc/emerg-preparedness/about-emerg-preparedness/potassium-iodide-use,url::048f1251e5a1,normalized_url_cluster,pre_rev0332
S990,"EPA, Protective Action Guides for Radiological Incidents current page",https://www.epa.gov/radiation/protective-action-guides-pags,https://www.epa.gov/radiation/protective-action-guides-pags,url::228e2dd51b68,normalized_url_cluster,pre_rev0332
S991,"NRC, Regulations, Guidance, and Generic Communications for Emergency Preparedness",https://www.nrc.gov/about-nrc/emerg-preparedness/regs-guidance-comm,https://www.nrc.gov/about-nrc/emerg-preparedness/regs-guidance-comm,url::ec67c80b9c5e,normalized_url_cluster,pre_rev0332
S992,"NRC, Emergency Preparedness Rulemaking for SMRs and Other New Technologies",https://www.nrc.gov/reactors/new-reactors/advanced/modernizing/rulemaking/emergency-preparedness,https://www.nrc.gov/reactors/new-reactors/advanced/modernizing/rulemaking/emergency-preparedness,url::9b744b5bf503,normalized_url_cluster,pre_rev0332
S993,"CDC, Community Reception Center Electronic Data Collection Tool",https://www.cdc.gov/radiation-emergencies/php/population-monitoring/crc-etool.html,https://www.cdc.gov/radiation-emergencies/php/population-monitoring/crc-etool.html,url::ab958b48ff56,normalized_url_cluster,pre_rev0332
S994,"eCFR, Appendix E to 10 CFR Part 50 — Emergency Planning and Preparedness",https://www.ecfr.gov/current/title-10/chapter-I/part-50/subject-group-ECFR89aa6ca4aada73c/appendix-Appendix%20E%20to%20Part%2050,https://www.ecfr.gov/current/title-10/chapter-I/part-50/subject-group-ECFR89aa6ca4aada73c/appendix-Appendix%20E%20to%20Part%2050,url::4801f41609b1,normalized_url_cluster,pre_rev0332
S995,"FEMA, Radiological Emergency Preparedness current program page",https://www.fema.gov/emergency-managers/practitioners/hazardous-response-capabilities/radiological,https://www.fema.gov/emergency-managers/practitioners/hazardous-response-capabilities/radiological,url::953c2260e36b,normalized_url_cluster,pre_rev0332
S996,"NRC, Inspection Manual by Cornerstone — Reactor Oversight Process",https://www.nrc.gov/reactors/operating/oversight/rop-description/cornerstone,https://www.nrc.gov/reactors/operating/oversight/rop-description/cornerstone,url::d2f757c19198,normalized_url_cluster,pre_rev0332
S997,"NRC, Quarterly Performance Indicators public page",https://www.nrc.gov/reactors/operating/oversight/docket-pi,https://www.nrc.gov/reactors/operating/oversight/docket-pi,url::ec6c3e172435,normalized_url_cluster,pre_rev0332
S998,"NRC, ROP Framework description and color semantics",https://www.nrc.gov/reactors/operating/oversight/rop-description,https://www.nrc.gov/reactors/operating/oversight/rop-description,url::44bdb1648087,normalized_url_cluster,pre_rev0332
S999,"NRC, Emergency Preparedness performance indicators EP01 EP02 EP03 retired EP04 current threshold page",https://www.nrc.gov/reactors/operating/oversight/rop-description/cornerstone#EmergencyPreparedness,https://www.nrc.gov/reactors/operating/oversight/rop-description/cornerstone,url::d2f757c19198,normalized_url_cluster,pre_rev0332
S1000,"NRC, Reactor Oversight Process Action Matrix Summary",https://www.nrc.gov/reactors/operating/oversight/actionmatrix-summary,https://www.nrc.gov/reactors/operating/oversight/actionmatrix-summary,url::53920e84e75f,normalized_url_cluster,pre_rev0332
S1001,"NRC, Plant-by-Plant Quarterly Performance Summaries",https://www.nrc.gov/reactors/operating/oversight/plant-by-plant-summaries,https://www.nrc.gov/reactors/operating/oversight/plant-by-plant-summaries,url::8ea908e2358b,normalized_url_cluster,pre_rev0332
S1002,"NRC, Event Notification Reports index and raw-data feed",https://www.nrc.gov/reading-rm/doc-collections/event-status/event/index,https://www.nrc.gov/reading-rm/doc-collections/event-status/event/index,url::06566e1392f4,normalized_url_cluster,pre_rev0332
S1003,"NRC, Reactor Oversight Process Performance Indicators summary page",https://www.nrc.gov/reactors/operating/oversight/pi-summary,https://www.nrc.gov/reactors/operating/oversight/pi-summary,url::7ee60cc58b1e,normalized_url_cluster,pre_rev0332
S1004,"FEMA, Radiological Emergency Preparedness Program Standard Operating Guide, January 2026",https://www.fema.gov/sites/default/files/documents/fema_rep_standard-operating-guide_012026.pdf,https://www.fema.gov/sites/default/files/documents/fema_rep_standard-operating-guide_012026.pdf,url::51c177aa3977,normalized_url_cluster,pre_rev0332
S1005,"CDC, CRC Operations in Radiation Emergencies",https://www.cdc.gov/radiation-emergencies/php/training/rad-crc-operations.html,https://www.cdc.gov/radiation-emergencies/php/training/rad-crc-operations.html,url::3e5632e450ca,normalized_url_cluster,pre_rev0332
S1006,"CDC, Community Reception Centers — Radiation Emergencies",https://www.cdc.gov/radiation-emergencies/response/community-reception-centers.html,https://www.cdc.gov/radiation-emergencies/response/community-reception-centers.html,url::af1e81807725,normalized_url_cluster,pre_rev0332
S1007,"NRC, Emergency Exercise Schedule",https://www.nrc.gov/about-nrc/emerg-preparedness/about-emerg-preparedness/exercise-schedules,https://www.nrc.gov/about-nrc/emerg-preparedness/about-emerg-preparedness/exercise-schedules,url::7e591220a564,normalized_url_cluster,pre_rev0332
S1008,"FEMA, Radiological Emergency Preparedness Program Manual current page",https://www.fema.gov/emergency-managers/practitioners/hazardous-response-capabilities/radiological/rep-program-manual,https://www.fema.gov/emergency-managers/practitioners/hazardous-response-capabilities/radiological/rep-program-manual,url::fb602176028a,normalized_url_cluster,pre_rev0332
S1009,"NRC, Power Reactor Status Reports index and raw-data feed",https://www.nrc.gov/reading-rm/doc-collections/event-status/reactor-status/index,https://www.nrc.gov/reading-rm/doc-collections/event-status/reactor-status/index,url::30bef428ab25,normalized_url_cluster,pre_rev0332
S1010,"NRC, Event Notification Report for March 16, 2026, Event Number 58200, Beaver Valley",https://www.nrc.gov/reading-rm/doc-collections/event-status/event/2026/20260316en,https://www.nrc.gov/reading-rm/doc-collections/event-status/event/2026/20260316en,url::b68f717cbc72,normalized_url_cluster,pre_rev0332
S1011,"NRC, Beaver Valley Unit 1 Quarterly Performance Indicators, 2026Q1",https://www.nrc.gov/reactors/operating/oversight/docket-pi?docket=BV1&quarter=2026Q1,https://www.nrc.gov/reactors/operating/oversight/docket-pi?docket=BV1&quarter=2026Q1,url::7a6f41a0605b,normalized_url_cluster,pre_rev0332
S1012,"FEMA, Beaver Valley REP exercise notice for week of June 8, 2026",https://www.fema.gov/press-release/20260529/fema-evaluate-readiness-commonwealth-pennsylvania-and-state-west-virginia,https://www.fema.gov/press-release/20260529/fema-evaluate-readiness-commonwealth-pennsylvania-and-state-west-virginia,url::c33ce673680d,normalized_url_cluster,pre_rev0332
S1013,"NRC, Data index for high-value operating reactor datasets",https://www.nrc.gov/data/index,https://www.nrc.gov/data/index,url::e91266778887,normalized_url_cluster,pre_rev0332
S1014,"Data.gov, NRC Operating Reactor Analytics Performance Indicators metadata",https://catalog.data.gov/dataset/operating-reactor-analytics-performance-indicators,https://catalog.data.gov/dataset/operating-reactor-analytics-performance-indicators,url::dffe58f05d45,normalized_url_cluster,pre_rev0332
S1015,"Data.gov, NRC Operating Reactor Analytics Action Matrix metadata",https://catalog.data.gov/dataset/operating-reactor-analytics-action-matrix,https://catalog.data.gov/dataset/operating-reactor-analytics-action-matrix,url::c2af462dea8f,normalized_url_cluster,pre_rev0332
S1016,"NRC, Reactor Event Notification Report raw last-month text feed",https://www.nrc.gov/sites/default/files/doc_library/reading-rm/doc-collections/event-status/event/event-notification-rpt-lastmonth.txt,https://www.nrc.gov/sites/default/files/doc_library/reading-rm/doc-collections/event-status/event/event-notification-rpt-lastmonth.txt,url::a96909c9fa8a,normalized_url_cluster,pre_rev0332
S1017,"NRC/Data.gov, Operating Reactor Action Matrix raw TSV resource",https://www.nrc.gov/cdn/data/rango/action_matrix_all.tsv,https://www.nrc.gov/cdn/data/rango/action_matrix_all.tsv,url::641d414ccf47,normalized_url_cluster,pre_rev0332
S1018,"NRC, Operating Reactor Performance Indicator raw data file",https://www.nrc.gov/sites/default/files/doc_library/cdn/legacy/reactors/operating/oversight/pi-value-dataset.xls,https://www.nrc.gov/sites/default/files/doc_library/cdn/legacy/reactors/operating/oversight/pi-value-dataset.xls,url::ec5ee1097363,normalized_url_cluster,pre_rev0332
S1019,"NRC, Biennial Evaluated Emergency Exercise Schedule raw XLSX resource",https://www.nrc.gov/sites/default/files/doc_library/cdn/legacy/about-nrc/emerg-preparedness/about-emerg-preparedness/exercise-schedules/biennial-ep-exercise-schedule.xlsx,https://www.nrc.gov/sites/default/files/doc_library/cdn/legacy/about-nrc/emerg-preparedness/about-emerg-preparedness/exercise-schedules/biennial-ep-exercise-schedule.xlsx,url::119593244217,normalized_url_cluster,pre_rev0332
S1020,"Ready PA, Radiation Emergency public page",https://www.pa.gov/agencies/ready/hazards/radiation-emergency,https://www.pa.gov/agencies/ready/hazards/radiation-emergency,url::17f4587a9ec2,normalized_url_cluster,pre_rev0332
S1021,"Beaver County, PA, Beaver Valley 2025/2026 Emergency Preparedness Information mailer PDF",https://www.beavercountypa.gov/getmedia/a8527d90-6d9c-42a7-9540-0e4788bddcd8/EPI_BeaverValley_Beaver_mailer-2025-2026.pdf,https://www.beavercountypa.gov/getmedia/a8527d90-6d9c-42a7-9540-0e4788bddcd8/EPI_BeaverValley_Beaver_mailer-2025-2026.pdf,url::e0228118bcfd,normalized_url_cluster,pre_rev0332
S1022,"Columbiana County, Ohio, Beaver Valley Power Station Radiological Emergency Response Plan, Rev. 38, January 2026",https://ccoema.org/images/pdf/2026Forms/RERP%20Rev%2038%202026.pdf,https://ccoema.org/images/pdf/2026Forms/RERP%20Rev%2038%202026.pdf,url::1a06679cddc9,normalized_url_cluster,pre_rev0332
S1023,Pennsylvania Emergency Management Agency Strategic Plan 2025-2027,https://www.pa.gov/content/dam/copapwp-pagov/en/pema/documents/about-us/pema%20strategic%20plan.pdf,https://www.pa.gov/content/dam/copapwp-pagov/en/pema/documents/about-us/pema%20strategic%20plan.pdf,url::443c5b05c2b7,normalized_url_cluster,pre_rev0332
S1024,"NRC, Beaver Valley Unit 2 Quarterly Performance Indicators, 2026Q1",https://www.nrc.gov/reactors/operating/oversight/docket-pi?docket=BV2&quarter=2026Q1,https://www.nrc.gov/reactors/operating/oversight/docket-pi?docket=BV2&quarter=2026Q1,url::1c2ebeaae32f,normalized_url_cluster,pre_rev0332
S1025,"NRC/Data.gov, Operating Reactor Analytics Performance Indicators TSV resource",https://www.nrc.gov/cdn/data/rango/all_pi_values.tsv,https://www.nrc.gov/cdn/data/rango/all_pi_values.tsv,url::ddea5a6b12d6,normalized_url_cluster,pre_rev0332
S1026,"Data.gov, NRC Biennial Evaluated Emergency Exercise Schedule metadata and XLS distribution",https://catalog.data.gov/dataset/nrc-biennial-evaluated-emergency-exercise-schedule,https://catalog.data.gov/dataset/nrc-biennial-evaluated-emergency-exercise-schedule,url::a6f29f183649,normalized_url_cluster,pre_rev0332
S1027,"NRC, Emergency Exercise Schedule page",https://www.nrc.gov/about-nrc/emerg-preparedness/about-emerg-preparedness/exercise-schedules,https://www.nrc.gov/about-nrc/emerg-preparedness/about-emerg-preparedness/exercise-schedules,url::7e591220a564,normalized_url_cluster,pre_rev0332
S1028,"FEMA REPP Academy, Exercise Calendar page",https://preptoolkit.fema.gov/web/fema-repp-academy/exercise-calendar,https://preptoolkit.fema.gov/web/fema-repp-academy/exercise-calendar,url::56237436cda4,normalized_url_cluster,pre_rev0332
S1029,"Pennsylvania Emergency Management Agency, Beaver Valley Power Station Fact Sheet PDF",https://www.pa.gov/content/dam/copapwp-pagov/en/pema/documents/preparedness/power-plant-safety/beaver-valley-power-station-fact%20sheet.pdf,https://www.pa.gov/content/dam/copapwp-pagov/en/pema/documents/preparedness/power-plant-safety/beaver-valley-power-station-fact%20sheet.pdf,url::a6ef66ec5f73,normalized_url_cluster,pre_rev0332
S1030,"West Virginia Emergency Management, Annex 20 Support Plans Issue 9 Revision 3 PDF",https://emd.wv.gov/Preparedness/REP%20Program/Documents/Annex%2020-%20Support%20Plans%20Issue%209%20Revision%203.pdf,https://emd.wv.gov/Preparedness/REP%20Program/Documents/Annex%2020-%20Support%20Plans%20Issue%209%20Revision%203.pdf,url::34636f6d293b,normalized_url_cluster,pre_rev0332
S1031,"Pennsylvania Emergency Management Agency, USNRC Region I Evaluated Exercise 8-Year Schedule PDF",https://www.pa.gov/content/dam/copapwp-pagov/en/pema/documents/preparedness/power-plant-safety/nuclear-power-plant-exercise-dates.pdf,https://www.pa.gov/content/dam/copapwp-pagov/en/pema/documents/preparedness/power-plant-safety/nuclear-power-plant-exercise-dates.pdf,url::643c3c538649,normalized_url_cluster,pre_rev0332
S1032,"GAO-13-243, Emergency Preparedness: NRC Needs to Better Understand Likely Public Response to Radiological Incidents at Nuclear Power Plants",https://www.gao.gov/products/gao-13-243,https://www.gao.gov/products/gao-13-243,url::45a2bf69de03,normalized_url_cluster,pre_rev0332
S1033,"NRC, Emergency Planning and Preparedness for Nuclear Power Plants fact sheet",https://www.nrc.gov/reading-rm/doc-collections/fact-sheets/emerg-plan-prep-nuc-power,https://www.nrc.gov/reading-rm/doc-collections/fact-sheets/emerg-plan-prep-nuc-power,url::89a3bd8dbc35,normalized_url_cluster,pre_rev0332
S1034,"HHS emPOWER Program, Emergency Planning De-identified Dataset",https://empowerprogram.hhs.gov/de-identified-dataset.html,https://empowerprogram.hhs.gov/de-identified-dataset.html,url::5b7dfa260ae0,normalized_url_cluster,pre_rev0332
S1035,"CDC Environmental Public Health Tracking, Preparedness and Response data resources",https://www.cdc.gov/environmental-health-tracking/php/data-research/preparedness-response.html,https://www.cdc.gov/environmental-health-tracking/php/data-research/preparedness-response.html,url::c1abff190e0c,normalized_url_cluster,pre_rev0332
S1036,"Pennsylvania Emergency Management Agency, Beaver Valley Power Station Fact Sheet PDF, corrected numeric extraction source",https://www.pa.gov/content/dam/copapwp-pagov/en/pema/documents/preparedness/power-plant-safety/beaver-valley-power-station-fact%20sheet.pdf,https://www.pa.gov/content/dam/copapwp-pagov/en/pema/documents/preparedness/power-plant-safety/beaver-valley-power-station-fact%20sheet.pdf,url::a6ef66ec5f73,normalized_url_cluster,pre_rev0332
S1037,"FEMA / Preparedness Toolkit, HSEEP Improvement Planning resources",https://preptoolkit.fema.gov/web/hseep-resources/improvement-planning,https://preptoolkit.fema.gov/web/hseep-resources/improvement-planning,url::fabcf5013460,normalized_url_cluster,pre_rev0332
S1038,"FEMA REPP Academy, Program Requirements and REP Program Manual context",https://preptoolkit.fema.gov/web/fema-repp-academy/program-requirements,https://preptoolkit.fema.gov/web/fema-repp-academy/program-requirements,url::00a94fd8174a,normalized_url_cluster,pre_rev0332
S1039,"Beaver County, PA, Beaver Valley Power Station Emergency Information page",https://www.beavercountypa.gov/departments/emergency-services/beaver-valley-power-station-emergency-information,https://www.beavercountypa.gov/departments/emergency-services/beaver-valley-power-station-emergency-information,url::df70b7d63615,normalized_url_cluster,pre_rev0332
S1040,"Ohio Emergency Management Agency, 2025 State of Ohio Radiological Emergency Preparedness Plan for Nuclear Power Plants",https://dam.assets.ohio.gov/image/upload/ema.ohio.gov/Documents/Ohio_EOP/2025-Ohio-REP-Plan.pdf,https://dam.assets.ohio.gov/image/upload/ema.ohio.gov/Documents/Ohio_EOP/2025-Ohio-REP-Plan.pdf,url::e66919240f7b,normalized_url_cluster,pre_rev0332
S1041,"Hancock County Health Department, KI Distribution for Hancock County Residents",https://www.hancockcountyhealthdepartment.com/news/ki-distribution-for-hancock-county-residents/,https://www.hancockcountyhealthdepartment.com/news/ki-distribution-for-hancock-county-residents,url::1fa03f574375,normalized_url_cluster,pre_rev0332
S1042,"NRC ADAMS public document ML13007A078 / KLD TR-495 Rev. 2, Beaver Valley Power Station Development of Evacuation Time Estimates, December 2012",https://www.nrc.gov/docs/ML1300/ML13007A078.pdf,https://www.nrc.gov/docs/ML1300/ML13007A078.pdf,url::2a437698d26b,normalized_url_cluster,pre_rev0332
S1043,"eCFR, 10 CFR Part 50 Appendix E, emergency planning and evacuation-time-estimate update provisions",https://www.ecfr.gov/current/title-10/chapter-I/part-50/subject-group-ECFR89aa6ca4aada73c/appendix-Appendix%20E%20to%20Part%2050,https://www.ecfr.gov/current/title-10/chapter-I/part-50/subject-group-ECFR89aa6ca4aada73c/appendix-Appendix%20E%20to%20Part%2050,url::4801f41609b1,normalized_url_cluster,pre_rev0332
S1044,FEMA EMI IS-247.C Integrated Public Alert and Warning System for Alert Originators,https://training.fema.gov/is/courseoverview.aspx?code=is-247.b,https://training.fema.gov/is/courseoverview.aspx?code=is-247.b,url::af2b635b1058,normalized_url_cluster,pre_rev0332
S1045,"KLD Associates, Nuclear Power Plant Evacuation overview",https://kldassociates.com/nuclear-power-plant-evacuation/,https://kldassociates.com/nuclear-power-plant-evacuation,url::98cd926bc327,normalized_url_cluster,pre_rev0332
S1046,"NRC Regulatory Issue Summary 2001-016, Update of Evacuation Time Estimates",https://www.nrc.gov/reading-rm/doc-collections/gen-comm/reg-issues/2001/ri01016.html,https://www.nrc.gov/reading-rm/doc-collections/gen-comm/reg-issues/2001/ri01016.html,url::dd916d5744d0,normalized_url_cluster,pre_rev0332
S1047,"West Virginia Emergency Management, State Emergency Operations Plan public page",https://emd.wv.gov/state-emergency-operations-plan,https://emd.wv.gov/state-emergency-operations-plan,url::5e7a6ac546bb,normalized_url_cluster,pre_rev0332
S1048,"Ohio Department of Agriculture, Emergency Preparedness / radiological emergency agriculture resources page",https://agri.ohio.gov/divisions/food-safety/resources/emergency-preparedness,https://agri.ohio.gov/divisions/food-safety/resources/emergency-preparedness,url::79b680267eee,normalized_url_cluster,pre_rev0332
S1049,"FEMA PrepToolkit, 2024 Beaver Valley Power Station Biennial Exercise AAR Final — Pennsylvania",https://preptoolkit.fema.gov/documents/d/tech-hazards/2024-beaver-valley-power-station-biennial-exercise-aar-final-pa?download=true,https://preptoolkit.fema.gov/documents/d/tech-hazards/2024-beaver-valley-power-station-biennial-exercise-aar-final-pa?download=true,url::c6c2be2b791e,normalized_url_cluster,pre_rev0332
S1050,"FEMA PrepToolkit, 2024 Beaver Valley Power Station Biennial Exercise AAR Final — West Virginia",https://preptoolkit.fema.gov/documents/d/tech-hazards/2024-beaver-valley-power-station-biennial-exercise-aar-final-wv?download=true,https://preptoolkit.fema.gov/documents/d/tech-hazards/2024-beaver-valley-power-station-biennial-exercise-aar-final-wv?download=true,url::7e2a79b56cb1,normalized_url_cluster,pre_rev0332
S1051,"FEMA PrepToolkit, 2024 BVPS Letter and AAR — Ohio / Columbiana County",https://preptoolkit.fema.gov/documents/d/tech-hazards/2024-bvps-letter-and-aar-1?download=true,https://preptoolkit.fema.gov/documents/d/tech-hazards/2024-bvps-letter-and-aar-1?download=true,url::438d4c5ac093,normalized_url_cluster,pre_rev0332
S1052,"FEMA PrepToolkit, Region 3 Beaver Valley AAR folder listing",https://preptoolkit.fema.gov/web/tech-hazards/documents-and-media/-/document_library/RXo7O6Z3XD3C/view/38327070,https://preptoolkit.fema.gov/web/tech-hazards/documents-and-media/-/document_library/RXo7O6Z3XD3C/view/38327070,url::c78f4a544dd5,normalized_url_cluster,pre_rev0332
S1053,"West Virginia Public Broadcasting, 2024 Beaver Valley federal exercise public-report timing context",https://wvpublic.org/story/energy-environment/federal-test-of-states-nuclear-emergency-response-set-for-next-week/,https://wvpublic.org/story/energy-environment/federal-test-of-states-nuclear-emergency-response-set-for-next-week,url::b14a414d4753,normalized_url_cluster,pre_rev0332
S1054,"WDTV, 2024 Beaver Valley FEMA preparedness exercise public-report timing context",https://www.wdtv.com/2024/06/06/fema-scheduled-test-nuclear-incident-preparedness-beaver-valley-power-station/,https://www.wdtv.com/2024/06/06/fema-scheduled-test-nuclear-incident-preparedness-beaver-valley-power-station,url::fbe94c3a5b23,normalized_url_cluster,pre_rev0332
S1055,FEMA Radiological Emergency Preparedness Program public page,https://www.fema.gov/emergency-managers/practitioners/hazardous-response-capabilities/radiological,https://www.fema.gov/emergency-managers/practitioners/hazardous-response-capabilities/radiological,url::953c2260e36b,normalized_url_cluster,pre_rev0332
S1056,FEMA 2026 Beaver Valley exercise notice — Pennsylvania and West Virginia readiness evaluation,https://www.fema.gov/press-release/20260529/fema-evaluate-readiness-commonwealth-pennsylvania-and-state-west-virginia,https://www.fema.gov/press-release/20260529/fema-evaluate-readiness-commonwealth-pennsylvania-and-state-west-virginia,url::c33ce673680d,normalized_url_cluster,pre_rev0332
S1057,"FCC, Emergency Alert System public warning system page",https://www.fcc.gov/emergency-alert-system,https://www.fcc.gov/emergency-alert-system,url::afd44a8152a5,normalized_url_cluster,pre_rev0332
S1058,"FCC, Wireless Emergency Alerts public safety page",https://www.fcc.gov/public-safety-and-homeland-security/policy-and-licensing-division/alerting/general/wireless,https://www.fcc.gov/public-safety-and-homeland-security/policy-and-licensing-division/alerting/general/wireless,url::3a6e20dccd82,normalized_url_cluster,pre_rev0332
S1059,"NRC, Power Reactor Status Report for June 04 2026",https://www.nrc.gov/reading-rm/doc-collections/event-status/reactor-status/ps,https://www.nrc.gov/reading-rm/doc-collections/event-status/reactor-status/ps,url::af1e7786f54d,normalized_url_cluster,pre_rev0332
S1060,FEMA IPAWS Best Practices Guide,https://www.fema.gov/sites/default/files/documents/fema_ipaws-best-practices-guide.pdf,https://www.fema.gov/sites/default/files/documents/fema_ipaws-best-practices-guide.pdf,url::119ffdb7e352,normalized_url_cluster,pre_rev0332
S1061,"FEMA Region 3, Beaver Valley Power Station biennial exercise notice for week of June 8, 2026",https://www.fema.gov/press-release/20260529/fema-evaluate-readiness-commonwealth-pennsylvania-and-state-west-virginia,https://www.fema.gov/press-release/20260529/fema-evaluate-readiness-commonwealth-pennsylvania-and-state-west-virginia,url::c33ce673680d,normalized_url_cluster,pre_rev0332
S1062,NRC Emergency Exercise Schedule,https://www.nrc.gov/about-nrc/emerg-preparedness/about-emerg-preparedness/exercise-schedules,https://www.nrc.gov/about-nrc/emerg-preparedness/about-emerg-preparedness/exercise-schedules,url::7e591220a564,normalized_url_cluster,pre_rev0332
S1063,FEMA PrepToolkit HSEEP Improvement Planning resources,https://preptoolkit.fema.gov/web/hseep-resources/improvement-planning,https://preptoolkit.fema.gov/web/hseep-resources/improvement-planning,url::fabcf5013460,normalized_url_cluster,pre_rev0332
S1064,FEMA Integrated Public Alert & Warning System (IPAWS),https://www.fema.gov/emergency-managers/practitioners/integrated-public-alert-warning-system,https://www.fema.gov/emergency-managers/practitioners/integrated-public-alert-warning-system,url::004dd139672d,normalized_url_cluster,pre_rev0332
S1065,FCC Emergency Alert System,https://www.fcc.gov/emergency-alert-system,https://www.fcc.gov/emergency-alert-system,url::afd44a8152a5,normalized_url_cluster,pre_rev0332
S1066,FCC Wireless Emergency Alerts,https://www.fcc.gov/public-safety-and-homeland-security/policy-and-licensing-division/alerting/general/wireless,https://www.fcc.gov/public-safety-and-homeland-security/policy-and-licensing-division/alerting/general/wireless,url::3a6e20dccd82,normalized_url_cluster,pre_rev0332
S1067,"NRC Event Notification 58200, Beaver Valley EOF power loss",https://www.nrc.gov/reading-rm/doc-collections/event-status/event/2026/20260316en,https://www.nrc.gov/reading-rm/doc-collections/event-status/event/2026/20260316en,url::b68f717cbc72,normalized_url_cluster,pre_rev0332
S1068,Ready.gov Emergency Alerts,https://www.ready.gov/alerts,https://www.ready.gov/alerts,url::4c0be7c0f7e4,normalized_url_cluster,pre_rev0332
S1069,FEMA PrepToolkit HSEEP Policy and Guidance,https://preptoolkit.fema.gov/web/hseep-resources/policy-and-guidance,https://preptoolkit.fema.gov/web/hseep-resources/policy-and-guidance,url::fbf41c89132e,normalized_url_cluster,pre_rev0332
S1070,FEMA PrepToolkit Exercise Evaluation Guides,https://preptoolkit.fema.gov/web/hseep-resources/eegs,https://preptoolkit.fema.gov/web/hseep-resources/eegs,url::6ba56b68fb5c,normalized_url_cluster,pre_rev0332
S1071,FEMA EMI IS-130.A How to be an Exercise Evaluator,https://training.fema.gov/is/courseoverview.aspx?code=is-130.a,https://training.fema.gov/is/courseoverview.aspx?code=is-130.a,url::4cca5e65a8f5,normalized_url_cluster,pre_rev0332
S1072,FEMA EMI IS-247.C Integrated Public Alert and Warning System for Alert Originators,https://training.fema.gov/is/courseoverview.aspx?code=is-247.c,https://training.fema.gov/is/courseoverview.aspx?code=is-247.c,url::3ebbb366f94c,normalized_url_cluster,pre_rev0332
S1073,FEMA OpenFEMA IPAWS Archived Alerts dataset,https://www.fema.gov/openfema-data-page/ipaws-archived-alerts-v1,https://www.fema.gov/openfema-data-page/ipaws-archived-alerts-v1,url::eec82e6fe72a,normalized_url_cluster,pre_rev0332
S1074,FEMA/IPAWS Archive ArcGIS FeatureServer latest six-month archive,https://gis.fema.gov/arcgis/rest/services/FEMA/IPAWS_Archive/FeatureServer,https://gis.fema.gov/arcgis/rest/services/FEMA/IPAWS_Archive/FeatureServer,url::ebebf0a8f5c9,normalized_url_cluster,pre_rev0332
S1075,FEMA IPAWS Alerting Authorities and Message Viewer context,https://www.fema.gov/emergency-managers/practitioners/integrated-public-alert-warning-system/public-safety-officials/alerting-authorities,https://www.fema.gov/emergency-managers/practitioners/integrated-public-alert-warning-system/public-safety-officials/alerting-authorities,url::c2e098b8f121,normalized_url_cluster,pre_rev0332
S1076,FEMA Common Alerting Protocol page,https://www.fema.gov/emergency-managers/practitioners/integrated-public-alert-warning-system/technology-developers/common-alerting-protocol,https://www.fema.gov/emergency-managers/practitioners/integrated-public-alert-warning-system/technology-developers/common-alerting-protocol,url::9499e7e989d1,normalized_url_cluster,pre_rev0332
S1077,OASIS Common Alerting Protocol Version 1.2 standard,https://docs.oasis-open.org/emergency/cap/v1.2/CAP-v1.2-os.html,https://docs.oasis-open.org/emergency/cap/v1.2/CAP-v1.2-os.html,url::588bc4485733,normalized_url_cluster,pre_rev0332
S1078,FEMA IPAWS Best Practices Guide,https://www.fema.gov/sites/default/files/documents/fema_ipaws-best-practices-guide.pdf,https://www.fema.gov/sites/default/files/documents/fema_ipaws-best-practices-guide.pdf,url::119ffdb7e352,normalized_url_cluster,pre_rev0332
S1079,FEMA OpenFEMA IPAWS Archived Alerts query examples,https://github.com/FEMA/openfema-samples/blob/master/dataset-samples/ipaws_archived_alerts.md,https://github.com/FEMA/openfema-samples/blob/master/dataset-samples/ipaws_archived_alerts.md,url::39ce3b607874,normalized_url_cluster,pre_rev0332
S1080,FEMA IPAWS Tips for public safety officials,https://www.fema.gov/emergency-managers/practitioners/integrated-public-alert-warning-system/public-safety-officials/tips,https://www.fema.gov/emergency-managers/practitioners/integrated-public-alert-warning-system/public-safety-officials/tips,url::3dad2c89bf4a,normalized_url_cluster,pre_rev0332
S1081,FEMA OpenFEMA API documentation,https://www.fema.gov/about/openfema/api,https://www.fema.gov/about/openfema/api,url::2c140aad986d,normalized_url_cluster,pre_rev0332
S1082,FEMA OpenFEMA data sets page,https://www.fema.gov/about/openfema/data-sets,https://www.fema.gov/about/openfema/data-sets,url::5c2cc23935f1,normalized_url_cluster,pre_rev0332
S1083,FEMA OpenFEMA changelog — IPAWS object-name change note,https://www.fema.gov/about/openfema/changelog,https://www.fema.gov/about/openfema/changelog,url::0f5b928e1215,normalized_url_cluster,pre_rev0332
S1084,FEMA IPAWS Archive ArcGIS FeatureServer,https://gis.fema.gov/arcgis/rest/services/FEMA/IPAWS_Archive/FeatureServer,https://gis.fema.gov/arcgis/rest/services/FEMA/IPAWS_Archive/FeatureServer,url::ebebf0a8f5c9,normalized_url_cluster,pre_rev0332
S1085,Data.gov IPAWS Archived Alerts web resource,https://catalog.data.gov/dataset/ipaws-archived-alerts/resource/a1c4a4e4-a4a3-49a9-acd7-1f14de85acfa,https://catalog.data.gov/dataset/ipaws-archived-alerts/resource/a1c4a4e4-a4a3-49a9-acd7-1f14de85acfa,url::af033fbbb401,normalized_url_cluster,pre_rev0332
S1086,NRC Data page — high-value data surfaces,https://www.nrc.gov/data/index,https://www.nrc.gov/data/index,url::e91266778887,normalized_url_cluster,pre_rev0332
S1087,NIST FIPS 180-4 Secure Hash Standard,https://csrc.nist.gov/pubs/fips/180-4/upd1/final,https://csrc.nist.gov/pubs/fips/180-4/upd1/final,url::c79fb6b68123,normalized_url_cluster,pre_rev0332
S1088,NIST CSRC Hash Functions project,https://csrc.nist.gov/projects/hash-functions,https://csrc.nist.gov/projects/hash-functions,url::81c92ed93678,normalized_url_cluster,pre_rev0332
S1089,FEMA Homeland Security Exercise and Evaluation Program,https://www.fema.gov/emergency-managers/national-preparedness/exercises/hseep,https://www.fema.gov/emergency-managers/national-preparedness/exercises/hseep,url::1f928ca38515,normalized_url_cluster,pre_rev0332
S1090,FEMA PrepToolkit HSEEP Improvement Planning,https://preptoolkit.fema.gov/web/hseep-resources/improvement-planning,https://preptoolkit.fema.gov/web/hseep-resources/improvement-planning,url::fabcf5013460,normalized_url_cluster,pre_rev0332
S1091,FEMA Sign Up to Use IPAWS to Send Public Alerts and Warnings,https://www.fema.gov/emergency-managers/practitioners/integrated-public-alert-warning-system/public-safety-officials/sign-up,https://www.fema.gov/emergency-managers/practitioners/integrated-public-alert-warning-system/public-safety-officials/sign-up,url::4b990bc8b373,normalized_url_cluster,pre_rev0332
S1092,FEMA IPAWS Alerting Authorities,https://www.fema.gov/emergency-managers/practitioners/integrated-public-alert-warning-system/public-safety-officials/alerting-authorities,https://www.fema.gov/emergency-managers/practitioners/integrated-public-alert-warning-system/public-safety-officials/alerting-authorities,url::c2e098b8f121,normalized_url_cluster,pre_rev0332
S1093,FEMA OpenFEMA IPAWS Archived Alerts query examples,https://github.com/FEMA/openfema-samples/blob/master/dataset-samples/ipaws_archived_alerts.md,https://github.com/FEMA/openfema-samples/blob/master/dataset-samples/ipaws_archived_alerts.md,url::39ce3b607874,normalized_url_cluster,pre_rev0332
S1094,FEMA OpenFEMA IPAWS Archived Alerts dataset,https://www.fema.gov/openfema-data-page/ipaws-archived-alerts-v1,https://www.fema.gov/openfema-data-page/ipaws-archived-alerts-v1,url::eec82e6fe72a,normalized_url_cluster,pre_rev0332
S1095,FEMA Geographic Accuracy of Wireless Emergency Alerts,https://www.fema.gov/emergency-managers/practitioners/integrated-public-alert-warning-system/public/wireless-emergency-alerts/geographic-accuracy-wea,https://www.fema.gov/emergency-managers/practitioners/integrated-public-alert-warning-system/public/wireless-emergency-alerts/geographic-accuracy-wea,url::dd393296b131,normalized_url_cluster,pre_rev0332
S1096,FCC Wireless Emergency Alert Enhancements FAQs for Authorized Alert Originators,https://www.fcc.gov/wireless-emergency-alert-enhancements-faqs-authorized-alert-originators,https://www.fcc.gov/wireless-emergency-alert-enhancements-faqs-authorized-alert-originators,url::eab46a1c19c3,normalized_url_cluster,pre_rev0332
S1097,OASIS Common Alerting Protocol Version 1.2 standard,https://docs.oasis-open.org/emergency/cap/v1.2/CAP-v1.2-os.html,https://docs.oasis-open.org/emergency/cap/v1.2/CAP-v1.2-os.html,url::588bc4485733,normalized_url_cluster,pre_rev0332
S1098,FEMA IPAWS Best Practices Guide,https://www.fema.gov/sites/default/files/documents/fema_ipaws-best-practices-guide.pdf,https://www.fema.gov/sites/default/files/documents/fema_ipaws-best-practices-guide.pdf,url::119ffdb7e352,normalized_url_cluster,pre_rev0332
S1099,"NRC Event Notification 58200, Beaver Valley EOF power loss",https://www.nrc.gov/reading-rm/doc-collections/event-status/event/2026/20260316en,https://www.nrc.gov/reading-rm/doc-collections/event-status/event/2026/20260316en,url::b68f717cbc72,normalized_url_cluster,pre_rev0332
S1100,FEMA Beaver Valley June 2026 exercise notice,https://www.fema.gov/press-release/20260529/fema-evaluate-readiness-commonwealth-pennsylvania-and-state-west-virginia,https://www.fema.gov/press-release/20260529/fema-evaluate-readiness-commonwealth-pennsylvania-and-state-west-virginia,url::c33ce673680d,normalized_url_cluster,pre_rev0332
S1101,NRC Emergency Exercise Schedules,https://www.nrc.gov/about-nrc/emerg-preparedness/about-emerg-preparedness/exercise-schedules,https://www.nrc.gov/about-nrc/emerg-preparedness/about-emerg-preparedness/exercise-schedules,url::7e591220a564,normalized_url_cluster,pre_rev0332
S1102,FEMA PrepToolkit HSEEP Improvement Planning,https://preptoolkit.fema.gov/web/hseep-resources/improvement-planning,https://preptoolkit.fema.gov/web/hseep-resources/improvement-planning,url::fabcf5013460,normalized_url_cluster,pre_rev0332
S1103,FCC Wireless Emergency Alerts consumer guide,https://www.fcc.gov/consumers/guides/wireless-emergency-alerts,https://www.fcc.gov/consumers/guides/wireless-emergency-alerts,url::a7eb67281911,normalized_url_cluster,pre_rev0332
S1104,FCC Wireless Emergency Alert Enhancements FAQs for Authorized Alert Originators,https://www.fcc.gov/wireless-emergency-alert-enhancements-faqs-authorized-alert-originators,https://www.fcc.gov/wireless-emergency-alert-enhancements-faqs-authorized-alert-originators,url::eab46a1c19c3,normalized_url_cluster,pre_rev0332
S1105,FCC Multilingual Wireless Emergency Alerts,https://www.fcc.gov/multilingual-wireless-emergency-alerts,https://www.fcc.gov/multilingual-wireless-emergency-alerts,url::dcacdc176dcf,normalized_url_cluster,pre_rev0332
S1106,Federal Register Wireless Emergency Alerts and Emergency Alert System multilingual rules,https://www.federalregister.gov/documents/2026/01/20/2026-00960/wireless-emergency-alerts-and-the-emergency-alert-system,https://www.federalregister.gov/documents/2026/01/20/2026-00960/wireless-emergency-alerts-and-the-emergency-alert-system,url::a64d897d383e,normalized_url_cluster,pre_rev0332
S1107,FEMA IPAWS Tips for Alerting Authorities,https://www.fema.gov/emergency-managers/practitioners/integrated-public-alert-warning-system/public-safety-officials/tips,https://www.fema.gov/emergency-managers/practitioners/integrated-public-alert-warning-system/public-safety-officials/tips,url::3dad2c89bf4a,normalized_url_cluster,pre_rev0332
S1108,RAND Assessing Public Reach of the 2023 National Test of the WEA System,https://www.rand.org/pubs/research_reports/RRA2451-1.html,https://www.rand.org/pubs/research_reports/RRA2451-1.html,url::e911330fb276,normalized_url_cluster,pre_rev0332
S1109,FEMA Integrated Public Alert & Warning System overview,https://www.fema.gov/emergency-managers/practitioners/integrated-public-alert-warning-system,https://www.fema.gov/emergency-managers/practitioners/integrated-public-alert-warning-system,url::004dd139672d,normalized_url_cluster,pre_rev0332
S1110,FEMA Beaver Valley June 2026 exercise notice,https://www.fema.gov/press-release/20260529/fema-evaluate-readiness-commonwealth-pennsylvania-and-state-west-virginia,https://www.fema.gov/press-release/20260529/fema-evaluate-readiness-commonwealth-pennsylvania-and-state-west-virginia,url::c33ce673680d,normalized_url_cluster,pre_rev0332
S1111,FEMA IS-247.C IPAWS course summary,https://emilms.fema.gov/is_0247c/assets/AD8E034D-A82F-7860-9EC6-6E152782FD92.pdf,https://emilms.fema.gov/is_0247c/assets/AD8E034D-A82F-7860-9EC6-6E152782FD92.pdf,url::63176458bcb7,normalized_url_cluster,pre_rev0332
S1112,FEMA IPAWS alerting authorities page,https://www.fema.gov/emergency-managers/practitioners/integrated-public-alert-warning-system/public-safety-officials/alerting-authorities,https://www.fema.gov/emergency-managers/practitioners/integrated-public-alert-warning-system/public-safety-officials/alerting-authorities,url::c2e098b8f121,normalized_url_cluster,pre_rev0332
S1113,FEMA IPAWS sign-up to send public alerts,https://www.fema.gov/emergency-managers/practitioners/integrated-public-alert-warning-system/public-safety-officials/sign-up,https://www.fema.gov/emergency-managers/practitioners/integrated-public-alert-warning-system/public-safety-officials/sign-up,url::4b990bc8b373,normalized_url_cluster,pre_rev0332
S1114,FEMA Beaver Valley June 2026 exercise notice,https://www.fema.gov/press-release/20260529/fema-evaluate-readiness-commonwealth-pennsylvania-and-state-west-virginia,https://www.fema.gov/press-release/20260529/fema-evaluate-readiness-commonwealth-pennsylvania-and-state-west-virginia,url::c33ce673680d,normalized_url_cluster,pre_rev0332
S1115,CDC Community Reception Centers,https://www.cdc.gov/radiation-emergencies/response/community-reception-centers.html,https://www.cdc.gov/radiation-emergencies/response/community-reception-centers.html,url::af1e81807725,normalized_url_cluster,pre_rev0332
S1116,CDC CRC Electronic Data Collection Tool,https://www.cdc.gov/radiation-emergencies/php/population-monitoring/crc-etool.html,https://www.cdc.gov/radiation-emergencies/php/population-monitoring/crc-etool.html,url::ab958b48ff56,normalized_url_cluster,pre_rev0332
S1117,10 CFR Part 50 Appendix E Emergency Planning and Preparedness,https://www.ecfr.gov/current/title-10/chapter-I/part-50/subject-group-ECFR89aa6ca4aada73c/appendix-Appendix%20E%20to%20Part%2050,https://www.ecfr.gov/current/title-10/chapter-I/part-50/subject-group-ECFR89aa6ca4aada73c/appendix-Appendix%20E%20to%20Part%2050,url::4801f41609b1,normalized_url_cluster,pre_rev0332
S1118,FEMA HSEEP Exercise Evaluation Guides,https://preptoolkit.fema.gov/web/hseep-resources/eegs,https://preptoolkit.fema.gov/web/hseep-resources/eegs,url::6ba56b68fb5c,normalized_url_cluster,pre_rev0332
S1119,FEMA PrepToolkit HSEEP Improvement Planning,https://preptoolkit.fema.gov/web/hseep-resources/improvement-planning,https://preptoolkit.fema.gov/web/hseep-resources/improvement-planning,url::fabcf5013460,normalized_url_cluster,pre_rev0332
S1120,NRC Emergency Exercise Schedule,https://www.nrc.gov/about-nrc/emerg-preparedness/about-emerg-preparedness/exercise-schedules,https://www.nrc.gov/about-nrc/emerg-preparedness/about-emerg-preparedness/exercise-schedules,url::7e591220a564,normalized_url_cluster,pre_rev0332
S1121,FEMA Beaver Valley June 2026 exercise notice,https://www.fema.gov/press-release/20260529/fema-evaluate-readiness-commonwealth-pennsylvania-and-state-west-virginia,https://www.fema.gov/press-release/20260529/fema-evaluate-readiness-commonwealth-pennsylvania-and-state-west-virginia,url::c33ce673680d,normalized_url_cluster,pre_rev0332
S1122,FEMA Integrated Public Alert & Warning System overview,https://www.fema.gov/emergency-managers/practitioners/integrated-public-alert-warning-system,https://www.fema.gov/emergency-managers/practitioners/integrated-public-alert-warning-system,url::004dd139672d,normalized_url_cluster,pre_rev0332
S1123,FCC Wireless Emergency Alerts consumer guide,https://www.fcc.gov/consumers/guides/wireless-emergency-alerts,https://www.fcc.gov/consumers/guides/wireless-emergency-alerts,url::a7eb67281911,normalized_url_cluster,pre_rev0332
S1124,FEMA Beaver Valley June 2026 exercise notice,https://www.fema.gov/press-release/20260529/fema-evaluate-readiness-commonwealth-pennsylvania-and-state-west-virginia,https://www.fema.gov/press-release/20260529/fema-evaluate-readiness-commonwealth-pennsylvania-and-state-west-virginia,url::c33ce673680d,normalized_url_cluster,pre_rev0332
S1125,CDC Community Reception Centers,https://www.cdc.gov/radiation-emergencies/response/community-reception-centers.html,https://www.cdc.gov/radiation-emergencies/response/community-reception-centers.html,url::af1e81807725,normalized_url_cluster,pre_rev0332
S1126,CDC Population Monitoring in Radiation Emergencies,https://www.cdc.gov/radiation-emergencies/php/population-monitoring/index.html,https://www.cdc.gov/radiation-emergencies/php/population-monitoring/index.html,url::d45b4b42ef5c,normalized_url_cluster,pre_rev0332
S1127,CDC CRC SimPLER,https://www.cdc.gov/radiation-emergencies/php/population-monitoring/crc-simpler.html,https://www.cdc.gov/radiation-emergencies/php/population-monitoring/crc-simpler.html,url::8eaea91cc1ed,normalized_url_cluster,pre_rev0332
S1128,REMM Collection of Patient Data in Radiation Emergencies,https://remm.hhs.gov/datacollection.htm,https://remm.hhs.gov/datacollection.htm,url::3346af163915,normalized_url_cluster,pre_rev0332
S1129,EPA Protective Action Guides,https://www.epa.gov/radiation/protective-action-guides-pags,https://www.epa.gov/radiation/protective-action-guides-pags,url::228e2dd51b68,normalized_url_cluster,pre_rev0332
S1130,FEMA HSEEP,https://www.fema.gov/emergency-managers/national-preparedness/exercises/hseep,https://www.fema.gov/emergency-managers/national-preparedness/exercises/hseep,url::1f928ca38515,normalized_url_cluster,pre_rev0332
S1131,FEMA HSEEP Improvement Planning,https://preptoolkit.fema.gov/web/hseep-resources/improvement-planning,https://preptoolkit.fema.gov/web/hseep-resources/improvement-planning,url::fabcf5013460,normalized_url_cluster,pre_rev0332
S1132,FEMA HSEEP Exercise Evaluation Guides,https://preptoolkit.fema.gov/web/hseep-resources/eegs,https://preptoolkit.fema.gov/web/hseep-resources/eegs,url::6ba56b68fb5c,normalized_url_cluster,pre_rev0332
S1133,REMM Procedures for Radiation Decontamination,https://remm.hhs.gov/ext_contamination.htm,https://remm.hhs.gov/ext_contamination.htm,url::50469b22c39b,normalized_url_cluster,pre_rev0332
S1134,CDC Emergency Department Evaluation and Management of Radiation Emergencies,https://www.cdc.gov/radiation-emergencies/hcp/nuclear-detonations/evaluation-and-management.html,https://www.cdc.gov/radiation-emergencies/hcp/nuclear-detonations/evaluation-and-management.html,url::83b82ec750fa,normalized_url_cluster,pre_rev0332
S1135,ASPR TRACIE Healthcare Coalition Radiation Emergency Surge Annex Template,https://files.asprtracie.hhs.gov/documents/aspr-tracie-hcc-radiation-emergency-surge-annex-template.pdf,https://files.asprtracie.hhs.gov/documents/aspr-tracie-hcc-radiation-emergency-surge-annex-template.pdf,url::5799096c501e,normalized_url_cluster,pre_rev0332
S1136,OSHA Radiation Emergency Preparedness and Response,https://www.osha.gov/emergency-preparedness/radiation/response,https://www.osha.gov/emergency-preparedness/radiation/response,url::7e3a64a45c97,normalized_url_cluster,pre_rev0332
S1137,REMM Protective Actions and Protective Action Guides,https://remm.hhs.gov/pag.htm,https://remm.hhs.gov/pag.htm,url::d078cb1722ee,normalized_url_cluster,pre_rev0332
S1138,OSHA Best Practices for Hospital-Based First Receivers,https://www.osha.gov/sites/default/files/publications/OSHA3249.pdf,https://www.osha.gov/sites/default/files/publications/OSHA3249.pdf,url::01fa62f19ce7,normalized_url_cluster,pre_rev0332
S1139,Radiation Emergency Assistance Center/Training Site (REAC/TS),https://orise.orau.gov/reacts/index.html,https://orise.orau.gov/reacts/index.html,url::3dd6b2cc3e2a,normalized_url_cluster,pre_rev0332
S1140,ASPR TRACIE Radiological and Nuclear Topic Collection,https://asprtracie.hhs.gov/technical-resources/32/radiological-and-nuclear/27,https://asprtracie.hhs.gov/technical-resources/32/radiological-and-nuclear/27,url::05fe7a21e730,normalized_url_cluster,pre_rev0332
S1141,10 CFR Part 50 Appendix E Emergency Planning and Preparedness,https://www.ecfr.gov/current/title-10/chapter-I/part-50/subject-group-ECFR89aa6ca4aada73c/appendix-Appendix%20E%20to%20Part%2050,https://www.ecfr.gov/current/title-10/chapter-I/part-50/subject-group-ECFR89aa6ca4aada73c/appendix-Appendix%20E%20to%20Part%2050,url::4801f41609b1,normalized_url_cluster,rev0332
S1142,10 CFR 50.47 Emergency plans,https://www.ecfr.gov/current/title-10/chapter-I/part-50/subject-group-ECFRdf2af20f8a72d91/section-50.47,https://www.ecfr.gov/current/title-10/chapter-I/part-50/subject-group-ECFRdf2af20f8a72d91/section-50.47,url::8a82415990ee,normalized_url_cluster,rev0332
S1143,NRC Emergency Classification,https://www.nrc.gov/about-nrc/emerg-preparedness/about-emerg-preparedness/emerg-classification,https://www.nrc.gov/about-nrc/emerg-preparedness/about-emerg-preparedness/emerg-classification,url::07e512260507,normalized_url_cluster,rev0332
S1144,NRC NUREG-0654/FEMA-REP-1 Rev. 2 index,https://www.nrc.gov/reading-rm/doc-collections/nuregs/staff/sr0654/index,https://www.nrc.gov/reading-rm/doc-collections/nuregs/staff/sr0654/index,url::80b799b37a21,normalized_url_cluster,rev0332
S1145,FEMA/NRC NUREG-0654/FEMA-REP-1 Rev. 2 PDF,https://www.fema.gov/sites/default/files/2020-06/NUREG-0654_FEMA-REP-1_Rev_2_Dec_2019_Secure.pdf,https://www.fema.gov/sites/default/files/2020-06/NUREG-0654_FEMA-REP-1_Rev_2_Dec_2019_Secure.pdf,url::0e641b1d08f5,normalized_url_cluster,rev0332
S1146,EPA Protective Action Guides,https://www.epa.gov/radiation/protective-action-guides-pags,https://www.epa.gov/radiation/protective-action-guides-pags,url::228e2dd51b68,normalized_url_cluster,rev0332
S1147,REMM Protective Actions and Protective Action Guides,https://remm.hhs.gov/pag.htm,https://remm.hhs.gov/pag.htm,url::d078cb1722ee,normalized_url_cluster,rev0332
S1148,FEMA REPP Academy Course Descriptions,https://preptoolkit.fema.gov/web/fema-repp-academy/course-descriptions,https://preptoolkit.fema.gov/web/fema-repp-academy/course-descriptions,url::e1ef4faaa23c,normalized_url_cluster,rev0332
S1149,FEMA Beaver Valley June 2026 exercise notice,https://www.fema.gov/press-release/20260529/fema-evaluate-readiness-commonwealth-pennsylvania-and-state-west-virginia,https://www.fema.gov/press-release/20260529/fema-evaluate-readiness-commonwealth-pennsylvania-and-state-west-virginia,url::c33ce673680d,normalized_url_cluster,rev0332
S1150,NRC Emergency Exercise Schedule,https://www.nrc.gov/about-nrc/emerg-preparedness/about-emerg-preparedness/exercise-schedules,https://www.nrc.gov/about-nrc/emerg-preparedness/about-emerg-preparedness/exercise-schedules,url::7e591220a564,normalized_url_cluster,rev0332
S1151,NRC RASCAL Radiological Assessment System for Consequence Analysis,https://ramp.nrc-gateway.gov/codes/rascal,https://ramp.nrc-gateway.gov/codes/rascal,url::e01a7653d472,normalized_url_cluster,rev0332
