source_id,canonical_url_key,cluster_size,independence_count_rule
S1,https://www.ipcc.ch/report/ar6/syr,1,single_source
S2,https://www.unep.org/resources/emissions-gap-report-2024,1,single_source
S3,https://wmo.int/publication-series/state-of-global-climate/state-of-global-climate-2024,1,single_source
S4,https://www.iea.org/reports/world-energy-outlook-2024/overview-and-key-findings,1,single_source
S5,https://www.iea.org/reports/renewables-2024/electricity,1,single_source
S6,https://www.iea.org/reports/world-energy-investment-2025/executive-summary,5,duplicate_url_cluster_counts_once
S7,https://www.iea.org/reports/global-energy-review-2025,2,duplicate_url_cluster_counts_once
S8,https://www.ccacoalition.org/content/global-methane-assessment,1,single_source
S9,https://unfccc.int/news/cop28-agreement-signals-beginning-of-the-end-of-the-fossil-fuel-era,1,single_source
S10,missing-url::S10,1,single_source
S11,https://www.iea.org/reports/global-methane-tracker-2025,1,single_source
S12,https://www.unep.org/resources/adaptation-gap-report-2025,2,duplicate_url_cluster_counts_once
S13,https://www.iea.org/reports/reducing-the-cost-of-capital/executive-summary,2,duplicate_url_cluster_counts_once
S14,https://www.iea.org/commentaries/grid-congestion-is-posing-challenges-for-energy-security-and-transitions,1,single_source
S15,https://wmo.int/activities/early-warnings-all,1,single_source
S16,https://www.unep.org/resources/global-cooling-watch-2025,2,duplicate_url_cluster_counts_once
S17,https://www.iea.org/commentaries/staying-cool-without-overheating-the-energy-system,2,duplicate_url_cluster_counts_once
S18,https://www.fao.org/statistics/highlights-archive/highlights-detail/greenhouse-gas-emissions-from-agrifood-systems.-global--regional-and-country-trends--2001-2023/en,1,single_source
S19,https://www.unep.org/resources/report/global-nitrous-oxide-assessment,1,single_source
S20,https://www.ipcc.ch/report/ar6/wg3/chapter/technical-summary,1,single_source
S21,missing-url::S21,1,single_source
S22,missing-url::S22,1,single_source
S23,https://www.oecd.org/en/topics/fossil-fuel-support.html,3,duplicate_url_cluster_counts_once
S24,https://www.iea.org/reports/coal-in-net-zero-transitions/executive-summary,1,single_source
S25,https://www.iea.org/reports/accelerating-just-transitions-for-the-coal-sector/executive-summary,1,single_source
S26,https://www.iea.org/reports/demand-and-supply-measures-for-the-steel-and-cement-transition/executive-summary,1,single_source
S27,https://www.iea.org/reports/definitions-for-near-zero-and-low-emissions-steel-and-cement-and-underlying-emissions-measurement-methodologies/executive-summary,2,duplicate_url_cluster_counts_once
S28,https://www.unep.org/resources/report/global-status-report-buildings-and-construction-20242025,1,single_source
S29,missing-url::S29,1,single_source
S30,https://www.iea.org/reports/global-ev-outlook-2025/executive-summary,2,duplicate_url_cluster_counts_once
S31,https://www.iea.org/reports/breakthrough-agenda-report-2025/road-transport,2,duplicate_url_cluster_counts_once
S32,https://www.iea.org/reports/global-ev-outlook-2025/trends-in-heavy-duty-electric-vehicles,1,single_source
S33,https://www.iea.org/energy-system/transport/aviation,1,single_source
S34,https://www.imo.org/en/mediacentre/pressbriefings/pages/imo-approves-netzero-regulations.aspx,1,single_source
S35,https://www.icao.int/environmental-protection/ltag,1,single_source
S36,missing-url::S36,1,single_source
S37,missing-url::S37,1,single_source
S38,https://www.unep.org/resources/global-peatlands-assessment-2022,1,single_source
S39,https://globalcarbonbudget.org/gcb-2025/the-global-carbon-budget-faqs-2025,1,single_source
S40,https://www.undrr.org/gar/gar2025,2,duplicate_url_cluster_counts_once
S41,https://www.worldbank.org/en/publication/rising-to-the-challenge-climate-adaptation-resilience,1,single_source
S42,missing-url::S42,1,single_source
S43,https://www.iea.org/energy-system/carbon-capture-utilisation-and-storage,1,single_source
S44,https://www.iea.org/energy-system/carbon-capture-utilisation-and-storage/direct-air-capture,1,single_source
S45,https://www.iea.org/energy-system/carbon-capture-utilisation-and-storage/bioenergy-with-carbon-capture-and-storage,1,single_source
S46,https://www.iea.org/energy-system/carbon-capture-utilisation-and-storage/co2-transport-and-storage,1,single_source
S47,https://www.iea.org/reports/global-critical-minerals-outlook-2025/executive-summary,1,single_source
S48,https://www.iea.org/reports/batteries-and-secure-energy-transitions/executive-summary,3,duplicate_url_cluster_counts_once
S49,https://www.iea.org/reports/sustainable-and-responsible-critical-mineral-supply-chains/executive-summary,1,single_source
S50,https://www.iea.org/reports/recycling-of-critical-minerals/executive-summary,3,duplicate_url_cluster_counts_once
S51,https://www.iea.org/reports/energy-efficiency-2025/buildings,1,single_source
S52,https://www.iea.org/energy-system/buildings/heat-pumps,1,single_source
S53,https://www.iea.org/reports/energy-efficiency-policy-toolkit-2025/heat-pumps-for-buildings,1,single_source
S54,https://www.iea.org/reports/breakthrough-agenda-report-2025/building,1,single_source
S55,https://www.iea.org/reports/electricity-2026/executive-summary,1,single_source
S56,https://www.iea.org/reports/electricity-2026/flexibility,2,duplicate_url_cluster_counts_once
S57,https://www.iea.org/reports/integrating-solar-and-wind/executive-summary,1,single_source
S58,https://www.iea.org/reports/the-value-of-demand-flexibility/executive-summary,3,duplicate_url_cluster_counts_once
S59,missing-url::S59,1,single_source
S60,https://www.oecd.org/en/publications/diagnostic-toolkit-for-reducing-regulatory-barriers-to-solar-wind-and-pumped-hydro-storage-in-the-european-union_15f4aed4-en/full-report/spatial-planning-and-permitting_279bc96f.html,1,single_source
S61,https://www.oecd.org/en/publications/oecd-regulatory-policy-outlook-2025_56b60e39-en/full-report/regulating-for-the-planet_a5fdd03c.html,1,single_source
S62,https://www.iea.org/reports/world-energy-employment-2025/executive-summary,2,duplicate_url_cluster_counts_once
S63,https://www.irena.org/publications/2026/jan/renewable-energy-and-jobs-annual-review-2025,1,single_source
S64,https://www.iea.org/reports/renewables-2025/executive-summary,2,duplicate_url_cluster_counts_once
S65,https://unfccc.int/process-and-meetings/transparency-and-reporting/reporting-and-review/reporting-and-review-under-the-paris-agreement/biennial-transparency-reports/2025-synthesis-report-of-biennial-transparency-reports,1,single_source
S66,https://www.unep.org/topics/energy/methane/methane-alert-and-response-system-mars,1,single_source
S67,https://www.unep.org/news-and-stories/press-release/better-data-driving-action-methane-emissions-more-work-needed,1,single_source
S68,https://www.iea.org/reports/definitions-for-near-zero-and-low-emissions-steel-and-cement-and-underlying-emissions-measurement-methodologies/executive-summary,2,duplicate_url_cluster_counts_once
S69,https://www.iea.org/reports/household-energy-affordability/executive-summary,2,duplicate_url_cluster_counts_once
S70,https://www.worldbank.org/en/topic/energy/publication/tracking-sdg-7-the-energy-progress-report-2025,1,single_source
S71,https://www.ilo.org/publications/flagship-reports/world-social-protection-report-2024-26-universal-social-protection-climate,2,duplicate_url_cluster_counts_once
S72,https://wmo.int/resources/publication-series/state-of-global-water-resources/state-of-global-water-resources-2024,2,duplicate_url_cluster_counts_once
S73,https://www.unwater.org/publications/un-world-water-development-report-2025,1,single_source
S74,https://www.worldbank.org/en/topic/water/brief/drought-resilience,1,single_source
S75,https://www.worldbank.org/en/publication/continental-drying-a-threat-to-our-common-future,2,duplicate_url_cluster_counts_once
S76,https://www.iea.org/reports/electricity-2025/executive-summary,1,single_source
S77,https://www.undp.org/publications/urban-content-ndcs-local-climate-action-explored-through-depth-country-analyses,1,single_source
S78,https://unhabitat.org/wcr,1,single_source
S79,https://www.iea.org/reports/empowering-urban-energy-transitions/executive-summary,1,single_source
S80,https://www.iea.org/reports/energy-efficiency-policy-toolkit-2025/cities,1,single_source
S81,https://www.oecd.org/en/publications/financial-protection-against-catastrophic-risks_32a3acd7-en/full-report/assessment-and-recommendations_48bcda8b.html,2,duplicate_url_cluster_counts_once
S82,https://www.swissre.com/institute/research/sigma-research/sigma-2025-01-natural-catastrophes-trend.html,1,single_source
S83,https://www.undrr.org/media/107058,1,single_source
S84,https://documents1.worldbank.org/curated/en/546611605298449211/pdf/the-adaptation-principles-a-guide-for-designing-strategies-for-climate-change-adaptation-and-resilience.pdf,1,single_source
S85,missing-url::S85,1,single_source
S86,https://www.who.int/news-room/fact-sheets/detail/climate-change-heat-and-health,1,single_source
S87,missing-url::S87,1,single_source
S88,missing-url::S88,1,single_source
S89,https://www.who.int/teams/environment-climate-change-and-health/climate-change-and-health/country-support/building-climate-resilient-health-systems,1,single_source
S90,missing-url::S90,1,single_source
S91,https://www.iea.org/reports/reducing-the-cost-of-capital/executive-summary,2,duplicate_url_cluster_counts_once
S92,https://www.oecd.org/en/publications/2025/03/global-debt-report-2025_bab6b51e/full-report/debt-financing-for-the-climate-transition_ea7c1ec5.html,1,single_source
S93,https://www.imf.org/-/media/files/publications/pp/2025/english/ppea2025002.pdf,1,single_source
S94,https://unfccc.int/news/cop29-un-climate-conference-agrees-to-triple-finance-to-developing-countries-protecting-lives-and,1,single_source
S95,https://www.oecd.org/en/publications/unlocking-local-currency-financing-in-emerging-markets-and-developing-economies_bc84fde7-en.html,1,single_source
S96,https://www.worldbank.org/en/news/press-release/2024/07/01/world-bank-group-guarantee-platform-goes-live,1,single_source
S97,https://www.oecd.org/content/dam/oecd/en/publications/reports/2025/03/unlocking-the-potential-of-demand-side-climate-mitigation-strategies_194d0bae/78b3a9d0-en.pdf,1,single_source
S98,https://www.ipcc.ch/report/ar6/wg3/chapter/summary-for-policymakers,1,single_source
S99,missing-url::S99,1,single_source
S100,https://www.iea.org/reports/world-energy-outlook-2025/net-zero-emissions-by-2050,1,single_source
S101,missing-url::S101,1,single_source
S102,https://www.iea.org/reports/world-energy-investment-2025/executive-summary,5,duplicate_url_cluster_counts_once
S103,https://www.iea.org/reports/electricity-2026/grids,1,single_source
S104,https://www.unep.org/resources/global-cooling-watch-2025,2,duplicate_url_cluster_counts_once
S105,https://wmo.int/news/media-centre/wmo-confirms-2025-was-one-of-warmest-years-record,1,single_source
S106,https://www.iea.org/reports/energy-efficiency-2025/executive-summary,2,duplicate_url_cluster_counts_once
S107,missing-url::S107,1,single_source
S108,missing-url::S108,1,single_source
S109,https://wmo.int/news/media-centre/wmo-report-documents-spiralling-weather-and-climate-impacts,1,single_source
S110,https://www.ipcc.ch/report/ar6/wg2/resources/spm-headline-statements,1,single_source
S111,https://www.iea.org/reports/the-value-of-demand-flexibility/executive-summary,3,duplicate_url_cluster_counts_once
S112,https://www.oecd.org/en/publications/packaging-and-sequencing-policies-for-more-effective-climate-action_51d3656b-en.html,1,single_source
S113,missing-url::S113,1,single_source
S114,missing-url::S114,1,single_source
S115,https://www.oecd.org/en/publications/harnessing-mission-governance-to-achieve-national-climate-targets_781146eb-en.html,1,single_source
S116,missing-url::S116,1,single_source
S117,https://www.oecd.org/en/publications/a-place-based-approach-to-climate-action-and-resilience_fafbf518-en.html,1,single_source
S118,https://www.oecd.org/en/publications/oecd-regulatory-policy-outlook-2025_56b60e39-en/full-report/regulating-for-people_6d2fc8d4.html,1,single_source
S119,https://www.iea.org/reports/energy-efficiency-policy-toolkit-2024/energy-efficiency-policy-toolkit-2024-from-versailles-to-nairobi,1,single_source
S120,missing-url::S120,1,single_source
S121,missing-url::S121,1,single_source
S122,https://www.iea.org/reports/building-the-future-transmission-grid/executive-summary,3,duplicate_url_cluster_counts_once
S123,https://www.oecd.org/en/publications/towards-interoperable-carbon-intensity-metrics_b185bcfa-en.html,1,single_source
S124,missing-url::S124,1,single_source
S125,https://www.iea.org/reports/breakthrough-agenda-report-2025/road-transport,2,duplicate_url_cluster_counts_once
S126,https://www.oecd.org/en/publications/oecd-supply-chain-resilience-review_94e3a8ea-en.html,1,single_source
S127,https://www.oecd.org/en/publications/enhancing-the-resilience-of-communication-networks_d6920477-en.html,1,single_source
S128,https://www.oecd.org/en/publications/infrastructure-for-a-climate-resilient-future_a74a45b0-en.html,1,single_source
S129,https://www.oecd.org/en/publications/oecd-guidelines-for-fighting-bid-rigging-in-public-procurement-2025-update_cbe05a56-en/full-report.html,1,single_source
S130,https://www.oecd.org/en/publications/implementing-the-oecd-recommendation-on-public-procurement-in-oecd-and-partner-countries_02a46a58-en.html,1,single_source
S131,missing-url::S131,1,single_source
S132,missing-url::S132,1,single_source
S133,missing-url::S133,1,single_source
S134,https://www.iea.org/energy-system/energy-efficiency-and-demand/energy-efficiency,2,duplicate_url_cluster_counts_once
S135,missing-url::S135,1,single_source
S136,missing-url::S136,1,single_source
S137,https://www.iea.org/reports/designing-energy-efficiency-policies-to-enhance-affordability,1,single_source
S138,https://www.oecd.org/en/publications/investing-in-climate-for-growth-and-development_16b7cbc7-en/full-report/investing-in-climate-for-growth-and-development-policy-highlights_867ee4f8.html,1,single_source
S139,https://www.iea.org/topics/fossil-fuel-subsidies,1,single_source
S140,https://www.oecd.org/en/publications/getting-the-public-on-side_262255fd-en.html,1,single_source
S141,missing-url::S141,1,single_source
S142,missing-url::S142,1,single_source
S143,https://www.iea.org/reports/strategies-for-affordable-and-fair-clean-energy-transitions/executive-summary,2,duplicate_url_cluster_counts_once
S144,https://www.iea.org/commentaries/why-the-growth-of-energy-service-companies-is-uneven-globally,1,single_source
S145,https://www.oecd.org/en/topics/fossil-fuel-support.html,3,duplicate_url_cluster_counts_once
S146,https://www.iea.org/reports/energy-efficiency-policy-toolkit-2025/appliances,1,single_source
S147,https://www.oecd.org/en/publications/government-at-a-glance-2025_0efd0bcd-en/full-report/governing-for-the-green-transition_075e9a83.html,2,duplicate_url_cluster_counts_once
S148,https://www.oecd.org/en/publications/the-paris-agreement-at-ten-years_c5f214dc-en.html,1,single_source
S149,https://www.iea.org/energy-system/renewables,1,single_source
S150,https://www.oecd.org/en/publications/implementing-regional-development-strategies_ae8b0b0e-en.html,1,single_source
S151,https://www.iea.org/reports/energy-efficiency-policy-toolkit-2025,1,single_source
S152,https://ndcpartnership.org/news/plans-progress-essential-actions-effective-ndc-implementation,2,duplicate_url_cluster_counts_once
S153,https://www.oecd.org/en/publications/oecd-dac-blended-finance-guidance-2025_e4a13d2c-en/full-report/principle-2-design-blended-finance-to-increase-the-mobilisation-of-commercial-finance_996e5e2d.html,1,single_source
S154,https://www.iea.org/reports/clean-energy-innovation/innovation-needs-in-the-sustainable-development-scenario,1,single_source
S155,https://www.iea.org/energy-system/renewables/solar-pv,1,single_source
S156,https://www.irena.org/-/media/files/irena/agency/publication/2025/dec/irena_tec_enhancing_resilience_power_infrastructure_2025.pdf,1,single_source
S157,https://www.iea.org/reports/net-zero-roadmap-a-global-pathway-to-keep-the-15-c-goal-in-reach/executive-summary,1,single_source
S158,https://www.iea.org/news/global-energy-investment-set-to-rise-to-33-trillion-in-2025-amid-economic-uncertainty-and-energy-security-concerns,1,single_source
S159,https://www.iea.org/energy-system/fossil-fuels/coal,1,single_source
S160,https://www.iea.org/reports/global-hydrogen-review-2025/trade-and-infrastructure,2,duplicate_url_cluster_counts_once
S161,https://www.oecd.org/en/publications/future-proofing-real-estate-investment_2dd12063-en/full-report/managing-climate-related-risks-for-resilient-real-estate_fe6a5ab0.html,1,single_source
S162,https://www.iea.org/reports/energy-efficiency-policy-toolkit-2025/buildings,1,single_source
S163,https://www.iea.org/reports/global-ev-outlook-2025/executive-summary,2,duplicate_url_cluster_counts_once
S164,https://www.undrr.org/implementing-sendai-framework/strenthening-readiness-for-resilient-recovery,1,single_source
S165,https://www.iea.org/reports/germany-2025,3,duplicate_url_cluster_counts_once
S166,https://www.iea.org/energy-system/energy-efficiency-and-demand/energy-efficiency,2,duplicate_url_cluster_counts_once
S167,https://www.iea.org/reports/global-hydrogen-review-2025/trade-and-infrastructure,2,duplicate_url_cluster_counts_once
S168,https://www.iea.org/energy-system/electricity/electrification,1,single_source
S169,https://www.unep.org/news-and-stories/press-release/amid-rising-heat-sustainable-cooling-can-slash-emissions-and-save,1,single_source
S170,https://www.oecd.org/en/topics/resource-efficiency-and-circular-economy.html,1,single_source
S171,https://www.oecd.org/en/publications/environmental-outlook-on-the-triple-planetary-crisis_257ffbb6-en/full-report/roadmap-for-policy-action_b27692cb.html,1,single_source
S172,https://www.oecd.org/en/publications/place-based-policies-for-the-future_e5ff6716-en.html,1,single_source
S173,https://ndcpartnership.org/news/plans-progress-essential-actions-effective-ndc-implementation,2,duplicate_url_cluster_counts_once
S174,https://www.iea.org/reports/germany-2025,3,duplicate_url_cluster_counts_once
S175,https://unfccc.int/topics/adaptation-and-resilience/the-big-picture/introduction,1,single_source
S176,https://www.iea.org/reports/world-energy-employment-2025/executive-summary,2,duplicate_url_cluster_counts_once
S177,https://www.iea.org/reports/the-future-of-heat-pumps/executive-summary,1,single_source
S178,https://www.iea.org/reports/building-the-future-transmission-grid/executive-summary,3,duplicate_url_cluster_counts_once
S179,https://www.irena.org/education/call-to-action-on-skilling,1,single_source
S180,https://www.iea.org/reports/cop28-tripling-renewable-capacity-pledge/policy-priority-areas-for-advanced-economies,1,single_source
S181,https://www.oecd.org/en/publications/oecd-regulatory-policy-outlook-2025_56b60e39-en.html,1,single_source
S182,https://unfccc.int/process-and-meetings/the-paris-agreement/nationally-determined-contributions-ndcs,1,single_source
S183,https://unfccc.int/biennial-transparency-reports,2,duplicate_url_cluster_counts_once
S184,https://www.oecd.org/en/publications/trade-implications-of-upstream-circular-economy-policies_5968c464-en.html,1,single_source
S185,https://www.oecd.org/en/publications/the-circular-economy-in-cities-and-regions-of-the-european-union_e09c21e2-en.html,1,single_source
S186,https://single-market-economy.ec.europa.eu/news/new-eu-rules-durable-energy-efficient-and-repairable-smartphones-and-tablets-start-applying-2025-06-20_en,1,single_source
S187,https://commission.europa.eu/law/law-topic/consumer-protection-law/directive-repair-goods_en,2,duplicate_url_cluster_counts_once
S188,https://www.iea.org/reports/global-ev-outlook-2025/electric-vehicle-batteries,1,single_source
S189,https://www.iea.org/reports/recycling-of-critical-minerals/executive-summary,3,duplicate_url_cluster_counts_once
S190,https://www.oecd.org/en/publications/how-the-green-transition-reshapes-vocational-education-and-training_4819bf34-en/full-report.html,1,single_source
S191,https://www.iea.org/reports/germany-2025,3,duplicate_url_cluster_counts_once
S192,https://www.iea.org/reports/czechia-2025,1,single_source
S193,https://www.oecd.org/content/dam/oecd/en/publications/reports/2025/04/packaging-and-sequencing-policies-for-more-effective-climate-action_51d3656b/fced4e28-en.pdf,1,single_source
S194,https://www.iea.org/reports/energy-and-ai/executive-summary,1,single_source
S195,https://www.iea.org/reports/scaling-up-private-finance-for-clean-energy-in-emerging-and-developing-economies/key-findings,1,single_source
S196,https://www.oecd.org/en/publications/supporting-emerging-markets-and-developing-economies-in-developing-their-local-capital-markets_4456de62-en/full-report.html,1,single_source
S197,https://www.iea.org/reports/iea-support-to-accelerating-renewable-energy-permitting-arpe,1,single_source
S198,https://www.oecd.org/en/publications/government-at-a-glance-2025_0efd0bcd-en.html,1,single_source
S199,https://www.iea.org/reports/household-energy-affordability/executive-summary,2,duplicate_url_cluster_counts_once
S200,https://www.iea.org/reports/strategies-for-affordable-and-fair-clean-energy-transitions/executive-summary,2,duplicate_url_cluster_counts_once
S201,https://www.oecd.org/en/publications/the-paris-agreement-at-ten-years_c5f214dc-en/full-report/overview-and-policy-highlights_9ab38155.html,1,single_source
S202,https://www.oecd.org/en/publications/ensuring-a-just-transition-to-net-zero-emissions_a3da7080-en.html,1,single_source
S203,https://wmo.int/news/media-centre/earths-climate-swings-increasingly-out-of-balance,1,single_source
S204,https://wmo.int/resources/publication-series/global-status-of-multi-hazard-early-warning-systems/global-status-of-multi-hazard-early-warning-systems-2025,2,duplicate_url_cluster_counts_once
S205,https://www.unep.org/resources/adaptation-gap-report-2025,2,duplicate_url_cluster_counts_once
S206,https://www.oecd.org/en/publications/government-at-a-glance-2025_0efd0bcd-en/full-report/delivering-climate-resilient-infrastructure_8996b473.html,1,single_source
S207,https://www.iea.org/reports/building-the-future-transmission-grid/executive-summary,3,duplicate_url_cluster_counts_once
S208,https://www.iea.org/reports/world-energy-investment-2025/executive-summary,5,duplicate_url_cluster_counts_once
S209,https://www.nrel.gov/news/detail/program/2024/what-is-driving-the-demand-for-distribution-transformers.html,1,single_source
S210,https://www.energy.gov/oe/distribution-transformers,1,single_source
S211,https://www.energy.gov/oe/supply-chain-resources,1,single_source
S212,https://www.iea.org/reports/global-methane-tracker-2025/key-findings,1,single_source
S213,https://www.iea.org/news/methane-data-and-transparency-continue-to-improve-but-emissions-remain-far-too-high,1,single_source
S214,https://www.unep.org/news-and-stories/press-release/ministers-urge-decisive-methane-action-global-report-shows-progress,2,duplicate_url_cluster_counts_once
S215,https://wmo.int/resources/publication-series/greenhouse-gas-bulletin/wmo-greenhouse-gas-bulletin-no-21,1,single_source
S216,https://www.unep.org/news-and-stories/press-release/rise-nitrous-oxide-emissions-endangers-pathway-15degc-ozone-layer,1,single_source
S217,https://www.fao.org/newsroom/detail/fao-nitrogen-use-efficiency-report/en,1,single_source
S218,https://www.unep.org/events/webinar/new-international-guidance-and-tools-sustainable-nitrogen-management,1,single_source
S219,https://www.iea.org/reports/world-energy-outlook-2025/executive-summary,1,single_source
S220,https://www.iea.org/reports/the-value-of-demand-flexibility/executive-summary,3,duplicate_url_cluster_counts_once
S221,https://www.iea.org/reports/electricity-2026/flexibility,2,duplicate_url_cluster_counts_once
S222,https://www.iea.org/reports/renewables-2025/executive-summary,2,duplicate_url_cluster_counts_once
S223,https://www.iea.org/reports/batteries-and-secure-energy-transitions/executive-summary,3,duplicate_url_cluster_counts_once
S224,https://wmo.int/resources/publication-series/state-of-global-water-resources/state-of-global-water-resources-2024,2,duplicate_url_cluster_counts_once
S225,https://www.worldbank.org/en/publication/continental-drying-a-threat-to-our-common-future,2,duplicate_url_cluster_counts_once
S226,https://www.iea.org/reports/electricity-2025/reliability,1,single_source
S227,https://www.fao.org/publications/fao-flagship-publications/the-state-of-the-worlds-land-and-water-resources-for-food-and-agriculture/en,1,single_source
S228,https://www.oecd.org/en/publications/financial-protection-against-catastrophic-risks_32a3acd7-en.html,1,single_source
S229,https://www.oecd.org/en/publications/financial-protection-against-catastrophic-risks_32a3acd7-en/full-report/assessment-and-recommendations_48bcda8b.html,2,duplicate_url_cluster_counts_once
S230,https://www.undrr.org/gar/gar2025,2,duplicate_url_cluster_counts_once
S231,https://wmo.int/news/media-centre/wmo-unveils-new-financing-partnership-initiative-safeguard-forecasting-backbone,1,single_source
S232,https://www.oecd.org/en/publications/infrastructure-for-a-climate-resilient-future_a74a45b0-en/full-report/component-9.html,1,single_source
S233,https://www.iea.org/reports/world-energy-investment-2025/executive-summary,5,duplicate_url_cluster_counts_once
S234,https://www.iea.org/reports/global-energy-review-2025,2,duplicate_url_cluster_counts_once
S235,https://www.oecd.org/en/topics/fossil-fuel-support.html,3,duplicate_url_cluster_counts_once
S236,https://www.iea.org/reports/net-zero-roadmap-a-global-pathway-to-keep-the-15-c-goal-in-reach/a-renewed-pathway-to-net-zero-emissions,1,single_source
S237,https://www.iea.org/reports/energy-efficiency-2025/executive-summary,2,duplicate_url_cluster_counts_once
S238,https://www.unep.org/news-and-stories/press-release/emissions-building-sector-stopped-rising-first-time-2020-un-finds,1,single_source
S239,https://www.iea.org/reports/global-energy-review-2025/electricity,1,single_source
S240,https://www.iea.org/commentaries/staying-cool-without-overheating-the-energy-system,2,duplicate_url_cluster_counts_once
S241,https://www.oecd.org/en/publications/climate-mitigation-in-intermediary-cities_3bdd564f-en/full-report/overview-systems-innovation-in-intermediary-cities-in-kenya-and-mozambique_0e4930aa.html,1,single_source
S242,https://www.oecd.org/en/publications/zero-carbon-buildings-in-cities_daae8779-en.html,1,single_source
S243,https://www.iea.org/reports/energy-efficiency-2025/transport,1,single_source
S244,https://www.iea.org/news/diversification-is-the-cornerstone-of-energy-security-yet-critical-minerals-are-moving-in-the-opposite-direction,1,single_source
S245,https://www.iea.org/reports/recycling-of-critical-minerals/executive-summary,3,duplicate_url_cluster_counts_once
S246,https://www.iea.org/reports/the-role-of-traceability-in-critical-mineral-supply-chains,1,single_source
S247,https://www.iea.org/reports/global-energy-review-2026,1,single_source
S248,https://www.iea.org/reports/global-methane-tracker-2026,1,single_source
S249,https://climate.copernicus.eu/global-climate-highlights-2025,1,single_source
S250,https://www.unep.org/resources/emissions-gap-report-2025,1,single_source
S251,https://wmo.int/resources/publication-series/wmo-global-annual-decadal-climate-update/wmo-global-annual-decadal-climate-update-2025-2029,1,single_source
S252,https://www.iea.org/reports/electricity-2026,1,single_source
S253,https://www.iea.org/news/data-centre-electricity-use-surged-in-2025-even-with-tightening-bottlenecks-driving-a-scramble-for-solutions,1,single_source
S254,https://www.iea.org/reports/world-energy-investment-2025/executive-summary,5,duplicate_url_cluster_counts_once
S255,https://www.climatepolicyinitiative.org/publication/global-landscape-of-climate-finance-2025,1,single_source
S256,https://www.climatepolicyinitiative.org/publication/global-landscape-of-climate-finance-2025-emde-spotlight,1,single_source
S257,https://www.worldbank.org/ext/en/topic/climate-change,1,single_source
S258,https://www.worldbank.org/en/about/annual-report/miga,1,single_source
S259,https://www.oecd.org/en/publications/employment-and-skills-policies-for-the-green-transition_f0c558fa-en.html,1,single_source
S260,https://www.ilo.org/publications/green-employment-diagnostics-just-transition,1,single_source
S261,https://www.iea.org/reports/energy-system-resilience,1,single_source
S262,https://www.who.int/news/item/29-10-2025-climate-inaction-is-claiming-millions-of-lives-every-year--warns-new-lancet-countdown-report,1,single_source
S263,https://wmo.int/publication-series/state-of-global-climate/state-of-global-climate-2025,1,single_source
S264,https://www.swissre.com/institute/research/sigma-research/sigma-2026-01-natcat-2025-wildfire-storm-risk/global-natcat-losses-2025.html,1,single_source
S265,https://www.iais.org/2025/11/iais-report-examines-financial-stability-implications-from-natural-catastrophe-insurance-protection-gaps,1,single_source
S266,https://www.disasterprotection.org/pafreport,1,single_source
S267,https://www.worldbank.org/ext/en/topic/financial-sector/disaster-risk-finance-and-insurance,1,single_source
S268,https://disasterdisplacement.org/wp-content/uploads/2025/10/funding_futures-2025_web.pdf,1,single_source
S269,https://www.oecd.org/en/publications/2025/11/future-proofing-real-estate-investment_f3d78bbb/full-report/from-climate-related-shocks-to-financial-risks_d85d5492.html,1,single_source
S270,https://www.ngfs.net/en/publications-and-statistics/publications/ngfs-short-term-climate-scenarios-central-banks-and-supervisors,1,single_source
S271,https://www.fsb.org/2025/07/fsb-roadmap-for-addressing-financial-risks-from-climate-change-2025-update,1,single_source
S272,https://www.financeministersforclimate.org/sites/default/files/2025-06/cfcma%20hp4%20thematic%20paper%20-%20physical%20climate%20risks%20and%20adaptation.pdf,1,single_source
S273,https://www.iea.org/reports/electricity-2026/prices,1,single_source
S274,https://www.bis.org/bcbs/publ/d597.htm,1,single_source
S275,https://www.oecd.org/en/publications/protecting-and-empowering-consumers-in-the-green-transition_12f28e4f-en.html,1,single_source
S276,https://www.ifrs.org/news-and-events/news/2025/06/ifrs-publishes-guidance-disclosures-transition-plans,1,single_source
S277,https://www.un.org/en/climatechange/high-level-expert-group,1,single_source
S278,https://www.iso.org/netzero,1,single_source
S279,https://sciencebasedtargets.org/net-zero,1,single_source
S280,https://icvcm.org/core-carbon-principles,1,single_source
S281,https://vcmintegrity.org/wp-content/uploads/2025/08/vcmi-claims-code_2025_update.pdf,1,single_source
S282,https://www.oecd.org/en/publications/2026/03/anti-corruption-and-integrity-outlook-2026_d8f55b04/full-report/component-14.html,1,single_source
S283,https://www.oecd.org/en/publications/2025/06/government-at-a-glance-2025_70e14c6c/full-report/green-public-procurement_5dbf73a9.html,1,single_source
S284,https://www.worldbank.org/en/news/feature/2025/05/21/osd-publishes-the-knowledge-report-of-the-2nd-symposium-on-supranational-responses-to-corruption,1,single_source
S285,https://www.icj-cij.org/case/187,1,single_source
S286,https://www.ohchr.org/en/press-releases/2025/07/un-experts-welcome-recognition-international-court-justice-all-states-must,1,single_source
S287,https://www.unep.org/resources/report/global-climate-litigation-report-2025-status-review,1,single_source
S288,https://www.lse.ac.uk/granthaminstitute/publication/global-trends-in-climate-change-litigation-2025-snapshot,1,single_source
S289,https://www.climatecasechart.com,1,single_source
S290,https://unfccc.int/documents/652274,1,single_source
S291,https://unfccc.int/biennial-transparency-reports,2,duplicate_url_cluster_counts_once
S292,https://www.oecd.org/en/publications/government-at-a-glance-2025_0efd0bcd-en/full-report/governing-for-the-green-transition_075e9a83.html,2,duplicate_url_cluster_counts_once
S293,https://unfccc.int/first-biennial-transparency-reports,1,single_source
S294,https://www.ifrs.org/projects/work-plan/ifrs-sustainability-disclosure-taxonomy-update-amendments-ghg-emissions-disclosures,1,single_source
S295,https://single-market-economy.ec.europa.eu/news/commission-launches-consultation-digital-product-passport-2025-04-09_en,1,single_source
S296,https://unece.org/digitalization/news/unece-and-iso-launch-joint-initiative-digital-product-passport-advance,1,single_source
S297,https://www.open-contracting.org/data-standard,2,duplicate_url_cluster_counts_once
S298,https://standard.open-contracting.org/infrastructure,1,single_source
S299,https://g3w.wmo.int/site/global-greenhouse-gas-watch-g3w,1,single_source
S300,https://www.oecd.org/en/publications/government-at-a-glance-2025_0efd0bcd-en/full-report/digital-government-index_1edec44e.html,1,single_source
S301,https://nvlpubs.nist.gov/nistpubs/cswp/nist.cswp.29.pdf,1,single_source
S302,https://www.cisa.gov/cybersecurity-performance-goals-cpgs,1,single_source
S303,https://www.iea.org/reports/power-systems-in-transition/cyber-resilience,1,single_source
S304,https://www.energy.gov/ceser/cybersecurity-risk-management-process-rmp,1,single_source
S305,https://docs.nrel.gov/docs/fy25osti/94352.pdf,1,single_source
S306,https://nvlpubs.nist.gov/nistpubs/ai/nist.ai.100-1.pdf,1,single_source
S307,https://nvlpubs.nist.gov/nistpubs/ai/nist.ai.600-1.pdf,1,single_source
S308,https://oecd.ai/en/ai-principles,1,single_source
S309,https://digital-strategy.ec.europa.eu/en/policies/regulatory-framework-ai,1,single_source
S310,https://www.iso.org/standard/42001,1,single_source
S311,https://www.iea.org/reports/energy-technology-perspectives-2024,1,single_source
S312,https://www.oecd.org/en/about/news/press-releases/2026/04/critical-raw-materials-face-rising-export-restrictions-increasing-risks-to-global-supply-chains.html,1,single_source
S313,https://unctad.org/publication/global-trade-update-january-2026-top-trends-redefining-global-trade-2026,1,single_source
S314,https://www.wcoomd.org/en/media/newsroom/2026/january/hs-2028-amendments-adapting-the-harmonized-system-to-global-priorities-and-trade-evolution.aspx,1,single_source
S315,https://www.worldbank.org/en/publication/wdr2025,1,single_source
S316,https://www.unido.org/news/unido-contribution-highlighted-world-development-report-2025-standards-and-quality-infrastructure,1,single_source
S317,https://www.iso.org/casco.html,1,single_source
S318,https://www.wto.org/english/res_e/publications_e/gvcreport2025_e.htm,1,single_source
S319,https://www.unep.org/news-and-stories/press-release/un-convened-panel-address-equity-sustainability-and-human-rights,1,single_source
S320,https://www.unep.org/ietc/resources/report/global-waste-management-outlook-2024,1,single_source
S321,https://www.itu.int/en/itu-d/environment/pages/publications/the-global-e-waste-monitor-2024.aspx,1,single_source
S322,https://www.irena.org/publications/2016/jun/end-of-life-management-solar-photovoltaic-panels,1,single_source
S323,https://www.iea.org/reports/batteries-and-secure-energy-transitions/executive-summary,3,duplicate_url_cluster_counts_once
S324,https://www.iea.org/reports/global-ev-outlook-2024/executive-summary,1,single_source
S325,https://www.globalbattery.org/battery-passport,1,single_source
S326,https://environment.ec.europa.eu/topics/waste-and-recycling/batteries_en,1,single_source
S327,https://commission.europa.eu/law/law-topic/consumer-protection-law/directive-repair-goods_en,2,duplicate_url_cluster_counts_once
S328,https://www.basel.int/implementation/ewaste/ewasteamendments/ewasteamendmentsfaqs/tabid/10107/default.aspx,1,single_source
S329,https://www.ipbes.net/nexus-assessment,1,single_source
S330,https://iucn.org/resources/publication/mitigating-biodiversity-impacts-associated-solar-and-wind-energy-development,1,single_source
S331,https://www.unep.org/resources/report/protected-planet-report-2024,1,single_source
S332,https://www.cbd.int/gbf/targets,1,single_source
S333,https://www.ohchr.org/en/indigenous-peoples/consultation-and-free-prior-and-informed-consent-fpic,1,single_source
S334,https://legal.un.org/avl/ha/ga_61-295/ga_61-295.html,1,single_source
S335,https://www.ifc.org/en/insights-reports/2012/ifc-performance-standard-7,1,single_source
S336,https://www.energy.gov/eere/siting-large-scale-renewable-energy-projects,1,single_source
S337,https://climate.law.columbia.edu/content/community-benefits-agreements-database,1,single_source
S338,https://www.nature.org/en-us/what-we-do/our-priorities/tackle-climate-change/climate-change-stories/site-renewables-right,1,single_source
S339,https://www.business-humanrights.org/en/from-us/briefings/transition-minerals-tracker-2025-global-analysis,1,single_source
S340,https://www.business-humanrights.org/en/from-us/briefings/renewable-energy-human-rights-benchmark-2025,1,single_source
S341,https://www.iea.org/reports/global-methane-tracker-2026/understanding-methane-emissions,1,single_source
S342,https://www.iea.org/reports/global-methane-tracker-2026/key-findings,1,single_source
S343,https://www.worldbank.org/en/topic/extractiveindustries/publication/managing-coal-mine-closure,1,single_source
S344,https://documents1.worldbank.org/curated/en/099040825114032293/pdf/p179980-c375abae-293f-48fd-b5a4-9e9f57075469.pdf,1,single_source
S345,https://openknowledge.worldbank.org/entities/publication/854d1017-02db-487a-8da3-df00ffaa7788,1,single_source
S346,https://www.worldbank.org/en/topic/extractiveindustries/justtransition,1,single_source
S347,https://www.energy.gov/hgeo/undocumented-orphaned-wells-research-program-division-methane-mitigation-technologies,1,single_source
S348,https://www.epa.gov/re-powering,1,single_source
S349,https://www.oecd.org/en/publications/the-polluter-pays-principle_9789264044845-en.html,1,single_source
S350,https://www.amnesty.org/en/latest/news/2025/11/fossil-fuel-infrastructure-rights-critical-ecosystems-at-risk,1,single_source
S351,https://www.internal-displacement.org/global-report/grid2026,1,single_source
S352,https://www.worldbank.org/en/news/press-release/2021/09/13/climate-change-could-force-216-million-people-to-migrate-within-their-own-countries-by-2050,1,single_source
S353,https://publications.iom.int/books/world-migration-report-2026,1,single_source
S354,https://disasterdisplacement.org/resource/key-messages-for-cop30,1,single_source
S355,https://www.unhcr.org/us/news/press-releases/unhcr-report-reveals-extreme-weather-driving-repeated-displacement-among,1,single_source
S356,https://mayorsmigrationcouncil.org/news/impact-report-2025,1,single_source
S357,https://www.c40.org/research,1,single_source
S358,https://roasiapacific.iom.int/sites/g/files/tmzbdl671/files/documents/2026-01/iom_asiapacific_plannedrelocationgovernanceinasiaandthepacific_digital.pdf,1,single_source
S359,https://www.worldbank.org/en/programs/sahel-adaptive-social-protection-program-trust-fund/thematic-areas/climate-shock-responsive-delivery-systems,2,duplicate_url_cluster_counts_once
S360,https://openknowledge.worldbank.org/entities/publication/e61fc26d-3a3b-499a-ad71-195613d019ab,1,single_source
S361,https://openknowledge.fao.org/handle/20.500.14283/cd9424en,1,single_source
S362,https://www.fao.org/publications/fao-flagship-publications/the-state-of-food-security-and-nutrition-in-the-world/en,1,single_source
S363,https://www.wfp.org/global-hunger-crisis,1,single_source
S364,https://www.wfp.org/publications/hunger-hotspots-fao-wfp-early-warnings-acute-food-insecurity,1,single_source
S365,https://www.worldbank.org/en/topic/agriculture/brief/food-security-update,1,single_source
S366,https://www.fao.org/newsroom/detail/extreme-heat-is-pushing-agrifood-systems-to-the-brink-worldwide/en,1,single_source
S367,https://www.fao.org/publications/fao-flagship-publications/the-impact-of-disasters-on-agriculture-and-food-security/en,1,single_source
S368,https://www.wfp.org/anticipatory-actions,1,single_source
S369,https://www.fao.org/emergencies/our-focus/anticipatory-action/en,1,single_source
S370,https://www.amis-outlook.org/about/overview,1,single_source
S371,https://www.unesco.org/en/world-water-report-2026,1,single_source
S372,https://washdata.org,1,single_source
S373,https://wmo.int/news/media-centre/from-drought-deluge-wmo-report-highlights-increasingly-erratic-water-cycle,1,single_source
S374,https://unu.edu/inweh/news/world-enters-era-of-global-water-bankruptcy,1,single_source
S375,https://www.wri.org/insights/highest-water-stressed-countries,1,single_source
S376,https://openknowledge.fao.org/items/727cc000-b525-4444-aa2e-f57f56e2239b,1,single_source
S377,https://www.unccd.int/resources/publications/drought-hotspots-around-world-2023-2025,1,single_source
S378,https://www.undrr.org/gar/gar2025/hazard-exploration/droughts,1,single_source
S379,https://www.who.int/publications/i/item/9789240067691,1,single_source
S380,https://documents1.worldbank.org/curated/en/099124511122431814/pdf/idu1fa8a4c3a1fd8c14810194851fb785b73d02d.pdf,1,single_source
S381,https://watercommission.org,1,single_source
S382,https://www.who.int/publications/i/item/9789240081888,1,single_source
S383,https://lancetcountdown.org/2025-report,1,single_source
S384,https://www.who.int/teams/environment-climate-change-and-health/climate-change-and-health/country-support/integrated-surveillance-and-climate-informed-health-early-warning-systems,1,single_source
S385,https://wmo.int/media/news/climate-and-health-data-must-be-integrated,1,single_source
S386,https://www.who.int/news-room/fact-sheets/detail/vector-borne-diseases,1,single_source
S387,https://www.who.int/news-room/fact-sheets/detail/dengue-and-severe-dengue,1,single_source
S388,https://www.who.int/teams/global-malaria-programme/reports/world-malaria-report-2025,1,single_source
S389,https://www.who.int/publications/i/item/who-wer10036-347-364,1,single_source
S390,https://www.who.int/initiatives/global-arbovirus-initiative,1,single_source
S391,https://www.who.int/teams/one-health-initiative/quadripartite-secretariat-for-one-health/one-health-joint-plan-of-action,1,single_source
S392,https://www.gavi.org/our-alliance/climate-health-immunisation,1,single_source
S393,https://www.who.int/news-room/fact-sheets/detail/climate-change-and-health,1,single_source
S394,https://www.unicef.org/reports/climate-crisis-child-rights-crisis,1,single_source
S395,https://www.unicef.org/reports/learning-interrupted-global-snapshot-2024,1,single_source
S396,https://www.worldbank.org/en/topic/education/publication/education-for-climate-action,1,single_source
S397,https://gadrrres.net/comprehensive-school-safety-framework,1,single_source
S398,https://inee.org/minimum-standards,1,single_source
S399,https://www.worldbank.org/en/topic/education/publication/right-framework-physical-learning-environments,1,single_source
S400,https://www.unicef.org/reports/children-displaced-changing-climate,1,single_source
S401,https://www.unicef.org/eap/media/18386/file/technical%20brief.pdf.pdf,1,single_source
S402,https://docs.un.org/en/crc/c/gc/26,1,single_source
S403,https://www.unicef.org/media/139506/file/unicef-sustainability-climate-change-action-plan-2023-2030.pdf,1,single_source
S404,https://www.unicef.org/reports/state-of-worlds-children/2024,1,single_source
S405,https://www.who.int/publications/i/item/9789240045125,2,duplicate_url_cluster_counts_once
S406,https://www.who.int/news-room/fact-sheets/detail/ageing-and-health,1,single_source
S407,https://www.who.int/publications/i/item/9789240063600,1,single_source
S408,https://www.undrr.org/report/2023-gobal-survey-report-on-persons-with-disabilities-and-disasters,1,single_source
S409,https://www.who.int/news-room/fact-sheets/detail/assistive-technology,1,single_source
S410,https://www.helpage.org/wp-content/uploads/2023/11/climate-justice-in-an-ageing-world.pdf,1,single_source
S411,https://www.nature.com/articles/s41467-024-47197-5,1,single_source
S412,https://spherestandards.org/resources/humanitarian-inclusion-standards-for-older-people-and-people-with-disabilities,1,single_source
S413,https://interagencystandingcommittee.org/sites/default/files/migrated/2020-11/iasc%20guidelines%20on%20the%20inclusion%20of%20persons%20with%20disabilities%20in%20humanitarian%20action%2c%202019_0.pdf,1,single_source
S414,https://www.un.org/development/desa/disabilities/convention-on-the-rights-of-persons-with-disabilities/article-11-situations-of-risk-and-humanitarian-emergencies.html,1,single_source
S415,https://extranet.who.int/agefriendlyworld/wp-content/uploads/2014/06/who-older-persons-in-emergencies-considerations-for-action-and-policy-development-english.pdf,1,single_source
S416,https://asprtracie.hhs.gov/technical-resources/52/long-term-care-facilities/47,1,single_source
S417,https://heat.gov/who-is-most-at-risk-to-extreme-heat/at-risk-older-adults,1,single_source
S418,https://www.ilo.org/publications/ensuring-safety-and-health-work-changing-climate,1,single_source
S419,https://www.who.int/publications/i/item/9789240099814,1,single_source
S420,https://www.ilo.org/sites/default/files/wcmsp5/groups/public/%40dgreports/%40dcomm/%40publ/documents/publication/wcms_711919.pdf,1,single_source
S421,https://www.ilo.org/publications/heat-work-implications-safety-and-health,1,single_source
S422,https://www.osha.gov/heat-exposure/rulemaking,1,single_source
S423,https://www.ilo.org/topics-and-sectors/safety-and-health-work/safe-and-healthy-working-environment-fundamental-principle-and-right-work,1,single_source
S424,https://www.ilo.org/publications/flagship-reports/world-social-protection-report-2024-26-universal-social-protection-climate,2,duplicate_url_cluster_counts_once
S425,https://www.worldbank.org/en/topic/socialprotection/publication/state-of-social-protection-2025-2-billion-person-challenge,1,single_source
S426,https://wmo.int/media/news/fao-and-wmo-report-highlights-extreme-heat-risks-agriculture,1,single_source
S427,https://ilostat.ilo.org/topics/informality,1,single_source
S428,https://www.ilo.org/publications/guidelines-just-transition-towards-environmentally-sustainable-economies,1,single_source
S429,https://www.iarc.who.int/news-events/working-under-the-sun-causes-1-in-3-deaths-from-non-melanoma-skin-cancer-say-who-and-ilo,1,single_source
S430,https://link.springer.com/article/10.1007/s40572-025-00481-y,1,single_source
S431,https://www.who.int/publications/i/item/9789241550376,1,single_source
S432,https://www.ohchr.org/en/documents/thematic-reports/ahrc5228-towards-just-transformation-climate-crisis-and-right-housing,1,single_source
S433,https://unhabitat.org/annual-report-2024,1,single_source
S434,https://spherestandards.org/handbook,2,duplicate_url_cluster_counts_once
S435,https://www.worldbank.org/en/topic/disasterriskmanagement/brief/global-program-for-resilient-housing,1,single_source
S436,https://www.gfdrr.org/en/resilient-housing,1,single_source
S437,https://www.oecd.org/en/publications/2025/11/future-proofing-real-estate-investment_f3d78bbb/full-report/managing-climate-related-risks-for-resilient-real-estate_fe6a5ab0.html,1,single_source
S438,https://www.oecd.org/en/data/datasets/oecd-affordable-housing-database.html,1,single_source
S439,https://www.undrr.org/words-into-action/disaster-displacement-how-reduce-risk-address-impacts-and-strengthen-resilience,1,single_source
S440,https://www.habitat.org/sites/default/files/documents/ndc-report-oct-9.pdf,1,single_source
S441,https://unhabitat.org/news/10-dec-2024/the-promise-of-adequate-housing-a-human-right-we-must-uphold,1,single_source
S442,https://blogs.worldbank.org/en/sustainablecities/building-better-next-disaster-how-retrofitting-homes-can-save-lives-and-strengthen-economies,1,single_source
S443,https://www.sheltercluster.org/environment-community-practice/documents/needs-overview-tip-sheet-environment-climate-change-and,1,single_source
S444,https://www.worldbank.org/en/publication/globalfindex,1,single_source
S445,https://www.cgap.org/research/publication/strengthening-financial-systems-for-climate-adaptation,1,single_source
S446,https://www.cgap.org/research/publication/built-to-adapt-inclusive-financial-institutions-in-changing-climate,1,single_source
S447,https://www.worldbank.org/en/programs/g2px,1,single_source
S448,https://openknowledge.worldbank.org/entities/publication/201bc1a6-94f2-44ea-be18-72e66b4e523a,1,single_source
S449,https://id4d.worldbank.org/global-dataset,1,single_source
S450,https://www.gsma.com/solutions-and-impact/connectivity-for-good/mobile-for-development/gsma_resources/the-state-of-the-industry-report-on-mobile-money-2026,1,single_source
S451,https://www.betterthancash.org/explore-resources/responsible-digital-payments-guidelines,1,single_source
S452,https://www.oecd.org/en/publications/g20-oecd-high-level-principles-on-financial-consumer-protection-2022_48cc3df0-en.html,1,single_source
S453,https://www.consumersinternational.org/media/669193/building-consumer-resilience-in-digital-finance-report-final.pdf,1,single_source
S454,https://www.calpnetwork.org/collection/the-state-of-the-worlds-cash-2023-report,1,single_source
S455,https://blogs.worldbank.org/en/peoplemove/in-2024--remittance-flows-to-low--and-middle-income-countries-ar,1,single_source
S456,https://usp2030.org/wp-content/uploads/usp2030-social-protection-and-climate-finance.pdf,1,single_source
S457,https://openknowledge.worldbank.org/entities/publication/22473718-f0dc-4f45-a045-37b0b3e17827,1,single_source
S458,https://worldjusticeproject.org/our-work/research-and-data/measuring-justice-gap,1,single_source
S459,https://worldjusticeproject.org/news/wjp-rule-law-index-2025-global-press-release,1,single_source
S460,https://legalinstruments.oecd.org/en/instruments/oecd-legal-0498,1,single_source
S461,https://www.oecd.org/en/publications/toolkit-for-access-to-justice-and-people-centred-justice-systems_aecf7f78-en.html,1,single_source
S462,https://www.oecd.org/en/publications/making-justice-systems-more-effective-and-people-centred_e02fd90b-en.html,1,single_source
S463,https://www.oecd.org/en/publications/legal-needs-surveys-and-access-to-justice_g2g9a36c-en.html,1,single_source
S464,https://www.sdg16.plus/justice,1,single_source
S465,https://www.idlo.int/publications/climate-justice-rule-law-approach-transformative-climate-action,1,single_source
S466,https://www.undp.org/sites/g/files/zskgke326/files/2022-12/undp-unhcr-advancing-access-to-justice-and-legal-aid-in-situations-of-forced-displacement.pdf,1,single_source
S467,https://www.ifrc.org/happening-now/advocacy-hub/disaster-law,1,single_source
S468,https://www.onlinelibrary.iihl.org/wp-content/uploads/2025/02/2019-%e2%80%93-ifrc-the-checklist-on-law-and-disaster-preparedness-and-response.pdf,1,single_source
S469,https://disasterdisplacement.org/resource/climate-and-disaster-displacement-the-importance-of-disaster-law-and-policy-factsheet,1,single_source
S470,https://www.unicef.org/press-releases/birth-registration-steadily-increases-worldwide-150-million-children-still-invisible,1,single_source
S471,https://namati.org/what-we-do/grassroots-legal-empowerment,1,single_source
S472,https://wmo.int/activities/common-alerting-protocol-cap,2,duplicate_url_cluster_counts_once
S473,https://www.itu.int/en/itu-d/emergency-telecommunications/pages/early-warnings-for-all-initiative.aspx,1,single_source
S474,missing-url::S474,1,single_source
S475,https://www.itu.int/hub/publication/d-stg-sg01-03-1-2025,1,single_source
S476,https://www.itu.int/en/itu-d/emergency-telecommunications/pages/disaster-connectivity-map.aspx,1,single_source
S477,missing-url::S477,1,single_source
S478,https://www.undrr.org/words-into-action/guide-multi-hazard-early-warning,1,single_source
S479,https://www.undrr.org/publication/inclusive-early-warning-early-action-checklist-and-implementation-guide,1,single_source
S480,https://www.undrr.org/publication/documents-and-publications/early-warning-systems-and-early-action-fragile-conflict,1,single_source
S481,missing-url::S481,1,single_source
S482,https://www.who.int/europe/emergencies/our-work-in-emergencies/rcceim,1,single_source
S483,https://www.unesco.org/en/media-crisis,1,single_source
S484,missing-url::S484,1,single_source
S485,missing-url::S485,1,single_source
S486,missing-url::S486,1,single_source
S487,https://openknowledge.worldbank.org/entities/publication/a475a009-b161-46a8-a365-4b0215d83352,1,single_source
S488,missing-url::S488,1,single_source
S489,https://www.piarc.org/en/order-library/42628-en-piarc%20international%20climate%20change%20adaptation%20framework%202023%20%e2%80%93%20technicalreport,1,single_source
S490,https://openknowledge.worldbank.org/entities/publication/c3a753a6-2310-501b-a37e-5dcab3e96a0b,2,duplicate_url_cluster_counts_once
S491,https://www.undrr.org/publication/transport-sector-recovery-opportunities-build-resilience,1,single_source
S492,https://transport-links.com/wp-content/uploads/2023/10/climate-resilient-transport-a-policy-guide-draft.pdf,1,single_source
S493,https://www.fema.gov/sites/default/files/2020-07/planning-considerations-evacuation-and-shelter-in-place.pdf,1,single_source
S494,https://disasterstrategies.org/wp-content/uploads/2025/05/transit-guidance-evacuation-plans-doc-accessible.pdf,1,single_source
S495,https://www.wfp.org/logistics-cluster,1,single_source
S496,https://unctad.org/topic/transport-and-trade-logistics/policy-and-legislation/climate-change-and-maritime-transport,1,single_source
S497,https://unctad.org/publication/review-maritime-transport-2025,1,single_source
S498,https://www.iea.org/reports/global-ev-outlook-2026/electric-vehicle-charging-chap-6-and-10,1,single_source
S499,https://www.energy.gov/ceser/local-leaders-prepare-energy-emergency,1,single_source
S500,https://openknowledge.worldbank.org/entities/publication/3b387b7f-9536-5220-b4b9-f74e27ad7cbe,1,single_source
S501,https://sdgs.un.org/sites/default/files/2021-10/transportation%20report%202021_fullreport_digital.pdf,1,single_source
S502,https://www.iea.org/reports/climate-resilience-for-energy-security,1,single_source
S503,https://www.iea.org/reports/electricity-grids-and-secure-energy-transitions,1,single_source
S504,https://openknowledge.worldbank.org/entities/publication/c3a753a6-2310-501b-a37e-5dcab3e96a0b,2,duplicate_url_cluster_counts_once
S505,https://documents1.worldbank.org/curated/en/200771560790885170/pdf/stronger-power-improving-power-sector-resilience-to-natural-hazards.pdf,1,single_source
S506,https://www.eia.gov/todayinenergy/detail.php?id=66744,1,single_source
S507,https://www.nerc.com/globalassets/our-work/assessments/ltra_infographic_2025.pdf,1,single_source
S508,https://www.nerc.com/globalassets/our-work/assessments/nerc_wra_2025.pdf,1,single_source
S509,https://www.fema.gov/sites/default/files/documents/fema_incident-annex_power-outage.pdf,1,single_source
S510,https://www.energycodes.gov/sites/default/files/2023-09/pnnl_energy_resilience%20guide_pnnl_final.pdf,1,single_source
S511,https://docs.nrel.gov/docs/fy23osti/84493.pdf,1,single_source
S512,https://empowerprogram.hhs.gov,2,duplicate_url_cluster_counts_once
S513,https://www.who.int/data/gho/data/themes/database-on-electrification-of-health-care-facilities,1,single_source
S514,https://www.epa.gov/waterresilience/power-resilience-guide-water-and-wastewater-utilities,1,single_source
S515,https://www.aceee.org/energy-burden,1,single_source
S516,https://www.worldbank.org/en/news/press-release/2025/06/25/energy-access-has-improved-yet-international-financial-support-still-needed-to-boost-progress-and-address-disparities,1,single_source
S517,https://pubs.naruc.org/pub/458600d2-913f-cbf6-b8f3-bbf1a796f00e,1,single_source
S518,https://www.nrel.gov/docs/fy24osti/89601.pdf,1,single_source
S519,https://www.unep.org/resources/global-waste-management-outlook-2024,1,single_source
S520,https://openknowledge.worldbank.org/entities/publication/d3f9d45e-115f-559b-b14f-28552410e90a,1,single_source
S521,https://www.epa.gov/disaster-debris/guidance-about-planning-natural-disaster-debris,1,single_source
S522,https://www.fema.gov/sites/default/files/documents/fema_pa-debris-removal-guidance-category-a.pdf,1,single_source
S523,https://www.fema.gov/sites/default/files/documents/fema_debris-monitoring-guide_sop_3-01-2021.pdf,1,single_source
S524,https://www.unocha.org/publications/report/world/disaster-waste-management-guidelines,1,single_source
S525,https://www.epa.gov/system/files/documents/2024-07/creating_disaster_resilient_buildings_to_minimize_disaster_debris_508.pdf,1,single_source
S526,https://www.cdc.gov/mold-health/about/clean-up.html,1,single_source
S527,https://www.epa.gov/mold/homeowners-and-renters-guide-mold-cleanup-after-disasters,1,single_source
S528,https://www.osha.gov/emergency-preparedness/hurricane-flood-resources,1,single_source
S529,https://www.who.int/news-room/fact-sheets/detail/health-care-waste,1,single_source
S530,https://www.epa.gov/superfund/remedy-resilience,1,single_source
S531,missing-url::S531,1,single_source
S532,https://www.epa.gov/lmop/basic-information-about-landfill-gas,1,single_source
S533,https://www.unep.org/resources/publication/food-waste-index-report-2024,1,single_source
S534,https://www.epa.gov/system/files/documents/2023-07/swm_climate-final.pdf,1,single_source
S535,https://unhabitat.org/news/22-nov-2022/understanding-the-informal-waste-and-recovery-sector,1,single_source
S536,https://www.fema.gov/emergency-managers/practitioners/lifelines,1,single_source
S537,https://www.fema.gov/emergency-managers/national-preparedness/frameworks/response,1,single_source
S538,https://www.fema.gov/sites/default/files/2020-07/fema_esf_9_search-rescue.pdf,1,single_source
S539,https://www.who.int/publications-detail-redirect/mass-casualty-management-systems-strategies-and-guidelines-for-building-health-sector-capacity,1,single_source
S540,missing-url::S540,1,single_source
S541,https://www.ipcc.ch/srocc/chapter/summary-for-policymakers,1,single_source
S542,https://www.ipcc.ch/report/ar6/wg2,1,single_source
S543,https://openknowledge.fao.org/handle/20.500.14283/cd0683en,1,single_source
S544,https://earth.gov/sealevel/us/resources/2022-sea-level-rise-technical-report,1,single_source
S545,https://heathealth.info/resources/assessment-of-hhaps,1,single_source
S546,missing-url::S546,1,single_source
S547,https://iccinet.org/statecryo25,1,single_source
S548,https://arctic.noaa.gov/report-card/report-card-2025,1,single_source
S549,https://www.ccacoalition.org/content/short-lived-climate-pollutants,1,single_source
S550,https://www.unep.org/news-and-stories/press-release/ministers-urge-decisive-methane-action-global-report-shows-progress,2,duplicate_url_cluster_counts_once
S551,https://www.who.int/news-room/fact-sheets/detail/ambient-(outdoor)-air-quality-and-health,1,single_source
S552,https://www.healtheffects.org/announcements/new-state-global-air-2025-report-shows-nearly-nine-ten-global-air-pollution-deaths-are,1,single_source
S553,https://www.epa.gov/emergencies-iaq/wildfires-and-indoor-air-quality-iaq,1,single_source
S554,https://www.cdc.gov/wildfires/safety/how-to-safely-stay-safe-during-a-wildfire.html,1,single_source
S555,https://www.canada.ca/en/health-canada/services/publications/healthy-living/guidance-cleaner-air-spaces-during-wildfire-smoke-events.html,1,single_source
S556,https://www.oecd.org/en/topics/plastics.html,1,single_source
S557,https://www.iea.org/reports/the-future-of-petrochemicals,1,single_source
S558,https://www.unwomen.org/sites/default/files/2025-11/gender-equality-and-climate-policy-scorecard-methodological-note-en.pdf,1,single_source
S559,https://10insightsclimate.science/year-2024/climate-extremes-harming-maternal-and-reproductive-well-being,1,single_source
S560,https://www.who.int/news-room/articles-detail/call-for-research-proposals-on-climate---sexual-and-reproductive-health-and-rights,1,single_source
S561,https://ncchc.org/position-statements/climate-control-for-extreme-temperatures-in-corrections-2024,1,single_source
S562,https://www.nature.com/articles/s41893-024-01293-y,1,single_source
S563,https://www.undrr.org/our-work/local-resilience,1,single_source
S564,https://toolkit.climate.gov/sites/default/files/2025-02/cr4hc_toolkit_final_12.20.2024.pdf,1,single_source
S565,https://www.who.int/initiatives/oxygen-access-scale-up,1,single_source
S566,https://www.adb.org/sites/default/files/publication/1103166/sdwp-113-health-care-supply-chains.pdf,1,single_source
S567,https://www.bis.org/publ/othp79.htm,1,single_source
S568,https://www.federalreserve.gov/econres/notes/feds-notes/offline-payments-implications-for-reliability-and-resiliency-in-digital-payment-systems-20240816.html,1,single_source
S569,https://www.elibrary.imf.org/view/journals/063/2025/009/article-a001-en.xml,1,single_source
S570,https://www.cisa.gov/topics/emergency-communications,1,single_source
S571,https://www.wfp.org/supply-chain,1,single_source
S572,https://logcluster.org/en/what-we-do/emergency-preparedness/national-regional,1,single_source
S573,missing-url::S573,1,single_source
S574,https://www.icrc.org/en/law-and-policy/climate-and-conflict,1,single_source
S575,https://climatepromise.undp.org/research-and-reports/climate-security-mechanism-progress-report-2024,1,single_source
S576,https://www.ferc.gov/news-events/news/blackstart-study-recommends-collaboration-planning-resilience,1,single_source
S577,https://www.epa.gov/waterutilityresponse/supply-chain-resilience-guide-water-and-wastewater-utilities,1,single_source
S578,https://www.fema.gov/grants/mitigation/learn/dam-safety,1,single_source
S579,https://gca.org/reports/climate-resilient-infrastructure-officer-handbook,1,single_source
S580,https://content.naic.org/article/insurance-commissioners-drive-consumer-protection-strategies-forward-learning-recent-natural,1,single_source
S581,https://www.disasterassistance.gov,2,duplicate_url_cluster_counts_once
S582,https://www.cbo.gov/publication/60674,1,single_source
S583,missing-url::S583,1,single_source
S584,https://consumer.ftc.gov/articles/how-avoid-scams-after-weather-emergencies-and-natural-disasters,2,duplicate_url_cluster_counts_once
S585,https://www.undrr.org/media/48692/download,1,single_source
S586,missing-url::S586,1,single_source
S587,https://asprtracie.hhs.gov/technical-resources/63/crisis-standards-of-care/0,1,single_source
S588,https://www.who.int/docs/default-source/blue-print/ethics-and-covid-19-resource-allocation-and-priority-setting.pdf,1,single_source
S589,missing-url::S589,1,single_source
S590,https://www.epa.gov/waterutilityresponse/mutual-aid-and-assistance-drinking-water-and-wastewater-utilities,1,single_source
S591,https://www.publicpower.org/mutual-aid-and-emergency-response,1,single_source
S592,https://www.energy.gov/sites/default/files/2024-10/exec-2022-001242%20-%20large%20power%20transformer%20resilience%20report%20signed%20by%20secretary%20granholm%20on%207-10-24.pdf,1,single_source
S593,https://ppp.worldbank.org/sites/default/files/2022-03/final-low_wb_g20_report_v4_1jun_2021.pdf,1,single_source
S594,https://www.oecd.org/en/publications/2025/06/government-at-a-glance-2025_70e14c6c/full-report/management-of-asset-performance-throughout-the-life-cycle_77aa88af.html,1,single_source
S595,https://www.who.int/publications/i/item/9789240045125,2,duplicate_url_cluster_counts_once
S596,https://interagencystandingcommittee.org/iasc-task-force-mental-health-and-psychosocial-support-emergency-settings/iasc-guidelines-mental-health-and-psychosocial-support-emergency-settings-2007,1,single_source
S597,https://library.samhsa.gov/product/national-behavioral-health-crisis-care-guidance/pep24-01-037,1,single_source
S598,https://www.eac.gov/election-officials/contingency-planning,1,single_source
S599,https://www.idea.int/news-media/multimedia-reports/impact-natural-hazards-elections,1,single_source
S600,https://www.cisa.gov/resources-tools/resources/guidance-essential-critical-infrastructure-workforce,1,single_source
S601,https://healthcareready.org/disaster-access,1,single_source
S602,missing-url::S602,1,single_source
S603,https://www.fema.gov/sites/default/files/2020-07/fema_esf_6_mass-care.pdf,1,single_source
S604,https://nationalmasscarestrategy.org,1,single_source
S605,https://spherestandards.org/handbook,2,duplicate_url_cluster_counts_once
S606,https://interagencystandingcommittee.org/working-group/iasc-guidelines-integrating-gender-based-violence-interventions-humanitarian-action-2015,1,single_source
S607,https://www.nist.gov/privacy-framework,1,single_source
S608,https://consumer.ftc.gov/articles/how-avoid-scams-after-weather-emergencies-and-natural-disasters,2,duplicate_url_cluster_counts_once
S609,https://www.justice.gov/archives/opa/pr/justice-department-federal-trade-commission-and-consumer-financial-protection-bureau-warn,1,single_source
S610,https://www.nfpa.org/education-and-research/wildfire/firewise-usa,1,single_source
S611,missing-url::S611,1,single_source
S612,https://www.aphis.usda.gov/animal-care/emergency-programs,1,single_source
S613,https://www.ready.gov/pets,1,single_source
S614,missing-url::S614,1,single_source
S615,https://asprtracie.hhs.gov/technical-resources/65/fatality-management/0,1,single_source
S616,https://www.fema.gov/emergency-managers/practitioners/resilience-analysis-and-planning-tool,1,single_source
S617,https://www.ruralhealthinfo.org/topics/emergency-preparedness-and-response,1,single_source
S618,https://www.iccrom.org/programmes/first-aid-and-resilience-times-crisis-far,1,single_source
S619,https://www.fema.gov/assistance/individual/after-applying/verifying-home-ownership-occupancy,1,single_source
S620,https://www.hud.gov/hud-partners/community-cdbg-dr-faqs-collection,1,single_source
S621,https://unhabitat.org/land-and-natural-disasters-guidance-for-practitioners,1,single_source
S622,https://www.fema.gov/grants/mitigation/learn/hazard-mitigation-assistance-guidance,1,single_source
S623,https://www.fema.gov/grants/mitigation/learn/hazard-mitigation,1,single_source
S624,https://www.fema.gov/grants/procurement/resource-library,1,single_source
S625,missing-url::S625,1,single_source
S626,https://www.gfoa.org/materials/disaster-recovery-cost-documentation,1,single_source
S627,https://www.fema.gov/emergency-managers/risk-management/building-science/building-codes-save-study,1,single_source
S628,https://www.fema.gov/emergency-managers/risk-management/building-science/bcat,1,single_source
S629,https://www.fema.gov/assistance/public/policy-guidance-fact-sheets/section-1206-building-code-and-floodplain-management-administration-and,1,single_source
S630,https://www.osha.gov/emergency-preparedness,1,single_source
S631,https://www.cdc.gov/niosh/heat-stress/about/index.html,1,single_source
S632,https://www.fema.gov/sites/default/files/2020-08/fema_p85.pdf,1,single_source
S633,https://files.hudexchange.info/resources/documents/disaster_recovery_disaster_impact_needs_assessment_kit.pdf,1,single_source
S634,https://www.nvoad.org/wp-content/uploads/national-voad-ltr-guide-2023.pdf,1,single_source
S635,https://www.fema.gov/national-disaster-recovery-framework,3,duplicate_url_cluster_counts_once
S636,https://www.fema.gov/emergency-managers/practitioners/recovery-resources/community-toolkit,2,duplicate_url_cluster_counts_once
S637,https://www.fema.gov/sites/default/files/documents/fema_national-resilience-guidance_august2024.pdf,1,single_source
S638,https://mcr2030.undrr.org/disaster-resilience-scorecard-cities,1,single_source
S639,https://www.fema.gov/sites/default/files/documents/fema_continuity-guidance-circular_082024.pdf,1,single_source
S640,https://home.treasury.gov/news/press-releases/jy2791,1,single_source
S641,https://content.naic.org/sites/default/files/natural-catastrophe-risk-dashboard-report-final.pdf,1,single_source
S642,https://www.oecd.org/en/publications/financial-protection-against-catastrophic-risks_32a3acd7-en/full-report/insurance-coverage-for-wildfire-risk_f5877210.html,1,single_source
S643,https://www.eiopa.europa.eu/tools-and-data/dashboard-insurance-protection-gap-natural-catastrophes_en,1,single_source
S644,https://disasterlaw.ifrc.org/sites/default/files/media/disaster_law/2025-11/pped%20fact%20sheet%20-%20external%20assistance_final.pdf,1,single_source
S645,https://www.wcoomd.org/en/topics/facilitation/activities-and-programmes/natural-disaster.aspx,1,single_source
S646,https://unece.org/sites/default/files/2023-10/rec44-ece-trade-461e.pdf,1,single_source
S647,https://www.unwater.org/publications/progress-transboundary-water-cooperation-2024-update,1,single_source
S648,https://unece.org/environment-policy/water/areas-work-convention/water-and-adaptation-climate-change,1,single_source
S649,https://www.osha.gov/heat-exposure/standards,1,single_source
S650,https://www.cdc.gov/niosh/heat-stress/communication-resources/app.html,1,single_source
S651,https://www.imf.org/-/media/files/publications/fiscal-monitor/2026/april/english/text.pdf,1,single_source
S652,https://thedocs.worldbank.org/en/doc/1820b53ad5cba038ff885cc3758ba59f-0340012021/original/cat-ddo-ibrd-product-note.pdf,1,single_source
S653,https://sendaimonitor.undrr.org,1,single_source
S654,https://www.earthdata.nasa.gov/topics/human-dimensions/natural-hazards,1,single_source
S655,https://www.fema.gov/disaster/recover/rumor-response,1,single_source
S656,https://www.cisa.gov/topics/industrial-control-systems,1,single_source
S657,https://www.cisa.gov/resources-tools/resources/principles-operational-technology-cyber-security,1,single_source
S658,https://www.cisa.gov/resources-tools/resources/secure-demand-priority-considerations-operational-technology-owners-and-operators-when-selecting,1,single_source
S659,https://www.epa.gov/rmp/risk-management-program-safer-communities-chemical-accident-prevention-final-rule,1,single_source
S660,https://joint-research-centre.ec.europa.eu/projects-and-activities/natural-and-man-made-hazards/technological-accidents-triggered-natural-hazards_en,1,single_source
S661,https://www.gao.gov/products/gao-25-106253,1,single_source
S662,https://www.unep.org/resources/report/global-industry-standard-tailings-management,1,single_source
S663,https://www.cdc.gov/wastewater/about/index.html,1,single_source
S664,https://wmo.int/resources/publication-series/state-of-climate-services/2023-state-of-climate-services-health,1,single_source
S665,https://www.who.int/publications/m/item/global-strategic-preparedness--readiness-and-response-plan-for-dengue-and-other-aedes-borne-arboviruses,1,single_source
S666,https://www.gfdrr.org/en/open-data-resilience-initiative-opendri,1,single_source
S667,https://legalinstruments.oecd.org/en/instruments/oecd-legal-0438,1,single_source
S668,https://wmo.int/resources/publication-series/global-status-of-multi-hazard-early-warning-systems/global-status-of-multi-hazard-early-warning-systems-2025,2,duplicate_url_cluster_counts_once
S669,https://wmo.int/activities/early-warnings-all/wmo-and-early-warnings-all-initiative,1,single_source
S670,https://wmo.int/site/early-warnings-all/dashboards/early-warnings-all-dashboard,1,single_source
S671,https://www.ifrc.org/early-warning-early-action,1,single_source
S672,https://www.ifrc.org/happening-now/emergencies/anticipatory-pillar-dref,1,single_source
S673,https://www.unocha.org/anticipatory-action,1,single_source
S674,https://cerf.un.org/anticipatory-action,1,single_source
S675,https://preparecenter.org/toolkit/ewaa-resource-hub,1,single_source
S676,https://www.fema.gov/emergency-managers/national-preparedness/plan/evacuation-shelter-in-place,1,single_source
S677,https://content.govdelivery.com/accounts/usdhsfema/bulletins/3c7dda6,1,single_source
S678,https://www.wpc.ncep.noaa.gov/heatrisk,1,single_source
S679,https://www.wpc.ncep.noaa.gov/heatrisk/cdc.html,1,single_source
S680,https://www.airnow.gov/aqi,1,single_source
S681,https://www.epa.gov/wildfire-smoke-course/wildfire-smoke-and-your-patients-health,1,single_source
S682,https://wmo.int/activities/common-alerting-protocol-cap,2,duplicate_url_cluster_counts_once
S683,https://www.undrr.org/early-warnings-for-all/common-alerting-protocol,1,single_source
S684,https://www.worldbank.org/en/programs/sahel-adaptive-social-protection-program-trust-fund/thematic-areas/climate-shock-responsive-delivery-systems,2,duplicate_url_cluster_counts_once
S685,https://wmo.int/resources/publication-series/global-status-of-multi-hazard-early-warning-systems/early-warnings-all-focus-hazard-monitoring-and-forecasting,1,single_source
S686,https://www.weather.gov/about/idss,1,single_source
S687,https://www.fema.gov/sites/default/files/2020-07/fema_nims_doctrine-2017.pdf,1,single_source
S688,https://www.fema.gov/disaster/how-declared/preliminary-damage-assessments/guide,1,single_source
S689,https://www.cdc.gov/casper/php/overview/index.html,1,single_source
S690,https://interagencystandingcommittee.org/iasc-needs-assessment-task-force/iasc-multi-clustersector-initial-rapid-assessment-mira-manual-2015,1,single_source
S691,https://www.fema.gov/sites/default/files/documents/fema_distribution-management-plan-guide-2.0.pdf,1,single_source
S692,https://femap2055.atcouncil.org,1,single_source
S693,https://www.fema.gov/sites/default/files/2020-07/fema_nrf_support-annex_volunteer.pdf,1,single_source
S694,https://www.fema.gov/about/glossary/disaster-survivor-assistance,1,single_source
S695,https://www.fema.gov/about/civil-rights/survivors,1,single_source
S696,https://www.cdc.gov/phlp/docs/ph-emergencies.pdf,1,single_source
S697,https://preptoolkit.fema.gov/web/nims-toolkit/resource-management,1,single_source
S698,https://www.fema.gov/sites/default/files/documents/fema_iappg-1.1.pdf,1,single_source
S699,https://www.fema.gov/national-disaster-recovery-framework,3,duplicate_url_cluster_counts_once
S700,https://www.fema.gov/sites/default/files/documents/fema_housing_planning_guide_final_20240418_2025.pdf,1,single_source
S701,https://www.hud.gov/hud-partners/community-cdbg-dr,1,single_source
S702,https://nche.ed.gov/wp-content/uploads/2018/10/csds_relief.pdf,1,single_source
S703,https://empowerprogram.hhs.gov,2,duplicate_url_cluster_counts_once
S704,https://aspr.hhs.gov/epap/pages/default.aspx,1,single_source
S705,https://files.asprtracie.hhs.gov/documents/aspr-tracie-cms-ep-rule-esrd-requirements.pdf,1,single_source
S706,https://www.fns.usda.gov/disaster,1,single_source
S707,https://www.fns.usda.gov/snap/dsnap/state-agencies-partners-resources,1,single_source
S708,https://acf.gov/ocs/programs/liheap,1,single_source
S709,https://www.epa.gov/waterfinancecenter/compendium-drinking-water-and-wastewater-customer-assistance-programs,1,single_source
S710,https://www.irs.gov/businesses/small-businesses-self-employed/disaster-assistance-and-emergency-relief-for-individuals-and-businesses,1,single_source
S711,https://www.disasterassistance.gov/get-assistance/forms-of-assistance/4464,1,single_source
S712,https://www.fema.gov/assistance/individual/disaster-survivors/disaster-case-management-toolbox,1,single_source
S713,https://www.disasterassistance.gov,2,duplicate_url_cluster_counts_once
S714,https://www.fema.gov/emergency-managers/practitioners/lifelines-toolkit,1,single_source
S715,https://www.nist.gov/community-resilience/planning-guide,1,single_source
S716,https://www.fema.gov/emergency-managers/practitioners/recovery-resources/community-toolkit,2,duplicate_url_cluster_counts_once
S717,https://www.consumerfinance.gov/consumer-tools/disasters-and-emergencies/start-recovering-and-rebuilding-your-financial-life,1,single_source
S718,https://www.consumerfinance.gov/ask-cfpb/what-should-i-do-after-a-disaster-to-protect-my-finances-and-property-en-1513,1,single_source
S719,https://oui.doleta.gov/unemploy/disaster.asp,1,single_source
S720,https://www.hud.gov/stat/fheo/requirements-community-development-block-grant,1,single_source
S721,https://www.fema.gov/assistance/individual/housing,1,single_source
S722,https://www.transit.dot.gov/funding/grant-programs/emergency-relief-program,1,single_source
S723,https://www.fema.gov/disaster/recover/replacing-vital-documents,1,single_source
S724,https://pages.nist.gov/800-63-4,1,single_source
S725,https://www.fcc.gov/wireless-network-resiliency-during-disasters,1,single_source
S726,https://www.fema.gov/grants/tools/benefit-cost-analysis,1,single_source
S727,https://www.fema.gov/sites/default/files/documents/fema_hmd_2025-local-mitigation-planning-handbook_06122025.pdf,1,single_source
S728,https://www.fema.gov/floodplain-management,1,single_source
S729,https://www.fema.gov/openfema-data-page/nfip-multiple-loss-properties-v1,1,single_source
S730,https://www.fema.gov/floodplain-management/community-rating-system,1,single_source
S731,https://www.fema.gov/sites/default/files/documents/fema_state-flood-risk-disclosure-best-practices_07142022.pdf,1,single_source
S732,missing-url::S732,1,single_source
S733,https://water.noaa.gov/about/atlas15,1,single_source
S734,https://www.nist.gov/programs-projects/resilient-infrastructure-and-future-hazard-impacts-windstorms,1,single_source
S735,https://www.asce.org/-/media/asce-images-and-files/advocacy/documents/pathways-to-resilient-communities-asce-toolkit.pdf,1,single_source
S736,https://gca.org/wp-content/uploads/2025/06/climate-resilient-infrastructure-handbook_20250613.pdf,1,single_source
S737,https://www.oecd.org/en/publications/climate-adaptation-investment-framework_8686fc27-en.html,1,single_source
S738,https://www.fema.gov/sites/default/files/2020-07/fema_bric_nature-based-solutions-guide_2020.pdf,1,single_source
S739,https://documents.worldbank.org/en/publication/documents-reports/documentdetail/099150503202338102,1,single_source
S740,missing-url::S740,1,single_source
S741,https://www.deltares.nl/en/expertise/areas-of-expertise/sea-level-rise/dynamic-adaptive-policy-pathways,1,single_source
S742,https://resilientca.org/apg/adaptation-pathways,1,single_source
S743,https://www.iso.org/standard/68507.html,1,single_source
S744,https://www.iso.org/standard/68508.html,1,single_source
S745,https://www.undrr.org/publication/principles-resilient-infrastructure,1,single_source
S746,https://financing.desa.un.org/document/un-handbook-infrastructure-asset-management,1,single_source
S747,https://pievc.ca/protocol,1,single_source
S748,https://www.fsb-tcfd.org/publications,1,single_source
S749,https://www.ifrs.org/issued-standards/ifrs-sustainability-standards-navigator/ifrs-s2-climate-related-disclosures,1,single_source
S750,https://www.asce.org/advocacy/policy-statements/ps360---climate-change,1,single_source
S751,https://www.acec.org/wp-content/uploads/2025/09/acec-commentary-on-climate-change-8-15-25.pdf,1,single_source
S752,https://toolkit.climate.gov/adaptation,1,single_source
S753,https://www.gfdrr.org/en/resilient-infrastructure,1,single_source
S754,https://damsafety.org/content/climate-resilient-infrastructure-adaptive-design-and-risk-management,1,single_source
S755,https://www.iso.org/standard/55088.html,1,single_source
S756,https://www.w3.org/tr/vocab-data-cube,1,single_source
S757,https://www.w3.org/tr/vocab-dcat-3,1,single_source
S758,https://www.w3.org/tr/prov-o,1,single_source
S759,https://www.nature.com/articles/sdata201618,1,single_source
S760,https://resources.data.gov/resources/dcat-us3,1,single_source
S761,https://www.gao.gov/greenbook,1,single_source
S762,https://www.whitehouse.gov/wp-content/uploads/2026/03/omb-circular-no.-a-123-2026.pdf,1,single_source
S763,https://preptoolkit.fema.gov/web/cip-citap/ncig,1,single_source
S764,https://preptoolkit.fema.gov/web/hseep-resources/improvement-planning,7,duplicate_url_cluster_counts_once
S765,https://legalinstruments.oecd.org/en/instruments/oecd-legal-0435,1,single_source
S766,https://www.oecd.org/en/publications/anti-corruption-and-integrity-outlook-2026_16708b78-en/full-report/component-14.html,1,single_source
S767,https://www.open-contracting.org/data-standard,2,duplicate_url_cluster_counts_once
S768,https://www.transit.dot.gov/regulations-and-guidance/civil-rights-ada/title-vi-emergency-preparedness-guidance,1,single_source
S769,https://www.ojp.gov/program/civil-rights-office/limited-english-proficient-lep,1,single_source
S770,https://www.iso.org/standard/75106.html,1,single_source
S771,https://www.iea.org/reports/the-path-to-a-new-era-for-nuclear-energy,1,single_source
S772,https://iea.blob.core.windows.net/assets/b6a6fc8c-c62e-411d-a15c-bf211ccc06f3/thepathtoanewerafornuclearenergy.pdf,1,single_source
S773,https://www.iaea.org/topics/nuclear-power-and-climate-change,2,duplicate_url_cluster_counts_once
S774,https://www.ipcc.ch/report/ar6/wg3/chapter/chapter-6,2,duplicate_url_cluster_counts_once
S775,https://www.oecd-nea.org/jcms/pl_15000/the-costs-of-decarbonisation-system-costs-with-high-shares-of-nuclear-and-renewables,1,single_source
S776,https://liftoff.energy.gov/advanced-nuclear,1,single_source
S777,https://pris.iaea.org/pris,1,single_source
S778,https://www.worldbank.org/en/news/press-release/2025/06/26/world-bank-group-iaea-partner-to-support-safe-secure-and-responsible-nuclear-energy-development,1,single_source
S779,https://unece.org/sed/documents/2021/10/reports/life-cycle-assessment-electricity-generation-options,2,duplicate_url_cluster_counts_once
S780,https://www.oecd-nea.org/jcms/pl_73678/nea-small-modular-reactor-smr-dashboard,1,single_source
S781,https://www.iaea.org/publications/11079/safety-of-nuclear-power-plants-design,1,single_source
S782,https://www.iaea.org/publications/15217/site-evaluation-for-nuclear-installations,1,single_source
S783,https://www.nrc.gov/reactors/new-reactors/advanced.html,1,single_source
S784,https://www.oecd-nea.org/upload/docs/application/pdf/2025-09/web_-_smr_dashboard_-_third_edition.pdf,1,single_source
S785,https://www.energy.gov/ne/haleu-availability-program,3,duplicate_url_cluster_counts_once
S786,https://world-nuclear.org/information-library/nuclear-fuel-cycle/conversion-enrichment-and-fabrication/high-assay-low-enriched-uranium-haleu,1,single_source
S787,https://www-pub.iaea.org/mtcd/publications/pdf/te-2119web.pdf,1,single_source
S788,https://www-pub.iaea.org/mtcd/publications/pdf/pat-003_web.pdf,1,single_source
S789,https://www.nerc.com/globalassets/our-work/assessments/nerc_ltra_2025.pdf,2,duplicate_url_cluster_counts_once
S790,https://www.iea.org/energy-system/electricity/nuclear-power,2,duplicate_url_cluster_counts_once
S791,https://www.iaea.org/newscenter/news/nuclear-energy-in-the-clean-energy-transition,1,single_source
S792,https://oecd-nea.org/jcms/pl_107879/nea-small-modular-reactor-digital-dashboard,1,single_source
S793,https://www.nrc.gov/reactors/new-reactors/advanced/modernizing/rulemaking/part-53,1,single_source
S794,https://www.nrc.gov/about-nrc/regulatory/licensing/pub-involve,1,single_source
S795,https://www.nrc.gov/reactors/new-reactors/advanced/modernizing/rulemaking/emergency-preparedness,2,duplicate_url_cluster_counts_once
S796,https://www.energy.gov/ne/us-department-energy-consent-based-siting-process-federal-consolidated-interim-storage-spent,1,single_source
S797,https://www.iaea.org/topics/nuclear-safety-conventions/joint-convention-safety-spent-fuel-management-and-safety-radioactive-waste,1,single_source
S798,https://www.iaea.org/publications/8629/nuclear-security-recommendations-on-physical-protection-of-nuclear-material-and-nuclear-facilities-infcirc225revision-5,2,duplicate_url_cluster_counts_once
S799,https://www.iaea.org/resources/nuclear-security-series,1,single_source
S800,https://www.energy.gov/ne/articles/department-energy-seeks-partner-private-sector-used-nuclear-fuel-recycling,1,single_source
S801,https://www.oecd-nea.org/jcms/pl_96124/effective-frameworks-and-strategies-for-financing-nuclear-new-build?details=true,1,single_source
S802,https://www.oecd-nea.org/upload/docs/application/pdf/2024-11/7688_financing_market_design_and_project_management.pdf,1,single_source
S803,https://www.energy.gov/lpo/articles/technical-eligibility-guide-title-17-innovative-clean-energy-nuclear,1,single_source
S804,https://www.energy.gov/oe/clean-energy-resources-meet-data-center-electricity-demand,1,single_source
S805,https://www.eia.gov/pressroom/releases/press582.php,1,single_source
S806,https://www.nerc.com/globalassets/our-work/guidelines/reliability/rg_risk-mitigation-for-emerging-large-loads.pdf,1,single_source
S807,https://powering-intelligence.epri.com,1,single_source
S808,https://www.constellationenergy.com/news/2024/constellation-to-launch-crane-clean-energy-center-restoring-jobs-and-carbon-free-power-to-the-grid.html,1,single_source
S809,https://blog.google/company-news/outreach-and-initiatives/sustainability/google-kairos-power-nuclear-energy-agreement,1,single_source
S810,https://www.energy.gov/articles/energy-department-awards-94-million-american-companies-help-expedite-deployments-small,1,single_source
S811,https://www.energy.gov/articles/fact-sheet-energy-department-delivering-accelerating-deployment-nuclear-power,1,single_source
S812,https://world-nuclear.org/our-association/publications/global-trends-reports/world-nuclear-performance-report,1,single_source
S813,https://www.iaea.org/resources/databases/power-reactor-information-system-pris,1,single_source
S814,https://www.nrc.gov/reactors/operating/oversight,1,single_source
S815,https://www.nrc.gov/reactors/operating/oversight/pi-summary,2,duplicate_url_cluster_counts_once
S816,https://www.eia.gov/nuclear/data.php,1,single_source
S817,https://www.iaea.org/topics/operation-and-maintenance,1,single_source
S818,https://www-pub.iaea.org/mtcd/publications/pdf/pub1805_web.pdf,1,single_source
S819,https://www-pub.iaea.org/mtcd/publications/pdf/te_1315_web.pdf,1,single_source
S820,https://www.gao.gov/products/gao-25-107807,1,single_source
S821,https://pris.iaea.org/pris/worldstatistics/worldtrendinunitcapabilityfactor.aspx,1,single_source
S822,https://www.iaea.org/topics/non-electric-applications,1,single_source
S823,https://www.iaea.org/topics/non-electric-applications/industrial-applications-and-nuclear-cogeneration,1,single_source
S824,https://www.iaea.org/topics/non-electric-applications/nuclear-desalination,1,single_source
S825,https://www.iaea.org/publications/13385/guidance-on-nuclear-energy-cogeneration,1,single_source
S826,https://www-pub.iaea.org/mtcd/publications/pdf/te-2056web.pdf,1,single_source
S827,https://www.energy.gov/edf/clean-hydrogen-projects,1,single_source
S828,https://www.energy.gov/ne/articles/advantages-and-challenges-nuclear-powered-data-centers,1,single_source
S829,https://www.energy.gov/policy/ai-infrastructure-doe-lands-request-information,1,single_source
S830,https://sai.inl.gov/report/preliminary-analysis-of-nuclear-powered-data-center-scenarios,1,single_source
S831,https://powering-intelligence.epri.com/load-growth.html,1,single_source
S832,https://www.iaea.org/sites/default/files/gc/gc69-inf9.pdf,1,single_source
S833,https://www.energy.gov/ne/haleu-availability-program,3,duplicate_url_cluster_counts_once
S834,https://www.energy.gov/ne/us-department-energy-haleu-allocation-process,1,single_source
S835,https://www.oecd-nea.org/jcms/pl_103179/uranium-2024-resources-production-and-demand,1,single_source
S836,https://www.iaea.org/topics/spent-fuel-management,1,single_source
S837,https://www.iaea.org/publications/12302/storing-spent-fuel-until-transport-to-reprocessing-or-disposal,1,single_source
S838,https://www.iaea.org/topics/transporting-radioactive-materials,1,single_source
S839,https://www.iaea.org/topics/transport,1,single_source
S840,https://www-pub.iaea.org/mtcd/publications/pdf/pub2127web.pdf,1,single_source
S841,https://www.energy.gov/ne/articles/energy-department-establish-new-consortium-nuclear-fuel-supply-chain,1,single_source
S842,https://www.iea.org/energy-system/electricity/nuclear-power,2,duplicate_url_cluster_counts_once
S843,https://unece.org/sed/documents/2021/10/reports/life-cycle-assessment-electricity-generation-options,2,duplicate_url_cluster_counts_once
S844,https://www.ipcc.ch/report/ar6/wg3/chapter/chapter-6,2,duplicate_url_cluster_counts_once
S845,https://docs.nrel.gov/docs/fy21osti/80580.pdf,1,single_source
S846,https://www.eia.gov/energyexplained/nuclear/us-nuclear-industry.php,1,single_source
S847,https://www.nerc.com/globalassets/our-work/assessments/nerc_ltra_2025.pdf,2,duplicate_url_cluster_counts_once
S848,https://www.iaea.org/topics/nuclear-power-and-climate-change,2,duplicate_url_cluster_counts_once
S849,https://www.iaea.org/newscenter/news/five-reasons-the-clean-energy-transition-needs-nuclear-power,1,single_source
S850,https://ourworldindata.org/safest-sources-of-energy,1,single_source
S851,https://www.energy.gov/ne/articles/what-generation-capacity,1,single_source
S852,https://www.iea.org/reports/the-path-to-a-new-era-for-nuclear-energy/executive-summary,1,single_source
S853,https://www.energy.gov/ne/haleu-availability-program,3,duplicate_url_cluster_counts_once
S854,https://www.energy.gov/articles/us-department-energy-awards-27-billion-restore-american-uranium-enrichment,1,single_source
S855,https://www.oecd-nea.org/jcms/pl_22152/security-of-fuel-supply,1,single_source
S856,https://www.oecd-nea.org/jcms/pl_28569/uranium-resources-production-and-demand-red-book,1,single_source
S857,https://www.iaea.org/topics/management-systems/management-of-the-nuclear-supply-chain,1,single_source
S858,https://www.state.gov/bureau-of-international-security-and-nonproliferation/releases/2025/01/123-agreements,1,single_source
S859,https://www.energy.gov/nnsa/123-agreements-peaceful-cooperation,1,single_source
S860,https://www.exim.gov/policies/small-modular-reactor-financing,1,single_source
S861,https://www.iaea.org/topics/basics-of-iaea-safeguards,1,single_source
S862,https://www.iaea.org/sites/default/files/25/03/sg-in-2025.pdf,1,single_source
S863,https://www.reuters.com/business/energy/russia-signs-agreement-build-nuclear-power-plant-kazakhstan-2026-05-28,1,single_source
S864,https://www.iaea.org/publications/8488/workforce-planning-for-new-nuclear-power-programmes,1,single_source
S865,https://www.iaea.org/publications/13551/human-resource-development-for-nuclear-power-programmes,1,single_source
S866,https://www.iaea.org/bulletin/nuclear-human-resource-development-for-a-net-zero-future,1,single_source
S867,https://www.iaea.org/topics/infrastructure-development/e-learning-for-nuclear-newcomers,1,single_source
S868,https://www.nrc.gov/reactors/operator-licensing,1,single_source
S869,https://www.nrc.gov/reactors/operator-licensing/licensing-process,1,single_source
S870,https://www.nrc.gov/reading-rm/doc-collections/fact-sheets/operator-licensing,1,single_source
S871,https://www.iaea.org/publications/3753/safety-culture,1,single_source
S872,https://www.iaea.org/publications/6457/key-practical-issues-in-strengthening-safety-culture,1,single_source
S873,https://www.iaea.org/topics/nuclear-knowledge-management,1,single_source
S874,https://www.iaea.org/about/organizational-structure/department-of-nuclear-energy/division-of-planning-information-and-knowledge-management/nuclear-knowledge-management-section,1,single_source
S875,https://www.energy.gov/ne/articles/3-workforce-trends-nuclear-energy-2025,1,single_source
S876,https://www.energy.gov/gc/price-anderson-act,1,single_source
S877,https://www.ecfr.gov/current/title-10/chapter-i/part-140,1,single_source
S878,https://www.nrc.gov/docs/ml2331/ml23319a341.pdf,1,single_source
S879,https://www.nrc.gov/waste/decommissioning/finan-assur,1,single_source
S880,https://www.nrc.gov/waste/decommissioning/finan-assur/bi-decom-reports,1,single_source
S881,https://www.ecfr.gov/current/title-10/chapter-i/part-50/subject-group-ecfrbe827381d095/section-50.75,1,single_source
S882,https://www.iaea.org/topics/nuclear-liability-conventions,1,single_source
S883,https://www.iaea.org/topics/nuclear-liability-conventions/convention-supplementary-compensation-nuclear-damage,1,single_source
S884,https://www.iaea.org/topics/nuclear-liability-conventions/vienna-convention-on-civil-liability-for-nuclear-damage,1,single_source
S885,https://www.oecd-nea.org/jcms/pl_20196/paris-convention-on-third-party-liability-in-the-field-of-nuclear-energy-paris-convention-or-pc,1,single_source
S886,https://www.oecd-nea.org/jcms/pl_29282/brussels-convention-supplementary-to-the-paris-convention-on-third-party-liability-in-the-field-of-nuclear-energy-brussels-supplementary-convention-or-bsc,1,single_source
S887,https://www.iaea.org/topics/funding-and-finance,1,single_source
S888,https://www.iaea.org/services/review-missions/integrated-review-service-for-radioactive-waste-and-spent-fuel-management-decommissioning-and-remediation-artemis,1,single_source
S889,https://www.oecd-nea.org/jcms/pl_103179/uranium-2024-resources-production-and-demand?details=true,1,single_source
S890,https://www-pub.iaea.org/mtcd/publications/pdf/pub1406_web.pdf,1,single_source
S891,https://www.iaea.org/publications/5696/decommissioning-of-facilities-for-mining-and-milling-of-radioactive-ores-and-closeout-of-residues,1,single_source
S892,https://www.iaea.org/publications/7054/the-long-term-stabilization-of-uranium-mill-tailings,1,single_source
S893,https://www.epa.gov/radiation/health-and-environmental-protection-standards-uranium-and-thorium-mill-tailings-40-cfr,1,single_source
S894,https://www.epa.gov/radiation/subpart-w-national-emission-standards-radon-emissions-operating-mill-tailings,1,single_source
S895,https://www.nrc.gov/info-finder/decommissioning/uranium/index,1,single_source
S896,https://www.energy.gov/lm/articles/umtrca-title-i-and-ii-disposal-and-processing-sites-fact-sheet,1,single_source
S897,https://www.epa.gov/navajo-nation-uranium-cleanup/aum-cleanup,1,single_source
S898,https://www.un.org/development/desa/indigenouspeoples/wp-content/uploads/sites/19/2018/11/undrip_e_web.pdf,1,single_source
S899,https://www-pub.iaea.org/mtcd/publications/pdf/te_979_prn.pdf,1,single_source
S900,https://www.ncbi.nlm.nih.gov/books/nbk201032,1,single_source
S901,https://www.iaea.org/newscenter/news/impact-of-climate-related-hazards-on-the-safety-of-nuclear-installations-experts-discuss,1,single_source
S902,https://www.iaea.org/topics/siting,1,single_source
S903,https://www.iaea.org/publications/15005/protection-against-internal-and-external-hazards-in-the-operation-of-nuclear-power-plants,1,single_source
S904,https://www.iaea.org/services/review-missions/site-and-external-events-design-review-service-seed,1,single_source
S905,https://www.ecfr.gov/current/title-10/chapter-i/part-50/section-50.63,1,single_source
S906,https://www.ecfr.gov/current/title-10/chapter-i/part-50/section-50.47,1,single_source
S907,https://www.nationalacademies.org/read/21874/chapter/5,1,single_source
S908,https://www.iaea.org/bulletin/the-resilience-and-safety-of-nuclear-power-in-the-face-of-extreme-events,1,single_source
S909,https://www-pub.iaea.org/mtcd/publications/pdf/pub2103e_web.pdf,1,single_source
S910,https://www-pub.iaea.org/mtcd/publications/pdf/p15876-pub2124_web.pdf,1,single_source
S911,https://www-pub.iaea.org/mtcd/publications/pdf/pub1968_web.pdf,1,single_source
S912,https://www.sciencedirect.com/science/article/pii/s2211467x24000725,1,single_source
S913,https://www.nrc.gov/security/cybersecurity,1,single_source
S914,https://www.ecfr.gov/current/title-10/chapter-i/part-73/subpart-f/section-73.54,1,single_source
S915,https://www.nrc.gov/docs/ml2225/ml22258a204.pdf,1,single_source
S916,https://www-pub.iaea.org/mtcd/publications/pdf/pub1921_web.pdf,1,single_source
S917,https://www.iaea.org/topics/computer-and-information-security,1,single_source
S918,https://csrc.nist.gov/pubs/sp/800/82/r3/final,1,single_source
S919,https://www.nrc.gov/reactors/digital,1,single_source
S920,https://www.nrc.gov/reactors/digital/modernize,1,single_source
S921,https://csrc.nist.gov/pubs/sp/800/218/final,1,single_source
S922,https://www.cisa.gov/cross-sector-cybersecurity-performance-goals,1,single_source
S923,https://www.nrc.gov/reading-rm/doc-collections/gen-comm/reg-issues/2025/index,1,single_source
S924,https://www.cisa.gov/cybersecurity-performance-goals-2-0-cpg-2-0,1,single_source
S925,https://www.nrc.gov/reading-rm/doc-collections/cfr/part073/part073-0055,1,single_source
S926,https://www.ecfr.gov/current/title-10/chapter-i/part-73/subpart-a/section-73.1,1,single_source
S927,https://www.iaea.org/publications/8629/nuclear-security-recommendations-on-physical-protection-of-nuclear-material-and-nuclear-facilities-infcirc225revision-5,2,duplicate_url_cluster_counts_once
S928,https://www.iaea.org/publications/11092/physical-protection-of-nuclear-material-and-nuclear-facilities-implementation-of-infcirc225revision-5,1,single_source
S929,https://www.nrc.gov/reading-rm/doc-collections/fact-sheets/force-on-force-bg,1,single_source
S930,https://www.nrc.gov/reading-rm/doc-collections/fact-sheets/bg-reactor-security-inspection,1,single_source
S931,https://www.nrc.gov/reading-rm/doc-collections/fact-sheets/fs-drone-pwr-plant-security,1,single_source
S932,https://www.nrc.gov/reactors/operating/ops-experience/access-authorization,1,single_source
S933,https://www.ecfr.gov/current/title-10/chapter-i/part-73/subpart-g/section-73.56,1,single_source
S934,https://www.nrc.gov/docs/ml1521/ml15219a609.pdf,1,single_source
S935,https://www.iaea.org/topics/transport-security,1,single_source
S936,https://www.nrc.gov/security/byproduct/10-cfr-part-37,1,single_source
S937,https://www.iaea.org/publications/10983/self-assessment-of-nuclear-security-culture-in-facilities-and-activities,1,single_source
S938,https://www.reuters.com/business/energy/us-nuclear-power-regulator-phases-out-agency-led-commando-drills-plants-2026-04-06,1,single_source
S939,https://www.nrc.gov/reading-rm/doc-collections/cfr/part020/full-text,1,single_source
S940,https://www.nrc.gov/reading-rm/doc-collections/cfr/part050/part050-appi,1,single_source
S941,https://www.epa.gov/radiation/environmental-radiation-protection-standards-nuclear-power-operations-40-cfr-part-190,1,single_source
S942,https://www.ecfr.gov/current/title-40/chapter-i/subchapter-f/part-190,1,single_source
S943,https://www.nrc.gov/reading-rm/doc-collections/fact-sheets/env-monitoring,1,single_source
S944,https://www.nrc.gov/reactors/operating/ops-experience/tritium/plant-info,1,single_source
S945,https://www.nrc.gov/reading-rm/doc-collections/fact-sheets/tritium-radiation-fs,1,single_source
S946,https://www.nrc.gov/reactors/operating/ops-experience/grndwtr-contam-tritium,1,single_source
S947,https://www.iaea.org/publications/12197/regulatory-control-of-radioactive-discharges-to-the-environment,1,single_source
S948,https://www-pub.iaea.org/mtcd/publications/pdf/pub1216_web.pdf,1,single_source
S949,https://www.epa.gov/radnet,1,single_source
S950,https://www.epa.gov/dwreginfo/radionuclides-rule,1,single_source
S951,https://www.nrc.gov/docs/ml0913/ml091310141.pdf,1,single_source
S952,https://www.unscear.org/unscear/en/publications/scientific-reports.html,1,single_source
S953,https://www.nrc.gov/reading-rm/doc-collections/fact-sheets/emerg-plan-prep-nuc-power,2,duplicate_url_cluster_counts_once
S954,https://www.nrc.gov/about-nrc/emerg-preparedness/about-emerg-preparedness/planning-zones,1,single_source
S955,https://www.fema.gov/emergency-managers/practitioners/hazardous-response-capabilities/radiological,3,duplicate_url_cluster_counts_once
S956,https://www.fema.gov/emergency-managers/practitioners/hazardous-response-capabilities/radiological/rep-program-manual,4,duplicate_url_cluster_counts_once
S957,https://www.ecfr.gov/current/title-10/chapter-i/part-50/subject-group-ecfr89aa6ca4aada73c/appendix-appendix%20e%20to%20part%2050,5,duplicate_url_cluster_counts_once
S958,https://www.nrc.gov/about-nrc/emerg-preparedness/regs-guidance-comm.html,1,single_source
S959,https://www.nrc.gov/about-nrc/emerg-preparedness/about-emerg-preparedness/potassium-iodide-use.html,1,single_source
S960,https://www.cdc.gov/radiation-emergencies/treatment/potassium-iodide.html,1,single_source
S961,https://www.fda.gov/emergency-preparedness-and-response/mcm-issues/radiological-and-nuclear-emergency-preparedness,2,duplicate_url_cluster_counts_once
S962,https://www.epa.gov/radiation/protective-action-guides-pags,6,duplicate_url_cluster_counts_once
S963,https://remm.hhs.gov,1,single_source
S964,https://www.osha.gov/emergency-preparedness/radiation/response,2,duplicate_url_cluster_counts_once
S965,https://www.federalregister.gov/documents/2023/11/16/2023-25163/emergency-preparedness-for-small-modular-reactors-and-other-new-technologies,1,single_source
S966,https://preptoolkit.fema.gov/web/fema-repp-academy/professional-development,1,single_source
S967,https://www.law.cornell.edu/cfr/text/10/50.47,1,single_source
S968,https://www.law.cornell.edu/cfr/text/10/50.160,1,single_source
S969,https://www.nrc.gov/docs/ml2506/ml25065a240.pdf,1,single_source
S970,https://www.cdc.gov/radiation-emergencies/media/pdfs/2024/04/population-monitoring-guide.pdf,1,single_source
S971,https://www.epa.gov/sites/default/files/2017-01/documents/epa_pag_manual_final_revisions_01-11-2017_cover_disclaimer_8.pdf,2,duplicate_url_cluster_counts_once
S972,https://www.ecfr.gov/current/title-10/chapter-i/part-50/subject-group-ecfrdf2af20f8a72d91/section-50.47,2,duplicate_url_cluster_counts_once
S973,https://www.ecfr.gov/current/title-10/chapter-i/part-50/subject-group-ecfr89aa6ca4aada73c/section-50.160,1,single_source
S974,https://www.fema.gov/emergency-managers/practitioners/hazardous-response-capabilities/radiological/rep-program-manual,4,duplicate_url_cluster_counts_once
S975,https://www.nrc.gov/reading-rm/doc-collections/nuregs/staff/sr0654/r2/index,1,single_source
S976,https://www.fema.gov/sites/default/files/documents/fema_rep_standard-operating-guide_012026.pdf,2,duplicate_url_cluster_counts_once
S977,https://www.cdc.gov/radiation-emergencies/media/pdfs/2024/04/pod_to_crc_planning_tool-508.pdf,1,single_source
S978,https://www.cdc.gov/radiation-emergencies/media/pdfs/2024/04/operating-public-shelters-1.pdf,1,single_source
S979,https://www.nrc.gov/docs/ml1606/ml16061a104.pdf,1,single_source
S980,https://www.ecfr.gov/current/title-10/chapter-i/part-50/subject-group-ecfr2f76ac8b7f9e21e/section-50.54,1,single_source
S981,https://www.cdc.gov/radiation-emergencies/php/population-monitoring/index.html,2,duplicate_url_cluster_counts_once
S982,https://www.cdc.gov/radiation-emergencies/response/community-reception-centers.html,5,duplicate_url_cluster_counts_once
S983,https://www.nrc.gov/docs/ml1525/ml15254a401.pdf,1,single_source
S984,https://www.nrc.gov/docs/ml1524/ml15245a748.pdf,1,single_source
S985,https://www.nrc.gov/reading-rm/doc-collections/nuregs/contract/cr7002/r1/index,1,single_source
S986,https://www.fema.gov/emergency-managers/practitioners/integrated-public-alert-warning-system,4,duplicate_url_cluster_counts_once
S987,https://www.cdc.gov/radiation-emergencies/php/population-monitoring/crc-simpler.html,2,duplicate_url_cluster_counts_once
S988,https://www.nrc.gov/reading-rm/doc-collections/fact-sheets/emerg-plan-prep-nuc-power.html,1,single_source
S989,https://www.nrc.gov/about-nrc/emerg-preparedness/about-emerg-preparedness/potassium-iodide-use,1,single_source
S990,https://www.epa.gov/radiation/protective-action-guides-pags,6,duplicate_url_cluster_counts_once
S991,https://www.nrc.gov/about-nrc/emerg-preparedness/regs-guidance-comm,1,single_source
S992,https://www.nrc.gov/reactors/new-reactors/advanced/modernizing/rulemaking/emergency-preparedness,2,duplicate_url_cluster_counts_once
S993,https://www.cdc.gov/radiation-emergencies/php/population-monitoring/crc-etool.html,2,duplicate_url_cluster_counts_once
S994,https://www.ecfr.gov/current/title-10/chapter-i/part-50/subject-group-ecfr89aa6ca4aada73c/appendix-appendix%20e%20to%20part%2050,5,duplicate_url_cluster_counts_once
S995,https://www.fema.gov/emergency-managers/practitioners/hazardous-response-capabilities/radiological,3,duplicate_url_cluster_counts_once
S996,https://www.nrc.gov/reactors/operating/oversight/rop-description/cornerstone,1,single_source
S997,https://www.nrc.gov/reactors/operating/oversight/docket-pi,1,single_source
S998,https://www.nrc.gov/reactors/operating/oversight/rop-description,1,single_source
S999,https://www.nrc.gov/reactors/operating/oversight/rop-description/cornerstone#emergencypreparedness,1,single_source
S1000,https://www.nrc.gov/reactors/operating/oversight/actionmatrix-summary,1,single_source
S1001,https://www.nrc.gov/reactors/operating/oversight/plant-by-plant-summaries,1,single_source
S1002,https://www.nrc.gov/reading-rm/doc-collections/event-status/event/index,1,single_source
S1003,https://www.nrc.gov/reactors/operating/oversight/pi-summary,2,duplicate_url_cluster_counts_once
S1004,https://www.fema.gov/sites/default/files/documents/fema_rep_standard-operating-guide_012026.pdf,2,duplicate_url_cluster_counts_once
S1005,https://www.cdc.gov/radiation-emergencies/php/training/rad-crc-operations.html,1,single_source
S1006,https://www.cdc.gov/radiation-emergencies/response/community-reception-centers.html,5,duplicate_url_cluster_counts_once
S1007,https://www.nrc.gov/about-nrc/emerg-preparedness/about-emerg-preparedness/exercise-schedules,7,duplicate_url_cluster_counts_once
S1008,https://www.fema.gov/emergency-managers/practitioners/hazardous-response-capabilities/radiological/rep-program-manual,4,duplicate_url_cluster_counts_once
S1009,https://www.nrc.gov/reading-rm/doc-collections/event-status/reactor-status/index,1,single_source
S1010,https://www.nrc.gov/reading-rm/doc-collections/event-status/event/2026/20260316en,3,duplicate_url_cluster_counts_once
S1011,https://www.nrc.gov/reactors/operating/oversight/docket-pi?docket=bv1&quarter=2026q1,1,single_source
S1012,https://www.fema.gov/press-release/20260529/fema-evaluate-readiness-commonwealth-pennsylvania-and-state-west-virginia,9,duplicate_url_cluster_counts_once
S1013,https://www.nrc.gov/data/index,2,duplicate_url_cluster_counts_once
S1014,https://catalog.data.gov/dataset/operating-reactor-analytics-performance-indicators,1,single_source
S1015,https://catalog.data.gov/dataset/operating-reactor-analytics-action-matrix,1,single_source
S1016,https://www.nrc.gov/sites/default/files/doc_library/reading-rm/doc-collections/event-status/event/event-notification-rpt-lastmonth.txt,1,single_source
S1017,https://www.nrc.gov/cdn/data/rango/action_matrix_all.tsv,1,single_source
S1018,https://www.nrc.gov/sites/default/files/doc_library/cdn/legacy/reactors/operating/oversight/pi-value-dataset.xls,1,single_source
S1019,https://www.nrc.gov/sites/default/files/doc_library/cdn/legacy/about-nrc/emerg-preparedness/about-emerg-preparedness/exercise-schedules/biennial-ep-exercise-schedule.xlsx,1,single_source
S1020,https://www.pa.gov/agencies/ready/hazards/radiation-emergency,1,single_source
S1021,https://www.beavercountypa.gov/getmedia/a8527d90-6d9c-42a7-9540-0e4788bddcd8/epi_beavervalley_beaver_mailer-2025-2026.pdf,1,single_source
S1022,https://ccoema.org/images/pdf/2026forms/rerp%20rev%2038%202026.pdf,1,single_source
S1023,https://www.pa.gov/content/dam/copapwp-pagov/en/pema/documents/about-us/pema%20strategic%20plan.pdf,1,single_source
S1024,https://www.nrc.gov/reactors/operating/oversight/docket-pi?docket=bv2&quarter=2026q1,1,single_source
S1025,https://www.nrc.gov/cdn/data/rango/all_pi_values.tsv,1,single_source
S1026,https://catalog.data.gov/dataset/nrc-biennial-evaluated-emergency-exercise-schedule,1,single_source
S1027,https://www.nrc.gov/about-nrc/emerg-preparedness/about-emerg-preparedness/exercise-schedules,7,duplicate_url_cluster_counts_once
S1028,https://preptoolkit.fema.gov/web/fema-repp-academy/exercise-calendar,1,single_source
S1029,https://www.pa.gov/content/dam/copapwp-pagov/en/pema/documents/preparedness/power-plant-safety/beaver-valley-power-station-fact%20sheet.pdf,2,duplicate_url_cluster_counts_once
S1030,https://emd.wv.gov/preparedness/rep%20program/documents/annex%2020-%20support%20plans%20issue%209%20revision%203.pdf,1,single_source
S1031,https://www.pa.gov/content/dam/copapwp-pagov/en/pema/documents/preparedness/power-plant-safety/nuclear-power-plant-exercise-dates.pdf,1,single_source
S1032,https://www.gao.gov/products/gao-13-243,1,single_source
S1033,https://www.nrc.gov/reading-rm/doc-collections/fact-sheets/emerg-plan-prep-nuc-power,2,duplicate_url_cluster_counts_once
S1034,https://empowerprogram.hhs.gov/de-identified-dataset.html,1,single_source
S1035,https://www.cdc.gov/environmental-health-tracking/php/data-research/preparedness-response.html,1,single_source
S1036,https://www.pa.gov/content/dam/copapwp-pagov/en/pema/documents/preparedness/power-plant-safety/beaver-valley-power-station-fact%20sheet.pdf,2,duplicate_url_cluster_counts_once
S1037,https://preptoolkit.fema.gov/web/hseep-resources/improvement-planning,7,duplicate_url_cluster_counts_once
S1038,https://preptoolkit.fema.gov/web/fema-repp-academy/program-requirements,1,single_source
S1039,https://www.beavercountypa.gov/departments/emergency-services/beaver-valley-power-station-emergency-information,1,single_source
S1040,https://dam.assets.ohio.gov/image/upload/ema.ohio.gov/documents/ohio_eop/2025-ohio-rep-plan.pdf,1,single_source
S1041,https://www.hancockcountyhealthdepartment.com/news/ki-distribution-for-hancock-county-residents,1,single_source
S1042,https://www.nrc.gov/docs/ml1300/ml13007a078.pdf,1,single_source
S1043,https://www.ecfr.gov/current/title-10/chapter-i/part-50/subject-group-ecfr89aa6ca4aada73c/appendix-appendix%20e%20to%20part%2050,5,duplicate_url_cluster_counts_once
S1044,https://training.fema.gov/is/courseoverview.aspx?code=is-247.b,1,single_source
S1045,https://kldassociates.com/nuclear-power-plant-evacuation,1,single_source
S1046,https://www.nrc.gov/reading-rm/doc-collections/gen-comm/reg-issues/2001/ri01016.html,1,single_source
S1047,https://emd.wv.gov/state-emergency-operations-plan,1,single_source
S1048,https://agri.ohio.gov/divisions/food-safety/resources/emergency-preparedness,1,single_source
S1049,https://preptoolkit.fema.gov/documents/d/tech-hazards/2024-beaver-valley-power-station-biennial-exercise-aar-final-pa?download=true,1,single_source
S1050,https://preptoolkit.fema.gov/documents/d/tech-hazards/2024-beaver-valley-power-station-biennial-exercise-aar-final-wv?download=true,1,single_source
S1051,https://preptoolkit.fema.gov/documents/d/tech-hazards/2024-bvps-letter-and-aar-1?download=true,1,single_source
S1052,https://preptoolkit.fema.gov/web/tech-hazards/documents-and-media/-/document_library/rxo7o6z3xd3c/view/38327070,1,single_source
S1053,https://wvpublic.org/story/energy-environment/federal-test-of-states-nuclear-emergency-response-set-for-next-week,1,single_source
S1054,https://www.wdtv.com/2024/06/06/fema-scheduled-test-nuclear-incident-preparedness-beaver-valley-power-station,1,single_source
S1055,https://www.fema.gov/emergency-managers/practitioners/hazardous-response-capabilities/radiological,3,duplicate_url_cluster_counts_once
S1056,https://www.fema.gov/press-release/20260529/fema-evaluate-readiness-commonwealth-pennsylvania-and-state-west-virginia,9,duplicate_url_cluster_counts_once
S1057,https://www.fcc.gov/emergency-alert-system,2,duplicate_url_cluster_counts_once
S1058,https://www.fcc.gov/public-safety-and-homeland-security/policy-and-licensing-division/alerting/general/wireless,2,duplicate_url_cluster_counts_once
S1059,https://www.nrc.gov/reading-rm/doc-collections/event-status/reactor-status/ps,1,single_source
S1060,https://www.fema.gov/sites/default/files/documents/fema_ipaws-best-practices-guide.pdf,3,duplicate_url_cluster_counts_once
S1061,https://www.fema.gov/press-release/20260529/fema-evaluate-readiness-commonwealth-pennsylvania-and-state-west-virginia,9,duplicate_url_cluster_counts_once
S1062,https://www.nrc.gov/about-nrc/emerg-preparedness/about-emerg-preparedness/exercise-schedules,7,duplicate_url_cluster_counts_once
S1063,https://preptoolkit.fema.gov/web/hseep-resources/improvement-planning,7,duplicate_url_cluster_counts_once
S1064,https://www.fema.gov/emergency-managers/practitioners/integrated-public-alert-warning-system,4,duplicate_url_cluster_counts_once
S1065,https://www.fcc.gov/emergency-alert-system,2,duplicate_url_cluster_counts_once
S1066,https://www.fcc.gov/public-safety-and-homeland-security/policy-and-licensing-division/alerting/general/wireless,2,duplicate_url_cluster_counts_once
S1067,https://www.nrc.gov/reading-rm/doc-collections/event-status/event/2026/20260316en,3,duplicate_url_cluster_counts_once
S1068,https://www.ready.gov/alerts,1,single_source
S1069,https://preptoolkit.fema.gov/web/hseep-resources/policy-and-guidance,1,single_source
S1070,https://preptoolkit.fema.gov/web/hseep-resources/eegs,3,duplicate_url_cluster_counts_once
S1071,https://training.fema.gov/is/courseoverview.aspx?code=is-130.a,1,single_source
S1072,https://training.fema.gov/is/courseoverview.aspx?code=is-247.c,1,single_source
S1073,https://www.fema.gov/openfema-data-page/ipaws-archived-alerts-v1,2,duplicate_url_cluster_counts_once
S1074,https://gis.fema.gov/arcgis/rest/services/fema/ipaws_archive/featureserver,2,duplicate_url_cluster_counts_once
S1075,https://www.fema.gov/emergency-managers/practitioners/integrated-public-alert-warning-system/public-safety-officials/alerting-authorities,3,duplicate_url_cluster_counts_once
S1076,https://www.fema.gov/emergency-managers/practitioners/integrated-public-alert-warning-system/technology-developers/common-alerting-protocol,1,single_source
S1077,https://docs.oasis-open.org/emergency/cap/v1.2/cap-v1.2-os.html,2,duplicate_url_cluster_counts_once
S1078,https://www.fema.gov/sites/default/files/documents/fema_ipaws-best-practices-guide.pdf,3,duplicate_url_cluster_counts_once
S1079,https://github.com/fema/openfema-samples/blob/master/dataset-samples/ipaws_archived_alerts.md,2,duplicate_url_cluster_counts_once
S1080,https://www.fema.gov/emergency-managers/practitioners/integrated-public-alert-warning-system/public-safety-officials/tips,2,duplicate_url_cluster_counts_once
S1081,https://www.fema.gov/about/openfema/api,1,single_source
S1082,https://www.fema.gov/about/openfema/data-sets,1,single_source
S1083,https://www.fema.gov/about/openfema/changelog,1,single_source
S1084,https://gis.fema.gov/arcgis/rest/services/fema/ipaws_archive/featureserver,2,duplicate_url_cluster_counts_once
S1085,https://catalog.data.gov/dataset/ipaws-archived-alerts/resource/a1c4a4e4-a4a3-49a9-acd7-1f14de85acfa,1,single_source
S1086,https://www.nrc.gov/data/index,2,duplicate_url_cluster_counts_once
S1087,https://csrc.nist.gov/pubs/fips/180-4/upd1/final,1,single_source
S1088,https://csrc.nist.gov/projects/hash-functions,1,single_source
S1089,https://www.fema.gov/emergency-managers/national-preparedness/exercises/hseep,2,duplicate_url_cluster_counts_once
S1090,https://preptoolkit.fema.gov/web/hseep-resources/improvement-planning,7,duplicate_url_cluster_counts_once
S1091,https://www.fema.gov/emergency-managers/practitioners/integrated-public-alert-warning-system/public-safety-officials/sign-up,2,duplicate_url_cluster_counts_once
S1092,https://www.fema.gov/emergency-managers/practitioners/integrated-public-alert-warning-system/public-safety-officials/alerting-authorities,3,duplicate_url_cluster_counts_once
S1093,https://github.com/fema/openfema-samples/blob/master/dataset-samples/ipaws_archived_alerts.md,2,duplicate_url_cluster_counts_once
S1094,https://www.fema.gov/openfema-data-page/ipaws-archived-alerts-v1,2,duplicate_url_cluster_counts_once
S1095,https://www.fema.gov/emergency-managers/practitioners/integrated-public-alert-warning-system/public/wireless-emergency-alerts/geographic-accuracy-wea,1,single_source
S1096,https://www.fcc.gov/wireless-emergency-alert-enhancements-faqs-authorized-alert-originators,2,duplicate_url_cluster_counts_once
S1097,https://docs.oasis-open.org/emergency/cap/v1.2/cap-v1.2-os.html,2,duplicate_url_cluster_counts_once
S1098,https://www.fema.gov/sites/default/files/documents/fema_ipaws-best-practices-guide.pdf,3,duplicate_url_cluster_counts_once
S1099,https://www.nrc.gov/reading-rm/doc-collections/event-status/event/2026/20260316en,3,duplicate_url_cluster_counts_once
S1100,https://www.fema.gov/press-release/20260529/fema-evaluate-readiness-commonwealth-pennsylvania-and-state-west-virginia,9,duplicate_url_cluster_counts_once
S1101,https://www.nrc.gov/about-nrc/emerg-preparedness/about-emerg-preparedness/exercise-schedules,7,duplicate_url_cluster_counts_once
S1102,https://preptoolkit.fema.gov/web/hseep-resources/improvement-planning,7,duplicate_url_cluster_counts_once
S1103,https://www.fcc.gov/consumers/guides/wireless-emergency-alerts,2,duplicate_url_cluster_counts_once
S1104,https://www.fcc.gov/wireless-emergency-alert-enhancements-faqs-authorized-alert-originators,2,duplicate_url_cluster_counts_once
S1105,https://www.fcc.gov/multilingual-wireless-emergency-alerts,1,single_source
S1106,https://www.federalregister.gov/documents/2026/01/20/2026-00960/wireless-emergency-alerts-and-the-emergency-alert-system,1,single_source
S1107,https://www.fema.gov/emergency-managers/practitioners/integrated-public-alert-warning-system/public-safety-officials/tips,2,duplicate_url_cluster_counts_once
S1108,https://www.rand.org/pubs/research_reports/rra2451-1.html,1,single_source
S1109,https://www.fema.gov/emergency-managers/practitioners/integrated-public-alert-warning-system,4,duplicate_url_cluster_counts_once
S1110,https://www.fema.gov/press-release/20260529/fema-evaluate-readiness-commonwealth-pennsylvania-and-state-west-virginia,9,duplicate_url_cluster_counts_once
S1111,https://emilms.fema.gov/is_0247c/assets/ad8e034d-a82f-7860-9ec6-6e152782fd92.pdf,1,single_source
S1112,https://www.fema.gov/emergency-managers/practitioners/integrated-public-alert-warning-system/public-safety-officials/alerting-authorities,3,duplicate_url_cluster_counts_once
S1113,https://www.fema.gov/emergency-managers/practitioners/integrated-public-alert-warning-system/public-safety-officials/sign-up,2,duplicate_url_cluster_counts_once
S1114,https://www.fema.gov/press-release/20260529/fema-evaluate-readiness-commonwealth-pennsylvania-and-state-west-virginia,9,duplicate_url_cluster_counts_once
S1115,https://www.cdc.gov/radiation-emergencies/response/community-reception-centers.html,5,duplicate_url_cluster_counts_once
S1116,https://www.cdc.gov/radiation-emergencies/php/population-monitoring/crc-etool.html,2,duplicate_url_cluster_counts_once
S1117,https://www.ecfr.gov/current/title-10/chapter-i/part-50/subject-group-ecfr89aa6ca4aada73c/appendix-appendix%20e%20to%20part%2050,5,duplicate_url_cluster_counts_once
S1118,https://preptoolkit.fema.gov/web/hseep-resources/eegs,3,duplicate_url_cluster_counts_once
S1119,https://preptoolkit.fema.gov/web/hseep-resources/improvement-planning,7,duplicate_url_cluster_counts_once
S1120,https://www.nrc.gov/about-nrc/emerg-preparedness/about-emerg-preparedness/exercise-schedules,7,duplicate_url_cluster_counts_once
S1121,https://www.fema.gov/press-release/20260529/fema-evaluate-readiness-commonwealth-pennsylvania-and-state-west-virginia,9,duplicate_url_cluster_counts_once
S1122,https://www.fema.gov/emergency-managers/practitioners/integrated-public-alert-warning-system,4,duplicate_url_cluster_counts_once
S1123,https://www.fcc.gov/consumers/guides/wireless-emergency-alerts,2,duplicate_url_cluster_counts_once
S1124,https://www.fema.gov/press-release/20260529/fema-evaluate-readiness-commonwealth-pennsylvania-and-state-west-virginia,9,duplicate_url_cluster_counts_once
S1125,https://www.cdc.gov/radiation-emergencies/response/community-reception-centers.html,5,duplicate_url_cluster_counts_once
S1126,https://www.cdc.gov/radiation-emergencies/php/population-monitoring/index.html,2,duplicate_url_cluster_counts_once
S1127,https://www.cdc.gov/radiation-emergencies/php/population-monitoring/crc-simpler.html,2,duplicate_url_cluster_counts_once
S1128,https://remm.hhs.gov/datacollection.htm,1,single_source
S1129,https://www.epa.gov/radiation/protective-action-guides-pags,6,duplicate_url_cluster_counts_once
S1130,https://www.fema.gov/emergency-managers/national-preparedness/exercises/hseep,2,duplicate_url_cluster_counts_once
S1131,https://preptoolkit.fema.gov/web/hseep-resources/improvement-planning,7,duplicate_url_cluster_counts_once
S1132,https://preptoolkit.fema.gov/web/hseep-resources/eegs,3,duplicate_url_cluster_counts_once
S1133,https://remm.hhs.gov/ext_contamination.htm,1,single_source
S1134,https://www.cdc.gov/radiation-emergencies/hcp/nuclear-detonations/evaluation-and-management.html,1,single_source
S1135,https://files.asprtracie.hhs.gov/documents/aspr-tracie-hcc-radiation-emergency-surge-annex-template.pdf,1,single_source
S1136,https://www.osha.gov/emergency-preparedness/radiation/response,2,duplicate_url_cluster_counts_once
S1137,https://remm.hhs.gov/pag.htm,3,duplicate_url_cluster_counts_once
S1138,https://www.osha.gov/sites/default/files/publications/osha3249.pdf,1,single_source
S1139,https://orise.orau.gov/reacts/index.html,1,single_source
S1140,https://asprtracie.hhs.gov/technical-resources/32/radiological-and-nuclear/27,1,single_source
S1141,https://www.ecfr.gov/current/title-10/chapter-i/part-50/subject-group-ecfr89aa6ca4aada73c/appendix-appendix%20e%20to%20part%2050,5,duplicate_url_cluster_counts_once
S1142,https://www.ecfr.gov/current/title-10/chapter-i/part-50/subject-group-ecfrdf2af20f8a72d91/section-50.47,2,duplicate_url_cluster_counts_once
S1143,https://www.nrc.gov/about-nrc/emerg-preparedness/about-emerg-preparedness/emerg-classification,1,single_source
S1144,https://www.nrc.gov/reading-rm/doc-collections/nuregs/staff/sr0654/index,1,single_source
S1145,https://www.fema.gov/sites/default/files/2020-06/nureg-0654_fema-rep-1_rev_2_dec_2019_secure.pdf,1,single_source
S1146,https://www.epa.gov/radiation/protective-action-guides-pags,6,duplicate_url_cluster_counts_once
S1147,https://remm.hhs.gov/pag.htm,3,duplicate_url_cluster_counts_once
S1148,https://preptoolkit.fema.gov/web/fema-repp-academy/course-descriptions,2,duplicate_url_cluster_counts_once
S1149,https://www.fema.gov/press-release/20260529/fema-evaluate-readiness-commonwealth-pennsylvania-and-state-west-virginia,9,duplicate_url_cluster_counts_once
S1150,https://www.nrc.gov/about-nrc/emerg-preparedness/about-emerg-preparedness/exercise-schedules,7,duplicate_url_cluster_counts_once
S1151,https://ramp.nrc-gateway.gov/codes/rascal,1,single_source
S1152,https://www.fda.gov/emergency-preparedness-and-response/mcm-issues/radiological-and-nuclear-emergency-preparedness,2,duplicate_url_cluster_counts_once
S1153,https://www.fda.gov/regulatory-information/search-fda-guidance-documents/accidental-radioactive-contamination-human-food-and-animal-feeds,1,single_source
S1154,https://www.epa.gov/radiation/protective-action-guides-pags,6,duplicate_url_cluster_counts_once
S1155,https://remm.hhs.gov/radmonitor_water_food.htm,1,single_source
S1156,https://remm.hhs.gov/pag.htm,3,duplicate_url_cluster_counts_once
S1157,https://www.nrc.gov/about-nrc/emerg-preparedness/about-emerg-preparedness/exercise-schedules,7,duplicate_url_cluster_counts_once
S1158,https://www.cdc.gov/radiation-emergencies/response/community-reception-centers.html,5,duplicate_url_cluster_counts_once
S1159,https://preptoolkit.fema.gov/web/fema-repp-academy/course-descriptions,2,duplicate_url_cluster_counts_once
S1160,https://www.epa.gov/sites/default/files/2017-01/documents/epa_pag_manual_final_revisions_01-11-2017_cover_disclaimer_8.pdf,2,duplicate_url_cluster_counts_once
S1161,https://www.fema.gov/sites/default/files/documents/fema_npd-rpm-2023.pdf,1,single_source
S1162,https://www.epa.gov/radiation/protective-action-guides-pags,6,duplicate_url_cluster_counts_once
S1163,https://nepis.epa.gov/exe/zypurl.cgi?dockey=p100q32y.txt,1,single_source
S1164,https://www.fema.gov/national-disaster-recovery-framework,3,duplicate_url_cluster_counts_once
S1165,https://iwaste.epa.gov/guidance/radiological-nuclear/incident-response,1,single_source
S1166,https://remm.hhs.gov/surveillance.htm,1,single_source
S1167,https://www.fema.gov/assistance/individual,1,single_source
S1168,https://remm.hhs.gov/deceased.htm,1,single_source
S1169,https://www.fema.gov/emergency-managers/practitioners/hazardous-response-capabilities/radiological/rep-program-manual,4,duplicate_url_cluster_counts_once
S1170,https://www.federalregister.gov/documents/2008/08/01/e8-17645/planning-guidance-for-protection-and-recovery-following-radiological-dispersal-device-rdd-and,1,single_source
S1171,https://www.ncbi.nlm.nih.gov/books/nbk546063,1,single_source
