source_id,canonical_url,source_title,reviewed_window,duplicate_cluster_key
S1,https://www.ipcc.ch/report/ar6/syr,"IPCC, _Climate Change 2023: AR6 Synthesis Report_ (2023)",2026-03-22 through 2026-05-25,089c7087c2c02134
S2,https://www.unep.org/resources/emissions-gap-report-2024,"UNEP, _Emissions Gap Report 2024_ (2024)",2026-03-22 through 2026-05-25,b93aeb1f6b643f10
S3,https://wmo.int/publication-series/state-of-global-climate/state-of-global-climate-2024,"WMO, _State of the Global Climate 2024_ (2025)",2026-03-22 through 2026-05-25,7342bd4616258e3b
S4,https://www.iea.org/reports/world-energy-outlook-2024/overview-and-key-findings,"IEA, _World Energy Outlook 2024: Overview and key findings_ (2024)",2026-03-22 through 2026-05-25,59f01f07f9758b21
S5,https://www.iea.org/reports/renewables-2024/electricity,"IEA, _Renewables 2024_ (electricity section) (2024)",2026-03-22 through 2026-05-25,17e825f82e4e4034
S6,https://www.iea.org/reports/world-energy-investment-2025/executive-summary,"IEA, _World Energy Investment 2025: Executive summary_ (2025)",2026-03-22 through 2026-05-25,fdf36bfd0ab5a905
S7,https://www.iea.org/reports/global-energy-review-2025,"IEA, _Global Energy Review 2025_ (2025)",2026-03-22 through 2026-05-25,66a4ed4cc212881c
S8,https://www.ccacoalition.org/content/global-methane-assessment,"Climate & Clean Air Coalition / UNEP, _Global Methane Assessment_ resources (2021–2022)",2026-03-22 through 2026-05-25,167304fbbc266544
S9,https://unfccc.int/news/cop28-agreement-signals-beginning-of-the-end-of-the-fossil-fuel-era,"UNFCCC / COP28, global stocktake outcome framing (2023)",2026-03-22 through 2026-05-25,97dbe9ba61856a7a
S10,missing-url:S10,"Global Carbon Project, _Global Carbon Budget 2025_ materials (2025)",2026-03-22 through 2026-05-25,72b3537ba1352ea4
S11,https://www.iea.org/reports/global-methane-tracker-2025,"IEA, _Global Methane Tracker 2025_ (2025)",2026-03-22 through 2026-05-25,af9eb1c9740add8c
S12,https://www.unep.org/resources/adaptation-gap-report-2025,"UNEP, _Adaptation Gap Report 2025_ (2025)",2026-03-22 through 2026-05-25,342d51db02ffcbc4
S13,https://www.iea.org/reports/reducing-the-cost-of-capital/executive-summary,"IEA, _Reducing the Cost of Capital_ (2024)",2026-03-22 through 2026-05-25,139553fd56dbfcaa
S14,https://www.iea.org/commentaries/grid-congestion-is-posing-challenges-for-energy-security-and-transitions,"IEA, _Grid congestion is posing challenges for energy security and transitions_ (2025)",2026-03-22 through 2026-05-25,3873b30185cd74c7
S15,https://wmo.int/activities/early-warnings-all,"WMO, _Early Warnings for All_ resources (2024–2025)",2026-03-22 through 2026-05-25,713ddd6d73934818
S16,https://www.unep.org/resources/global-cooling-watch-2025,"UNEP, _Global Cooling Watch 2025_ (2025)",2026-03-22 through 2026-05-25,0b1dd908bdfe1a41
S17,https://www.iea.org/commentaries/staying-cool-without-overheating-the-energy-system,"IEA, _Staying cool without overheating the energy system_ (2025)",2026-03-22 through 2026-05-25,ee40cf44cd6d84e0
S18,https://www.fao.org/statistics/highlights-archive/highlights-detail/greenhouse-gas-emissions-from-agrifood-systems.-global--regional-and-country-trends--2001-2023/en,"FAO, _Greenhouse gas emissions from agrifood systems. Global, regional and country trends, 2001–2023_ (2025)",2026-03-22 through 2026-05-25,98182eddb38fa1b6
S19,https://www.unep.org/resources/report/global-nitrous-oxide-assessment,"UNEP, _Global Nitrous Oxide Assessment_ (2024)",2026-03-22 through 2026-05-25,4435bc4d5bed9807
S20,https://www.ipcc.ch/report/ar6/wg3/chapter/technical-summary,"IPCC, _AR6 WGIII Technical Summary_ (2022)",2026-03-22 through 2026-05-25,c774a3cbcfdf92a1
S21,missing-url:S21,"UNEP / WRAP, _Food Waste Index Report 2024_ and UNEP release (2024)",2026-03-22 through 2026-05-25,86b3082fbf9ba978
S22,missing-url:S22,"FAO, _Sustainable nitrogen management in agrifood systems_ (2025 release / 2024 report year)",2026-03-22 through 2026-05-25,073e18a5cf8ec949
S23,https://www.oecd.org/en/topics/fossil-fuel-support.html,"OECD, _Fossil fuel support_ / OECD Inventory of Support Measures for Fossil Fuels 2025 (2025)",2026-03-22 through 2026-05-25,62f6f70955de7360
S24,https://www.iea.org/reports/coal-in-net-zero-transitions/executive-summary,"IEA, _Coal in Net Zero Transitions: Executive summary_ (2024)",2026-03-22 through 2026-05-25,ef8ded3f4a44a1f4
S25,https://www.iea.org/reports/accelerating-just-transitions-for-the-coal-sector/executive-summary,"IEA, _Accelerating Just Transitions for the Coal Sector: Executive summary_ (2024)",2026-03-22 through 2026-05-25,4f63f0349b792af1
S26,https://www.iea.org/reports/demand-and-supply-measures-for-the-steel-and-cement-transition/executive-summary,"IEA, _Demand and Supply Measures for the Steel and Cement Transition: Executive summary_ (2025)",2026-03-22 through 2026-05-25,9cdf969e0f54641f
S27,https://www.iea.org/reports/definitions-for-near-zero-and-low-emissions-steel-and-cement-and-underlying-emissions-measurement-methodologies/executive-summary,"IEA, _Definitions for Near-Zero and Low-Emissions Steel and Cement, and Underlying Emissions Measurement Methodologies: Executive Summary_ (2024)",2026-03-22 through 2026-05-25,dcaabe08eafe6452
S28,https://www.unep.org/resources/report/global-status-report-buildings-and-construction-20242025,"UNEP / GlobalABC, _Global Status Report for Buildings and Construction 2024/2025_ (2025)",2026-03-22 through 2026-05-25,527622509a14ec96
S29,missing-url:S29,"IEA, _Industry_ tracking page and _Achieving Net Zero Heavy Industry Sectors in G7 Members_ (2023 page; 2022 report)",2026-03-22 through 2026-05-25,d60dcfa4da956835
S30,https://www.iea.org/reports/global-ev-outlook-2025/executive-summary,"IEA, _Global EV Outlook 2025: Executive summary_ (2025)",2026-03-22 through 2026-05-25,f2dbe8e98fe33a4f
S31,https://www.iea.org/reports/breakthrough-agenda-report-2025/road-transport,"IEA, _Road transport — Breakthrough Agenda Report 2025_ (2025)",2026-03-22 through 2026-05-25,93d5c031782e9954
S32,https://www.iea.org/reports/global-ev-outlook-2025/trends-in-heavy-duty-electric-vehicles,"IEA, _Trends in heavy-duty electric vehicles — Global EV Outlook 2025_ (2025)",2026-03-22 through 2026-05-25,7bd43ef5e35c9d6a
S33,https://www.iea.org/energy-system/transport/aviation,"IEA, _Aviation_ tracking page (2025)",2026-03-22 through 2026-05-25,4525fe20aa2acb3f
S34,https://www.imo.org/en/mediacentre/pressbriefings/pages/imo-approves-netzero-regulations.aspx,"IMO, _IMO approves net-zero regulations for global shipping_ (2025)",2026-03-22 through 2026-05-25,73f2bc9f5548473f
S35,https://www.icao.int/environmental-protection/LTAG,"ICAO, _Long term global aspirational goal (LTAG) for international aviation_ (current page)",2026-03-22 through 2026-05-25,95681fd616137a83
S36,missing-url:S36,"FAO, _Global deforestation slows, but forests remain under pressure, FAO report shows_ / Global Forest Resources Assessment 2025 (2025)",2026-03-22 through 2026-05-25,3aefacd64e6e0946
S37,missing-url:S37,"Convention on Wetlands (Ramsar), _Global Wetland Outlook 2025_ (2025)",2026-03-22 through 2026-05-25,1c394c1680e589e4
S38,https://www.unep.org/resources/global-peatlands-assessment-2022,"UNEP, _Global Peatlands Assessment: The State of the World’s Peatlands_ (2022)",2026-03-22 through 2026-05-25,4ab96d865c74f6d4
S39,https://globalcarbonbudget.org/gcb-2025/the-global-carbon-budget-faqs-2025,"Global Carbon Project, _The Global Carbon Budget: FAQs 2025_ (2025)",2026-03-22 through 2026-05-25,72ef77e7aee8d930
S40,https://www.undrr.org/gar/gar2025,"UNDRR, _Global Assessment Report 2025 (GAR 2025): Resilience Pays_ (2025)",2026-03-22 through 2026-05-25,b93b9ccebc8f700c
S41,https://www.worldbank.org/en/publication/rising-to-the-challenge-climate-adaptation-resilience,"World Bank, _Rising to the Challenge: Success Stories and Strategies for Achieving Climate Adaptation and Resilience_ (2024 publication page current in 2025–2026)",2026-03-22 through 2026-05-25,bf86fa40a95f0d76
S42,missing-url:S42,"The State of Carbon Dioxide Removal, _2nd Edition_ / home summary page (2024, current site)",2026-03-22 through 2026-05-25,a59022718e314761
S43,https://www.iea.org/energy-system/carbon-capture-utilisation-and-storage,"IEA, _Carbon Capture Utilisation and Storage_ tracking page (2024)",2026-03-22 through 2026-05-25,6e11045d64b65fd0
S44,https://www.iea.org/energy-system/carbon-capture-utilisation-and-storage/direct-air-capture,"IEA, _Direct Air Capture_ tracking page (2024)",2026-03-22 through 2026-05-25,a32e51f89d9b5577
S45,https://www.iea.org/energy-system/carbon-capture-utilisation-and-storage/bioenergy-with-carbon-capture-and-storage,"IEA, _Bioenergy with Carbon Capture and Storage_ tracking page (2024)",2026-03-22 through 2026-05-25,a75df9184200d26a
S46,https://www.iea.org/energy-system/carbon-capture-utilisation-and-storage/co2-transport-and-storage,"IEA, _CO2 Transport and Storage_ tracking page (2024)",2026-03-22 through 2026-05-25,57e5e44a45abed63
S47,https://www.iea.org/reports/global-critical-minerals-outlook-2025/executive-summary,"IEA, _Global Critical Minerals Outlook 2025: Executive summary_ (2025)",2026-03-22 through 2026-05-25,e9b8dee2be941804
S48,https://www.iea.org/reports/batteries-and-secure-energy-transitions/executive-summary,"IEA, _Batteries and Secure Energy Transitions: Executive summary_ (2024; current analysis page used in archive)",2026-03-22 through 2026-05-25,16442f44a471a7f0
S49,https://www.iea.org/reports/sustainable-and-responsible-critical-mineral-supply-chains/executive-summary,"IEA, _Sustainable and Responsible Critical Mineral Supply Chains: Executive summary_ (2023)",2026-03-22 through 2026-05-25,ed4b911df4781866
S50,https://www.iea.org/reports/recycling-of-critical-minerals/executive-summary,"IEA, _Recycling of Critical Minerals: Executive summary_ (2024)",2026-03-22 through 2026-05-25,25828be658ddcfc9
S51,https://www.iea.org/reports/energy-efficiency-2025/buildings,"IEA, _Energy Efficiency 2025 — Buildings_ (2025)",2026-03-22 through 2026-05-25,3f142e230d213450
S52,https://www.iea.org/energy-system/buildings/heat-pumps,"IEA, _Heat Pumps_ tracking page (current page; accessed 2026)",2026-03-22 through 2026-05-25,d926836ea496117e
S53,https://www.iea.org/reports/energy-efficiency-policy-toolkit-2025/heat-pumps-for-buildings,"IEA, _Energy Efficiency Policy Toolkit 2025 — Heat Pumps for Buildings_ (2025)",2026-03-22 through 2026-05-25,64a1a773e1ce7fff
S54,https://www.iea.org/reports/breakthrough-agenda-report-2025/building,"IEA, _Breakthrough Agenda Report 2025 — Building_ (2025)",2026-03-22 through 2026-05-25,91400167e831bd05
S55,https://www.iea.org/reports/electricity-2026/executive-summary,"IEA, _Electricity 2026: Executive summary_ (2026)",2026-03-22 through 2026-05-25,c62c6bb136c8b02a
S56,https://www.iea.org/reports/electricity-2026/flexibility,"IEA, _Electricity 2026 — Flexibility_ (2026)",2026-03-22 through 2026-05-25,7d4cbacfa2d35342
S57,https://www.iea.org/reports/integrating-solar-and-wind/executive-summary,"IEA, _Integrating Solar and Wind: Executive summary_ (2024)",2026-03-22 through 2026-05-25,0f4d0748ab4951d6
S58,https://www.iea.org/reports/the-value-of-demand-flexibility/executive-summary,"IEA, _The Value of Demand Flexibility: Executive summary_ (2025)",2026-03-22 through 2026-05-25,d300d578e8497450
S59,missing-url:S59,"OECD, _Governing for the green transition_ / _Government at a Glance 2025_ chapter (2025)",2026-03-22 through 2026-05-25,93bc1f1c3d07a9c5
S60,https://www.oecd.org/en/publications/diagnostic-toolkit-for-reducing-regulatory-barriers-to-solar-wind-and-pumped-hydro-storage-in-the-european-union_15f4aed4-en/full-report/spatial-planning-and-permitting_279bc96f.html,"OECD, _Diagnostic Toolkit for Reducing Regulatory Barriers to Solar, Wind and Pumped Hydro Storage in the European Union — Spatial Planning and Permitting_ (2025)",2026-03-22 through 2026-05-25,6f879d1ba2e89f2f
S61,https://www.oecd.org/en/publications/oecd-regulatory-policy-outlook-2025_56b60e39-en/full-report/regulating-for-the-planet_a5fdd03c.html,"OECD, _Regulating for the planet: OECD Regulatory Policy Outlook 2025_ (2025)",2026-03-22 through 2026-05-25,15b6969178ee509f
S62,https://www.iea.org/reports/world-energy-employment-2025/executive-summary,"IEA, _World Energy Employment 2025: Executive summary_ (2025)",2026-03-22 through 2026-05-25,1e22769b7a89581a
S63,https://www.irena.org/Publications/2026/Jan/Renewable-energy-and-jobs-Annual-review-2025,"IRENA, _Renewable energy and jobs: Annual review 2025_ (2026)",2026-03-22 through 2026-05-25,efba96ee815b3eef
S64,https://www.iea.org/reports/renewables-2025/executive-summary,"IEA, _Renewables 2025: Executive summary_ (2025)",2026-03-22 through 2026-05-25,9c811360a9b8ee48
S65,https://unfccc.int/process-and-meetings/transparency-and-reporting/reporting-and-review/reporting-and-review-under-the-paris-agreement/biennial-transparency-reports/2025-synthesis-report-of-biennial-transparency-reports,"UNFCCC, _2025 Synthesis Report of Biennial Transparency Reports_ (2025)",2026-03-22 through 2026-05-25,270de13a731fb901
S66,https://www.unep.org/topics/energy/methane/methane-alert-and-response-system-mars,"UNEP, _Methane Alert and Response System (MARS)_ (page updated 2025)",2026-03-22 through 2026-05-25,da6c791bf946192e
S67,https://www.unep.org/news-and-stories/press-release/better-data-driving-action-methane-emissions-more-work-needed,"UNEP, _Better data driving action on methane emissions, but more work needed_ (2025)",2026-03-22 through 2026-05-25,d21deae252ead69d
S68,https://www.iea.org/reports/definitions-for-near-zero-and-low-emissions-steel-and-cement-and-underlying-emissions-measurement-methodologies/executive-summary,"IEA, _Definitions for Near-Zero and Low-Emissions Steel and Cement, and Underlying Emissions Measurement Methodologies_ (2024)",2026-03-22 through 2026-05-25,dcaabe08eafe6452
S69,https://www.iea.org/reports/household-energy-affordability/executive-summary,"IEA, _Household Energy Affordability: Executive summary_ (2026)",2026-03-22 through 2026-05-25,036d0a1a44b31788
S70,https://www.worldbank.org/en/topic/energy/publication/tracking-sdg-7-the-energy-progress-report-2025,"World Bank / IEA / IRENA / WHO / UNSD, _Tracking SDG 7: The Energy Progress Report 2025_ (2025)",2026-03-22 through 2026-05-25,e703c97438f5cf7c
S71,https://www.ilo.org/publications/flagship-reports/world-social-protection-report-2024-26-universal-social-protection-climate,"ILO, _World Social Protection Report 2024-26: Universal social protection for climate action and a just transition_ (2024)",2026-03-22 through 2026-05-25,ac4b2a26cc3bfe0d
S72,https://wmo.int/resources/publication-series/state-of-global-water-resources/state-of-global-water-resources-2024,"WMO, _State of Global Water Resources 2024_ (2025)",2026-03-22 through 2026-05-25,f4a48e6fabc72c57
S73,https://www.unwater.org/publications/un-world-water-development-report-2025,"UN-Water / UNESCO, _UN World Water Development Report 2025: Mountains and Glaciers – Water towers_ (2025)",2026-03-22 through 2026-05-25,82ccf6fb95acc1a5
S74,https://www.worldbank.org/en/topic/water/brief/drought-resilience,"World Bank, _Drought Resilience_ (page updated 2025)",2026-03-22 through 2026-05-25,c26430db293c1be0
S75,https://www.worldbank.org/en/publication/continental-drying-a-threat-to-our-common-future,"World Bank, _Continental Drying: A Threat to Our Common Future_ (2025)",2026-03-22 through 2026-05-25,357e65cdd9fb3b1c
S76,https://www.iea.org/reports/electricity-2025/executive-summary,"IEA, _Electricity 2025: Executive summary_ (2025)",2026-03-22 through 2026-05-25,7108fa57c5c63ef4
S77,https://www.undp.org/publications/urban-content-ndcs-local-climate-action-explored-through-depth-country-analyses,"UNDP / UN-Habitat / University of Southern Denmark, _Urban Content of NDCs: Local Climate Action Explored Through In-Depth Country Analyses_ (2024)",2026-03-22 through 2026-05-25,3e9c4fd9c82630f1
S78,https://unhabitat.org/wcr,"UN-Habitat, _World Cities Report 2024: Cities and Climate Action_ (2024)",2026-03-22 through 2026-05-25,d262059475433572
S79,https://www.iea.org/reports/empowering-urban-energy-transitions/executive-summary,"IEA, _Empowering Urban Energy Transitions: Executive summary_ (2024)",2026-03-22 through 2026-05-25,07e0932e24c412b5
S80,https://www.iea.org/reports/energy-efficiency-policy-toolkit-2025/cities,"IEA, _Energy Efficiency Policy Toolkit 2025 — Cities_ (2025)",2026-03-22 through 2026-05-25,1671cc1ee062826e
S81,https://www.oecd.org/en/publications/financial-protection-against-catastrophic-risks_32a3acd7-en/full-report/assessment-and-recommendations_48bcda8b.html,"OECD, _Financial Protection Against Catastrophic Risks_ (2026)",2026-03-22 through 2026-05-25,c8d58e1f1dbc4fc4
S82,https://www.swissre.com/institute/research/sigma-research/sigma-2025-01-natural-catastrophes-trend.html,"Swiss Re Institute, _sigma 1/2025: Natural catastrophes: insured losses on trend to USD 145 billion in 2025_ (2025)",2026-03-22 through 2026-05-25,0af8e8398e2a69df
S83,https://www.undrr.org/media/107058,"UNDRR, _Global Assessment Report 2025 / Resilience Pays: Financing and Investing for our Future_ (2025)",2026-03-22 through 2026-05-25,5eca20f393352103
S84,https://documents1.worldbank.org/curated/en/546611605298449211/pdf/The-Adaptation-Principles-A-Guide-for-Designing-Strategies-for-Climate-Change-Adaptation-and-Resilience.pdf,"World Bank, _The Adaptation Principles: A Guide for Designing Strategies for Climate Change Adaptation and Resilience_ (2020, used here for still-relevant planning doctrine)",2026-03-22 through 2026-05-25,e20c04c653367f52
S85,missing-url:S85,"WHO, _Air pollution_ / air-quality-and-health pages (current pages, accessed 2026)",2026-03-22 through 2026-05-25,e3321819640cdf68
S86,https://www.who.int/news-room/fact-sheets/detail/climate-change-heat-and-health,"WHO, _Heat and health_ fact sheet (2024)",2026-03-22 through 2026-05-25,194f3653ddf1d778
S87,missing-url:S87,"ILO, _Safety and health at work_ / excessive heat resources (2024–2025)",2026-03-22 through 2026-05-25,728400a728959826
S88,missing-url:S88,"Lancet Countdown, _Explore Our Data_ / 2025 report indicators (2025)",2026-03-22 through 2026-05-25,d387ef64917d67c1
S89,https://www.who.int/teams/environment-climate-change-and-health/climate-change-and-health/country-support/building-climate-resilient-health-systems,"WHO, _Building climate-resilient health systems_ (current page, accessed 2026)",2026-03-22 through 2026-05-25,d47c87158dc098c7
S90,missing-url:S90,"WHO, _Climate change_ topic pages and consultation material on the Global Plan of Action on Climate Change and Health (current / 2024 pages, accessed 2026)",2026-03-22 through 2026-05-25,d539a0f646499445
S91,https://www.iea.org/reports/reducing-the-cost-of-capital/executive-summary,"IEA, _Reducing the Cost of Capital_ (2024)",2026-03-22 through 2026-05-25,139553fd56dbfcaa
S92,https://www.oecd.org/en/publications/2025/03/global-debt-report-2025_bab6b51e/full-report/debt-financing-for-the-climate-transition_ea7c1ec5.html,"OECD, _Global Debt Report 2025_ / “Debt financing for the climate transition” (2025)",2026-03-22 through 2026-05-25,d24deb43c81e5465
S93,https://www.imf.org/-/media/files/publications/pp/2025/english/ppea2025002.pdf,"IMF, _Debt Vulnerabilities and Financing Challenges in Emerging Markets and Developing Economies: An Overview of Key Data_ (2025)",2026-03-22 through 2026-05-25,8c851e61c1f90a68
S94,https://unfccc.int/news/cop29-un-climate-conference-agrees-to-triple-finance-to-developing-countries-protecting-lives-and,"UNFCCC, _COP29 UN Climate Conference Agrees to Triple Finance to Developing Countries_ (2024)",2026-03-22 through 2026-05-25,3ec56fa74bf34bc9
S95,https://www.oecd.org/en/publications/unlocking-local-currency-financing-in-emerging-markets-and-developing-economies_bc84fde7-en.html,"OECD, _Unlocking local currency financing in emerging markets and developing economies_ (2025)",2026-03-22 through 2026-05-25,47a713295c44e4b0
S96,https://www.worldbank.org/en/news/press-release/2024/07/01/world-bank-group-guarantee-platform-goes-live,"World Bank Group, _World Bank Group Guarantee Platform Goes Live_ (2024)",2026-03-22 through 2026-05-25,e6057477e56c6954
S97,https://www.oecd.org/content/dam/oecd/en/publications/reports/2025/03/unlocking-the-potential-of-demand-side-climate-mitigation-strategies_194d0bae/78b3a9d0-en.pdf,"OECD, _Unlocking the potential of demand-side climate mitigation strategies_ (2025)",2026-03-22 through 2026-05-25,71b417d1284a1461
S98,https://www.ipcc.ch/report/ar6/wg3/chapter/summary-for-policymakers,"IPCC, _AR6 WGIII Summary for Policymakers_ (2022, current baseline)",2026-03-22 through 2026-05-25,2b6f388cd88e1c72
S99,missing-url:S99,"UNEP-hosted International Resource Panel, _Global Resources Outlook 2024_ / UNEP launch summary (2024)",2026-03-22 through 2026-05-25,3720d246c6787985
S100,https://www.iea.org/reports/world-energy-outlook-2025/net-zero-emissions-by-2050,"IEA, _World Energy Outlook 2025 — Net Zero Emissions by 2050_ (2025)",2026-03-22 through 2026-05-25,f3db7cd64234ccd9
S101,missing-url:S101,"UNEP, _Emissions Gap Report 2025: Off Target_ / UNEP press release (2025)",2026-03-22 through 2026-05-25,16d7be0634cf64ff
S102,https://www.iea.org/reports/world-energy-investment-2025/executive-summary,"IEA, _World Energy Investment 2025: Executive summary_ (2025)",2026-03-22 through 2026-05-25,fdf36bfd0ab5a905
S103,https://www.iea.org/reports/electricity-2026/grids,"IEA, _Electricity 2026 — Grids_ (2026)",2026-03-22 through 2026-05-25,1a73e680f892e6cb
S104,https://www.unep.org/resources/global-cooling-watch-2025,"UNEP, _Global Cooling Watch 2025_ (2025)",2026-03-22 through 2026-05-25,0b1dd908bdfe1a41
S105,https://wmo.int/news/media-centre/wmo-confirms-2025-was-one-of-warmest-years-record,"WMO, _WMO confirms 2025 was one of warmest years on record_ (2026)",2026-03-22 through 2026-05-25,6b919f4f6a309900
S106,https://www.iea.org/reports/energy-efficiency-2025/executive-summary,"IEA, _Energy Efficiency 2025: Executive summary_ (2025)",2026-03-22 through 2026-05-25,0928c47bcbaa58ac
S107,missing-url:S107,"IRENA, _Renewable Power Generation Costs in 2024_ / 2025 press release summary (2025)",2026-03-22 through 2026-05-25,6981ff6029a4037f
S108,missing-url:S108,"WMO / UNDRR, _Global Status of Multi-Hazard Early Warning Systems 2025_ / related WMO-UNDRR releases (2025)",2026-03-22 through 2026-05-25,dfc35626d472ea83
S109,https://wmo.int/news/media-centre/wmo-report-documents-spiralling-weather-and-climate-impacts,"WMO, _WMO report documents spiralling weather and climate impacts_ (2025)",2026-03-22 through 2026-05-25,a2e4db650acc16a4
S110,https://www.ipcc.ch/report/ar6/wg2/resources/spm-headline-statements,"IPCC, _AR6 WGII Summary for Policymakers — Headline Statements_ (2022, current baseline)",2026-03-22 through 2026-05-25,b4780cb8c25f7ac5
S111,https://www.iea.org/reports/the-value-of-demand-flexibility/executive-summary,"IEA, _The Value of Demand Flexibility: Executive summary_ (2025)",2026-03-22 through 2026-05-25,d300d578e8497450
S112,https://www.oecd.org/en/publications/packaging-and-sequencing-policies-for-more-effective-climate-action_51d3656b-en.html,"OECD, _Packaging and sequencing policies for more effective climate action_ (2025)",2026-03-22 through 2026-05-25,d489723b21b39ae8
S113,missing-url:S113,"UNFCCC, _Transparency under the Paris Agreement: Driving implementation_ / BTR and ETF pages (2025–2026)",2026-03-22 through 2026-05-25,3103d4517028b08c
S114,missing-url:S114,"OECD, _The Climate Action Monitor 2025_ (2025)",2026-03-22 through 2026-05-25,ba7f30116539d379
S115,https://www.oecd.org/en/publications/harnessing-mission-governance-to-achieve-national-climate-targets_781146eb-en.html,"OECD, _Harnessing Mission Governance to Achieve National Climate Targets_ (2025)",2026-03-22 through 2026-05-25,bd0094378ebff23e
S116,missing-url:S116,"UNFCCC, _Yearbook of Global Climate Action 2025_ / launch article (2025)",2026-03-22 through 2026-05-25,c5d9b75b7af422a2
S117,https://www.oecd.org/en/publications/a-place-based-approach-to-climate-action-and-resilience_fafbf518-en.html,"OECD, _A place-based approach to climate action and resilience_ (2025)",2026-03-22 through 2026-05-25,837e2203287a7fd8
S118,https://www.oecd.org/en/publications/oecd-regulatory-policy-outlook-2025_56b60e39-en/full-report/regulating-for-people_6d2fc8d4.html,"OECD, _Regulating for people: OECD Regulatory Policy Outlook 2025_ (2025)",2026-03-22 through 2026-05-25,bdec95c7ee6b6a4d
S119,https://www.iea.org/reports/energy-efficiency-policy-toolkit-2024/energy-efficiency-policy-toolkit-2024-from-versailles-to-nairobi,"IEA, _Energy Efficiency Policy Toolkit 2024: From Versailles to Nairobi_ (2024)",2026-03-22 through 2026-05-25,ae821617d86298f7
S120,missing-url:S120,"UNEP, _In warming world, new report charts how to expand cooling access to all without spiking emissions_ / _Global Cooling Watch 2025_ (2025)",2026-03-22 through 2026-05-25,33a962c401f5f606
S121,missing-url:S121,"OECD, _Management of asset performance throughout the life cycle_ / related _Government at a Glance 2025_ infrastructure-governance sections (2025)",2026-03-22 through 2026-05-25,ae30e0cd3942dde4
S122,https://www.iea.org/reports/building-the-future-transmission-grid/executive-summary,"IEA, _Building the Future Transmission Grid: Executive summary_ (2025)",2026-03-22 through 2026-05-25,61cddaf9cf0d6799
S123,https://www.oecd.org/en/publications/towards-interoperable-carbon-intensity-metrics_b185bcfa-en.html,"OECD, _Towards interoperable carbon intensity metrics: Assessing monitoring, reporting and verification systems_ (2025)",2026-03-22 through 2026-05-25,bb649ed3a344bb0c
S124,missing-url:S124,"OECD, _Reinforcing Regulatory Frameworks through Standards, Measurements and Assurance: Making Better Use of Quality Infrastructure in Policymaking_ (2025)",2026-03-22 through 2026-05-25,a9aec2cf5ea65d13
S125,https://www.iea.org/reports/breakthrough-agenda-report-2025/road-transport,"IEA, _Breakthrough Agenda Report 2025_ — road transport section (2025)",2026-03-22 through 2026-05-25,93d5c031782e9954
S126,https://www.oecd.org/en/publications/oecd-supply-chain-resilience-review_94e3a8ea-en.html,"OECD, _OECD Supply Chain Resilience Review: Navigating Risks_ (2025)",2026-03-22 through 2026-05-25,a941569a0f6550af
S127,https://www.oecd.org/en/publications/enhancing-the-resilience-of-communication-networks_d6920477-en.html,"OECD, _Enhancing the resilience of communication networks_ (2025)",2026-03-22 through 2026-05-25,db53d8a5e85e7291
S128,https://www.oecd.org/en/publications/infrastructure-for-a-climate-resilient-future_a74a45b0-en.html,"OECD, _Infrastructure for a Climate-Resilient Future_ (2024)",2026-03-22 through 2026-05-25,2dad1ea390af510e
S129,https://www.oecd.org/en/publications/oecd-guidelines-for-fighting-bid-rigging-in-public-procurement-2025-update_cbe05a56-en/full-report.html,"OECD, _OECD Guidelines for Fighting Bid Rigging in Public Procurement (2025 Update)_ (2025)",2026-03-22 through 2026-05-25,6ac98f2dc48c3c1a
S130,https://www.oecd.org/en/publications/implementing-the-oecd-recommendation-on-public-procurement-in-oecd-and-partner-countries_02a46a58-en.html,"OECD, _Implementing the OECD Recommendation on Public Procurement in OECD and Partner Countries: 2020-2024 Report_ (2025)",2026-03-22 through 2026-05-25,6363d6638c5a86d7
S131,missing-url:S131,"World Bank, _Project Procurement_ / _Project Procurement Framework_ pages (2025)",2026-03-22 through 2026-05-25,48311283bd6182ef
S132,missing-url:S132,"IEA, _COP28 Tripling Renewable Capacity Pledge_ — policy priority areas for advanced economies and for developing and emerging economies (2024, used in 2026 archive revision)",2026-03-22 through 2026-05-25,30026efe267f924d
S133,missing-url:S133,"Climate and Clean Air Coalition / UNEP, _Global Methane Status Report 2025_ and related Global Methane Pledge pages (2025–2026)",2026-03-22 through 2026-05-25,987325e07367e6c1
S134,https://www.iea.org/energy-system/energy-efficiency-and-demand/energy-efficiency,"IEA, _Energy Efficiency_ topic page / tracking page (current 2025 view)",2026-03-22 through 2026-05-25,da099cf0e0ce72d0
S135,missing-url:S135,"UNFCCC, _Paris Agreement Crediting Mechanism_ / _Key rules agreed for credible climate project crediting under UN carbon market_ / ETF FAQ (2025–2026)",2026-03-22 through 2026-05-25,d997308e72dc3335
S136,missing-url:S136,"World Bank, _Measuring, Reporting, and Verifying (MRV) Carbon Credits_ and _Carbon Crediting: A Results-based Approach to Mobilizing Additional Climate Financing_ (2025)",2026-03-22 through 2026-05-25,00f8ee9d31390000
S137,https://www.iea.org/reports/designing-energy-efficiency-policies-to-enhance-affordability,"IEA, _Designing Energy Efficiency Policies to Enhance Affordability_ (2025)",2026-03-22 through 2026-05-25,8cf01d4c7c6d2ce5
S138,https://www.oecd.org/en/publications/investing-in-climate-for-growth-and-development_16b7cbc7-en/full-report/investing-in-climate-for-growth-and-development-policy-highlights_867ee4f8.html,"OECD, _Investing in Climate for Growth and Development: Policy Highlights_ (2025)",2026-03-22 through 2026-05-25,c826b6f491160d7f
S139,https://www.iea.org/topics/fossil-fuel-subsidies,"IEA, _Fossil Fuel Subsidies_ topic page (current 2026 view)",2026-03-22 through 2026-05-25,144d22758adcfdf4
S140,https://www.oecd.org/en/publications/getting-the-public-on-side_262255fd-en.html,"OECD, _Getting the Public on Side_ (2025)",2026-03-22 through 2026-05-25,2306cb4f30a18923
S141,missing-url:S141,"IEA, _People-Centred Clean Energy Transitions_ programme page / _IEA Global Commission launches landmark Blueprint for Action on Just and Inclusive Energy Transitions_ (2025)",2026-03-22 through 2026-05-25,c00c68cc1d364ade
S142,missing-url:S142,"UNFCCC, _New Report on Just Transition Frameworks_ and _UN Climate Change Quarterly Update: Q4 2025_ (2025–2026)",2026-03-22 through 2026-05-25,0f19282c267d5bd6
S143,https://www.iea.org/reports/strategies-for-affordable-and-fair-clean-energy-transitions/executive-summary,"IEA, _Strategies for Affordable and Fair Clean Energy Transitions: Executive summary_ (2025)",2026-03-22 through 2026-05-25,b36ba6ff37d47086
S144,https://www.iea.org/commentaries/why-the-growth-of-energy-service-companies-is-uneven-globally,"IEA, _Why the growth of energy service companies is uneven globally_ (2026)",2026-03-22 through 2026-05-25,66e712513e72425b
S145,https://www.oecd.org/en/topics/fossil-fuel-support.html,"OECD, _Fossil fuel support_ topic page / 2025 Inventory of Support Measures for Fossil Fuels (current 2026 view)",2026-03-22 through 2026-05-25,62f6f70955de7360
S146,https://www.iea.org/reports/energy-efficiency-policy-toolkit-2025/appliances,"IEA, _Energy Efficiency Policy Toolkit 2025 — Appliances_ (2025)",2026-03-22 through 2026-05-25,7e5081a59b7408db
S147,https://www.oecd.org/en/publications/government-at-a-glance-2025_0efd0bcd-en/full-report/governing-for-the-green-transition_075e9a83.html,"OECD, _Governing for the green transition: Government at a Glance 2025_ (2025)",2026-03-22 through 2026-05-25,b8ea4068b9cbb68a
S148,https://www.oecd.org/en/publications/the-paris-agreement-at-ten-years_c5f214dc-en.html,"OECD, _The Paris Agreement at Ten Years_ (2025)",2026-03-22 through 2026-05-25,7a4280634f737fef
S149,https://www.iea.org/energy-system/renewables,"IEA, _Renewables_ topic page (updated 30 January 2025; accessed March 2026)",2026-03-22 through 2026-05-25,168ea1e039d53227
S150,https://www.oecd.org/en/publications/implementing-regional-development-strategies_ae8b0b0e-en.html,"OECD, _Implementing regional development strategies_ (2025)",2026-03-22 through 2026-05-25,aaa13916a358462f
S151,https://www.iea.org/reports/energy-efficiency-policy-toolkit-2025,"IEA, _Energy Efficiency Policy Toolkit 2025_ (2025)",2026-03-22 through 2026-05-25,3d55508db863dd1f
S152,https://ndcpartnership.org/news/plans-progress-essential-actions-effective-ndc-implementation,"NDC Partnership, _From Plans to Progress: Essential Actions for Effective NDC Implementation_ (2025)",2026-03-22 through 2026-05-25,e1bbcfb67d8c5618
S153,https://www.oecd.org/en/publications/oecd-dac-blended-finance-guidance-2025_e4a13d2c-en/full-report/principle-2-design-blended-finance-to-increase-the-mobilisation-of-commercial-finance_996e5e2d.html,"OECD, _Principle 2: Design blended finance to increase the mobilisation of commercial finance_ in _OECD DAC Blended Finance Guidance 2025_ (2025)",2026-03-22 through 2026-05-25,2058deb5f4d0eb81
S154,https://www.iea.org/reports/clean-energy-innovation/innovation-needs-in-the-sustainable-development-scenario,"IEA, _Innovation needs in the Sustainable Development Scenario_ (2019; accessed March 2026)",2026-03-22 through 2026-05-25,bb698e4bf5216ce0
S155,https://www.iea.org/energy-system/renewables/solar-pv,"IEA, _Solar PV_ topic page (updated 2025; accessed March 2026)",2026-03-22 through 2026-05-25,70ef4ce25df185d8
S156,https://www.irena.org/-/media/Files/IRENA/Agency/Publication/2025/Dec/IRENA_TEC_Enhancing_resilience_power_infrastructure_2025.pdf,"IRENA, _Enhancing resilience: Climate-proofing power infrastructure_ (2025)",2026-03-22 through 2026-05-25,ccfc0582c7c3820b
S157,https://www.iea.org/reports/net-zero-roadmap-a-global-pathway-to-keep-the-15-c-goal-in-reach/executive-summary,"IEA, _Net Zero Roadmap: A Global Pathway to Keep the 1.5 °C Goal in Reach — Executive summary_ (2023; accessed March 2026)",2026-03-22 through 2026-05-25,f2961afab4fa26b2
S158,https://www.iea.org/news/global-energy-investment-set-to-rise-to-33-trillion-in-2025-amid-economic-uncertainty-and-energy-security-concerns,"IEA, _Global energy investment set to rise to $3.3 trillion in 2025 amid economic uncertainty and energy security concerns_ (news summary of _World Energy Investment 2025_, 5 June 2025)",2026-03-22 through 2026-05-25,d39ed86070a72975
S159,https://www.iea.org/energy-system/fossil-fuels/coal,"IEA, _Coal_ topic page (updated 26 March 2024; accessed March 2026)",2026-03-22 through 2026-05-25,38a84fa2a96cd0e9
S160,https://www.iea.org/reports/global-hydrogen-review-2025/trade-and-infrastructure,"IEA, _Global Hydrogen Review 2025 — Trade and infrastructure_ (2025)",2026-03-22 through 2026-05-25,44ac30f9839283af
S161,https://www.oecd.org/en/publications/future-proofing-real-estate-investment_2dd12063-en/full-report/managing-climate-related-risks-for-resilient-real-estate_fe6a5ab0.html,"OECD, _Managing climate-related risks for resilient real estate_ in _Future-Proofing Real Estate Investment_ (2025)",2026-03-22 through 2026-05-25,47437f24386623e5
S162,https://www.iea.org/reports/energy-efficiency-policy-toolkit-2025/buildings,"IEA, _Buildings_ in _Energy Efficiency Policy Toolkit 2025_ (2025)",2026-03-22 through 2026-05-25,aee4c10ec405b7a7
S163,https://www.iea.org/reports/global-ev-outlook-2025/executive-summary,"IEA, _Executive summary_ in _Global EV Outlook 2025_ (2025)",2026-03-22 through 2026-05-25,f2dbe8e98fe33a4f
S164,https://www.undrr.org/implementing-sendai-framework/strenthening-readiness-for-resilient-recovery,"UNDRR, _Strengthening readiness for resilient recovery_ (2025)",2026-03-22 through 2026-05-25,a553a65989754d6f
S165,https://www.iea.org/reports/germany-2025,"IEA, _Germany 2025_ (2025)",2026-03-22 through 2026-05-25,e109037b3f98e547
S166,https://www.iea.org/energy-system/energy-efficiency-and-demand/energy-efficiency,"IEA, _Energy Efficiency_ topic page (updated 2025; accessed March 2026)",2026-03-22 through 2026-05-25,da099cf0e0ce72d0
S167,https://www.iea.org/reports/global-hydrogen-review-2025/trade-and-infrastructure,"IEA, _Trade and infrastructure_ in _Global Hydrogen Review 2025_ (2025)",2026-03-22 through 2026-05-25,44ac30f9839283af
S168,https://www.iea.org/energy-system/electricity/electrification,"IEA, _Electrification_ topic page (updated 11 July 2023; accessed March 2026)",2026-03-22 through 2026-05-25,6df5ff1b003f60b0
S169,https://www.unep.org/news-and-stories/press-release/amid-rising-heat-sustainable-cooling-can-slash-emissions-and-save,"UNEP, _Amid rising heat, sustainable cooling can slash emissions and save trillions of dollars_ (11 November 2025)",2026-03-22 through 2026-05-25,de8a423e9486baae
S170,https://www.oecd.org/en/topics/resource-efficiency-and-circular-economy.html,"OECD, _Resource efficiency and circular economy_ topic page (updated 2025; accessed March 2026)",2026-03-22 through 2026-05-25,ddc9d9c6af48aadb
S171,https://www.oecd.org/en/publications/environmental-outlook-on-the-triple-planetary-crisis_257ffbb6-en/full-report/roadmap-for-policy-action_b27692cb.html,"OECD, _Roadmap for policy action_ in _Environmental Outlook on the Triple Planetary Crisis_ (2025)",2026-03-22 through 2026-05-25,104a91bf5f31a37d
S172,https://www.oecd.org/en/publications/place-based-policies-for-the-future_e5ff6716-en.html,"OECD, _Place-Based Policies for the Future_ (2025)",2026-03-22 through 2026-05-25,7765cc4e656328d1
S173,https://ndcpartnership.org/news/plans-progress-essential-actions-effective-ndc-implementation,"NDC Partnership, _From Plans to Progress: Essential Actions for Effective NDC Implementation_ (2025)",2026-03-22 through 2026-05-25,e1bbcfb67d8c5618
S174,https://www.iea.org/reports/germany-2025,"IEA, _Germany 2025_ (2025)",2026-03-22 through 2026-05-25,e109037b3f98e547
S175,https://unfccc.int/topics/adaptation-and-resilience/the-big-picture/introduction,"UNFCCC, _Adaptation and resilience — Introduction_ (accessed March 2026)",2026-03-22 through 2026-05-25,6806044e078bfecd
S176,https://www.iea.org/reports/world-energy-employment-2025/executive-summary,"IEA, _World Energy Employment 2025 — Executive summary_ (2025)",2026-03-22 through 2026-05-25,1e22769b7a89581a
S177,https://www.iea.org/reports/the-future-of-heat-pumps/executive-summary,"IEA, _The Future of Heat Pumps — Executive summary_ (2022; accessed March 2026)",2026-03-22 through 2026-05-25,9d5c3a2b9ce6ae2a
S178,https://www.iea.org/reports/building-the-future-transmission-grid/executive-summary,"IEA, _Building the Future Transmission Grid — Executive summary_ (2025)",2026-03-22 through 2026-05-25,61cddaf9cf0d6799
S179,https://www.irena.org/Education/Call-to-Action-on-Skilling,"IRENA, _Call to Action on Skilling_ (2026)",2026-03-22 through 2026-05-25,b77b155da510f6a4
S180,https://www.iea.org/reports/cop28-tripling-renewable-capacity-pledge/policy-priority-areas-for-advanced-economies,"IEA, _Policy priority areas for advanced economies_ in _COP28 Tripling Renewable Capacity Pledge_ (2025)",2026-03-22 through 2026-05-25,f5334b2cb210d048
S181,https://www.oecd.org/en/publications/oecd-regulatory-policy-outlook-2025_56b60e39-en.html,"OECD, _OECD Regulatory Policy Outlook 2025_ (2025)",2026-03-22 through 2026-05-25,50095bbed3857127
S182,https://unfccc.int/process-and-meetings/the-paris-agreement/nationally-determined-contributions-ndcs,"UNFCCC, _Nationally Determined Contributions (NDCs)_ (accessed March 2026)",2026-03-22 through 2026-05-25,e6078464f126965f
S183,https://unfccc.int/biennial-transparency-reports,"UNFCCC, _Biennial Transparency Reports_ (accessed March 2026)",2026-03-22 through 2026-05-25,89c1aff166f19070
S184,https://www.oecd.org/en/publications/trade-implications-of-upstream-circular-economy-policies_5968c464-en.html,"OECD, _Trade implications of upstream circular economy policies_ (2024)",2026-03-22 through 2026-05-25,b6cc8ebe6f6042a5
S185,https://www.oecd.org/en/publications/the-circular-economy-in-cities-and-regions-of-the-european-union_e09c21e2-en.html,"OECD, _The Circular Economy in Cities and Regions of the European Union_ (2025)",2026-03-22 through 2026-05-25,124acb4626a43181
S186,https://single-market-economy.ec.europa.eu/news/new-eu-rules-durable-energy-efficient-and-repairable-smartphones-and-tablets-start-applying-2025-06-20_en,"European Commission, _New EU rules for durable, energy-efficient and repairable smartphones and tablets start applying_ (20 June 2025)",2026-03-22 through 2026-05-25,8e018381707f18bc
S187,https://commission.europa.eu/law/law-topic/consumer-protection-law/directive-repair-goods_en,"European Commission, _Directive on repair of goods_ (accessed March 2026)",2026-03-22 through 2026-05-25,60382b5d39adb682
S188,https://www.iea.org/reports/global-ev-outlook-2025/electric-vehicle-batteries,"IEA, _Electric vehicle batteries_ in _Global EV Outlook 2025_ (2025)",2026-03-22 through 2026-05-25,48c090017f549204
S189,https://www.iea.org/reports/recycling-of-critical-minerals/executive-summary,"IEA, _Recycling of Critical Minerals — Executive summary_ (2024)",2026-03-22 through 2026-05-25,25828be658ddcfc9
S190,https://www.oecd.org/en/publications/how-the-green-transition-reshapes-vocational-education-and-training_4819bf34-en/full-report.html,"OECD, _How the green transition reshapes vocational education and training_ (2025)",2026-03-22 through 2026-05-25,01519f95c099178c
S191,https://www.iea.org/reports/germany-2025,"IEA, _Germany 2025_ (2025)",2026-03-22 through 2026-05-25,e109037b3f98e547
S192,https://www.iea.org/reports/czechia-2025,"IEA, _Czechia 2025_ (2025)",2026-03-22 through 2026-05-25,ff61ee478ffb7fe2
S193,https://www.oecd.org/content/dam/oecd/en/publications/reports/2025/04/packaging-and-sequencing-policies-for-more-effective-climate-action_51d3656b/fced4e28-en.pdf,"OECD, _Packaging and sequencing policies for more effective climate action_ (2025)",2026-03-22 through 2026-05-25,81c391d2f4c5ad06
S194,https://www.iea.org/reports/energy-and-ai/executive-summary,"IEA, _Energy and AI: Executive summary_ (2025)",2026-03-22 through 2026-05-25,7a179a48aad888f5
S195,https://www.iea.org/reports/scaling-up-private-finance-for-clean-energy-in-emerging-and-developing-economies/key-findings,"IEA, _Scaling Up Private Finance for Clean Energy in Emerging and Developing Economies: Key findings_ (2023; accessed March 2026)",2026-03-22 through 2026-05-25,3177be8354415113
S196,https://www.oecd.org/en/publications/supporting-emerging-markets-and-developing-economies-in-developing-their-local-capital-markets_4456de62-en/full-report.html,"OECD, _Supporting emerging markets and developing economies in developing their local capital markets_ (2025)",2026-03-22 through 2026-05-25,db388298075371ab
S197,https://www.iea.org/reports/iea-support-to-accelerating-renewable-energy-permitting-arpe,"IEA, _IEA Support to Accelerating Renewable Energy Permitting (ARPE)_ (2025)",2026-03-22 through 2026-05-25,ecfaa94225793ded
S198,https://www.oecd.org/en/publications/government-at-a-glance-2025_0efd0bcd-en.html,"OECD, _Government at a Glance 2025_ (2025)",2026-03-22 through 2026-05-25,30a52d9a05f7c7ca
S199,https://www.iea.org/reports/household-energy-affordability/executive-summary,"IEA, _Household Energy Affordability: Executive summary_ (2025)",2026-03-22 through 2026-05-25,036d0a1a44b31788
S200,https://www.iea.org/reports/strategies-for-affordable-and-fair-clean-energy-transitions/executive-summary,"IEA, _Strategies for Affordable and Fair Clean Energy Transitions: Executive summary_ (2024; accessed March 2026)",2026-03-22 through 2026-05-25,b36ba6ff37d47086
S201,https://www.oecd.org/en/publications/the-paris-agreement-at-ten-years_c5f214dc-en/full-report/overview-and-policy-highlights_9ab38155.html,"OECD, _The Paris Agreement at Ten Years: Overview and policy highlights_ (2025)",2026-03-22 through 2026-05-25,d492c2770d84f0c1
S202,https://www.oecd.org/en/publications/ensuring-a-just-transition-to-net-zero-emissions_a3da7080-en.html,"OECD, _Ensuring a just transition to net-zero emissions_ (2025)",2026-03-22 through 2026-05-25,05e43edb524c6fac
S203,https://wmo.int/news/media-centre/earths-climate-swings-increasingly-out-of-balance,"WMO, _Earth’s climate swings increasingly out of balance_ / _State of the Global Climate 2025_ release note (2026)",2026-03-22 through 2026-05-25,44615408eb036286
S204,https://wmo.int/resources/publication-series/global-status-of-multi-hazard-early-warning-systems/global-status-of-multi-hazard-early-warning-systems-2025,"WMO, _Global Status of Multi-Hazard Early Warning Systems 2025_ (2025)",2026-03-22 through 2026-05-25,36561a871eae431a
S205,https://www.unep.org/resources/adaptation-gap-report-2025,"UNEP, _Adaptation Gap Report 2025_ (2025)",2026-03-22 through 2026-05-25,342d51db02ffcbc4
S206,https://www.oecd.org/en/publications/government-at-a-glance-2025_0efd0bcd-en/full-report/delivering-climate-resilient-infrastructure_8996b473.html,"OECD, _Delivering climate-resilient infrastructure_ / _Government at a Glance 2025_ (2025)",2026-03-22 through 2026-05-25,24c4941d7c898f5a
S207,https://www.iea.org/reports/building-the-future-transmission-grid/executive-summary,"IEA, _Building the Future Transmission Grid: Executive summary_ (2025)",2026-03-22 through 2026-05-25,61cddaf9cf0d6799
S208,https://www.iea.org/reports/world-energy-investment-2025/executive-summary,"IEA, _World Energy Investment 2025: Executive summary_ (2025)",2026-03-22 through 2026-05-25,fdf36bfd0ab5a905
S209,https://www.nrel.gov/news/detail/program/2024/what-is-driving-the-demand-for-distribution-transformers.html,"NREL, _What Is Driving the Demand for Distribution Transformers?_ (2024; accessed March 2026)",2026-03-22 through 2026-05-25,f36fae38e5e8c2d3
S210,https://www.energy.gov/oe/distribution-transformers,"DOE Office of Electricity, _Distribution Transformers_ (2025; accessed March 2026)",2026-03-22 through 2026-05-25,9e611a44ab12c209
S211,https://www.energy.gov/oe/supply-chain-resources,"DOE Office of Electricity, _Supply Chain Resources_ (accessed March 2026)",2026-03-22 through 2026-05-25,68218e2c1616ad3c
S212,https://www.iea.org/reports/global-methane-tracker-2025/key-findings,"IEA, _Global Methane Tracker 2025: Key findings_ (2025)",2026-03-22 through 2026-05-25,6dc399c3bdd662f8
S213,https://www.iea.org/news/methane-data-and-transparency-continue-to-improve-but-emissions-remain-far-too-high,"IEA, _Methane data and transparency continue to improve, but emissions remain far too high_ (2025)",2026-03-22 through 2026-05-25,c0c6d2548b09096e
S214,https://www.unep.org/news-and-stories/press-release/ministers-urge-decisive-methane-action-global-report-shows-progress,"UNEP / CCAC, _Ministers urge decisive methane action as global report shows progress, warns of gaps_ (2025)",2026-03-22 through 2026-05-25,128f3b2a61c111e1
S215,https://wmo.int/resources/publication-series/greenhouse-gas-bulletin/wmo-greenhouse-gas-bulletin-no-21,"WMO, _Greenhouse Gas Bulletin - No. 21_ (2025)",2026-03-22 through 2026-05-25,b9c80b087b49312e
S216,https://www.unep.org/news-and-stories/press-release/rise-nitrous-oxide-emissions-endangers-pathway-15degc-ozone-layer,"UNEP / CCAC, _Rise in nitrous oxide emissions endangers pathway to 1.5°C, the ozone layer, and human health_ (2024)",2026-03-22 through 2026-05-25,240786f268bc26a8
S217,https://www.fao.org/newsroom/detail/FAO-nitrogen-use-efficiency-report/en,"FAO, _Nitrogen use efficiency must be improved to reduce harm to human and environmental health_ (2025)",2026-03-22 through 2026-05-25,7c2c0bb6c89bcfad
S218,https://www.unep.org/events/webinar/new-international-guidance-and-tools-sustainable-nitrogen-management,"UNEP, _New International Guidance and Tools for Sustainable Nitrogen Management_ (2025)",2026-03-22 through 2026-05-25,7b6a75ac887c2004
S219,https://www.iea.org/reports/world-energy-outlook-2025/executive-summary,"IEA, _World Energy Outlook 2025: Executive summary_ (2025)",2026-03-22 through 2026-05-25,a33b5a27eb3523c7
S220,https://www.iea.org/reports/the-value-of-demand-flexibility/executive-summary,"IEA, _The Value of Demand Flexibility: Executive summary_ (2025)",2026-03-22 through 2026-05-25,d300d578e8497450
S221,https://www.iea.org/reports/electricity-2026/flexibility,"IEA, _Electricity 2026: Flexibility_ (2026)",2026-03-22 through 2026-05-25,7d4cbacfa2d35342
S222,https://www.iea.org/reports/renewables-2025/executive-summary,"IEA, _Renewables 2025: Executive summary_ (2025)",2026-03-22 through 2026-05-25,9c811360a9b8ee48
S223,https://www.iea.org/reports/batteries-and-secure-energy-transitions/executive-summary,"IEA, _Batteries and Secure Energy Transitions: Executive summary_ (2024)",2026-03-22 through 2026-05-25,16442f44a471a7f0
S224,https://wmo.int/resources/publication-series/state-of-global-water-resources/state-of-global-water-resources-2024,"WMO, _State of Global Water Resources 2024_ (2025)",2026-03-22 through 2026-05-25,f4a48e6fabc72c57
S225,https://www.worldbank.org/en/publication/continental-drying-a-threat-to-our-common-future,"World Bank, _Continental Drying: A Threat to Our Common Future_ (2025)",2026-03-22 through 2026-05-25,357e65cdd9fb3b1c
S226,https://www.iea.org/reports/electricity-2025/reliability,"IEA, _Electricity 2025: Reliability_ (2025)",2026-03-22 through 2026-05-25,5dc67124edff74de
S227,https://www.fao.org/publications/fao-flagship-publications/the-state-of-the-worlds-land-and-water-resources-for-food-and-agriculture/en,"FAO, _The State of the World’s Land and Water Resources for Food and Agriculture 2025_ (2025)",2026-03-22 through 2026-05-25,bd632fd10a7dfdd3
S228,https://www.oecd.org/en/publications/financial-protection-against-catastrophic-risks_32a3acd7-en.html,"OECD, _Financial Protection Against Catastrophic Risks_ (2026)",2026-03-22 through 2026-05-25,de0486d9e5ef4a84
S229,https://www.oecd.org/en/publications/financial-protection-against-catastrophic-risks_32a3acd7-en/full-report/assessment-and-recommendations_48bcda8b.html,"OECD, _Financial Protection Against Catastrophic Risks: Assessment and recommendations_ (2026)",2026-03-22 through 2026-05-25,c8d58e1f1dbc4fc4
S230,https://www.undrr.org/gar/gar2025,"UNDRR, _Global Assessment Report 2025_ (2025)",2026-03-22 through 2026-05-25,b93b9ccebc8f700c
S231,https://wmo.int/news/media-centre/wmo-unveils-new-financing-partnership-initiative-safeguard-forecasting-backbone,"WMO, _WMO unveils new financing partnership initiative to safeguard forecasting backbone_ (2025)",2026-03-22 through 2026-05-25,b6aac44ac51b6ff8
S232,https://www.oecd.org/en/publications/infrastructure-for-a-climate-resilient-future_a74a45b0-en/full-report/component-9.html,"OECD, _Infrastructure for a Climate-Resilient Future: Building climate-resilient infrastructure with regions and cities_ (2024, used here for still-relevant planning doctrine)",2026-03-22 through 2026-05-25,965e24b060053e2c
S233,https://www.iea.org/reports/world-energy-investment-2025/executive-summary,"IEA, _World Energy Investment 2025_ (2025)",2026-03-22 through 2026-05-25,fdf36bfd0ab5a905
S234,https://www.iea.org/reports/global-energy-review-2025,"IEA, _Global Energy Review 2025_ (2025)",2026-03-22 through 2026-05-25,66a4ed4cc212881c
S235,https://www.oecd.org/en/topics/fossil-fuel-support.html,"OECD, _Fossil fuel support_ (topic page reflecting the 2025 Inventory) (2025)",2026-03-22 through 2026-05-25,62f6f70955de7360
S236,https://www.iea.org/reports/net-zero-roadmap-a-global-pathway-to-keep-the-15-c-goal-in-reach/a-renewed-pathway-to-net-zero-emissions,"IEA, _A renewed pathway to net zero emissions_ and _The Oil and Gas Industry in Net Zero Transitions_ (2023, used here for still-relevant replacement doctrine)",2026-03-22 through 2026-05-25,222993a56abec9f1
S237,https://www.iea.org/reports/energy-efficiency-2025/executive-summary,"IEA, _Energy Efficiency 2025_ (2025)",2026-03-22 through 2026-05-25,0928c47bcbaa58ac
S238,https://www.unep.org/news-and-stories/press-release/emissions-building-sector-stopped-rising-first-time-2020-un-finds,"UNEP / GlobalABC, _Emissions from building sector stopped rising for the first time since 2020, UN finds_ (2025)",2026-03-22 through 2026-05-25,37f2aaa888d399db
S239,https://www.iea.org/reports/global-energy-review-2025/electricity,"IEA, _Global Energy Review 2025: Electricity_ (2025)",2026-03-22 through 2026-05-25,6a557dbe94c1d4a4
S240,https://www.iea.org/commentaries/staying-cool-without-overheating-the-energy-system,"IEA, _Staying cool without overheating the energy system_ (2025)",2026-03-22 through 2026-05-25,ee40cf44cd6d84e0
S241,https://www.oecd.org/en/publications/climate-mitigation-in-intermediary-cities_3bdd564f-en/full-report/overview-systems-innovation-in-intermediary-cities-in-kenya-and-mozambique_0e4930aa.html,"OECD, _Climate Mitigation in Intermediary Cities: Systems innovation in intermediary cities in Kenya and Mozambique_ (2025)",2026-03-22 through 2026-05-25,514306c4cb5b555d
S242,https://www.oecd.org/en/publications/zero-carbon-buildings-in-cities_daae8779-en.html,"OECD, _Zero-Carbon Buildings in Cities: A Whole Life-Cycle Approach_ (2025)",2026-03-22 through 2026-05-25,d1c62777492a7628
S243,https://www.iea.org/reports/energy-efficiency-2025/transport,"IEA, _Energy Efficiency 2025 — Transport_ (2025)",2026-03-22 through 2026-05-25,ac537aed922a0937
S244,https://www.iea.org/news/diversification-is-the-cornerstone-of-energy-security-yet-critical-minerals-are-moving-in-the-opposite-direction,"IEA, _Diversification is the cornerstone of energy security, yet critical minerals are moving in the opposite direction_ / _Global Critical Minerals Outlook 2025_ (2025)",2026-03-22 through 2026-05-25,ec455ab7152a56c9
S245,https://www.iea.org/reports/recycling-of-critical-minerals/executive-summary,"IEA, _Recycling of Critical Minerals_ (2024, still-current policy and market guidance used here in 2026)",2026-03-22 through 2026-05-25,25828be658ddcfc9
S246,https://www.iea.org/reports/the-role-of-traceability-in-critical-mineral-supply-chains,"IEA / OECD, _The Role of Traceability in Critical Mineral Supply Chains_ (2025)",2026-03-22 through 2026-05-25,b29a97e7fa934a90
S247,https://www.iea.org/reports/global-energy-review-2026,"IEA, _Global Energy Review 2026_ (2026)",2026-03-22 through 2026-05-25,705be26d22ddb9ad
S248,https://www.iea.org/reports/global-methane-tracker-2026,"IEA, _Global Methane Tracker 2026_ (2026)",2026-03-22 through 2026-05-25,a69a89f0fb46deb1
S249,https://climate.copernicus.eu/global-climate-highlights-2025,"Copernicus Climate Change Service / ECMWF, _Global Climate Highlights 2025_ and press release “Copernicus: 2025 was the third hottest year on record” (2026)",2026-03-22 through 2026-05-25,e568f19da0dd875c
S250,https://www.unep.org/resources/emissions-gap-report-2025,"UNEP, _Emissions Gap Report 2025: Off Target_ (2025)",2026-03-22 through 2026-05-25,2594c0cd2ab3747f
S251,https://wmo.int/resources/publication-series/wmo-global-annual-decadal-climate-update/wmo-global-annual-decadal-climate-update-2025-2029,"WMO, _Global Annual to Decadal Climate Update 2025–2029_ (2025)",2026-03-22 through 2026-05-25,bfacc40654543343
S252,https://www.iea.org/reports/electricity-2026,"IEA, _Electricity 2026_ (2026)",2026-03-22 through 2026-05-25,75051685623e3f0f
S253,https://www.iea.org/news/data-centre-electricity-use-surged-in-2025-even-with-tightening-bottlenecks-driving-a-scramble-for-solutions,"IEA, _Data centre electricity use surged in 2025, even with tightening bottlenecks driving a scramble for solutions_ / _Key Questions on Energy and AI_ (2026)",2026-03-22 through 2026-05-25,3e04cbe87437b4ea
S254,https://www.iea.org/reports/world-energy-investment-2025/executive-summary,"IEA, _World Energy Investment 2025_ (2025)",2026-03-22 through 2026-05-25,fdf36bfd0ab5a905
S255,https://www.climatepolicyinitiative.org/publication/global-landscape-of-climate-finance-2025,"Climate Policy Initiative, _Global Landscape of Climate Finance 2025_ (2025)",2026-03-22 through 2026-05-25,c335e026cb55da9f
S256,https://www.climatepolicyinitiative.org/publication/global-landscape-of-climate-finance-2025-emde-spotlight,"Climate Policy Initiative, _Global Landscape of Climate Finance 2025: EMDE Spotlight_ (2025)",2026-03-22 through 2026-05-25,646fa7e648aaa470
S257,https://www.worldbank.org/ext/en/topic/climate-change,"World Bank Group, _Climate Change_ / _World Bank Climate Finance 2025_ (2025)",2026-03-22 through 2026-05-25,c0662324bd963f59
S258,https://www.worldbank.org/en/about/annual-report/miga,"World Bank Group / MIGA, _Annual Report 2025_ and _World Bank Group Guarantee Platform_ (2024–2025)",2026-03-22 through 2026-05-25,4d5cf454f28db4c4
S259,https://www.oecd.org/en/publications/employment-and-skills-policies-for-the-green-transition_f0c558fa-en.html,"OECD, _Employment and Skills Policies for the Green Transition: Review of International Good Practices_ (2025)",2026-03-22 through 2026-05-25,7f41ca434b3dd645
S260,https://www.ilo.org/publications/green-employment-diagnostics-just-transition,"ILO, _Green Employment Diagnostics for a Just Transition_ / revised guidelines (2025)",2026-03-22 through 2026-05-25,ebed4f2571b13036
S261,https://www.iea.org/reports/energy-system-resilience,"IEA, _Energy System Resilience: Lessons learned from Ukraine_ (2026)",2026-03-22 through 2026-05-25,b4abcb1982ab3df4
S262,https://www.who.int/news/item/29-10-2025-climate-inaction-is-claiming-millions-of-lives-every-year--warns-new-lancet-countdown-report,"WHO, _Climate inaction is claiming millions of lives every year, warns new Lancet Countdown report_ (2025), summarising the 2025 Lancet Countdown on Health and Climate Change",2026-03-22 through 2026-05-25,c95c4bc9f4259bdf
S263,https://wmo.int/publication-series/state-of-global-climate/state-of-global-climate-2025,"WMO, _State of the Global Climate 2025_ (2026)",2026-03-22 through 2026-05-25,c1be459f215926bf
S264,https://www.swissre.com/institute/research/sigma-research/sigma-2026-01-natcat-2025-wildfire-storm-risk/global-natcat-losses-2025.html,"Swiss Re Institute, _Natural catastrophes in 2025: the persistent rise of wildfire and storm risk_ / Sigma 1/2026 chapter on global natural catastrophe losses (2026)",2026-03-22 through 2026-05-25,1b8b9df2bb616011
S265,https://www.iais.org/2025/11/iais-report-examines-financial-stability-implications-from-natural-catastrophe-insurance-protection-gaps,"International Association of Insurance Supervisors, _Global Insurance Market Report 2025 special topic edition on natural catastrophe insurance protection gaps_ and IAIS press release (2025)",2026-03-22 through 2026-05-25,b245cdaf7bead2b1
S266,https://www.disasterprotection.org/pafreport,"Centre for Disaster Protection, _The State of Pre-Arranged Financing for Disasters 2025_ (2025)",2026-03-22 through 2026-05-25,2218f906d957be19
S267,https://www.worldbank.org/ext/en/topic/financial-sector/disaster-risk-finance-and-insurance,"World Bank Group, _Disaster Risk Finance and Insurance_ topic page (current access 2026)",2026-03-22 through 2026-05-25,d6777db1f259398f
S268,https://disasterdisplacement.org/wp-content/uploads/2025/10/Funding_Futures-2025_web.pdf,"Platform on Disaster Displacement / UNU-EHS, _Funding Futures: Access to funding for planned relocation as loss and damage_ (2025)",2026-03-22 through 2026-05-25,911c033b187e2bda
S269,https://www.oecd.org/en/publications/2025/11/future-proofing-real-estate-investment_f3d78bbb/full-report/from-climate-related-shocks-to-financial-risks_d85d5492.html,"OECD, _Future-Proofing Real Estate Investment: From climate-related shocks to financial risks_ (2025)",2026-03-22 through 2026-05-25,c59900625a0afbf9
S270,https://www.ngfs.net/en/publications-and-statistics/publications/ngfs-short-term-climate-scenarios-central-banks-and-supervisors,"Network for Greening the Financial System, _Short-term Climate Scenarios for central banks and supervisors_ (2025)",2026-03-22 through 2026-05-25,d00f5cd0a8df0c41
S271,https://www.fsb.org/2025/07/fsb-roadmap-for-addressing-financial-risks-from-climate-change-2025-update,"Financial Stability Board, _Roadmap for Addressing Financial Risks from Climate Change: 2025 update_ (2025)",2026-03-22 through 2026-05-25,7c1352d3acafea4f
S272,https://www.financeministersforclimate.org/sites/default/files/2025-06/CFCMA%20HP4%20Thematic%20Paper%20-%20Physical%20Climate%20Risks%20and%20Adaptation.pdf,"Coalition of Finance Ministers for Climate Action, _How Ministries of Finance Can Assess and Manage Physical Climate Risks and Adaptation_ (2025)",2026-03-22 through 2026-05-25,ea2ff65a46aefbaf
S273,https://www.iea.org/reports/electricity-2026/prices,"IEA, _Electricity 2026: Prices_ (2026)",2026-03-22 through 2026-05-25,f08d8cd7d7041c8d
S274,https://www.bis.org/bcbs/publ/d597.htm,"Basel Committee on Banking Supervision, _A framework for the voluntary disclosure of climate-related financial risks_ (2025)",2026-03-22 through 2026-05-25,a6302074939deff8
S275,https://www.oecd.org/en/publications/protecting-and-empowering-consumers-in-the-green-transition_12f28e4f-en.html,"OECD, _Protecting and empowering consumers in the green transition: Misleading green claims_ (2025)",2026-03-22 through 2026-05-25,46f214aa050bdfde
S276,https://www.ifrs.org/news-and-events/news/2025/06/ifrs-publishes-guidance-disclosures-transition-plans,"IFRS Foundation, _IFRS Foundation publishes guidance on disclosures about transition plans_ and TPT resources (2025)",2026-03-22 through 2026-05-25,97dbb0cb930dfd38
S277,https://www.un.org/en/climatechange/high-level-expert-group,"UN High-Level Expert Group on the Net-Zero Emissions Commitments of Non-State Entities, _Integrity Matters_ / UN climate greenwashing resources (2022, current access 2026)",2026-03-22 through 2026-05-25,5c74fd11a0f1e315
S278,https://www.iso.org/netzero,"ISO, _Net Zero Guidelines_ / IWA 42 (2022, current access 2026)",2026-03-22 through 2026-05-25,a4ee1f3a149e76b7
S279,https://sciencebasedtargets.org/net-zero,"Science Based Targets initiative, _The Corporate Net-Zero Standard_ and Version 2 revision materials (2025)",2026-03-22 through 2026-05-25,d769bef4119853a6
S280,https://icvcm.org/core-carbon-principles,"Integrity Council for the Voluntary Carbon Market, _Core Carbon Principles_ and _Assessment Framework_ (current access 2026)",2026-03-22 through 2026-05-25,55b15a4622d1f615
S281,https://vcmintegrity.org/wp-content/uploads/2025/08/VCMI-Claims-Code_2025_Update.pdf,"Voluntary Carbon Markets Integrity Initiative, _Claims Code of Practice: 2025 Update_ (2025)",2026-03-22 through 2026-05-25,a68b3f0d30025643
S282,https://www.oecd.org/en/publications/2026/03/anti-corruption-and-integrity-outlook-2026_d8f55b04/full-report/component-14.html,"OECD, _Anti-Corruption and Integrity Outlook 2026: Integrity in public procurement_ (2026)",2026-03-22 through 2026-05-25,2a1656430254fb6e
S283,https://www.oecd.org/en/publications/2025/06/government-at-a-glance-2025_70e14c6c/full-report/green-public-procurement_5dbf73a9.html,"OECD, _Government at a Glance 2025: Green public procurement_ (2025)",2026-03-22 through 2026-05-25,69d81c40268ae19e
S284,https://www.worldbank.org/en/news/feature/2025/05/21/osd-publishes-the-knowledge-report-of-the-2nd-symposium-on-supranational-responses-to-corruption,"World Bank Office of Suspension and Debarment / Sanctions Board Secretariat, Green Climate Fund, and Transparency International, _Knowledge Report of the 2nd Symposium on Supranational Responses to Corruption: Integrity in Climate Finance & Action_ (2025)",2026-03-22 through 2026-05-25,63b2f16537b47d4f
S285,https://www.icj-cij.org/case/187,"International Court of Justice / United Nations, _Obligations of States in respect of Climate Change — Advisory Opinion_ and UN summary materials (2025)",2026-03-22 through 2026-05-25,15612445c83c44f9
S286,https://www.ohchr.org/en/press-releases/2025/07/un-experts-welcome-recognition-international-court-justice-all-states-must,"OHCHR / UN Special Procedures, _UN experts welcome recognition from International Court of Justice that all States must protect the climate system_ (2025)",2026-03-22 through 2026-05-25,0729b0827a9ae123
S287,https://www.unep.org/resources/report/global-climate-litigation-report-2025-status-review,"UNEP / Sabin Center, _Global Climate Litigation Report: 2025 Status Review_ (2025)",2026-03-22 through 2026-05-25,8c09090f9d92a468
S288,https://www.lse.ac.uk/granthaminstitute/publication/global-trends-in-climate-change-litigation-2025-snapshot,"Grantham Research Institute / LSE, _Global trends in climate change litigation: 2025 snapshot_ (2025)",2026-03-22 through 2026-05-25,74940a2ec686d217
S289,https://www.climatecasechart.com,"Sabin Center for Climate Change Law / Climate Policy Radar, _The Climate Litigation Database_ (current access 2026)",2026-03-22 through 2026-05-25,f4777383489e38e8
S290,https://unfccc.int/documents/652274,"UNFCCC, _Paris Agreement Implementation and Compliance Committee — sixth annual report and 2025 phase-change materials_ (2025)",2026-03-22 through 2026-05-25,7a05bb5aef06c755
S291,https://unfccc.int/biennial-transparency-reports,"UNFCCC, _Biennial Transparency Reports_ and _2025 delivery highlights_ (current access 2026)",2026-03-22 through 2026-05-25,89c1aff166f19070
S292,https://www.oecd.org/en/publications/government-at-a-glance-2025_0efd0bcd-en/full-report/governing-for-the-green-transition_075e9a83.html,"OECD, _Government at a Glance 2025: Governing for the green transition_ (2025)",2026-03-22 through 2026-05-25,b8ea4068b9cbb68a
S293,https://unfccc.int/first-biennial-transparency-reports,"UNFCCC, _First Biennial Transparency Reports_ public submissions page (current access 2026)",2026-03-22 through 2026-05-25,f646ba88e0c55be3
S294,https://www.ifrs.org/projects/work-plan/ifrs-sustainability-disclosure-taxonomy-update-amendments-ghg-emissions-disclosures,"IFRS Foundation / ISSB, _IFRS Sustainability Disclosure Taxonomy Update—Amendments to Greenhouse Gas Emissions Disclosures_ (2026 work-plan page)",2026-03-22 through 2026-05-25,6491c74a19dd7534
S295,https://single-market-economy.ec.europa.eu/news/commission-launches-consultation-digital-product-passport-2025-04-09_en,"European Commission, _Commission launches consultation on the Digital Product Passport_ (2025)",2026-03-22 through 2026-05-25,b5d0cd5c0de7e434
S296,https://unece.org/digitalization/news/unece-and-iso-launch-joint-initiative-digital-product-passport-advance,"UNECE / ISO, _UNECE and ISO launch joint initiative on Digital Product Passport to advance traceability and circularity_ (2025)",2026-03-22 through 2026-05-25,f073c7180aa22936
S297,https://www.open-contracting.org/data-standard,"Open Contracting Partnership, _Open Contracting Data Standard_ (current access 2026)",2026-03-22 through 2026-05-25,292ac7e50ef446d0
S298,https://standard.open-contracting.org/infrastructure,"Open Contracting Partnership / CoST, _Open Contracting for Infrastructure Data Standards Toolkit_ (current access 2026)",2026-03-22 through 2026-05-25,bfe244ef25c1e893
S299,https://g3w.wmo.int/site/global-greenhouse-gas-watch-g3w,"WMO, _Global Greenhouse Gas Watch (G3W)_ programme page (current access 2026)",2026-03-22 through 2026-05-25,21e59bab5935156a
S300,https://www.oecd.org/en/publications/government-at-a-glance-2025_0efd0bcd-en/full-report/digital-government-index_1edec44e.html,"OECD, _Government at a Glance 2025_ — digital government and governing for the green transition (2025)",2026-03-22 through 2026-05-25,dd70ad6fd6cde045
S301,https://nvlpubs.nist.gov/nistpubs/CSWP/NIST.CSWP.29.pdf,"National Institute of Standards and Technology, _The NIST Cybersecurity Framework (CSF) 2.0_ (2024)",2026-03-22 through 2026-05-25,8a2c52bf62fbf67a
S302,https://www.cisa.gov/cybersecurity-performance-goals-cpgs,"Cybersecurity and Infrastructure Security Agency, _Cross-Sector Cybersecurity Performance Goals_ and CPG programme materials (current access 2026)",2026-03-22 through 2026-05-25,875ec988e3c3468e
S303,https://www.iea.org/reports/power-systems-in-transition/cyber-resilience,"International Energy Agency, _Cyber resilience_ in _Power Systems in Transition_ (current access 2026)",2026-03-22 through 2026-05-25,58cd14b1d8217185
S304,https://www.energy.gov/ceser/cybersecurity-risk-management-process-rmp,"U.S. Department of Energy, _Electricity Subsector Cybersecurity Risk Management Process_ (current access 2026)",2026-03-22 through 2026-05-25,ab3ef588172bd2b9
S305,https://docs.nrel.gov/docs/fy25osti/94352.pdf,"National Renewable Energy Laboratory, _Distribution Cybersecurity: Cybersecurity Considerations of Distributed Resources_ (2025)",2026-03-22 through 2026-05-25,68a6319d1cd280b0
S306,https://nvlpubs.nist.gov/nistpubs/ai/nist.ai.100-1.pdf,"National Institute of Standards and Technology, _Artificial Intelligence Risk Management Framework (AI RMF 1.0)_ (2023)",2026-03-22 through 2026-05-25,90cffc5153c11b64
S307,https://nvlpubs.nist.gov/nistpubs/ai/NIST.AI.600-1.pdf,"National Institute of Standards and Technology, _Artificial Intelligence Risk Management Framework: Generative Artificial Intelligence Profile_ (2024)",2026-03-22 through 2026-05-25,b8df5c37607d20c3
S308,https://oecd.ai/en/ai-principles,"OECD.AI Policy Observatory, _OECD AI Principles overview_ and revised OECD Recommendation on AI (updated 2024)",2026-03-22 through 2026-05-25,e69ee8da00c6b193
S309,https://digital-strategy.ec.europa.eu/en/policies/regulatory-framework-ai,"European Commission, _AI Act_ policy page and Regulation (EU) 2024/1689 materials (current access 2026)",2026-03-22 through 2026-05-25,acc5ad4063972046
S310,https://www.iso.org/standard/42001,"ISO, _ISO/IEC 42001:2023 — Information technology — Artificial intelligence — Management system_ (2023)",2026-03-22 through 2026-05-25,7ede95cb3d6e6423
S311,https://www.iea.org/reports/energy-technology-perspectives-2024,"IEA, _Energy Technology Perspectives 2024_ (2024)",2026-03-22 through 2026-05-25,9d9f08b3104705df
S312,https://www.oecd.org/en/about/news/press-releases/2026/04/critical-raw-materials-face-rising-export-restrictions-increasing-risks-to-global-supply-chains.html,"OECD, _Critical raw materials face rising export restrictions, increasing risks to global supply chains_ / _OECD Inventory of Export Restrictions on Critical Raw Materials_ (2026)",2026-03-22 through 2026-05-25,e8b7f0e0dd671033
S313,https://unctad.org/publication/global-trade-update-january-2026-top-trends-redefining-global-trade-2026,"UN Trade and Development, _Global Trade Update (January 2026): Top trends redefining global trade in 2026_ (2026)",2026-03-22 through 2026-05-25,c816b460336f5994
S314,https://www.wcoomd.org/en/media/newsroom/2026/january/hs-2028-amendments-adapting-the-harmonized-system-to-global-priorities-and-trade-evolution.aspx,"World Customs Organization, _HS 2028 Amendments — Adapting the Harmonized System to Global Priorities and Trade Evolution_ (2026)",2026-03-22 through 2026-05-25,a6ae014b7b6177c7
S315,https://www.worldbank.org/en/publication/wdr2025,"World Bank, _World Development Report 2025: Standards for Development_ (2025)",2026-03-22 through 2026-05-25,b78642062354bd8d
S316,https://www.unido.org/news/unido-contribution-highlighted-world-development-report-2025-standards-and-quality-infrastructure,"UNIDO, _UNIDO contribution highlighted in World Development Report 2025 on standards and Quality Infrastructure_ (2026)",2026-03-22 through 2026-05-25,5e6455ce14d44af7
S317,https://www.iso.org/casco.html,"ISO, _ISO Committee on Conformity Assessment (CASCO)_ (current access 2026)",2026-03-22 through 2026-05-25,2345a11dd1aa1e68
S318,https://www.wto.org/english/res_e/publications_e/gvcreport2025_e.htm,"WTO, _Global Value Chain Development Report 2025_ and WTO trade / environment materials (2025–2026)",2026-03-22 through 2026-05-25,158c646e2700fab8
S319,https://www.unep.org/news-and-stories/press-release/un-convened-panel-address-equity-sustainability-and-human-rights,"UNEP / United Nations, _UN-convened Panel to address equity, sustainability and human rights across value chains of critical energy transition minerals_ and Critical Energy Transition Minerals initiative (2024–2025)",2026-03-22 through 2026-05-25,5539f2e8358ca9a8
S320,https://www.unep.org/ietc/resources/report/global-waste-management-outlook-2024,"UNEP / International Solid Waste Association, _Global Waste Management Outlook 2024: Beyond an age of waste_ (2024)",2026-03-22 through 2026-05-25,44a01edb0f97676f
S321,https://www.itu.int/en/ITU-D/Environment/Pages/Publications/The-Global-E-waste-Monitor-2024.aspx,"UNITAR / ITU, _The Global E-waste Monitor 2024_ (2024)",2026-03-22 through 2026-05-25,464cf235c3e8f756
S322,https://www.irena.org/publications/2016/Jun/End-of-life-management-Solar-Photovoltaic-Panels,"IRENA / IEA Photovoltaic Power Systems Programme, _End-of-life management: Solar Photovoltaic Panels_ (2016)",2026-03-22 through 2026-05-25,a0d12657d26ae0e0
S323,https://www.iea.org/reports/batteries-and-secure-energy-transitions/executive-summary,"IEA, _Batteries and Secure Energy Transitions_ (2024)",2026-03-22 through 2026-05-25,16442f44a471a7f0
S324,https://www.iea.org/reports/global-ev-outlook-2024/executive-summary,"IEA, _Global EV Outlook 2024: Executive summary_ — battery recycling and reuse section (2024)",2026-03-22 through 2026-05-25,bdc19988e991f3ee
S325,https://www.globalbattery.org/battery-passport,"Global Battery Alliance, _Battery Passport_ programme page (current access 2026)",2026-03-22 through 2026-05-25,657062d0240d2e96
S326,https://environment.ec.europa.eu/topics/waste-and-recycling/batteries_en,"European Commission, _Batteries_ / Regulation (EU) 2023/1542 implementation materials (current access 2026)",2026-03-22 through 2026-05-25,5b360e29f061fe6b
S327,https://commission.europa.eu/law/law-topic/consumer-protection-law/directive-repair-goods_en,"European Commission, _Directive on common rules promoting the repair of goods_ (2024, implementation to 2026)",2026-03-22 through 2026-05-25,60382b5d39adb682
S328,https://www.basel.int/Implementation/Ewaste/EwasteAmendments/EwasteAmendmentsFAQs/tabid/10107/Default.aspx,"Basel Convention Secretariat, _E-waste Amendments FAQs_ and overview materials (2025)",2026-03-22 through 2026-05-25,d19fd978c32f9304
S329,https://www.ipbes.net/nexus-assessment,"IPBES, _The Nexus Assessment: Summary for Policymakers_ (approved 2024, published 2025)",2026-03-22 through 2026-05-25,a1deebbc9d7655c0
S330,https://iucn.org/resources/publication/mitigating-biodiversity-impacts-associated-solar-and-wind-energy-development,"IUCN / The Biodiversity Consultancy, _Mitigating biodiversity impacts associated with solar and wind energy development_ (2021)",2026-03-22 through 2026-05-25,ebc37f3d3e23c567
S331,https://www.unep.org/resources/report/protected-planet-report-2024,"UNEP-WCMC / IUCN, _Protected Planet Report 2024_ (2024)",2026-03-22 through 2026-05-25,c66bab24c2320f9a
S332,https://www.cbd.int/gbf/targets,"Convention on Biological Diversity, _Kunming-Montreal Global Biodiversity Framework: 2030 Targets_ (current access 2026)",2026-03-22 through 2026-05-25,48d69e5475af7f4a
S333,https://www.ohchr.org/en/indigenous-peoples/consultation-and-free-prior-and-informed-consent-fpic,"OHCHR, _Consultation and free, prior and informed consent (FPIC)_ (current access 2026)",2026-03-22 through 2026-05-25,dba7ee453bdaf385
S334,https://legal.un.org/avl/ha/ga_61-295/ga_61-295.html,"United Nations legal materials, _United Nations Declaration on the Rights of Indigenous Peoples_ / General Assembly resolution 61/295 (2007, current access 2026)",2026-03-22 through 2026-05-25,349b9d06eccf1d4c
S335,https://www.ifc.org/en/insights-reports/2012/ifc-performance-standard-7,"IFC, _Performance Standard 7: Indigenous Peoples_ (2012, current access 2026)",2026-03-22 through 2026-05-25,9c1e262c374b5a59
S336,https://www.energy.gov/eere/siting-large-scale-renewable-energy-projects,"U.S. Department of Energy, _Siting of Large-Scale Renewable Energy Projects_ (current access 2026)",2026-03-22 through 2026-05-25,b8e299b870e39f1d
S337,https://climate.law.columbia.edu/content/community-benefits-agreements-database,"Sabin Center for Climate Change Law, Columbia Law School, _Community Benefits Agreements Database_ (current access 2026)",2026-03-22 through 2026-05-25,8b545f595b90aa90
S338,https://www.nature.org/en-us/what-we-do/our-priorities/tackle-climate-change/climate-change-stories/site-renewables-right,"The Nature Conservancy, _Site Renewables Right_ and _Renewable Energy Smart Siting Guide for Portugal_ (2024–2026)",2026-03-22 through 2026-05-25,cccc9e877b812207
S339,https://www.business-humanrights.org/en/from-us/briefings/transition-minerals-tracker-2025-global-analysis,"Business & Human Rights Resource Centre, _Transition Minerals Tracker: 2025 Global Analysis_ (2025)",2026-03-22 through 2026-05-25,d6ee8c4f95378c02
S340,https://www.business-humanrights.org/en/from-us/briefings/renewable-energy-human-rights-benchmark-2025,"Business & Human Rights Resource Centre, _Renewable Energy and Human Rights Benchmark 2025_ (2025)",2026-03-22 through 2026-05-25,26a6379dfd843f6b
S341,https://www.iea.org/reports/global-methane-tracker-2026/understanding-methane-emissions,"International Energy Agency, _Global Methane Tracker 2026: Understanding methane emissions_ (2026)",2026-03-22 through 2026-05-25,471934d632e1e103
S342,https://www.iea.org/reports/global-methane-tracker-2026/key-findings,"International Energy Agency, _Global Methane Tracker 2026: Key findings_ (2026)",2026-03-22 through 2026-05-25,aebb382e9779c8ac
S343,https://www.worldbank.org/en/topic/extractiveindustries/publication/managing-coal-mine-closure,"World Bank, _Managing Coal Mine Closure: Achieving a Just Transition for All_ (2018)",2026-03-22 through 2026-05-25,8d206d19239a5b48
S344,https://documents1.worldbank.org/curated/en/099040825114032293/pdf/P179980-c375abae-293f-48fd-b5a4-9e9f57075469.pdf,"World Bank, _Mine Closure Standards and Improved Post-Closure Risk Management for Surface and Underground Coal Mines_ (2025)",2026-03-22 through 2026-05-25,f6dde997439dc65a
S345,https://openknowledge.worldbank.org/entities/publication/854d1017-02db-487a-8da3-df00ffaa7788,"World Bank, _Repurposing Coal Mining Lands for a Just Transition_ (2024)",2026-03-22 through 2026-05-25,a056c1fe97419bc9
S346,https://www.worldbank.org/en/topic/extractiveindustries/justtransition,"World Bank, _Just Transition for All_ topic page (current access 2026)",2026-03-22 through 2026-05-25,b7dbbc0822438b8e
S347,https://www.energy.gov/hgeo/undocumented-orphaned-wells-research-program-division-methane-mitigation-technologies,"U.S. Department of Energy, _Undocumented Orphaned Wells Research Program / CATALOG_ (current access 2026)",2026-03-22 through 2026-05-25,66f67dedde467334
S348,https://www.epa.gov/re-powering,"U.S. Environmental Protection Agency, _RE-Powering America's Land_ and RE-Powering Mapper materials (current access 2026)",2026-03-22 through 2026-05-25,8f1175c0bc451d59
S349,https://www.oecd.org/en/publications/the-polluter-pays-principle_9789264044845-en.html,"OECD, _The Polluter Pays Principle: Definition, Analysis, Implementation_ (1975 / OECD Publishing edition current access 2026)",2026-03-22 through 2026-05-25,b87f6aa148636838
S350,https://www.amnesty.org/en/latest/news/2025/11/fossil-fuel-infrastructure-rights-critical-ecosystems-at-risk,"Amnesty International / Better Planet Laboratory, _Extraction Extinction: Why the lifecycle of fossil fuels threatens life, nature, and human rights_ (2025)",2026-03-22 through 2026-05-25,e230d86496c6760c
S351,https://www.internal-displacement.org/global-report/grid2026,"Internal Displacement Monitoring Centre, _2026 Global Report on Internal Displacement_ (2026)",2026-03-22 through 2026-05-25,fcfeda37c75cfe1b
S352,https://www.worldbank.org/en/news/press-release/2021/09/13/climate-change-could-force-216-million-people-to-migrate-within-their-own-countries-by-2050,"World Bank, _Groundswell Part II: Acting on Internal Climate Migration_ / press materials (2021, current access 2026)",2026-03-22 through 2026-05-25,9615215a2e5fc11d
S353,https://publications.iom.int/books/world-migration-report-2026,"International Organization for Migration, _World Migration Report 2026_ and chapter on climate mobility / local and community action (2026)",2026-03-22 through 2026-05-25,d63a77ac19f10b11
S354,https://disasterdisplacement.org/resource/key-messages-for-cop30,"Platform on Disaster Displacement, _Key Messages for COP30_ and WIM Task Force on Displacement links (2025)",2026-03-22 through 2026-05-25,e0f4472f7c44327f
S355,https://www.unhcr.org/us/news/press-releases/unhcr-report-reveals-extreme-weather-driving-repeated-displacement-among,"UNHCR, _No Escape II_ / press materials on extreme weather and repeated displacement among conflict-affected communities (2025)",2026-03-22 through 2026-05-25,448131c2bb712248
S356,https://mayorsmigrationcouncil.org/news/impact-report-2025,"Mayors Migration Council, _2025 Impact Report_ (2026)",2026-03-22 through 2026-05-25,7c3d8fc97b8ddd13
S357,https://www.c40.org/research,"C40 Cities, _Cities, Climate and Migration_ / C40 research page (current access 2026)",2026-03-22 through 2026-05-25,8e1dbc482d5ef074
S358,https://roasiapacific.iom.int/sites/g/files/tmzbdl671/files/documents/2026-01/iom_asiapacific_plannedrelocationgovernanceinasiaandthepacific_digital.pdf,"IOM Asia and the Pacific, _Planned Relocation Governance in Asia and the Pacific_ (2026)",2026-03-22 through 2026-05-25,de156bd2c9059c32
S359,https://www.worldbank.org/en/programs/sahel-adaptive-social-protection-program-trust-fund/thematic-areas/climate-shock-responsive-delivery-systems,"World Bank / Sahel Adaptive Social Protection Program, _Climate Shock Responsive Delivery Systems_ (current access 2026)",2026-03-22 through 2026-05-25,028644d7065c6bcd
S360,https://openknowledge.worldbank.org/entities/publication/e61fc26d-3a3b-499a-ad71-195613d019ab,"World Bank Independent Evaluation Group, _How the World Bank Supports Adaptive Social Protection in Crisis Response_ (2025)",2026-03-22 through 2026-05-25,2a9a5e10149560d2
S361,https://openknowledge.fao.org/handle/20.500.14283/cd9424en,"Global Network Against Food Crises / Food Security Information Network, _2026 Global Report on Food Crises_ (2026)",2026-03-22 through 2026-05-25,91b575310285f47d
S362,https://www.fao.org/publications/fao-flagship-publications/the-state-of-food-security-and-nutrition-in-the-world/en,"FAO, IFAD, UNICEF, WFP and WHO, _The State of Food Security and Nutrition in the World 2025_ (2025)",2026-03-22 through 2026-05-25,704ed1e46eb8f99c
S363,https://www.wfp.org/global-hunger-crisis,"World Food Programme, _Global Food Crisis_ / 2026 Global Outlook materials (current access 2026)",2026-03-22 through 2026-05-25,6589ee110332dcf6
S364,https://www.wfp.org/publications/hunger-hotspots-fao-wfp-early-warnings-acute-food-insecurity,"FAO and WFP, _Hunger Hotspots: FAO-WFP early warnings on acute food insecurity, November 2025 to May 2026 outlook_ (2025)",2026-03-22 through 2026-05-25,3bd9237fbc24ab42
S365,https://www.worldbank.org/en/topic/agriculture/brief/food-security-update,"World Bank, _Food Security Update_ (current access April 2026)",2026-03-22 through 2026-05-25,b71407046af5e267
S366,https://www.fao.org/newsroom/detail/extreme-heat-is-pushing-agrifood-systems-to-the-brink-worldwide/en,"FAO and World Meteorological Organization, _Extreme Heat and Agriculture_ / press materials (2026)",2026-03-22 through 2026-05-25,707979baff1e4288
S367,https://www.fao.org/publications/fao-flagship-publications/the-impact-of-disasters-on-agriculture-and-food-security/en,"FAO, _The Impact of Disasters on Agriculture and Food Security 2025_ (2025)",2026-03-22 through 2026-05-25,e5d996fb63625359
S368,https://www.wfp.org/anticipatory-actions,"World Food Programme, _Anticipatory Action for climate shocks_ (current access 2026)",2026-03-22 through 2026-05-25,7c18e4ac887d6e9a
S369,https://www.fao.org/emergencies/our-focus/anticipatory-action/en,"FAO, _Anticipatory Action_ (current access 2026)",2026-03-22 through 2026-05-25,95988704ae165bc3
S370,https://www.amis-outlook.org/about/overview,"Agricultural Market Information System, _AMIS overview and Market Monitor_ (current access 2026)",2026-03-22 through 2026-05-25,d0d7eb1e18e780cf
S371,https://www.unesco.org/en/world-water-report-2026,"UNESCO / UN-Water, _The United Nations World Water Development Report 2026: Water for All People — Equal Rights and Opportunities_ (2026)",2026-03-22 through 2026-05-25,37d3fb815f726a5c
S372,https://washdata.org,"WHO / UNICEF Joint Monitoring Programme, _Progress on household drinking water, sanitation and hygiene 2000–2024: Special focus on inequalities_ (2025)",2026-03-22 through 2026-05-25,872156fd39402f0b
S373,https://wmo.int/news/media-centre/from-drought-deluge-wmo-report-highlights-increasingly-erratic-water-cycle,"World Meteorological Organization, _State of Global Water Resources 2024_ / press materials (2025)",2026-03-22 through 2026-05-25,f9abced57eed5cc2
S374,https://unu.edu/inweh/news/world-enters-era-of-global-water-bankruptcy,"United Nations University Institute for Water, Environment and Health, _Global Water Bankruptcy: Living Beyond Our Hydrological Means in the Post-Crisis Era_ / press materials (2026)",2026-03-22 through 2026-05-25,975aa14d7f705327
S375,https://www.wri.org/insights/highest-water-stressed-countries,"World Resources Institute, _Aqueduct Water Risk Atlas 4.0_ / “25 Countries, Housing One-Quarter of the Population, Face Extremely High Water Stress” (2023, current access 2026)",2026-03-22 through 2026-05-25,6b0a5cce970521ad
S376,https://openknowledge.fao.org/items/727cc000-b525-4444-aa2e-f57f56e2239b,"FAO, _AQUASTAT Water Data Snapshot 2025_ (2025)",2026-03-22 through 2026-05-25,2b6c489dfc7ec36a
S377,https://www.unccd.int/resources/publications/drought-hotspots-around-world-2023-2025,"UNCCD, National Drought Mitigation Center, and International Drought Resilience Alliance, _Drought Hotspots Around the World 2023–2025_ (2025)",2026-03-22 through 2026-05-25,6d5f2771e67ced73
S378,https://www.undrr.org/gar/gar2025/hazard-exploration/droughts,"UNDRR, _Global Assessment Report 2025 — Hazard Exploration: Droughts_ (2025)",2026-03-22 through 2026-05-25,ffee0d1b8fff3ea8
S379,https://www.who.int/publications/i/item/9789240067691,"World Health Organization, _Water safety plan manual: step-by-step risk management for drinking-water suppliers, second edition_ (2023; 2026 training package)",2026-03-22 through 2026-05-25,4e5734144094815b
S380,https://documents1.worldbank.org/curated/en/099124511122431814/pdf/IDU1fa8a4c3a1fd8c14810194851fb785b73d02d.pdf,"World Bank, _Water Security and Climate Change: Insights from Country Climate and Development Reports_ (2024 / 2025)",2026-03-22 through 2026-05-25,c4b54a90f9b70408
S381,https://watercommission.org,"Global Commission on the Economics of Water, _The Economics of Water: Valuing the Hydrological Cycle as a Global Common Good_ (2024)",2026-03-22 through 2026-05-25,4fc4c1281a7699e0
S382,https://www.who.int/publications/i/item/9789240081888,"World Health Organization, _Operational framework for building climate resilient and low carbon health systems_ (2023)",2026-03-22 through 2026-05-25,6df6bb6686e5e13a
S383,https://lancetcountdown.org/2025-report,"Lancet Countdown, _The 2025 Report of the Lancet Countdown on Health and Climate Change: Climate change action offers a lifeline_ (2025)",2026-03-22 through 2026-05-25,2a021ef4f73ce0a6
S384,https://www.who.int/teams/environment-climate-change-and-health/climate-change-and-health/country-support/integrated-surveillance-and-climate-informed-health-early-warning-systems,"World Health Organization, _Integrated surveillance and climate-informed health early warning systems_ (current access 2026)",2026-03-22 through 2026-05-25,95015a4b309348a4
S385,https://wmo.int/media/news/climate-and-health-data-must-be-integrated,"World Meteorological Organization, _Climate and health data must be integrated_ (2024)",2026-03-22 through 2026-05-25,0888c4c91ad54b50
S386,https://www.who.int/news-room/fact-sheets/detail/vector-borne-diseases,"World Health Organization, _Vector-borne diseases_ fact sheet (2024)",2026-03-22 through 2026-05-25,b9b47a9af6f0dc92
S387,https://www.who.int/news-room/fact-sheets/detail/dengue-and-severe-dengue,"World Health Organization, _Dengue and severe dengue_ fact sheet (2025)",2026-03-22 through 2026-05-25,689ded5651e8214a
S388,https://www.who.int/teams/global-malaria-programme/reports/world-malaria-report-2025,"World Health Organization, _World malaria report 2025_ (2025)",2026-03-22 through 2026-05-25,602a1c00cf81bb8f
S389,https://www.who.int/publications/i/item/who-wer10036-347-364,"World Health Organization, _Global situation report for cholera, 2024_ (2025)",2026-03-22 through 2026-05-25,ae54b55bc3ab73c7
S390,https://www.who.int/initiatives/global-arbovirus-initiative,"World Health Organization, _Global Arbovirus Initiative_ and associated clinical-management guidance (2022–2025)",2026-03-22 through 2026-05-25,1890b9270417c252
S391,https://www.who.int/teams/one-health-initiative/quadripartite-secretariat-for-one-health/one-health-joint-plan-of-action,"FAO, UNEP, WHO, and WOAH, _One Health Joint Plan of Action (2022–2026)_ (2022; current implementation period)",2026-03-22 through 2026-05-25,d8ceb550d59c2ee9
S392,https://www.gavi.org/our-alliance/climate-health-immunisation,"Gavi, _Climate, health and immunisation_ / _Immunisation: a critical pillar of climate adaptation_ (2025)",2026-03-22 through 2026-05-25,9a30a4468369bed9
S393,https://www.who.int/news-room/fact-sheets/detail/climate-change-and-health,"World Health Organization, _Climate change and health_ fact sheet / health topic page (current access 2026)",2026-03-22 through 2026-05-25,07114aeca4912c5f
S394,https://www.unicef.org/reports/climate-crisis-child-rights-crisis,"UNICEF, _The Climate Crisis is a Child Rights Crisis: Introducing the Children's Climate Risk Index_ (2021)",2026-03-22 through 2026-05-25,92bcc7e1aaee83ca
S395,https://www.unicef.org/reports/learning-interrupted-global-snapshot-2024,"UNICEF, _Learning Interrupted: Global Snapshot of Climate-Related School Disruptions in 2024_ (2025)",2026-03-22 through 2026-05-25,3d2c13fcd555cd80
S396,https://www.worldbank.org/en/topic/education/publication/education-for-climate-action,"World Bank, _Choosing Our Future: Education for Climate Action_ (2024)",2026-03-22 through 2026-05-25,552e38475e9e73fa
S397,https://gadrrres.net/comprehensive-school-safety-framework,"Global Alliance for Disaster Risk Reduction and Resilience in the Education Sector, _Comprehensive School Safety Framework 2022–2030 for Child Rights and Resilience in the Education Sector_ (2022)",2026-03-22 through 2026-05-25,af485161ac36f082
S398,https://inee.org/minimum-standards,"Inter-agency Network for Education in Emergencies, _Minimum Standards for Education: Preparedness, Response, Recovery — 2024 Edition_ (2024)",2026-03-22 through 2026-05-25,002a0824f9fdad71
S399,https://www.worldbank.org/en/topic/education/publication/right-framework-physical-learning-environments,"World Bank, _RIGHT+ Framework for Physical Learning Environments_ (2025)",2026-03-22 through 2026-05-25,2ec8c7a2cafe0bb7
S400,https://www.unicef.org/reports/children-displaced-changing-climate,"UNICEF, _Children Displaced in a Changing Climate: Preparing for a Future Already Underway_ (2023)",2026-03-22 through 2026-05-25,b684d4b8cbdfbdd1
S401,https://www.unicef.org/eap/media/18386/file/Technical%20Brief.pdf.pdf,"UNICEF East Asia and Pacific Regional Office, _Climate Resilient Child Protection Systems in East Asia and Pacific: Technical Brief_ (2025)",2026-03-22 through 2026-05-25,8273efc4c1826da2
S402,https://docs.un.org/en/CRC/C/GC/26,"United Nations Committee on the Rights of the Child, _General Comment No. 26 on Children's Rights and the Environment, with a Special Focus on Climate Change_ (2023)",2026-03-22 through 2026-05-25,e134ceb66024c2bd
S403,https://www.unicef.org/media/139506/file/UNICEF-Sustainability-Climate-Change-Action-Plan-2023-2030.pdf,"UNICEF, _Sustainability and Climate Change Action Plan 2023–2030_ (2023)",2026-03-22 through 2026-05-25,544c4ba4368c598a
S404,https://www.unicef.org/reports/state-of-worlds-children/2024,"UNICEF, _The State of the World's Children 2024: The Future of Childhood in a Changing World_ (2024)",2026-03-22 through 2026-05-25,8c4a11368b35a637
S405,https://www.who.int/publications/i/item/9789240045125,"World Health Organization, _Mental Health and Climate Change: Policy Brief_ (2022)",2026-03-22 through 2026-05-25,93a809c185808f46
S406,https://www.who.int/news-room/fact-sheets/detail/ageing-and-health,"World Health Organization, _Ageing and health_ fact sheet (updated 2025)",2026-03-22 through 2026-05-25,2c3047dd7b98bcc5
S407,https://www.who.int/publications/i/item/9789240063600,"World Health Organization, _Global Report on Health Equity for Persons with Disabilities_ (2022)",2026-03-22 through 2026-05-25,28f71e3424d33d67
S408,https://www.undrr.org/report/2023-gobal-survey-report-on-persons-with-disabilities-and-disasters,"United Nations Office for Disaster Risk Reduction, _2023 Global Survey Report on Persons with Disabilities and Disasters_ (2023)",2026-03-22 through 2026-05-25,b7ae2df41b72f28f
S409,https://www.who.int/news-room/fact-sheets/detail/assistive-technology,"World Health Organization and UNICEF, _Global Report on Assistive Technology_ (2022)",2026-03-22 through 2026-05-25,b57bd50cf554bb27
S410,https://www.helpage.org/wp-content/uploads/2023/11/Climate-justice-in-an-ageing-world.pdf,"HelpAge International, _Climate Justice in an Ageing World_ (2023)",2026-03-22 through 2026-05-25,5056f68422eebf3c
S411,https://www.nature.com/articles/s41467-024-47197-5,"Falchetta et al., _Global projections of heat exposure of older adults_, Nature Communications (2024)",2026-03-22 through 2026-05-25,b72d46958e91be4e
S412,https://spherestandards.org/resources/humanitarian-inclusion-standards-for-older-people-and-people-with-disabilities,"ADCAP / HelpAge / CBM / Handicap International and partners, _Humanitarian Inclusion Standards for Older People and People with Disabilities_ (2018)",2026-03-22 through 2026-05-25,1939e097d5aa4c63
S413,https://interagencystandingcommittee.org/sites/default/files/migrated/2020-11/IASC%20Guidelines%20on%20the%20Inclusion%20of%20Persons%20with%20Disabilities%20in%20Humanitarian%20Action%2C%202019_0.pdf,"Inter-Agency Standing Committee, _Guidelines on the Inclusion of Persons with Disabilities in Humanitarian Action_ (2019)",2026-03-22 through 2026-05-25,7d9d72843daef944
S414,https://www.un.org/development/desa/disabilities/convention-on-the-rights-of-persons-with-disabilities/article-11-situations-of-risk-and-humanitarian-emergencies.html,"United Nations, _Convention on the Rights of Persons with Disabilities — Article 11: Situations of risk and humanitarian emergencies_ (2006)",2026-03-22 through 2026-05-25,5a6b1f4b91b180aa
S415,https://extranet.who.int/agefriendlyworld/wp-content/uploads/2014/06/WHO-Older-Persons-in-Emergencies-Considerations-for-Action-and-Policy-Development-English.pdf,"World Health Organization, _Older Persons in Emergencies: Considerations for Action and Policy Development_ (2008)",2026-03-22 through 2026-05-25,39b9512fb5e386f3
S416,https://asprtracie.hhs.gov/technical-resources/52/long-term-care-facilities/47,"ASPR TRACIE, _Long-Term Care Facilities_ technical resources (current access 2026)",2026-03-22 through 2026-05-25,456cf6b2095ec6e3
S417,https://heat.gov/who-is-most-at-risk-to-extreme-heat/at-risk-older-adults,"Heat.gov, _At-Risk Older Adults_ (current access 2026)",2026-03-22 through 2026-05-25,8677b9f727e1c409
S418,https://www.ilo.org/publications/ensuring-safety-and-health-work-changing-climate,"International Labour Organization, _Ensuring Safety and Health at Work in a Changing Climate_ (2024)",2026-03-22 through 2026-05-25,716acc5abcc1a5dd
S419,https://www.who.int/publications/i/item/9789240099814,"World Health Organization and World Meteorological Organization, _Climate Change and Workplace Heat Stress: Technical Report and Guidance_ (2025)",2026-03-22 through 2026-05-25,c3a853c27dc9e1eb
S420,https://www.ilo.org/sites/default/files/wcmsp5/groups/public/%40dgreports/%40dcomm/%40publ/documents/publication/wcms_711919.pdf,"International Labour Organization, _Working on a Warmer Planet: The Impact of Heat Stress on Labour Productivity and Decent Work_ (2019)",2026-03-22 through 2026-05-25,a125a2856ed901fb
S421,https://www.ilo.org/publications/heat-work-implications-safety-and-health,"International Labour Organization, _Heat at Work: Implications for Safety and Health_ (2024)",2026-03-22 through 2026-05-25,6be9ecab26428d82
S422,https://www.osha.gov/heat-exposure/rulemaking,"Occupational Safety and Health Administration, _Heat Injury and Illness Prevention in Outdoor and Indoor Work Settings Rulemaking_ (current access 2026)",2026-03-22 through 2026-05-25,650d058630458011
S423,https://www.ilo.org/topics-and-sectors/safety-and-health-work/safe-and-healthy-working-environment-fundamental-principle-and-right-work,"International Labour Organization, _A Safe and Healthy Working Environment Is a Fundamental Principle and Right at Work_ (current access 2026)",2026-03-22 through 2026-05-25,04368bed75a1ef6f
S424,https://www.ilo.org/publications/flagship-reports/world-social-protection-report-2024-26-universal-social-protection-climate,"International Labour Organization, _World Social Protection Report 2024–26: Universal Social Protection for Climate Action and a Just Transition_ (2024)",2026-03-22 through 2026-05-25,ac4b2a26cc3bfe0d
S425,https://www.worldbank.org/en/topic/socialprotection/publication/state-of-social-protection-2025-2-billion-person-challenge,"World Bank, _State of Social Protection Report 2025: The 2-Billion-Person Challenge_ (2025)",2026-03-22 through 2026-05-25,4a25f04ba715c6b3
S426,https://wmo.int/media/news/fao-and-wmo-report-highlights-extreme-heat-risks-agriculture,"Food and Agriculture Organization and World Meteorological Organization, _Extreme Heat and Agriculture_ / WMO report highlights extreme heat risks for agriculture (2025)",2026-03-22 through 2026-05-25,da3685d18036120f
S427,https://ilostat.ilo.org/topics/informality,"ILOSTAT, _Statistics on the Informal Economy_ (current access 2026)",2026-03-22 through 2026-05-25,4afae6895f28aae3
S428,https://www.ilo.org/publications/guidelines-just-transition-towards-environmentally-sustainable-economies,"International Labour Organization, _Guidelines for a Just Transition towards Environmentally Sustainable Economies and Societies for All_ (2015 / publication page 2016)",2026-03-22 through 2026-05-25,f0af38380c5633a2
S429,https://www.iarc.who.int/news-events/working-under-the-sun-causes-1-in-3-deaths-from-non-melanoma-skin-cancer-say-who-and-ilo,"International Agency for Research on Cancer / WHO / ILO, _Working under the Sun Causes 1 in 3 Deaths from Non-Melanoma Skin Cancer_ (2023)",2026-03-22 through 2026-05-25,2dd1ec8e2b4837c8
S430,https://link.springer.com/article/10.1007/s40572-025-00481-y,"van Selm et al., _Occupational Heat Stress Among Migrant and Ethnic Minority Outdoor Workers: A Scoping Review_, Current Environmental Health Reports (2025)",2026-03-22 through 2026-05-25,138fecf096192ea9
S431,https://www.who.int/publications/i/item/9789241550376,"World Health Organization, _WHO Housing and Health Guidelines_ (2018)",2026-03-22 through 2026-05-25,9d353ac10bac9882
S432,https://www.ohchr.org/en/documents/thematic-reports/ahrc5228-towards-just-transformation-climate-crisis-and-right-housing,"United Nations Special Rapporteur on Adequate Housing, _Towards a Just Transformation: Climate Crisis and the Right to Housing_ (A/HRC/52/28, 2023)",2026-03-22 through 2026-05-25,69e1c00765ba5c37
S433,https://unhabitat.org/annual-report-2024,"UN-Habitat, _Annual Report 2024: Adequate Housing for All_ (2025 publication page / report)",2026-03-22 through 2026-05-25,ea59d1ec774d017b
S434,https://spherestandards.org/handbook,"Sphere Association, _The Sphere Handbook: Humanitarian Charter and Minimum Standards in Humanitarian Response_ (2018 / current online handbook)",2026-03-22 through 2026-05-25,7797b5c993cf17fe
S435,https://www.worldbank.org/en/topic/disasterriskmanagement/brief/global-program-for-resilient-housing,"World Bank, _Global Program for Resilient Housing_ (current access 2026)",2026-03-22 through 2026-05-25,1d4f3898e63fdea9
S436,https://www.gfdrr.org/en/resilient-housing,"Global Facility for Disaster Reduction and Recovery, _Resilient Housing_ technical support page (current access 2026)",2026-03-22 through 2026-05-25,81fbe313f163f42b
S437,https://www.oecd.org/en/publications/2025/11/future-proofing-real-estate-investment_f3d78bbb/full-report/managing-climate-related-risks-for-resilient-real-estate_fe6a5ab0.html,"OECD, _Future-Proofing Real Estate Investment: Managing Climate-Related Risks for Resilient Real Estate_ (2025)",2026-03-22 through 2026-05-25,e937102e7fed1037
S438,https://www.oecd.org/en/data/datasets/oecd-affordable-housing-database.html,"OECD, _Affordable Housing Database_ (current access 2026)",2026-03-22 through 2026-05-25,99ec09bbbb4c569a
S439,https://www.undrr.org/words-into-action/disaster-displacement-how-reduce-risk-address-impacts-and-strengthen-resilience,"UNDRR / Norwegian Refugee Council / Platform on Disaster Displacement, _Words into Action: Disaster Displacement — How to Reduce Risk, Address Impacts and Strengthen Resilience_ (2019 / current access 2026)",2026-03-22 through 2026-05-25,8aa831cbad6f3e65
S440,https://www.habitat.org/sites/default/files/documents/NDC-Report-Oct-9.pdf,"Habitat for Humanity International / UN-Habitat, _Housing and Informal Settlements Content in Nationally Determined Contributions_ (2024)",2026-03-22 through 2026-05-25,e290c5afe372eec1
S441,https://unhabitat.org/news/10-dec-2024/the-promise-of-adequate-housing-a-human-right-we-must-uphold,"UN-Habitat, _The Promise of Adequate Housing: A Human Right We Must Uphold_ (2024)",2026-03-22 through 2026-05-25,53d065015edf1f02
S442,https://blogs.worldbank.org/en/sustainablecities/building-better-next-disaster-how-retrofitting-homes-can-save-lives-and-strengthen-economies,"World Bank, _Building Better Before the Next Disaster: How Retrofitting Homes Can Save Lives and Strengthen Economies_ (2024 / current access 2026)",2026-03-22 through 2026-05-25,985061076b5d0ff4
S443,https://www.sheltercluster.org/environment-community-practice/documents/needs-overview-tip-sheet-environment-climate-change-and,"Global Shelter Cluster, _Needs Overview Tip Sheet for Environment, Climate Change and Disaster Risk Reduction Mainstreaming_ (2024)",2026-03-22 through 2026-05-25,9b66a53c5e347f38
S444,https://www.worldbank.org/en/publication/globalfindex,"World Bank, _The Global Findex Database 2025: Connectivity and Financial Inclusion in the Digital Economy_ (2025)",2026-03-22 through 2026-05-25,0d162e18428b4741
S445,https://www.cgap.org/research/publication/strengthening-financial-systems-for-climate-adaptation,"CGAP, _Strengthening Financial Systems for Climate Adaptation_ (2025)",2026-03-22 through 2026-05-25,45a581957b000868
S446,https://www.cgap.org/research/publication/built-to-adapt-inclusive-financial-institutions-in-changing-climate,"CGAP, _Built to Adapt: Inclusive Financial Institutions in a Changing Climate_ (2026)",2026-03-22 through 2026-05-25,11407053041c2a70
S447,https://www.worldbank.org/en/programs/g2px,"World Bank, _Government-to-person (G2Px)_ and _Next Generation G2P Payments_ materials (current access 2026 / 2022 report)",2026-03-22 through 2026-05-25,083019861a2a1767
S448,https://openknowledge.worldbank.org/entities/publication/201bc1a6-94f2-44ea-be18-72e66b4e523a,"World Bank, _Understanding the Experiences of Digital G2P Payment Recipients: A Qualitative Research Toolkit_ (2025)",2026-03-22 through 2026-05-25,3d78420822d9e334
S449,https://id4d.worldbank.org/global-dataset,"World Bank ID4D, _ID4D Global Dataset 2025_ (current access 2026)",2026-03-22 through 2026-05-25,da6b0556468dce64
S450,https://www.gsma.com/solutions-and-impact/connectivity-for-good/mobile-for-development/gsma_resources/the-state-of-the-industry-report-on-mobile-money-2026,"GSMA, _State of the Industry Report on Mobile Money 2026_ / press materials (2026)",2026-03-22 through 2026-05-25,57e48609260e6c1f
S451,https://www.betterthancash.org/explore-resources/responsible-digital-payments-guidelines,"Better Than Cash Alliance, _Responsible Digital Payments Guidelines_ and UN Principles for Responsible Digital Payments (current access 2026)",2026-03-22 through 2026-05-25,025bf81ff8fa65c2
S452,https://www.oecd.org/en/publications/g20-oecd-high-level-principles-on-financial-consumer-protection-2022_48cc3df0-en.html,"OECD, _G20/OECD High-Level Principles on Financial Consumer Protection_ (2022)",2026-03-22 through 2026-05-25,bb9c72ff41cf43c3
S453,https://www.consumersinternational.org/media/669193/building-consumer-resilience-in-digital-finance-report-final.pdf,"Consumers International, _Building Consumer Resilience in Digital Finance_ (2025)",2026-03-22 through 2026-05-25,3d56fb8fe8ea61d0
S454,https://www.calpnetwork.org/collection/the-state-of-the-worlds-cash-2023-report,"CALP Network, _The State of the World's Cash 2023_ (2023)",2026-03-22 through 2026-05-25,9c465c151c3b0dee
S455,https://blogs.worldbank.org/en/peoplemove/in-2024--remittance-flows-to-low--and-middle-income-countries-ar,"World Bank / KNOMAD, _In 2024, remittance flows to low- and middle-income countries are expected to reach $685 billion, larger than FDI and ODA combined_ (2024)",2026-03-22 through 2026-05-25,933c024e548d42ac
S456,https://usp2030.org/wp-content/uploads/USP2030-Social-protection-and-climate-finance.pdf,"Universal Social Protection 2030, _Social Protection and Climate Finance: How Social Protection Can Support Climate Action and Climate Justice by Leveraging Climate Finance_ (2025)",2026-03-22 through 2026-05-25,74b77af7c42d765d
S457,https://openknowledge.worldbank.org/entities/publication/22473718-f0dc-4f45-a045-37b0b3e17827,"World Bank, _Rethinking Resilience: Adapting to a Changing Climate_ (2025)",2026-03-22 through 2026-05-25,3b28fc94bf47656e
S458,https://worldjusticeproject.org/our-work/research-and-data/measuring-justice-gap,"World Justice Project, _Measuring the Justice Gap: A People-Centered Assessment of Unmet Justice Needs Around the World_ (2019 / current page accessed 2026)",2026-03-22 through 2026-05-25,b90212bfb37750b9
S459,https://worldjusticeproject.org/news/wjp-rule-law-index-2025-global-press-release,"World Justice Project, _Rule of Law Index 2025_ global press materials (2025)",2026-03-22 through 2026-05-25,fc78dc247a215f13
S460,https://legalinstruments.oecd.org/en/instruments/OECD-LEGAL-0498,"OECD, _Recommendation of the Council on Access to Justice and People-Centred Justice Systems_ (2023)",2026-03-22 through 2026-05-25,a741f5bfc1bcf905
S461,https://www.oecd.org/en/publications/toolkit-for-access-to-justice-and-people-centred-justice-systems_aecf7f78-en.html,"OECD, _Toolkit for Access to Justice and People-Centred Justice Systems_ (2025)",2026-03-22 through 2026-05-25,8347a500eeacf26e
S462,https://www.oecd.org/en/publications/making-justice-systems-more-effective-and-people-centred_e02fd90b-en.html,"OECD, _Making Justice Systems More Effective and People Centred_ (2025)",2026-03-22 through 2026-05-25,4b067eff708d152c
S463,https://www.oecd.org/en/publications/legal-needs-surveys-and-access-to-justice_g2g9a36c-en.html,"OECD / Open Society Foundations, _Legal Needs Surveys and Access to Justice_ (2019)",2026-03-22 through 2026-05-25,9b2773b344eec9c3
S464,https://www.sdg16.plus/justice,"Pathfinders for Peaceful, Just and Inclusive Societies, _Justice for All_ programme materials (current access 2026)",2026-03-22 through 2026-05-25,3681d8a5c024c083
S465,https://www.idlo.int/publications/climate-justice-rule-law-approach-transformative-climate-action,"International Development Law Organization, _Climate Justice: A Rule of Law Approach for Transformative Climate Action_ (2021)",2026-03-22 through 2026-05-25,c98ce91e76c0c382
S466,https://www.undp.org/sites/g/files/zskgke326/files/2022-12/UNDP-UNHCR-Advancing-Access-to-Justice-and-Legal-Aid-in-Situations-of-Forced-Displacement.pdf,"UNDP / UNHCR, _Advancing Access to Justice and Legal Aid in Situations of Forced Displacement_ (2022)",2026-03-22 through 2026-05-25,cbaa7e47060c50f2
S467,https://www.ifrc.org/happening-now/advocacy-hub/disaster-law,"IFRC, _Disaster Law: Saving Lives Before, During and After Crises_ (current access 2026)",2026-03-22 through 2026-05-25,0b7b2b64d627007c
S468,https://www.onlinelibrary.iihl.org/wp-content/uploads/2025/02/2019-%E2%80%93-IFRC-The-Checklist-on-Law-and-Disaster-Preparedness-and-Response.pdf,"IFRC, _The Checklist on Law and Disaster Preparedness and Response_ (2019)",2026-03-22 through 2026-05-25,ad680adc3f05544b
S469,https://disasterdisplacement.org/resource/climate-and-disaster-displacement-the-importance-of-disaster-law-and-policy-factsheet,"Platform on Disaster Displacement / IFRC, _Climate and Disaster Displacement: The Importance of Disaster Law and Policy_ factsheet (2020)",2026-03-22 through 2026-05-25,a0f54292bb7fefe2
S470,https://www.unicef.org/press-releases/birth-registration-steadily-increases-worldwide-150-million-children-still-invisible,"UNICEF, _Birth Registration Steadily Increases Worldwide, but 150 Million Children Still “Invisible”_ / _The Right Start in Life_ update (2024)",2026-03-22 through 2026-05-25,1ddb1a6546799384
S471,https://namati.org/what-we-do/grassroots-legal-empowerment,"Namati, _Grassroots Legal Empowerment_ programme materials (current access 2026)",2026-03-22 through 2026-05-25,f8b881e3e2d2c1f3
S472,https://wmo.int/activities/common-alerting-protocol-cap,"World Meteorological Organization, _Common Alerting Protocol (CAP)_ resources (current access 2026)",2026-03-22 through 2026-05-25,d119b88d83abd749
S473,https://www.itu.int/en/ITU-D/Emergency-Telecommunications/Pages/Early-Warnings-for-All-Initiative.aspx,"International Telecommunication Union, _Early Warnings for All initiative: Pillar 3 — Warning dissemination and communication_ (current access 2026)",2026-03-22 through 2026-05-25,8f5bc19f5cbee357
S474,missing-url:S474,"International Telecommunication Union, _Emergency Telecommunications_ portal and backgrounder (current access 2026)",2026-03-22 through 2026-05-25,3e1a91a893d2a19d
S475,https://www.itu.int/hub/publication/d-stg-sg01-03-1-2025,"International Telecommunication Union, _The use of telecommunications/ICTs for disaster risk reduction and management_ (2025)",2026-03-22 through 2026-05-25,5912e90867e9197b
S476,https://www.itu.int/en/ITU-D/Emergency-Telecommunications/Pages/Disaster-Connectivity-Map.aspx,"International Telecommunication Union, _Disaster Connectivity Map_ (current access 2026)",2026-03-22 through 2026-05-25,394c7898b2cdc489
S477,missing-url:S477,"GSMA, _Mobile-Enabled Early Warning Systems_ resources and country case studies (2025–2026)",2026-03-22 through 2026-05-25,afaaf8f708398b7c
S478,https://www.undrr.org/words-into-action/guide-multi-hazard-early-warning,"UNDRR, _Words into Action guidelines: Multi-Hazard Early Warning Systems_ (current access 2026)",2026-03-22 through 2026-05-25,8d864f780727e4ab
S479,https://www.undrr.org/publication/inclusive-early-warning-early-action-checklist-and-implementation-guide,"UNDRR, _Inclusive early warning early action: checklist and implementation guide_ (2025)",2026-03-22 through 2026-05-25,e8b23b698d9cd1ca
S480,https://www.undrr.org/publication/documents-and-publications/early-warning-systems-and-early-action-fragile-conflict,"Centre of Excellence for Climate and Disaster Resilience / UNDRR, _Early Warning Systems and Early Action in Fragile, Conflict-Affected and Violent Contexts_ (2025)",2026-03-22 through 2026-05-25,076404548b61782c
S481,missing-url:S481,"IFRC, _Community Engagement and Accountability_ resources, toolkit, and strategy (current access 2026)",2026-03-22 through 2026-05-25,8c543c74bded9ed6
S482,https://www.who.int/europe/emergencies/our-work-in-emergencies/rcceim,"World Health Organization Regional Office for Europe, _Risk communication, community engagement and infodemic management_ resources (current access 2026)",2026-03-22 through 2026-05-25,732d336ef61c2af9
S483,https://www.unesco.org/en/media-crisis,"UNESCO, _Media in Crisis Preparedness and Response_ (current access 2026)",2026-03-22 through 2026-05-25,1e4698fa10cc25bc
S484,missing-url:S484,"UNESCO / United Nations / Government of Brazil, _Global Initiative for Information Integrity on Climate Change_ (2024–2026)",2026-03-22 through 2026-05-25,ce219376d9172008
S485,missing-url:S485,"International Telecommunication Union, _Facts and Figures 2025_ / _Global Connectivity Report 2025_ (2025)",2026-03-22 through 2026-05-25,1b3d47d763d64639
S486,missing-url:S486,"Access Now / #KeepItOn Coalition, _When repression meets resistance: internet shutdowns in 2025_ and related #KeepItOn materials (2026)",2026-03-22 through 2026-05-25,05083e20d7cbda84
S487,https://openknowledge.worldbank.org/entities/publication/a475a009-b161-46a8-a365-4b0215d83352,"World Bank, _Disaster and Climate-Resilient Transport Guidance Note_ (2025)",2026-03-22 through 2026-05-25,72daa06ef5ed7994
S488,missing-url:S488,"International Transport Forum / OECD, _Transport System Resilience: Summary and Conclusions_ (2024)",2026-03-22 through 2026-05-25,d9b8d0cc1e5f2dcb
S489,https://www.piarc.org/en/order-library/42628-en-PIARC%20International%20Climate%20Change%20Adaptation%20Framework%202023%20%E2%80%93%20TechnicalReport,"PIARC, _International Climate Change Adaptation Framework 2023 — Technical Report_ (2023)",2026-03-22 through 2026-05-25,56f4e9c3c0fdb684
S490,https://openknowledge.worldbank.org/entities/publication/c3a753a6-2310-501b-a37e-5dcab3e96a0b,"World Bank, _Lifelines: The Resilient Infrastructure Opportunity_ (2019)",2026-03-22 through 2026-05-25,8143e2f294ea8fb3
S491,https://www.undrr.org/publication/transport-sector-recovery-opportunities-build-resilience,"UNDRR / International Recovery Platform / World Bank, _Transport Sector Recovery: Opportunities to Build Resilience_ (2022 web listing; guidance note originally developed for recovery practice)",2026-03-22 through 2026-05-25,4e631d7ebde34416
S492,https://transport-links.com/wp-content/uploads/2023/10/climate-resilient-transport-a-policy-guide-draft.pdf,"High Volume Transport / UK Aid, _Climate-Resilient Transport: A Policy Guide_ (2021/2023 online PDF)",2026-03-22 through 2026-05-25,11b49d295041d11f
S493,https://www.fema.gov/sites/default/files/2020-07/planning-considerations-evacuation-and-shelter-in-place.pdf,"FEMA, _Planning Considerations: Evacuation and Shelter-in-Place_ (2019; hosted in FEMA publication library)",2026-03-22 through 2026-05-25,98a96addc34398da
S494,https://disasterstrategies.org/wp-content/uploads/2025/05/Transit-Guidance-Evacuation-Plans-Doc-accessible.pdf,"The Partnership for Inclusive Disaster Strategies, _Transit Evacuation Plans for People with Disabilities_ (2025)",2026-03-22 through 2026-05-25,9fc0768f7bf1273a
S495,https://www.wfp.org/logistics-cluster,"World Food Programme, _Logistics Cluster_ programme materials (current access 2026)",2026-03-22 through 2026-05-25,cd880b50ce00ee03
S496,https://unctad.org/topic/transport-and-trade-logistics/policy-and-legislation/climate-change-and-maritime-transport,"UN Trade and Development (UNCTAD), _Climate Change Adaptation and Maritime Transport_ programme page (current access 2026)",2026-03-22 through 2026-05-25,619b82651349e550
S497,https://unctad.org/publication/review-maritime-transport-2025,"UN Trade and Development (UNCTAD), _Review of Maritime Transport 2025: Staying the Course in Turbulent Waters_ (2025)",2026-03-22 through 2026-05-25,76cb047824a28e03
S498,https://www.iea.org/reports/global-ev-outlook-2026/electric-vehicle-charging-chap-6-and-10,"International Energy Agency, _Global EV Outlook 2026_ and electric-vehicle charging chapter (2026)",2026-03-22 through 2026-05-25,6d684f183100f694
S499,https://www.energy.gov/ceser/local-leaders-prepare-energy-emergency,"U.S. Department of Energy, Office of Cybersecurity, Energy Security, and Emergency Response, _Local Leaders: Prepare for an Energy Emergency_ (2026)",2026-03-22 through 2026-05-25,1f1a140b932f7f19
S500,https://openknowledge.worldbank.org/entities/publication/3b387b7f-9536-5220-b4b9-f74e27ad7cbe,"World Bank, _The Impact of Flooding on Urban Transit and Accessibility_ (2020)",2026-03-22 through 2026-05-25,5df0d1eea3184635
S501,https://sdgs.un.org/sites/default/files/2021-10/Transportation%20Report%202021_FullReport_Digital.pdf,"United Nations, _Sustainable Transport, Sustainable Development: Interagency Report for the Second Global Sustainable Transport Conference_ (2021)",2026-03-22 through 2026-05-25,a76ebbd8056d6393
S502,https://www.iea.org/reports/climate-resilience-for-energy-security,"International Energy Agency, _Climate Resilience for Energy Security_ (2022)",2026-03-22 through 2026-05-25,6d39f735d88519c5
S503,https://www.iea.org/reports/electricity-grids-and-secure-energy-transitions,"International Energy Agency, _Electricity Grids and Secure Energy Transitions_ (2023)",2026-03-22 through 2026-05-25,b910848e39610f69
S504,https://openknowledge.worldbank.org/entities/publication/c3a753a6-2310-501b-a37e-5dcab3e96a0b,"World Bank, _Lifelines: The Resilient Infrastructure Opportunity_ (2019)",2026-03-22 through 2026-05-25,8143e2f294ea8fb3
S505,https://documents1.worldbank.org/curated/en/200771560790885170/pdf/Stronger-Power-Improving-Power-Sector-Resilience-to-Natural-Hazards.pdf,"World Bank, _Stronger Power: Improving Power Sector Resilience to Natural Hazards_ (2019)",2026-03-22 through 2026-05-25,99e2f6a33911ba6f
S506,https://www.eia.gov/todayinenergy/detail.php,"U.S. Energy Information Administration, _Hurricanes in 2024 led to the most hours without power in the United States in 10 years_ (2025)",2026-03-22 through 2026-05-25,5b98de7477b5bad1
S507,https://www.nerc.com/globalassets/our-work/assessments/ltra_infographic_2025.pdf,"North American Electric Reliability Corporation, _2025 Long-Term Reliability Assessment_ (2025 / 2026 publication materials)",2026-03-22 through 2026-05-25,3e71b6b62a10c734
S508,https://www.nerc.com/globalassets/our-work/assessments/nerc_wra_2025.pdf,"North American Electric Reliability Corporation, _2025–2026 Winter Reliability Assessment_ (2025)",2026-03-22 through 2026-05-25,82d028de3fc297a2
S509,https://www.fema.gov/sites/default/files/documents/fema_incident-annex_power-outage.pdf,"Federal Emergency Management Agency, _Power Outage Incident Annex to the Response and Recovery Federal Interagency Operational Plan_ (current annex library version)",2026-03-22 through 2026-05-25,f343ded1068f1b18
S510,https://www.energycodes.gov/sites/default/files/2023-09/PNNL_Energy_Resilience%20Guide_PNNL_Final.pdf,"U.S. Department of Energy / Pacific Northwest National Laboratory, _Community Energy Resilience Planning for Extended Power Outages_ (2023)",2026-03-22 through 2026-05-25,a84c2aea189d9239
S511,https://docs.nrel.gov/docs/fy23osti/84493.pdf,"National Renewable Energy Laboratory, _Community Resilience Options: A Menu for Enhancing Local Energy Resilience_ (2023)",2026-03-22 through 2026-05-25,0312f07c4409672e
S512,https://empowerprogram.hhs.gov,"U.S. Department of Health and Human Services, _HHS emPOWER Program / Map_ (current access 2026)",2026-03-22 through 2026-05-25,ad66de3b92da6c4a
S513,https://www.who.int/data/gho/data/themes/database-on-electrification-of-health-care-facilities,"World Health Organization, _Electrification of health-care facilities_ / WHO–World Bank–IRENA–SEforALL _Energizing Health_ data page (current access 2026)",2026-03-22 through 2026-05-25,eeeac42aaaab51a9
S514,https://www.epa.gov/waterresilience/power-resilience-guide-water-and-wastewater-utilities,"U.S. Environmental Protection Agency, _Power Resilience Guide for Water and Wastewater Utilities_ (updated 2023; current access 2026)",2026-03-22 through 2026-05-25,af7cd5c3a0772ef7
S515,https://www.aceee.org/energy-burden,"American Council for an Energy-Efficient Economy, _Energy Burden Research_ (2024)",2026-03-22 through 2026-05-25,b917da4dbf91879c
S516,https://www.worldbank.org/en/news/press-release/2025/06/25/energy-access-has-improved-yet-international-financial-support-still-needed-to-boost-progress-and-address-disparities,"World Bank and partners, _Tracking SDG 7: The Energy Progress Report 2025_ press materials (2025)",2026-03-22 through 2026-05-25,ed5c8a3628f3e178
S517,https://pubs.naruc.org/pub/458600D2-913F-CBF6-B8F3-BBF1A796F00E,"National Association of Regulatory Utility Commissioners, _Energy Resilience Reference Guide_ (2023)",2026-03-22 through 2026-05-25,b9357c290a4c3889
S518,https://www.nrel.gov/docs/fy24osti/89601.pdf,"National Renewable Energy Laboratory, _Ensuring Resilient Operations of Solar-Plus-Storage Community Resilience Hubs_ (2024)",2026-03-22 through 2026-05-25,0d43234fff6dc05f
S519,https://www.unep.org/resources/global-waste-management-outlook-2024,"United Nations Environment Programme / International Solid Waste Association, _Global Waste Management Outlook 2024: Beyond an age of waste — turning rubbish into a resource_ (2024)",2026-03-22 through 2026-05-25,8c8c30858995143b
S520,https://openknowledge.worldbank.org/entities/publication/d3f9d45e-115f-559b-b14f-28552410e90a,"World Bank, _What a Waste 2.0: A Global Snapshot of Solid Waste Management to 2050_ (2018)",2026-03-22 through 2026-05-25,fe6553af27c2b162
S521,https://www.epa.gov/disaster-debris/guidance-about-planning-natural-disaster-debris,"U.S. Environmental Protection Agency, _Guidance about Planning for Natural Disaster Debris_ / _Planning for Natural Disaster Debris_ (2019; current EPA page updated 2025)",2026-03-22 through 2026-05-25,622a3e5d9162a17d
S522,https://www.fema.gov/sites/default/files/documents/fema_pa-debris-removal-guidance-category-a.pdf,"Federal Emergency Management Agency, _Debris Removal Guidance: Public Assistance Category A_ (current FEMA guidance library version)",2026-03-22 through 2026-05-25,26f206173ddb5265
S523,https://www.fema.gov/sites/default/files/documents/fema_debris-monitoring-guide_sop_3-01-2021.pdf,"Federal Emergency Management Agency, _Public Assistance Debris Monitoring Guide_ (2021)",2026-03-22 through 2026-05-25,fd2ef1b38e7cd050
S524,https://www.unocha.org/publications/report/world/disaster-waste-management-guidelines,"United Nations Environment Programme / OCHA Joint Environment Unit, _Disaster Waste Management Guidelines_ (2011)",2026-03-22 through 2026-05-25,1a1d2d284cf9b21f
S525,https://www.epa.gov/system/files/documents/2024-07/creating_disaster_resilient_buildings_to_minimize_disaster_debris_508.pdf,"U.S. Environmental Protection Agency, _Creating Disaster-Resilient Buildings to Minimize Disaster Debris_ (2024)",2026-03-22 through 2026-05-25,c2a9f3251489e385
S526,https://www.cdc.gov/mold-health/about/clean-up.html,"Centers for Disease Control and Prevention, _Mold Clean Up Guidelines and Recommendations_ (2024)",2026-03-22 through 2026-05-25,bb251440bf1bc5b4
S527,https://www.epa.gov/mold/homeowners-and-renters-guide-mold-cleanup-after-disasters,"U.S. EPA / HUD / FEMA / NIH / CDC, _Homeowner's and Renter's Guide to Mold Cleanup after Disasters_ (current EPA page updated 2026)",2026-03-22 through 2026-05-25,6ef2496f2a4c601d
S528,https://www.osha.gov/emergency-preparedness/hurricane-flood-resources,"Occupational Safety and Health Administration, _Worker Safety and Health Resources for Hurricane and Flood Cleanup and Recovery_ (updated 2025)",2026-03-22 through 2026-05-25,76218b4304c46982
S529,https://www.who.int/news-room/fact-sheets/detail/health-care-waste,"World Health Organization, _Health-care waste_ fact sheet (2024)",2026-03-22 through 2026-05-25,19f69df74e8492c0
S530,https://www.epa.gov/superfund/remedy-resilience,"U.S. Environmental Protection Agency, _Remedy Resilience_ (current access 2026)",2026-03-22 through 2026-05-25,8ca5887989addf5b
S531,missing-url:S531,"U.S. EPA Office of Inspector General, _Evaluation of Risks to Federal Facility Superfund Site Remedies_ natural-disaster series (2025–2026)",2026-03-22 through 2026-05-25,9734c2f662fa8b9b
S532,https://www.epa.gov/lmop/basic-information-about-landfill-gas,"U.S. Environmental Protection Agency, _Landfill Methane Outreach Program_ / _Basic Information about Landfill Gas_ (current access 2026)",2026-03-22 through 2026-05-25,759710198f21b8f6
S533,https://www.unep.org/resources/publication/food-waste-index-report-2024,"United Nations Environment Programme, _Food Waste Index Report 2024_ (2024)",2026-03-22 through 2026-05-25,fcd3d08cab1063ea
S534,https://www.epa.gov/system/files/documents/2023-07/SWM_Climate-Final.pdf,"U.S. Environmental Protection Agency, _Solid Waste Management and Climate Change_ (2023)",2026-03-22 through 2026-05-25,b18670dc08e588e5
S535,https://unhabitat.org/news/22-nov-2022/understanding-the-informal-waste-and-recovery-sector,"UN-Habitat, _Understanding the informal waste and recovery sector_ (2022)",2026-03-22 through 2026-05-25,378a05368d09f2f2
S536,https://www.fema.gov/emergency-managers/practitioners/lifelines,"Federal Emergency Management Agency, _Community Lifelines_ (current page, updated 2024)",2026-03-22 through 2026-05-25,5669c52545fd4ac6
S537,https://www.fema.gov/emergency-managers/national-preparedness/frameworks/response,"Federal Emergency Management Agency, _National Response Framework_ and Emergency Support Function structure (current page, updated 2025)",2026-03-22 through 2026-05-25,0caad62b49870cd8
S538,https://www.fema.gov/sites/default/files/2020-07/fema_ESF_9_Search-Rescue.pdf,"Federal Emergency Management Agency, _Emergency Support Function #9 — Search and Rescue Annex_ (current FEMA library version)",2026-03-22 through 2026-05-25,2f2f0e9c650dca22
S539,https://www.who.int/publications-detail-redirect/mass-casualty-management-systems-strategies-and-guidelines-for-building-health-sector-capacity,"World Health Organization, _Mass Casualty Management Systems: Strategies and guidelines for building health sector capacity_ (2007; current WHO publication page)",2026-03-22 through 2026-05-25,ece85093e4bef211
S540,missing-url:S540,"International Committee of the Red Cross / Red Cross and Red Crescent Movement, _Reconnecting families_ and Restoring Family Links / disaster guidance (current access 2026)",2026-03-22 through 2026-05-25,690f013c25f8a958
S541,https://www.ipcc.ch/srocc/chapter/summary-for-policymakers,"IPCC, _Special Report on the Ocean and Cryosphere in a Changing Climate_ / Summary for Policymakers (2019; current IPCC page)",2026-03-22 through 2026-05-25,f12cbc08e9f89a98
S542,https://www.ipcc.ch/report/ar6/wg2,"IPCC, _AR6 Working Group II Summary for Policymakers_ (2022; current IPCC page)",2026-03-22 through 2026-05-25,0ba999f6866dd613
S543,https://openknowledge.fao.org/handle/20.500.14283/cd0683en,"FAO, _The State of World Fisheries and Aquaculture 2024: Blue Transformation in action_ (2024)",2026-03-22 through 2026-05-25,fd1292180aa9a3df
S544,https://earth.gov/sealevel/us/resources/2022-sea-level-rise-technical-report,"U.S. Interagency Sea Level Rise and Coastal Flood Hazard Scenarios and Tools Task Force / NOAA, _2022 Sea Level Rise Technical Report_ and application resources (2022; current access 2026)",2026-03-22 through 2026-05-25,68fa1ae2636001b1
S545,https://heathealth.info/resources/assessment-of-hhaps,"Global Heat Health Information Network / UNDRR / WMO and partners, _An Assessment of Heat Action Plans: Global standards, good practices and partnerships_ (2025)",2026-03-22 through 2026-05-25,037fc79c1051ccb3
S546,missing-url:S546,"Carbon Market Watch, _FAQ: Fixing Article 6 carbon markets at COP29_ and Article 6 permanence / integrity analysis (2024–2025)",2026-03-22 through 2026-05-25,994e01a482caaca9
S547,https://iccinet.org/statecryo25,"International Cryosphere Climate Initiative, _State of the Cryosphere Report 2025_ (2025)",2026-03-22 through 2026-05-25,bb7f77b9b7897de2
S548,https://arctic.noaa.gov/report-card/report-card-2025,"NOAA, _Arctic Report Card 2025_ (2025)",2026-03-22 through 2026-05-25,256eae7e6755ffc1
S549,https://www.ccacoalition.org/content/short-lived-climate-pollutants,"Climate and Clean Air Coalition / UNEP, _Short-lived Climate Pollutants_ explainer (current access 2026)",2026-03-22 through 2026-05-25,5edf0f6162146f12
S550,https://www.unep.org/news-and-stories/press-release/ministers-urge-decisive-methane-action-global-report-shows-progress,"UNEP / Climate and Clean Air Coalition, _Global Methane Status Report_ launch and 2025 update materials (2025)",2026-03-22 through 2026-05-25,128f3b2a61c111e1
S551,https://www.who.int/news-room/fact-sheets/detail/ambient-(outdoor)-air-quality-and-health,"World Health Organization, _Ambient (outdoor) air pollution_ fact sheet (2024)",2026-03-22 through 2026-05-25,a4bc0827879b485a
S552,https://www.healtheffects.org/announcements/new-state-global-air-2025-report-shows-nearly-nine-ten-global-air-pollution-deaths-are,"Health Effects Institute / Institute for Health Metrics and Evaluation / NCD Alliance, _State of Global Air 2025_ release and report materials (2025)",2026-03-22 through 2026-05-25,3230aba71460f687
S553,https://www.epa.gov/emergencies-iaq/wildfires-and-indoor-air-quality-iaq,"U.S. Environmental Protection Agency, _Wildfires and Indoor Air Quality_ (updated 2026)",2026-03-22 through 2026-05-25,f6c45e29c2199764
S554,https://www.cdc.gov/wildfires/safety/how-to-safely-stay-safe-during-a-wildfire.html,"Centers for Disease Control and Prevention, _Safety Guidelines: Wildfires and Wildfire Smoke_ (2024)",2026-03-22 through 2026-05-25,a18271af15b30f03
S555,https://www.canada.ca/en/health-canada/services/publications/healthy-living/guidance-cleaner-air-spaces-during-wildfire-smoke-events.html,"Health Canada, _Guidance for Cleaner Air Spaces during Wildfire Smoke Events_ (current access 2026)",2026-03-22 through 2026-05-25,4677d101378077f1
S556,https://www.oecd.org/en/topics/plastics.html,"OECD, _Plastics_ topic hub and climate / plastics policy materials (current access 2026)",2026-03-22 through 2026-05-25,1075206815cd4234
S557,https://www.iea.org/reports/the-future-of-petrochemicals,"International Energy Agency, _The Future of Petrochemicals_ (2018; current IEA page)",2026-03-22 through 2026-05-25,ca1ec9460cb30f4b
S558,https://www.unwomen.org/sites/default/files/2025-11/gender-equality-and-climate-policy-scorecard-methodological-note-en.pdf,"UN Women, _Gender Equality and Climate Policy Scorecard: Methodological Note_ (2025)",2026-03-22 through 2026-05-25,4c75fea9b4163fea
S559,https://10insightsclimate.science/year-2024/climate-extremes-harming-maternal-and-reproductive-well-being,"Future Earth / The Earth League / World Climate Research Programme, _10 New Insights in Climate Science 2024: Climate extremes are harming maternal and reproductive well-being_ (2024)",2026-03-22 through 2026-05-25,426ef3a2897daf8a
S560,https://www.who.int/news-room/articles-detail/call-for-research-proposals-on-climate---sexual-and-reproductive-health-and-rights,"WHO / HRP / UNDP / UNFPA / UNICEF / World Bank Special Programme, _Community experiences in adapting to climate change for sexual and reproductive health and rights_ call for proposals (2026)",2026-03-22 through 2026-05-25,281a92a70d7e5d5e
S561,https://ncchc.org/position-statements/climate-control-for-extreme-temperatures-in-corrections-2024,"National Commission on Correctional Health Care, _Climate Control for Extreme Temperatures in Corrections_ position statement (2024)",2026-03-22 through 2026-05-25,c6e10a90c8a44292
S562,https://www.nature.com/articles/s41893-024-01293-y,"Tuholske et al., _Hazardous heat exposure among incarcerated people in the United States_, Nature Sustainability (2024)",2026-03-22 through 2026-05-25,97ff2d76324b4b92
S563,https://www.undrr.org/our-work/local-resilience,"UNDRR, _Local resilience_ and Making Cities Resilient 2030 resources (current access 2026)",2026-03-22 through 2026-05-25,3760032e7b8dbc98
S564,https://toolkit.climate.gov/sites/default/files/2025-02/CR4HC_Toolkit_Final_12.20.2024.pdf,"U.S. Climate Resilience for Health Care, _Climate Resilience for Health Care Toolkit_ (2025)",2026-03-22 through 2026-05-25,569aa619e3b571af
S565,https://www.who.int/initiatives/oxygen-access-scale-up,"World Health Organization, _Access to Oxygen Initiative_ (current access 2026)",2026-03-22 through 2026-05-25,de60a83c3ddaef94
S566,https://www.adb.org/sites/default/files/publication/1103166/sdwp-113-health-care-supply-chains.pdf,"Asian Development Bank, _Low-Carbon, Climate-Resilient Health Care Supply Chains_ (2025)",2026-03-22 through 2026-05-25,e7153914d6f8ed16
S567,https://www.bis.org/publ/othp79.htm,"Bank for International Settlements Innovation Hub, _Project Polaris: High-level design guide for offline payments_ (2023)",2026-03-22 through 2026-05-25,d4d5179f8091335f
S568,https://www.federalreserve.gov/econres/notes/feds-notes/offline-payments-implications-for-reliability-and-resiliency-in-digital-payment-systems-20240816.html,"Federal Reserve, _Offline Payments: Implications for Reliability and Resiliency in Digital Payment Systems_ (2024)",2026-03-22 through 2026-05-25,3df72bd349cd47c1
S569,https://www.elibrary.imf.org/view/journals/063/2025/009/article-A001-en.xml,"International Monetary Fund, _Payment Resilience in Fragile and Conflict-Affected States_ (2025)",2026-03-22 through 2026-05-25,30b5bfb565f92905
S570,https://www.cisa.gov/topics/emergency-communications,"Cybersecurity and Infrastructure Security Agency, _Emergency Communications_ programme page (current access 2026)",2026-03-22 through 2026-05-25,4f86f09c56f81e18
S571,https://www.wfp.org/supply-chain,"World Food Programme, _Supply chain_ programme page (current access 2026)",2026-03-22 through 2026-05-25,2484efb19b760253
S572,https://logcluster.org/en/what-we-do/emergency-preparedness/national-regional,"Logistics Cluster / World Food Programme, _Logistics Cluster Emergency Preparedness: Building Resilient Supply Chains for Tomorrow's Crises_ (2025)",2026-03-22 through 2026-05-25,a9ca6f607f8f0984
S573,missing-url:S573,"United Nations Office for the Coordination of Humanitarian Affairs, _Global Humanitarian Overview 2026_ (2025)",2026-03-22 through 2026-05-25,5d0e564ca3369b11
S574,https://www.icrc.org/en/law-and-policy/climate-and-conflict,"International Committee of the Red Cross, _Climate and conflict_ programme page (current access 2026)",2026-03-22 through 2026-05-25,98ce5f3eaec59f4b
S575,https://climatepromise.undp.org/research-and-reports/climate-security-mechanism-progress-report-2024,"UN Climate Security Mechanism / UNDP Climate Promise, _Climate Security Mechanism progress report 2024_ (2025)",2026-03-22 through 2026-05-25,b92a43034e12d164
S576,https://www.ferc.gov/news-events/news/blackstart-study-recommends-collaboration-planning-resilience,"Federal Energy Regulatory Commission, _Blackstart Study Recommends Collaboration, Planning for Resilience_ / staff-led blackstart study presentation (2023)",2026-03-22 through 2026-05-25,45e1c3b36a3dd30a
S577,https://www.epa.gov/waterutilityresponse/supply-chain-resilience-guide-water-and-wastewater-utilities,"U.S. Environmental Protection Agency, _Supply Chain Resilience Guide for Water and Wastewater Utilities_ (current access 2026)",2026-03-22 through 2026-05-25,96bc418482cf4155
S578,https://www.fema.gov/grants/mitigation/learn/dam-safety,"Federal Emergency Management Agency, _National Dam Safety Program_ (current page, updated 2025)",2026-03-22 through 2026-05-25,82b1df52e37df79f
S579,https://gca.org/reports/climate-resilient-infrastructure-officer-handbook,"Global Center on Adaptation, _Climate-Resilient Infrastructure Officer Handbook_ (revised 2025)",2026-03-22 through 2026-05-25,ef2ed98b29f642da
S580,https://content.naic.org/article/insurance-commissioners-drive-consumer-protection-strategies-forward-learning-recent-natural,"National Association of Insurance Commissioners, _Insurance Commissioners Drive Consumer Protection Strategies Forward Learning from Recent Natural Disasters_ (2025)",2026-03-22 through 2026-05-25,5418a226780ea8ce
S581,https://www.disasterassistance.gov,"U.S. Government, _DisasterAssistance.gov_ (current access 2026)",2026-03-22 through 2026-05-25,842e38fd0a2967a1
S582,https://www.cbo.gov/publication/60674,"Congressional Budget Office, _Climate Change, Disaster Risk, and Homeowner's Insurance_ (2024)",2026-03-22 through 2026-05-25,c21de5725b4b69ea
S583,missing-url:S583,"U.S. Small Business Administration, _Disaster assistance_ / Economic Injury Disaster Loans and physical-damage loans (current access 2026)",2026-03-22 through 2026-05-25,d20a309d660bb6ce
S584,https://consumer.ftc.gov/articles/how-avoid-scams-after-weather-emergencies-and-natural-disasters,"Federal Trade Commission, _How To Avoid Scams After Weather Emergencies and Natural Disasters_ (current access 2026)",2026-03-22 through 2026-05-25,e4a5a7e6d4428014
S585,https://www.undrr.org/media/48692/download,"United Nations Office for Disaster Risk Reduction, _Reducing Risk & Building Resilience of SMEs to Disasters_ (current access 2026)",2026-03-22 through 2026-05-25,180997dde086f108
S586,missing-url:S586,"Federal Emergency Management Agency, _Whole Community_ glossary and approach resources (current access 2026)",2026-03-22 through 2026-05-25,a9e13c3dedea4d35
S587,https://asprtracie.hhs.gov/technical-resources/63/crisis-standards-of-care/0,"ASPR TRACIE, _Crisis Standards of Care_ technical resources (current access 2026)",2026-03-22 through 2026-05-25,bc1b0109c24a9699
S588,https://www.who.int/docs/default-source/blue-print/ethics-and-covid-19-resource-allocation-and-priority-setting.pdf,"World Health Organization, _Ethics and COVID-19: resource allocation and priority-setting_ (2020)",2026-03-22 through 2026-05-25,2013bae757ac132d
S589,missing-url:S589,"NASEO, _State Energy Security Planning_ and Regional Petroleum Response Collaborative materials (current access 2026)",2026-03-22 through 2026-05-25,1b61495ca7624d35
S590,https://www.epa.gov/waterutilityresponse/mutual-aid-and-assistance-drinking-water-and-wastewater-utilities,"U.S. Environmental Protection Agency, _Mutual Aid and Assistance for Drinking Water and Wastewater Utilities_ (updated 2026)",2026-03-22 through 2026-05-25,8621483d7489fee5
S591,https://www.publicpower.org/mutual-aid-and-emergency-response,"American Public Power Association, _Mutual Aid and Emergency Response_ / disaster planning resources (current access 2026)",2026-03-22 through 2026-05-25,d6c815a0a7c75037
S592,https://www.energy.gov/sites/default/files/2024-10/EXEC-2022-001242%20-%20Large%20Power%20Transformer%20Resilience%20Report%20signed%20by%20Secretary%20Granholm%20on%207-10-24.pdf,"U.S. Department of Energy, _Large Power Transformer Resilience Report_ (2024)",2026-03-22 through 2026-05-25,8784f61b4ef93670
S593,https://ppp.worldbank.org/sites/default/files/2022-03/Final-LOW_WB_G20_Report_v4_1JUN_2021.pdf,"World Bank / G20, _Well Maintained: Economic Benefits from More Reliable and Resilient Infrastructure_ (2021)",2026-03-22 through 2026-05-25,92ea09313d52ce3a
S594,https://www.oecd.org/en/publications/2025/06/government-at-a-glance-2025_70e14c6c/full-report/management-of-asset-performance-throughout-the-life-cycle_77aa88af.html,"OECD, _Government at a Glance 2025: Management of asset performance throughout the life cycle_ (2025)",2026-03-22 through 2026-05-25,2b07b32264c617e7
S595,https://www.who.int/publications/i/item/9789240045125,"World Health Organization, _Mental health and Climate Change: Policy Brief_ (2022)",2026-03-22 through 2026-05-25,93a809c185808f46
S596,https://interagencystandingcommittee.org/iasc-task-force-mental-health-and-psychosocial-support-emergency-settings/iasc-guidelines-mental-health-and-psychosocial-support-emergency-settings-2007,"Inter-Agency Standing Committee, _Guidelines on Mental Health and Psychosocial Support in Emergency Settings_ (2007; current access 2026)",2026-03-22 through 2026-05-25,302b5c99931f5691
S597,https://library.samhsa.gov/product/national-behavioral-health-crisis-care-guidance/pep24-01-037,"SAMHSA, _2025 National Guidelines for a Behavioral Health Coordinated System of Crisis Care_ (2025)",2026-03-22 through 2026-05-25,9f08143f41fd51e0
S598,https://www.eac.gov/election-officials/contingency-planning,"U.S. Election Assistance Commission, _Contingency Planning_ resources (current access 2026)",2026-03-22 through 2026-05-25,618d3e083bee2d3d
S599,https://www.idea.int/news-media/multimedia-reports/impact-natural-hazards-elections,"International IDEA, _The Impact of Natural Hazards on Elections_ / natural-hazard election-disruption monitor (2026)",2026-03-22 through 2026-05-25,46955ab5f506a6d0
S600,https://www.cisa.gov/resources-tools/resources/guidance-essential-critical-infrastructure-workforce,"CISA, _Guidance on the Essential Critical Infrastructure Workforce_ (current page, updated 2021; current access 2026)",2026-03-22 through 2026-05-25,ea93b5b3d2612554
S601,https://healthcareready.org/disaster-access,"Healthcare Ready, _Disaster Access_ and _Access Denied_ disaster re-entry materials (current access 2026)",2026-03-22 through 2026-05-25,9e3e15ee290496a8
S602,missing-url:S602,"FEMA, _Homeland Security Exercise and Evaluation Program_ and Exercise Starter Kits (current access 2026)",2026-03-22 through 2026-05-25,82cbd3712973bb11
S603,https://www.fema.gov/sites/default/files/2020-07/fema_ESF_6_Mass-Care.pdf,"Federal Emergency Management Agency, _Emergency Support Function #6: Mass Care, Emergency Assistance, Temporary Housing, and Human Services Annex_ (current access 2026)",2026-03-22 through 2026-05-25,cf4fa82555a6313b
S604,https://nationalmasscarestrategy.org,"National Mass Care Strategy, _Mass Care/Emergency Assistance and Sheltering Resources_ (current access 2026)",2026-03-22 through 2026-05-25,09260650006275b8
S605,https://spherestandards.org/handbook,"Sphere Association, _The Sphere Handbook: Humanitarian Charter and Minimum Standards in Humanitarian Response_ (2018; current access 2026)",2026-03-22 through 2026-05-25,7797b5c993cf17fe
S606,https://interagencystandingcommittee.org/working-group/iasc-guidelines-integrating-gender-based-violence-interventions-humanitarian-action-2015,"Inter-Agency Standing Committee, _Guidelines for Integrating Gender-Based Violence Interventions in Humanitarian Action_ (2015; current access 2026)",2026-03-22 through 2026-05-25,70ce97462b30217a
S607,https://www.nist.gov/privacy-framework,"National Institute of Standards and Technology, _Privacy Framework_ (version 1.0 / 1.1 draft page; current access 2026)",2026-03-22 through 2026-05-25,995408544f495c8c
S608,https://consumer.ftc.gov/articles/how-avoid-scams-after-weather-emergencies-and-natural-disasters,"Federal Trade Commission, _How To Avoid Scams After Weather Emergencies and Natural Disasters_ (current access 2026)",2026-03-22 through 2026-05-25,e4a5a7e6d4428014
S609,https://www.justice.gov/archives/opa/pr/justice-department-federal-trade-commission-and-consumer-financial-protection-bureau-warn,"U.S. Department of Justice / Federal Trade Commission / Consumer Financial Protection Bureau, _Warning consumers about scams and price gouging after hurricanes and other natural disasters_ (2024; current access 2026)",2026-03-22 through 2026-05-25,8d70fd2adb2c9c44
S610,https://www.nfpa.org/education-and-research/wildfire/firewise-usa,"National Fire Protection Association, _Firewise USA_ (current access 2026)",2026-03-22 through 2026-05-25,f30760cdc6e1a1bc
S611,missing-url:S611,"NOAA, _Wildfire climate connection_ and wildfire science / response resources (current access 2026)",2026-03-22 through 2026-05-25,4e89e04954a2d79f
S612,https://www.aphis.usda.gov/animal-care/emergency-programs,"U.S. Department of Agriculture APHIS, _Animal Care Emergency Programs_ (updated 2025; current access 2026)",2026-03-22 through 2026-05-25,d92aa92e3c6ae937
S613,https://www.ready.gov/pets,"Ready.gov, _Prepare Your Pets for Disasters_ (updated 2026)",2026-03-22 through 2026-05-25,8cf391ded355bcfc
S614,missing-url:S614,"World Health Organization / Pan American Health Organization / ICRC, _Management of Dead Bodies after Disasters: A Field Manual for First Responders_ (2006 / revised 2016; current access 2026)",2026-03-22 through 2026-05-25,d8b93bbdebb09a4d
S615,https://asprtracie.hhs.gov/technical-resources/65/fatality-management/0,"ASPR TRACIE, _Fatality Management_ technical resources (current access 2026)",2026-03-22 through 2026-05-25,e8c3b95593eb8fa8
S616,https://www.fema.gov/emergency-managers/practitioners/resilience-analysis-and-planning-tool,"FEMA, _Resilience Analysis and Planning Tool (RAPT)_ (updated 2026)",2026-03-22 through 2026-05-25,9f81a8cf0a6ae9ad
S617,https://www.ruralhealthinfo.org/topics/emergency-preparedness-and-response,"Rural Health Information Hub / NORC, _Rural Emergency Preparedness and Response Toolkit_ (current access 2026)",2026-03-22 through 2026-05-25,d65b019bd3228560
S618,https://www.iccrom.org/programmes/first-aid-and-resilience-times-crisis-far,"ICCROM, _First Aid and Resilience for Cultural Heritage in Times of Crisis_ (current access 2026)",2026-03-22 through 2026-05-25,205ffe1755cb81f0
S619,https://www.fema.gov/assistance/individual/after-applying/verifying-home-ownership-occupancy,"Federal Emergency Management Agency, _Verifying Home Ownership or Occupancy_ (updated 2025; current access 2026)",2026-03-22 through 2026-05-25,599dbffe91b78dbe
S620,https://www.hud.gov/hud-partners/community-cdbg-dr-faqs-collection,"U.S. Department of Housing and Urban Development, _CDBG-DR Frequently Asked Questions Collection_ (current access 2026)",2026-03-22 through 2026-05-25,1fc44c53df9cd51c
S621,https://unhabitat.org/land-and-natural-disasters-guidance-for-practitioners,"UN-Habitat / Global Land Tool Network, _Land and Natural Disasters: Guidance for Practitioners_ (2010; current access 2026)",2026-03-22 through 2026-05-25,84f84de8c529ae22
S622,https://www.fema.gov/grants/mitigation/learn/hazard-mitigation-assistance-guidance,"Federal Emergency Management Agency, _Hazard Mitigation Assistance Program and Policy Guide_ (version 2.1; effective 2025)",2026-03-22 through 2026-05-25,abda7c0fa1da3998
S623,https://www.fema.gov/grants/mitigation/learn/hazard-mitigation,"Federal Emergency Management Agency, _Hazard Mitigation Grant Program_ (current access 2026)",2026-03-22 through 2026-05-25,1c1cb67f847bf326
S624,https://www.fema.gov/grants/procurement/resource-library,"Federal Emergency Management Agency, _Purchasing Under a FEMA Award: Resource Library_ (current access 2026)",2026-03-22 through 2026-05-25,a59710c790d2781b
S625,missing-url:S625,"Federal Emergency Management Agency, _Public Assistance Program_ and _Process of Public Assistance Grants_ (current access 2026)",2026-03-22 through 2026-05-25,95debfdc9146ca33
S626,https://www.gfoa.org/materials/disaster-recovery-cost-documentation,"Government Finance Officers Association, _Disaster Recovery Cost Documentation_ (board-approved 2020; current access 2026)",2026-03-22 through 2026-05-25,c28c9cf873eb2df7
S627,https://www.fema.gov/emergency-managers/risk-management/building-science/building-codes-save-study,"Federal Emergency Management Agency, _Building Codes Save: A Nationwide Study of Loss Prevention_ (current access 2026)",2026-03-22 through 2026-05-25,8547858deb7d238e
S628,https://www.fema.gov/emergency-managers/risk-management/building-science/bcat,"Federal Emergency Management Agency, _Building Code Adoption Tracking_ (current access 2026)",2026-03-22 through 2026-05-25,381737d0adece7a9
S629,https://www.fema.gov/assistance/public/policy-guidance-fact-sheets/section-1206-building-code-and-floodplain-management-administration-and,"Federal Emergency Management Agency, _Section 1206: Building Code and Floodplain Management Administration and Enforcement_ (current access 2026)",2026-03-22 through 2026-05-25,9ed555189d8efa3f
S630,https://www.osha.gov/emergency-preparedness,"Occupational Safety and Health Administration, _Emergency Preparedness and Response_ (current access 2026)",2026-03-22 through 2026-05-25,eb5d87bcc7e8aca5
S631,https://www.cdc.gov/niosh/heat-stress/about/index.html,"Centers for Disease Control and Prevention / NIOSH, _Heat Stress and Workers_ (updated 2026)",2026-03-22 through 2026-05-25,2d48879365981e05
S632,https://www.fema.gov/sites/default/files/2020-08/fema_p85.pdf,"Federal Emergency Management Agency, _Protecting Manufactured Homes from Floods and Other Hazards_ (FEMA P-85; 2009 / current access 2026)",2026-03-22 through 2026-05-25,ed05be3751348a37
S633,https://files.hudexchange.info/resources/documents/Disaster_Recovery_Disaster_Impact_Needs_Assessment_Kit.pdf,"HUD Exchange, _Disaster Impact and Unmet Needs Assessment Kit_ (current access 2026)",2026-03-22 through 2026-05-25,df43a855006edf21
S634,https://www.nvoad.org/wp-content/uploads/National-VOAD-LTR-Guide-2023.pdf,"National Voluntary Organizations Active in Disaster, _Long-Term Recovery Guide_ (2023)",2026-03-22 through 2026-05-25,5f95b74979a5beb5
S635,https://www.fema.gov/national-disaster-recovery-framework,"Federal Emergency Management Agency, _National Disaster Recovery Framework_ (third edition page; current access 2026)",2026-03-22 through 2026-05-25,6f0d7c83f65e58d0
S636,https://www.fema.gov/emergency-managers/practitioners/recovery-resources/community-toolkit,"Federal Emergency Management Agency, _Community Recovery Management Toolkit_ (updated 2025)",2026-03-22 through 2026-05-25,4aa7b5d1bd901c88
S637,https://www.fema.gov/sites/default/files/documents/fema_national-resilience-guidance_august2024.pdf,"Federal Emergency Management Agency, _National Resilience Guidance_ (2024)",2026-03-22 through 2026-05-25,cc3e7a213208148f
S638,https://mcr2030.undrr.org/disaster-resilience-scorecard-cities,"UNDRR / Making Cities Resilient 2030, _Disaster Resilience Scorecard for Cities_ (current access 2026)",2026-03-22 through 2026-05-25,7e3f935c2a04133b
S639,https://www.fema.gov/sites/default/files/documents/fema_continuity-guidance-circular_082024.pdf,"Federal Emergency Management Agency, _Continuity Guidance Circular_ (2024 update; current access 2026)",2026-03-22 through 2026-05-25,028174049f1255a7
S640,https://home.treasury.gov/news/press-releases/jy2791,"U.S. Department of the Treasury / Federal Insurance Office, _Homeowners Insurance Costs Rising, Availability Declining as Climate-Related Events Take Their Toll_ (2025 press release and report page)",2026-03-22 through 2026-05-25,7e6632fe0a0c9afe
S641,https://content.naic.org/sites/default/files/natural-catastrophe-risk-dashboard-report-final.pdf,"National Association of Insurance Commissioners, _Natural Catastrophe Risk Dashboard_ (2026)",2026-03-22 through 2026-05-25,604fea1fe17fbec2
S642,https://www.oecd.org/en/publications/financial-protection-against-catastrophic-risks_32a3acd7-en/full-report/insurance-coverage-for-wildfire-risk_f5877210.html,"OECD, _Financial Protection against Catastrophic Risks: Insurance Coverage for Wildfire Risk_ (2026)",2026-03-22 through 2026-05-25,008ff6e70ed24648
S643,https://www.eiopa.europa.eu/tools-and-data/dashboard-insurance-protection-gap-natural-catastrophes_en,"European Insurance and Occupational Pensions Authority, _Dashboard on insurance protection gap for natural catastrophes_ (updated 2025 / current access 2026)",2026-03-22 through 2026-05-25,e3d2937940f110df
S644,https://disasterlaw.ifrc.org/sites/default/files/media/disaster_law/2025-11/PPED%20Fact%20Sheet%20-%20External%20Assistance_Final.pdf,"International Federation of Red Cross and Red Crescent Societies, _PPED Fact Sheet: External Assistance_ (2025)",2026-03-22 through 2026-05-25,fb27a644f33ce866
S645,https://www.wcoomd.org/en/topics/facilitation/activities-and-programmes/natural-disaster.aspx,"World Customs Organization, _Natural Disaster Relief_ (current access 2026)",2026-03-22 through 2026-05-25,4c94b377a2160816
S646,https://unece.org/sites/default/files/2023-10/Rec44-ECE-TRADE-461E.pdf,"United Nations Economic Commission for Europe, _Recommendation No. 44: Cross-Border Facilitation Measures for Disaster Relief_ (2023)",2026-03-22 through 2026-05-25,c4af7a15f28bbac8
S647,https://www.unwater.org/publications/progress-transboundary-water-cooperation-2024-update,"UN-Water / UNECE / UNESCO, _Progress on Transboundary Water Cooperation – 2024 Update_ (2024)",2026-03-22 through 2026-05-25,1a78fc8c61dc1f77
S648,https://unece.org/environment-policy/water/areas-work-convention/water-and-adaptation-climate-change,"United Nations Economic Commission for Europe, _Water and adaptation to climate change_ (current access 2026)",2026-03-22 through 2026-05-25,c4cb21f027a5b851
S649,https://www.osha.gov/heat-exposure/standards,"Occupational Safety and Health Administration, _Occupational Heat Exposure: Standards_ (current access 2026)",2026-03-22 through 2026-05-25,cbeb81607c6b9efb
S650,https://www.cdc.gov/niosh/heat-stress/communication-resources/app.html,"Centers for Disease Control and Prevention / NIOSH / OSHA, _Heat Safety Tool App_ (updated 2026)",2026-03-22 through 2026-05-25,c23e658729c950d3
S651,https://www.imf.org/-/media/files/publications/fiscal-monitor/2026/april/english/text.pdf,"International Monetary Fund, _Fiscal Monitor: Fiscal Policy under Pressure — High Debt, Rising Risks_ (April 2026)",2026-03-22 through 2026-05-25,676a04e3a4ac4c1b
S652,https://thedocs.worldbank.org/en/doc/1820b53ad5cba038ff885cc3758ba59f-0340012021/original/Cat-DDO-IBRD-Product-Note.pdf,"World Bank, _IBRD Catastrophe Deferred Drawdown Option Product Note_ (2026)",2026-03-22 through 2026-05-25,78caf3827ff1b082
S653,https://sendaimonitor.undrr.org,"UNDRR, _Sendai Framework Monitor_ (current access 2026)",2026-03-22 through 2026-05-25,54a31aebe8fff32e
S654,https://www.earthdata.nasa.gov/topics/human-dimensions/natural-hazards,"NASA Earthdata, _Natural Hazards_ (current access 2026)",2026-03-22 through 2026-05-25,c6e861d27b3fb1b1
S655,https://www.fema.gov/disaster/recover/rumor-response,"Federal Emergency Management Agency, _Common Disaster-Related Rumors_ / disaster rumor response page (current access 2026)",2026-03-22 through 2026-05-25,ae9b268305de3248
S656,https://www.cisa.gov/topics/industrial-control-systems,"Cybersecurity and Infrastructure Security Agency, _Industrial Control Systems_ topic page (current access 2026)",2026-03-22 through 2026-05-25,f13a9e1827e9a506
S657,https://www.cisa.gov/resources-tools/resources/principles-operational-technology-cyber-security,"Cybersecurity and Infrastructure Security Agency, _Principles of Operational Technology Cyber Security_ (2024; current access 2026)",2026-03-22 through 2026-05-25,5d275634539c1e1e
S658,https://www.cisa.gov/resources-tools/resources/secure-demand-priority-considerations-operational-technology-owners-and-operators-when-selecting,"CISA and partners, _Secure by Demand: Priority Considerations for Operational Technology Owners and Operators when Selecting Digital Products_ (2025; current access 2026)",2026-03-22 through 2026-05-25,108bf5cfe5bafe42
S659,https://www.epa.gov/rmp/risk-management-program-safer-communities-chemical-accident-prevention-final-rule,"U.S. Environmental Protection Agency, _Risk Management Program Safer Communities by Chemical Accident Prevention Final Rule_ (2024 final rule page, current access 2026)",2026-03-22 through 2026-05-25,abf850540d2ee2aa
S660,https://joint-research-centre.ec.europa.eu/projects-and-activities/natural-and-man-made-hazards/technological-accidents-triggered-natural-hazards_en,"European Commission Joint Research Centre, _Technological accidents triggered by natural hazards_ (current access 2026)",2026-03-22 through 2026-05-25,cd42bb38e582c9f9
S661,https://www.gao.gov/products/gao-25-106253,"U.S. Government Accountability Office, _Hazardous Waste: EPA Should Take Additional Actions to Encourage Treatment, Storage, and Disposal Facilities to Manage Climate Risks_ (GAO-25-106253, 2024)",2026-03-22 through 2026-05-25,da5a4c4b28e4ee40
S662,https://www.unep.org/resources/report/global-industry-standard-tailings-management,"UNEP / PRI / ICMM Global Tailings Review, _Global Industry Standard on Tailings Management_ (2020; current access 2026)",2026-03-22 through 2026-05-25,1a9ef3ebff1f61e8
S663,https://www.cdc.gov/wastewater/about/index.html,"Centers for Disease Control and Prevention, _About CDC's Wastewater Monitoring Program_ (current access 2026)",2026-03-22 through 2026-05-25,46abce14d58c88bd
S664,https://wmo.int/resources/publication-series/state-of-climate-services/2023-state-of-climate-services-health,"WMO, _2023 State of Climate Services for Health_ (2023; current access 2026)",2026-03-22 through 2026-05-25,78cdaf8adb669852
S665,https://www.who.int/publications/m/item/global-strategic-preparedness--readiness-and-response-plan-for-dengue-and-other-aedes-borne-arboviruses,"World Health Organization, _Global strategic preparedness, readiness and response plan for dengue and other Aedes-borne arboviruses_ (2024–2025)",2026-03-22 through 2026-05-25,9a25545be223921c
S666,https://www.gfdrr.org/en/open-data-resilience-initiative-opendri,"World Bank / GFDRR, _Open Data for Resilience Initiative (OpenDRI)_ (current access 2026)",2026-03-22 through 2026-05-25,717d1eccef951158
S667,https://legalinstruments.oecd.org/en/instruments/OECD-LEGAL-0438,"OECD, _Recommendation of the Council on Open Government_ (2017; current access 2026)",2026-03-22 through 2026-05-25,2f46015c27f8968e
S668,https://wmo.int/resources/publication-series/global-status-of-multi-hazard-early-warning-systems/global-status-of-multi-hazard-early-warning-systems-2025,"WMO / UNDRR, _Global Status of Multi-Hazard Early Warning Systems 2025_ (2025; current access 2026)",2026-03-22 through 2026-05-25,36561a871eae431a
S669,https://wmo.int/activities/early-warnings-all/wmo-and-early-warnings-all-initiative,"World Meteorological Organization, _WMO and the Early Warnings for All Initiative_ (current access 2026)",2026-03-22 through 2026-05-25,3bbbe9714be718a2
S670,https://wmo.int/site/early-warnings-all/dashboards/early-warnings-all-dashboard,"World Meteorological Organization, _Early Warnings for All Dashboard_ (current access 2026)",2026-03-22 through 2026-05-25,e7548c295dc11ce7
S671,https://www.ifrc.org/early-warning-early-action,"International Federation of Red Cross and Red Crescent Societies, _Early warning, early action_ (current access 2026)",2026-03-22 through 2026-05-25,f3bf97cb81b58b8c
S672,https://www.ifrc.org/happening-now/emergencies/anticipatory-pillar-dref,"International Federation of Red Cross and Red Crescent Societies, _Anticipatory Pillar of the IFRC-DREF_ (current access 2026)",2026-03-22 through 2026-05-25,f45d1810ce29e68f
S673,https://www.unocha.org/anticipatory-action,"UN OCHA, _Anticipatory action_ (current access 2026)",2026-03-22 through 2026-05-25,f821d2fa2a22332a
S674,https://cerf.un.org/anticipatory-action,"CERF, _Anticipatory Action_ (current access 2026)",2026-03-22 through 2026-05-25,7274aaa81b1d17a0
S675,https://preparecenter.org/toolkit/ewaa-resource-hub,"PrepareCenter / IFRC and partners, _Early Warning Anticipatory Action Tool & Resource Hub_ (current access 2026)",2026-03-22 through 2026-05-25,7f8811b5c1a0520b
S676,https://www.fema.gov/emergency-managers/national-preparedness/plan/evacuation-shelter-in-place,"Federal Emergency Management Agency, _Evacuation and Shelter-in-Place_ planning guidance page (current access 2026)",2026-03-22 through 2026-05-25,9f04d0b9e79c1434
S677,https://content.govdelivery.com/accounts/USDHSFEMA/bulletins/3c7dda6,"Federal Emergency Management Agency, _Planning Considerations: Putting People First_ release summary (2024; current access 2026)",2026-03-22 through 2026-05-25,4cae54afe447873c
S678,https://www.wpc.ncep.noaa.gov/heatrisk,"NOAA / National Weather Service, _NWS HeatRisk_ (current access 2026)",2026-03-22 through 2026-05-25,662dd90ab974098e
S679,https://www.wpc.ncep.noaa.gov/heatrisk/cdc.html,"NOAA / National Weather Service and CDC, _NWS / CDC HeatRisk Collaboration_ (current access 2026)",2026-03-22 through 2026-05-25,12c99ae884f4e229
S680,https://www.airnow.gov/aqi,"AirNow.gov / U.S. EPA and partners, _Air Quality Index_ and air-quality status pages (current access 2026)",2026-03-22 through 2026-05-25,69fb495964cb06c8
S681,https://www.epa.gov/wildfire-smoke-course/wildfire-smoke-and-your-patients-health,"U.S. Environmental Protection Agency, _Wildfire Smoke and Your Patients' Health_ (2025/2026; current access 2026)",2026-03-22 through 2026-05-25,62c71cf095a8dc56
S682,https://wmo.int/activities/common-alerting-protocol-cap,"World Meteorological Organization, _Common Alerting Protocol (CAP)_ (current access 2026)",2026-03-22 through 2026-05-25,d119b88d83abd749
S683,https://www.undrr.org/early-warnings-for-all/common-alerting-protocol,"UNDRR, _The Common Alerting Protocol (CAP)_ (current access 2026)",2026-03-22 through 2026-05-25,7cca5d90e8d0e0da
S684,https://www.worldbank.org/en/programs/sahel-adaptive-social-protection-program-trust-fund/thematic-areas/climate-shock-responsive-delivery-systems,"World Bank, _Climate shock responsive delivery systems_ (current access 2026)",2026-03-22 through 2026-05-25,028644d7065c6bcd
S685,https://wmo.int/resources/publication-series/global-status-of-multi-hazard-early-warning-systems/early-warnings-all-focus-hazard-monitoring-and-forecasting,"World Meteorological Organization, _Early Warnings for All in Focus: Hazard Monitoring and Forecasting_ (2025; current access 2026)",2026-03-22 through 2026-05-25,3e4fcba39ad6e930
S686,https://www.weather.gov/about/idss,"NOAA / National Weather Service, _Impact-Based Decision Support Services_ (current access 2026)",2026-03-22 through 2026-05-25,261e9f92bce438a7
S687,https://www.fema.gov/sites/default/files/2020-07/fema_nims_doctrine-2017.pdf,"Federal Emergency Management Agency, _National Incident Management System_ (3rd ed., 2017; current access 2026)",2026-03-22 through 2026-05-25,b03a1eab0122a11c
S688,https://www.fema.gov/disaster/how-declared/preliminary-damage-assessments/guide,"Federal Emergency Management Agency, _Preliminary Damage Assessment Guide_ (2025; current access 2026)",2026-03-22 through 2026-05-25,9fc899c28de2776d
S689,https://www.cdc.gov/casper/php/overview/index.html,"Centers for Disease Control and Prevention, _Overview of CASPER_ (updated 2024; current access 2026)",2026-03-22 through 2026-05-25,71018b8f2e881790
S690,https://interagencystandingcommittee.org/iasc-needs-assessment-task-force/iasc-multi-clustersector-initial-rapid-assessment-mira-manual-2015,"Inter-Agency Standing Committee / OCHA, _Multi-Cluster/Sector Initial Rapid Assessment (MIRA) Manual_ (2015; current access 2026)",2026-03-22 through 2026-05-25,de6952a19b4996bc
S691,https://www.fema.gov/sites/default/files/documents/fema_distribution-management-plan-guide-2.0.pdf,"Federal Emergency Management Agency, _Distribution Management Plan Guide 2.0_ (current access 2026)",2026-03-22 through 2026-05-25,aa8367f61696cdd1
S692,https://femap2055.atcouncil.org,"FEMA / Applied Technology Council, _FEMA P-2055 Post-disaster Building Safety Evaluation Guidance_ and related safety-assessment materials (2019; current access 2026)",2026-03-22 through 2026-05-25,3ceb9c2d115ddffc
S693,https://www.fema.gov/sites/default/files/2020-07/fema_nrf_support-annex_volunteer.pdf,"Federal Emergency Management Agency, _Volunteer and Donations Management Support Annex_ (current access 2026)",2026-03-22 through 2026-05-25,b4ac5d6d19bda1a0
S694,https://www.fema.gov/about/glossary/disaster-survivor-assistance,"Federal Emergency Management Agency, _Disaster Survivor Assistance_ (glossary and program description, updated 2024; current access 2026)",2026-03-22 through 2026-05-25,cbc4a3e11be59a25
S695,https://www.fema.gov/about/civil-rights/survivors,"Federal Emergency Management Agency, _Civil Rights for Disaster Survivors_ and Office of Civil Rights public materials (updated 2024–2026; current access 2026)",2026-03-22 through 2026-05-25,b1804353e187348b
S696,https://www.cdc.gov/phlp/docs/ph-emergencies.pdf,"Centers for Disease Control and Prevention, _Selected Federal Legal Authorities Pertinent to Public Health Emergencies_ (current access 2026)",2026-03-22 through 2026-05-25,11efaf6859a59b9a
S697,https://preptoolkit.fema.gov/web/nims-toolkit/resource-management,"FEMA Preparedness Toolkit, _NIMS Resource Management / National Resource Hub_ (current access 2026)",2026-03-22 through 2026-05-25,daabb97ac400bb4a
S698,https://www.fema.gov/sites/default/files/documents/fema_iappg-1.1.pdf,"Federal Emergency Management Agency, _Individual Assistance Program and Policy Guide (IAPPG)_, version 1.1 / current policy page (current access 2026)",2026-03-22 through 2026-05-25,588150afa2ed9002
S699,https://www.fema.gov/national-disaster-recovery-framework,"Federal Emergency Management Agency, _National Disaster Recovery Framework and Recovery Support Functions_ (updated 2025; current access 2026)",2026-03-22 through 2026-05-25,6f0d7c83f65e58d0
S700,https://www.fema.gov/sites/default/files/documents/fema_housing_planning_guide_final_20240418_2025.pdf,"Federal Emergency Management Agency, _Pre-Disaster Housing Planning Guide_ (2024/2025; current access 2026)",2026-03-22 through 2026-05-25,45dc077f8603ac90
S701,https://www.hud.gov/hud-partners/community-cdbg-dr,"U.S. Department of Housing and Urban Development, _Community Development Block Grant Disaster Recovery (CDBG-DR)_ (current access 2026)",2026-03-22 through 2026-05-25,c6a3886dbcf11531
S702,https://nche.ed.gov/wp-content/uploads/2018/10/csds_relief.pdf,"National Center for Homeless Education, _What Relief Agencies Should Know About the Educational Rights of Children Displaced by Disasters_ (current access 2026)",2026-03-22 through 2026-05-25,a8bb0a11cd072f4e
S703,https://empowerprogram.hhs.gov,"U.S. Department of Health and Human Services, _HHS emPOWER Program_ (current access 2026)",2026-03-22 through 2026-05-25,ad66de3b92da6c4a
S704,https://aspr.hhs.gov/EPAP/Pages/default.aspx,"HHS Administration for Strategic Preparedness and Response, _Emergency Prescription Assistance Program (EPAP)_ (current access 2026)",2026-03-22 through 2026-05-25,e545100739941927
S705,https://files.asprtracie.hhs.gov/documents/aspr-tracie-cms-ep-rule-esrd-requirements.pdf,"ASPR TRACIE / CMS, _End Stage Renal Disease Facilities: Emergency Preparedness Requirements_ (current access 2026)",2026-03-22 through 2026-05-25,969f6e2861495709
S706,https://www.fns.usda.gov/disaster,"U.S. Department of Agriculture Food and Nutrition Service, _Disaster Assistance_ (current access 2026)",2026-03-22 through 2026-05-25,67ebed9f4a465307
S707,https://www.fns.usda.gov/snap/dsnap/state-agencies-partners-resources,"U.S. Department of Agriculture Food and Nutrition Service, _D-SNAP Resources for State Agencies and Partners_ (current access 2026)",2026-03-22 through 2026-05-25,0f698e37adc824be
S708,https://acf.gov/ocs/programs/liheap,"Administration for Children and Families, _Low Income Home Energy Assistance Program (LIHEAP)_ (updated 2025; current access 2026)",2026-03-22 through 2026-05-25,b60b191306f0ea84
S709,https://www.epa.gov/waterfinancecenter/compendium-drinking-water-and-wastewater-customer-assistance-programs,"U.S. Environmental Protection Agency, _Compendium of Drinking Water and Wastewater Customer Assistance Programs_ (current access 2026)",2026-03-22 through 2026-05-25,33dcd3ab653f446d
S710,https://www.irs.gov/businesses/small-businesses-self-employed/disaster-assistance-and-emergency-relief-for-individuals-and-businesses,"Internal Revenue Service, _Disaster Assistance and Emergency Relief for Individuals and Businesses_ (updated 2026; current access 2026)",2026-03-22 through 2026-05-25,03c16e63f0ccc6c9
S711,https://www.disasterassistance.gov/get-assistance/forms-of-assistance/4464,"DisasterAssistance.gov / FEMA and ABA partners, _Disaster Legal Services_ (updated 2025; current access 2026)",2026-03-22 through 2026-05-25,e6fdd0699b228a3b
S712,https://www.fema.gov/assistance/individual/disaster-survivors/disaster-case-management-toolbox,"Federal Emergency Management Agency, _Disaster Case Management Toolbox_ and recovery support materials (updated 2025; current access 2026)",2026-03-22 through 2026-05-25,0fe121eaf6c50070
S713,https://www.disasterassistance.gov,"DisasterAssistance.gov, _Disaster Assistance application, status, and upload center_ (current access 2026)",2026-03-22 through 2026-05-25,842e38fd0a2967a1
S714,https://www.fema.gov/emergency-managers/practitioners/lifelines-toolkit,"Federal Emergency Management Agency, _Community Lifelines Implementation Toolkit_ (2025; current access 2026)",2026-03-22 through 2026-05-25,083c3dac3660e1e9
S715,https://www.nist.gov/community-resilience/planning-guide,"National Institute of Standards and Technology, _Community Resilience Planning Guide for Buildings and Infrastructure Systems_ (current access 2026)",2026-03-22 through 2026-05-25,8211921c14f8538b
S716,https://www.fema.gov/emergency-managers/practitioners/recovery-resources/community-toolkit,"Federal Emergency Management Agency, _Community Recovery Management Toolkit_ (updated 2025; current access 2026)",2026-03-22 through 2026-05-25,4aa7b5d1bd901c88
S717,https://www.consumerfinance.gov/consumer-tools/disasters-and-emergencies/start-recovering-and-rebuilding-your-financial-life,"Consumer Financial Protection Bureau, _Start recovering and rebuilding your financial life after a disaster_ (updated 2025; current access 2026)",2026-03-22 through 2026-05-25,9a39c6ccb3cb5094
S718,https://www.consumerfinance.gov/ask-cfpb/what-should-i-do-after-a-disaster-to-protect-my-finances-and-property-en-1513,"Consumer Financial Protection Bureau, _What should I do after a disaster to protect my finances and property?_ (updated 2024; current access 2026)",2026-03-22 through 2026-05-25,6d0b0195a3a05859
S719,https://oui.doleta.gov/unemploy/disaster.asp,"U.S. Department of Labor, Employment and Training Administration, _Disaster Unemployment Assistance_ (current access 2026)",2026-03-22 through 2026-05-25,d526c12ca001960d
S720,https://www.hud.gov/stat/fheo/requirements-community-development-block-grant,"U.S. Department of Housing and Urban Development, Office of Fair Housing and Equal Opportunity, _FHEO Requirements for CDBG Disaster Recovery and Mitigation_ (current access 2026)",2026-03-22 through 2026-05-25,153f6ad9881f3cf1
S721,https://www.fema.gov/assistance/individual/housing,"Federal Emergency Management Agency, _Assistance for Housing and Other Needs_ (updated 2026; current access 2026)",2026-03-22 through 2026-05-25,2f3a5f8af5dbd42e
S722,https://www.transit.dot.gov/funding/grant-programs/emergency-relief-program,"Federal Transit Administration, _Emergency Relief Program_ (current access 2026)",2026-03-22 through 2026-05-25,042bab984d38c93b
S723,https://www.fema.gov/disaster/recover/replacing-vital-documents,"Federal Emergency Management Agency, _Replacing Vital Documents After a Disaster_ (updated 2025; current access 2026)",2026-03-22 through 2026-05-25,8ecc705cfc2401b8
S724,https://pages.nist.gov/800-63-4,"National Institute of Standards and Technology, _SP 800-63-4 Digital Identity Guidelines_ (2025; current access 2026)",2026-03-22 through 2026-05-25,4e3f97650a1089a8
S725,https://www.fcc.gov/wireless-network-resiliency-during-disasters,"Federal Communications Commission, _Wireless Network Resiliency During Disasters / Mandatory Disaster Response Initiative_ (current access 2026)",2026-03-22 through 2026-05-25,cc38e43d9fb76690
S726,https://www.fema.gov/grants/tools/benefit-cost-analysis,"Federal Emergency Management Agency, _Benefit-Cost Analysis_ (current page, updated 2026)",2026-03-22 through 2026-05-25,dbdc4b6185d12449
S727,https://www.fema.gov/sites/default/files/documents/fema_hmd_2025-local-mitigation-planning-handbook_06122025.pdf,"Federal Emergency Management Agency, _Local Mitigation Planning Handbook_ (2025)",2026-03-22 through 2026-05-25,1da32709f8f3e4e3
S728,https://www.fema.gov/floodplain-management,"Federal Emergency Management Agency, _Floodplain Management_ (current page, updated 2025)",2026-03-22 through 2026-05-25,3c3e1ad0bf7a4ad4
S729,https://www.fema.gov/openfema-data-page/nfip-multiple-loss-properties-v1,"Federal Emergency Management Agency / OpenFEMA, _NFIP Multiple Loss Properties — v1_ (current dataset page, updated 2026)",2026-03-22 through 2026-05-25,7ae1b882ca004aed
S730,https://www.fema.gov/floodplain-management/community-rating-system,"Federal Emergency Management Agency, _Community Rating System_ (current page, updated 2026)",2026-03-22 through 2026-05-25,f4d15375e56a4c5b
S731,https://www.fema.gov/sites/default/files/documents/fema_state-flood-risk-disclosure-best-practices_07142022.pdf,"Federal Emergency Management Agency, _Flood Risk Disclosure: Best Practices for State Disclosure Laws_ (2022; current access 2026)",2026-03-22 through 2026-05-25,60d6d2e854506fd2
S732,missing-url:S732,"Federal Emergency Management Agency, _Flood Maps_ and _Flood Map Service Center_ (current access 2026)",2026-03-22 through 2026-05-25,b9e9e83b1bc1f473
S733,https://water.noaa.gov/about/atlas15,"National Oceanic and Atmospheric Administration, _Atlas 15_ information page (current access 2026)",2026-03-22 through 2026-05-25,628f0df68382f430
S734,https://www.nist.gov/programs-projects/resilient-infrastructure-and-future-hazard-impacts-windstorms,"National Institute of Standards and Technology, _Resilient Infrastructure and Future Hazard Impacts_ (current page, updated 2025)",2026-03-22 through 2026-05-25,2d45fd1791ace5d4
S735,https://www.asce.org/-/media/asce-images-and-files/advocacy/documents/pathways-to-resilient-communities-asce-toolkit.pdf,"American Society of Civil Engineers, _Pathways to Resilient Communities: ASCE Toolkit_ (2025)",2026-03-22 through 2026-05-25,1da2cc0275ad5b59
S736,https://gca.org/wp-content/uploads/2025/06/Climate-Resilient-Infrastructure-Handbook_20250613.pdf,"Global Center on Adaptation, _Climate-Resilient Infrastructure Handbook_ (2025)",2026-03-22 through 2026-05-25,7fef58b94cde5c9e
S737,https://www.oecd.org/en/publications/climate-adaptation-investment-framework_8686fc27-en.html,"OECD, _Climate Adaptation Investment Framework_ (2024; current access 2026)",2026-03-22 through 2026-05-25,4a7d8dbe85ca91c9
S738,https://www.fema.gov/sites/default/files/2020-07/fema_bric_nature-based-solutions-guide_2020.pdf,"Federal Emergency Management Agency, _Building Community Resilience with Nature-Based Solutions_ (2020; current access 2026)",2026-03-22 through 2026-05-25,5aac6e8d36599990
S739,https://documents.worldbank.org/en/publication/documents-reports/documentdetail/099150503202338102,"World Bank / GFDRR, _Nature-Based Solutions for Climate Resilience_ (2023; current access 2026)",2026-03-22 through 2026-05-25,46218d782b26673a
S740,missing-url:S740,"Federal Emergency Management Agency, _Substantial Improvement / Substantial Damage Desk Reference_ and NFIP safer-rebuild materials (current access 2026)",2026-03-22 through 2026-05-25,fd8b817f8efa70e6
S741,https://www.deltares.nl/en/expertise/areas-of-expertise/sea-level-rise/dynamic-adaptive-policy-pathways,"Deltares / TU Delft, _Dynamic Adaptive Policy Pathways_ (current access 2026)",2026-03-22 through 2026-05-25,8b70f08f432b1331
S742,https://resilientca.org/apg/adaptation-pathways,"California Adaptation Planning Guide / ResilientCA, _Adaptation Pathways_ (current access 2026)",2026-03-22 through 2026-05-25,29552e3beba6b039
S743,https://www.iso.org/standard/68507.html,"International Organization for Standardization, _ISO 14090:2019 — Adaptation to climate change: principles, requirements and guidelines_ (current access 2026)",2026-03-22 through 2026-05-25,9d7ac2fdb45d9694
S744,https://www.iso.org/standard/68508.html,"International Organization for Standardization, _ISO 14091:2021 — Adaptation to climate change: vulnerability, impacts and risk assessment_ (current access 2026)",2026-03-22 through 2026-05-25,6837fd7eaa254c87
S745,https://www.undrr.org/publication/principles-resilient-infrastructure,"United Nations Office for Disaster Risk Reduction, _Principles for Resilient Infrastructure_ (2023; current access 2026)",2026-03-22 through 2026-05-25,5744585f3c4986cc
S746,https://financing.desa.un.org/document/un-handbook-infrastructure-asset-management,"UN DESA / UNCDF / UNOPS, _UN Handbook on Infrastructure Asset Management_ (2021; current access 2026)",2026-03-22 through 2026-05-25,580999efbce48360
S747,https://pievc.ca/protocol,"PIEVC Program, _PIEVC Protocol and Large Portfolio Assessment Manual_ (current access 2026)",2026-03-22 through 2026-05-25,3f2d5d89b94093ff
S748,https://www.fsb-tcfd.org/publications,"Task Force on Climate-related Financial Disclosures, _Scenario Analysis Guidance and Publications_ (current access 2026)",2026-03-22 through 2026-05-25,91d0e51ccaf89be5
S749,https://www.ifrs.org/issued-standards/ifrs-sustainability-standards-navigator/ifrs-s2-climate-related-disclosures,"IFRS Foundation, _IFRS S2 Climate-related Disclosures_ (current access 2026)",2026-03-22 through 2026-05-25,413e936f09c21d77
S750,https://www.asce.org/advocacy/policy-statements/ps360---climate-change,"American Society of Civil Engineers, _Policy Statement 360 — Climate Change_ (current access 2026)",2026-03-22 through 2026-05-25,76a415f5fbec8e6e
S751,https://www.acec.org/wp-content/uploads/2025/09/ACEC-Commentary-on-Climate-Change-8-15-25.pdf,"American Council of Engineering Companies, _Commentary on Climate Change_ (2025; current access 2026)",2026-03-22 through 2026-05-25,2d072e9804ac7009
S752,https://toolkit.climate.gov/adaptation,"U.S. Climate Resilience Toolkit, _Adaptation_ (current access 2026)",2026-03-22 through 2026-05-25,0e5b62a846240108
S753,https://www.gfdrr.org/en/resilient-infrastructure,"Global Facility for Disaster Reduction and Recovery, _Resilient Infrastructure_ topic page (current access 2026)",2026-03-22 through 2026-05-25,935aa446489c3cd8
S754,https://damsafety.org/content/climate-resilient-infrastructure-adaptive-design-and-risk-management,"ASCE / infrastructure-resilience professional materials, _Climate-Resilient Infrastructure: Adaptive Design and Risk Management / Pathways to Resilient Communities_ (current access 2026)",2026-03-22 through 2026-05-25,c1e07af2fdcc2beb
S755,https://www.iso.org/standard/55088.html,"International Organization for Standardization, _ISO 55000 Asset management — overview, principles and terminology_ (current access 2026)",2026-03-22 through 2026-05-25,2d851849972cead2
S756,https://www.w3.org/TR/vocab-data-cube,"World Wide Web Consortium, _The RDF Data Cube Vocabulary_ (2014; current access 2026)",2026-03-22 through 2026-05-25,17064c616a99d172
S757,https://www.w3.org/TR/vocab-dcat-3,"World Wide Web Consortium, _Data Catalog Vocabulary (DCAT) — Version 3_ (2024; current access 2026)",2026-03-22 through 2026-05-25,4269a139bdcced27
S758,https://www.w3.org/TR/prov-o,"World Wide Web Consortium, _PROV-O: The PROV Ontology_ (2013; current access 2026)",2026-03-22 through 2026-05-25,a25066e764cbbe9e
S759,https://www.nature.com/articles/sdata201618,"Wilkinson et al., _The FAIR Guiding Principles for scientific data management and stewardship_ (Scientific Data, 2016; current access 2026)",2026-03-22 through 2026-05-25,ba332568f05f31f6
S760,https://resources.data.gov/resources/dcat-us3,"Data.gov / GSA, _DCAT-US Schema v3.0_ (current access 2026)",2026-03-22 through 2026-05-25,70e91504b75e18d1
S761,https://www.gao.gov/greenbook,"U.S. Government Accountability Office, _Standards for Internal Control in the Federal Government — 2025 Green Book_ (effective FY2026; current access 2026)",2026-03-22 through 2026-05-25,2650a532eb828da0
S762,https://www.whitehouse.gov/wp-content/uploads/2026/03/OMB-Circular-No.-A-123-2026.pdf,"Office of Management and Budget, _Circular No. A-123 — Management's Responsibility for Internal Control_ (2026; current access 2026)",2026-03-22 through 2026-05-25,e873c5cb14659865
S763,https://preptoolkit.fema.gov/web/cip-citap/ncig,"FEMA Preparedness Toolkit, _National Continuous Improvement Guidance_ (current access 2026)",2026-03-22 through 2026-05-25,d436918d8bf28d2a
S764,https://preptoolkit.fema.gov/web/hseep-resources/improvement-planning,"FEMA Preparedness Toolkit, _HSEEP Improvement Planning_ (current access 2026)",2026-03-22 through 2026-05-25,fabcf5013460afb9
S765,https://legalinstruments.oecd.org/en/instruments/OECD-LEGAL-0435,"OECD, _Recommendation of the Council on Public Integrity / Public Integrity Handbook_ (2017/2020; current access 2026)",2026-03-22 through 2026-05-25,7437e14961ff76e8
S766,https://www.oecd.org/en/publications/anti-corruption-and-integrity-outlook-2026_16708b78-en/full-report/component-14.html,"OECD, _Anti-Corruption and Integrity Outlook 2026 — Integrity in public procurement_ (2026; current access 2026)",2026-03-22 through 2026-05-25,87a7abcf5012dc11
S767,https://www.open-contracting.org/data-standard,"Open Contracting Partnership, _Open Contracting Data Standard_ (current access 2026)",2026-03-22 through 2026-05-25,292ac7e50ef446d0
S768,https://www.transit.dot.gov/regulations-and-guidance/civil-rights-ada/title-vi-emergency-preparedness-guidance,"U.S. Department of Transportation / Federal Transit Administration, _Title VI Emergency Preparedness Guidance_ (current access 2026)",2026-03-22 through 2026-05-25,487ebdb3423262a6
S769,https://www.ojp.gov/program/civil-rights-office/limited-english-proficient-lep,"U.S. Department of Justice Office of Justice Programs, _Limited English Proficient (LEP) obligations_ (current access 2026)",2026-03-22 through 2026-05-25,21151571b9f3a089
S770,https://www.iso.org/standard/75106.html,"International Organization for Standardization, _ISO 22301:2019 — Security and resilience: Business continuity management systems — Requirements_ (current access 2026)",2026-03-22 through 2026-05-25,81115f2f583b2a77
S771,https://www.iea.org/reports/the-path-to-a-new-era-for-nuclear-energy,"International Energy Agency, The Path to a New Era for Nuclear Energy (2025)",2026-05-30,1dc72f469facc0e9
S772,https://iea.blob.core.windows.net/assets/b6a6fc8c-c62e-411d-a15c-bf211ccc06f3/ThePathtoaNewEraforNuclearEnergy.pdf,"International Energy Agency, The Path to a New Era for Nuclear Energy — PDF edition (2025)",2026-05-30,272adbe3ab54f7f3
S773,https://www.iaea.org/topics/nuclear-power-and-climate-change,"International Atomic Energy Agency, Nuclear Power and Climate Change",2026-05-30,7d278235d30b947e
S774,https://www.ipcc.ch/report/ar6/wg3/chapter/chapter-6,"IPCC AR6 Working Group III, Chapter 6: Energy Systems",2026-05-30,abb610aeba921924
S775,https://www.oecd-nea.org/jcms/pl_15000/the-costs-of-decarbonisation-system-costs-with-high-shares-of-nuclear-and-renewables,"OECD Nuclear Energy Agency, The Costs of Decarbonisation: System Costs with High Shares of Nuclear and Renewables",2026-05-30,8bec0bea21149ec7
S776,https://liftoff.energy.gov/advanced-nuclear,"U.S. Department of Energy, Pathways to Commercial Liftoff: Advanced Nuclear (2025 update)",2026-05-30,4978484610b27383
S777,https://pris.iaea.org/pris,IAEA Power Reactor Information System (PRIS),2026-05-30,d002c32596143787
S778,https://www.worldbank.org/en/news/press-release/2025/06/26/world-bank-group-iaea-partner-to-support-safe-secure-and-responsible-nuclear-energy-development,"World Bank Group and IAEA, Partnership for Safe, Secure and Responsible Nuclear Energy Development (2025)",2026-05-30,5f1ba89aadf2f1a3
S779,https://unece.org/sed/documents/2021/10/reports/life-cycle-assessment-electricity-generation-options,"United Nations Economic Commission for Europe, Life Cycle Assessment of Electricity Generation Options",2026-05-30,e3f4ce92159effb7
S780,https://www.oecd-nea.org/jcms/pl_73678/nea-small-modular-reactor-smr-dashboard,"OECD Nuclear Energy Agency, Small Modular Reactor Dashboard — Third Edition (2025)",2026-05-30,26a4a33e2b5f8f63
S781,https://www.iaea.org/publications/11079/safety-of-nuclear-power-plants-design,"IAEA Safety Standards, Safety of Nuclear Power Plants: Design",2026-05-30,0cbe7d9d09bcf287
S782,https://www.iaea.org/publications/15217/site-evaluation-for-nuclear-installations,"IAEA Safety Standards, Site Evaluation for Nuclear Installations",2026-05-30,8fe5b841e8fa57de
S783,https://www.nrc.gov/reactors/new-reactors/advanced.html,"U.S. Nuclear Regulatory Commission, Advanced Reactors",2026-05-30,f026552587d2034c
S784,https://www.oecd-nea.org/upload/docs/application/pdf/2025-09/web_-_smr_dashboard_-_third_edition.pdf,"Nuclear Energy Agency, SMR deployment attributes: financing, siting, fuel, licensing, engagement and supply chain readiness",2026-05-30,152b60d9c58d4662
S785,https://www.energy.gov/ne/haleu-availability-program,"U.S. Department of Energy, HALEU Availability Program",2026-05-30,89632afd86082f88
S786,https://world-nuclear.org/information-library/nuclear-fuel-cycle/conversion-enrichment-and-fabrication/high-assay-low-enriched-uranium-haleu,"World Nuclear Association, High-Assay Low-Enriched Uranium (HALEU)",2026-05-30,c5bc1536a7160e21
S787,https://www-pub.iaea.org/MTCD/publications/PDF/TE-2119web.pdf,"IAEA, Approaches to Operating Nuclear Power Plants to Mitigate and Adapt to Climate Change (2026)",2026-05-30,bc5ed9b40f3dc5aa
S788,https://www-pub.iaea.org/MTCD/Publications/PDF/PAT-003_web.pdf,"IAEA, Nuclear Energy in Climate Resilient Power Systems (2025)",2026-05-30,9c5841f7d1847ce6
S789,https://www.nerc.com/globalassets/our-work/assessments/nerc_ltra_2025.pdf,"NERC, 2025 Long-Term Reliability Assessment",2026-05-30,bce98145c9bbf857
S790,https://www.iea.org/energy-system/electricity/nuclear-power,"IEA, Nuclear Power — Energy System Tracking",2026-05-30,ac2b6fb7c3673c5e
S791,https://www.iaea.org/newscenter/news/nuclear-energy-in-the-clean-energy-transition,"IAEA, Nuclear Energy in the Clean Energy Transition (2025)",2026-05-30,207987e3c5cf0d85
S792,https://oecd-nea.org/jcms/pl_107879/nea-small-modular-reactor-digital-dashboard,"OECD Nuclear Energy Agency, Small Modular Reactor Digital Dashboard",2026-05-30,5a963ed31b2a46f7
S793,https://www.nrc.gov/reactors/new-reactors/advanced/modernizing/rulemaking/part-53,"U.S. Nuclear Regulatory Commission, Part 53 — Risk-Informed, Technology-Inclusive Regulatory Framework for Advanced Reactors",2026-05-30,584379e22943815a
S794,https://www.nrc.gov/about-nrc/regulatory/licensing/pub-involve,"U.S. Nuclear Regulatory Commission, Public Involvement in Licensing",2026-05-30,d7adfd69477e0d0d
S795,https://www.nrc.gov/reactors/new-reactors/advanced/modernizing/rulemaking/emergency-preparedness,"U.S. Nuclear Regulatory Commission, Emergency Preparedness Rulemaking for SMRs and Other New Technologies",2026-05-30,9b744b5bf5035ca7
S796,https://www.energy.gov/ne/us-department-energy-consent-based-siting-process-federal-consolidated-interim-storage-spent,"U.S. Department of Energy, Consent-Based Siting Process for Federal Consolidated Interim Storage of Spent Nuclear Fuel",2026-05-30,cf7a2fc6132fafc1
S797,https://www.iaea.org/topics/nuclear-safety-conventions/joint-convention-safety-spent-fuel-management-and-safety-radioactive-waste,"IAEA, Joint Convention on the Safety of Spent Fuel Management and on the Safety of Radioactive Waste Management",2026-05-30,4a5fb83b55d1b6c8
S798,https://www.iaea.org/publications/8629/nuclear-security-recommendations-on-physical-protection-of-nuclear-material-and-nuclear-facilities-infcirc225revision-5,"IAEA, Nuclear Security Recommendations on Physical Protection of Nuclear Material and Nuclear Facilities, INFCIRC/225/Revision 5",2026-05-30,03c2a3ee8867b829
S799,https://www.iaea.org/resources/nuclear-security-series,"IAEA, Nuclear Security Series",2026-05-30,0d4eb0cd75593f2a
S800,https://www.energy.gov/ne/articles/department-energy-seeks-partner-private-sector-used-nuclear-fuel-recycling,"U.S. Department of Energy, Used Nuclear Fuel Recycling RFA and DOE Authorization Process",2026-05-30,73b29e3a44e5f63c
S801,https://www.oecd-nea.org/jcms/pl_96124/effective-frameworks-and-strategies-for-financing-nuclear-new-build,"OECD Nuclear Energy Agency, Effective Frameworks and Strategies for Financing Nuclear New Build (2024)",2026-05-30,75145ff32ff72d19
S802,https://www.oecd-nea.org/upload/docs/application/pdf/2024-11/7688_financing_market_design_and_project_management.pdf,"OECD Nuclear Energy Agency, New Perspectives for Financing Nuclear New Build: Financing, Market Design and Project Management (2024)",2026-05-30,9589c1400ca4746e
S803,https://www.energy.gov/lpo/articles/technical-eligibility-guide-title-17-innovative-clean-energy-nuclear,"U.S. Department of Energy Loan Programs Office, Title 17 Innovative Clean Energy: Nuclear — Technical Eligibility Guide",2026-05-30,2c433a44f4dd4e9d
S804,https://www.energy.gov/oe/clean-energy-resources-meet-data-center-electricity-demand,"U.S. Department of Energy, Clean Energy Resources to Meet Data Center Electricity Demand (2026)",2026-05-30,ad83bb9fec286053
S805,https://www.eia.gov/pressroom/releases/press582.php,"U.S. Energy Information Administration, EIA forecasts strongest four-year growth in U.S. electricity demand since 2000 (2026)",2026-05-30,6407c34a43fa90f8
S806,https://www.nerc.com/globalassets/our-work/guidelines/reliability/RG_Risk-Mitigation-For-Emerging-Large-Loads.pdf,"North American Electric Reliability Corporation, Reliability Guideline: Risk Mitigation for Emerging Large Loads (2026)",2026-05-30,6f1169be3600242f
S807,https://powering-intelligence.epri.com,"Electric Power Research Institute, Powering Intelligence 2026 — Updated U.S. Data Center Scenarios",2026-05-30,5b844f784e142978
S808,https://www.constellationenergy.com/news/2024/Constellation-to-Launch-Crane-Clean-Energy-Center-Restoring-Jobs-and-Carbon-Free-Power-to-The-Grid.html,"Constellation Energy, Crane Clean Energy Center and Microsoft 20-year power purchase agreement (2024)",2026-05-30,b1caf7cf2ec3c22e
S809,https://blog.google/company-news/outreach-and-initiatives/sustainability/google-kairos-power-nuclear-energy-agreement,"Google, New nuclear clean energy agreement with Kairos Power (2024)",2026-05-30,6b57456eae7aa372
S810,https://www.energy.gov/articles/energy-department-awards-94-million-american-companies-help-expedite-deployments-small,"U.S. Department of Energy, Energy Department Awards $94 Million to Expedite Deployments of Small Modular Reactors (2026)",2026-05-30,e3f3e1ffd570f84a
S811,https://www.energy.gov/articles/fact-sheet-energy-department-delivering-accelerating-deployment-nuclear-power,"U.S. Department of Energy, Fact Sheet: The Energy Department Is Delivering On Accelerating Deployment of Nuclear Power (2026)",2026-05-30,68b165d31057a837
S812,https://world-nuclear.org/our-association/publications/global-trends-reports/world-nuclear-performance-report,"World Nuclear Association, World Nuclear Performance Report 2025",2026-05-30,cf17061dd97b4d52
S813,https://www.iaea.org/resources/databases/power-reactor-information-system-pris,"International Atomic Energy Agency, Power Reactor Information System (PRIS) database",2026-05-30,7d3229740e9344ae
S814,https://www.nrc.gov/reactors/operating/oversight,"U.S. Nuclear Regulatory Commission, Reactor Oversight Process (ROP)",2026-05-30,f611a6912c733866
S815,https://www.nrc.gov/reactors/operating/oversight/pi-summary,"U.S. Nuclear Regulatory Commission, 2026 Quarter 1 ROP Performance Indicators Summary",2026-05-30,7ee60cc58b1ecee5
S816,https://www.eia.gov/nuclear/data.php,"U.S. Energy Information Administration, Nuclear & Uranium Data",2026-05-30,b71a9fadf262c549
S817,https://www.iaea.org/topics/operation-and-maintenance,"International Atomic Energy Agency, Operation and maintenance of nuclear power plants",2026-05-30,e6128e23904f687c
S818,https://www-pub.iaea.org/MTCD/Publications/PDF/PUB1805_web.pdf,"International Atomic Energy Agency, Operating Experience Feedback for Nuclear Installations",2026-05-30,64bcedf6155fca30
S819,https://www-pub.iaea.org/MTCD/Publications/PDF/te_1315_web.pdf,"International Atomic Energy Agency, Nuclear Power Plant Outage Optimisation Strategy",2026-05-30,1d64ca5384ee0ab9
S820,https://www.gao.gov/products/gao-25-107807,"U.S. Government Accountability Office, Nuclear Regulatory Commission: Reactor Oversight Process and Information from Licensees (GAO-25-107807)",2026-05-30,843935a3d379ef47
S821,https://pris.iaea.org/pris/worldstatistics/worldtrendinunitcapabilityfactor.aspx,"International Atomic Energy Agency PRIS, Unit Capability Factor Trend and availability statistics",2026-05-30,06ba20afd267f9bb
S822,https://www.iaea.org/topics/non-electric-applications,"International Atomic Energy Agency, Non-electric applications for nuclear energy",2026-05-30,7c74e974e91f85fa
S823,https://www.iaea.org/topics/non-electric-applications/industrial-applications-and-nuclear-cogeneration,"International Atomic Energy Agency, Industrial applications and nuclear cogeneration",2026-05-30,c01ac4137944743e
S824,https://www.iaea.org/topics/non-electric-applications/nuclear-desalination,"International Atomic Energy Agency, Nuclear desalination",2026-05-30,8729f85793762b96
S825,https://www.iaea.org/publications/13385/guidance-on-nuclear-energy-cogeneration,"International Atomic Energy Agency, Guidance on Nuclear Energy Cogeneration",2026-05-30,2b25e4d250b092fe
S826,https://www-pub.iaea.org/MTCD/publications/PDF/TE-2056web.pdf,"International Atomic Energy Agency, Nuclear Cogeneration for Desalination and Hydrogen Production (TECDOC-2056)",2026-05-30,7f6321219fbfea04
S827,https://www.energy.gov/edf/clean-hydrogen-projects,"U.S. Department of Energy, Clean Hydrogen Projects",2026-05-30,fdaf3984badf3f66
S828,https://www.energy.gov/ne/articles/advantages-and-challenges-nuclear-powered-data-centers,"U.S. Department of Energy, Advantages and Challenges of Nuclear-Powered Data Centers",2026-05-30,c8265760eac73cff
S829,https://www.energy.gov/policy/ai-infrastructure-doe-lands-request-information,"U.S. Department of Energy, AI Infrastructure on DOE Lands Request for Information",2026-05-30,310041dc9f885a80
S830,https://sai.inl.gov/report/preliminary-analysis-of-nuclear-powered-data-center-scenarios,"Idaho National Laboratory, Preliminary Analysis of Nuclear-Powered Data Center Scenarios",2026-05-30,4d9b49f852e1ce6a
S831,https://powering-intelligence.epri.com/load-growth.html,"Electric Power Research Institute, Data Center Load Growth in Context",2026-05-30,4dbec28c6a28e772
S832,https://www.iaea.org/sites/default/files/gc/gc69-inf9.pdf,"International Atomic Energy Agency, Nuclear Technology Review 2025",2026-05-30,ac98d734afbdfbbe
S833,https://www.energy.gov/ne/haleu-availability-program,"U.S. Department of Energy, HALEU Availability Program",2026-05-30,89632afd86082f88
S834,https://www.energy.gov/ne/us-department-energy-haleu-allocation-process,"U.S. Department of Energy, HALEU Allocation Process",2026-05-30,22cdc0b1dfc2a0ff
S835,https://www.oecd-nea.org/jcms/pl_103179/uranium-2024-resources-production-and-demand,"OECD Nuclear Energy Agency and IAEA, Uranium 2024: Resources, Production and Demand",2026-05-30,c9883b9aa5e449dc
S836,https://www.iaea.org/topics/spent-fuel-management,"International Atomic Energy Agency, Spent fuel management",2026-05-30,918f0594891bbaca
S837,https://www.iaea.org/publications/12302/storing-spent-fuel-until-transport-to-reprocessing-or-disposal,"International Atomic Energy Agency, Storing spent fuel until transport to reprocessing or disposal",2026-05-30,5a53fd5bd5f5762e
S838,https://www.iaea.org/topics/transporting-radioactive-materials,"International Atomic Energy Agency, Transporting radioactive materials",2026-05-30,0630dffa71864226
S839,https://www.iaea.org/topics/transport,"International Atomic Energy Agency, Safe and secure transport of radioactive material",2026-05-30,552cd35346d97d44
S840,https://www-pub.iaea.org/MTCD/publications/PDF/PUB2127web.pdf,"International Atomic Energy Agency, Management of Spent Fuel from Nuclear Power Reactors",2026-05-30,f2b544e8a4e9e34e
S841,https://www.energy.gov/ne/articles/energy-department-establish-new-consortium-nuclear-fuel-supply-chain,"U.S. Department of Energy, Energy Department to establish new consortium for nuclear fuel supply chain",2026-05-30,e4d4a981f58b9d44
S842,https://www.iea.org/energy-system/electricity/nuclear-power,"International Energy Agency, Nuclear Power — Tracking Clean Energy Progress",2026-05-30,ac2b6fb7c3673c5e
S843,https://unece.org/sed/documents/2021/10/reports/life-cycle-assessment-electricity-generation-options,"UNECE, Life Cycle Assessment of Electricity Generation Options",2026-05-30,e3f4ce92159effb7
S844,https://www.ipcc.ch/report/ar6/wg3/chapter/chapter-6,"IPCC AR6 WGIII, Chapter 6: Energy Systems",2026-05-30,abb610aeba921924
S845,https://docs.nrel.gov/docs/fy21osti/80580.pdf,"NREL, Life Cycle Greenhouse Gas Emissions from Electricity Generation: Update",2026-05-30,993863bc53c10cec
S846,https://www.eia.gov/energyexplained/nuclear/us-nuclear-industry.php,"U.S. Energy Information Administration, Nuclear explained: U.S. nuclear industry",2026-05-30,bffde8c1ff9b31d0
S847,https://www.nerc.com/globalassets/our-work/assessments/nerc_ltra_2025.pdf,"NERC, 2025 Long-Term Reliability Assessment",2026-05-30,bce98145c9bbf857
S848,https://www.iaea.org/topics/nuclear-power-and-climate-change,"IAEA, Nuclear power and climate change: Decarbonization",2026-05-30,7d278235d30b947e
S849,https://www.iaea.org/newscenter/news/five-reasons-the-clean-energy-transition-needs-nuclear-power,"IAEA, Five reasons the clean energy transition needs nuclear power",2026-05-30,48adc7c5e2aedd68
S850,https://ourworldindata.org/safest-sources-of-energy,"Our World in Data, What are the safest and cleanest sources of energy?",2026-05-30,59485465729bffd8
S851,https://www.energy.gov/ne/articles/what-generation-capacity,"U.S. Department of Energy, What is generation capacity?",2026-05-30,f048ed725c2e4a6e
S852,https://www.iea.org/reports/the-path-to-a-new-era-for-nuclear-energy/executive-summary,"International Energy Agency, The Path to a New Era for Nuclear Energy — Executive Summary",2026-05-30,a15a53bf1053a8e3
S853,https://www.energy.gov/ne/haleu-availability-program,"U.S. Department of Energy, HALEU Availability Program",2026-05-30,89632afd86082f88
S854,https://www.energy.gov/articles/us-department-energy-awards-27-billion-restore-american-uranium-enrichment,"U.S. Department of Energy, Awards to Restore American Uranium Enrichment",2026-05-30,595534a505e73d97
S855,https://www.oecd-nea.org/jcms/pl_22152/security-of-fuel-supply,"OECD Nuclear Energy Agency, Security of Fuel Supply",2026-05-30,35a0acc28e13f8b9
S856,https://www.oecd-nea.org/jcms/pl_28569/uranium-resources-production-and-demand-red-book,"OECD NEA/IAEA, Uranium Resources, Production and Demand — Red Book",2026-05-30,af07d41874032a5a
S857,https://www.iaea.org/topics/management-systems/management-of-the-nuclear-supply-chain,"IAEA, Management of the Nuclear Supply Chain",2026-05-30,3bb19830d0d35bd2
S858,https://www.state.gov/bureau-of-international-security-and-nonproliferation/releases/2025/01/123-agreements,"U.S. Department of State, 123 Agreements",2026-05-30,8729cf46cd0ef3d1
S859,https://www.energy.gov/nnsa/123-agreements-peaceful-cooperation,"U.S. NNSA, 123 Agreements for Peaceful Cooperation",2026-05-30,e7015fef2c811729
S860,https://www.exim.gov/policies/small-modular-reactor-financing,"U.S. Export-Import Bank, Small Modular Reactor Financing Toolkit",2026-05-30,6d87084e19acf519
S861,https://www.iaea.org/topics/basics-of-iaea-safeguards,"IAEA, Basics of IAEA Safeguards",2026-05-30,54c6ed3f66c3c56c
S862,https://www.iaea.org/sites/default/files/25/03/sg-in-2025.pdf,"IAEA, Safeguards in 2025",2026-05-30,84f351c07602a512
S863,https://www.reuters.com/business/energy/russia-signs-agreement-build-nuclear-power-plant-kazakhstan-2026-05-28,"Reuters, Russia signs agreement to build Kazakhstan first nuclear power plant",2026-05-30,f380efcf842967a8
S864,https://www.iaea.org/publications/8488/workforce-planning-for-new-nuclear-power-programmes,"IAEA, Workforce Planning for New Nuclear Power Programmes",2026-05-30 workforce/refactor pass,f9e2f822a5cced0c
S865,https://www.iaea.org/publications/13551/human-resource-development-for-nuclear-power-programmes,"IAEA, Human Resource Development for Nuclear Power Programmes",2026-05-30 workforce/refactor pass,e07bc96d9c9764ac
S866,https://www.iaea.org/bulletin/nuclear-human-resource-development-for-a-net-zero-future,"IAEA Bulletin, Nuclear Human Resource Development for a Net Zero Future",2026-05-30 workforce/refactor pass,9c1e1d7f74991e18
S867,https://www.iaea.org/topics/infrastructure-development/e-learning-for-nuclear-newcomers,"IAEA, E-learning for Nuclear Newcomers",2026-05-30 workforce/refactor pass,62151372bb2caf89
S868,https://www.nrc.gov/reactors/operator-licensing,"U.S. NRC, Operator Licensing",2026-05-30 workforce/refactor pass,afb867afb7061ec9
S869,https://www.nrc.gov/reactors/operator-licensing/licensing-process,"U.S. NRC, Licensing Process for Operators",2026-05-30 workforce/refactor pass,fd143a22208149e3
S870,https://www.nrc.gov/reading-rm/doc-collections/fact-sheets/operator-licensing,"U.S. NRC, Backgrounder on Reactor Operator Licensing",2026-05-30 workforce/refactor pass,9e88184d38c5e309
S871,https://www.iaea.org/publications/3753/safety-culture,"IAEA INSAG-4, Safety Culture",2026-05-30 workforce/refactor pass,09cd0746cad928ee
S872,https://www.iaea.org/publications/6457/key-practical-issues-in-strengthening-safety-culture,"IAEA, Key Practical Issues in Strengthening Safety Culture",2026-05-30 workforce/refactor pass,6385105ebd106e7f
S873,https://www.iaea.org/topics/nuclear-knowledge-management,"IAEA, Nuclear Knowledge Management",2026-05-30 workforce/refactor pass,e9bcd6f92eac4e24
S874,https://www.iaea.org/about/organizational-structure/department-of-nuclear-energy/division-of-planning-information-and-knowledge-management/nuclear-knowledge-management-section,"IAEA, Nuclear Knowledge Management Section",2026-05-30 workforce/refactor pass,b922d38dbaa18f7f
S875,https://www.energy.gov/ne/articles/3-workforce-trends-nuclear-energy-2025,"U.S. DOE Office of Nuclear Energy, Workforce Trends in Nuclear Energy in 2025",2026-05-30 workforce/refactor pass,e8a684c175378e2c
S876,https://www.energy.gov/gc/price-anderson-act,"U.S. DOE, Price-Anderson Act",2026-05-30,5b3c2668a4268337
S877,https://www.ecfr.gov/current/title-10/chapter-I/part-140,"eCFR, 10 CFR Part 140 — Financial Protection Requirements and Indemnity Agreements",2026-05-30,f82b6c306d46da5b
S878,https://www.nrc.gov/docs/ML2331/ML23319A341.pdf,"U.S. NRC, Compliance with Price-Anderson Act Provisions (10 CFR Part 140)",2026-05-30,b4c16cd54933bb47
S879,https://www.nrc.gov/waste/decommissioning/finan-assur,"U.S. NRC, Financial Assurance for Decommissioning",2026-05-30,aa5e9b5b033ee6e3
S880,https://www.nrc.gov/waste/decommissioning/finan-assur/bi-decom-reports,"U.S. NRC, Decommissioning Funding Status Reports",2026-05-30,8b5f50184bba4895
S881,https://www.ecfr.gov/current/title-10/chapter-I/part-50/subject-group-ECFRbe827381d095/section-50.75,"eCFR, 10 CFR 50.75 — Reporting and Recordkeeping for Decommissioning Planning",2026-05-30,5e3bb17c155f39ea
S882,https://www.iaea.org/topics/nuclear-liability-conventions,"IAEA, Nuclear Liability Conventions",2026-05-30,aa3e051d594491e2
S883,https://www.iaea.org/topics/nuclear-liability-conventions/convention-supplementary-compensation-nuclear-damage,"IAEA, Convention on Supplementary Compensation for Nuclear Damage",2026-05-30,cb64fac629d58db4
S884,https://www.iaea.org/topics/nuclear-liability-conventions/vienna-convention-on-civil-liability-for-nuclear-damage,"IAEA, Vienna Convention on Civil Liability for Nuclear Damage",2026-05-30,e2851949ffabe25d
S885,https://www.oecd-nea.org/jcms/pl_20196/paris-convention-on-third-party-liability-in-the-field-of-nuclear-energy-paris-convention-or-pc,"OECD NEA, Paris Convention on Third Party Liability in the Field of Nuclear Energy",2026-05-30,f5be856bdcc07966
S886,https://www.oecd-nea.org/jcms/pl_29282/brussels-convention-supplementary-to-the-paris-convention-on-third-party-liability-in-the-field-of-nuclear-energy-brussels-supplementary-convention-or-bsc,"OECD NEA, Brussels Supplementary Convention",2026-05-30,1af9274b95fc745a
S887,https://www.iaea.org/topics/funding-and-finance,"IAEA, Funding and Financing Nuclear Power Plants and Facilities",2026-05-30,64c699a2045892f5
S888,https://www.iaea.org/services/review-missions/integrated-review-service-for-radioactive-waste-and-spent-fuel-management-decommissioning-and-remediation-artemis,"IAEA, ARTEMIS Integrated Review Service for Waste, Spent Fuel, Decommissioning and Remediation",2026-05-30,7e3a88c7dd8ae19c
S889,https://www.oecd-nea.org/jcms/pl_103179/uranium-2024-resources-production-and-demand,"OECD NEA/IAEA, _Uranium 2024: Resources, Production and Demand_ (2025)",2026-05-30 upstream uranium refactor,c9883b9aa5e449dc
S890,https://www-pub.iaea.org/MTCD/Publications/PDF/Pub1406_web.pdf,"IAEA, _Best Practice in Environmental Management of Uranium Mining_ (2010)",2026-05-30 upstream uranium refactor,ac936e46a0bf63bf
S891,https://www.iaea.org/publications/5696/decommissioning-of-facilities-for-mining-and-milling-of-radioactive-ores-and-closeout-of-residues,"IAEA, _Decommissioning of Facilities for Mining and Milling of Radioactive Ores and Closeout of Residues_",2026-05-30 upstream uranium refactor,8af7acd3c097c767
S892,https://www.iaea.org/publications/7054/the-long-term-stabilization-of-uranium-mill-tailings,"IAEA, _The Long Term Stabilization of Uranium Mill Tailings_",2026-05-30 upstream uranium refactor,1eaf32463f16b6e3
S893,https://www.epa.gov/radiation/health-and-environmental-protection-standards-uranium-and-thorium-mill-tailings-40-cfr,"EPA, _Health and Environmental Protection Standards for Uranium and Thorium Mill Tailings — 40 CFR Part 192_",2026-05-30 upstream uranium refactor,63645810fb1a992d
S894,https://www.epa.gov/radiation/subpart-w-national-emission-standards-radon-emissions-operating-mill-tailings,"EPA, _Subpart W: National Emission Standards for Radon Emissions from Operating Mill Tailings_",2026-05-30 upstream uranium refactor,2101305a623a060d
S895,https://www.nrc.gov/info-finder/decommissioning/uranium/index,"NRC, _Locations of Uranium Recovery Sites Undergoing Decommissioning_",2026-05-30 upstream uranium refactor,d97a3d078ea3a559
S896,https://www.energy.gov/lm/articles/umtrca-title-i-and-ii-disposal-and-processing-sites-fact-sheet,"DOE Office of Legacy Management, _UMTRCA Title I & II Disposal and Processing Sites Fact Sheet_",2026-05-30 upstream uranium refactor,3715a24815610077
S897,https://www.epa.gov/navajo-nation-uranium-cleanup/aum-cleanup,"EPA, _Navajo Nation Abandoned Uranium Mines Cleanup_",2026-05-30 upstream uranium refactor,a3c2179e47ce1c38
S898,https://www.un.org/development/desa/indigenouspeoples/wp-content/uploads/sites/19/2018/11/UNDRIP_E_web.pdf,"United Nations, _United Nations Declaration on the Rights of Indigenous Peoples_ (2007)",2026-05-30 upstream uranium refactor,2a69e4d96951a133
S899,https://www-pub.iaea.org/MTCD/Publications/PDF/te_979_prn.pdf,"IAEA, _Environmental Impact Assessment for Uranium Mine, Mill and In Situ Leach Projects_",2026-05-30 upstream uranium refactor,4fc9362c766dcf39
S900,https://www.ncbi.nlm.nih.gov/books/NBK201032,"National Research Council, _Uranium Mining in Virginia: Scientific, Technical, Environmental, Human Health and Safety, and Regulatory Aspects of Uranium Mining and Processing in Virginia_ (2012)",2026-05-30 upstream uranium refactor,90d8e152681dbbfe
S901,https://www.iaea.org/newscenter/news/impact-of-climate-related-hazards-on-the-safety-of-nuclear-installations-experts-discuss,"IAEA, Impact of Climate Related Hazards on the Safety of Nuclear Installations: Experts Discuss",2026-05-30 climate resilience refactor,675a806313ef2e94
S902,https://www.iaea.org/topics/siting,"IAEA, Siting of Nuclear Facilities",2026-05-30 climate resilience refactor,cae3c74f73a283ed
S903,https://www.iaea.org/publications/15005/protection-against-internal-and-external-hazards-in-the-operation-of-nuclear-power-plants,"IAEA, Protection Against Internal and External Hazards in the Operation of Nuclear Power Plants",2026-05-30 climate resilience refactor,a04856e8263378f3
S904,https://www.iaea.org/services/review-missions/site-and-external-events-design-review-service-seed,"IAEA, Site and External Events Design Review Service (SEED)",2026-05-30 climate resilience refactor,be582c2cd5480a04
S905,https://www.ecfr.gov/current/title-10/chapter-I/part-50/section-50.63,"eCFR, 10 CFR 50.63 — Loss of all alternating current power",2026-05-30 climate resilience refactor,e0a2f1634181aa61
S906,https://www.ecfr.gov/current/title-10/chapter-I/part-50/section-50.47,"eCFR, 10 CFR 50.47 — Emergency plans",2026-05-30 climate resilience refactor,d588b3f339f02551
S907,https://www.nationalacademies.org/read/21874/chapter/5,"National Academies, Lessons Learned from the Fukushima Nuclear Accident, Phase 2 — Spent Fuel Storage",2026-05-30 climate resilience refactor,d0f87a1b1cfdd5f5
S908,https://www.iaea.org/bulletin/the-resilience-and-safety-of-nuclear-power-in-the-face-of-extreme-events,"IAEA Bulletin, The Resilience and Safety of Nuclear Power in the Face of Extreme Events",2026-05-30 climate resilience refactor,0610aa39de8cc943
S909,https://www-pub.iaea.org/MTCD/publications/PDF/PUB2103E_web.pdf,"IAEA, Design Considerations for Nuclear Power Plants Against Tsunami Hazards",2026-05-30 climate resilience refactor,a792dd41abc5e47f
S910,https://www-pub.iaea.org/MTCD/publications/PDF/p15876-PUB2124_web.pdf,"IAEA, Guidance for Reviewing Site Characteristics in Safety Analysis Reports for Nuclear Installations",2026-05-30 climate resilience refactor,98d9a0f2fd21d18a
S911,https://www-pub.iaea.org/MTCD/publications/PDF/PUB1968_web.pdf,"IAEA, Design of Nuclear Installations Against External Events Excluding Earthquakes",2026-05-30 climate resilience refactor,106dd2b3e9746103
S912,https://www.sciencedirect.com/science/article/pii/S2211467X24000725,"Portugal-Pereira et al., Exposure of future nuclear energy infrastructure to climate change hazards",2026-05-30 climate resilience refactor,42ef15a71ab828b3
S913,https://www.nrc.gov/security/cybersecurity,"NRC, Cybersecurity for Nuclear Power Plants",2026-05-30 cyber/digital/AI/OT refactor,5a6f69d29869a908
S914,https://www.ecfr.gov/current/title-10/chapter-I/part-73/subpart-F/section-73.54,"eCFR, 10 CFR 73.54 — Protection of digital computer and communication systems and networks",2026-05-30 cyber/digital/AI/OT refactor,bfb4ffbd8ab521fa
S915,https://www.nrc.gov/docs/ML2225/ML22258A204.pdf,"NRC Regulatory Guide 5.71, Revision 1 — Cyber Security Programs for Nuclear Power Reactors",2026-05-30 cyber/digital/AI/OT refactor,15093ea5de8a0656
S916,https://www-pub.iaea.org/MTCD/Publications/PDF/PUB1921_web.pdf,"IAEA Nuclear Security Series No. 17-T (Rev. 1), Computer Security Techniques for Nuclear Facilities",2026-05-30 cyber/digital/AI/OT refactor,3f6834b9cce7c000
S917,https://www.iaea.org/topics/computer-and-information-security,"IAEA, Computer and information security at nuclear facilities",2026-05-30 cyber/digital/AI/OT refactor,02f2501d438295d4
S918,https://csrc.nist.gov/pubs/sp/800/82/r3/final,"NIST SP 800-82 Rev. 3, Guide to Operational Technology Security",2026-05-30 cyber/digital/AI/OT refactor,013a66fa9aff854f
S919,https://www.nrc.gov/reactors/digital,"NRC, Digital Instrumentation and Control",2026-05-30 cyber/digital/AI/OT refactor,da2c4a8b89c696e2
S920,https://www.nrc.gov/reactors/digital/modernize,"NRC, Modernizing the Regulatory Infrastructure for Digital I&C",2026-05-30 cyber/digital/AI/OT refactor,7121a44149b99bc7
S921,https://csrc.nist.gov/pubs/sp/800/218/final,"NIST SP 800-218, Secure Software Development Framework Version 1.1",2026-05-30 cyber/digital/AI/OT refactor,3382974f730f995a
S922,https://www.cisa.gov/cross-sector-cybersecurity-performance-goals,"CISA, Cross-Sector Cybersecurity Performance Goals",2026-05-30 cyber/digital/AI/OT refactor,3f1197f675a6b8f2
S923,https://www.nrc.gov/reading-rm/doc-collections/gen-comm/reg-issues/2025/index,"NRC Regulatory Issue Summary 2025-01, Pre-Application Communication and Scheduling for Digital I&C Licensing Actions",2026-05-30 cyber/digital/AI/OT refactor,7a5083eb5905d95f
S924,https://www.cisa.gov/cybersecurity-performance-goals-2-0-cpg-2-0,"CISA, Cybersecurity Performance Goals 2.0",2026-05-30 cyber/digital/AI/OT refactor,8432556bf089a1d3
S925,https://www.nrc.gov/reading-rm/doc-collections/cfr/part073/part073-0055,"NRC, 10 CFR 73.55 — Requirements for physical protection of licensed activities in nuclear power reactors",2026-05-30 through 2026-06-01,eb9b58d516e99bc4
S926,https://www.ecfr.gov/current/title-10/chapter-I/part-73/subpart-A/section-73.1,"eCFR, 10 CFR 73.1 — Purpose, scope, and design basis threats",2026-05-30 through 2026-06-01,308652c8cf0ef1f5
S927,https://www.iaea.org/publications/8629/nuclear-security-recommendations-on-physical-protection-of-nuclear-material-and-nuclear-facilities-infcirc225revision-5,IAEA Nuclear Security Series No. 13 — Nuclear Security Recommendations on Physical Protection of Nuclear Material and Nuclear Facilities (INFCIRC/225/Rev. 5),2026-05-30 through 2026-06-01,03c2a3ee8867b829
S928,https://www.iaea.org/publications/11092/physical-protection-of-nuclear-material-and-nuclear-facilities-implementation-of-infcirc225revision-5,IAEA Nuclear Security Series No. 27-G — Physical Protection of Nuclear Material and Nuclear Facilities: Implementation of INFCIRC/225/Rev. 5,2026-05-30 through 2026-06-01,337b6d789e98fd8a
S929,https://www.nrc.gov/reading-rm/doc-collections/fact-sheets/force-on-force-bg,"NRC, Backgrounder on Force-on-Force Security Inspections",2026-05-30 through 2026-06-01,3ec42026944c522f
S930,https://www.nrc.gov/reading-rm/doc-collections/fact-sheets/bg-reactor-security-inspection,"NRC, Backgrounder on Realizing Efficiencies in the Reactor Security Inspection Program",2026-05-30 through 2026-06-01,1ed9e38c1c70416a
S931,https://www.nrc.gov/reading-rm/doc-collections/fact-sheets/fs-drone-pwr-plant-security,"NRC, Drones and Nuclear Power Plant Security",2026-05-30 through 2026-06-01,82fe99dc876e978f
S932,https://www.nrc.gov/reactors/operating/ops-experience/access-authorization,"NRC, Access Authorization Programs",2026-05-30 through 2026-06-01,904961da52f57a21
S933,https://www.ecfr.gov/current/title-10/chapter-I/part-73/subpart-G/section-73.56,"eCFR, 10 CFR 73.56 — Personnel access authorization requirements for nuclear power plants",2026-05-30 through 2026-06-01,48827b09361130af
S934,https://www.nrc.gov/docs/ML1521/ML15219A609.pdf,NRC Regulatory Guide 5.77 — Insider Mitigation Program,2026-05-30 through 2026-06-01,8c05b7a1401859de
S935,https://www.iaea.org/topics/transport-security,"IAEA, Transport security for nuclear and other radioactive material",2026-05-30 through 2026-06-01,2b32b1a168dcf28f
S936,https://www.nrc.gov/security/byproduct/10-cfr-part-37,"NRC, 10 CFR Part 37 — Physical Protection of Category 1 and Category 2 Quantities of Radioactive Material",2026-05-30 through 2026-06-01,f0fbfb60665c79e3
S937,https://www.iaea.org/publications/10983/self-assessment-of-nuclear-security-culture-in-facilities-and-activities,"IAEA, Self-assessment of Nuclear Security Culture in Facilities and Activities",2026-05-30 through 2026-06-01,cd2fccbce19fc5e1
S938,https://www.reuters.com/business/energy/us-nuclear-power-regulator-phases-out-agency-led-commando-drills-plants-2026-04-06,"Reuters, U.S. nuclear power regulator phases out agency-led force-on-force inspections at plants (2026)",2026-05-30 through 2026-06-01,9f8c9da23ef2c617
S939,https://www.nrc.gov/reading-rm/doc-collections/cfr/part020/full-text,"NRC, 10 CFR Part 20 — Standards for Protection Against Radiation",2026-05-30 through 2026-06-01,55f207c5f646c0c1
S940,https://www.nrc.gov/reading-rm/doc-collections/cfr/part050/part050-appi,"NRC, 10 CFR Part 50 Appendix I — Numerical Guides for Design Objectives for Light-Water-Cooled Nuclear Power Reactors",2026-05-30 through 2026-06-01,2348fababfef2764
S941,https://www.epa.gov/radiation/environmental-radiation-protection-standards-nuclear-power-operations-40-cfr-part-190,"EPA, Environmental Radiation Protection Standards for Nuclear Power Operations (40 CFR Part 190)",2026-05-30 through 2026-06-01,f313e1e3d40fb176
S942,https://www.ecfr.gov/current/title-40/chapter-I/subchapter-F/part-190,"eCFR, 40 CFR Part 190 — Environmental Radiation Protection Standards for Nuclear Power Operations",2026-05-30 through 2026-06-01,761c7f37022d92d1
S943,https://www.nrc.gov/reading-rm/doc-collections/fact-sheets/env-monitoring,"NRC, Backgrounder on Environmental Monitoring at Nuclear Power Plants",2026-05-30 through 2026-06-01,afd9d347df62ed23
S944,https://www.nrc.gov/reactors/operating/ops-experience/tritium/plant-info,"NRC, Radioactive Effluent and Environmental Reports",2026-05-30 through 2026-06-01,9549112765436cb7
S945,https://www.nrc.gov/reading-rm/doc-collections/fact-sheets/tritium-radiation-fs,"NRC, Backgrounder on Tritium, Radiation Protection Limits, and Drinking Water Standards",2026-05-30 through 2026-06-01,79c44c5834b0392d
S946,https://www.nrc.gov/reactors/operating/ops-experience/grndwtr-contam-tritium,"NRC, Groundwater Contamination (Tritium) at Nuclear Plants",2026-05-30 through 2026-06-01,dcf62b9c6d488a36
S947,https://www.iaea.org/publications/12197/regulatory-control-of-radioactive-discharges-to-the-environment,"IAEA GSG-9, Regulatory Control of Radioactive Discharges to the Environment",2026-05-30 through 2026-06-01,bc43659b718ff384
S948,https://www-pub.iaea.org/MTCD/Publications/PDF/Pub1216_web.pdf,"IAEA, Environmental and Source Monitoring for Purposes of Radiation Protection",2026-05-30 through 2026-06-01,376ebc1284e67b8c
S949,https://www.epa.gov/radnet,"EPA, RadNet",2026-05-30 through 2026-06-01,07ac684f36c08d2f
S950,https://www.epa.gov/dwreginfo/radionuclides-rule,"EPA, Radionuclides Rule",2026-05-30 through 2026-06-01,ab8341a65acf013c
S951,https://www.nrc.gov/docs/ml0913/ml091310141.pdf,"NRC Regulatory Guide 4.1, Radiological Environmental Monitoring for Nuclear Power Plants",2026-05-30 through 2026-06-01,0ce61c383bcd99be
S952,https://www.unscear.org/unscear/en/publications/scientific-reports.html,"UNSCEAR, Scientific Reports",2026-05-30 through 2026-06-01,de0d0d9fbd66de15
S953,https://www.nrc.gov/reading-rm/doc-collections/fact-sheets/emerg-plan-prep-nuc-power,"NRC, Backgrounder on Emergency Preparedness at Nuclear Power Plants",2026-06-01,89a3bd8dbc35e968
S954,https://www.nrc.gov/about-nrc/emerg-preparedness/about-emerg-preparedness/planning-zones,"NRC, Emergency Planning Zones",2026-06-01,77153602fa8e1cbb
S955,https://www.fema.gov/emergency-managers/practitioners/hazardous-response-capabilities/radiological,"FEMA, Radiological Emergency Preparedness",2026-06-01,953c2260e36b2b3c
S956,https://www.fema.gov/emergency-managers/practitioners/hazardous-response-capabilities/radiological/rep-program-manual,"FEMA, Radiological Emergency Preparedness Program Manual",2026-06-01,fb602176028a1e83
S957,https://www.ecfr.gov/current/title-10/chapter-I/part-50/subject-group-ECFR89aa6ca4aada73c/appendix-Appendix%20E%20to%20Part%2050,"eCFR, 10 CFR Part 50 Appendix E — Emergency Planning and Preparedness for Production and Utilization Facilities",2026-06-01,4801f41609b1df94
S958,https://www.nrc.gov/about-nrc/emerg-preparedness/regs-guidance-comm.html,"NRC, Emergency Preparedness Regulations, Guidance, and Generic Communications",2026-06-01,4886dedd1aa5af2a
S959,https://www.nrc.gov/about-nrc/emerg-preparedness/about-emerg-preparedness/potassium-iodide-use.html,"NRC, Use of Potassium Iodide",2026-06-01,ad8282bfbdfa9e11
S960,https://www.cdc.gov/radiation-emergencies/treatment/potassium-iodide.html,"CDC, Potassium Iodide (KI) — Radiation Emergencies",2026-06-01,b320010fdc9d5aef
S961,https://www.fda.gov/emergency-preparedness-and-response/mcm-issues/radiological-and-nuclear-emergency-preparedness,"FDA, Radiological and Nuclear Emergency Preparedness",2026-06-01,410fd6b9e3242076
S962,https://www.epa.gov/radiation/protective-action-guides-pags,"EPA, Protective Action Guides",2026-06-01,228e2dd51b68dad8
S963,https://remm.hhs.gov,"HHS REMM, Radiation Emergency Medical Management",2026-06-01,c15c528a8c4d8a7e
S964,https://www.osha.gov/emergency-preparedness/radiation/response,"OSHA, Radiation Emergency Preparedness and Response",2026-06-01,7e3a64a45c97ec20
S965,https://www.federalregister.gov/documents/2023/11/16/2023-25163/emergency-preparedness-for-small-modular-reactors-and-other-new-technologies,"Federal Register, Emergency Preparedness for Small Modular Reactors and Other New Technologies",2026-06-01,9762e171e0df6494
S966,https://preptoolkit.fema.gov/web/fema-repp-academy/professional-development,"FEMA REPP Academy, Professional Development",2026-06-01,e40eb86fe3051e63
S967,https://www.law.cornell.edu/cfr/text/10/50.47,"LII/eCFR, 10 CFR 50.47 — Emergency plans",2026-06-04,92d107fee567203e
S968,https://www.law.cornell.edu/cfr/text/10/50.160,"LII/eCFR, 10 CFR 50.160 — Emergency preparedness for SMRs, non-LWRs, and NPUFs",2026-06-04,86a3d1dfd9de73ea
S969,https://www.nrc.gov/docs/ML2506/ML25065A240.pdf,NRC Regulatory Guide 1.101 Revision 7 — Emergency Response Planning and Preparedness for Nuclear Power Reactors,2026-06-04,9e76818bd8041f4e
S970,https://www.cdc.gov/radiation-emergencies/media/pdfs/2024/04/population-monitoring-guide.pdf,"CDC, Population Monitoring in Radiation Emergencies — Guide for State and Local Public Health Planners",2026-06-04,1964bacd9f4990e4
S971,https://www.epa.gov/sites/default/files/2017-01/documents/epa_pag_manual_final_revisions_01-11-2017_cover_disclaimer_8.pdf,"EPA, PAG Manual — Protective Action Guides and Planning Guidance for Radiological Incidents",2026-06-04,343f75827b31c8bb
S972,https://www.ecfr.gov/current/title-10/chapter-I/part-50/subject-group-ECFRdf2af20f8a72d91/section-50.47,"eCFR, 10 CFR 50.47 — Emergency plans",2026-06-04,8a82415990eefa43
S973,https://www.ecfr.gov/current/title-10/chapter-I/part-50/subject-group-ECFR89aa6ca4aada73c/section-50.160,"eCFR, 10 CFR 50.160 — Emergency preparedness for SMRs, non-LWRs, and NPUFs",2026-06-04,00a56e187b2ae7d0
S974,https://www.fema.gov/emergency-managers/practitioners/hazardous-response-capabilities/radiological/rep-program-manual,"FEMA, Radiological Emergency Preparedness Program Manual current page",2026-06-04,fb602176028a1e83
S975,https://www.nrc.gov/reading-rm/doc-collections/nuregs/staff/sr0654/r2/index,"NRC, NUREG-0654/FEMA-REP-1 Revision 2 publication page",2026-06-04,a643a05f71c39ba6
S976,https://www.fema.gov/sites/default/files/documents/fema_rep_standard-operating-guide_012026.pdf,"FEMA, Radiological Emergency Preparedness Program Standard Operating Guide, January 2026",2026-06-04,51c177aa397710b7
S977,https://www.cdc.gov/radiation-emergencies/media/pdfs/2024/04/POD_to_CRC_Planning_Tool-508.pdf,"CDC, Planning for Community Reception Centers — POD to CRC Planning Tool",2026-06-04,53c70a1df6ce955c
S978,https://www.cdc.gov/radiation-emergencies/media/pdfs/2024/04/operating-public-shelters-1.pdf,"CDC, A Guide to Operating Public Shelters in a Radiation Emergency",2026-06-04,81cfbecd4a789b18
S979,https://www.nrc.gov/docs/ML1606/ML16061A104.pdf,NRC Regulatory Guide 1.219 Revision 1 — Guidance on Making Changes to Emergency Plans for Nuclear Power Reactors,manual web review 2026-06-04,49a86172691846ff
S980,https://www.ecfr.gov/current/title-10/chapter-I/part-50/subject-group-ECFR2f76ac8b7f9e21e/section-50.54,"eCFR, 10 CFR 50.54(q) — Conditions of licenses; emergency plan maintenance and change requirements",manual web review 2026-06-04,859e030561aa3fae
S981,https://www.cdc.gov/radiation-emergencies/php/population-monitoring/index.html,"CDC, Population Monitoring — Radiation Emergencies landing page",manual web review 2026-06-04,d45b4b42ef5c6c33
S982,https://www.cdc.gov/radiation-emergencies/response/community-reception-centers.html,"CDC, Community Reception Centers — Radiation Emergencies",manual web review 2026-06-04,af1e81807725b67f
S983,https://www.nrc.gov/docs/ML1525/ML15254A401.pdf,NRC Inspection Procedure 71114.05 — Maintenance of Emergency Preparedness,manual web review 2026-06-04,b41ca339ad1e25d3
S984,https://www.nrc.gov/docs/ML1524/ML15245A748.pdf,NRC Inspection Procedure 71114.04 — Emergency Action Level and Emergency Plan Changes,manual web review 2026-06-04,537fd69cf973ac62
S985,https://www.nrc.gov/reading-rm/doc-collections/nuregs/contract/cr7002/r1/index,"NRC, NUREG/CR-7002 Revision 1 — Criteria for Development of Evacuation Time Estimate Studies",manual web review 2026-06-04,e9473fb66dc396e9
S986,https://www.fema.gov/emergency-managers/practitioners/integrated-public-alert-warning-system,"FEMA, Integrated Public Alert & Warning System",manual web review 2026-06-04,004dd139672da39c
S987,https://www.cdc.gov/radiation-emergencies/php/population-monitoring/crc-simpler.html,"CDC, CRC SimPLER — Community Reception Center resource estimation tool",manual web review 2026-06-04,8eaea91cc1edf57b
S988,https://www.nrc.gov/reading-rm/doc-collections/fact-sheets/emerg-plan-prep-nuc-power.html,"NRC, Backgrounder on Emergency Preparedness at Nuclear Power Plants",manual web review 2026-06-04,457145ec7a2b1c1a
S989,https://www.nrc.gov/about-nrc/emerg-preparedness/about-emerg-preparedness/potassium-iodide-use,"NRC, Use of Potassium Iodide in Emergency Preparedness",manual web review 2026-06-04,048f1251e5a1e0d3
S990,https://www.epa.gov/radiation/protective-action-guides-pags,"EPA, Protective Action Guides for Radiological Incidents current page",manual web review 2026-06-04,228e2dd51b68dad8
S991,https://www.nrc.gov/about-nrc/emerg-preparedness/regs-guidance-comm,"NRC, Regulations, Guidance, and Generic Communications for Emergency Preparedness",manual web review 2026-06-04,ec67c80b9c5e0145
S992,https://www.nrc.gov/reactors/new-reactors/advanced/modernizing/rulemaking/emergency-preparedness,"NRC, Emergency Preparedness Rulemaking for SMRs and Other New Technologies",manual web review 2026-06-04,9b744b5bf5035ca7
S993,https://www.cdc.gov/radiation-emergencies/php/population-monitoring/crc-etool.html,"CDC, Community Reception Center Electronic Data Collection Tool",manual web review 2026-06-04,ab958b48ff5639fd
S994,https://www.ecfr.gov/current/title-10/chapter-I/part-50/subject-group-ECFR89aa6ca4aada73c/appendix-Appendix%20E%20to%20Part%2050,"eCFR, Appendix E to 10 CFR Part 50 — Emergency Planning and Preparedness",manual web review 2026-06-04,4801f41609b1df94
S995,https://www.fema.gov/emergency-managers/practitioners/hazardous-response-capabilities/radiological,"FEMA, Radiological Emergency Preparedness current program page",manual web review 2026-06-04,953c2260e36b2b3c
S996,https://www.nrc.gov/reactors/operating/oversight/rop-description/cornerstone,"NRC, Inspection Manual by Cornerstone — Reactor Oversight Process",manual web review 2026-06-04,d2f757c191980e2d
S997,https://www.nrc.gov/reactors/operating/oversight/docket-pi,"NRC, Quarterly Performance Indicators public page",manual web review 2026-06-04,ec6c3e172435d35e
S998,https://www.nrc.gov/reactors/operating/oversight/rop-description,"NRC, ROP Framework description and color semantics",manual web review 2026-06-04,44bdb16480873349
S999,https://www.nrc.gov/reactors/operating/oversight/rop-description/cornerstone,"NRC, Emergency Preparedness performance indicators EP01 EP02 EP03 retired EP04 current threshold page",manual web review 2026-06-04,d2f757c191980e2d
S1000,https://www.nrc.gov/reactors/operating/oversight/actionmatrix-summary,"NRC, Reactor Oversight Process Action Matrix Summary",manual web review 2026-06-04,53920e84e75fdc85
S1001,https://www.nrc.gov/reactors/operating/oversight/plant-by-plant-summaries,"NRC, Plant-by-Plant Quarterly Performance Summaries",manual web review 2026-06-04,8ea908e2358b5ccb
S1002,https://www.nrc.gov/reading-rm/doc-collections/event-status/event/index,"NRC, Event Notification Reports index and raw-data feed",manual web review 2026-06-04,06566e1392f4cf18
S1003,https://www.nrc.gov/reactors/operating/oversight/pi-summary,"NRC, Reactor Oversight Process Performance Indicators summary page",manual web review 2026-06-04,7ee60cc58b1ecee5
S1004,https://www.fema.gov/sites/default/files/documents/fema_rep_standard-operating-guide_012026.pdf,"FEMA, Radiological Emergency Preparedness Program Standard Operating Guide, January 2026",manual web review 2026-06-04,51c177aa397710b7
S1005,https://www.cdc.gov/radiation-emergencies/php/training/rad-crc-operations.html,"CDC, CRC Operations in Radiation Emergencies",manual web review 2026-06-04,3e5632e450ca88f0
S1006,https://www.cdc.gov/radiation-emergencies/response/community-reception-centers.html,"CDC, Community Reception Centers — Radiation Emergencies",manual web review 2026-06-04,af1e81807725b67f
S1007,https://www.nrc.gov/about-nrc/emerg-preparedness/about-emerg-preparedness/exercise-schedules,"NRC, Emergency Exercise Schedule",manual web review 2026-06-04,7e591220a5641ecc
S1008,https://www.fema.gov/emergency-managers/practitioners/hazardous-response-capabilities/radiological/rep-program-manual,"FEMA, Radiological Emergency Preparedness Program Manual current page",manual web review 2026-06-04,fb602176028a1e83
S1009,https://www.nrc.gov/reading-rm/doc-collections/event-status/reactor-status/index,"NRC, Power Reactor Status Reports index and raw-data feed",manual web review 2026-06-04,30bef428ab25495f
S1010,https://www.nrc.gov/reading-rm/doc-collections/event-status/event/2026/20260316en,"NRC, Event Notification Report for March 16, 2026, Event Number 58200, Beaver Valley",manual web review 2026-06-04,b68f717cbc722c58
S1011,https://www.nrc.gov/reactors/operating/oversight/docket-pi,"NRC, Beaver Valley Unit 1 Quarterly Performance Indicators, 2026Q1",manual web review 2026-06-04,ec6c3e172435d35e
S1012,https://www.fema.gov/press-release/20260529/fema-evaluate-readiness-commonwealth-pennsylvania-and-state-west-virginia,"FEMA, Beaver Valley REP exercise notice for week of June 8, 2026",manual web search review 2026-06-04; full page fetch blocked in runtime,c33ce673680db29a
S1013,https://www.nrc.gov/data/index,"NRC, Data index for high-value operating reactor datasets",manual web review 2026-06-04,e91266778887c715
S1014,https://catalog.data.gov/dataset/operating-reactor-analytics-performance-indicators,"Data.gov, NRC Operating Reactor Analytics Performance Indicators metadata",manual web review 2026-06-04,dffe58f05d457ccb
S1015,https://catalog.data.gov/dataset/operating-reactor-analytics-action-matrix,"Data.gov, NRC Operating Reactor Analytics Action Matrix metadata",manual web review 2026-06-04,c2af462dea8fb327
S1016,https://www.nrc.gov/sites/default/files/doc_library/reading-rm/doc-collections/event-status/event/event-notification-rpt-lastmonth.txt,"NRC, Reactor Event Notification Report raw last-month text feed",manual web review 2026-06-04; direct raw feed not downloaded in cloudtainer runtime unless separately acquired,a96909c9fa8a566d
S1017,https://www.nrc.gov/cdn/data/rango/action_matrix_all.tsv,"NRC/Data.gov, Operating Reactor Action Matrix raw TSV resource",manual web review 2026-06-04; direct raw feed not downloaded in cloudtainer runtime unless separately acquired,641d414ccf473a8c
S1018,https://www.nrc.gov/sites/default/files/doc_library/cdn/legacy/reactors/operating/oversight/pi-value-dataset.xls,"NRC, Operating Reactor Performance Indicator raw data file",manual web review 2026-06-04; direct raw feed not downloaded in cloudtainer runtime unless separately acquired,ec5ee1097363fc63
S1019,https://www.nrc.gov/sites/default/files/doc_library/cdn/legacy/about-nrc/emerg-preparedness/about-emerg-preparedness/exercise-schedules/biennial-ep-exercise-schedule.xlsx,"NRC, Biennial Evaluated Emergency Exercise Schedule raw XLSX resource",manual web review 2026-06-04; direct raw feed not downloaded in cloudtainer runtime unless separately acquired,1195932442170c48
S1020,https://www.pa.gov/agencies/ready/hazards/radiation-emergency,"Ready PA, Radiation Emergency public page",manual web review 2026-06-04; direct raw feed not downloaded in cloudtainer runtime unless separately acquired,17f4587a9ec2514a
S1021,https://www.beavercountypa.gov/getmedia/a8527d90-6d9c-42a7-9540-0e4788bddcd8/EPI_BeaverValley_Beaver_mailer-2025-2026.pdf,"Beaver County, PA, Beaver Valley 2025/2026 Emergency Preparedness Information mailer PDF",manual web review 2026-06-04; direct raw feed not downloaded in cloudtainer runtime unless separately acquired,e0228118bcfd4d4c
S1022,https://ccoema.org/images/pdf/2026Forms/RERP%20Rev%2038%202026.pdf,"Columbiana County, Ohio, Beaver Valley Power Station Radiological Emergency Response Plan, Rev. 38, January 2026",manual web review 2026-06-04; direct raw feed not downloaded in cloudtainer runtime unless separately acquired,1a06679cddc90300
S1023,https://www.pa.gov/content/dam/copapwp-pagov/en/pema/documents/about-us/pema%20strategic%20plan.pdf,Pennsylvania Emergency Management Agency Strategic Plan 2025-2027,manual web review 2026-06-04; direct raw feed not downloaded in cloudtainer runtime unless separately acquired,443c5b05c2b7fb3d
S1024,https://www.nrc.gov/reactors/operating/oversight/docket-pi,"NRC, Beaver Valley Unit 2 Quarterly Performance Indicators, 2026Q1",manual web review 2026-06-04; direct raw feed not downloaded in cloudtainer runtime unless separately acquired,ec6c3e172435d35e
S1025,https://www.nrc.gov/cdn/data/rango/all_pi_values.tsv,"NRC/Data.gov, Operating Reactor Analytics Performance Indicators TSV resource",2026-06-04,ddea5a6b12d6bcec
S1026,https://catalog.data.gov/dataset/nrc-biennial-evaluated-emergency-exercise-schedule,"Data.gov, NRC Biennial Evaluated Emergency Exercise Schedule metadata and XLS distribution",2026-06-04,a6f29f1836499d9e
S1027,https://www.nrc.gov/about-nrc/emerg-preparedness/about-emerg-preparedness/exercise-schedules,"NRC, Emergency Exercise Schedule page",2026-06-04,7e591220a5641ecc
S1028,https://preptoolkit.fema.gov/web/fema-repp-academy/exercise-calendar,"FEMA REPP Academy, Exercise Calendar page",2026-06-04,56237436cda4691b
S1029,https://www.pa.gov/content/dam/copapwp-pagov/en/pema/documents/preparedness/power-plant-safety/beaver-valley-power-station-fact%20sheet.pdf,"Pennsylvania Emergency Management Agency, Beaver Valley Power Station Fact Sheet PDF",2026-06-04 rev0316 URL corrected; public numeric ETE/mass-care extraction audited,a6ef66ec5f7361f1
S1030,https://emd.wv.gov/Preparedness/REP%20Program/Documents/Annex%2020-%20Support%20Plans%20Issue%209%20Revision%203.pdf,"West Virginia Emergency Management, Annex 20 Support Plans Issue 9 Revision 3 PDF",2026-06-04,34636f6d293b4d6f
S1031,https://www.pa.gov/content/dam/copapwp-pagov/en/pema/documents/preparedness/power-plant-safety/nuclear-power-plant-exercise-dates.pdf,"Pennsylvania Emergency Management Agency, USNRC Region I Evaluated Exercise 8-Year Schedule PDF",2026-06-04,643c3c538649f1fb
S1032,https://www.gao.gov/products/gao-13-243,"GAO-13-243, Emergency Preparedness: NRC Needs to Better Understand Likely Public Response to Radiological Incidents at Nuclear Power Plants",2026-06-04,45a2bf69de0304d0
S1033,https://www.nrc.gov/reading-rm/doc-collections/fact-sheets/emerg-plan-prep-nuc-power,"NRC, Emergency Planning and Preparedness for Nuclear Power Plants fact sheet",2026-06-04,89a3bd8dbc35e968
S1034,https://empowerprogram.hhs.gov/de-identified-dataset.html,"HHS emPOWER Program, Emergency Planning De-identified Dataset",2026-06-04,5b7dfa260ae0d2b9
S1035,https://www.cdc.gov/environmental-health-tracking/php/data-research/preparedness-response.html,"CDC Environmental Public Health Tracking, Preparedness and Response data resources",2026-06-04,c1abff190e0c2a03
S1036,https://www.pa.gov/content/dam/copapwp-pagov/en/pema/documents/preparedness/power-plant-safety/beaver-valley-power-station-fact%20sheet.pdf,"Pennsylvania Emergency Management Agency, Beaver Valley Power Station Fact Sheet PDF, corrected numeric extraction source",manual web review 2026-06-04; PEMA fact-sheet ETE and mass-care rows normalized in rev0316,a6ef66ec5f7361f1
S1037,https://preptoolkit.fema.gov/web/hseep-resources/improvement-planning,"FEMA / Preparedness Toolkit, HSEEP Improvement Planning resources",manual web review 2026-06-04,fabcf5013460afb9
S1038,https://preptoolkit.fema.gov/web/fema-repp-academy/program-requirements,"FEMA REPP Academy, Program Requirements and REP Program Manual context",manual web review 2026-06-04,00a94fd8174a0ed7
S1039,https://www.beavercountypa.gov/departments/emergency-services/beaver-valley-power-station-emergency-information,"Beaver County, PA, Beaver Valley Power Station Emergency Information page",manual web review 2026-06-04,df70b7d6361533d2
S1040,https://dam.assets.ohio.gov/image/upload/ema.ohio.gov/Documents/Ohio_EOP/2025-Ohio-REP-Plan.pdf,"Ohio Emergency Management Agency, 2025 State of Ohio Radiological Emergency Preparedness Plan for Nuclear Power Plants","manual web review 2026-06-04; page 1 confirms Ohio within BVPS 10-mile EPZ; pages 258-259 list KLD Aug 29 2022, WV REP 2023, Columbiana County plan 2025",e66919240f7b43ea
S1041,https://www.hancockcountyhealthdepartment.com/news/ki-distribution-for-hancock-county-residents,"Hancock County Health Department, KI Distribution for Hancock County Residents","manual web review 2026-06-04; KI distribution page for residents living, working, or attending school within ten-mile BVPS EPZ",1fa03f5743750bd8
S1042,https://www.nrc.gov/docs/ML1300/ML13007A078.pdf,"NRC ADAMS public document ML13007A078 / KLD TR-495 Rev. 2, Beaver Valley Power Station Development of Evacuation Time Estimates, December 2012",search-result review 2026-06-04; official NRC PDF endpoint intermittently blocked; treated only as historical source-clock context,2a437698d26b1032
S1043,https://www.ecfr.gov/current/title-10/chapter-I/part-50/subject-group-ECFR89aa6ca4aada73c/appendix-Appendix%20E%20to%20Part%2050,"eCFR, 10 CFR Part 50 Appendix E, emergency planning and evacuation-time-estimate update provisions",manual web review 2026-06-04,4801f41609b1df94
S1044,https://training.fema.gov/is/courseoverview.aspx,FEMA EMI IS-247.C Integrated Public Alert and Warning System for Alert Originators,manual web review 2026-06-04,150a9ab02455e946
S1045,https://kldassociates.com/nuclear-power-plant-evacuation,"KLD Associates, Nuclear Power Plant Evacuation overview",manual web review 2026-06-04,98cd926bc3270d50
S1046,https://www.nrc.gov/reading-rm/doc-collections/gen-comm/reg-issues/2001/ri01016.html,"NRC Regulatory Issue Summary 2001-016, Update of Evacuation Time Estimates",manual web review 2026-06-04,dd916d5744d02d82
S1047,https://emd.wv.gov/state-emergency-operations-plan,"West Virginia Emergency Management, State Emergency Operations Plan public page",manual web review 2026-06-04; page states State Emergency Operations Plan under construction,5e7a6ac546bb7d3d
S1048,https://agri.ohio.gov/divisions/food-safety/resources/emergency-preparedness,"Ohio Department of Agriculture, Emergency Preparedness / radiological emergency agriculture resources page",manual web review 2026-06-04; page points to radiological emergency information for food producers/processors/distributors,79b680267eee1e11
S1049,https://preptoolkit.fema.gov/documents/d/tech-hazards/2024-beaver-valley-power-station-biennial-exercise-aar-final-pa,"FEMA PrepToolkit, 2024 Beaver Valley Power Station Biennial Exercise AAR Final — Pennsylvania","manual web/PDF review 2026-06-04; PA report states no Level 1 findings, one Level 2 closed, two plan issues with one PEMA plan issue open",378a75b7b8ad9f93
S1050,https://preptoolkit.fema.gov/documents/d/tech-hazards/2024-beaver-valley-power-station-biennial-exercise-aar-final-wv,"FEMA PrepToolkit, 2024 Beaver Valley Power Station Biennial Exercise AAR Final — West Virginia","manual web/PDF review 2026-06-04; WV report states no Level 1 findings, two Level 2 findings, two plan issues, with WV EOC/Public Information Level 2 open at publication",6a169ac5773e98d0
S1051,https://preptoolkit.fema.gov/documents/d/tech-hazards/2024-bvps-letter-and-aar-1,"FEMA PrepToolkit, 2024 BVPS Letter and AAR — Ohio / Columbiana County","manual web/PDF review 2026-06-04; Region 5 letter states no Level 1 findings, no Level 2 findings, and no plan issues for State of Ohio and Columbiana County",099433d5d16dbac1
S1052,https://preptoolkit.fema.gov/web/tech-hazards/documents-and-media/-/document_library/RXo7O6Z3XD3C/view/38327070,"FEMA PrepToolkit, Region 3 Beaver Valley AAR folder listing",manual web review 2026-06-04; listing shows 2024 PA/WV AARs plus 2022/2023/2025 hospital and prior AAR artifacts,c78f4a544dd51230
S1053,https://wvpublic.org/story/energy-environment/federal-test-of-states-nuclear-emergency-response-set-for-next-week,"West Virginia Public Broadcasting, 2024 Beaver Valley federal exercise public-report timing context",manual web review 2026-06-04; article states final report would be publicly available about four months after the 2024 exercise,b14a414d4753064c
S1054,https://www.wdtv.com/2024/06/06/fema-scheduled-test-nuclear-incident-preparedness-beaver-valley-power-station,"WDTV, 2024 Beaver Valley FEMA preparedness exercise public-report timing context",manual web review 2026-06-04; article states a final report would be available approximately 120 days after the 2024 exercise,fbe94c3a5b23c882
S1055,https://www.fema.gov/emergency-managers/practitioners/hazardous-response-capabilities/radiological,FEMA Radiological Emergency Preparedness Program public page,manual web review 2026-06-04; page describes FEMA coordination of radiological emergency preparedness planning,953c2260e36b2b3c
S1056,https://www.fema.gov/press-release/20260529/fema-evaluate-readiness-commonwealth-pennsylvania-and-state-west-virginia,FEMA 2026 Beaver Valley exercise notice — Pennsylvania and West Virginia readiness evaluation,manual web review 2026-06-04; exercise scheduled for week of June 8 2026 to assess Pennsylvania and West Virginia readiness,c33ce673680db29a
S1057,https://www.fcc.gov/emergency-alert-system,"FCC, Emergency Alert System public warning system page",manual web review 2026-06-04; FCC page describes EAS as a national public warning system used by state and local authorities,afd44a8152a544d4
S1058,https://www.fcc.gov/public-safety-and-homeland-security/policy-and-licensing-division/alerting/general/wireless,"FCC, Wireless Emergency Alerts public safety page",manual web review 2026-06-04; page tracks WEA public-safety policy and modernization context,3a6e20dccd82f1e0
S1059,https://www.nrc.gov/reading-rm/doc-collections/event-status/reactor-status/ps,"NRC, Power Reactor Status Report for June 04 2026",manual web review 2026-06-04; report lists Beaver Valley 1 and 2 at 100 percent power and labels data as unevaluated information provided by facility,af1e7786f54d4ec7
S1060,https://www.fema.gov/sites/default/files/documents/fema_ipaws-best-practices-guide.pdf,FEMA IPAWS Best Practices Guide,manual web/search review 2026-06-04; guide supports templates and best practices for alerting software and WEA/EAS/IPAWS use,119ffdb7e3522393
S1061,https://www.fema.gov/press-release/20260529/fema-evaluate-readiness-commonwealth-pennsylvania-and-state-west-virginia,"FEMA Region 3, Beaver Valley Power Station biennial exercise notice for week of June 8, 2026",2026-06-04,c33ce673680db29a
S1062,https://www.nrc.gov/about-nrc/emerg-preparedness/about-emerg-preparedness/exercise-schedules,NRC Emergency Exercise Schedule,2026-06-04,7e591220a5641ecc
S1063,https://preptoolkit.fema.gov/web/hseep-resources/improvement-planning,FEMA PrepToolkit HSEEP Improvement Planning resources,2026-06-04,fabcf5013460afb9
S1064,https://www.fema.gov/emergency-managers/practitioners/integrated-public-alert-warning-system,FEMA Integrated Public Alert & Warning System (IPAWS),2026-06-04,004dd139672da39c
S1065,https://www.fcc.gov/emergency-alert-system,FCC Emergency Alert System,2026-06-04,afd44a8152a544d4
S1066,https://www.fcc.gov/public-safety-and-homeland-security/policy-and-licensing-division/alerting/general/wireless,FCC Wireless Emergency Alerts,2026-06-04,3a6e20dccd82f1e0
S1067,https://www.nrc.gov/reading-rm/doc-collections/event-status/event/2026/20260316en,"NRC Event Notification 58200, Beaver Valley EOF power loss",2026-06-04,b68f717cbc722c58
S1068,https://www.ready.gov/alerts,Ready.gov Emergency Alerts,2026-06-04,4c0be7c0f7e47d9e
S1069,https://preptoolkit.fema.gov/web/hseep-resources/policy-and-guidance,FEMA PrepToolkit HSEEP Policy and Guidance,"manual web review 2026-06-04; page states HSEEP provides common approach to exercise program management, design/development, conduct, evaluation, and improvement planning",fbf41c89132e5138
S1070,https://preptoolkit.fema.gov/web/hseep-resources/eegs,FEMA PrepToolkit Exercise Evaluation Guides,"manual web review 2026-06-04; EEGs support data collection, assessments, AAR development, and mapping exercise results to objectives and critical tasks",6ba56b68fb5c3d90
S1071,https://training.fema.gov/is/courseoverview.aspx,FEMA EMI IS-130.A How to be an Exercise Evaluator,"manual web review 2026-06-04; course describes evaluator roles/responsibilities, tools, evaluation tasks, and exercise-data analysis methods",150a9ab02455e946
S1072,https://training.fema.gov/is/courseoverview.aspx,FEMA EMI IS-247.C Integrated Public Alert and Warning System for Alert Originators,manual web review 2026-06-04; course objectives include drafting appropriate/effective/accessible alerts and training/testing/exercising with IPAWS,150a9ab02455e946
S1073,https://www.fema.gov/openfema-data-page/ipaws-archived-alerts-v1,FEMA OpenFEMA IPAWS Archived Alerts dataset,"manual web review 2026-06-04; dataset contains recent, historic and archived IPAWS CAP v1.2 messages from June 2012 to present",eec82e6fe72ab2fb
S1074,https://gis.fema.gov/arcgis/rest/services/FEMA/IPAWS_Archive/FeatureServer,FEMA/IPAWS Archive ArcGIS FeatureServer latest six-month archive,manual web review 2026-06-04; service describes latest six-month CAP records and notes a twenty-four-hour publication delay,ebebf0a8f5c93fe2
S1075,https://www.fema.gov/emergency-managers/practitioners/integrated-public-alert-warning-system/public-safety-officials/alerting-authorities,FEMA IPAWS Alerting Authorities and Message Viewer context,manual web review 2026-06-04; page describes Message Viewer as verification support for alert tests and exercises,c2e098b8f12118da
S1076,https://www.fema.gov/emergency-managers/practitioners/integrated-public-alert-warning-system/technology-developers/common-alerting-protocol,FEMA Common Alerting Protocol page,manual web review 2026-06-04; page describes CAP as a digital format for consistent simultaneous dissemination across alert systems,9499e7e989d12b5c
S1077,https://docs.oasis-open.org/emergency/cap/v1.2/CAP-v1.2-os.html,OASIS Common Alerting Protocol Version 1.2 standard,manual web review 2026-06-04; standard used for CAP field profile validation,588bc44857338cf1
S1078,https://www.fema.gov/sites/default/files/documents/fema_ipaws-best-practices-guide.pdf,FEMA IPAWS Best Practices Guide,manual web review 2026-06-04; used for alert channel and message practice context,119ffdb7e3522393
S1079,https://github.com/FEMA/openfema-samples/blob/master/dataset-samples/ipaws_archived_alerts.md,FEMA OpenFEMA IPAWS Archived Alerts query examples,manual web review 2026-06-04; examples note hierarchical dataset and offline post-processing needs,39ce3b6078746be1
S1080,https://www.fema.gov/emergency-managers/practitioners/integrated-public-alert-warning-system/public-safety-officials/tips,FEMA IPAWS Tips for public safety officials,manual web review 2026-06-04; page summarizes primary IPAWS alert pathways,3dad2c89bf4ad636
S1081,https://www.fema.gov/about/openfema/api,FEMA OpenFEMA API documentation,manual web review 2026-06-04; OpenFEMA API read-only query interface and parameters,2c140aad986d02bc
S1082,https://www.fema.gov/about/openfema/data-sets,FEMA OpenFEMA data sets page,"manual web review 2026-06-04; dataset pages include downloadable files, data dictionaries and endpoint guidance",5c2cc23935f1a367
S1083,https://www.fema.gov/about/openfema/changelog,FEMA OpenFEMA changelog — IPAWS object-name change note,manual web review 2026-06-04; Jan 2026 changelog notes IPAWS CAP object-name correspondence changes,0f5b928e1215d4c9
S1084,https://gis.fema.gov/arcgis/rest/services/FEMA/IPAWS_Archive/FeatureServer,FEMA IPAWS Archive ArcGIS FeatureServer,manual web review 2026-06-04; service description says latest six months and 24-hour delay,ebebf0a8f5c93fe2
S1085,https://catalog.data.gov/dataset/ipaws-archived-alerts/resource/a1c4a4e4-a4a3-49a9-acd7-1f14de85acfa,Data.gov IPAWS Archived Alerts web resource,manual web review 2026-06-04; federal catalog resource for IPAWS archive distribution,af033fbbb401ec56
S1086,https://www.nrc.gov/data/index,NRC Data page — high-value data surfaces,manual web review 2026-06-04; public datasets and high-value data surfaces for NRC feeds,e91266778887c715
S1087,https://csrc.nist.gov/pubs/fips/180-4/upd1/final,NIST FIPS 180-4 Secure Hash Standard,manual web review 2026-06-04; standard specifies secure hash algorithms and message digests used to detect changes,c79fb6b681236241
S1088,https://csrc.nist.gov/projects/hash-functions,NIST CSRC Hash Functions project,manual web review 2026-06-04; page summarizes FIPS 180-4 hash algorithms including SHA-256 and the SHA-2 family,81c92ed93678786e
S1089,https://www.fema.gov/emergency-managers/national-preparedness/exercises/hseep,FEMA Homeland Security Exercise and Evaluation Program,manual web review 2026-06-04; HSEEP describes evaluation and improvement planning as part of exercise programs,1f928ca3851526fa
S1090,https://preptoolkit.fema.gov/web/hseep-resources/improvement-planning,FEMA PrepToolkit HSEEP Improvement Planning,manual web review 2026-06-04; improvement planning describes corrective actions monitored and implemented through improvement plans,fabcf5013460afb9
S1091,https://www.fema.gov/emergency-managers/practitioners/integrated-public-alert-warning-system/public-safety-officials/sign-up,FEMA Sign Up to Use IPAWS to Send Public Alerts and Warnings,manual web review 2026-06-04; alerting authorities intending to send public alerts through IPAWS complete application/scope steps,4b990bc8b373a218
S1092,https://www.fema.gov/emergency-managers/practitioners/integrated-public-alert-warning-system/public-safety-officials/alerting-authorities,FEMA IPAWS Alerting Authorities,manual web review 2026-06-04; Alerting Authority is jurisdiction with designated authority to alert and warn public,c2e098b8f12118da
S1093,https://github.com/FEMA/openfema-samples/blob/master/dataset-samples/ipaws_archived_alerts.md,FEMA OpenFEMA IPAWS Archived Alerts query examples,"manual web review 2026-06-04; query examples describe hierarchical CAP, filtering limitations and post-processing needs",39ce3b6078746be1
S1094,https://www.fema.gov/openfema-data-page/ipaws-archived-alerts-v1,FEMA OpenFEMA IPAWS Archived Alerts dataset,manual web review 2026-06-04; dataset contains archived IPAWS CAP v1.2 messages from June 2012 to present,eec82e6fe72ab2fb
S1095,https://www.fema.gov/emergency-managers/practitioners/integrated-public-alert-warning-system/public/wireless-emergency-alerts/geographic-accuracy-wea,FEMA Geographic Accuracy of Wireless Emergency Alerts,manual web review 2026-06-04; participating providers transmit alerts to best approximating geographic area specified by originator,dd393296b131a457
S1096,https://www.fcc.gov/wireless-emergency-alert-enhancements-faqs-authorized-alert-originators,FCC Wireless Emergency Alert Enhancements FAQs for Authorized Alert Originators,manual web review 2026-06-04; WEA enhancement rules and geotargeting context for originators,eab46a1c19c39a1a
S1097,https://docs.oasis-open.org/emergency/cap/v1.2/CAP-v1.2-os.html,OASIS Common Alerting Protocol Version 1.2 standard,manual web review 2026-06-04; CAP provides all-hazard alert format and message-type semantics,588bc44857338cf1
S1098,https://www.fema.gov/sites/default/files/documents/fema_ipaws-best-practices-guide.pdf,FEMA IPAWS Best Practices Guide,manual web review 2026-06-04; guide stresses source/hazard/location/protective action/expiration content,119ffdb7e3522393
S1099,https://www.nrc.gov/reading-rm/doc-collections/event-status/event/2026/20260316en,"NRC Event Notification 58200, Beaver Valley EOF power loss",manual web review 2026-06-04; loss of EOF normal and alternate electrical power remains closure-packet thread,b68f717cbc722c58
S1100,https://www.fema.gov/press-release/20260529/fema-evaluate-readiness-commonwealth-pennsylvania-and-state-west-virginia,FEMA Beaver Valley June 2026 exercise notice,"manual web review 2026-06-04; exercise week June 8 and preliminary findings meeting June 12, 2026",c33ce673680db29a
S1101,https://www.nrc.gov/about-nrc/emerg-preparedness/about-emerg-preparedness/exercise-schedules,NRC Emergency Exercise Schedules,"manual web review 2026-06-04; NRC/FEMA exercise schedule identifies date, type, and participants",7e591220a5641ecc
S1102,https://preptoolkit.fema.gov/web/hseep-resources/improvement-planning,FEMA PrepToolkit HSEEP Improvement Planning,manual web review 2026-06-04; corrective actions monitored and implemented through improvement plans,fabcf5013460afb9
S1103,https://www.fcc.gov/consumers/guides/wireless-emergency-alerts,FCC Wireless Emergency Alerts consumer guide,"manual web review 2026-06-04; WEA is geographically targeted text-like public warning context, not local receipt proof",a7eb6728191110b5
S1104,https://www.fcc.gov/wireless-emergency-alert-enhancements-faqs-authorized-alert-originators,FCC Wireless Emergency Alert Enhancements FAQs for Authorized Alert Originators,manual web review 2026-06-04; WEA enhancements and geotargeting feature context require local software/device proof,eab46a1c19c39a1a
S1105,https://www.fcc.gov/multilingual-wireless-emergency-alerts,FCC Multilingual Wireless Emergency Alerts,"manual web review 2026-06-04; template-based multilingual WEA support is source-clock context, not local language proof",dcacdc176dcfa73c
S1106,https://www.federalregister.gov/documents/2026/01/20/2026-00960/wireless-emergency-alerts-and-the-emergency-alert-system,Federal Register Wireless Emergency Alerts and Emergency Alert System multilingual rules,manual web review 2026-06-04; multilingual rule context for packet requirements,a64d897d383e3df7
S1107,https://www.fema.gov/emergency-managers/practitioners/integrated-public-alert-warning-system/public-safety-officials/tips,FEMA IPAWS Tips for Alerting Authorities,"manual web review 2026-06-04; IPAWS pathways include WEA, EAS, and NWEM context",3dad2c89bf4ad636
S1108,https://www.rand.org/pubs/research_reports/RRA2451-1.html,RAND Assessing Public Reach of the 2023 National Test of the WEA System,"manual web review 2026-06-04; public reach varied by carrier, device, age/community, opt-out, and functional-needs questions",e911330fb2766f21
S1109,https://www.fema.gov/emergency-managers/practitioners/integrated-public-alert-warning-system,FEMA Integrated Public Alert & Warning System overview,"manual web review 2026-06-04; IPAWS authenticates emergency information through WEA, EAS and NOAA pathways",004dd139672da39c
S1110,https://www.fema.gov/press-release/20260529/fema-evaluate-readiness-commonwealth-pennsylvania-and-state-west-virginia,FEMA Beaver Valley June 2026 exercise notice,"manual web review 2026-06-04; exercise week June 8 and preliminary findings meeting June 12 remain capture clock, not evidence of success",c33ce673680db29a
S1111,https://emilms.fema.gov/is_0247c/assets/AD8E034D-A82F-7860-9EC6-6E152782FD92.pdf,FEMA IS-247.C IPAWS course summary,2026-06-04,63176458bcb71b72
S1112,https://www.fema.gov/emergency-managers/practitioners/integrated-public-alert-warning-system/public-safety-officials/alerting-authorities,FEMA IPAWS alerting authorities page,2026-06-04,c2e098b8f12118da
S1113,https://www.fema.gov/emergency-managers/practitioners/integrated-public-alert-warning-system/public-safety-officials/sign-up,FEMA IPAWS sign-up to send public alerts,2026-06-04,4b990bc8b373a218
S1114,https://www.fema.gov/press-release/20260529/fema-evaluate-readiness-commonwealth-pennsylvania-and-state-west-virginia,FEMA Beaver Valley June 2026 exercise notice,2026-06-04,c33ce673680db29a
S1115,https://www.cdc.gov/radiation-emergencies/response/community-reception-centers.html,CDC Community Reception Centers,"manual web review 2026-06-04; CRCs include triage, screening, decon, registration, dose follow-up, and medical referral context",af1e81807725b67f
S1116,https://www.cdc.gov/radiation-emergencies/php/population-monitoring/crc-etool.html,CDC CRC Electronic Data Collection Tool,"manual web review 2026-06-04; CRC eTool collects demographics, contamination measurements, exposure assessment, health outcomes",ab958b48ff5639fd
S1117,https://www.ecfr.gov/current/title-10/chapter-I/part-50/subject-group-ECFR89aa6ca4aada73c/appendix-Appendix%20E%20to%20Part%2050,10 CFR Part 50 Appendix E Emergency Planning and Preparedness,"manual web review 2026-06-04; ETE and population-update requirements support evidence demands, not closure",4801f41609b1df94
S1118,https://preptoolkit.fema.gov/web/hseep-resources/eegs,FEMA HSEEP Exercise Evaluation Guides,manual web review 2026-06-04; EEGs support evaluation data collection and objective/critical-task mapping,6ba56b68fb5c3d90
S1119,https://preptoolkit.fema.gov/web/hseep-resources/improvement-planning,FEMA PrepToolkit HSEEP Improvement Planning,manual web review 2026-06-04; corrective actions monitored and implemented through improvement plans,fabcf5013460afb9
S1120,https://www.nrc.gov/about-nrc/emerg-preparedness/about-emerg-preparedness/exercise-schedules,NRC Emergency Exercise Schedule,"manual web review 2026-06-04; schedule identifies date, type, and participants; not performance proof",7e591220a5641ecc
S1121,https://www.fema.gov/press-release/20260529/fema-evaluate-readiness-commonwealth-pennsylvania-and-state-west-virginia,FEMA Beaver Valley June 2026 exercise notice,manual web review 2026-06-04; exercise week June 8 and preliminary findings meeting June 12 remain capture clocks,c33ce673680db29a
S1122,https://www.fema.gov/emergency-managers/practitioners/integrated-public-alert-warning-system,FEMA Integrated Public Alert & Warning System overview,"manual web review 2026-06-04; IPAWS authenticates alerts through WEA, EAS, and NOAA pathways; not local action proof",004dd139672da39c
S1123,https://www.fcc.gov/consumers/guides/wireless-emergency-alerts,FCC Wireless Emergency Alerts consumer guide,manual web review 2026-06-04; WEA context for field receipt/action proof demands,a7eb6728191110b5
S1124,https://www.fema.gov/press-release/20260529/fema-evaluate-readiness-commonwealth-pennsylvania-and-state-west-virginia,FEMA Beaver Valley June 2026 exercise notice,reviewed manual web review 2026-06-04,c33ce673680db29a
S1125,https://www.cdc.gov/radiation-emergencies/response/community-reception-centers.html,CDC Community Reception Centers,manual web review 2026-06-04; CRCs screen people for contamination and help with decontamination; not local throughput proof,af1e81807725b67f
S1126,https://www.cdc.gov/radiation-emergencies/php/population-monitoring/index.html,CDC Population Monitoring in Radiation Emergencies,manual web review 2026-06-04; population monitoring is conducted in CRCs; not local registry proof,d45b4b42ef5c6c33
S1127,https://www.cdc.gov/radiation-emergencies/php/population-monitoring/crc-simpler.html,CDC CRC SimPLER,manual web review 2026-06-04; helps planners understand capacity and bottlenecks; tool output not actual exercise proof,8eaea91cc1edf57b
S1128,https://remm.hhs.gov/datacollection.htm,REMM Collection of Patient Data in Radiation Emergencies,manual web review 2026-06-04; registry and long-term monitoring context; not local registry closure,3346af163915fa7b
S1129,https://www.epa.gov/radiation/protective-action-guides-pags,EPA Protective Action Guides,manual web review 2026-06-04; PAG planning context; not site-specific decon/waste closure,228e2dd51b68dad8
S1130,https://www.fema.gov/emergency-managers/national-preparedness/exercises/hseep,FEMA HSEEP,manual web review 2026-06-04; exercise/evaluation framework; not specific closure proof,1f928ca3851526fa
S1131,https://preptoolkit.fema.gov/web/hseep-resources/improvement-planning,FEMA HSEEP Improvement Planning,manual web review 2026-06-04; corrective actions monitored and implemented through improvement plans; not specific CAP closure,fabcf5013460afb9
S1132,https://preptoolkit.fema.gov/web/hseep-resources/eegs,FEMA HSEEP Exercise Evaluation Guides,manual web review 2026-06-04; evaluation guides/context; not station proof,6ba56b68fb5c3d90
S1133,https://remm.hhs.gov/ext_contamination.htm,REMM Procedures for Radiation Decontamination,manual web review 2026-06-04; contamination algorithm guidance and mass-casualty modification caveat; not local ED proof,50469b22c39b97d9
S1134,https://www.cdc.gov/radiation-emergencies/hcp/nuclear-detonations/evaluation-and-management.html,CDC Emergency Department Evaluation and Management of Radiation Emergencies,manual web review 2026-06-04; first receivers should use appropriate PPE; not local hospital readiness proof,83b82ec750fa1a81
S1135,https://files.asprtracie.hhs.gov/documents/aspr-tracie-hcc-radiation-emergency-surge-annex-template.pdf,ASPR TRACIE Healthcare Coalition Radiation Emergency Surge Annex Template,manual web review 2026-06-04; supports coordinated healthcare response planning; not local HCC transfer proof,5799096c501e574a
S1136,https://www.osha.gov/emergency-preparedness/radiation/response,OSHA Radiation Emergency Preparedness and Response,manual web review 2026-06-04; emergency responders including medical/rescue workers may be at high exposure risk; not local dose proof,7e3a64a45c97ec20
S1137,https://remm.hhs.gov/pag.htm,REMM Protective Actions and Protective Action Guides,manual web review 2026-06-04; worker dose guideline context; not local dosimetry/turnback proof,d078cb1722ee844b
S1138,https://www.osha.gov/sites/default/files/publications/OSHA3249.pdf,OSHA Best Practices for Hospital-Based First Receivers,manual web review 2026-06-04; first-receiver protection and training context; not local performance proof,01fa62f19ce7dc84
S1139,https://orise.orau.gov/reacts/index.html,Radiation Emergency Assistance Center/Training Site (REAC/TS),manual web review 2026-06-04; radiation medicine response and subject-matter expertise context; not proof consultation was used,3dd6b2cc3e2a1156
S1140,https://asprtracie.hhs.gov/technical-resources/32/radiological-and-nuclear/27,ASPR TRACIE Radiological and Nuclear Topic Collection,manual web review 2026-06-04; hospital preparedness exercise/resource context; not local exercise closure,05fe7a21e730c63a
S1141,https://www.ecfr.gov/current/title-10/chapter-I/part-50/subject-group-ECFR89aa6ca4aada73c/appendix-Appendix%20E%20to%20Part%2050,10 CFR Part 50 Appendix E Emergency Planning and Preparedness,"manual web review 2026-06-04; emergency plan content includes assessment actions, EOF capabilities, ETE/PAR linkage, and exercises; not local closure",4801f41609b1df94
S1142,https://www.ecfr.gov/current/title-10/chapter-I/part-50/subject-group-ECFRdf2af20f8a72d91/section-50.47,10 CFR 50.47 Emergency plans,"manual web review 2026-06-04; planning standards include emergency classification, assessment/monitoring, protective actions, and correction; not local proof",8a82415990eefa43
S1143,https://www.nrc.gov/about-nrc/emerg-preparedness/about-emerg-preparedness/emerg-classification,NRC Emergency Classification,manual web review 2026-06-04; NOUE/Alert/SAE/GE classification context; not local EAL workpaper,07e512260507a117
S1144,https://www.nrc.gov/reading-rm/doc-collections/nuregs/staff/sr0654/index,NRC NUREG-0654/FEMA-REP-1 Rev. 2 index,manual web review 2026-06-04; Rev. 2 listed as criteria for preparation and evaluation of REP plans; not local performance proof,80b799b37a21717a
S1145,https://www.fema.gov/sites/default/files/2020-06/NUREG-0654_FEMA-REP-1_Rev_2_Dec_2019_Secure.pdf,FEMA/NRC NUREG-0654/FEMA-REP-1 Rev. 2 PDF,manual web review 2026-06-04; REP criteria context including assessment/monitoring/PAR capabilities; not local exercise proof,0e641b1d08f52036
S1146,https://www.epa.gov/radiation/protective-action-guides-pags,EPA Protective Action Guides,manual web review 2026-06-04; PAGs provide planning/dose guideline context; not local decision closure,228e2dd51b68dad8
S1147,https://remm.hhs.gov/pag.htm,REMM Protective Actions and Protective Action Guides,manual web review 2026-06-04; PAG and emergency worker context; not local dosimetry or PAR proof,d078cb1722ee844b
S1148,https://preptoolkit.fema.gov/web/fema-repp-academy/course-descriptions,FEMA REPP Academy Course Descriptions,manual web review 2026-06-04; RAAC and Field Operations Course context; not local field measurement proof,e1ef4faaa23cb146
S1149,https://www.fema.gov/press-release/20260529/fema-evaluate-readiness-commonwealth-pennsylvania-and-state-west-virginia,FEMA Beaver Valley June 2026 exercise notice,"manual web review 2026-06-04; June exercise and preliminary public meeting are capture clocks, not proof of success",c33ce673680db29a
S1150,https://www.nrc.gov/about-nrc/emerg-preparedness/about-emerg-preparedness/exercise-schedules,NRC Emergency Exercise Schedule,manual web review 2026-06-04; schedule identifies date/type/participants; not performance proof,7e591220a5641ecc
S1151,https://ramp.nrc-gateway.gov/codes/rascal,NRC RASCAL Radiological Assessment System for Consequence Analysis,manual web review 2026-06-04; RASCAL supports independent dose/consequence projections; not local run proof,e01a7653d472009e
S1152,https://www.fda.gov/emergency-preparedness-and-response/mcm-issues/radiological-and-nuclear-emergency-preparedness,FDA Radiological and Nuclear Emergency Preparedness,"manual web review 2026-06-04; Advisory Team guidance covers drinking water safety, agricultural contamination, food contamination, population monitoring, and long-term recovery; not local closure",410fd6b9e3242076
S1153,https://www.fda.gov/regulatory-information/search-fda-guidance-documents/accidental-radioactive-contamination-human-food-and-animal-feeds,FDA Accidental Radioactive Contamination of Human Food and Animal Feeds,manual web review 2026-06-04; guidance applicable to nuclear power plant accidents where significant ingestion dose could occur; not local embargo/release proof,323a81533cbb8c98
S1154,https://www.epa.gov/radiation/protective-action-guides-pags,EPA Protective Action Guides,manual web review 2026-06-04; drinking water PAG can support alternate water/restriction decisions; not a local water-system packet,228e2dd51b68dad8
S1155,https://remm.hhs.gov/radmonitor_water_food.htm,REMM Monitoring Radionuclides in Drinking Water and Food,"manual web review 2026-06-04; explains monitoring roles, units, PAG/DIL concepts, and jurisdiction variation; not local sample custody proof",8efc0d28e6a7dd34
S1156,https://remm.hhs.gov/pag.htm,REMM Protective Actions and Protective Action Guides,manual web review 2026-06-04; protective actions include food/water interdiction and relocation context; not local embargo proof,d078cb1722ee844b
S1157,https://www.nrc.gov/about-nrc/emerg-preparedness/about-emerg-preparedness/exercise-schedules,NRC Emergency Exercise Schedule,manual web review 2026-06-04; schedule identifies date/type/participants and includes ingestion exposure exercises; not performance proof,7e591220a5641ecc
S1158,https://www.cdc.gov/radiation-emergencies/response/community-reception-centers.html,CDC Community Reception Centers,manual web review 2026-06-04; CRC discharge/follow-up context for ingestion registry links; not local food/water release proof,af1e81807725b67f
S1159,https://preptoolkit.fema.gov/web/fema-repp-academy/course-descriptions,FEMA REPP Academy Course Descriptions,manual web review 2026-06-04; field operations and radiological assessment training context; not local sampling/lab performance proof,e1ef4faaa23cb146
S1160,https://www.epa.gov/sites/default/files/2017-01/documents/epa_pag_manual_final_revisions_01-11-2017_cover_disclaimer_8.pdf,EPA PAG Manual PDF,registered as planning source only; direct local use requires packet extraction and source clock review,343f75827b31c8bb
S1161,https://www.fema.gov/sites/default/files/documents/fema_npd-rpm-2023.pdf,FEMA REP Program Manual 2023,registered as program manual context; not local exercise closure proof,78b3f47715f937ad
S1162,https://www.epa.gov/radiation/protective-action-guides-pags,EPA Protective Action Guides,manual web review 2026-06-04; PAG page describes planning guidance and dose guidelines for emergency protective actions; not local reentry/cleanup closure,228e2dd51b68dad8
S1163,https://nepis.epa.gov/Exe/ZyPURL.cgi,EPA PAG Manual text record,"manual web review 2026-06-04; PAG Manual text includes reentry, cleanup and radioactive-waste disposal planning context; not local closure",b06cbd1b1566eeb5
S1164,https://www.fema.gov/national-disaster-recovery-framework,FEMA National Disaster Recovery Framework,manual web review 2026-06-04; NDRF outlines recovery/restoration/redevelopment/revitalization strategies; not local relocation or claims closure,6f0d7c83f65e58d0
S1165,https://iwaste.epa.gov/guidance/radiological-nuclear/incident-response,EPA I-WASTE Radiological/Nuclear Incident Response and Cleanup Information,manual web review 2026-06-04; I-WASTE cleanup/waste context; not local waste manifest or disposal proof,330b3c00ed5581b5
S1166,https://remm.hhs.gov/surveillance.htm,REMM Population Monitoring After Radiation Emergencies,manual web review 2026-06-04; persons potentially or actually exposed should be registered for long-term monitoring/tracking; not local registry proof,fb1e86dce0ae418d
S1167,https://www.fema.gov/assistance/individual,FEMA Individual Assistance,manual web review 2026-06-04; IA/IHP assistance context for households; not radiological relocation/claims closure,9d5df7ab5336cf2b
S1168,https://remm.hhs.gov/deceased.htm,REMM Management of the Deceased in Radiation Emergencies,manual web review 2026-06-04; decedent survey and management guidance; not local mortuary packet proof,f7a092b3313b3d2b
S1169,https://www.fema.gov/emergency-managers/practitioners/hazardous-response-capabilities/radiological/rep-program-manual,FEMA REP Program Manual page,manual web review 2026-06-04; REP Program Manual page says manual is principal policy/guidance source; not local exercise or recovery closure,fb602176028a1e83
S1170,https://www.federalregister.gov/documents/2008/08/01/E8-17645/planning-guidance-for-protection-and-recovery-following-radiological-dispersal-device-rdd-and,DHS RDD/IND Planning Guidance Federal Register notice,manual web review 2026-06-04; late phase cleanup/remediation context and stakeholder involvement; not local cleanup closure,3cc1ab4cbd54bdb4
S1171,https://www.ncbi.nlm.nih.gov/books/NBK546063,National Academies Long-Term Health Monitoring Workshop,manual web review 2026-06-04; workshop considers registry challenges and long-term health monitoring; not local registry proof,773ed1a184effb66
S1172,https://www.fema.gov/emergency-managers/nims/components,"FEMA NIMS Components, Guidance and Tools",manual web review 2026-06-05; support-system context only; not local closure proof,38c8cb51adbc16d2
S1173,https://www.fema.gov/sites/default/files/documents/fema_nims-guideline-for-mutual-aid.pdf,FEMA NIMS Guideline for Mutual Aid 2024,manual web review 2026-06-05; support-system context only; not local closure proof,07a75b944946cf3b
S1174,https://www.fema.gov/sites/default/files/documents/nims-guideline-resource-management-preparedness.pdf,FEMA NIMS Guideline for Resource Management Preparedness,manual web review 2026-06-05; support-system context only; not local closure proof,03cb8366752a91d7
S1175,https://www.fema.gov/sites/default/files/2020-07/fema_ESF_7_Logistics.pdf,FEMA ESF #7 Logistics Annex,manual web review 2026-06-05; support-system context only; not local closure proof,d2d2c4ee3d02d5c0
S1176,https://www.fema.gov/emergency-managers/national-preparedness/continuity,FEMA Continuity Resource Toolkit,manual web review 2026-06-05; support-system context only; not local closure proof,80041ecd82c6f08b
S1177,https://www.cisa.gov/safecom,CISA SAFECOM,manual web review 2026-06-05; support-system context only; not local closure proof,b1dfed73d36f9b8a
S1178,https://www.cisa.gov/resources-tools/programs/emergency-communications-state-local-tribal-and-territorial-coordination,CISA Emergency Communications SLTT Coordination,manual web review 2026-06-05; support-system context only; not local closure proof,1522585c8529930d
S1179,https://www.cdc.gov/niosh/docs/2025-107/default.html,NIOSH Emergency Responder Health Monitoring and Surveillance Guide,manual web review 2026-06-05; support-system context only; not local closure proof,5d78f80ca00a4b77
S1180,https://www.osha.gov/emergency-preparedness/guides/extended-unusual-work-shifts,OSHA Extended and Unusual Work Shifts Guide,manual web review 2026-06-05; support-system context only; not local closure proof,74be3e6f6c584993
S1181,https://www.osha.gov/worker-fatigue/hazards,OSHA Worker Fatigue Hazards,manual web review 2026-06-05; support-system context only; not local closure proof,f1736be4f116fda8
S1182,https://www.emacweb.org/index.php/what-is-emac,Emergency Management Assistance Compact: What is EMAC?,manual web review 2026-06-05; support-system context only; not local closure proof,1b5b54d4a4dce829
S1183,https://www.fema.gov/sites/default/files/documents/fema_distribution-management-plan-guide-2.0.pdf,FEMA Distribution Management Plan Guide 2.0,manual web review 2026-06-05; support-system context only; not local closure proof,aa8367f61696cdd1
S1184,https://www.nrc.gov/security/cybersecurity,NRC Cybersecurity topic page,"manual web review 2026-06-05; creates cyber/data evidence demands only, not local closure",5a6f69d29869a908
S1185,https://www.nrc.gov/reading-rm/doc-collections/fact-sheets/cyber-security-bg,NRC Backgrounder on Cyber Security,"manual web review 2026-06-05; creates cyber/data evidence demands only, not local closure",12d770c52d34102e
S1186,https://www.ecfr.gov/current/title-10/chapter-I/part-73/section-73.54,10 CFR Part 73.54 cyber security requirements,"manual web review 2026-06-05; creates cyber/data evidence demands only, not local closure",6cda04b5484e3158
S1187,https://www.fema.gov/emergency-managers/practitioners/integrated-public-alert-warning-system/public-safety-officials/alerting-authorities/best-practices,FEMA IPAWS Best Practices for Alerting Authorities,"manual web review 2026-06-05; creates alert-credential evidence demands only, not local closure",5782987d9dbb9a91
S1188,https://www.cisa.gov/safecom,CISA SAFECOM,"manual web review 2026-06-05; creates communications resilience demands only, not local closure",b1dfed73d36f9b8a
S1189,https://www.cisa.gov/cross-sector-cybersecurity-performance-goals,CISA Cross-Sector Cybersecurity Performance Goals,"manual web review 2026-06-05; creates cyber hygiene evidence demands only, not local closure",3f1197f675a6b8f2
S1190,https://nvlpubs.nist.gov/nistpubs/CSWP/NIST.CSWP.29.pdf,NIST Cybersecurity Framework 2.0,"manual web review 2026-06-05; creates cyber governance evidence demands only, not local closure",8a2c52bf62fbf67a
S1191,https://www.cisa.gov/stopransomware/ransomware-guide,CISA StopRansomware Guide,"manual web review 2026-06-05; creates ransomware response evidence demands only, not local closure",9018667942ecc950
S1192,https://csrc.nist.gov/pubs/sp/800/34/r1/upd1/final,NIST SP 800-34 Rev. 1 Contingency Planning Guide for Federal Information Systems,"manual web review 2026-06-05; creates backup/restore evidence demands only, not local closure",f561a6295e1b6a09
S1193,https://www.fema.gov/sites/default/files/documents/fema_continuity-guidance-circular_082024.pdf,FEMA Continuity Guidance Circular 2024 Update,"manual web review 2026-06-05; creates essential-records evidence demands only, not local closure",028174049f1255a7
S1194,https://www.cisa.gov/911-cybersecurity-resource-hub,CISA 911 Cybersecurity Resource Hub,"manual web review 2026-06-05; creates PSAP/call-center evidence demands only, not local closure",3b7620dc2754714a
S1195,https://www.fema.gov/openfema-data-page/ipaws-archived-alerts-v1,OpenFEMA IPAWS Archived Alerts,"manual web review 2026-06-05; creates public-feed triangulation demands only, not local closure",eec82e6fe72ab2fb
S1196,https://www.fema.gov/emergency-managers/practitioners/integrated-public-alert-warning-system,FEMA IPAWS program page,"manual web review 2026-06-05; creates alerting-channel evidence demands only, not local closure",004dd139672da39c
S1197,https://www.fema.gov/emergency-managers/practitioners/lifelines,FEMA Community Lifelines,"manual web review 2026-06-05; creates lifeline status and stabilization demand only, not local closure",5669c52545fd4ac6
S1198,https://training.fema.gov/is/courseoverview.aspx,FEMA IS-2901 Introduction to Community Lifelines,manual web review 2026-06-05; eight lifeline construct and prioritization context only,150a9ab02455e946
S1199,https://www.epa.gov/waterresilience/femas-community-lifelines-construct,EPA FEMA Community Lifelines Water Systems Construct,manual web review 2026-06-05; water systems lifeline context only,be36341de9e031eb
S1200,https://www.epa.gov/waterutilityresponse,EPA Emergency Response for Drinking Water and Wastewater Utilities,"manual web review 2026-06-05; ERP/WARN/checklist context only, not local water readiness",c294992e8da693d3
S1201,https://www.energy.gov/ceser/doe-energy-emergency-response-playbook-states-and-territories,DOE Energy Emergency Response Playbook for States and Territories,manual web review 2026-06-05; energy information/consequence/restoration planning context only,008fd4cff6641279
S1202,https://www.energy.gov/ceser/local-leaders-prepare-energy-emergency,DOE Local Leaders Prepare for an Energy Emergency,manual web review 2026-06-05; backup power and 72-hour fuel planning context only,1f1a140b932f7f19
S1203,https://www.cisa.gov/topics/critical-infrastructure-security-and-resilience/critical-infrastructure-sectors,CISA Critical Infrastructure Sectors,manual web review 2026-06-05; sector-dependency context only,af70521c01e69eab
S1204,https://www.cisa.gov/topics/critical-infrastructure-security-and-resilience/critical-infrastructure-sectors/emergency-services-sector,CISA Emergency Services Sector,manual web review 2026-06-05; emergency services and responder communications demand source only,d3cb0f88bf4b48cc
S1205,https://www.cisa.gov/safecom,SAFECOM Emergency Communications Guidance,manual web review 2026-06-05; interoperable communications context only,b1dfed73d36f9b8a
S1206,https://www.fema.gov/sites/default/files/documents/fema_incident-annex_power-outage.pdf,FEMA Power Outage Incident Annex,"manual web review 2026-06-05; power outage incident context only, not local restoration proof",f343ded1068f1b18
S1207,https://www.epa.gov/waterutilityresponse/incident-action-checklists-water-utilities,EPA Water Utility Incident Action Checklists,manual web review 2026-06-05; checklist context only,771c8578fae855e5
S1208,https://www.nrc.gov/reading-rm/doc-collections/nuregs/staff/sr1022/r3/s1/index,NRC Event Report Guidelines for Loss of Emergency Preparedness Capabilities,manual web review 2026-06-05; loss of emergency assessment/offsite response/communications capability context only,b2e292482cb27a5a
S1209,https://www.fcc.gov/consumers/guides/wireless-emergency-alerts-wea,FCC Wireless Emergency Alerts,manual web review 2026-06-05; WEA public warning channel context only,ccb57c208c8ebd10
S1210,https://www.fema.gov/emergency-managers/national-preparedness/frameworks/response,FEMA National Response Framework,manual web review 2026-06-05; lifeline response framework context only,0caad62b49870cd8
S1211,https://www.fema.gov/sites/default/files/documents/fema_lifelines-toolkit-v2.1_2023.pdf,FEMA Community Lifelines Implementation Toolkit 2.1,manual web review 2026-06-05; lifeline toolkit context only,bf4e1513726d81fe
S1212,https://www.fema.gov/emergency-managers/nims,FEMA National Incident Management System,manual web review 2026-06-05; public guidance/context only; no local closure effect,44bbf031f850d05d
S1213,https://training.fema.gov/icsresource/icsforms.aspx,FEMA ICS Fillable Forms,manual web review 2026-06-05; public guidance/context only; no local closure effect,b99c1a7746a1426d
S1214,https://training.fema.gov/is/courseoverview.aspx,FEMA IS-201 Forms Used for the Development of the Incident Action Plan,manual web review 2026-06-05; public guidance/context only; no local closure effect,150a9ab02455e946
S1215,https://training.fema.gov/emiweb/is/icsresource/assets/ics%20forms%20descriptions.pdf,FEMA ICS Forms Descriptions,manual web review 2026-06-05; public guidance/context only; no local closure effect,5706802c76890e87
S1216,https://www.fema.gov/sites/default/files/2020-07/Incident_Action_Planning_Guide_Revision1_august2015.pdf,FEMA Incident Action Planning Guide Revision 1,manual web review 2026-06-05; public guidance/context only; no local closure effect,d7439048a915fa9a
S1217,https://www.fema.gov/sites/default/files/documents/fema_eoc-quick-reference-guide.pdf,FEMA Emergency Operations Center How-To Quick Reference Guide,manual web review 2026-06-05; public guidance/context only; no local closure effect,2b78c1dcf6758707
S1218,https://preptoolkit.fema.gov/web/nims-toolkit/eoc,FEMA EOC Toolkit,manual web review 2026-06-05; public guidance/context only; no local closure effect,2c980ac8f0cbd5ef
S1219,https://www.dhs.gov/publication/common-operating-picture-emergency-responders,DHS Common Operating Picture for Emergency Responders,manual web review 2026-06-05; public guidance/context only; no local closure effect,32db4fe1e1f9a611
S1220,https://www.fema.gov/emergency-managers/practitioners/lifelines,FEMA Community Lifelines,manual web review 2026-06-05; public guidance/context only; no local closure effect,5669c52545fd4ac6
S1221,https://training.fema.gov/is/courseoverview.aspx,FEMA IS-2901 Introduction to Community Lifelines,manual web review 2026-06-05; public guidance/context only; no local closure effect,150a9ab02455e946
S1222,https://www.nrc.gov/docs/ML1934/ML19347D139.pdf,NUREG-0654/FEMA-REP-1 Revision 2,manual web review 2026-06-05; public guidance/context only; no local closure effect,cf6a0cb07d8f3a6f
S1223,https://www.fema.gov/emergency-managers/practitioners/hazardous-response-capabilities/radiological/rep-program-manual,FEMA REP Program Manual,manual web review 2026-06-05; public guidance/context only; no local closure effect,fb602176028a1e83
S1224,https://www.ecfr.gov/current/title-10/chapter-I/part-50/subject-group-ECFR89aa6ca4aada73c/appendix-Appendix%20E%20to%20Part%2050,10 CFR Part 50 Appendix E,manual web review 2026-06-05; public guidance/context only; no local closure effect,4801f41609b1df94
S1225,https://www.fema.gov/sites/default/files/2020-05/CommunityLifelinesToolkit2.0v2.pdf,FEMA Community Lifelines Implementation Toolkit 2.0,manual web review 2026-06-05; public guidance/context only; no local closure effect,1442cdd5981fed31
S1226,https://www.fema.gov/emergency-managers/national-preparedness/exercises/hseep,FEMA Homeland Security Exercise and Evaluation Program,2026-06-05,1f928ca3851526fa
S1227,https://preptoolkit.fema.gov/web/hseep-resources,PrepToolkit HSEEP Resources,2026-06-05,3722fe1e759c9ce4
S1228,https://preptoolkit.fema.gov/web/hseep-resources/design-and-development,PrepToolkit HSEEP Design and Development Resources,2026-06-05,6a8f644c22b08aab
S1229,https://preptoolkit.fema.gov/web/help/exercise-builder-guides/-/knowledge_base/msel/msel-overview,PrepToolkit MSEL Overview,2026-06-05,7b0363c3787f324b
S1230,https://preptoolkit.fema.gov/web/help/hseep-user-guides/-/knowledge_base/hseep-written-guides/creating-msel-events-injection,PrepToolkit Creating MSEL Events and Injects,2026-06-05,83334cf8924798af
S1231,https://training.fema.gov/programs/nsec/advanced,FEMA National Standard Exercise Curriculum Advanced Exercise Control and Simulation,2026-06-05,c3aed61029a0c126
S1232,https://preptoolkit.fema.gov/web/fema-repp-academy/course-descriptions,FEMA REPP Academy REP Exercise Controller Course,2026-06-05,e1ef4faaa23cb146
S1233,https://preptoolkit.fema.gov/web/fema-repp-academy/course-descriptions,FEMA REPP Academy REP Exercise Evaluator Course,2026-06-05,e1ef4faaa23cb146
S1234,https://www.nrc.gov/about-nrc/emerg-preparedness/about-emerg-preparedness/exercise-schedules,NRC Emergency Exercise Schedule,2026-06-05,7e591220a5641ecc
S1235,https://www.fema.gov/press-release/20260529/fema-evaluate-readiness-commonwealth-pennsylvania-and-state-west-virginia,FEMA Beaver Valley June 2026 Exercise Notice,2026-06-05,c33ce673680db29a
S1236,https://www.fema.gov/emergency-managers/practitioners/hazardous-response-capabilities/radiological/rep-program-manual,FEMA Radiological Emergency Preparedness Program Manual,2026-06-05,fb602176028a1e83
S1237,https://preptoolkit.fema.gov/web/hseep-resources/improvement-planning,HSEEP Improvement Planning Resources,2026-06-05,fabcf5013460afb9
S1238,https://preptoolkit.fema.gov/web/hseep-resources/eegs,HSEEP Exercise Evaluation Guides,2026-06-05,6ba56b68fb5c3d90
S1239,https://www.ecfr.gov/current/title-10/chapter-I/part-50/subject-group-ECFR89aa6ca4aada73c/appendix-Appendix%20E%20to%20Part%2050,10 CFR Part 50 Appendix E Emergency Planning and Preparedness,2026-06-05,4801f41609b1df94
S1240,https://preptoolkit.fema.gov/web/exercise,FEMA Exercise Builder,2026-06-05,8568d3eaa9953461
S1241,https://training.fema.gov/is/courseoverview.aspx,FEMA IS-130.A How to be an Exercise Evaluator,2026-06-05,150a9ab02455e946
S1242,https://www.fema.gov/emergency-managers/practitioners/hazardous-response-capabilities/radiological/rep-program-manual,FEMA Radiological Emergency Preparedness Program Manual page,2026-06-05,fb602176028a1e83
S1243,https://www.fema.gov/sites/default/files/documents/fema_npd-rpm-2023.pdf,FEMA Radiological Emergency Preparedness Program Manual 2023 PDF,2026-06-05,78b3f47715f937ad
S1244,https://www.nrc.gov/reading-rm/doc-collections/nuregs/staff/sr0654/index,NUREG-0654/FEMA-REP-1 Revision 2 criteria page,2026-06-05,80b799b37a21717a
S1245,https://www.nrc.gov/reactors/operating/oversight/pi-summary,NRC Performance Indicators summary,2026-06-05,7ee60cc58b1ecee5
S1246,https://www.nrc.gov/about-nrc/emerg-preparedness/about-emerg-preparedness/exercise-schedules,NRC Emergency Exercise Schedules,2026-06-05,7e591220a5641ecc
S1247,https://preptoolkit.fema.gov/web/hseep-resources,FEMA HSEEP resources,2026-06-05,3722fe1e759c9ce4
S1248,https://preptoolkit.fema.gov/web/hseep-resources/improvement-planning,HSEEP Improvement Planning resources,2026-06-05,fabcf5013460afb9
S1249,https://preptoolkit.fema.gov/web/hseep-resources/eegs,HSEEP Exercise Evaluation Guides resources,2026-06-05,6ba56b68fb5c3d90
S1250,https://www.ecfr.gov/current/title-10/chapter-I/part-50/subject-group-ECFR89aa6ca4aada73c/appendix-Appendix%20E%20to%20Part%2050,10 CFR Part 50 Appendix E Emergency Planning,2026-06-05,4801f41609b1df94
S1251,https://www.fema.gov/press-release/20260529/fema-evaluate-readiness-commonwealth-pennsylvania-and-state-west-virginia,FEMA Beaver Valley June 2026 Exercise Notice,2026-06-05,c33ce673680db29a
S1252,https://www.nrc.gov/reactors/operating/oversight/actionmatrix-summary,NRC Action Matrix Summary,2026-06-05,53920e84e75fdc85
S1253,https://www.fema.gov/press-release/20260529/fema-evaluate-readiness-commonwealth-pennsylvania-and-state-west-virginia,FEMA Beaver Valley June 2026 Exercise Notice,2026-06-05,c33ce673680db29a
S1254,https://www.nrc.gov/about-nrc/emerg-preparedness/about-emerg-preparedness/exercise-schedules,NRC Emergency Exercise Schedules,2026-06-05,7e591220a5641ecc
S1255,https://www.fema.gov/emergency-managers/practitioners/hazardous-response-capabilities/radiological/rep-program-manual,FEMA Radiological Emergency Preparedness Program Manual page,2026-06-05,fb602176028a1e83
S1256,https://www.fema.gov/sites/default/files/documents/fema_npd-rpm-2023.pdf,FEMA 2023 Radiological Emergency Preparedness Program Manual PDF,2026-06-05,78b3f47715f937ad
S1257,https://www.ecfr.gov/current/title-44/chapter-I/subchapter-F/part-350,44 CFR Part 350 FEMA review and approval of state/local radiological emergency plans,2026-06-05,adae9fd2ef888da8
S1258,https://preptoolkit.fema.gov/web/hseep-resources/improvement-planning,HSEEP Improvement Planning Resources,2026-06-05,fabcf5013460afb9
S1259,https://preptoolkit.fema.gov/web/hseep-resources/eegs,HSEEP Exercise Evaluation Guides Resources,2026-06-05,6ba56b68fb5c3d90
S1260,https://www.nrc.gov/reactors/operating/oversight/pi-summary,NRC Performance Indicators summary,2026-06-05,7ee60cc58b1ecee5
S1261,https://www.fema.gov/press-release/20260529/fema-evaluate-readiness-commonwealth-pennsylvania-and-state-west-virginia,"FEMA, Beaver Valley June 2026 exercise public notice",2026-06-05,c33ce673680db29a
S1262,https://www.nrc.gov/about-nrc/emerg-preparedness/about-emerg-preparedness/exercise-schedules,"NRC, Emergency Exercise Schedule",2026-06-05,7e591220a5641ecc
S1263,https://preptoolkit.fema.gov/web/hseep-resources/improvement-planning,"FEMA PrepToolkit, HSEEP Improvement Planning",2026-06-05,fabcf5013460afb9
S1264,https://preptoolkit.fema.gov/web/hseep-resources,"FEMA, HSEEP resources overview",2026-06-05,3722fe1e759c9ce4
S1265,https://www.fema.gov/emergency-managers/practitioners/hazardous-response-capabilities/radiological/rep-program-manual,"FEMA, Radiological Emergency Preparedness Program Manual page",2026-06-05,fb602176028a1e83
S1266,https://www.nrc.gov/reading-rm/doc-collections/nuregs/staff/sr0654/r2/index,"NRC, NUREG-0654/FEMA-REP-1 Rev. 2 index",2026-06-05,a643a05f71c39ba6
S1267,https://preptoolkit.fema.gov/web/hseep-resources/eegs,"FEMA PrepToolkit, HSEEP Exercise Evaluation Guides",2026-06-05,6ba56b68fb5c3d90
S1268,https://preptoolkit.fema.gov/web/hseep-resources/design-and-development,"FEMA PrepToolkit, HSEEP Design and Development",2026-06-05,6a8f644c22b08aab
S1269,https://www.ecfr.gov/current/title-44/chapter-I/subchapter-F/part-350,"eCFR, 44 CFR Part 350",2026-06-05,adae9fd2ef888da8
S1270,https://www.ecfr.gov/current/title-10/chapter-I/part-50/subject-group-ECFR89aa6ca4aada73c/appendix-Appendix%20E%20to%20Part%2050,"eCFR, 10 CFR Part 50 Appendix E",2026-06-05,4801f41609b1df94
S1271,https://www.fema.gov/press-release/20260529/fema-evaluate-readiness-commonwealth-pennsylvania-and-state-west-virginia,FEMA Beaver Valley June 2026 exercise public notice,2026-06-05,c33ce673680db29a
S1272,https://www.nrc.gov/about-nrc/emerg-preparedness/about-emerg-preparedness/exercise-schedules,NRC emergency exercise schedule,2026-06-05,7e591220a5641ecc
S1273,https://preptoolkit.fema.gov/web/hseep-resources/improvement-planning,HSEEP improvement planning resources,2026-06-05,fabcf5013460afb9
S1274,https://www.fema.gov/emergency-managers/national-preparedness/exercises/hseep,FEMA HSEEP overview,2026-06-05,1f928ca3851526fa
S1275,https://www.fema.gov/emergency-managers/practitioners/hazardous-response-capabilities/radiological/rep-program-manual,FEMA Radiological Emergency Preparedness Program Manual page,2026-06-05,fb602176028a1e83
S1276,https://www.fema.gov/sites/default/files/documents/fema_npd-rpm-2023.pdf,FEMA 2023 Radiological Emergency Preparedness Program Manual PDF,2026-06-05,78b3f47715f937ad
S1277,https://preptoolkit.fema.gov/web/hseep-resources/eegs,PrepToolkit HSEEP Exercise Evaluation Guides,2026-06-05,6ba56b68fb5c3d90
S1278,https://preptoolkit.fema.gov/web/hseep-resources/design-and-development,PrepToolkit HSEEP Design and Development Resources,2026-06-05,6a8f644c22b08aab
S1279,https://preptoolkit.fema.gov/web/hseep-resources/conduct,PrepToolkit HSEEP Conduct Templates,2026-06-05,f67c50ccea7e919d
S1280,https://preptoolkit.fema.gov/web/hseep-resources/evaluation,PrepToolkit HSEEP Evaluation Templates,2026-06-05,bd610451e6855a5b
S1281,https://www.fema.gov/press-release/20260529/fema-evaluate-readiness-commonwealth-pennsylvania-and-state-west-virginia,FEMA Beaver Valley June 2026 exercise notice,2026-06-05,c33ce673680db29a
S1282,https://www.nrc.gov/about-nrc/emerg-preparedness/about-emerg-preparedness/exercise-schedules,NRC Emergency Exercise Schedule page,2026-06-05,7e591220a5641ecc
S1283,https://preptoolkit.fema.gov/web/hseep-resources/improvement-planning,PrepToolkit HSEEP Improvement Planning resources,2026-06-05,fabcf5013460afb9
S1284,https://preptoolkit.fema.gov/web/hseep-resources/evaluation,PrepToolkit HSEEP Evaluation resources,2026-06-05,bd610451e6855a5b
S1285,https://www.fema.gov/sites/default/files/2020-04/Homeland-Security-Exercise-and-Evaluation-Program-Doctrine-2020-Revision-2-2-25.pdf,FEMA HSEEP 2020 doctrine PDF,2026-06-05,461dd592dda21e10
S1286,https://preptoolkit.fema.gov/web/help/hseep-user-guides/-/knowledge_base/hseep-written-guides/corrective-actions,PrepToolkit HSEEP Corrective Actions written guide,2026-06-05,c9f42b58b302763f
S1287,https://www.nrc.gov/about-nrc/emerg-preparedness/about-emerg-preparedness/exercise-schedules,NRC emergency exercise schedule,2026-06-05,7e591220a5641ecc
S1288,https://preptoolkit.fema.gov/web/hseep-resources/improvement-planning,FEMA HSEEP improvement planning resources,2026-06-05,fabcf5013460afb9
S1289,https://preptoolkit.fema.gov/web/hseep-resources/evaluation,FEMA HSEEP evaluation resources,2026-06-05,bd610451e6855a5b
S1290,https://preptoolkit.fema.gov/web/hseep-resources/eegs,FEMA HSEEP Exercise Evaluation Guides resources,2026-06-05,6ba56b68fb5c3d90
S1291,https://csrc.nist.gov/pubs/sp/800/92/final,NIST SP 800-92 Guide to Computer Security Log Management,2026-06-05,705f094fb89c186c
S1292,https://www.fema.gov/emergency-managers/national-preparedness/continuity,FEMA Continuity program overview,2026-06-05,80041ecd82c6f08b
