source_id,canonical_cluster_id,canonical_source_id,is_alias,canonical_url,evidence_independence_weight,source_title,url
S1,SRC-CANON-0327-0618,S1,false,https://www.ipcc.ch/report/ar6/syr,1,"IPCC, _Climate Change 2023: AR6 Synthesis Report_ (2023)",https://www.ipcc.ch/report/ar6/syr/
S2,SRC-CANON-0327-0858,S2,false,https://www.unep.org/resources/emissions-gap-report-2024,1,"UNEP, _Emissions Gap Report 2024_ (2024)",https://www.unep.org/resources/emissions-gap-report-2024
S3,SRC-CANON-0327-0195,S3,false,https://wmo.int/publication-series/state-of-global-climate/state-of-global-climate-2024,1,"WMO, _State of the Global Climate 2024_ (2025)",https://wmo.int/publication-series/state-of-global-climate/state-of-global-climate-2024
S4,SRC-CANON-0327-0595,S4,false,https://www.iea.org/reports/world-energy-outlook-2024/overview-and-key-findings,1,"IEA, _World Energy Outlook 2024: Overview and key findings_ (2024)",https://www.iea.org/reports/world-energy-outlook-2024/overview-and-key-findings
S5,SRC-CANON-0327-0582,S5,false,https://www.iea.org/reports/renewables-2024/electricity,1,"IEA, _Renewables 2024_ (electricity section) (2024)",https://www.iea.org/reports/renewables-2024/electricity
S6,SRC-CANON-0327-0594,S6,false,https://www.iea.org/reports/world-energy-investment-2025/executive-summary,1,"IEA, _World Energy Investment 2025: Executive summary_ (2025)",https://www.iea.org/reports/world-energy-investment-2025/executive-summary
S7,SRC-CANON-0327-0560,S7,false,https://www.iea.org/reports/global-energy-review-2025,1,"IEA, _Global Energy Review 2025_ (2025)",https://www.iea.org/reports/global-energy-review-2025
S8,SRC-CANON-0327-0244,S8,false,https://www.ccacoalition.org/content/global-methane-assessment,1,"Climate & Clean Air Coalition / UNEP, _Global Methane Assessment_ resources (2021–2022)",https://www.ccacoalition.org/content/global-methane-assessment
S9,SRC-CANON-0327-0169,S9,false,https://unfccc.int/news/cop28-agreement-signals-beginning-of-the-end-of-the-fossil-fuel-era,1,"UNFCCC / COP28, global stocktake outcome framing (2023)",https://unfccc.int/news/cop28-agreement-signals-beginning-of-the-end-of-the-fossil-fuel-era
S10,SRC-CANON-0327-0955,S10,false,unregistered-url::S10,1,"Global Carbon Project, _Global Carbon Budget 2025_ materials (2025)",
S11,SRC-CANON-0327-0569,S11,false,https://www.iea.org/reports/global-methane-tracker-2025,1,"IEA, _Global Methane Tracker 2025_ (2025)",https://www.iea.org/reports/global-methane-tracker-2025
S12,SRC-CANON-0327-0857,S12,false,https://www.unep.org/resources/adaptation-gap-report-2025,1,"UNEP, _Adaptation Gap Report 2025_ (2025)",https://www.unep.org/resources/adaptation-gap-report-2025
S13,SRC-CANON-0327-0581,S13,false,https://www.iea.org/reports/reducing-the-cost-of-capital/executive-summary,1,"IEA, _Reducing the Cost of Capital_ (2024)",https://www.iea.org/reports/reducing-the-cost-of-capital/executive-summary
S14,SRC-CANON-0327-0505,S14,false,https://www.iea.org/commentaries/grid-congestion-is-posing-challenges-for-energy-security-and-transitions,1,"IEA, _Grid congestion is posing challenges for energy security and transitions_ (2025)",https://www.iea.org/commentaries/grid-congestion-is-posing-challenges-for-energy-security-and-transitions
S15,SRC-CANON-0327-0186,S15,false,https://wmo.int/activities/early-warnings-all,1,"WMO, _Early Warnings for All_ resources (2024–2025)",https://wmo.int/activities/early-warnings-all
S16,SRC-CANON-0327-0860,S16,false,https://www.unep.org/resources/global-cooling-watch-2025,1,"UNEP, _Global Cooling Watch 2025_ (2025)",https://www.unep.org/resources/global-cooling-watch-2025
S17,SRC-CANON-0327-0506,S17,false,https://www.iea.org/commentaries/staying-cool-without-overheating-the-energy-system,1,"IEA, _Staying cool without overheating the energy system_ (2025)",https://www.iea.org/commentaries/staying-cool-without-overheating-the-energy-system
S18,SRC-CANON-0327-0359,S18,false,https://www.fao.org/statistics/highlights-archive/highlights-detail/greenhouse-gas-emissions-from-agrifood-systems.-global--regional-and-country-trends--2001-2023/en,1,"FAO, _Greenhouse gas emissions from agrifood systems. Global, regional and country trends, 2001–2023_ (2025)",https://www.fao.org/statistics/highlights-archive/highlights-detail/greenhouse-gas-emissions-from-agrifood-systems.-global--regional-and-country-trends--2001-2023/en
S19,SRC-CANON-0327-0866,S19,false,https://www.unep.org/resources/report/global-nitrous-oxide-assessment,1,"UNEP, _Global Nitrous Oxide Assessment_ (2024)",https://www.unep.org/resources/report/global-nitrous-oxide-assessment
S20,SRC-CANON-0327-0623,S20,false,https://www.ipcc.ch/report/ar6/wg3/chapter/technical-summary,1,"IPCC, _AR6 WGIII Technical Summary_ (2022)",https://www.ipcc.ch/report/ar6/wg3/chapter/technical-summary/
S21,SRC-CANON-0327-0972,S21,false,unregistered-url::S21,1,"UNEP / WRAP, _Food Waste Index Report 2024_ and UNEP release (2024)",
S22,SRC-CANON-0327-0973,S22,false,unregistered-url::S22,1,"FAO, _Sustainable nitrogen management in agrifood systems_ (2025 release / 2024 report year)",
S23,SRC-CANON-0327-0796,S23,false,https://www.oecd.org/en/topics/fossil-fuel-support.html,1,"OECD, _Fossil fuel support_ / OECD Inventory of Support Measures for Fossil Fuels 2025 (2025)",https://www.oecd.org/en/topics/fossil-fuel-support.html
S24,SRC-CANON-0327-0531,S24,false,https://www.iea.org/reports/coal-in-net-zero-transitions/executive-summary,1,"IEA, _Coal in Net Zero Transitions: Executive summary_ (2024)",https://www.iea.org/reports/coal-in-net-zero-transitions/executive-summary
S25,SRC-CANON-0327-0524,S25,false,https://www.iea.org/reports/accelerating-just-transitions-for-the-coal-sector/executive-summary,1,"IEA, _Accelerating Just Transitions for the Coal Sector: Executive summary_ (2024)",https://www.iea.org/reports/accelerating-just-transitions-for-the-coal-sector/executive-summary
S26,SRC-CANON-0327-0535,S26,false,https://www.iea.org/reports/demand-and-supply-measures-for-the-steel-and-cement-transition/executive-summary,1,"IEA, _Demand and Supply Measures for the Steel and Cement Transition: Executive summary_ (2025)",https://www.iea.org/reports/demand-and-supply-measures-for-the-steel-and-cement-transition/executive-summary
S27,SRC-CANON-0327-0534,S27,false,https://www.iea.org/reports/definitions-for-near-zero-and-low-emissions-steel-and-cement-and-underlying-emissions-measurement-methodologies/executive-summary,1,"IEA, _Definitions for Near-Zero and Low-Emissions Steel and Cement, and Underlying Emissions Measurement Methodologies: Executive Summary_ (2024)",https://www.iea.org/reports/definitions-for-near-zero-and-low-emissions-steel-and-cement-and-underlying-emissions-measurement-methodologies/executive-summary
S28,SRC-CANON-0327-0867,S28,false,https://www.unep.org/resources/report/global-status-report-buildings-and-construction-20242025,1,"UNEP / GlobalABC, _Global Status Report for Buildings and Construction 2024/2025_ (2025)",https://www.unep.org/resources/report/global-status-report-buildings-and-construction-20242025
S29,SRC-CANON-0327-0974,S29,false,unregistered-url::S29,1,"IEA, _Industry_ tracking page and _Achieving Net Zero Heavy Industry Sectors in G7 Members_ (2023 page; 2022 report)",
S30,SRC-CANON-0327-0565,S30,false,https://www.iea.org/reports/global-ev-outlook-2025/executive-summary,1,"IEA, _Global EV Outlook 2025: Executive summary_ (2025)",https://www.iea.org/reports/global-ev-outlook-2025/executive-summary
S31,SRC-CANON-0327-0527,S31,false,https://www.iea.org/reports/breakthrough-agenda-report-2025/road-transport,1,"IEA, _Road transport — Breakthrough Agenda Report 2025_ (2025)",https://www.iea.org/reports/breakthrough-agenda-report-2025/road-transport
S32,SRC-CANON-0327-0566,S32,false,https://www.iea.org/reports/global-ev-outlook-2025/trends-in-heavy-duty-electric-vehicles,1,"IEA, _Trends in heavy-duty electric vehicles — Global EV Outlook 2025_ (2025)",https://www.iea.org/reports/global-ev-outlook-2025/trends-in-heavy-duty-electric-vehicles
S33,SRC-CANON-0327-0519,S33,false,https://www.iea.org/energy-system/transport/aviation,1,"IEA, _Aviation_ tracking page (2025)",https://www.iea.org/energy-system/transport/aviation
S34,SRC-CANON-0327-0615,S34,false,https://www.imo.org/en/mediacentre/pressbriefings/pages/imo-approves-netzero-regulations.aspx,1,"IMO, _IMO approves net-zero regulations for global shipping_ (2025)",https://www.imo.org/en/mediacentre/pressbriefings/pages/imo-approves-netzero-regulations.aspx
S35,SRC-CANON-0327-0499,S35,false,https://www.icao.int/environmental-protection/LTAG,1,"ICAO, _Long term global aspirational goal (LTAG) for international aviation_ (current page)",https://www.icao.int/environmental-protection/LTAG
S36,SRC-CANON-0327-0975,S36,false,unregistered-url::S36,1,"FAO, _Global deforestation slows, but forests remain under pressure, FAO report shows_ / Global Forest Resources Assessment 2025 (2025)",
S37,SRC-CANON-0327-0976,S37,false,unregistered-url::S37,1,"Convention on Wetlands (Ramsar), _Global Wetland Outlook 2025_ (2025)",
S38,SRC-CANON-0327-0861,S38,false,https://www.unep.org/resources/global-peatlands-assessment-2022,1,"UNEP, _Global Peatlands Assessment: The State of the World’s Peatlands_ (2022)",https://www.unep.org/resources/global-peatlands-assessment-2022
S39,SRC-CANON-0327-0065,S39,false,https://globalcarbonbudget.org/gcb-2025/the-global-carbon-budget-faqs-2025,1,"Global Carbon Project, _The Global Carbon Budget: FAQs 2025_ (2025)",https://globalcarbonbudget.org/gcb-2025/the-global-carbon-budget-faqs-2025/
S40,SRC-CANON-0327-0836,S40,false,https://www.undrr.org/gar/gar2025,1,"UNDRR, _Global Assessment Report 2025 (GAR 2025): Resilience Pays_ (2025)",https://www.undrr.org/gar/gar2025
S41,SRC-CANON-0327-0938,S41,false,https://www.worldbank.org/en/publication/rising-to-the-challenge-climate-adaptation-resilience,1,"World Bank, _Rising to the Challenge: Success Stories and Strategies for Achieving Climate Adaptation and Resilience_ (2024 publication page current in 2025–2026)",https://www.worldbank.org/en/publication/rising-to-the-challenge-climate-adaptation-resilience
S42,SRC-CANON-0327-0977,S42,false,unregistered-url::S42,1,"The State of Carbon Dioxide Removal, _2nd Edition_ / home summary page (2024, current site)",
S43,SRC-CANON-0327-0509,S43,false,https://www.iea.org/energy-system/carbon-capture-utilisation-and-storage,1,"IEA, _Carbon Capture Utilisation and Storage_ tracking page (2024)",https://www.iea.org/energy-system/carbon-capture-utilisation-and-storage
S44,SRC-CANON-0327-0512,S44,false,https://www.iea.org/energy-system/carbon-capture-utilisation-and-storage/direct-air-capture,1,"IEA, _Direct Air Capture_ tracking page (2024)",https://www.iea.org/energy-system/carbon-capture-utilisation-and-storage/direct-air-capture
S45,SRC-CANON-0327-0510,S45,false,https://www.iea.org/energy-system/carbon-capture-utilisation-and-storage/bioenergy-with-carbon-capture-and-storage,1,"IEA, _Bioenergy with Carbon Capture and Storage_ tracking page (2024)",https://www.iea.org/energy-system/carbon-capture-utilisation-and-storage/bioenergy-with-carbon-capture-and-storage
S46,SRC-CANON-0327-0511,S46,false,https://www.iea.org/energy-system/carbon-capture-utilisation-and-storage/co2-transport-and-storage,1,"IEA, _CO2 Transport and Storage_ tracking page (2024)",https://www.iea.org/energy-system/carbon-capture-utilisation-and-storage/co2-transport-and-storage
S47,SRC-CANON-0327-0559,S47,false,https://www.iea.org/reports/global-critical-minerals-outlook-2025/executive-summary,1,"IEA, _Global Critical Minerals Outlook 2025: Executive summary_ (2025)",https://www.iea.org/reports/global-critical-minerals-outlook-2025/executive-summary
S48,SRC-CANON-0327-0525,S48,false,https://www.iea.org/reports/batteries-and-secure-energy-transitions/executive-summary,1,"IEA, _Batteries and Secure Energy Transitions: Executive summary_ (2024; current analysis page used in archive)",https://www.iea.org/reports/batteries-and-secure-energy-transitions/executive-summary
S49,SRC-CANON-0327-0586,S49,false,https://www.iea.org/reports/sustainable-and-responsible-critical-mineral-supply-chains/executive-summary,1,"IEA, _Sustainable and Responsible Critical Mineral Supply Chains: Executive summary_ (2023)",https://www.iea.org/reports/sustainable-and-responsible-critical-mineral-supply-chains/executive-summary
S50,SRC-CANON-0327-0580,S50,false,https://www.iea.org/reports/recycling-of-critical-minerals/executive-summary,1,"IEA, _Recycling of Critical Minerals: Executive summary_ (2024)",https://www.iea.org/reports/recycling-of-critical-minerals/executive-summary
S51,SRC-CANON-0327-0547,S51,false,https://www.iea.org/reports/energy-efficiency-2025/buildings,1,"IEA, _Energy Efficiency 2025 — Buildings_ (2025)",https://www.iea.org/reports/energy-efficiency-2025/buildings
S52,SRC-CANON-0327-0508,S52,false,https://www.iea.org/energy-system/buildings/heat-pumps,1,"IEA, _Heat Pumps_ tracking page (current page; accessed 2026)",https://www.iea.org/energy-system/buildings/heat-pumps
S53,SRC-CANON-0327-0555,S53,false,https://www.iea.org/reports/energy-efficiency-policy-toolkit-2025/heat-pumps-for-buildings,1,"IEA, _Energy Efficiency Policy Toolkit 2025 — Heat Pumps for Buildings_ (2025)",https://www.iea.org/reports/energy-efficiency-policy-toolkit-2025/heat-pumps-for-buildings
S54,SRC-CANON-0327-0526,S54,false,https://www.iea.org/reports/breakthrough-agenda-report-2025/building,1,"IEA, _Breakthrough Agenda Report 2025 — Building_ (2025)",https://www.iea.org/reports/breakthrough-agenda-report-2025/building
S55,SRC-CANON-0327-0540,S55,false,https://www.iea.org/reports/electricity-2026/executive-summary,1,"IEA, _Electricity 2026: Executive summary_ (2026)",https://www.iea.org/reports/electricity-2026/executive-summary
S56,SRC-CANON-0327-0541,S56,false,https://www.iea.org/reports/electricity-2026/flexibility,1,"IEA, _Electricity 2026 — Flexibility_ (2026)",https://www.iea.org/reports/electricity-2026/flexibility
S57,SRC-CANON-0327-0576,S57,false,https://www.iea.org/reports/integrating-solar-and-wind/executive-summary,1,"IEA, _Integrating Solar and Wind: Executive summary_ (2024)",https://www.iea.org/reports/integrating-solar-and-wind/executive-summary
S58,SRC-CANON-0327-0592,S58,false,https://www.iea.org/reports/the-value-of-demand-flexibility/executive-summary,1,"IEA, _The Value of Demand Flexibility: Executive summary_ (2025)",https://www.iea.org/reports/the-value-of-demand-flexibility/executive-summary
S59,SRC-CANON-0327-0992,S59,false,unregistered-url::S59,1,"OECD, _Governing for the green transition_ / _Government at a Glance 2025_ chapter (2025)",
S60,SRC-CANON-0327-0753,S60,false,https://www.oecd.org/en/publications/diagnostic-toolkit-for-reducing-regulatory-barriers-to-solar-wind-and-pumped-hydro-storage-in-the-european-union_15f4aed4-en/full-report/spatial-planning-and-permitting_279bc96f.html,1,"OECD, _Diagnostic Toolkit for Reducing Regulatory Barriers to Solar, Wind and Pumped Hydro Storage in the European Union — Spatial Planning and Permitting_ (2025)",https://www.oecd.org/en/publications/diagnostic-toolkit-for-reducing-regulatory-barriers-to-solar-wind-and-pumped-hydro-storage-in-the-european-union_15f4aed4-en/full-report/spatial-planning-and-permitting_279bc96f.html
S61,SRC-CANON-0327-0781,S61,false,https://www.oecd.org/en/publications/oecd-regulatory-policy-outlook-2025_56b60e39-en/full-report/regulating-for-the-planet_a5fdd03c.html,1,"OECD, _Regulating for the planet: OECD Regulatory Policy Outlook 2025_ (2025)",https://www.oecd.org/en/publications/oecd-regulatory-policy-outlook-2025_56b60e39-en/full-report/regulating-for-the-planet_a5fdd03c.html
S62,SRC-CANON-0327-0593,S62,false,https://www.iea.org/reports/world-energy-employment-2025/executive-summary,1,"IEA, _World Energy Employment 2025: Executive summary_ (2025)",https://www.iea.org/reports/world-energy-employment-2025/executive-summary
S63,SRC-CANON-0327-0627,S63,false,https://www.irena.org/Publications/2026/Jan/Renewable-energy-and-jobs-Annual-review-2025,1,"IRENA, _Renewable energy and jobs: Annual review 2025_ (2026)",https://www.irena.org/Publications/2026/Jan/Renewable-energy-and-jobs-Annual-review-2025
S64,SRC-CANON-0327-0583,S64,false,https://www.iea.org/reports/renewables-2025/executive-summary,1,"IEA, _Renewables 2025: Executive summary_ (2025)",https://www.iea.org/reports/renewables-2025/executive-summary
S65,SRC-CANON-0327-0172,S65,false,https://unfccc.int/process-and-meetings/transparency-and-reporting/reporting-and-review/reporting-and-review-under-the-paris-agreement/biennial-transparency-reports/2025-synthesis-report-of-biennial-transparency-reports,1,"UNFCCC, _2025 Synthesis Report of Biennial Transparency Reports_ (2025)",https://unfccc.int/process-and-meetings/transparency-and-reporting/reporting-and-review/reporting-and-review-under-the-paris-agreement/biennial-transparency-reports/2025-synthesis-report-of-biennial-transparency-reports
S66,SRC-CANON-0327-0869,S66,false,https://www.unep.org/topics/energy/methane/methane-alert-and-response-system-mars,1,"UNEP, _Methane Alert and Response System (MARS)_ (page updated 2025)",https://www.unep.org/topics/energy/methane/methane-alert-and-response-system-mars
S67,SRC-CANON-0327-0852,S67,false,https://www.unep.org/news-and-stories/press-release/better-data-driving-action-methane-emissions-more-work-needed,1,"UNEP, _Better data driving action on methane emissions, but more work needed_ (2025)",https://www.unep.org/news-and-stories/press-release/better-data-driving-action-methane-emissions-more-work-needed
S68,SRC-CANON-0327-0534,S27,true,https://www.iea.org/reports/definitions-for-near-zero-and-low-emissions-steel-and-cement-and-underlying-emissions-measurement-methodologies/executive-summary,0,"IEA, _Definitions for Near-Zero and Low-Emissions Steel and Cement, and Underlying Emissions Measurement Methodologies_ (2024)",https://www.iea.org/reports/definitions-for-near-zero-and-low-emissions-steel-and-cement-and-underlying-emissions-measurement-methodologies/executive-summary
S69,SRC-CANON-0327-0574,S69,false,https://www.iea.org/reports/household-energy-affordability/executive-summary,1,"IEA, _Household Energy Affordability: Executive summary_ (2026)",https://www.iea.org/reports/household-energy-affordability/executive-summary
S70,SRC-CANON-0327-0944,S70,false,https://www.worldbank.org/en/topic/energy/publication/tracking-sdg-7-the-energy-progress-report-2025,1,"World Bank / IEA / IRENA / WHO / UNSD, _Tracking SDG 7: The Energy Progress Report 2025_ (2025)",https://www.worldbank.org/en/topic/energy/publication/tracking-sdg-7-the-energy-progress-report-2025
S71,SRC-CANON-0327-0607,S71,false,https://www.ilo.org/publications/flagship-reports/world-social-protection-report-2024-26-universal-social-protection-climate,1,"ILO, _World Social Protection Report 2024-26: Universal social protection for climate action and a just transition_ (2024)",https://www.ilo.org/publications/flagship-reports/world-social-protection-report-2024-26-universal-social-protection-climate
S72,SRC-CANON-0327-0201,S72,false,https://wmo.int/resources/publication-series/state-of-global-water-resources/state-of-global-water-resources-2024,1,"WMO, _State of Global Water Resources 2024_ (2025)",https://wmo.int/resources/publication-series/state-of-global-water-resources/state-of-global-water-resources-2024
S73,SRC-CANON-0327-0885,S73,false,https://www.unwater.org/publications/un-world-water-development-report-2025,1,"UN-Water / UNESCO, _UN World Water Development Report 2025: Mountains and Glaciers – Water towers_ (2025)",https://www.unwater.org/publications/un-world-water-development-report-2025
S74,SRC-CANON-0327-0948,S74,false,https://www.worldbank.org/en/topic/water/brief/drought-resilience,1,"World Bank, _Drought Resilience_ (page updated 2025)",https://www.worldbank.org/en/topic/water/brief/drought-resilience
S75,SRC-CANON-0327-0936,S75,false,https://www.worldbank.org/en/publication/continental-drying-a-threat-to-our-common-future,1,"World Bank, _Continental Drying: A Threat to Our Common Future_ (2025)",https://www.worldbank.org/en/publication/continental-drying-a-threat-to-our-common-future
S76,SRC-CANON-0327-0537,S76,false,https://www.iea.org/reports/electricity-2025/executive-summary,1,"IEA, _Electricity 2025: Executive summary_ (2025)",https://www.iea.org/reports/electricity-2025/executive-summary
S77,SRC-CANON-0327-0833,S77,false,https://www.undp.org/publications/urban-content-ndcs-local-climate-action-explored-through-depth-country-analyses,1,"UNDP / UN-Habitat / University of Southern Denmark, _Urban Content of NDCs: Local Climate Action Explored Through In-Depth Country Analyses_ (2024)",https://www.undp.org/publications/urban-content-ndcs-local-climate-action-explored-through-depth-country-analyses
S78,SRC-CANON-0327-0178,S78,false,https://unhabitat.org/wcr,1,"UN-Habitat, _World Cities Report 2024: Cities and Climate Action_ (2024)",https://unhabitat.org/wcr/
S79,SRC-CANON-0327-0545,S79,false,https://www.iea.org/reports/empowering-urban-energy-transitions/executive-summary,1,"IEA, _Empowering Urban Energy Transitions: Executive summary_ (2024)",https://www.iea.org/reports/empowering-urban-energy-transitions/executive-summary
S80,SRC-CANON-0327-0554,S80,false,https://www.iea.org/reports/energy-efficiency-policy-toolkit-2025/cities,1,"IEA, _Energy Efficiency Policy Toolkit 2025 — Cities_ (2025)",https://www.iea.org/reports/energy-efficiency-policy-toolkit-2025/cities
S81,SRC-CANON-0327-0759,S81,false,https://www.oecd.org/en/publications/financial-protection-against-catastrophic-risks_32a3acd7-en/full-report/assessment-and-recommendations_48bcda8b.html,1,"OECD, _Financial Protection Against Catastrophic Risks_ (2026)",https://www.oecd.org/en/publications/financial-protection-against-catastrophic-risks_32a3acd7-en/full-report/assessment-and-recommendations_48bcda8b.html
S82,SRC-CANON-0327-0825,S82,false,https://www.swissre.com/institute/research/sigma-research/sigma-2025-01-natural-catastrophes-trend.html,1,"Swiss Re Institute, _sigma 1/2025: Natural catastrophes: insured losses on trend to USD 145 billion in 2025_ (2025)",https://www.swissre.com/institute/research/sigma-research/sigma-2025-01-natural-catastrophes-trend.html
S83,SRC-CANON-0327-0839,S83,false,https://www.undrr.org/media/107058,1,"UNDRR, _Global Assessment Report 2025 / Resilience Pays: Financing and Investing for our Future_ (2025)",https://www.undrr.org/media/107058
S84,SRC-CANON-0327-0047,S84,false,https://documents1.worldbank.org/curated/en/546611605298449211/pdf/The-Adaptation-Principles-A-Guide-for-Designing-Strategies-for-Climate-Change-Adaptation-and-Resilience.pdf,1,"World Bank, _The Adaptation Principles: A Guide for Designing Strategies for Climate Change Adaptation and Resilience_ (2020, used here for still-relevant planning doctrine)",https://documents1.worldbank.org/curated/en/546611605298449211/pdf/The-Adaptation-Principles-A-Guide-for-Designing-Strategies-for-Climate-Change-Adaptation-and-Resilience.pdf
S85,SRC-CANON-0327-0999,S85,false,unregistered-url::S85,1,"WHO, _Air pollution_ / air-quality-and-health pages (current pages, accessed 2026)",
S86,SRC-CANON-0327-0910,S86,false,https://www.who.int/news-room/fact-sheets/detail/climate-change-heat-and-health,1,"WHO, _Heat and health_ fact sheet (2024)",https://www.who.int/news-room/fact-sheets/detail/climate-change-heat-and-health
S87,SRC-CANON-0327-1000,S87,false,unregistered-url::S87,1,"ILO, _Safety and health at work_ / excessive heat resources (2024–2025)",
S88,SRC-CANON-0327-1001,S88,false,unregistered-url::S88,1,"Lancet Countdown, _Explore Our Data_ / 2025 report indicators (2025)",
S89,SRC-CANON-0327-0924,S89,false,https://www.who.int/teams/environment-climate-change-and-health/climate-change-and-health/country-support/building-climate-resilient-health-systems,1,"WHO, _Building climate-resilient health systems_ (current page, accessed 2026)",https://www.who.int/teams/environment-climate-change-and-health/climate-change-and-health/country-support/building-climate-resilient-health-systems
S90,SRC-CANON-0327-1002,S90,false,unregistered-url::S90,1,"WHO, _Climate change_ topic pages and consultation material on the Global Plan of Action on Climate Change and Health (current / 2024 pages, accessed 2026)",
S91,SRC-CANON-0327-0581,S13,true,https://www.iea.org/reports/reducing-the-cost-of-capital/executive-summary,0,"IEA, _Reducing the Cost of Capital_ (2024)",https://www.iea.org/reports/reducing-the-cost-of-capital/executive-summary
S92,SRC-CANON-0327-0743,S92,false,https://www.oecd.org/en/publications/2025/03/global-debt-report-2025_bab6b51e/full-report/debt-financing-for-the-climate-transition_ea7c1ec5.html,1,"OECD, _Global Debt Report 2025_ / “Debt financing for the climate transition” (2025)",https://www.oecd.org/en/publications/2025/03/global-debt-report-2025_bab6b51e/full-report/debt-financing-for-the-climate-transition_ea7c1ec5.html
S93,SRC-CANON-0327-0614,S93,false,https://www.imf.org/-/media/files/publications/pp/2025/english/ppea2025002.pdf,1,"IMF, _Debt Vulnerabilities and Financing Challenges in Emerging Markets and Developing Economies: An Overview of Key Data_ (2025)",https://www.imf.org/-/media/files/publications/pp/2025/english/ppea2025002.pdf
S94,SRC-CANON-0327-0170,S94,false,https://unfccc.int/news/cop29-un-climate-conference-agrees-to-triple-finance-to-developing-countries-protecting-lives-and,1,"UNFCCC, _COP29 UN Climate Conference Agrees to Triple Finance to Developing Countries_ (2024)",https://unfccc.int/news/cop29-un-climate-conference-agrees-to-triple-finance-to-developing-countries-protecting-lives-and
S95,SRC-CANON-0327-0794,S95,false,https://www.oecd.org/en/publications/unlocking-local-currency-financing-in-emerging-markets-and-developing-economies_bc84fde7-en.html,1,"OECD, _Unlocking local currency financing in emerging markets and developing economies_ (2025)",https://www.oecd.org/en/publications/unlocking-local-currency-financing-in-emerging-markets-and-developing-economies_bc84fde7-en.html
S96,SRC-CANON-0327-0931,S96,false,https://www.worldbank.org/en/news/press-release/2024/07/01/world-bank-group-guarantee-platform-goes-live,1,"World Bank Group, _World Bank Group Guarantee Platform Goes Live_ (2024)",https://www.worldbank.org/en/news/press-release/2024/07/01/world-bank-group-guarantee-platform-goes-live
S97,SRC-CANON-0327-0739,S97,false,https://www.oecd.org/content/dam/oecd/en/publications/reports/2025/03/unlocking-the-potential-of-demand-side-climate-mitigation-strategies_194d0bae/78b3a9d0-en.pdf,1,"OECD, _Unlocking the potential of demand-side climate mitigation strategies_ (2025)",https://www.oecd.org/content/dam/oecd/en/publications/reports/2025/03/unlocking-the-potential-of-demand-side-climate-mitigation-strategies_194d0bae/78b3a9d0-en.pdf
S98,SRC-CANON-0327-0622,S98,false,https://www.ipcc.ch/report/ar6/wg3/chapter/summary-for-policymakers,1,"IPCC, _AR6 WGIII Summary for Policymakers_ (2022, current baseline)",https://www.ipcc.ch/report/ar6/wg3/chapter/summary-for-policymakers/
S99,SRC-CANON-0327-1003,S99,false,unregistered-url::S99,1,"UNEP-hosted International Resource Panel, _Global Resources Outlook 2024_ / UNEP launch summary (2024)",
S100,SRC-CANON-0327-0597,S100,false,https://www.iea.org/reports/world-energy-outlook-2025/net-zero-emissions-by-2050,1,"IEA, _World Energy Outlook 2025 — Net Zero Emissions by 2050_ (2025)",https://www.iea.org/reports/world-energy-outlook-2025/net-zero-emissions-by-2050
S101,SRC-CANON-0327-0956,S101,false,unregistered-url::S101,1,"UNEP, _Emissions Gap Report 2025: Off Target_ / UNEP press release (2025)",
S102,SRC-CANON-0327-0594,S6,true,https://www.iea.org/reports/world-energy-investment-2025/executive-summary,0,"IEA, _World Energy Investment 2025: Executive summary_ (2025)",https://www.iea.org/reports/world-energy-investment-2025/executive-summary
S103,SRC-CANON-0327-0542,S103,false,https://www.iea.org/reports/electricity-2026/grids,1,"IEA, _Electricity 2026 — Grids_ (2026)",https://www.iea.org/reports/electricity-2026/grids
S104,SRC-CANON-0327-0860,S16,true,https://www.unep.org/resources/global-cooling-watch-2025,0,"UNEP, _Global Cooling Watch 2025_ (2025)",https://www.unep.org/resources/global-cooling-watch-2025
S105,SRC-CANON-0327-0192,S105,false,https://wmo.int/news/media-centre/wmo-confirms-2025-was-one-of-warmest-years-record,1,"WMO, _WMO confirms 2025 was one of warmest years on record_ (2026)",https://wmo.int/news/media-centre/wmo-confirms-2025-was-one-of-warmest-years-record
S106,SRC-CANON-0327-0548,S106,false,https://www.iea.org/reports/energy-efficiency-2025/executive-summary,1,"IEA, _Energy Efficiency 2025: Executive summary_ (2025)",https://www.iea.org/reports/energy-efficiency-2025/executive-summary
S107,SRC-CANON-0327-0957,S107,false,unregistered-url::S107,1,"IRENA, _Renewable Power Generation Costs in 2024_ / 2025 press release summary (2025)",
S108,SRC-CANON-0327-0958,S108,false,unregistered-url::S108,1,"WMO / UNDRR, _Global Status of Multi-Hazard Early Warning Systems 2025_ / related WMO-UNDRR releases (2025)",
S109,SRC-CANON-0327-0193,S109,false,https://wmo.int/news/media-centre/wmo-report-documents-spiralling-weather-and-climate-impacts,1,"WMO, _WMO report documents spiralling weather and climate impacts_ (2025)",https://wmo.int/news/media-centre/wmo-report-documents-spiralling-weather-and-climate-impacts
S110,SRC-CANON-0327-0620,S110,false,https://www.ipcc.ch/report/ar6/wg2/resources/spm-headline-statements,1,"IPCC, _AR6 WGII Summary for Policymakers — Headline Statements_ (2022, current baseline)",https://www.ipcc.ch/report/ar6/wg2/resources/spm-headline-statements/
S111,SRC-CANON-0327-0592,S58,true,https://www.iea.org/reports/the-value-of-demand-flexibility/executive-summary,0,"IEA, _The Value of Demand Flexibility: Executive summary_ (2025)",https://www.iea.org/reports/the-value-of-demand-flexibility/executive-summary
S112,SRC-CANON-0327-0783,S112,false,https://www.oecd.org/en/publications/packaging-and-sequencing-policies-for-more-effective-climate-action_51d3656b-en.html,1,"OECD, _Packaging and sequencing policies for more effective climate action_ (2025)",https://www.oecd.org/en/publications/packaging-and-sequencing-policies-for-more-effective-climate-action_51d3656b-en.html
S113,SRC-CANON-0327-0959,S113,false,unregistered-url::S113,1,"UNFCCC, _Transparency under the Paris Agreement: Driving implementation_ / BTR and ETF pages (2025–2026)",
S114,SRC-CANON-0327-0960,S114,false,unregistered-url::S114,1,"OECD, _The Climate Action Monitor 2025_ (2025)",
S115,SRC-CANON-0327-0768,S115,false,https://www.oecd.org/en/publications/harnessing-mission-governance-to-achieve-national-climate-targets_781146eb-en.html,1,"OECD, _Harnessing Mission Governance to Achieve National Climate Targets_ (2025)",https://www.oecd.org/en/publications/harnessing-mission-governance-to-achieve-national-climate-targets_781146eb-en.html
S116,SRC-CANON-0327-0961,S116,false,unregistered-url::S116,1,"UNFCCC, _Yearbook of Global Climate Action 2025_ / launch article (2025)",
S117,SRC-CANON-0327-0749,S117,false,https://www.oecd.org/en/publications/a-place-based-approach-to-climate-action-and-resilience_fafbf518-en.html,1,"OECD, _A place-based approach to climate action and resilience_ (2025)",https://www.oecd.org/en/publications/a-place-based-approach-to-climate-action-and-resilience_fafbf518-en.html
S118,SRC-CANON-0327-0780,S118,false,https://www.oecd.org/en/publications/oecd-regulatory-policy-outlook-2025_56b60e39-en/full-report/regulating-for-people_6d2fc8d4.html,1,"OECD, _Regulating for people: OECD Regulatory Policy Outlook 2025_ (2025)",https://www.oecd.org/en/publications/oecd-regulatory-policy-outlook-2025_56b60e39-en/full-report/regulating-for-people_6d2fc8d4.html
S119,SRC-CANON-0327-0550,S119,false,https://www.iea.org/reports/energy-efficiency-policy-toolkit-2024/energy-efficiency-policy-toolkit-2024-from-versailles-to-nairobi,1,"IEA, _Energy Efficiency Policy Toolkit 2024: From Versailles to Nairobi_ (2024)",https://www.iea.org/reports/energy-efficiency-policy-toolkit-2024/energy-efficiency-policy-toolkit-2024-from-versailles-to-nairobi
S120,SRC-CANON-0327-0962,S120,false,unregistered-url::S120,1,"UNEP, _In warming world, new report charts how to expand cooling access to all without spiking emissions_ / _Global Cooling Watch 2025_ (2025)",
S121,SRC-CANON-0327-0963,S121,false,unregistered-url::S121,1,"OECD, _Management of asset performance throughout the life cycle_ / related _Government at a Glance 2025_ infrastructure-governance sections (2025)",
S122,SRC-CANON-0327-0528,S122,false,https://www.iea.org/reports/building-the-future-transmission-grid/executive-summary,1,"IEA, _Building the Future Transmission Grid: Executive summary_ (2025)",https://www.iea.org/reports/building-the-future-transmission-grid/executive-summary
S123,SRC-CANON-0327-0792,S123,false,https://www.oecd.org/en/publications/towards-interoperable-carbon-intensity-metrics_b185bcfa-en.html,1,"OECD, _Towards interoperable carbon intensity metrics: Assessing monitoring, reporting and verification systems_ (2025)",https://www.oecd.org/en/publications/towards-interoperable-carbon-intensity-metrics_b185bcfa-en.html
S124,SRC-CANON-0327-0964,S124,false,unregistered-url::S124,1,"OECD, _Reinforcing Regulatory Frameworks through Standards, Measurements and Assurance: Making Better Use of Quality Infrastructure in Policymaking_ (2025)",
S125,SRC-CANON-0327-0527,S31,true,https://www.iea.org/reports/breakthrough-agenda-report-2025/road-transport,0,"IEA, _Breakthrough Agenda Report 2025_ — road transport section (2025)",https://www.iea.org/reports/breakthrough-agenda-report-2025/road-transport
S126,SRC-CANON-0327-0782,S126,false,https://www.oecd.org/en/publications/oecd-supply-chain-resilience-review_94e3a8ea-en.html,1,"OECD, _OECD Supply Chain Resilience Review: Navigating Risks_ (2025)",https://www.oecd.org/en/publications/oecd-supply-chain-resilience-review_94e3a8ea-en.html
S127,SRC-CANON-0327-0755,S127,false,https://www.oecd.org/en/publications/enhancing-the-resilience-of-communication-networks_d6920477-en.html,1,"OECD, _Enhancing the resilience of communication networks_ (2025)",https://www.oecd.org/en/publications/enhancing-the-resilience-of-communication-networks_d6920477-en.html
S128,SRC-CANON-0327-0772,S128,false,https://www.oecd.org/en/publications/infrastructure-for-a-climate-resilient-future_a74a45b0-en.html,1,"OECD, _Infrastructure for a Climate-Resilient Future_ (2024)",https://www.oecd.org/en/publications/infrastructure-for-a-climate-resilient-future_a74a45b0-en.html
S129,SRC-CANON-0327-0778,S129,false,https://www.oecd.org/en/publications/oecd-guidelines-for-fighting-bid-rigging-in-public-procurement-2025-update_cbe05a56-en/full-report.html,1,"OECD, _OECD Guidelines for Fighting Bid Rigging in Public Procurement (2025 Update)_ (2025)",https://www.oecd.org/en/publications/oecd-guidelines-for-fighting-bid-rigging-in-public-procurement-2025-update_cbe05a56-en/full-report.html
S130,SRC-CANON-0327-0771,S130,false,https://www.oecd.org/en/publications/implementing-the-oecd-recommendation-on-public-procurement-in-oecd-and-partner-countries_02a46a58-en.html,1,"OECD, _Implementing the OECD Recommendation on Public Procurement in OECD and Partner Countries: 2020-2024 Report_ (2025)",https://www.oecd.org/en/publications/implementing-the-oecd-recommendation-on-public-procurement-in-oecd-and-partner-countries_02a46a58-en.html
S131,SRC-CANON-0327-0965,S131,false,unregistered-url::S131,1,"World Bank, _Project Procurement_ / _Project Procurement Framework_ pages (2025)",
S132,SRC-CANON-0327-0966,S132,false,unregistered-url::S132,1,"IEA, _COP28 Tripling Renewable Capacity Pledge_ — policy priority areas for advanced economies and for developing and emerging economies (2024, used in 2026 archive revision)",
S133,SRC-CANON-0327-0967,S133,false,unregistered-url::S133,1,"Climate and Clean Air Coalition / UNEP, _Global Methane Status Report 2025_ and related Global Methane Pledge pages (2025–2026)",
S134,SRC-CANON-0327-0515,S134,false,https://www.iea.org/energy-system/energy-efficiency-and-demand/energy-efficiency,1,"IEA, _Energy Efficiency_ topic page / tracking page (current 2025 view)",https://www.iea.org/energy-system/energy-efficiency-and-demand/energy-efficiency
S135,SRC-CANON-0327-0968,S135,false,unregistered-url::S135,1,"UNFCCC, _Paris Agreement Crediting Mechanism_ / _Key rules agreed for credible climate project crediting under UN carbon market_ / ETF FAQ (2025–2026)",
S136,SRC-CANON-0327-0969,S136,false,unregistered-url::S136,1,"World Bank, _Measuring, Reporting, and Verifying (MRV) Carbon Credits_ and _Carbon Crediting: A Results-based Approach to Mobilizing Additional Climate Financing_ (2025)",
S137,SRC-CANON-0327-0536,S137,false,https://www.iea.org/reports/designing-energy-efficiency-policies-to-enhance-affordability,1,"IEA, _Designing Energy Efficiency Policies to Enhance Affordability_ (2025)",https://www.iea.org/reports/designing-energy-efficiency-policies-to-enhance-affordability
S138,SRC-CANON-0327-0774,S138,false,https://www.oecd.org/en/publications/investing-in-climate-for-growth-and-development_16b7cbc7-en/full-report/investing-in-climate-for-growth-and-development-policy-highlights_867ee4f8.html,1,"OECD, _Investing in Climate for Growth and Development: Policy Highlights_ (2025)",https://www.oecd.org/en/publications/investing-in-climate-for-growth-and-development_16b7cbc7-en/full-report/investing-in-climate-for-growth-and-development-policy-highlights_867ee4f8.html
S139,SRC-CANON-0327-0598,S139,false,https://www.iea.org/topics/fossil-fuel-subsidies,1,"IEA, _Fossil Fuel Subsidies_ topic page (current 2026 view)",https://www.iea.org/topics/fossil-fuel-subsidies
S140,SRC-CANON-0327-0763,S140,false,https://www.oecd.org/en/publications/getting-the-public-on-side_262255fd-en.html,1,"OECD, _Getting the Public on Side_ (2025)",https://www.oecd.org/en/publications/getting-the-public-on-side_262255fd-en.html
S141,SRC-CANON-0327-0970,S141,false,unregistered-url::S141,1,"IEA, _People-Centred Clean Energy Transitions_ programme page / _IEA Global Commission launches landmark Blueprint for Action on Just and Inclusive Energy Transitions_ (2025)",
S142,SRC-CANON-0327-0971,S142,false,unregistered-url::S142,1,"UNFCCC, _New Report on Just Transition Frameworks_ and _UN Climate Change Quarterly Update: Q4 2025_ (2025–2026)",
S143,SRC-CANON-0327-0585,S143,false,https://www.iea.org/reports/strategies-for-affordable-and-fair-clean-energy-transitions/executive-summary,1,"IEA, _Strategies for Affordable and Fair Clean Energy Transitions: Executive summary_ (2025)",https://www.iea.org/reports/strategies-for-affordable-and-fair-clean-energy-transitions/executive-summary
S144,SRC-CANON-0327-0507,S144,false,https://www.iea.org/commentaries/why-the-growth-of-energy-service-companies-is-uneven-globally,1,"IEA, _Why the growth of energy service companies is uneven globally_ (2026)",https://www.iea.org/commentaries/why-the-growth-of-energy-service-companies-is-uneven-globally
S145,SRC-CANON-0327-0796,S23,true,https://www.oecd.org/en/topics/fossil-fuel-support.html,0,"OECD, _Fossil fuel support_ topic page / 2025 Inventory of Support Measures for Fossil Fuels (current 2026 view)",https://www.oecd.org/en/topics/fossil-fuel-support.html
S146,SRC-CANON-0327-0552,S146,false,https://www.iea.org/reports/energy-efficiency-policy-toolkit-2025/appliances,1,"IEA, _Energy Efficiency Policy Toolkit 2025 — Appliances_ (2025)",https://www.iea.org/reports/energy-efficiency-policy-toolkit-2025/appliances
S147,SRC-CANON-0327-0767,S147,false,https://www.oecd.org/en/publications/government-at-a-glance-2025_0efd0bcd-en/full-report/governing-for-the-green-transition_075e9a83.html,1,"OECD, _Governing for the green transition: Government at a Glance 2025_ (2025)",https://www.oecd.org/en/publications/government-at-a-glance-2025_0efd0bcd-en/full-report/governing-for-the-green-transition_075e9a83.html
S148,SRC-CANON-0327-0788,S148,false,https://www.oecd.org/en/publications/the-paris-agreement-at-ten-years_c5f214dc-en.html,1,"OECD, _The Paris Agreement at Ten Years_ (2025)",https://www.oecd.org/en/publications/the-paris-agreement-at-ten-years_c5f214dc-en.html
S149,SRC-CANON-0327-0517,S149,false,https://www.iea.org/energy-system/renewables,1,"IEA, _Renewables_ topic page (updated 30 January 2025; accessed March 2026)",https://www.iea.org/energy-system/renewables
S150,SRC-CANON-0327-0770,S150,false,https://www.oecd.org/en/publications/implementing-regional-development-strategies_ae8b0b0e-en.html,1,"OECD, _Implementing regional development strategies_ (2025)",https://www.oecd.org/en/publications/implementing-regional-development-strategies_ae8b0b0e-en.html
S151,SRC-CANON-0327-0551,S151,false,https://www.iea.org/reports/energy-efficiency-policy-toolkit-2025,1,"IEA, _Energy Efficiency Policy Toolkit 2025_ (2025)",https://www.iea.org/reports/energy-efficiency-policy-toolkit-2025
S152,SRC-CANON-0327-0098,S152,false,https://ndcpartnership.org/news/plans-progress-essential-actions-effective-ndc-implementation,1,"NDC Partnership, _From Plans to Progress: Essential Actions for Effective NDC Implementation_ (2025)",https://ndcpartnership.org/news/plans-progress-essential-actions-effective-ndc-implementation
S153,SRC-CANON-0327-0777,S153,false,https://www.oecd.org/en/publications/oecd-dac-blended-finance-guidance-2025_e4a13d2c-en/full-report/principle-2-design-blended-finance-to-increase-the-mobilisation-of-commercial-finance_996e5e2d.html,1,"OECD, _Principle 2: Design blended finance to increase the mobilisation of commercial finance_ in _OECD DAC Blended Finance Guidance 2025_ (2025)",https://www.oecd.org/en/publications/oecd-dac-blended-finance-guidance-2025_e4a13d2c-en/full-report/principle-2-design-blended-finance-to-increase-the-mobilisation-of-commercial-finance_996e5e2d.html
S154,SRC-CANON-0327-0529,S154,false,https://www.iea.org/reports/clean-energy-innovation/innovation-needs-in-the-sustainable-development-scenario,1,"IEA, _Innovation needs in the Sustainable Development Scenario_ (2019; accessed March 2026)",https://www.iea.org/reports/clean-energy-innovation/innovation-needs-in-the-sustainable-development-scenario
S155,SRC-CANON-0327-0518,S155,false,https://www.iea.org/energy-system/renewables/solar-pv,1,"IEA, _Solar PV_ topic page (updated 2025; accessed March 2026)",https://www.iea.org/energy-system/renewables/solar-pv
S156,SRC-CANON-0327-0625,S156,false,https://www.irena.org/-/media/Files/IRENA/Agency/Publication/2025/Dec/IRENA_TEC_Enhancing_resilience_power_infrastructure_2025.pdf,1,"IRENA, _Enhancing resilience: Climate-proofing power infrastructure_ (2025)",https://www.irena.org/-/media/Files/IRENA/Agency/Publication/2025/Dec/IRENA_TEC_Enhancing_resilience_power_infrastructure_2025.pdf
S157,SRC-CANON-0327-0578,S157,false,https://www.iea.org/reports/net-zero-roadmap-a-global-pathway-to-keep-the-15-c-goal-in-reach/executive-summary,1,"IEA, _Net Zero Roadmap: A Global Pathway to Keep the 1.5 °C Goal in Reach — Executive summary_ (2023; accessed March 2026)",https://www.iea.org/reports/net-zero-roadmap-a-global-pathway-to-keep-the-15-c-goal-in-reach/executive-summary
S158,SRC-CANON-0327-0522,S158,false,https://www.iea.org/news/global-energy-investment-set-to-rise-to-33-trillion-in-2025-amid-economic-uncertainty-and-energy-security-concerns,1,"IEA, _Global energy investment set to rise to $3.3 trillion in 2025 amid economic uncertainty and energy security concerns_ (news summary of _World Energy Investment 2025_, 5 June 2025)",https://www.iea.org/news/global-energy-investment-set-to-rise-to-33-trillion-in-2025-amid-economic-uncertainty-and-energy-security-concerns
S159,SRC-CANON-0327-0516,S159,false,https://www.iea.org/energy-system/fossil-fuels/coal,1,"IEA, _Coal_ topic page (updated 26 March 2024; accessed March 2026)",https://www.iea.org/energy-system/fossil-fuels/coal
S160,SRC-CANON-0327-0568,S160,false,https://www.iea.org/reports/global-hydrogen-review-2025/trade-and-infrastructure,1,"IEA, _Global Hydrogen Review 2025 — Trade and infrastructure_ (2025)",https://www.iea.org/reports/global-hydrogen-review-2025/trade-and-infrastructure
S161,SRC-CANON-0327-0761,S161,false,https://www.oecd.org/en/publications/future-proofing-real-estate-investment_2dd12063-en/full-report/managing-climate-related-risks-for-resilient-real-estate_fe6a5ab0.html,1,"OECD, _Managing climate-related risks for resilient real estate_ in _Future-Proofing Real Estate Investment_ (2025)",https://www.oecd.org/en/publications/future-proofing-real-estate-investment_2dd12063-en/full-report/managing-climate-related-risks-for-resilient-real-estate_fe6a5ab0.html
S162,SRC-CANON-0327-0553,S162,false,https://www.iea.org/reports/energy-efficiency-policy-toolkit-2025/buildings,1,"IEA, _Buildings_ in _Energy Efficiency Policy Toolkit 2025_ (2025)",https://www.iea.org/reports/energy-efficiency-policy-toolkit-2025/buildings
S163,SRC-CANON-0327-0565,S30,true,https://www.iea.org/reports/global-ev-outlook-2025/executive-summary,0,"IEA, _Executive summary_ in _Global EV Outlook 2025_ (2025)",https://www.iea.org/reports/global-ev-outlook-2025/executive-summary
S164,SRC-CANON-0327-0838,S164,false,https://www.undrr.org/implementing-sendai-framework/strenthening-readiness-for-resilient-recovery,1,"UNDRR, _Strengthening readiness for resilient recovery_ (2025)",https://www.undrr.org/implementing-sendai-framework/strenthening-readiness-for-resilient-recovery
S165,SRC-CANON-0327-0558,S165,false,https://www.iea.org/reports/germany-2025,1,"IEA, _Germany 2025_ (2025)",https://www.iea.org/reports/germany-2025
S166,SRC-CANON-0327-0515,S134,true,https://www.iea.org/energy-system/energy-efficiency-and-demand/energy-efficiency,0,"IEA, _Energy Efficiency_ topic page (updated 2025; accessed March 2026)",https://www.iea.org/energy-system/energy-efficiency-and-demand/energy-efficiency
S167,SRC-CANON-0327-0568,S160,true,https://www.iea.org/reports/global-hydrogen-review-2025/trade-and-infrastructure,0,"IEA, _Trade and infrastructure_ in _Global Hydrogen Review 2025_ (2025)",https://www.iea.org/reports/global-hydrogen-review-2025/trade-and-infrastructure
S168,SRC-CANON-0327-0513,S168,false,https://www.iea.org/energy-system/electricity/electrification,1,"IEA, _Electrification_ topic page (updated 11 July 2023; accessed March 2026)",https://www.iea.org/energy-system/electricity/electrification
S169,SRC-CANON-0327-0851,S169,false,https://www.unep.org/news-and-stories/press-release/amid-rising-heat-sustainable-cooling-can-slash-emissions-and-save,1,"UNEP, _Amid rising heat, sustainable cooling can slash emissions and save trillions of dollars_ (11 November 2025)",https://www.unep.org/news-and-stories/press-release/amid-rising-heat-sustainable-cooling-can-slash-emissions-and-save
S170,SRC-CANON-0327-0798,S170,false,https://www.oecd.org/en/topics/resource-efficiency-and-circular-economy.html,1,"OECD, _Resource efficiency and circular economy_ topic page (updated 2025; accessed March 2026)",https://www.oecd.org/en/topics/resource-efficiency-and-circular-economy.html
S171,SRC-CANON-0327-0757,S171,false,https://www.oecd.org/en/publications/environmental-outlook-on-the-triple-planetary-crisis_257ffbb6-en/full-report/roadmap-for-policy-action_b27692cb.html,1,"OECD, _Roadmap for policy action_ in _Environmental Outlook on the Triple Planetary Crisis_ (2025)",https://www.oecd.org/en/publications/environmental-outlook-on-the-triple-planetary-crisis_257ffbb6-en/full-report/roadmap-for-policy-action_b27692cb.html
S172,SRC-CANON-0327-0784,S172,false,https://www.oecd.org/en/publications/place-based-policies-for-the-future_e5ff6716-en.html,1,"OECD, _Place-Based Policies for the Future_ (2025)",https://www.oecd.org/en/publications/place-based-policies-for-the-future_e5ff6716-en.html
S173,SRC-CANON-0327-0098,S152,true,https://ndcpartnership.org/news/plans-progress-essential-actions-effective-ndc-implementation,0,"NDC Partnership, _From Plans to Progress: Essential Actions for Effective NDC Implementation_ (2025)",https://ndcpartnership.org/news/plans-progress-essential-actions-effective-ndc-implementation
S174,SRC-CANON-0327-0558,S165,true,https://www.iea.org/reports/germany-2025,0,"IEA, _Germany 2025_ (2025)",https://www.iea.org/reports/germany-2025
S175,SRC-CANON-0327-0173,S175,false,https://unfccc.int/topics/adaptation-and-resilience/the-big-picture/introduction,1,"UNFCCC, _Adaptation and resilience — Introduction_ (accessed March 2026)",https://unfccc.int/topics/adaptation-and-resilience/the-big-picture/introduction
S176,SRC-CANON-0327-0593,S62,true,https://www.iea.org/reports/world-energy-employment-2025/executive-summary,0,"IEA, _World Energy Employment 2025 — Executive summary_ (2025)",https://www.iea.org/reports/world-energy-employment-2025/executive-summary
S177,SRC-CANON-0327-0587,S177,false,https://www.iea.org/reports/the-future-of-heat-pumps/executive-summary,1,"IEA, _The Future of Heat Pumps — Executive summary_ (2022; accessed March 2026)",https://www.iea.org/reports/the-future-of-heat-pumps/executive-summary
S178,SRC-CANON-0327-0528,S122,true,https://www.iea.org/reports/building-the-future-transmission-grid/executive-summary,0,"IEA, _Building the Future Transmission Grid — Executive summary_ (2025)",https://www.iea.org/reports/building-the-future-transmission-grid/executive-summary
S179,SRC-CANON-0327-0626,S179,false,https://www.irena.org/Education/Call-to-Action-on-Skilling,1,"IRENA, _Call to Action on Skilling_ (2026)",https://www.irena.org/Education/Call-to-Action-on-Skilling
S180,SRC-CANON-0327-0532,S180,false,https://www.iea.org/reports/cop28-tripling-renewable-capacity-pledge/policy-priority-areas-for-advanced-economies,1,"IEA, _Policy priority areas for advanced economies_ in _COP28 Tripling Renewable Capacity Pledge_ (2025)",https://www.iea.org/reports/cop28-tripling-renewable-capacity-pledge/policy-priority-areas-for-advanced-economies
S181,SRC-CANON-0327-0779,S181,false,https://www.oecd.org/en/publications/oecd-regulatory-policy-outlook-2025_56b60e39-en.html,1,"OECD, _OECD Regulatory Policy Outlook 2025_ (2025)",https://www.oecd.org/en/publications/oecd-regulatory-policy-outlook-2025_56b60e39-en.html
S182,SRC-CANON-0327-0171,S182,false,https://unfccc.int/process-and-meetings/the-paris-agreement/nationally-determined-contributions-ndcs,1,"UNFCCC, _Nationally Determined Contributions (NDCs)_ (accessed March 2026)",https://unfccc.int/process-and-meetings/the-paris-agreement/nationally-determined-contributions-ndcs
S183,SRC-CANON-0327-0166,S183,false,https://unfccc.int/biennial-transparency-reports,1,"UNFCCC, _Biennial Transparency Reports_ (accessed March 2026)",https://unfccc.int/biennial-transparency-reports
S184,SRC-CANON-0327-0793,S184,false,https://www.oecd.org/en/publications/trade-implications-of-upstream-circular-economy-policies_5968c464-en.html,1,"OECD, _Trade implications of upstream circular economy policies_ (2024)",https://www.oecd.org/en/publications/trade-implications-of-upstream-circular-economy-policies_5968c464-en.html
S185,SRC-CANON-0327-0787,S185,false,https://www.oecd.org/en/publications/the-circular-economy-in-cities-and-regions-of-the-european-union_e09c21e2-en.html,1,"OECD, _The Circular Economy in Cities and Regions of the European Union_ (2025)",https://www.oecd.org/en/publications/the-circular-economy-in-cities-and-regions-of-the-european-union_e09c21e2-en.html
S186,SRC-CANON-0327-0148,S186,false,https://single-market-economy.ec.europa.eu/news/new-eu-rules-durable-energy-efficient-and-repairable-smartphones-and-tablets-start-applying-2025-06-20_en,1,"European Commission, _New EU rules for durable, energy-efficient and repairable smartphones and tablets start applying_ (20 June 2025)",https://single-market-economy.ec.europa.eu/news/new-eu-rules-durable-energy-efficient-and-repairable-smartphones-and-tablets-start-applying-2025-06-20_en
S187,SRC-CANON-0327-0021,S187,false,https://commission.europa.eu/law/law-topic/consumer-protection-law/directive-repair-goods_en,1,"European Commission, _Directive on repair of goods_ (accessed March 2026)",https://commission.europa.eu/law/law-topic/consumer-protection-law/directive-repair-goods_en
S188,SRC-CANON-0327-0564,S188,false,https://www.iea.org/reports/global-ev-outlook-2025/electric-vehicle-batteries,1,"IEA, _Electric vehicle batteries_ in _Global EV Outlook 2025_ (2025)",https://www.iea.org/reports/global-ev-outlook-2025/electric-vehicle-batteries
S189,SRC-CANON-0327-0580,S50,true,https://www.iea.org/reports/recycling-of-critical-minerals/executive-summary,0,"IEA, _Recycling of Critical Minerals — Executive summary_ (2024)",https://www.iea.org/reports/recycling-of-critical-minerals/executive-summary
S190,SRC-CANON-0327-0769,S190,false,https://www.oecd.org/en/publications/how-the-green-transition-reshapes-vocational-education-and-training_4819bf34-en/full-report.html,1,"OECD, _How the green transition reshapes vocational education and training_ (2025)",https://www.oecd.org/en/publications/how-the-green-transition-reshapes-vocational-education-and-training_4819bf34-en/full-report.html
S191,SRC-CANON-0327-0558,S165,true,https://www.iea.org/reports/germany-2025,0,"IEA, _Germany 2025_ (2025)",https://www.iea.org/reports/germany-2025
S192,SRC-CANON-0327-0533,S192,false,https://www.iea.org/reports/czechia-2025,1,"IEA, _Czechia 2025_ (2025)",https://www.iea.org/reports/czechia-2025
S193,SRC-CANON-0327-0740,S193,false,https://www.oecd.org/content/dam/oecd/en/publications/reports/2025/04/packaging-and-sequencing-policies-for-more-effective-climate-action_51d3656b/fced4e28-en.pdf,1,"OECD, _Packaging and sequencing policies for more effective climate action_ (2025)",https://www.oecd.org/content/dam/oecd/en/publications/reports/2025/04/packaging-and-sequencing-policies-for-more-effective-climate-action_51d3656b/fced4e28-en.pdf
S194,SRC-CANON-0327-0546,S194,false,https://www.iea.org/reports/energy-and-ai/executive-summary,1,"IEA, _Energy and AI: Executive summary_ (2025)",https://www.iea.org/reports/energy-and-ai/executive-summary
S195,SRC-CANON-0327-0584,S195,false,https://www.iea.org/reports/scaling-up-private-finance-for-clean-energy-in-emerging-and-developing-economies/key-findings,1,"IEA, _Scaling Up Private Finance for Clean Energy in Emerging and Developing Economies: Key findings_ (2023; accessed March 2026)",https://www.iea.org/reports/scaling-up-private-finance-for-clean-energy-in-emerging-and-developing-economies/key-findings
S196,SRC-CANON-0327-0786,S196,false,https://www.oecd.org/en/publications/supporting-emerging-markets-and-developing-economies-in-developing-their-local-capital-markets_4456de62-en/full-report.html,1,"OECD, _Supporting emerging markets and developing economies in developing their local capital markets_ (2025)",https://www.oecd.org/en/publications/supporting-emerging-markets-and-developing-economies-in-developing-their-local-capital-markets_4456de62-en/full-report.html
S197,SRC-CANON-0327-0575,S197,false,https://www.iea.org/reports/iea-support-to-accelerating-renewable-energy-permitting-arpe,1,"IEA, _IEA Support to Accelerating Renewable Energy Permitting (ARPE)_ (2025)",https://www.iea.org/reports/iea-support-to-accelerating-renewable-energy-permitting-arpe
S198,SRC-CANON-0327-0764,S198,false,https://www.oecd.org/en/publications/government-at-a-glance-2025_0efd0bcd-en.html,1,"OECD, _Government at a Glance 2025_ (2025)",https://www.oecd.org/en/publications/government-at-a-glance-2025_0efd0bcd-en.html
S199,SRC-CANON-0327-0574,S69,true,https://www.iea.org/reports/household-energy-affordability/executive-summary,0,"IEA, _Household Energy Affordability: Executive summary_ (2025)",https://www.iea.org/reports/household-energy-affordability/executive-summary
S200,SRC-CANON-0327-0585,S143,true,https://www.iea.org/reports/strategies-for-affordable-and-fair-clean-energy-transitions/executive-summary,0,"IEA, _Strategies for Affordable and Fair Clean Energy Transitions: Executive summary_ (2024; accessed March 2026)",https://www.iea.org/reports/strategies-for-affordable-and-fair-clean-energy-transitions/executive-summary
S201,SRC-CANON-0327-0789,S201,false,https://www.oecd.org/en/publications/the-paris-agreement-at-ten-years_c5f214dc-en/full-report/overview-and-policy-highlights_9ab38155.html,1,"OECD, _The Paris Agreement at Ten Years: Overview and policy highlights_ (2025)",https://www.oecd.org/en/publications/the-paris-agreement-at-ten-years_c5f214dc-en/full-report/overview-and-policy-highlights_9ab38155.html
S202,SRC-CANON-0327-0756,S202,false,https://www.oecd.org/en/publications/ensuring-a-just-transition-to-net-zero-emissions_a3da7080-en.html,1,"OECD, _Ensuring a just transition to net-zero emissions_ (2025)",https://www.oecd.org/en/publications/ensuring-a-just-transition-to-net-zero-emissions_a3da7080-en.html
S203,SRC-CANON-0327-0190,S203,false,https://wmo.int/news/media-centre/earths-climate-swings-increasingly-out-of-balance,1,"WMO, _Earth’s climate swings increasingly out of balance_ / _State of the Global Climate 2025_ release note (2026)",https://wmo.int/news/media-centre/earths-climate-swings-increasingly-out-of-balance
S204,SRC-CANON-0327-0198,S204,false,https://wmo.int/resources/publication-series/global-status-of-multi-hazard-early-warning-systems/global-status-of-multi-hazard-early-warning-systems-2025,1,"WMO, _Global Status of Multi-Hazard Early Warning Systems 2025_ (2025)",https://wmo.int/resources/publication-series/global-status-of-multi-hazard-early-warning-systems/global-status-of-multi-hazard-early-warning-systems-2025
S205,SRC-CANON-0327-0857,S12,true,https://www.unep.org/resources/adaptation-gap-report-2025,0,"UNEP, _Adaptation Gap Report 2025_ (2025)",https://www.unep.org/resources/adaptation-gap-report-2025
S206,SRC-CANON-0327-0765,S206,false,https://www.oecd.org/en/publications/government-at-a-glance-2025_0efd0bcd-en/full-report/delivering-climate-resilient-infrastructure_8996b473.html,1,"OECD, _Delivering climate-resilient infrastructure_ / _Government at a Glance 2025_ (2025)",https://www.oecd.org/en/publications/government-at-a-glance-2025_0efd0bcd-en/full-report/delivering-climate-resilient-infrastructure_8996b473.html
S207,SRC-CANON-0327-0528,S122,true,https://www.iea.org/reports/building-the-future-transmission-grid/executive-summary,0,"IEA, _Building the Future Transmission Grid: Executive summary_ (2025)",https://www.iea.org/reports/building-the-future-transmission-grid/executive-summary
S208,SRC-CANON-0327-0594,S6,true,https://www.iea.org/reports/world-energy-investment-2025/executive-summary,0,"IEA, _World Energy Investment 2025: Executive summary_ (2025)",https://www.iea.org/reports/world-energy-investment-2025/executive-summary
S209,SRC-CANON-0327-0726,S209,false,https://www.nrel.gov/news/detail/program/2024/what-is-driving-the-demand-for-distribution-transformers.html,1,"NREL, _What Is Driving the Demand for Distribution Transformers?_ (2024; accessed March 2026)",https://www.nrel.gov/news/detail/program/2024/what-is-driving-the-demand-for-distribution-transformers.html
S210,SRC-CANON-0327-0325,S210,false,https://www.energy.gov/oe/distribution-transformers,1,"DOE Office of Electricity, _Distribution Transformers_ (2025; accessed March 2026)",https://www.energy.gov/oe/distribution-transformers
S211,SRC-CANON-0327-0326,S211,false,https://www.energy.gov/oe/supply-chain-resources,1,"DOE Office of Electricity, _Supply Chain Resources_ (accessed March 2026)",https://www.energy.gov/oe/supply-chain-resources
S212,SRC-CANON-0327-0570,S212,false,https://www.iea.org/reports/global-methane-tracker-2025/key-findings,1,"IEA, _Global Methane Tracker 2025: Key findings_ (2025)",https://www.iea.org/reports/global-methane-tracker-2025/key-findings
S213,SRC-CANON-0327-0523,S213,false,https://www.iea.org/news/methane-data-and-transparency-continue-to-improve-but-emissions-remain-far-too-high,1,"IEA, _Methane data and transparency continue to improve, but emissions remain far too high_ (2025)",https://www.iea.org/news/methane-data-and-transparency-continue-to-improve-but-emissions-remain-far-too-high
S214,SRC-CANON-0327-0854,S214,false,https://www.unep.org/news-and-stories/press-release/ministers-urge-decisive-methane-action-global-report-shows-progress,1,"UNEP / CCAC, _Ministers urge decisive methane action as global report shows progress, warns of gaps_ (2025)",https://www.unep.org/news-and-stories/press-release/ministers-urge-decisive-methane-action-global-report-shows-progress
S215,SRC-CANON-0327-0199,S215,false,https://wmo.int/resources/publication-series/greenhouse-gas-bulletin/wmo-greenhouse-gas-bulletin-no-21,1,"WMO, _Greenhouse Gas Bulletin - No. 21_ (2025)",https://wmo.int/resources/publication-series/greenhouse-gas-bulletin/wmo-greenhouse-gas-bulletin-no-21
S216,SRC-CANON-0327-0855,S216,false,https://www.unep.org/news-and-stories/press-release/rise-nitrous-oxide-emissions-endangers-pathway-15degc-ozone-layer,1,"UNEP / CCAC, _Rise in nitrous oxide emissions endangers pathway to 1.5°C, the ozone layer, and human health_ (2024)",https://www.unep.org/news-and-stories/press-release/rise-nitrous-oxide-emissions-endangers-pathway-15degc-ozone-layer
S217,SRC-CANON-0327-0354,S217,false,https://www.fao.org/newsroom/detail/FAO-nitrogen-use-efficiency-report/en,1,"FAO, _Nitrogen use efficiency must be improved to reduce harm to human and environmental health_ (2025)",https://www.fao.org/newsroom/detail/FAO-nitrogen-use-efficiency-report/en
S218,SRC-CANON-0327-0849,S218,false,https://www.unep.org/events/webinar/new-international-guidance-and-tools-sustainable-nitrogen-management,1,"UNEP, _New International Guidance and Tools for Sustainable Nitrogen Management_ (2025)",https://www.unep.org/events/webinar/new-international-guidance-and-tools-sustainable-nitrogen-management
S219,SRC-CANON-0327-0596,S219,false,https://www.iea.org/reports/world-energy-outlook-2025/executive-summary,1,"IEA, _World Energy Outlook 2025: Executive summary_ (2025)",https://www.iea.org/reports/world-energy-outlook-2025/executive-summary
S220,SRC-CANON-0327-0592,S58,true,https://www.iea.org/reports/the-value-of-demand-flexibility/executive-summary,0,"IEA, _The Value of Demand Flexibility: Executive summary_ (2025)",https://www.iea.org/reports/the-value-of-demand-flexibility/executive-summary
S221,SRC-CANON-0327-0541,S56,true,https://www.iea.org/reports/electricity-2026/flexibility,0,"IEA, _Electricity 2026: Flexibility_ (2026)",https://www.iea.org/reports/electricity-2026/flexibility
S222,SRC-CANON-0327-0583,S64,true,https://www.iea.org/reports/renewables-2025/executive-summary,0,"IEA, _Renewables 2025: Executive summary_ (2025)",https://www.iea.org/reports/renewables-2025/executive-summary
S223,SRC-CANON-0327-0525,S48,true,https://www.iea.org/reports/batteries-and-secure-energy-transitions/executive-summary,0,"IEA, _Batteries and Secure Energy Transitions: Executive summary_ (2024)",https://www.iea.org/reports/batteries-and-secure-energy-transitions/executive-summary
S224,SRC-CANON-0327-0201,S72,true,https://wmo.int/resources/publication-series/state-of-global-water-resources/state-of-global-water-resources-2024,0,"WMO, _State of Global Water Resources 2024_ (2025)",https://wmo.int/resources/publication-series/state-of-global-water-resources/state-of-global-water-resources-2024
S225,SRC-CANON-0327-0936,S75,true,https://www.worldbank.org/en/publication/continental-drying-a-threat-to-our-common-future,0,"World Bank, _Continental Drying: A Threat to Our Common Future_ (2025)",https://www.worldbank.org/en/publication/continental-drying-a-threat-to-our-common-future
S226,SRC-CANON-0327-0538,S226,false,https://www.iea.org/reports/electricity-2025/reliability,1,"IEA, _Electricity 2025: Reliability_ (2025)",https://www.iea.org/reports/electricity-2025/reliability
S227,SRC-CANON-0327-0358,S227,false,https://www.fao.org/publications/fao-flagship-publications/the-state-of-the-worlds-land-and-water-resources-for-food-and-agriculture/en,1,"FAO, _The State of the World’s Land and Water Resources for Food and Agriculture 2025_ (2025)",https://www.fao.org/publications/fao-flagship-publications/the-state-of-the-worlds-land-and-water-resources-for-food-and-agriculture/en
S228,SRC-CANON-0327-0758,S228,false,https://www.oecd.org/en/publications/financial-protection-against-catastrophic-risks_32a3acd7-en.html,1,"OECD, _Financial Protection Against Catastrophic Risks_ (2026)",https://www.oecd.org/en/publications/financial-protection-against-catastrophic-risks_32a3acd7-en.html
S229,SRC-CANON-0327-0759,S81,true,https://www.oecd.org/en/publications/financial-protection-against-catastrophic-risks_32a3acd7-en/full-report/assessment-and-recommendations_48bcda8b.html,0,"OECD, _Financial Protection Against Catastrophic Risks: Assessment and recommendations_ (2026)",https://www.oecd.org/en/publications/financial-protection-against-catastrophic-risks_32a3acd7-en/full-report/assessment-and-recommendations_48bcda8b.html
S230,SRC-CANON-0327-0836,S40,true,https://www.undrr.org/gar/gar2025,0,"UNDRR, _Global Assessment Report 2025_ (2025)",https://www.undrr.org/gar/gar2025
S231,SRC-CANON-0327-0194,S231,false,https://wmo.int/news/media-centre/wmo-unveils-new-financing-partnership-initiative-safeguard-forecasting-backbone,1,"WMO, _WMO unveils new financing partnership initiative to safeguard forecasting backbone_ (2025)",https://wmo.int/news/media-centre/wmo-unveils-new-financing-partnership-initiative-safeguard-forecasting-backbone
S232,SRC-CANON-0327-0773,S232,false,https://www.oecd.org/en/publications/infrastructure-for-a-climate-resilient-future_a74a45b0-en/full-report/component-9.html,1,"OECD, _Infrastructure for a Climate-Resilient Future: Building climate-resilient infrastructure with regions and cities_ (2024, used here for still-relevant planning doctrine)",https://www.oecd.org/en/publications/infrastructure-for-a-climate-resilient-future_a74a45b0-en/full-report/component-9.html
S233,SRC-CANON-0327-0594,S6,true,https://www.iea.org/reports/world-energy-investment-2025/executive-summary,0,"IEA, _World Energy Investment 2025_ (2025)",https://www.iea.org/reports/world-energy-investment-2025/executive-summary
S234,SRC-CANON-0327-0560,S7,true,https://www.iea.org/reports/global-energy-review-2025,0,"IEA, _Global Energy Review 2025_ (2025)",https://www.iea.org/reports/global-energy-review-2025
S235,SRC-CANON-0327-0796,S23,true,https://www.oecd.org/en/topics/fossil-fuel-support.html,0,"OECD, _Fossil fuel support_ (topic page reflecting the 2025 Inventory) (2025)",https://www.oecd.org/en/topics/fossil-fuel-support.html
S236,SRC-CANON-0327-0577,S236,false,https://www.iea.org/reports/net-zero-roadmap-a-global-pathway-to-keep-the-15-c-goal-in-reach/a-renewed-pathway-to-net-zero-emissions,1,"IEA, _A renewed pathway to net zero emissions_ and _The Oil and Gas Industry in Net Zero Transitions_ (2023, used here for still-relevant replacement doctrine)",https://www.iea.org/reports/net-zero-roadmap-a-global-pathway-to-keep-the-15-c-goal-in-reach/a-renewed-pathway-to-net-zero-emissions
S237,SRC-CANON-0327-0548,S106,true,https://www.iea.org/reports/energy-efficiency-2025/executive-summary,0,"IEA, _Energy Efficiency 2025_ (2025)",https://www.iea.org/reports/energy-efficiency-2025/executive-summary
S238,SRC-CANON-0327-0853,S238,false,https://www.unep.org/news-and-stories/press-release/emissions-building-sector-stopped-rising-first-time-2020-un-finds,1,"UNEP / GlobalABC, _Emissions from building sector stopped rising for the first time since 2020, UN finds_ (2025)",https://www.unep.org/news-and-stories/press-release/emissions-building-sector-stopped-rising-first-time-2020-un-finds
S239,SRC-CANON-0327-0561,S239,false,https://www.iea.org/reports/global-energy-review-2025/electricity,1,"IEA, _Global Energy Review 2025: Electricity_ (2025)",https://www.iea.org/reports/global-energy-review-2025/electricity
S240,SRC-CANON-0327-0506,S17,true,https://www.iea.org/commentaries/staying-cool-without-overheating-the-energy-system,0,"IEA, _Staying cool without overheating the energy system_ (2025)",https://www.iea.org/commentaries/staying-cool-without-overheating-the-energy-system
S241,SRC-CANON-0327-0752,S241,false,https://www.oecd.org/en/publications/climate-mitigation-in-intermediary-cities_3bdd564f-en/full-report/overview-systems-innovation-in-intermediary-cities-in-kenya-and-mozambique_0e4930aa.html,1,"OECD, _Climate Mitigation in Intermediary Cities: Systems innovation in intermediary cities in Kenya and Mozambique_ (2025)",https://www.oecd.org/en/publications/climate-mitigation-in-intermediary-cities_3bdd564f-en/full-report/overview-systems-innovation-in-intermediary-cities-in-kenya-and-mozambique_0e4930aa.html
S242,SRC-CANON-0327-0795,S242,false,https://www.oecd.org/en/publications/zero-carbon-buildings-in-cities_daae8779-en.html,1,"OECD, _Zero-Carbon Buildings in Cities: A Whole Life-Cycle Approach_ (2025)",https://www.oecd.org/en/publications/zero-carbon-buildings-in-cities_daae8779-en.html
S243,SRC-CANON-0327-0549,S243,false,https://www.iea.org/reports/energy-efficiency-2025/transport,1,"IEA, _Energy Efficiency 2025 — Transport_ (2025)",https://www.iea.org/reports/energy-efficiency-2025/transport
S244,SRC-CANON-0327-0521,S244,false,https://www.iea.org/news/diversification-is-the-cornerstone-of-energy-security-yet-critical-minerals-are-moving-in-the-opposite-direction,1,"IEA, _Diversification is the cornerstone of energy security, yet critical minerals are moving in the opposite direction_ / _Global Critical Minerals Outlook 2025_ (2025)",https://www.iea.org/news/diversification-is-the-cornerstone-of-energy-security-yet-critical-minerals-are-moving-in-the-opposite-direction
S245,SRC-CANON-0327-0580,S50,true,https://www.iea.org/reports/recycling-of-critical-minerals/executive-summary,0,"IEA, _Recycling of Critical Minerals_ (2024, still-current policy and market guidance used here in 2026)",https://www.iea.org/reports/recycling-of-critical-minerals/executive-summary
S246,SRC-CANON-0327-0591,S246,false,https://www.iea.org/reports/the-role-of-traceability-in-critical-mineral-supply-chains,1,"IEA / OECD, _The Role of Traceability in Critical Mineral Supply Chains_ (2025)",https://www.iea.org/reports/the-role-of-traceability-in-critical-mineral-supply-chains
S247,SRC-CANON-0327-0562,S247,false,https://www.iea.org/reports/global-energy-review-2026,1,"IEA, _Global Energy Review 2026_ (2026)",https://www.iea.org/reports/global-energy-review-2026
S248,SRC-CANON-0327-0571,S248,false,https://www.iea.org/reports/global-methane-tracker-2026,1,"IEA, _Global Methane Tracker 2026_ (2026)",https://www.iea.org/reports/global-methane-tracker-2026
S249,SRC-CANON-0327-0018,S249,false,https://climate.copernicus.eu/global-climate-highlights-2025,1,"Copernicus Climate Change Service / ECMWF, _Global Climate Highlights 2025_ and press release “Copernicus: 2025 was the third hottest year on record” (2026)",https://climate.copernicus.eu/global-climate-highlights-2025
S250,SRC-CANON-0327-0859,S250,false,https://www.unep.org/resources/emissions-gap-report-2025,1,"UNEP, _Emissions Gap Report 2025: Off Target_ (2025)",https://www.unep.org/resources/emissions-gap-report-2025
S251,SRC-CANON-0327-0202,S251,false,https://wmo.int/resources/publication-series/wmo-global-annual-decadal-climate-update/wmo-global-annual-decadal-climate-update-2025-2029,1,"WMO, _Global Annual to Decadal Climate Update 2025–2029_ (2025)",https://wmo.int/resources/publication-series/wmo-global-annual-decadal-climate-update/wmo-global-annual-decadal-climate-update-2025-2029
S252,SRC-CANON-0327-0539,S252,false,https://www.iea.org/reports/electricity-2026,1,"IEA, _Electricity 2026_ (2026)",https://www.iea.org/reports/electricity-2026
S253,SRC-CANON-0327-0520,S253,false,https://www.iea.org/news/data-centre-electricity-use-surged-in-2025-even-with-tightening-bottlenecks-driving-a-scramble-for-solutions,1,"IEA, _Data centre electricity use surged in 2025, even with tightening bottlenecks driving a scramble for solutions_ / _Key Questions on Energy and AI_ (2026)",https://www.iea.org/news/data-centre-electricity-use-surged-in-2025-even-with-tightening-bottlenecks-driving-a-scramble-for-solutions
S254,SRC-CANON-0327-0594,S6,true,https://www.iea.org/reports/world-energy-investment-2025/executive-summary,0,"IEA, _World Energy Investment 2025_ (2025)",https://www.iea.org/reports/world-energy-investment-2025/executive-summary
S255,SRC-CANON-0327-0274,S255,false,https://www.climatepolicyinitiative.org/publication/global-landscape-of-climate-finance-2025,1,"Climate Policy Initiative, _Global Landscape of Climate Finance 2025_ (2025)",https://www.climatepolicyinitiative.org/publication/global-landscape-of-climate-finance-2025/
S256,SRC-CANON-0327-0275,S256,false,https://www.climatepolicyinitiative.org/publication/global-landscape-of-climate-finance-2025-emde-spotlight,1,"Climate Policy Initiative, _Global Landscape of Climate Finance 2025: EMDE Spotlight_ (2025)",https://www.climatepolicyinitiative.org/publication/global-landscape-of-climate-finance-2025-emde-spotlight/
S257,SRC-CANON-0327-0949,S257,false,https://www.worldbank.org/ext/en/topic/climate-change,1,"World Bank Group, _Climate Change_ / _World Bank Climate Finance 2025_ (2025)",https://www.worldbank.org/ext/en/topic/climate-change
S258,SRC-CANON-0327-0928,S258,false,https://www.worldbank.org/en/about/annual-report/miga,1,"World Bank Group / MIGA, _Annual Report 2025_ and _World Bank Group Guarantee Platform_ (2024–2025)",https://www.worldbank.org/en/about/annual-report/miga
S259,SRC-CANON-0327-0754,S259,false,https://www.oecd.org/en/publications/employment-and-skills-policies-for-the-green-transition_f0c558fa-en.html,1,"OECD, _Employment and Skills Policies for the Green Transition: Review of International Good Practices_ (2025)",https://www.oecd.org/en/publications/employment-and-skills-policies-for-the-green-transition_f0c558fa-en.html
S260,SRC-CANON-0327-0608,S260,false,https://www.ilo.org/publications/green-employment-diagnostics-just-transition,1,"ILO, _Green Employment Diagnostics for a Just Transition_ / revised guidelines (2025)",https://www.ilo.org/publications/green-employment-diagnostics-just-transition
S261,SRC-CANON-0327-0556,S261,false,https://www.iea.org/reports/energy-system-resilience,1,"IEA, _Energy System Resilience: Lessons learned from Ukraine_ (2026)",https://www.iea.org/reports/energy-system-resilience
S262,SRC-CANON-0327-0914,S262,false,https://www.who.int/news/item/29-10-2025-climate-inaction-is-claiming-millions-of-lives-every-year--warns-new-lancet-countdown-report,1,"WHO, _Climate inaction is claiming millions of lives every year, warns new Lancet Countdown report_ (2025), summarising the 2025 Lancet Countdown on Health and Climate Change",https://www.who.int/news/item/29-10-2025-climate-inaction-is-claiming-millions-of-lives-every-year--warns-new-lancet-countdown-report
S263,SRC-CANON-0327-0196,S263,false,https://wmo.int/publication-series/state-of-global-climate/state-of-global-climate-2025,1,"WMO, _State of the Global Climate 2025_ (2026)",https://wmo.int/publication-series/state-of-global-climate/state-of-global-climate-2025
S264,SRC-CANON-0327-0826,S264,false,https://www.swissre.com/institute/research/sigma-research/sigma-2026-01-natcat-2025-wildfire-storm-risk/global-natcat-losses-2025.html,1,"Swiss Re Institute, _Natural catastrophes in 2025: the persistent rise of wildfire and storm risk_ / Sigma 1/2026 chapter on global natural catastrophe losses (2026)",https://www.swissre.com/institute/research/sigma-research/sigma-2026-01-natcat-2025-wildfire-storm-risk/global-natcat-losses-2025.html
S265,SRC-CANON-0327-0497,S265,false,https://www.iais.org/2025/11/iais-report-examines-financial-stability-implications-from-natural-catastrophe-insurance-protection-gaps,1,"International Association of Insurance Supervisors, _Global Insurance Market Report 2025 special topic edition on natural catastrophe insurance protection gaps_ and IAIS press release (2025)",https://www.iais.org/2025/11/iais-report-examines-financial-stability-implications-from-natural-catastrophe-insurance-protection-gaps/
S266,SRC-CANON-0327-0283,S266,false,https://www.disasterprotection.org/pafreport,1,"Centre for Disaster Protection, _The State of Pre-Arranged Financing for Disasters 2025_ (2025)",https://www.disasterprotection.org/pafreport
S267,SRC-CANON-0327-0950,S267,false,https://www.worldbank.org/ext/en/topic/financial-sector/disaster-risk-finance-and-insurance,1,"World Bank Group, _Disaster Risk Finance and Insurance_ topic page (current access 2026)",https://www.worldbank.org/ext/en/topic/financial-sector/disaster-risk-finance-and-insurance
S268,SRC-CANON-0327-0035,S268,false,https://disasterdisplacement.org/wp-content/uploads/2025/10/Funding_Futures-2025_web.pdf,1,"Platform on Disaster Displacement / UNU-EHS, _Funding Futures: Access to funding for planned relocation as loss and damage_ (2025)",https://disasterdisplacement.org/wp-content/uploads/2025/10/Funding_Futures-2025_web.pdf
S269,SRC-CANON-0327-0746,S269,false,https://www.oecd.org/en/publications/2025/11/future-proofing-real-estate-investment_f3d78bbb/full-report/from-climate-related-shocks-to-financial-risks_d85d5492.html,1,"OECD, _Future-Proofing Real Estate Investment: From climate-related shocks to financial risks_ (2025)",https://www.oecd.org/en/publications/2025/11/future-proofing-real-estate-investment_f3d78bbb/full-report/from-climate-related-shocks-to-financial-risks_d85d5492.html
S270,SRC-CANON-0327-0656,S270,false,https://www.ngfs.net/en/publications-and-statistics/publications/ngfs-short-term-climate-scenarios-central-banks-and-supervisors,1,"Network for Greening the Financial System, _Short-term Climate Scenarios for central banks and supervisors_ (2025)",https://www.ngfs.net/en/publications-and-statistics/publications/ngfs-short-term-climate-scenarios-central-banks-and-supervisors
S271,SRC-CANON-0327-0431,S271,false,https://www.fsb.org/2025/07/fsb-roadmap-for-addressing-financial-risks-from-climate-change-2025-update,1,"Financial Stability Board, _Roadmap for Addressing Financial Risks from Climate Change: 2025 update_ (2025)",https://www.fsb.org/2025/07/fsb-roadmap-for-addressing-financial-risks-from-climate-change-2025-update/
S272,SRC-CANON-0327-0427,S272,false,https://www.financeministersforclimate.org/sites/default/files/2025-06/CFCMA%20HP4%20Thematic%20Paper%20-%20Physical%20Climate%20Risks%20and%20Adaptation.pdf,1,"Coalition of Finance Ministers for Climate Action, _How Ministries of Finance Can Assess and Manage Physical Climate Risks and Adaptation_ (2025)",https://www.financeministersforclimate.org/sites/default/files/2025-06/CFCMA%20HP4%20Thematic%20Paper%20-%20Physical%20Climate%20Risks%20and%20Adaptation.pdf
S273,SRC-CANON-0327-0543,S273,false,https://www.iea.org/reports/electricity-2026/prices,1,"IEA, _Electricity 2026: Prices_ (2026)",https://www.iea.org/reports/electricity-2026/prices
S274,SRC-CANON-0327-0235,S274,false,https://www.bis.org/bcbs/publ/d597.htm,1,"Basel Committee on Banking Supervision, _A framework for the voluntary disclosure of climate-related financial risks_ (2025)",https://www.bis.org/bcbs/publ/d597.htm
S275,SRC-CANON-0327-0785,S275,false,https://www.oecd.org/en/publications/protecting-and-empowering-consumers-in-the-green-transition_12f28e4f-en.html,1,"OECD, _Protecting and empowering consumers in the green transition: Misleading green claims_ (2025)",https://www.oecd.org/en/publications/protecting-and-empowering-consumers-in-the-green-transition_12f28e4f-en.html
S276,SRC-CANON-0327-0604,S276,false,https://www.ifrs.org/news-and-events/news/2025/06/ifrs-publishes-guidance-disclosures-transition-plans,1,"IFRS Foundation, _IFRS Foundation publishes guidance on disclosures about transition plans_ and TPT resources (2025)",https://www.ifrs.org/news-and-events/news/2025/06/ifrs-publishes-guidance-disclosures-transition-plans/
S277,SRC-CANON-0327-0831,S277,false,https://www.un.org/en/climatechange/high-level-expert-group,1,"UN High-Level Expert Group on the Net-Zero Emissions Commitments of Non-State Entities, _Integrity Matters_ / UN climate greenwashing resources (2022, current access 2026)",https://www.un.org/en/climatechange/high-level-expert-group
S278,SRC-CANON-0327-0631,S278,false,https://www.iso.org/netzero,1,"ISO, _Net Zero Guidelines_ / IWA 42 (2022, current access 2026)",https://www.iso.org/netzero
S279,SRC-CANON-0327-0144,S279,false,https://sciencebasedtargets.org/net-zero,1,"Science Based Targets initiative, _The Corporate Net-Zero Standard_ and Version 2 revision materials (2025)",https://sciencebasedtargets.org/net-zero
S280,SRC-CANON-0327-0071,S280,false,https://icvcm.org/core-carbon-principles,1,"Integrity Council for the Voluntary Carbon Market, _Core Carbon Principles_ and _Assessment Framework_ (current access 2026)",https://icvcm.org/core-carbon-principles/
S281,SRC-CANON-0327-0181,S281,false,https://vcmintegrity.org/wp-content/uploads/2025/08/VCMI-Claims-Code_2025_Update.pdf,1,"Voluntary Carbon Markets Integrity Initiative, _Claims Code of Practice: 2025 Update_ (2025)",https://vcmintegrity.org/wp-content/uploads/2025/08/VCMI-Claims-Code_2025_Update.pdf
S282,SRC-CANON-0327-0748,S282,false,https://www.oecd.org/en/publications/2026/03/anti-corruption-and-integrity-outlook-2026_d8f55b04/full-report/component-14.html,1,"OECD, _Anti-Corruption and Integrity Outlook 2026: Integrity in public procurement_ (2026)",https://www.oecd.org/en/publications/2026/03/anti-corruption-and-integrity-outlook-2026_d8f55b04/full-report/component-14.html
S283,SRC-CANON-0327-0744,S283,false,https://www.oecd.org/en/publications/2025/06/government-at-a-glance-2025_70e14c6c/full-report/green-public-procurement_5dbf73a9.html,1,"OECD, _Government at a Glance 2025: Green public procurement_ (2025)",https://www.oecd.org/en/publications/2025/06/government-at-a-glance-2025_70e14c6c/full-report/green-public-procurement_5dbf73a9.html
S284,SRC-CANON-0327-0929,S284,false,https://www.worldbank.org/en/news/feature/2025/05/21/osd-publishes-the-knowledge-report-of-the-2nd-symposium-on-supranational-responses-to-corruption,1,"World Bank Office of Suspension and Debarment / Sanctions Board Secretariat, Green Climate Fund, and Transparency International, _Knowledge Report of the 2nd Symposium on Supranational Responses to Corruption: Integrity in Climate Finance & Action_ (2025)",https://www.worldbank.org/en/news/feature/2025/05/21/osd-publishes-the-knowledge-report-of-the-2nd-symposium-on-supranational-responses-to-corruption
S285,SRC-CANON-0327-0501,S285,false,https://www.icj-cij.org/case/187,1,"International Court of Justice / United Nations, _Obligations of States in respect of Climate Change — Advisory Opinion_ and UN summary materials (2025)",https://www.icj-cij.org/case/187
S286,SRC-CANON-0327-0801,S286,false,https://www.ohchr.org/en/press-releases/2025/07/un-experts-welcome-recognition-international-court-justice-all-states-must,1,"OHCHR / UN Special Procedures, _UN experts welcome recognition from International Court of Justice that all States must protect the climate system_ (2025)",https://www.ohchr.org/en/press-releases/2025/07/un-experts-welcome-recognition-international-court-justice-all-states-must
S287,SRC-CANON-0327-0864,S287,false,https://www.unep.org/resources/report/global-climate-litigation-report-2025-status-review,1,"UNEP / Sabin Center, _Global Climate Litigation Report: 2025 Status Review_ (2025)",https://www.unep.org/resources/report/global-climate-litigation-report-2025-status-review
S288,SRC-CANON-0327-0644,S288,false,https://www.lse.ac.uk/granthaminstitute/publication/global-trends-in-climate-change-litigation-2025-snapshot,1,"Grantham Research Institute / LSE, _Global trends in climate change litigation: 2025 snapshot_ (2025)",https://www.lse.ac.uk/granthaminstitute/publication/global-trends-in-climate-change-litigation-2025-snapshot/
S289,SRC-CANON-0327-0273,S289,false,https://www.climatecasechart.com/,1,"Sabin Center for Climate Change Law / Climate Policy Radar, _The Climate Litigation Database_ (current access 2026)",https://www.climatecasechart.com/
S290,SRC-CANON-0327-0167,S290,false,https://unfccc.int/documents/652274,1,"UNFCCC, _Paris Agreement Implementation and Compliance Committee — sixth annual report and 2025 phase-change materials_ (2025)",https://unfccc.int/documents/652274
S291,SRC-CANON-0327-0166,S183,true,https://unfccc.int/biennial-transparency-reports,0,"UNFCCC, _Biennial Transparency Reports_ and _2025 delivery highlights_ (current access 2026)",https://unfccc.int/biennial-transparency-reports
S292,SRC-CANON-0327-0767,S147,true,https://www.oecd.org/en/publications/government-at-a-glance-2025_0efd0bcd-en/full-report/governing-for-the-green-transition_075e9a83.html,0,"OECD, _Government at a Glance 2025: Governing for the green transition_ (2025)",https://www.oecd.org/en/publications/government-at-a-glance-2025_0efd0bcd-en/full-report/governing-for-the-green-transition_075e9a83.html
S293,SRC-CANON-0327-0168,S293,false,https://unfccc.int/first-biennial-transparency-reports,1,"UNFCCC, _First Biennial Transparency Reports_ public submissions page (current access 2026)",https://unfccc.int/first-biennial-transparency-reports
S294,SRC-CANON-0327-0605,S294,false,https://www.ifrs.org/projects/work-plan/ifrs-sustainability-disclosure-taxonomy-update-amendments-ghg-emissions-disclosures,1,"IFRS Foundation / ISSB, _IFRS Sustainability Disclosure Taxonomy Update—Amendments to Greenhouse Gas Emissions Disclosures_ (2026 work-plan page)",https://www.ifrs.org/projects/work-plan/ifrs-sustainability-disclosure-taxonomy-update-amendments-ghg-emissions-disclosures/
S295,SRC-CANON-0327-0147,S295,false,https://single-market-economy.ec.europa.eu/news/commission-launches-consultation-digital-product-passport-2025-04-09_en,1,"European Commission, _Commission launches consultation on the Digital Product Passport_ (2025)",https://single-market-economy.ec.europa.eu/news/commission-launches-consultation-digital-product-passport-2025-04-09_en
S296,SRC-CANON-0327-0162,S296,false,https://unece.org/digitalization/news/unece-and-iso-launch-joint-initiative-digital-product-passport-advance,1,"UNECE / ISO, _UNECE and ISO launch joint initiative on Digital Product Passport to advance traceability and circularity_ (2025)",https://unece.org/digitalization/news/unece-and-iso-launch-joint-initiative-digital-product-passport-advance
S297,SRC-CANON-0327-0804,S297,false,https://www.open-contracting.org/data-standard,1,"Open Contracting Partnership, _Open Contracting Data Standard_ (current access 2026)",https://www.open-contracting.org/data-standard/
S298,SRC-CANON-0327-0151,S298,false,https://standard.open-contracting.org/infrastructure,1,"Open Contracting Partnership / CoST, _Open Contracting for Infrastructure Data Standards Toolkit_ (current access 2026)",https://standard.open-contracting.org/infrastructure/
S299,SRC-CANON-0327-0059,S299,false,https://g3w.wmo.int/site/global-greenhouse-gas-watch-g3w,1,"WMO, _Global Greenhouse Gas Watch (G3W)_ programme page (current access 2026)",https://g3w.wmo.int/site/global-greenhouse-gas-watch-g3w
S300,SRC-CANON-0327-0766,S300,false,https://www.oecd.org/en/publications/government-at-a-glance-2025_0efd0bcd-en/full-report/digital-government-index_1edec44e.html,1,"OECD, _Government at a Glance 2025_ — digital government and governing for the green transition (2025)",https://www.oecd.org/en/publications/government-at-a-glance-2025_0efd0bcd-en/full-report/digital-government-index_1edec44e.html
S301,SRC-CANON-0327-0099,S301,false,https://nvlpubs.nist.gov/nistpubs/CSWP/NIST.CSWP.29.pdf,1,"National Institute of Standards and Technology, _The NIST Cybersecurity Framework (CSF) 2.0_ (2024)",https://nvlpubs.nist.gov/nistpubs/CSWP/NIST.CSWP.29.pdf
S302,SRC-CANON-0327-0267,S302,false,https://www.cisa.gov/cybersecurity-performance-goals-cpgs,1,"Cybersecurity and Infrastructure Security Agency, _Cross-Sector Cybersecurity Performance Goals_ and CPG programme materials (current access 2026)",https://www.cisa.gov/cybersecurity-performance-goals-cpgs
S303,SRC-CANON-0327-0579,S303,false,https://www.iea.org/reports/power-systems-in-transition/cyber-resilience,1,"International Energy Agency, _Cyber resilience_ in _Power Systems in Transition_ (current access 2026)",https://www.iea.org/reports/power-systems-in-transition/cyber-resilience
S304,SRC-CANON-0327-0307,S304,false,https://www.energy.gov/ceser/cybersecurity-risk-management-process-rmp,1,"U.S. Department of Energy, _Electricity Subsector Cybersecurity Risk Management Process_ (current access 2026)",https://www.energy.gov/ceser/cybersecurity-risk-management-process-rmp
S305,SRC-CANON-0327-0040,S305,false,https://docs.nrel.gov/docs/fy25osti/94352.pdf,1,"National Renewable Energy Laboratory, _Distribution Cybersecurity: Cybersecurity Considerations of Distributed Resources_ (2025)",https://docs.nrel.gov/docs/fy25osti/94352.pdf
S306,SRC-CANON-0327-0101,S306,false,https://nvlpubs.nist.gov/nistpubs/ai/nist.ai.100-1.pdf,1,"National Institute of Standards and Technology, _Artificial Intelligence Risk Management Framework (AI RMF 1.0)_ (2023)",https://nvlpubs.nist.gov/nistpubs/ai/nist.ai.100-1.pdf
S307,SRC-CANON-0327-0100,S307,false,https://nvlpubs.nist.gov/nistpubs/ai/NIST.AI.600-1.pdf,1,"National Institute of Standards and Technology, _Artificial Intelligence Risk Management Framework: Generative Artificial Intelligence Profile_ (2024)",https://nvlpubs.nist.gov/nistpubs/ai/NIST.AI.600-1.pdf
S308,SRC-CANON-0327-0103,S308,false,https://oecd.ai/en/ai-principles,1,"OECD.AI Policy Observatory, _OECD AI Principles overview_ and revised OECD Recommendation on AI (updated 2024)",https://oecd.ai/en/ai-principles
S309,SRC-CANON-0327-0032,S309,false,https://digital-strategy.ec.europa.eu/en/policies/regulatory-framework-ai,1,"European Commission, _AI Act_ policy page and Regulation (EU) 2024/1689 materials (current access 2026)",https://digital-strategy.ec.europa.eu/en/policies/regulatory-framework-ai
S310,SRC-CANON-0327-0632,S310,false,https://www.iso.org/standard/42001,1,"ISO, _ISO/IEC 42001:2023 — Information technology — Artificial intelligence — Management system_ (2023)",https://www.iso.org/standard/42001
S311,SRC-CANON-0327-0557,S311,false,https://www.iea.org/reports/energy-technology-perspectives-2024,1,"IEA, _Energy Technology Perspectives 2024_ (2024)",https://www.iea.org/reports/energy-technology-perspectives-2024
S312,SRC-CANON-0327-0741,S312,false,https://www.oecd.org/en/about/news/press-releases/2026/04/critical-raw-materials-face-rising-export-restrictions-increasing-risks-to-global-supply-chains.html,1,"OECD, _Critical raw materials face rising export restrictions, increasing risks to global supply chains_ / _OECD Inventory of Export Restrictions on Critical Raw Materials_ (2026)",https://www.oecd.org/en/about/news/press-releases/2026/04/critical-raw-materials-face-rising-export-restrictions-increasing-risks-to-global-supply-chains.html
S313,SRC-CANON-0327-0159,S313,false,https://unctad.org/publication/global-trade-update-january-2026-top-trends-redefining-global-trade-2026,1,"UN Trade and Development, _Global Trade Update (January 2026): Top trends redefining global trade in 2026_ (2026)",https://unctad.org/publication/global-trade-update-january-2026-top-trends-redefining-global-trade-2026
S314,SRC-CANON-0327-0890,S314,false,https://www.wcoomd.org/en/media/newsroom/2026/january/hs-2028-amendments-adapting-the-harmonized-system-to-global-priorities-and-trade-evolution.aspx,1,"World Customs Organization, _HS 2028 Amendments — Adapting the Harmonized System to Global Priorities and Trade Evolution_ (2026)",https://www.wcoomd.org/en/media/newsroom/2026/january/hs-2028-amendments-adapting-the-harmonized-system-to-global-priorities-and-trade-evolution.aspx
S315,SRC-CANON-0327-0939,S315,false,https://www.worldbank.org/en/publication/wdr2025,1,"World Bank, _World Development Report 2025: Standards for Development_ (2025)",https://www.worldbank.org/en/publication/wdr2025
S316,SRC-CANON-0327-0880,S316,false,https://www.unido.org/news/unido-contribution-highlighted-world-development-report-2025-standards-and-quality-infrastructure,1,"UNIDO, _UNIDO contribution highlighted in World Development Report 2025 on standards and Quality Infrastructure_ (2026)",https://www.unido.org/news/unido-contribution-highlighted-world-development-report-2025-standards-and-quality-infrastructure
S317,SRC-CANON-0327-0630,S317,false,https://www.iso.org/casco.html,1,"ISO, _ISO Committee on Conformity Assessment (CASCO)_ (current access 2026)",https://www.iso.org/casco.html
S318,SRC-CANON-0327-0954,S318,false,https://www.wto.org/english/res_e/publications_e/gvcreport2025_e.htm,1,"WTO, _Global Value Chain Development Report 2025_ and WTO trade / environment materials (2025–2026)",https://www.wto.org/english/res_e/publications_e/gvcreport2025_e.htm
S319,SRC-CANON-0327-0856,S319,false,https://www.unep.org/news-and-stories/press-release/un-convened-panel-address-equity-sustainability-and-human-rights,1,"UNEP / United Nations, _UN-convened Panel to address equity, sustainability and human rights across value chains of critical energy transition minerals_ and Critical Energy Transition Minerals initiative (2024–2025)",https://www.unep.org/news-and-stories/press-release/un-convened-panel-address-equity-sustainability-and-human-rights
S320,SRC-CANON-0327-0850,S320,false,https://www.unep.org/ietc/resources/report/global-waste-management-outlook-2024,1,"UNEP / International Solid Waste Association, _Global Waste Management Outlook 2024: Beyond an age of waste_ (2024)",https://www.unep.org/ietc/resources/report/global-waste-management-outlook-2024
S321,SRC-CANON-0327-0639,S321,false,https://www.itu.int/en/ITU-D/Environment/Pages/Publications/The-Global-E-waste-Monitor-2024.aspx,1,"UNITAR / ITU, _The Global E-waste Monitor 2024_ (2024)",https://www.itu.int/en/ITU-D/Environment/Pages/Publications/The-Global-E-waste-Monitor-2024.aspx
S322,SRC-CANON-0327-0628,S322,false,https://www.irena.org/publications/2016/Jun/End-of-life-management-Solar-Photovoltaic-Panels,1,"IRENA / IEA Photovoltaic Power Systems Programme, _End-of-life management: Solar Photovoltaic Panels_ (2016)",https://www.irena.org/publications/2016/Jun/End-of-life-management-Solar-Photovoltaic-Panels
S323,SRC-CANON-0327-0525,S48,true,https://www.iea.org/reports/batteries-and-secure-energy-transitions/executive-summary,0,"IEA, _Batteries and Secure Energy Transitions_ (2024)",https://www.iea.org/reports/batteries-and-secure-energy-transitions/executive-summary
S324,SRC-CANON-0327-0563,S324,false,https://www.iea.org/reports/global-ev-outlook-2024/executive-summary,1,"IEA, _Global EV Outlook 2024: Executive summary_ — battery recycling and reuse section (2024)",https://www.iea.org/reports/global-ev-outlook-2024/executive-summary
S325,SRC-CANON-0327-0441,S325,false,https://www.globalbattery.org/battery-passport,1,"Global Battery Alliance, _Battery Passport_ programme page (current access 2026)",https://www.globalbattery.org/battery-passport/
S326,SRC-CANON-0327-0053,S326,false,https://environment.ec.europa.eu/topics/waste-and-recycling/batteries_en,1,"European Commission, _Batteries_ / Regulation (EU) 2023/1542 implementation materials (current access 2026)",https://environment.ec.europa.eu/topics/waste-and-recycling/batteries_en
S327,SRC-CANON-0327-0021,S187,true,https://commission.europa.eu/law/law-topic/consumer-protection-law/directive-repair-goods_en,0,"European Commission, _Directive on common rules promoting the repair of goods_ (2024, implementation to 2026)",https://commission.europa.eu/law/law-topic/consumer-protection-law/directive-repair-goods_en
S328,SRC-CANON-0327-0231,S328,false,https://www.basel.int/Implementation/Ewaste/EwasteAmendments/EwasteAmendmentsFAQs/tabid/10107/Default.aspx,1,"Basel Convention Secretariat, _E-waste Amendments FAQs_ and overview materials (2025)",https://www.basel.int/Implementation/Ewaste/EwasteAmendments/EwasteAmendmentsFAQs/tabid/10107/Default.aspx
S329,SRC-CANON-0327-0617,S329,false,https://www.ipbes.net/nexus-assessment,1,"IPBES, _The Nexus Assessment: Summary for Policymakers_ (approved 2024, published 2025)",https://www.ipbes.net/nexus-assessment
S330,SRC-CANON-0327-0080,S330,false,https://iucn.org/resources/publication/mitigating-biodiversity-impacts-associated-solar-and-wind-energy-development,1,"IUCN / The Biodiversity Consultancy, _Mitigating biodiversity impacts associated with solar and wind energy development_ (2021)",https://iucn.org/resources/publication/mitigating-biodiversity-impacts-associated-solar-and-wind-energy-development
S331,SRC-CANON-0327-0868,S331,false,https://www.unep.org/resources/report/protected-planet-report-2024,1,"UNEP-WCMC / IUCN, _Protected Planet Report 2024_ (2024)",https://www.unep.org/resources/report/protected-planet-report-2024
S332,SRC-CANON-0327-0242,S332,false,https://www.cbd.int/gbf/targets,1,"Convention on Biological Diversity, _Kunming-Montreal Global Biodiversity Framework: 2030 Targets_ (current access 2026)",https://www.cbd.int/gbf/targets
S333,SRC-CANON-0327-0800,S333,false,https://www.ohchr.org/en/indigenous-peoples/consultation-and-free-prior-and-informed-consent-fpic,1,"OHCHR, _Consultation and free, prior and informed consent (FPIC)_ (current access 2026)",https://www.ohchr.org/en/indigenous-peoples/consultation-and-free-prior-and-informed-consent-fpic
S334,SRC-CANON-0327-0084,S334,false,https://legal.un.org/avl/ha/ga_61-295/ga_61-295.html,1,"United Nations legal materials, _United Nations Declaration on the Rights of Indigenous Peoples_ / General Assembly resolution 61/295 (2007, current access 2026)",https://legal.un.org/avl/ha/ga_61-295/ga_61-295.html
S335,SRC-CANON-0327-0599,S335,false,https://www.ifc.org/en/insights-reports/2012/ifc-performance-standard-7,1,"IFC, _Performance Standard 7: Indigenous Peoples_ (2012, current access 2026)",https://www.ifc.org/en/insights-reports/2012/ifc-performance-standard-7
S336,SRC-CANON-0327-0310,S336,false,https://www.energy.gov/eere/siting-large-scale-renewable-energy-projects,1,"U.S. Department of Energy, _Siting of Large-Scale Renewable Energy Projects_ (current access 2026)",https://www.energy.gov/eere/siting-large-scale-renewable-energy-projects
S337,SRC-CANON-0327-0019,S337,false,https://climate.law.columbia.edu/content/community-benefits-agreements-database,1,"Sabin Center for Climate Change Law, Columbia Law School, _Community Benefits Agreements Database_ (current access 2026)",https://climate.law.columbia.edu/content/community-benefits-agreements-database
S338,SRC-CANON-0327-0649,S338,false,https://www.nature.org/en-us/what-we-do/our-priorities/tackle-climate-change/climate-change-stories/site-renewables-right,1,"The Nature Conservancy, _Site Renewables Right_ and _Renewable Energy Smart Siting Guide for Portugal_ (2024–2026)",https://www.nature.org/en-us/what-we-do/our-priorities/tackle-climate-change/climate-change-stories/site-renewables-right/
S339,SRC-CANON-0327-0238,S339,false,https://www.business-humanrights.org/en/from-us/briefings/transition-minerals-tracker-2025-global-analysis,1,"Business & Human Rights Resource Centre, _Transition Minerals Tracker: 2025 Global Analysis_ (2025)",https://www.business-humanrights.org/en/from-us/briefings/transition-minerals-tracker-2025-global-analysis/
S340,SRC-CANON-0327-0237,S340,false,https://www.business-humanrights.org/en/from-us/briefings/renewable-energy-human-rights-benchmark-2025,1,"Business & Human Rights Resource Centre, _Renewable Energy and Human Rights Benchmark 2025_ (2025)",https://www.business-humanrights.org/en/from-us/briefings/renewable-energy-human-rights-benchmark-2025/
S341,SRC-CANON-0327-0573,S341,false,https://www.iea.org/reports/global-methane-tracker-2026/understanding-methane-emissions,1,"International Energy Agency, _Global Methane Tracker 2026: Understanding methane emissions_ (2026)",https://www.iea.org/reports/global-methane-tracker-2026/understanding-methane-emissions
S342,SRC-CANON-0327-0572,S342,false,https://www.iea.org/reports/global-methane-tracker-2026/key-findings,1,"International Energy Agency, _Global Methane Tracker 2026: Key findings_ (2026)",https://www.iea.org/reports/global-methane-tracker-2026/key-findings
S343,SRC-CANON-0327-0946,S343,false,https://www.worldbank.org/en/topic/extractiveindustries/publication/managing-coal-mine-closure,1,"World Bank, _Managing Coal Mine Closure: Achieving a Just Transition for All_ (2018)",https://www.worldbank.org/en/topic/extractiveindustries/publication/managing-coal-mine-closure
S344,SRC-CANON-0327-0044,S344,false,https://documents1.worldbank.org/curated/en/099040825114032293/pdf/P179980-c375abae-293f-48fd-b5a4-9e9f57075469.pdf,1,"World Bank, _Mine Closure Standards and Improved Post-Closure Risk Management for Surface and Underground Coal Mines_ (2025)",https://documents1.worldbank.org/curated/en/099040825114032293/pdf/P179980-c375abae-293f-48fd-b5a4-9e9f57075469.pdf
S345,SRC-CANON-0327-0110,S345,false,https://openknowledge.worldbank.org/entities/publication/854d1017-02db-487a-8da3-df00ffaa7788,1,"World Bank, _Repurposing Coal Mining Lands for a Just Transition_ (2024)",https://openknowledge.worldbank.org/entities/publication/854d1017-02db-487a-8da3-df00ffaa7788
S346,SRC-CANON-0327-0945,S346,false,https://www.worldbank.org/en/topic/extractiveindustries/justtransition,1,"World Bank, _Just Transition for All_ topic page (current access 2026)",https://www.worldbank.org/en/topic/extractiveindustries/justtransition
S347,SRC-CANON-0327-0312,S347,false,https://www.energy.gov/hgeo/undocumented-orphaned-wells-research-program-division-methane-mitigation-technologies,1,"U.S. Department of Energy, _Undocumented Orphaned Wells Research Program / CATALOG_ (current access 2026)",https://www.energy.gov/hgeo/undocumented-orphaned-wells-research-program-division-methane-mitigation-technologies
S348,SRC-CANON-0327-0341,S348,false,https://www.epa.gov/re-powering,1,"U.S. Environmental Protection Agency, _RE-Powering America's Land_ and RE-Powering Mapper materials (current access 2026)",https://www.epa.gov/re-powering
S349,SRC-CANON-0327-0790,S349,false,https://www.oecd.org/en/publications/the-polluter-pays-principle_9789264044845-en.html,1,"OECD, _The Polluter Pays Principle: Definition, Analysis, Implementation_ (1975 / OECD Publishing edition current access 2026)",https://www.oecd.org/en/publications/the-polluter-pays-principle_9789264044845-en.html
S350,SRC-CANON-0327-0227,S350,false,https://www.amnesty.org/en/latest/news/2025/11/fossil-fuel-infrastructure-rights-critical-ecosystems-at-risk,1,"Amnesty International / Better Planet Laboratory, _Extraction Extinction: Why the lifecycle of fossil fuels threatens life, nature, and human rights_ (2025)",https://www.amnesty.org/en/latest/news/2025/11/fossil-fuel-infrastructure-rights-critical-ecosystems-at-risk/
S351,SRC-CANON-0327-0616,S351,false,https://www.internal-displacement.org/global-report/grid2026,1,"Internal Displacement Monitoring Centre, _2026 Global Report on Internal Displacement_ (2026)",https://www.internal-displacement.org/global-report/grid2026/
S352,SRC-CANON-0327-0930,S352,false,https://www.worldbank.org/en/news/press-release/2021/09/13/climate-change-could-force-216-million-people-to-migrate-within-their-own-countries-by-2050,1,"World Bank, _Groundswell Part II: Acting on Internal Climate Migration_ / press materials (2021, current access 2026)",https://www.worldbank.org/en/news/press-release/2021/09/13/climate-change-could-force-216-million-people-to-migrate-within-their-own-countries-by-2050
S353,SRC-CANON-0327-0137,S353,false,https://publications.iom.int/books/world-migration-report-2026,1,"International Organization for Migration, _World Migration Report 2026_ and chapter on climate mobility / local and community action (2026)",https://publications.iom.int/books/world-migration-report-2026
S354,SRC-CANON-0327-0034,S354,false,https://disasterdisplacement.org/resource/key-messages-for-cop30,1,"Platform on Disaster Displacement, _Key Messages for COP30_ and WIM Task Force on Displacement links (2025)",https://disasterdisplacement.org/resource/key-messages-for-cop30/
S355,SRC-CANON-0327-0872,S355,false,https://www.unhcr.org/us/news/press-releases/unhcr-report-reveals-extreme-weather-driving-repeated-displacement-among,1,"UNHCR, _No Escape II_ / press materials on extreme weather and repeated displacement among conflict-affected communities (2025)",https://www.unhcr.org/us/news/press-releases/unhcr-report-reveals-extreme-weather-driving-repeated-displacement-among
S356,SRC-CANON-0327-0092,S356,false,https://mayorsmigrationcouncil.org/news/impact-report-2025,1,"Mayors Migration Council, _2025 Impact Report_ (2026)",https://mayorsmigrationcouncil.org/news/impact-report-2025/
S357,SRC-CANON-0327-0239,S357,false,https://www.c40.org/research,1,"C40 Cities, _Cities, Climate and Migration_ / C40 research page (current access 2026)",https://www.c40.org/research/
S358,SRC-CANON-0327-0142,S358,false,https://roasiapacific.iom.int/sites/g/files/tmzbdl671/files/documents/2026-01/iom_asiapacific_plannedrelocationgovernanceinasiaandthepacific_digital.pdf,1,"IOM Asia and the Pacific, _Planned Relocation Governance in Asia and the Pacific_ (2026)",https://roasiapacific.iom.int/sites/g/files/tmzbdl671/files/documents/2026-01/iom_asiapacific_plannedrelocationgovernanceinasiaandthepacific_digital.pdf
S359,SRC-CANON-0327-0935,S359,false,https://www.worldbank.org/en/programs/sahel-adaptive-social-protection-program-trust-fund/thematic-areas/climate-shock-responsive-delivery-systems,1,"World Bank / Sahel Adaptive Social Protection Program, _Climate Shock Responsive Delivery Systems_ (current access 2026)",https://www.worldbank.org/en/programs/sahel-adaptive-social-protection-program-trust-fund/thematic-areas/climate-shock-responsive-delivery-systems
S360,SRC-CANON-0327-0114,S360,false,https://openknowledge.worldbank.org/entities/publication/e61fc26d-3a3b-499a-ad71-195613d019ab,1,"World Bank Independent Evaluation Group, _How the World Bank Supports Adaptive Social Protection in Crisis Response_ (2025)",https://openknowledge.worldbank.org/entities/publication/e61fc26d-3a3b-499a-ad71-195613d019ab
S361,SRC-CANON-0327-0105,S361,false,https://openknowledge.fao.org/handle/20.500.14283/cd9424en,1,"Global Network Against Food Crises / Food Security Information Network, _2026 Global Report on Food Crises_ (2026)",https://openknowledge.fao.org/handle/20.500.14283/cd9424en
S362,SRC-CANON-0327-0357,S362,false,https://www.fao.org/publications/fao-flagship-publications/the-state-of-food-security-and-nutrition-in-the-world/en,1,"FAO, IFAD, UNICEF, WFP and WHO, _The State of Food Security and Nutrition in the World 2025_ (2025)",https://www.fao.org/publications/fao-flagship-publications/the-state-of-food-security-and-nutrition-in-the-world/en
S363,SRC-CANON-0327-0895,S363,false,https://www.wfp.org/global-hunger-crisis,1,"World Food Programme, _Global Food Crisis_ / 2026 Global Outlook materials (current access 2026)",https://www.wfp.org/global-hunger-crisis
S364,SRC-CANON-0327-0897,S364,false,https://www.wfp.org/publications/hunger-hotspots-fao-wfp-early-warnings-acute-food-insecurity,1,"FAO and WFP, _Hunger Hotspots: FAO-WFP early warnings on acute food insecurity, November 2025 to May 2026 outlook_ (2025)",https://www.wfp.org/publications/hunger-hotspots-fao-wfp-early-warnings-acute-food-insecurity
S365,SRC-CANON-0327-0940,S365,false,https://www.worldbank.org/en/topic/agriculture/brief/food-security-update,1,"World Bank, _Food Security Update_ (current access April 2026)",https://www.worldbank.org/en/topic/agriculture/brief/food-security-update
S366,SRC-CANON-0327-0355,S366,false,https://www.fao.org/newsroom/detail/extreme-heat-is-pushing-agrifood-systems-to-the-brink-worldwide/en,1,"FAO and World Meteorological Organization, _Extreme Heat and Agriculture_ / press materials (2026)",https://www.fao.org/newsroom/detail/extreme-heat-is-pushing-agrifood-systems-to-the-brink-worldwide/en
S367,SRC-CANON-0327-0356,S367,false,https://www.fao.org/publications/fao-flagship-publications/the-impact-of-disasters-on-agriculture-and-food-security/en,1,"FAO, _The Impact of Disasters on Agriculture and Food Security 2025_ (2025)",https://www.fao.org/publications/fao-flagship-publications/the-impact-of-disasters-on-agriculture-and-food-security/en
S368,SRC-CANON-0327-0894,S368,false,https://www.wfp.org/anticipatory-actions,1,"World Food Programme, _Anticipatory Action for climate shocks_ (current access 2026)",https://www.wfp.org/anticipatory-actions
S369,SRC-CANON-0327-0353,S369,false,https://www.fao.org/emergencies/our-focus/anticipatory-action/en,1,"FAO, _Anticipatory Action_ (current access 2026)",https://www.fao.org/emergencies/our-focus/anticipatory-action/en
S370,SRC-CANON-0327-0226,S370,false,https://www.amis-outlook.org/about/overview,1,"Agricultural Market Information System, _AMIS overview and Market Monitor_ (current access 2026)",https://www.amis-outlook.org/about/overview
S371,SRC-CANON-0327-0871,S371,false,https://www.unesco.org/en/world-water-report-2026,1,"UNESCO / UN-Water, _The United Nations World Water Development Report 2026: Water for All People — Equal Rights and Opportunities_ (2026)",https://www.unesco.org/en/world-water-report-2026
S372,SRC-CANON-0327-0182,S372,false,https://washdata.org/,1,"WHO / UNICEF Joint Monitoring Programme, _Progress on household drinking water, sanitation and hygiene 2000–2024: Special focus on inequalities_ (2025)",https://washdata.org/
S373,SRC-CANON-0327-0191,S373,false,https://wmo.int/news/media-centre/from-drought-deluge-wmo-report-highlights-increasingly-erratic-water-cycle,1,"World Meteorological Organization, _State of Global Water Resources 2024_ / press materials (2025)",https://wmo.int/news/media-centre/from-drought-deluge-wmo-report-highlights-increasingly-erratic-water-cycle
S374,SRC-CANON-0327-0179,S374,false,https://unu.edu/inweh/news/world-enters-era-of-global-water-bankruptcy,1,"United Nations University Institute for Water, Environment and Health, _Global Water Bankruptcy: Living Beyond Our Hydrological Means in the Post-Crisis Era_ / press materials (2026)",https://unu.edu/inweh/news/world-enters-era-of-global-water-bankruptcy
S375,SRC-CANON-0327-0953,S375,false,https://www.wri.org/insights/highest-water-stressed-countries,1,"World Resources Institute, _Aqueduct Water Risk Atlas 4.0_ / “25 Countries, Housing One-Quarter of the Population, Face Extremely High Water Stress” (2023, current access 2026)",https://www.wri.org/insights/highest-water-stressed-countries
S376,SRC-CANON-0327-0106,S376,false,https://openknowledge.fao.org/items/727cc000-b525-4444-aa2e-f57f56e2239b,1,"FAO, _AQUASTAT Water Data Snapshot 2025_ (2025)",https://openknowledge.fao.org/items/727cc000-b525-4444-aa2e-f57f56e2239b
S377,SRC-CANON-0327-0832,S377,false,https://www.unccd.int/resources/publications/drought-hotspots-around-world-2023-2025,1,"UNCCD, National Drought Mitigation Center, and International Drought Resilience Alliance, _Drought Hotspots Around the World 2023–2025_ (2025)",https://www.unccd.int/resources/publications/drought-hotspots-around-world-2023-2025
S378,SRC-CANON-0327-0837,S378,false,https://www.undrr.org/gar/gar2025/hazard-exploration/droughts,1,"UNDRR, _Global Assessment Report 2025 — Hazard Exploration: Droughts_ (2025)",https://www.undrr.org/gar/gar2025/hazard-exploration/droughts
S379,SRC-CANON-0327-0918,S379,false,https://www.who.int/publications/i/item/9789240067691,1,"World Health Organization, _Water safety plan manual: step-by-step risk management for drinking-water suppliers, second edition_ (2023; 2026 training package)",https://www.who.int/publications/i/item/9789240067691
S380,SRC-CANON-0327-0045,S380,false,https://documents1.worldbank.org/curated/en/099124511122431814/pdf/IDU1fa8a4c3a1fd8c14810194851fb785b73d02d.pdf,1,"World Bank, _Water Security and Climate Change: Insights from Country Climate and Development Reports_ (2024 / 2025)",https://documents1.worldbank.org/curated/en/099124511122431814/pdf/IDU1fa8a4c3a1fd8c14810194851fb785b73d02d.pdf
S381,SRC-CANON-0327-0184,S381,false,https://watercommission.org/,1,"Global Commission on the Economics of Water, _The Economics of Water: Valuing the Hydrological Cycle as a Global Common Good_ (2024)",https://watercommission.org/
S382,SRC-CANON-0327-0919,S382,false,https://www.who.int/publications/i/item/9789240081888,1,"World Health Organization, _Operational framework for building climate resilient and low carbon health systems_ (2023)",https://www.who.int/publications/i/item/9789240081888
S383,SRC-CANON-0327-0083,S383,false,https://lancetcountdown.org/2025-report,1,"Lancet Countdown, _The 2025 Report of the Lancet Countdown on Health and Climate Change: Climate change action offers a lifeline_ (2025)",https://lancetcountdown.org/2025-report/
S384,SRC-CANON-0327-0925,S384,false,https://www.who.int/teams/environment-climate-change-and-health/climate-change-and-health/country-support/integrated-surveillance-and-climate-informed-health-early-warning-systems,1,"World Health Organization, _Integrated surveillance and climate-informed health early warning systems_ (current access 2026)",https://www.who.int/teams/environment-climate-change-and-health/climate-change-and-health/country-support/integrated-surveillance-and-climate-informed-health-early-warning-systems
S385,SRC-CANON-0327-0188,S385,false,https://wmo.int/media/news/climate-and-health-data-must-be-integrated,1,"World Meteorological Organization, _Climate and health data must be integrated_ (2024)",https://wmo.int/media/news/climate-and-health-data-must-be-integrated
S386,SRC-CANON-0327-0913,S386,false,https://www.who.int/news-room/fact-sheets/detail/vector-borne-diseases,1,"World Health Organization, _Vector-borne diseases_ fact sheet (2024)",https://www.who.int/news-room/fact-sheets/detail/vector-borne-diseases
S387,SRC-CANON-0327-0911,S387,false,https://www.who.int/news-room/fact-sheets/detail/dengue-and-severe-dengue,1,"World Health Organization, _Dengue and severe dengue_ fact sheet (2025)",https://www.who.int/news-room/fact-sheets/detail/dengue-and-severe-dengue
S388,SRC-CANON-0327-0926,S388,false,https://www.who.int/teams/global-malaria-programme/reports/world-malaria-report-2025,1,"World Health Organization, _World malaria report 2025_ (2025)",https://www.who.int/teams/global-malaria-programme/reports/world-malaria-report-2025
S389,SRC-CANON-0327-0922,S389,false,https://www.who.int/publications/i/item/who-wer10036-347-364,1,"World Health Organization, _Global situation report for cholera, 2024_ (2025)",https://www.who.int/publications/i/item/who-wer10036-347-364
S390,SRC-CANON-0327-0903,S390,false,https://www.who.int/initiatives/global-arbovirus-initiative,1,"World Health Organization, _Global Arbovirus Initiative_ and associated clinical-management guidance (2022–2025)",https://www.who.int/initiatives/global-arbovirus-initiative
S391,SRC-CANON-0327-0927,S391,false,https://www.who.int/teams/one-health-initiative/quadripartite-secretariat-for-one-health/one-health-joint-plan-of-action,1,"FAO, UNEP, WHO, and WOAH, _One Health Joint Plan of Action (2022–2026)_ (2022; current implementation period)",https://www.who.int/teams/one-health-initiative/quadripartite-secretariat-for-one-health/one-health-joint-plan-of-action
S392,SRC-CANON-0327-0436,S392,false,https://www.gavi.org/our-alliance/climate-health-immunisation,1,"Gavi, _Climate, health and immunisation_ / _Immunisation: a critical pillar of climate adaptation_ (2025)",https://www.gavi.org/our-alliance/climate-health-immunisation
S393,SRC-CANON-0327-0909,S393,false,https://www.who.int/news-room/fact-sheets/detail/climate-change-and-health,1,"World Health Organization, _Climate change and health_ fact sheet / health topic page (current access 2026)",https://www.who.int/news-room/fact-sheets/detail/climate-change-and-health
S394,SRC-CANON-0327-0877,S394,false,https://www.unicef.org/reports/climate-crisis-child-rights-crisis,1,"UNICEF, _The Climate Crisis is a Child Rights Crisis: Introducing the Children's Climate Risk Index_ (2021)",https://www.unicef.org/reports/climate-crisis-child-rights-crisis
S395,SRC-CANON-0327-0878,S395,false,https://www.unicef.org/reports/learning-interrupted-global-snapshot-2024,1,"UNICEF, _Learning Interrupted: Global Snapshot of Climate-Related School Disruptions in 2024_ (2025)",https://www.unicef.org/reports/learning-interrupted-global-snapshot-2024
S396,SRC-CANON-0327-0942,S396,false,https://www.worldbank.org/en/topic/education/publication/education-for-climate-action,1,"World Bank, _Choosing Our Future: Education for Climate Action_ (2024)",https://www.worldbank.org/en/topic/education/publication/education-for-climate-action
S397,SRC-CANON-0327-0060,S397,false,https://gadrrres.net/comprehensive-school-safety-framework,1,"Global Alliance for Disaster Risk Reduction and Resilience in the Education Sector, _Comprehensive School Safety Framework 2022–2030 for Child Rights and Resilience in the Education Sector_ (2022)",https://gadrrres.net/comprehensive-school-safety-framework
S398,SRC-CANON-0327-0075,S398,false,https://inee.org/minimum-standards,1,"Inter-agency Network for Education in Emergencies, _Minimum Standards for Education: Preparedness, Response, Recovery — 2024 Edition_ (2024)",https://inee.org/minimum-standards
S399,SRC-CANON-0327-0943,S399,false,https://www.worldbank.org/en/topic/education/publication/right-framework-physical-learning-environments,1,"World Bank, _RIGHT+ Framework for Physical Learning Environments_ (2025)",https://www.worldbank.org/en/topic/education/publication/right-framework-physical-learning-environments
S400,SRC-CANON-0327-0876,S400,false,https://www.unicef.org/reports/children-displaced-changing-climate,1,"UNICEF, _Children Displaced in a Changing Climate: Preparing for a Future Already Underway_ (2023)",https://www.unicef.org/reports/children-displaced-changing-climate
S401,SRC-CANON-0327-0873,S401,false,https://www.unicef.org/eap/media/18386/file/Technical%20Brief.pdf.pdf,1,"UNICEF East Asia and Pacific Regional Office, _Climate Resilient Child Protection Systems in East Asia and Pacific: Technical Brief_ (2025)",https://www.unicef.org/eap/media/18386/file/Technical%20Brief.pdf.pdf
S402,SRC-CANON-0327-0042,S402,false,https://docs.un.org/en/CRC/C/GC/26,1,"United Nations Committee on the Rights of the Child, _General Comment No. 26 on Children's Rights and the Environment, with a Special Focus on Climate Change_ (2023)",https://docs.un.org/en/CRC/C/GC/26
S403,SRC-CANON-0327-0874,S403,false,https://www.unicef.org/media/139506/file/UNICEF-Sustainability-Climate-Change-Action-Plan-2023-2030.pdf,1,"UNICEF, _Sustainability and Climate Change Action Plan 2023–2030_ (2023)",https://www.unicef.org/media/139506/file/UNICEF-Sustainability-Climate-Change-Action-Plan-2023-2030.pdf
S404,SRC-CANON-0327-0879,S404,false,https://www.unicef.org/reports/state-of-worlds-children/2024,1,"UNICEF, _The State of the World's Children 2024: The Future of Childhood in a Changing World_ (2024)",https://www.unicef.org/reports/state-of-worlds-children/2024
S405,SRC-CANON-0327-0916,S405,false,https://www.who.int/publications/i/item/9789240045125,1,"World Health Organization, _Mental Health and Climate Change: Policy Brief_ (2022)",https://www.who.int/publications/i/item/9789240045125
S406,SRC-CANON-0327-0906,S406,false,https://www.who.int/news-room/fact-sheets/detail/ageing-and-health,1,"World Health Organization, _Ageing and health_ fact sheet (updated 2025)",https://www.who.int/news-room/fact-sheets/detail/ageing-and-health
S407,SRC-CANON-0327-0917,S407,false,https://www.who.int/publications/i/item/9789240063600,1,"World Health Organization, _Global Report on Health Equity for Persons with Disabilities_ (2022)",https://www.who.int/publications/i/item/9789240063600
S408,SRC-CANON-0327-0846,S408,false,https://www.undrr.org/report/2023-gobal-survey-report-on-persons-with-disabilities-and-disasters,1,"United Nations Office for Disaster Risk Reduction, _2023 Global Survey Report on Persons with Disabilities and Disasters_ (2023)",https://www.undrr.org/report/2023-gobal-survey-report-on-persons-with-disabilities-and-disasters
S409,SRC-CANON-0327-0908,S409,false,https://www.who.int/news-room/fact-sheets/detail/assistive-technology,1,"World Health Organization and UNICEF, _Global Report on Assistive Technology_ (2022)",https://www.who.int/news-room/fact-sheets/detail/assistive-technology
S410,SRC-CANON-0327-0446,S410,false,https://www.helpage.org/wp-content/uploads/2023/11/Climate-justice-in-an-ageing-world.pdf,1,"HelpAge International, _Climate Justice in an Ageing World_ (2023)",https://www.helpage.org/wp-content/uploads/2023/11/Climate-justice-in-an-ageing-world.pdf
S411,SRC-CANON-0327-0646,S411,false,https://www.nature.com/articles/s41467-024-47197-5,1,"Falchetta et al., _Global projections of heat exposure of older adults_, Nature Communications (2024)",https://www.nature.com/articles/s41467-024-47197-5
S412,SRC-CANON-0327-0150,S412,false,https://spherestandards.org/resources/humanitarian-inclusion-standards-for-older-people-and-people-with-disabilities,1,"ADCAP / HelpAge / CBM / Handicap International and partners, _Humanitarian Inclusion Standards for Older People and People with Disabilities_ (2018)",https://spherestandards.org/resources/humanitarian-inclusion-standards-for-older-people-and-people-with-disabilities/
S413,SRC-CANON-0327-0078,S413,false,https://interagencystandingcommittee.org/sites/default/files/migrated/2020-11/IASC%20Guidelines%20on%20the%20Inclusion%20of%20Persons%20with%20Disabilities%20in%20Humanitarian%20Action%2C%202019_0.pdf,1,"Inter-Agency Standing Committee, _Guidelines on the Inclusion of Persons with Disabilities in Humanitarian Action_ (2019)",https://interagencystandingcommittee.org/sites/default/files/migrated/2020-11/IASC%20Guidelines%20on%20the%20Inclusion%20of%20Persons%20with%20Disabilities%20in%20Humanitarian%20Action%2C%202019_0.pdf
S414,SRC-CANON-0327-0829,S414,false,https://www.un.org/development/desa/disabilities/convention-on-the-rights-of-persons-with-disabilities/article-11-situations-of-risk-and-humanitarian-emergencies.html,1,"United Nations, _Convention on the Rights of Persons with Disabilities — Article 11: Situations of risk and humanitarian emergencies_ (2006)",https://www.un.org/development/desa/disabilities/convention-on-the-rights-of-persons-with-disabilities/article-11-situations-of-risk-and-humanitarian-emergencies.html
S415,SRC-CANON-0327-0054,S415,false,https://extranet.who.int/agefriendlyworld/wp-content/uploads/2014/06/WHO-Older-Persons-in-Emergencies-Considerations-for-Action-and-Policy-Development-English.pdf,1,"World Health Organization, _Older Persons in Emergencies: Considerations for Action and Policy Development_ (2008)",https://extranet.who.int/agefriendlyworld/wp-content/uploads/2014/06/WHO-Older-Persons-in-Emergencies-Considerations-for-Action-and-Policy-Development-English.pdf
S416,SRC-CANON-0327-0006,S416,false,https://asprtracie.hhs.gov/technical-resources/52/long-term-care-facilities/47,1,"ASPR TRACIE, _Long-Term Care Facilities_ technical resources (current access 2026)",https://asprtracie.hhs.gov/technical-resources/52/long-term-care-facilities/47
S417,SRC-CANON-0327-0067,S417,false,https://heat.gov/who-is-most-at-risk-to-extreme-heat/at-risk-older-adults,1,"Heat.gov, _At-Risk Older Adults_ (current access 2026)",https://heat.gov/who-is-most-at-risk-to-extreme-heat/at-risk-older-adults/
S418,SRC-CANON-0327-0606,S418,false,https://www.ilo.org/publications/ensuring-safety-and-health-work-changing-climate,1,"International Labour Organization, _Ensuring Safety and Health at Work in a Changing Climate_ (2024)",https://www.ilo.org/publications/ensuring-safety-and-health-work-changing-climate
S419,SRC-CANON-0327-0920,S419,false,https://www.who.int/publications/i/item/9789240099814,1,"World Health Organization and World Meteorological Organization, _Climate Change and Workplace Heat Stress: Technical Report and Guidance_ (2025)",https://www.who.int/publications/i/item/9789240099814
S420,SRC-CANON-0327-0611,S420,false,https://www.ilo.org/sites/default/files/wcmsp5/groups/public/%40dgreports/%40dcomm/%40publ/documents/publication/wcms_711919.pdf,1,"International Labour Organization, _Working on a Warmer Planet: The Impact of Heat Stress on Labour Productivity and Decent Work_ (2019)",https://www.ilo.org/sites/default/files/wcmsp5/groups/public/%40dgreports/%40dcomm/%40publ/documents/publication/wcms_711919.pdf
S421,SRC-CANON-0327-0610,S421,false,https://www.ilo.org/publications/heat-work-implications-safety-and-health,1,"International Labour Organization, _Heat at Work: Implications for Safety and Health_ (2024)",https://www.ilo.org/publications/heat-work-implications-safety-and-health
S422,SRC-CANON-0327-0808,S422,false,https://www.osha.gov/heat-exposure/rulemaking,1,"Occupational Safety and Health Administration, _Heat Injury and Illness Prevention in Outdoor and Indoor Work Settings Rulemaking_ (current access 2026)",https://www.osha.gov/heat-exposure/rulemaking
S423,SRC-CANON-0327-0612,S423,false,https://www.ilo.org/topics-and-sectors/safety-and-health-work/safe-and-healthy-working-environment-fundamental-principle-and-right-work,1,"International Labour Organization, _A Safe and Healthy Working Environment Is a Fundamental Principle and Right at Work_ (current access 2026)",https://www.ilo.org/topics-and-sectors/safety-and-health-work/safe-and-healthy-working-environment-fundamental-principle-and-right-work
S424,SRC-CANON-0327-0607,S71,true,https://www.ilo.org/publications/flagship-reports/world-social-protection-report-2024-26-universal-social-protection-climate,0,"International Labour Organization, _World Social Protection Report 2024–26: Universal Social Protection for Climate Action and a Just Transition_ (2024)",https://www.ilo.org/publications/flagship-reports/world-social-protection-report-2024-26-universal-social-protection-climate
S425,SRC-CANON-0327-0947,S425,false,https://www.worldbank.org/en/topic/socialprotection/publication/state-of-social-protection-2025-2-billion-person-challenge,1,"World Bank, _State of Social Protection Report 2025: The 2-Billion-Person Challenge_ (2025)",https://www.worldbank.org/en/topic/socialprotection/publication/state-of-social-protection-2025-2-billion-person-challenge
S426,SRC-CANON-0327-0189,S426,false,https://wmo.int/media/news/fao-and-wmo-report-highlights-extreme-heat-risks-agriculture,1,"Food and Agriculture Organization and World Meteorological Organization, _Extreme Heat and Agriculture_ / WMO report highlights extreme heat risks for agriculture (2025)",https://wmo.int/media/news/fao-and-wmo-report-highlights-extreme-heat-risks-agriculture
S427,SRC-CANON-0327-0074,S427,false,https://ilostat.ilo.org/topics/informality,1,"ILOSTAT, _Statistics on the Informal Economy_ (current access 2026)",https://ilostat.ilo.org/topics/informality/
S428,SRC-CANON-0327-0609,S428,false,https://www.ilo.org/publications/guidelines-just-transition-towards-environmentally-sustainable-economies,1,"International Labour Organization, _Guidelines for a Just Transition towards Environmentally Sustainable Economies and Societies for All_ (2015 / publication page 2016)",https://www.ilo.org/publications/guidelines-just-transition-towards-environmentally-sustainable-economies
S429,SRC-CANON-0327-0498,S429,false,https://www.iarc.who.int/news-events/working-under-the-sun-causes-1-in-3-deaths-from-non-melanoma-skin-cancer-say-who-and-ilo,1,"International Agency for Research on Cancer / WHO / ILO, _Working under the Sun Causes 1 in 3 Deaths from Non-Melanoma Skin Cancer_ (2023)",https://www.iarc.who.int/news-events/working-under-the-sun-causes-1-in-3-deaths-from-non-melanoma-skin-cancer-say-who-and-ilo/
S430,SRC-CANON-0327-0090,S430,false,https://link.springer.com/article/10.1007/s40572-025-00481-y,1,"van Selm et al., _Occupational Heat Stress Among Migrant and Ethnic Minority Outdoor Workers: A Scoping Review_, Current Environmental Health Reports (2025)",https://link.springer.com/article/10.1007/s40572-025-00481-y
S431,SRC-CANON-0327-0921,S431,false,https://www.who.int/publications/i/item/9789241550376,1,"World Health Organization, _WHO Housing and Health Guidelines_ (2018)",https://www.who.int/publications/i/item/9789241550376
S432,SRC-CANON-0327-0799,S432,false,https://www.ohchr.org/en/documents/thematic-reports/ahrc5228-towards-just-transformation-climate-crisis-and-right-housing,1,"United Nations Special Rapporteur on Adequate Housing, _Towards a Just Transformation: Climate Crisis and the Right to Housing_ (A/HRC/52/28, 2023)",https://www.ohchr.org/en/documents/thematic-reports/ahrc5228-towards-just-transformation-climate-crisis-and-right-housing
S433,SRC-CANON-0327-0174,S433,false,https://unhabitat.org/annual-report-2024,1,"UN-Habitat, _Annual Report 2024: Adequate Housing for All_ (2025 publication page / report)",https://unhabitat.org/annual-report-2024
S434,SRC-CANON-0327-0149,S434,false,https://spherestandards.org/handbook,1,"Sphere Association, _The Sphere Handbook: Humanitarian Charter and Minimum Standards in Humanitarian Response_ (2018 / current online handbook)",https://spherestandards.org/handbook/
S435,SRC-CANON-0327-0941,S435,false,https://www.worldbank.org/en/topic/disasterriskmanagement/brief/global-program-for-resilient-housing,1,"World Bank, _Global Program for Resilient Housing_ (current access 2026)",https://www.worldbank.org/en/topic/disasterriskmanagement/brief/global-program-for-resilient-housing
S436,SRC-CANON-0327-0438,S436,false,https://www.gfdrr.org/en/resilient-housing,1,"Global Facility for Disaster Reduction and Recovery, _Resilient Housing_ technical support page (current access 2026)",https://www.gfdrr.org/en/resilient-housing
S437,SRC-CANON-0327-0747,S437,false,https://www.oecd.org/en/publications/2025/11/future-proofing-real-estate-investment_f3d78bbb/full-report/managing-climate-related-risks-for-resilient-real-estate_fe6a5ab0.html,1,"OECD, _Future-Proofing Real Estate Investment: Managing Climate-Related Risks for Resilient Real Estate_ (2025)",https://www.oecd.org/en/publications/2025/11/future-proofing-real-estate-investment_f3d78bbb/full-report/managing-climate-related-risks-for-resilient-real-estate_fe6a5ab0.html
S438,SRC-CANON-0327-0742,S438,false,https://www.oecd.org/en/data/datasets/oecd-affordable-housing-database.html,1,"OECD, _Affordable Housing Database_ (current access 2026)",https://www.oecd.org/en/data/datasets/oecd-affordable-housing-database.html
S439,SRC-CANON-0327-0847,S439,false,https://www.undrr.org/words-into-action/disaster-displacement-how-reduce-risk-address-impacts-and-strengthen-resilience,1,"UNDRR / Norwegian Refugee Council / Platform on Disaster Displacement, _Words into Action: Disaster Displacement — How to Reduce Risk, Address Impacts and Strengthen Resilience_ (2019 / current access 2026)",https://www.undrr.org/words-into-action/disaster-displacement-how-reduce-risk-address-impacts-and-strengthen-resilience
S440,SRC-CANON-0327-0443,S440,false,https://www.habitat.org/sites/default/files/documents/NDC-Report-Oct-9.pdf,1,"Habitat for Humanity International / UN-Habitat, _Housing and Informal Settlements Content in Nationally Determined Contributions_ (2024)",https://www.habitat.org/sites/default/files/documents/NDC-Report-Oct-9.pdf
S441,SRC-CANON-0327-0176,S441,false,https://unhabitat.org/news/10-dec-2024/the-promise-of-adequate-housing-a-human-right-we-must-uphold,1,"UN-Habitat, _The Promise of Adequate Housing: A Human Right We Must Uphold_ (2024)",https://unhabitat.org/news/10-dec-2024/the-promise-of-adequate-housing-a-human-right-we-must-uphold
S442,SRC-CANON-0327-0011,S442,false,https://blogs.worldbank.org/en/sustainablecities/building-better-next-disaster-how-retrofitting-homes-can-save-lives-and-strengthen-economies,1,"World Bank, _Building Better Before the Next Disaster: How Retrofitting Homes Can Save Lives and Strengthen Economies_ (2024 / current access 2026)",https://blogs.worldbank.org/en/sustainablecities/building-better-next-disaster-how-retrofitting-homes-can-save-lives-and-strengthen-economies
S443,SRC-CANON-0327-0823,S443,false,https://www.sheltercluster.org/environment-community-practice/documents/needs-overview-tip-sheet-environment-climate-change-and,1,"Global Shelter Cluster, _Needs Overview Tip Sheet for Environment, Climate Change and Disaster Risk Reduction Mainstreaming_ (2024)",https://www.sheltercluster.org/environment-community-practice/documents/needs-overview-tip-sheet-environment-climate-change-and
S444,SRC-CANON-0327-0937,S444,false,https://www.worldbank.org/en/publication/globalfindex,1,"World Bank, _The Global Findex Database 2025: Connectivity and Financial Inclusion in the Digital Economy_ (2025)",https://www.worldbank.org/en/publication/globalfindex
S445,SRC-CANON-0327-0264,S445,false,https://www.cgap.org/research/publication/strengthening-financial-systems-for-climate-adaptation,1,"CGAP, _Strengthening Financial Systems for Climate Adaptation_ (2025)",https://www.cgap.org/research/publication/strengthening-financial-systems-for-climate-adaptation
S446,SRC-CANON-0327-0263,S446,false,https://www.cgap.org/research/publication/built-to-adapt-inclusive-financial-institutions-in-changing-climate,1,"CGAP, _Built to Adapt: Inclusive Financial Institutions in a Changing Climate_ (2026)",https://www.cgap.org/research/publication/built-to-adapt-inclusive-financial-institutions-in-changing-climate
S447,SRC-CANON-0327-0934,S447,false,https://www.worldbank.org/en/programs/g2px,1,"World Bank, _Government-to-person (G2Px)_ and _Next Generation G2P Payments_ materials (current access 2026 / 2022 report)",https://www.worldbank.org/en/programs/g2px
S448,SRC-CANON-0327-0107,S448,false,https://openknowledge.worldbank.org/entities/publication/201bc1a6-94f2-44ea-be18-72e66b4e523a,1,"World Bank, _Understanding the Experiences of Digital G2P Payment Recipients: A Qualitative Research Toolkit_ (2025)",https://openknowledge.worldbank.org/entities/publication/201bc1a6-94f2-44ea-be18-72e66b4e523a
S449,SRC-CANON-0327-0072,S449,false,https://id4d.worldbank.org/global-dataset,1,"World Bank ID4D, _ID4D Global Dataset 2025_ (current access 2026)",https://id4d.worldbank.org/global-dataset
S450,SRC-CANON-0327-0442,S450,false,https://www.gsma.com/solutions-and-impact/connectivity-for-good/mobile-for-development/gsma_resources/the-state-of-the-industry-report-on-mobile-money-2026,1,"GSMA, _State of the Industry Report on Mobile Money 2026_ / press materials (2026)",https://www.gsma.com/solutions-and-impact/connectivity-for-good/mobile-for-development/gsma_resources/the-state-of-the-industry-report-on-mobile-money-2026/
S451,SRC-CANON-0327-0234,S451,false,https://www.betterthancash.org/explore-resources/responsible-digital-payments-guidelines,1,"Better Than Cash Alliance, _Responsible Digital Payments Guidelines_ and UN Principles for Responsible Digital Payments (current access 2026)",https://www.betterthancash.org/explore-resources/responsible-digital-payments-guidelines
S452,SRC-CANON-0327-0762,S452,false,https://www.oecd.org/en/publications/g20-oecd-high-level-principles-on-financial-consumer-protection-2022_48cc3df0-en.html,1,"OECD, _G20/OECD High-Level Principles on Financial Consumer Protection_ (2022)",https://www.oecd.org/en/publications/g20-oecd-high-level-principles-on-financial-consumer-protection-2022_48cc3df0-en.html
S453,SRC-CANON-0327-0279,S453,false,https://www.consumersinternational.org/media/669193/building-consumer-resilience-in-digital-finance-report-final.pdf,1,"Consumers International, _Building Consumer Resilience in Digital Finance_ (2025)",https://www.consumersinternational.org/media/669193/building-consumer-resilience-in-digital-finance-report-final.pdf
S454,SRC-CANON-0327-0240,S454,false,https://www.calpnetwork.org/collection/the-state-of-the-worlds-cash-2023-report,1,"CALP Network, _The State of the World's Cash 2023_ (2023)",https://www.calpnetwork.org/collection/the-state-of-the-worlds-cash-2023-report/
S455,SRC-CANON-0327-0010,S455,false,https://blogs.worldbank.org/en/peoplemove/in-2024--remittance-flows-to-low--and-middle-income-countries-ar,1,"World Bank / KNOMAD, _In 2024, remittance flows to low- and middle-income countries are expected to reach $685 billion, larger than FDI and ODA combined_ (2024)",https://blogs.worldbank.org/en/peoplemove/in-2024--remittance-flows-to-low--and-middle-income-countries-ar
S456,SRC-CANON-0327-0180,S456,false,https://usp2030.org/wp-content/uploads/USP2030-Social-protection-and-climate-finance.pdf,1,"Universal Social Protection 2030, _Social Protection and Climate Finance: How Social Protection Can Support Climate Action and Climate Justice by Leveraging Climate Finance_ (2025)",https://usp2030.org/wp-content/uploads/USP2030-Social-protection-and-climate-finance.pdf
S457,SRC-CANON-0327-0108,S457,false,https://openknowledge.worldbank.org/entities/publication/22473718-f0dc-4f45-a045-37b0b3e17827,1,"World Bank, _Rethinking Resilience: Adapting to a Changing Climate_ (2025)",https://openknowledge.worldbank.org/entities/publication/22473718-f0dc-4f45-a045-37b0b3e17827
S458,SRC-CANON-0327-0207,S458,false,https://worldjusticeproject.org/our-work/research-and-data/measuring-justice-gap,1,"World Justice Project, _Measuring the Justice Gap: A People-Centered Assessment of Unmet Justice Needs Around the World_ (2019 / current page accessed 2026)",https://worldjusticeproject.org/our-work/research-and-data/measuring-justice-gap
S459,SRC-CANON-0327-0206,S459,false,https://worldjusticeproject.org/news/wjp-rule-law-index-2025-global-press-release,1,"World Justice Project, _Rule of Law Index 2025_ global press materials (2025)",https://worldjusticeproject.org/news/wjp-rule-law-index-2025-global-press-release
S460,SRC-CANON-0327-0087,S460,false,https://legalinstruments.oecd.org/en/instruments/OECD-LEGAL-0498,1,"OECD, _Recommendation of the Council on Access to Justice and People-Centred Justice Systems_ (2023)",https://legalinstruments.oecd.org/en/instruments/OECD-LEGAL-0498
S461,SRC-CANON-0327-0791,S461,false,https://www.oecd.org/en/publications/toolkit-for-access-to-justice-and-people-centred-justice-systems_aecf7f78-en.html,1,"OECD, _Toolkit for Access to Justice and People-Centred Justice Systems_ (2025)",https://www.oecd.org/en/publications/toolkit-for-access-to-justice-and-people-centred-justice-systems_aecf7f78-en.html
S462,SRC-CANON-0327-0776,S462,false,https://www.oecd.org/en/publications/making-justice-systems-more-effective-and-people-centred_e02fd90b-en.html,1,"OECD, _Making Justice Systems More Effective and People Centred_ (2025)",https://www.oecd.org/en/publications/making-justice-systems-more-effective-and-people-centred_e02fd90b-en.html
S463,SRC-CANON-0327-0775,S463,false,https://www.oecd.org/en/publications/legal-needs-surveys-and-access-to-justice_g2g9a36c-en.html,1,"OECD / Open Society Foundations, _Legal Needs Surveys and Access to Justice_ (2019)",https://www.oecd.org/en/publications/legal-needs-surveys-and-access-to-justice_g2g9a36c-en.html
S464,SRC-CANON-0327-0822,S464,false,https://www.sdg16.plus/justice,1,"Pathfinders for Peaceful, Just and Inclusive Societies, _Justice for All_ programme materials (current access 2026)",https://www.sdg16.plus/justice/
S465,SRC-CANON-0327-0504,S465,false,https://www.idlo.int/publications/climate-justice-rule-law-approach-transformative-climate-action,1,"International Development Law Organization, _Climate Justice: A Rule of Law Approach for Transformative Climate Action_ (2021)",https://www.idlo.int/publications/climate-justice-rule-law-approach-transformative-climate-action
S466,SRC-CANON-0327-0834,S466,false,https://www.undp.org/sites/g/files/zskgke326/files/2022-12/UNDP-UNHCR-Advancing-Access-to-Justice-and-Legal-Aid-in-Situations-of-Forced-Displacement.pdf,1,"UNDP / UNHCR, _Advancing Access to Justice and Legal Aid in Situations of Forced Displacement_ (2022)",https://www.undp.org/sites/g/files/zskgke326/files/2022-12/UNDP-UNHCR-Advancing-Access-to-Justice-and-Legal-Aid-in-Situations-of-Forced-Displacement.pdf
S467,SRC-CANON-0327-0601,S467,false,https://www.ifrc.org/happening-now/advocacy-hub/disaster-law,1,"IFRC, _Disaster Law: Saving Lives Before, During and After Crises_ (current access 2026)",https://www.ifrc.org/happening-now/advocacy-hub/disaster-law
S468,SRC-CANON-0327-0803,S468,false,https://www.onlinelibrary.iihl.org/wp-content/uploads/2025/02/2019-%E2%80%93-IFRC-The-Checklist-on-Law-and-Disaster-Preparedness-and-Response.pdf,1,"IFRC, _The Checklist on Law and Disaster Preparedness and Response_ (2019)",https://www.onlinelibrary.iihl.org/wp-content/uploads/2025/02/2019-%E2%80%93-IFRC-The-Checklist-on-Law-and-Disaster-Preparedness-and-Response.pdf
S469,SRC-CANON-0327-0033,S469,false,https://disasterdisplacement.org/resource/climate-and-disaster-displacement-the-importance-of-disaster-law-and-policy-factsheet,1,"Platform on Disaster Displacement / IFRC, _Climate and Disaster Displacement: The Importance of Disaster Law and Policy_ factsheet (2020)",https://disasterdisplacement.org/resource/climate-and-disaster-displacement-the-importance-of-disaster-law-and-policy-factsheet/
S470,SRC-CANON-0327-0875,S470,false,https://www.unicef.org/press-releases/birth-registration-steadily-increases-worldwide-150-million-children-still-invisible,1,"UNICEF, _Birth Registration Steadily Increases Worldwide, but 150 Million Children Still “Invisible”_ / _The Right Start in Life_ update (2024)",https://www.unicef.org/press-releases/birth-registration-steadily-increases-worldwide-150-million-children-still-invisible
S471,SRC-CANON-0327-0094,S471,false,https://namati.org/what-we-do/grassroots-legal-empowerment,1,"Namati, _Grassroots Legal Empowerment_ programme materials (current access 2026)",https://namati.org/what-we-do/grassroots-legal-empowerment/
S472,SRC-CANON-0327-0185,S472,false,https://wmo.int/activities/common-alerting-protocol-cap,1,"World Meteorological Organization, _Common Alerting Protocol (CAP)_ resources (current access 2026)",https://wmo.int/activities/common-alerting-protocol-cap
S473,SRC-CANON-0327-0638,S473,false,https://www.itu.int/en/ITU-D/Emergency-Telecommunications/Pages/Early-Warnings-for-All-Initiative.aspx,1,"International Telecommunication Union, _Early Warnings for All initiative: Pillar 3 — Warning dissemination and communication_ (current access 2026)",https://www.itu.int/en/ITU-D/Emergency-Telecommunications/Pages/Early-Warnings-for-All-Initiative.aspx
S474,SRC-CANON-0327-0978,S474,false,unregistered-url::S474,1,"International Telecommunication Union, _Emergency Telecommunications_ portal and backgrounder (current access 2026)",
S475,SRC-CANON-0327-0640,S475,false,https://www.itu.int/hub/publication/d-stg-sg01-03-1-2025,1,"International Telecommunication Union, _The use of telecommunications/ICTs for disaster risk reduction and management_ (2025)",https://www.itu.int/hub/publication/d-stg-sg01-03-1-2025/
S476,SRC-CANON-0327-0637,S476,false,https://www.itu.int/en/ITU-D/Emergency-Telecommunications/Pages/Disaster-Connectivity-Map.aspx,1,"International Telecommunication Union, _Disaster Connectivity Map_ (current access 2026)",https://www.itu.int/en/ITU-D/Emergency-Telecommunications/Pages/Disaster-Connectivity-Map.aspx
S477,SRC-CANON-0327-0979,S477,false,unregistered-url::S477,1,"GSMA, _Mobile-Enabled Early Warning Systems_ resources and country case studies (2025–2026)",
S478,SRC-CANON-0327-0848,S478,false,https://www.undrr.org/words-into-action/guide-multi-hazard-early-warning,1,"UNDRR, _Words into Action guidelines: Multi-Hazard Early Warning Systems_ (current access 2026)",https://www.undrr.org/words-into-action/guide-multi-hazard-early-warning
S479,SRC-CANON-0327-0843,S479,false,https://www.undrr.org/publication/inclusive-early-warning-early-action-checklist-and-implementation-guide,1,"UNDRR, _Inclusive early warning early action: checklist and implementation guide_ (2025)",https://www.undrr.org/publication/inclusive-early-warning-early-action-checklist-and-implementation-guide
S480,SRC-CANON-0327-0842,S480,false,https://www.undrr.org/publication/documents-and-publications/early-warning-systems-and-early-action-fragile-conflict,1,"Centre of Excellence for Climate and Disaster Resilience / UNDRR, _Early Warning Systems and Early Action in Fragile, Conflict-Affected and Violent Contexts_ (2025)",https://www.undrr.org/publication/documents-and-publications/early-warning-systems-and-early-action-fragile-conflict
S481,SRC-CANON-0327-0980,S481,false,unregistered-url::S481,1,"IFRC, _Community Engagement and Accountability_ resources, toolkit, and strategy (current access 2026)",
S482,SRC-CANON-0327-0902,S482,false,https://www.who.int/europe/emergencies/our-work-in-emergencies/rcceim,1,"World Health Organization Regional Office for Europe, _Risk communication, community engagement and infodemic management_ resources (current access 2026)",https://www.who.int/europe/emergencies/our-work-in-emergencies/rcceim
S483,SRC-CANON-0327-0870,S483,false,https://www.unesco.org/en/media-crisis,1,"UNESCO, _Media in Crisis Preparedness and Response_ (current access 2026)",https://www.unesco.org/en/media-crisis
S484,SRC-CANON-0327-0981,S484,false,unregistered-url::S484,1,"UNESCO / United Nations / Government of Brazil, _Global Initiative for Information Integrity on Climate Change_ (2024–2026)",
S485,SRC-CANON-0327-0982,S485,false,unregistered-url::S485,1,"International Telecommunication Union, _Facts and Figures 2025_ / _Global Connectivity Report 2025_ (2025)",
S486,SRC-CANON-0327-0983,S486,false,unregistered-url::S486,1,"Access Now / #KeepItOn Coalition, _When repression meets resistance: internet shutdowns in 2025_ and related #KeepItOn materials (2026)",
S487,SRC-CANON-0327-0111,S487,false,https://openknowledge.worldbank.org/entities/publication/a475a009-b161-46a8-a365-4b0215d83352,1,"World Bank, _Disaster and Climate-Resilient Transport Guidance Note_ (2025)",https://openknowledge.worldbank.org/entities/publication/a475a009-b161-46a8-a365-4b0215d83352
S488,SRC-CANON-0327-0984,S488,false,unregistered-url::S488,1,"International Transport Forum / OECD, _Transport System Resilience: Summary and Conclusions_ (2024)",
S489,SRC-CANON-0327-0814,S489,false,https://www.piarc.org/en/order-library/42628-en-PIARC%20International%20Climate%20Change%20Adaptation%20Framework%202023%20%E2%80%93%20TechnicalReport,1,"PIARC, _International Climate Change Adaptation Framework 2023 — Technical Report_ (2023)",https://www.piarc.org/en/order-library/42628-en-PIARC%20International%20Climate%20Change%20Adaptation%20Framework%202023%20%E2%80%93%20TechnicalReport
S490,SRC-CANON-0327-0112,S490,false,https://openknowledge.worldbank.org/entities/publication/c3a753a6-2310-501b-a37e-5dcab3e96a0b,1,"World Bank, _Lifelines: The Resilient Infrastructure Opportunity_ (2019)",https://openknowledge.worldbank.org/entities/publication/c3a753a6-2310-501b-a37e-5dcab3e96a0b
S491,SRC-CANON-0327-0845,S491,false,https://www.undrr.org/publication/transport-sector-recovery-opportunities-build-resilience,1,"UNDRR / International Recovery Platform / World Bank, _Transport Sector Recovery: Opportunities to Build Resilience_ (2022 web listing; guidance note originally developed for recovery practice)",https://www.undrr.org/publication/transport-sector-recovery-opportunities-build-resilience
S492,SRC-CANON-0327-0158,S492,false,https://transport-links.com/wp-content/uploads/2023/10/climate-resilient-transport-a-policy-guide-draft.pdf,1,"High Volume Transport / UK Aid, _Climate-Resilient Transport: A Policy Guide_ (2021/2023 online PDF)",https://transport-links.com/wp-content/uploads/2023/10/climate-resilient-transport-a-policy-guide-draft.pdf
S493,SRC-CANON-0327-0412,S493,false,https://www.fema.gov/sites/default/files/2020-07/planning-considerations-evacuation-and-shelter-in-place.pdf,1,"FEMA, _Planning Considerations: Evacuation and Shelter-in-Place_ (2019; hosted in FEMA publication library)",https://www.fema.gov/sites/default/files/2020-07/planning-considerations-evacuation-and-shelter-in-place.pdf
S494,SRC-CANON-0327-0037,S494,false,https://disasterstrategies.org/wp-content/uploads/2025/05/Transit-Guidance-Evacuation-Plans-Doc-accessible.pdf,1,"The Partnership for Inclusive Disaster Strategies, _Transit Evacuation Plans for People with Disabilities_ (2025)",https://disasterstrategies.org/wp-content/uploads/2025/05/Transit-Guidance-Evacuation-Plans-Doc-accessible.pdf
S495,SRC-CANON-0327-0896,S495,false,https://www.wfp.org/logistics-cluster,1,"World Food Programme, _Logistics Cluster_ programme materials (current access 2026)",https://www.wfp.org/logistics-cluster
S496,SRC-CANON-0327-0161,S496,false,https://unctad.org/topic/transport-and-trade-logistics/policy-and-legislation/climate-change-and-maritime-transport,1,"UN Trade and Development (UNCTAD), _Climate Change Adaptation and Maritime Transport_ programme page (current access 2026)",https://unctad.org/topic/transport-and-trade-logistics/policy-and-legislation/climate-change-and-maritime-transport
S497,SRC-CANON-0327-0160,S497,false,https://unctad.org/publication/review-maritime-transport-2025,1,"UN Trade and Development (UNCTAD), _Review of Maritime Transport 2025: Staying the Course in Turbulent Waters_ (2025)",https://unctad.org/publication/review-maritime-transport-2025
S498,SRC-CANON-0327-0567,S498,false,https://www.iea.org/reports/global-ev-outlook-2026/electric-vehicle-charging-chap-6-and-10,1,"International Energy Agency, _Global EV Outlook 2026_ and electric-vehicle charging chapter (2026)",https://www.iea.org/reports/global-ev-outlook-2026/electric-vehicle-charging-chap-6-and-10
S499,SRC-CANON-0327-0308,S499,false,https://www.energy.gov/ceser/local-leaders-prepare-energy-emergency,1,"U.S. Department of Energy, Office of Cybersecurity, Energy Security, and Emergency Response, _Local Leaders: Prepare for an Energy Emergency_ (2026)",https://www.energy.gov/ceser/local-leaders-prepare-energy-emergency
S500,SRC-CANON-0327-0109,S500,false,https://openknowledge.worldbank.org/entities/publication/3b387b7f-9536-5220-b4b9-f74e27ad7cbe,1,"World Bank, _The Impact of Flooding on Urban Transit and Accessibility_ (2020)",https://openknowledge.worldbank.org/entities/publication/3b387b7f-9536-5220-b4b9-f74e27ad7cbe
S501,SRC-CANON-0327-0145,S501,false,https://sdgs.un.org/sites/default/files/2021-10/Transportation%20Report%202021_FullReport_Digital.pdf,1,"United Nations, _Sustainable Transport, Sustainable Development: Interagency Report for the Second Global Sustainable Transport Conference_ (2021)",https://sdgs.un.org/sites/default/files/2021-10/Transportation%20Report%202021_FullReport_Digital.pdf
S502,SRC-CANON-0327-0530,S502,false,https://www.iea.org/reports/climate-resilience-for-energy-security,1,"International Energy Agency, _Climate Resilience for Energy Security_ (2022)",https://www.iea.org/reports/climate-resilience-for-energy-security
S503,SRC-CANON-0327-0544,S503,false,https://www.iea.org/reports/electricity-grids-and-secure-energy-transitions,1,"International Energy Agency, _Electricity Grids and Secure Energy Transitions_ (2023)",https://www.iea.org/reports/electricity-grids-and-secure-energy-transitions
S504,SRC-CANON-0327-0112,S490,true,https://openknowledge.worldbank.org/entities/publication/c3a753a6-2310-501b-a37e-5dcab3e96a0b,0,"World Bank, _Lifelines: The Resilient Infrastructure Opportunity_ (2019)",https://openknowledge.worldbank.org/entities/publication/c3a753a6-2310-501b-a37e-5dcab3e96a0b
S505,SRC-CANON-0327-0046,S505,false,https://documents1.worldbank.org/curated/en/200771560790885170/pdf/Stronger-Power-Improving-Power-Sector-Resilience-to-Natural-Hazards.pdf,1,"World Bank, _Stronger Power: Improving Power Sector Resilience to Natural Hazards_ (2019)",https://documents1.worldbank.org/curated/en/200771560790885170/pdf/Stronger-Power-Improving-Power-Sector-Resilience-to-Natural-Hazards.pdf
S506,SRC-CANON-0327-0301,S506,false,https://www.eia.gov/todayinenergy/detail.php?id=66744,1,"U.S. Energy Information Administration, _Hurricanes in 2024 led to the most hours without power in the United States in 10 years_ (2025)",https://www.eia.gov/todayinenergy/detail.php?id=66744
S507,SRC-CANON-0327-0651,S507,false,https://www.nerc.com/globalassets/our-work/assessments/ltra_infographic_2025.pdf,1,"North American Electric Reliability Corporation, _2025 Long-Term Reliability Assessment_ (2025 / 2026 publication materials)",https://www.nerc.com/globalassets/our-work/assessments/ltra_infographic_2025.pdf
S508,SRC-CANON-0327-0653,S508,false,https://www.nerc.com/globalassets/our-work/assessments/nerc_wra_2025.pdf,1,"North American Electric Reliability Corporation, _2025–2026 Winter Reliability Assessment_ (2025)",https://www.nerc.com/globalassets/our-work/assessments/nerc_wra_2025.pdf
S509,SRC-CANON-0327-0420,S509,false,https://www.fema.gov/sites/default/files/documents/fema_incident-annex_power-outage.pdf,1,"Federal Emergency Management Agency, _Power Outage Incident Annex to the Response and Recovery Federal Interagency Operational Plan_ (current annex library version)",https://www.fema.gov/sites/default/files/documents/fema_incident-annex_power-outage.pdf
S510,SRC-CANON-0327-0329,S510,false,https://www.energycodes.gov/sites/default/files/2023-09/PNNL_Energy_Resilience%20Guide_PNNL_Final.pdf,1,"U.S. Department of Energy / Pacific Northwest National Laboratory, _Community Energy Resilience Planning for Extended Power Outages_ (2023)",https://www.energycodes.gov/sites/default/files/2023-09/PNNL_Energy_Resilience%20Guide_PNNL_Final.pdf
S511,SRC-CANON-0327-0039,S511,false,https://docs.nrel.gov/docs/fy23osti/84493.pdf,1,"National Renewable Energy Laboratory, _Community Resilience Options: A Menu for Enhancing Local Energy Resilience_ (2023)",https://docs.nrel.gov/docs/fy23osti/84493.pdf
S512,SRC-CANON-0327-0051,S512,false,https://empowerprogram.hhs.gov/,1,"U.S. Department of Health and Human Services, _HHS emPOWER Program / Map_ (current access 2026)",https://empowerprogram.hhs.gov/
S513,SRC-CANON-0327-0900,S513,false,https://www.who.int/data/gho/data/themes/database-on-electrification-of-health-care-facilities,1,"World Health Organization, _Electrification of health-care facilities_ / WHO–World Bank–IRENA–SEforALL _Energizing Health_ data page (current access 2026)",https://www.who.int/data/gho/data/themes/database-on-electrification-of-health-care-facilities
S514,SRC-CANON-0327-0348,S514,false,https://www.epa.gov/waterresilience/power-resilience-guide-water-and-wastewater-utilities,1,"U.S. Environmental Protection Agency, _Power Resilience Guide for Water and Wastewater Utilities_ (updated 2023; current access 2026)",https://www.epa.gov/waterresilience/power-resilience-guide-water-and-wastewater-utilities
S515,SRC-CANON-0327-0223,S515,false,https://www.aceee.org/energy-burden,1,"American Council for an Energy-Efficient Economy, _Energy Burden Research_ (2024)",https://www.aceee.org/energy-burden
S516,SRC-CANON-0327-0932,S516,false,https://www.worldbank.org/en/news/press-release/2025/06/25/energy-access-has-improved-yet-international-financial-support-still-needed-to-boost-progress-and-address-disparities,1,"World Bank and partners, _Tracking SDG 7: The Energy Progress Report 2025_ press materials (2025)",https://www.worldbank.org/en/news/press-release/2025/06/25/energy-access-has-improved-yet-international-financial-support-still-needed-to-boost-progress-and-address-disparities
S517,SRC-CANON-0327-0138,S517,false,https://pubs.naruc.org/pub/458600D2-913F-CBF6-B8F3-BBF1A796F00E,1,"National Association of Regulatory Utility Commissioners, _Energy Resilience Reference Guide_ (2023)",https://pubs.naruc.org/pub/458600D2-913F-CBF6-B8F3-BBF1A796F00E
S518,SRC-CANON-0327-0725,S518,false,https://www.nrel.gov/docs/fy24osti/89601.pdf,1,"National Renewable Energy Laboratory, _Ensuring Resilient Operations of Solar-Plus-Storage Community Resilience Hubs_ (2024)",https://www.nrel.gov/docs/fy24osti/89601.pdf
S519,SRC-CANON-0327-0862,S519,false,https://www.unep.org/resources/global-waste-management-outlook-2024,1,"United Nations Environment Programme / International Solid Waste Association, _Global Waste Management Outlook 2024: Beyond an age of waste — turning rubbish into a resource_ (2024)",https://www.unep.org/resources/global-waste-management-outlook-2024
S520,SRC-CANON-0327-0113,S520,false,https://openknowledge.worldbank.org/entities/publication/d3f9d45e-115f-559b-b14f-28552410e90a,1,"World Bank, _What a Waste 2.0: A Global Snapshot of Solid Waste Management to 2050_ (2018)",https://openknowledge.worldbank.org/entities/publication/d3f9d45e-115f-559b-b14f-28552410e90a
S521,SRC-CANON-0327-0330,S521,false,https://www.epa.gov/disaster-debris/guidance-about-planning-natural-disaster-debris,1,"U.S. Environmental Protection Agency, _Guidance about Planning for Natural Disaster Debris_ / _Planning for Natural Disaster Debris_ (2019; current EPA page updated 2025)",https://www.epa.gov/disaster-debris/guidance-about-planning-natural-disaster-debris
S522,SRC-CANON-0327-0423,S522,false,https://www.fema.gov/sites/default/files/documents/fema_pa-debris-removal-guidance-category-a.pdf,1,"Federal Emergency Management Agency, _Debris Removal Guidance: Public Assistance Category A_ (current FEMA guidance library version)",https://www.fema.gov/sites/default/files/documents/fema_pa-debris-removal-guidance-category-a.pdf
S523,SRC-CANON-0327-0415,S523,false,https://www.fema.gov/sites/default/files/documents/fema_debris-monitoring-guide_sop_3-01-2021.pdf,1,"Federal Emergency Management Agency, _Public Assistance Debris Monitoring Guide_ (2021)",https://www.fema.gov/sites/default/files/documents/fema_debris-monitoring-guide_sop_3-01-2021.pdf
S524,SRC-CANON-0327-0882,S524,false,https://www.unocha.org/publications/report/world/disaster-waste-management-guidelines,1,"United Nations Environment Programme / OCHA Joint Environment Unit, _Disaster Waste Management Guidelines_ (2011)",https://www.unocha.org/publications/report/world/disaster-waste-management-guidelines
S525,SRC-CANON-0327-0346,S525,false,https://www.epa.gov/system/files/documents/2024-07/creating_disaster_resilient_buildings_to_minimize_disaster_debris_508.pdf,1,"U.S. Environmental Protection Agency, _Creating Disaster-Resilient Buildings to Minimize Disaster Debris_ (2024)",https://www.epa.gov/system/files/documents/2024-07/creating_disaster_resilient_buildings_to_minimize_disaster_debris_508.pdf
S526,SRC-CANON-0327-0248,S526,false,https://www.cdc.gov/mold-health/about/clean-up.html,1,"Centers for Disease Control and Prevention, _Mold Clean Up Guidelines and Recommendations_ (2024)",https://www.cdc.gov/mold-health/about/clean-up.html
S527,SRC-CANON-0327-0334,S527,false,https://www.epa.gov/mold/homeowners-and-renters-guide-mold-cleanup-after-disasters,1,"U.S. EPA / HUD / FEMA / NIH / CDC, _Homeowner's and Renter's Guide to Mold Cleanup after Disasters_ (current EPA page updated 2026)",https://www.epa.gov/mold/homeowners-and-renters-guide-mold-cleanup-after-disasters
S528,SRC-CANON-0327-0806,S528,false,https://www.osha.gov/emergency-preparedness/hurricane-flood-resources,1,"Occupational Safety and Health Administration, _Worker Safety and Health Resources for Hurricane and Flood Cleanup and Recovery_ (updated 2025)",https://www.osha.gov/emergency-preparedness/hurricane-flood-resources
S529,SRC-CANON-0327-0912,S529,false,https://www.who.int/news-room/fact-sheets/detail/health-care-waste,1,"World Health Organization, _Health-care waste_ fact sheet (2024)",https://www.who.int/news-room/fact-sheets/detail/health-care-waste
S530,SRC-CANON-0327-0344,S530,false,https://www.epa.gov/superfund/remedy-resilience,1,"U.S. Environmental Protection Agency, _Remedy Resilience_ (current access 2026)",https://www.epa.gov/superfund/remedy-resilience
S531,SRC-CANON-0327-0985,S531,false,unregistered-url::S531,1,"U.S. EPA Office of Inspector General, _Evaluation of Risks to Federal Facility Superfund Site Remedies_ natural-disaster series (2025–2026)",
S532,SRC-CANON-0327-0333,S532,false,https://www.epa.gov/lmop/basic-information-about-landfill-gas,1,"U.S. Environmental Protection Agency, _Landfill Methane Outreach Program_ / _Basic Information about Landfill Gas_ (current access 2026)",https://www.epa.gov/lmop/basic-information-about-landfill-gas
S533,SRC-CANON-0327-0863,S533,false,https://www.unep.org/resources/publication/food-waste-index-report-2024,1,"United Nations Environment Programme, _Food Waste Index Report 2024_ (2024)",https://www.unep.org/resources/publication/food-waste-index-report-2024
S534,SRC-CANON-0327-0345,S534,false,https://www.epa.gov/system/files/documents/2023-07/SWM_Climate-Final.pdf,1,"U.S. Environmental Protection Agency, _Solid Waste Management and Climate Change_ (2023)",https://www.epa.gov/system/files/documents/2023-07/SWM_Climate-Final.pdf
S535,SRC-CANON-0327-0177,S535,false,https://unhabitat.org/news/22-nov-2022/understanding-the-informal-waste-and-recovery-sector,1,"UN-Habitat, _Understanding the informal waste and recovery sector_ (2022)",https://unhabitat.org/news/22-nov-2022/understanding-the-informal-waste-and-recovery-sector
S536,SRC-CANON-0327-0390,S536,false,https://www.fema.gov/emergency-managers/practitioners/lifelines,1,"Federal Emergency Management Agency, _Community Lifelines_ (current page, updated 2024)",https://www.fema.gov/emergency-managers/practitioners/lifelines
S537,SRC-CANON-0327-0380,S537,false,https://www.fema.gov/emergency-managers/national-preparedness/frameworks/response,1,"Federal Emergency Management Agency, _National Response Framework_ and Emergency Support Function structure (current page, updated 2025)",https://www.fema.gov/emergency-managers/national-preparedness/frameworks/response
S538,SRC-CANON-0327-0408,S538,false,https://www.fema.gov/sites/default/files/2020-07/fema_ESF_9_Search-Rescue.pdf,1,"Federal Emergency Management Agency, _Emergency Support Function #9 — Search and Rescue Annex_ (current FEMA library version)",https://www.fema.gov/sites/default/files/2020-07/fema_ESF_9_Search-Rescue.pdf
S539,SRC-CANON-0327-0915,S539,false,https://www.who.int/publications-detail-redirect/mass-casualty-management-systems-strategies-and-guidelines-for-building-health-sector-capacity,1,"World Health Organization, _Mass Casualty Management Systems: Strategies and guidelines for building health sector capacity_ (2007; current WHO publication page)",https://www.who.int/publications-detail-redirect/mass-casualty-management-systems-strategies-and-guidelines-for-building-health-sector-capacity
S540,SRC-CANON-0327-0986,S540,false,unregistered-url::S540,1,"International Committee of the Red Cross / Red Cross and Red Crescent Movement, _Reconnecting families_ and Restoring Family Links / disaster guidance (current access 2026)",
S541,SRC-CANON-0327-0624,S541,false,https://www.ipcc.ch/srocc/chapter/summary-for-policymakers,1,"IPCC, _Special Report on the Ocean and Cryosphere in a Changing Climate_ / Summary for Policymakers (2019; current IPCC page)",https://www.ipcc.ch/srocc/chapter/summary-for-policymakers/
S542,SRC-CANON-0327-0619,S542,false,https://www.ipcc.ch/report/ar6/wg2,1,"IPCC, _AR6 Working Group II Summary for Policymakers_ (2022; current IPCC page)",https://www.ipcc.ch/report/ar6/wg2/
S543,SRC-CANON-0327-0104,S543,false,https://openknowledge.fao.org/handle/20.500.14283/cd0683en,1,"FAO, _The State of World Fisheries and Aquaculture 2024: Blue Transformation in action_ (2024)",https://openknowledge.fao.org/handle/20.500.14283/cd0683en
S544,SRC-CANON-0327-0048,S544,false,https://earth.gov/sealevel/us/resources/2022-sea-level-rise-technical-report,1,"U.S. Interagency Sea Level Rise and Coastal Flood Hazard Scenarios and Tools Task Force / NOAA, _2022 Sea Level Rise Technical Report_ and application resources (2022; current access 2026)",https://earth.gov/sealevel/us/resources/2022-sea-level-rise-technical-report/
S545,SRC-CANON-0327-0068,S545,false,https://heathealth.info/resources/assessment-of-hhaps,1,"Global Heat Health Information Network / UNDRR / WMO and partners, _An Assessment of Heat Action Plans: Global standards, good practices and partnerships_ (2025)",https://heathealth.info/resources/assessment-of-hhaps/
S546,SRC-CANON-0327-0987,S546,false,unregistered-url::S546,1,"Carbon Market Watch, _FAQ: Fixing Article 6 carbon markets at COP29_ and Article 6 permanence / integrity analysis (2024–2025)",
S547,SRC-CANON-0327-0070,S547,false,https://iccinet.org/statecryo25,1,"International Cryosphere Climate Initiative, _State of the Cryosphere Report 2025_ (2025)",https://iccinet.org/statecryo25/
S548,SRC-CANON-0327-0004,S548,false,https://arctic.noaa.gov/report-card/report-card-2025,1,"NOAA, _Arctic Report Card 2025_ (2025)",https://arctic.noaa.gov/report-card/report-card-2025/
S549,SRC-CANON-0327-0245,S549,false,https://www.ccacoalition.org/content/short-lived-climate-pollutants,1,"Climate and Clean Air Coalition / UNEP, _Short-lived Climate Pollutants_ explainer (current access 2026)",https://www.ccacoalition.org/content/short-lived-climate-pollutants
S550,SRC-CANON-0327-0854,S214,true,https://www.unep.org/news-and-stories/press-release/ministers-urge-decisive-methane-action-global-report-shows-progress,0,"UNEP / Climate and Clean Air Coalition, _Global Methane Status Report_ launch and 2025 update materials (2025)",https://www.unep.org/news-and-stories/press-release/ministers-urge-decisive-methane-action-global-report-shows-progress
S551,SRC-CANON-0327-0907,S551,false,https://www.who.int/news-room/fact-sheets/detail/ambient-(outdoor)-air-quality-and-health,1,"World Health Organization, _Ambient (outdoor) air pollution_ fact sheet (2024)",https://www.who.int/news-room/fact-sheets/detail/ambient-(outdoor)-air-quality-and-health
S552,SRC-CANON-0327-0445,S552,false,https://www.healtheffects.org/announcements/new-state-global-air-2025-report-shows-nearly-nine-ten-global-air-pollution-deaths-are,1,"Health Effects Institute / Institute for Health Metrics and Evaluation / NCD Alliance, _State of Global Air 2025_ release and report materials (2025)",https://www.healtheffects.org/announcements/new-state-global-air-2025-report-shows-nearly-nine-ten-global-air-pollution-deaths-are
S553,SRC-CANON-0327-0332,S553,false,https://www.epa.gov/emergencies-iaq/wildfires-and-indoor-air-quality-iaq,1,"U.S. Environmental Protection Agency, _Wildfires and Indoor Air Quality_ (updated 2026)",https://www.epa.gov/emergencies-iaq/wildfires-and-indoor-air-quality-iaq
S554,SRC-CANON-0327-0262,S554,false,https://www.cdc.gov/wildfires/safety/how-to-safely-stay-safe-during-a-wildfire.html,1,"Centers for Disease Control and Prevention, _Safety Guidelines: Wildfires and Wildfire Smoke_ (2024)",https://www.cdc.gov/wildfires/safety/how-to-safely-stay-safe-during-a-wildfire.html
S555,SRC-CANON-0327-0241,S555,false,https://www.canada.ca/en/health-canada/services/publications/healthy-living/guidance-cleaner-air-spaces-during-wildfire-smoke-events.html,1,"Health Canada, _Guidance for Cleaner Air Spaces during Wildfire Smoke Events_ (current access 2026)",https://www.canada.ca/en/health-canada/services/publications/healthy-living/guidance-cleaner-air-spaces-during-wildfire-smoke-events.html
S556,SRC-CANON-0327-0797,S556,false,https://www.oecd.org/en/topics/plastics.html,1,"OECD, _Plastics_ topic hub and climate / plastics policy materials (current access 2026)",https://www.oecd.org/en/topics/plastics.html
S557,SRC-CANON-0327-0588,S557,false,https://www.iea.org/reports/the-future-of-petrochemicals,1,"International Energy Agency, _The Future of Petrochemicals_ (2018; current IEA page)",https://www.iea.org/reports/the-future-of-petrochemicals
S558,SRC-CANON-0327-0886,S558,false,https://www.unwomen.org/sites/default/files/2025-11/gender-equality-and-climate-policy-scorecard-methodological-note-en.pdf,1,"UN Women, _Gender Equality and Climate Policy Scorecard: Methodological Note_ (2025)",https://www.unwomen.org/sites/default/files/2025-11/gender-equality-and-climate-policy-scorecard-methodological-note-en.pdf
S559,SRC-CANON-0327-0001,S559,false,https://10insightsclimate.science/year-2024/climate-extremes-harming-maternal-and-reproductive-well-being,1,"Future Earth / The Earth League / World Climate Research Programme, _10 New Insights in Climate Science 2024: Climate extremes are harming maternal and reproductive well-being_ (2024)",https://10insightsclimate.science/year-2024/climate-extremes-harming-maternal-and-reproductive-well-being/
S560,SRC-CANON-0327-0905,S560,false,https://www.who.int/news-room/articles-detail/call-for-research-proposals-on-climate---sexual-and-reproductive-health-and-rights,1,"WHO / HRP / UNDP / UNFPA / UNICEF / World Bank Special Programme, _Community experiences in adapting to climate change for sexual and reproductive health and rights_ call for proposals (2026)",https://www.who.int/news-room/articles-detail/call-for-research-proposals-on-climate---sexual-and-reproductive-health-and-rights
S561,SRC-CANON-0327-0096,S561,false,https://ncchc.org/position-statements/climate-control-for-extreme-temperatures-in-corrections-2024,1,"National Commission on Correctional Health Care, _Climate Control for Extreme Temperatures in Corrections_ position statement (2024)",https://ncchc.org/position-statements/climate-control-for-extreme-temperatures-in-corrections-2024/
S562,SRC-CANON-0327-0647,S562,false,https://www.nature.com/articles/s41893-024-01293-y,1,"Tuholske et al., _Hazardous heat exposure among incarcerated people in the United States_, Nature Sustainability (2024)",https://www.nature.com/articles/s41893-024-01293-y
S563,SRC-CANON-0327-0841,S563,false,https://www.undrr.org/our-work/local-resilience,1,"UNDRR, _Local resilience_ and Making Cities Resilient 2030 resources (current access 2026)",https://www.undrr.org/our-work/local-resilience
S564,SRC-CANON-0327-0154,S564,false,https://toolkit.climate.gov/sites/default/files/2025-02/CR4HC_Toolkit_Final_12.20.2024.pdf,1,"U.S. Climate Resilience for Health Care, _Climate Resilience for Health Care Toolkit_ (2025)",https://toolkit.climate.gov/sites/default/files/2025-02/CR4HC_Toolkit_Final_12.20.2024.pdf
S565,SRC-CANON-0327-0904,S565,false,https://www.who.int/initiatives/oxygen-access-scale-up,1,"World Health Organization, _Access to Oxygen Initiative_ (current access 2026)",https://www.who.int/initiatives/oxygen-access-scale-up
S566,SRC-CANON-0327-0224,S566,false,https://www.adb.org/sites/default/files/publication/1103166/sdwp-113-health-care-supply-chains.pdf,1,"Asian Development Bank, _Low-Carbon, Climate-Resilient Health Care Supply Chains_ (2025)",https://www.adb.org/sites/default/files/publication/1103166/sdwp-113-health-care-supply-chains.pdf
S567,SRC-CANON-0327-0236,S567,false,https://www.bis.org/publ/othp79.htm,1,"Bank for International Settlements Innovation Hub, _Project Polaris: High-level design guide for offline payments_ (2023)",https://www.bis.org/publ/othp79.htm
S568,SRC-CANON-0327-0366,S568,false,https://www.federalreserve.gov/econres/notes/feds-notes/offline-payments-implications-for-reliability-and-resiliency-in-digital-payment-systems-20240816.html,1,"Federal Reserve, _Offline Payments: Implications for Reliability and Resiliency in Digital Payment Systems_ (2024)",https://www.federalreserve.gov/econres/notes/feds-notes/offline-payments-implications-for-reliability-and-resiliency-in-digital-payment-systems-20240816.html
S569,SRC-CANON-0327-0303,S569,false,https://www.elibrary.imf.org/view/journals/063/2025/009/article-A001-en.xml,1,"International Monetary Fund, _Payment Resilience in Fragile and Conflict-Affected States_ (2025)",https://www.elibrary.imf.org/view/journals/063/2025/009/article-A001-en.xml
S570,SRC-CANON-0327-0271,S570,false,https://www.cisa.gov/topics/emergency-communications,1,"Cybersecurity and Infrastructure Security Agency, _Emergency Communications_ programme page (current access 2026)",https://www.cisa.gov/topics/emergency-communications
S571,SRC-CANON-0327-0898,S571,false,https://www.wfp.org/supply-chain,1,"World Food Programme, _Supply chain_ programme page (current access 2026)",https://www.wfp.org/supply-chain
S572,SRC-CANON-0327-0091,S572,false,https://logcluster.org/en/what-we-do/emergency-preparedness/national-regional,1,"Logistics Cluster / World Food Programme, _Logistics Cluster Emergency Preparedness: Building Resilient Supply Chains for Tomorrow's Crises_ (2025)",https://logcluster.org/en/what-we-do/emergency-preparedness/national-regional
S573,SRC-CANON-0327-0988,S573,false,unregistered-url::S573,1,"United Nations Office for the Coordination of Humanitarian Affairs, _Global Humanitarian Overview 2026_ (2025)",
S574,SRC-CANON-0327-0502,S574,false,https://www.icrc.org/en/law-and-policy/climate-and-conflict,1,"International Committee of the Red Cross, _Climate and conflict_ programme page (current access 2026)",https://www.icrc.org/en/law-and-policy/climate-and-conflict
S575,SRC-CANON-0327-0020,S575,false,https://climatepromise.undp.org/research-and-reports/climate-security-mechanism-progress-report-2024,1,"UN Climate Security Mechanism / UNDP Climate Promise, _Climate Security Mechanism progress report 2024_ (2025)",https://climatepromise.undp.org/research-and-reports/climate-security-mechanism-progress-report-2024
S576,SRC-CANON-0327-0426,S576,false,https://www.ferc.gov/news-events/news/blackstart-study-recommends-collaboration-planning-resilience,1,"Federal Energy Regulatory Commission, _Blackstart Study Recommends Collaboration, Planning for Resilience_ / staff-led blackstart study presentation (2023)",https://www.ferc.gov/news-events/news/blackstart-study-recommends-collaboration-planning-resilience
S577,SRC-CANON-0327-0350,S577,false,https://www.epa.gov/waterutilityresponse/supply-chain-resilience-guide-water-and-wastewater-utilities,1,"U.S. Environmental Protection Agency, _Supply Chain Resilience Guide for Water and Wastewater Utilities_ (current access 2026)",https://www.epa.gov/waterutilityresponse/supply-chain-resilience-guide-water-and-wastewater-utilities
S578,SRC-CANON-0327-0398,S578,false,https://www.fema.gov/grants/mitigation/learn/dam-safety,1,"Federal Emergency Management Agency, _National Dam Safety Program_ (current page, updated 2025)",https://www.fema.gov/grants/mitigation/learn/dam-safety
S579,SRC-CANON-0327-0061,S579,false,https://gca.org/reports/climate-resilient-infrastructure-officer-handbook,1,"Global Center on Adaptation, _Climate-Resilient Infrastructure Officer Handbook_ (revised 2025)",https://gca.org/reports/climate-resilient-infrastructure-officer-handbook/
S580,SRC-CANON-0327-0024,S580,false,https://content.naic.org/article/insurance-commissioners-drive-consumer-protection-strategies-forward-learning-recent-natural,1,"National Association of Insurance Commissioners, _Insurance Commissioners Drive Consumer Protection Strategies Forward Learning from Recent Natural Disasters_ (2025)",https://content.naic.org/article/insurance-commissioners-drive-consumer-protection-strategies-forward-learning-recent-natural
S581,SRC-CANON-0327-0281,S581,false,https://www.disasterassistance.gov/,1,"U.S. Government, _DisasterAssistance.gov_ (current access 2026)",https://www.disasterassistance.gov/
S582,SRC-CANON-0327-0243,S582,false,https://www.cbo.gov/publication/60674,1,"Congressional Budget Office, _Climate Change, Disaster Risk, and Homeowner's Insurance_ (2024)",https://www.cbo.gov/publication/60674
S583,SRC-CANON-0327-0989,S583,false,unregistered-url::S583,1,"U.S. Small Business Administration, _Disaster assistance_ / Economic Injury Disaster Loans and physical-damage loans (current access 2026)",
S584,SRC-CANON-0327-0022,S584,false,https://consumer.ftc.gov/articles/how-avoid-scams-after-weather-emergencies-and-natural-disasters,1,"Federal Trade Commission, _How To Avoid Scams After Weather Emergencies and Natural Disasters_ (current access 2026)",https://consumer.ftc.gov/articles/how-avoid-scams-after-weather-emergencies-and-natural-disasters
S585,SRC-CANON-0327-0840,S585,false,https://www.undrr.org/media/48692/download,1,"United Nations Office for Disaster Risk Reduction, _Reducing Risk & Building Resilience of SMEs to Disasters_ (current access 2026)",https://www.undrr.org/media/48692/download
S586,SRC-CANON-0327-0990,S586,false,unregistered-url::S586,1,"Federal Emergency Management Agency, _Whole Community_ glossary and approach resources (current access 2026)",
S587,SRC-CANON-0327-0007,S587,false,https://asprtracie.hhs.gov/technical-resources/63/crisis-standards-of-care/0,1,"ASPR TRACIE, _Crisis Standards of Care_ technical resources (current access 2026)",https://asprtracie.hhs.gov/technical-resources/63/crisis-standards-of-care/0
S588,SRC-CANON-0327-0901,S588,false,https://www.who.int/docs/default-source/blue-print/ethics-and-covid-19-resource-allocation-and-priority-setting.pdf,1,"World Health Organization, _Ethics and COVID-19: resource allocation and priority-setting_ (2020)",https://www.who.int/docs/default-source/blue-print/ethics-and-covid-19-resource-allocation-and-priority-setting.pdf
S589,SRC-CANON-0327-0991,S589,false,unregistered-url::S589,1,"NASEO, _State Energy Security Planning_ and Regional Petroleum Response Collaborative materials (current access 2026)",
S590,SRC-CANON-0327-0349,S590,false,https://www.epa.gov/waterutilityresponse/mutual-aid-and-assistance-drinking-water-and-wastewater-utilities,1,"U.S. Environmental Protection Agency, _Mutual Aid and Assistance for Drinking Water and Wastewater Utilities_ (updated 2026)",https://www.epa.gov/waterutilityresponse/mutual-aid-and-assistance-drinking-water-and-wastewater-utilities
S591,SRC-CANON-0327-0815,S591,false,https://www.publicpower.org/mutual-aid-and-emergency-response,1,"American Public Power Association, _Mutual Aid and Emergency Response_ / disaster planning resources (current access 2026)",https://www.publicpower.org/mutual-aid-and-emergency-response
S592,SRC-CANON-0327-0328,S592,false,https://www.energy.gov/sites/default/files/2024-10/EXEC-2022-001242%20-%20Large%20Power%20Transformer%20Resilience%20Report%20signed%20by%20Secretary%20Granholm%20on%207-10-24.pdf,1,"U.S. Department of Energy, _Large Power Transformer Resilience Report_ (2024)",https://www.energy.gov/sites/default/files/2024-10/EXEC-2022-001242%20-%20Large%20Power%20Transformer%20Resilience%20Report%20signed%20by%20Secretary%20Granholm%20on%207-10-24.pdf
S593,SRC-CANON-0327-0121,S593,false,https://ppp.worldbank.org/sites/default/files/2022-03/Final-LOW_WB_G20_Report_v4_1JUN_2021.pdf,1,"World Bank / G20, _Well Maintained: Economic Benefits from More Reliable and Resilient Infrastructure_ (2021)",https://ppp.worldbank.org/sites/default/files/2022-03/Final-LOW_WB_G20_Report_v4_1JUN_2021.pdf
S594,SRC-CANON-0327-0745,S594,false,https://www.oecd.org/en/publications/2025/06/government-at-a-glance-2025_70e14c6c/full-report/management-of-asset-performance-throughout-the-life-cycle_77aa88af.html,1,"OECD, _Government at a Glance 2025: Management of asset performance throughout the life cycle_ (2025)",https://www.oecd.org/en/publications/2025/06/government-at-a-glance-2025_70e14c6c/full-report/management-of-asset-performance-throughout-the-life-cycle_77aa88af.html
S595,SRC-CANON-0327-0916,S405,true,https://www.who.int/publications/i/item/9789240045125,0,"World Health Organization, _Mental health and Climate Change: Policy Brief_ (2022)",https://www.who.int/publications/i/item/9789240045125
S596,SRC-CANON-0327-0077,S596,false,https://interagencystandingcommittee.org/iasc-task-force-mental-health-and-psychosocial-support-emergency-settings/iasc-guidelines-mental-health-and-psychosocial-support-emergency-settings-2007,1,"Inter-Agency Standing Committee, _Guidelines on Mental Health and Psychosocial Support in Emergency Settings_ (2007; current access 2026)",https://interagencystandingcommittee.org/iasc-task-force-mental-health-and-psychosocial-support-emergency-settings/iasc-guidelines-mental-health-and-psychosocial-support-emergency-settings-2007
S597,SRC-CANON-0327-0088,S597,false,https://library.samhsa.gov/product/national-behavioral-health-crisis-care-guidance/pep24-01-037,1,"SAMHSA, _2025 National Guidelines for a Behavioral Health Coordinated System of Crisis Care_ (2025)",https://library.samhsa.gov/product/national-behavioral-health-crisis-care-guidance/pep24-01-037
S598,SRC-CANON-0327-0284,S598,false,https://www.eac.gov/election-officials/contingency-planning,1,"U.S. Election Assistance Commission, _Contingency Planning_ resources (current access 2026)",https://www.eac.gov/election-officials/contingency-planning
S599,SRC-CANON-0327-0503,S599,false,https://www.idea.int/news-media/multimedia-reports/impact-natural-hazards-elections,1,"International IDEA, _The Impact of Natural Hazards on Elections_ / natural-hazard election-disruption monitor (2026)",https://www.idea.int/news-media/multimedia-reports/impact-natural-hazards-elections
S600,SRC-CANON-0327-0268,S600,false,https://www.cisa.gov/resources-tools/resources/guidance-essential-critical-infrastructure-workforce,1,"CISA, _Guidance on the Essential Critical Infrastructure Workforce_ (current page, updated 2021; current access 2026)",https://www.cisa.gov/resources-tools/resources/guidance-essential-critical-infrastructure-workforce
S601,SRC-CANON-0327-0066,S601,false,https://healthcareready.org/disaster-access,1,"Healthcare Ready, _Disaster Access_ and _Access Denied_ disaster re-entry materials (current access 2026)",https://healthcareready.org/disaster-access/
S602,SRC-CANON-0327-0993,S602,false,unregistered-url::S602,1,"FEMA, _Homeland Security Exercise and Evaluation Program_ and Exercise Starter Kits (current access 2026)",
S603,SRC-CANON-0327-0407,S603,false,https://www.fema.gov/sites/default/files/2020-07/fema_ESF_6_Mass-Care.pdf,1,"Federal Emergency Management Agency, _Emergency Support Function #6: Mass Care, Emergency Assistance, Temporary Housing, and Human Services Annex_ (current access 2026)",https://www.fema.gov/sites/default/files/2020-07/fema_ESF_6_Mass-Care.pdf
S604,SRC-CANON-0327-0095,S604,false,https://nationalmasscarestrategy.org/,1,"National Mass Care Strategy, _Mass Care/Emergency Assistance and Sheltering Resources_ (current access 2026)",https://nationalmasscarestrategy.org/
S605,SRC-CANON-0327-0149,S434,true,https://spherestandards.org/handbook,0,"Sphere Association, _The Sphere Handbook: Humanitarian Charter and Minimum Standards in Humanitarian Response_ (2018; current access 2026)",https://spherestandards.org/handbook/
S606,SRC-CANON-0327-0079,S606,false,https://interagencystandingcommittee.org/working-group/iasc-guidelines-integrating-gender-based-violence-interventions-humanitarian-action-2015,1,"Inter-Agency Standing Committee, _Guidelines for Integrating Gender-Based Violence Interventions in Humanitarian Action_ (2015; current access 2026)",https://interagencystandingcommittee.org/working-group/iasc-guidelines-integrating-gender-based-violence-interventions-humanitarian-action-2015
S607,SRC-CANON-0327-0658,S607,false,https://www.nist.gov/privacy-framework,1,"National Institute of Standards and Technology, _Privacy Framework_ (version 1.0 / 1.1 draft page; current access 2026)",https://www.nist.gov/privacy-framework
S608,SRC-CANON-0327-0022,S584,true,https://consumer.ftc.gov/articles/how-avoid-scams-after-weather-emergencies-and-natural-disasters,0,"Federal Trade Commission, _How To Avoid Scams After Weather Emergencies and Natural Disasters_ (current access 2026)",https://consumer.ftc.gov/articles/how-avoid-scams-after-weather-emergencies-and-natural-disasters
S609,SRC-CANON-0327-0641,S609,false,https://www.justice.gov/archives/opa/pr/justice-department-federal-trade-commission-and-consumer-financial-protection-bureau-warn,1,"U.S. Department of Justice / Federal Trade Commission / Consumer Financial Protection Bureau, _Warning consumers about scams and price gouging after hurricanes and other natural disasters_ (2024; current access 2026)",https://www.justice.gov/archives/opa/pr/justice-department-federal-trade-commission-and-consumer-financial-protection-bureau-warn
S610,SRC-CANON-0327-0655,S610,false,https://www.nfpa.org/education-and-research/wildfire/firewise-usa,1,"National Fire Protection Association, _Firewise USA_ (current access 2026)",https://www.nfpa.org/education-and-research/wildfire/firewise-usa
S611,SRC-CANON-0327-0994,S611,false,unregistered-url::S611,1,"NOAA, _Wildfire climate connection_ and wildfire science / response resources (current access 2026)",
S612,SRC-CANON-0327-0228,S612,false,https://www.aphis.usda.gov/animal-care/emergency-programs,1,"U.S. Department of Agriculture APHIS, _Animal Care Emergency Programs_ (updated 2025; current access 2026)",https://www.aphis.usda.gov/animal-care/emergency-programs
S613,SRC-CANON-0327-0817,S613,false,https://www.ready.gov/pets,1,"Ready.gov, _Prepare Your Pets for Disasters_ (updated 2026)",https://www.ready.gov/pets
S614,SRC-CANON-0327-0995,S614,false,unregistered-url::S614,1,"World Health Organization / Pan American Health Organization / ICRC, _Management of Dead Bodies after Disasters: A Field Manual for First Responders_ (2006 / revised 2016; current access 2026)",
S615,SRC-CANON-0327-0008,S615,false,https://asprtracie.hhs.gov/technical-resources/65/fatality-management/0,1,"ASPR TRACIE, _Fatality Management_ technical resources (current access 2026)",https://asprtracie.hhs.gov/technical-resources/65/fatality-management/0
S616,SRC-CANON-0327-0393,S616,false,https://www.fema.gov/emergency-managers/practitioners/resilience-analysis-and-planning-tool,1,"FEMA, _Resilience Analysis and Planning Tool (RAPT)_ (updated 2026)",https://www.fema.gov/emergency-managers/practitioners/resilience-analysis-and-planning-tool
S617,SRC-CANON-0327-0820,S617,false,https://www.ruralhealthinfo.org/topics/emergency-preparedness-and-response,1,"Rural Health Information Hub / NORC, _Rural Emergency Preparedness and Response Toolkit_ (current access 2026)",https://www.ruralhealthinfo.org/topics/emergency-preparedness-and-response
S618,SRC-CANON-0327-0500,S618,false,https://www.iccrom.org/programmes/first-aid-and-resilience-times-crisis-far,1,"ICCROM, _First Aid and Resilience for Cultural Heritage in Times of Crisis_ (current access 2026)",https://www.iccrom.org/programmes/first-aid-and-resilience-times-crisis-far
S619,SRC-CANON-0327-0372,S619,false,https://www.fema.gov/assistance/individual/after-applying/verifying-home-ownership-occupancy,1,"Federal Emergency Management Agency, _Verifying Home Ownership or Occupancy_ (updated 2025; current access 2026)",https://www.fema.gov/assistance/individual/after-applying/verifying-home-ownership-occupancy
S620,SRC-CANON-0327-0448,S620,false,https://www.hud.gov/hud-partners/community-cdbg-dr-faqs-collection,1,"U.S. Department of Housing and Urban Development, _CDBG-DR Frequently Asked Questions Collection_ (current access 2026)",https://www.hud.gov/hud-partners/community-cdbg-dr-faqs-collection
S621,SRC-CANON-0327-0175,S621,false,https://unhabitat.org/land-and-natural-disasters-guidance-for-practitioners,1,"UN-Habitat / Global Land Tool Network, _Land and Natural Disasters: Guidance for Practitioners_ (2010; current access 2026)",https://unhabitat.org/land-and-natural-disasters-guidance-for-practitioners
S622,SRC-CANON-0327-0400,S622,false,https://www.fema.gov/grants/mitigation/learn/hazard-mitigation-assistance-guidance,1,"Federal Emergency Management Agency, _Hazard Mitigation Assistance Program and Policy Guide_ (version 2.1; effective 2025)",https://www.fema.gov/grants/mitigation/learn/hazard-mitigation-assistance-guidance
S623,SRC-CANON-0327-0399,S623,false,https://www.fema.gov/grants/mitigation/learn/hazard-mitigation,1,"Federal Emergency Management Agency, _Hazard Mitigation Grant Program_ (current access 2026)",https://www.fema.gov/grants/mitigation/learn/hazard-mitigation
S624,SRC-CANON-0327-0401,S624,false,https://www.fema.gov/grants/procurement/resource-library,1,"Federal Emergency Management Agency, _Purchasing Under a FEMA Award: Resource Library_ (current access 2026)",https://www.fema.gov/grants/procurement/resource-library
S625,SRC-CANON-0327-0996,S625,false,unregistered-url::S625,1,"Federal Emergency Management Agency, _Public Assistance Program_ and _Process of Public Assistance Grants_ (current access 2026)",
S626,SRC-CANON-0327-0440,S626,false,https://www.gfoa.org/materials/disaster-recovery-cost-documentation,1,"Government Finance Officers Association, _Disaster Recovery Cost Documentation_ (board-approved 2020; current access 2026)",https://www.gfoa.org/materials/disaster-recovery-cost-documentation
S627,SRC-CANON-0327-0395,S627,false,https://www.fema.gov/emergency-managers/risk-management/building-science/building-codes-save-study,1,"Federal Emergency Management Agency, _Building Codes Save: A Nationwide Study of Loss Prevention_ (current access 2026)",https://www.fema.gov/emergency-managers/risk-management/building-science/building-codes-save-study
S628,SRC-CANON-0327-0394,S628,false,https://www.fema.gov/emergency-managers/risk-management/building-science/bcat,1,"Federal Emergency Management Agency, _Building Code Adoption Tracking_ (current access 2026)",https://www.fema.gov/emergency-managers/risk-management/building-science/bcat
S629,SRC-CANON-0327-0375,S629,false,https://www.fema.gov/assistance/public/policy-guidance-fact-sheets/section-1206-building-code-and-floodplain-management-administration-and,1,"Federal Emergency Management Agency, _Section 1206: Building Code and Floodplain Management Administration and Enforcement_ (current access 2026)",https://www.fema.gov/assistance/public/policy-guidance-fact-sheets/section-1206-building-code-and-floodplain-management-administration-and
S630,SRC-CANON-0327-0805,S630,false,https://www.osha.gov/emergency-preparedness,1,"Occupational Safety and Health Administration, _Emergency Preparedness and Response_ (current access 2026)",https://www.osha.gov/emergency-preparedness
S631,SRC-CANON-0327-0249,S631,false,https://www.cdc.gov/niosh/heat-stress/about/index.html,1,"Centers for Disease Control and Prevention / NIOSH, _Heat Stress and Workers_ (updated 2026)",https://www.cdc.gov/niosh/heat-stress/about/index.html
S632,SRC-CANON-0327-0413,S632,false,https://www.fema.gov/sites/default/files/2020-08/fema_p85.pdf,1,"Federal Emergency Management Agency, _Protecting Manufactured Homes from Floods and Other Hazards_ (FEMA P-85; 2009 / current access 2026)",https://www.fema.gov/sites/default/files/2020-08/fema_p85.pdf
S633,SRC-CANON-0327-0057,S633,false,https://files.hudexchange.info/resources/documents/Disaster_Recovery_Disaster_Impact_Needs_Assessment_Kit.pdf,1,"HUD Exchange, _Disaster Impact and Unmet Needs Assessment Kit_ (current access 2026)",https://files.hudexchange.info/resources/documents/Disaster_Recovery_Disaster_Impact_Needs_Assessment_Kit.pdf
S634,SRC-CANON-0327-0727,S634,false,https://www.nvoad.org/wp-content/uploads/National-VOAD-LTR-Guide-2023.pdf,1,"National Voluntary Organizations Active in Disaster, _Long-Term Recovery Guide_ (2023)",https://www.nvoad.org/wp-content/uploads/National-VOAD-LTR-Guide-2023.pdf
S635,SRC-CANON-0327-0403,S635,false,https://www.fema.gov/national-disaster-recovery-framework,1,"Federal Emergency Management Agency, _National Disaster Recovery Framework_ (third edition page; current access 2026)",https://www.fema.gov/national-disaster-recovery-framework
S636,SRC-CANON-0327-0392,S636,false,https://www.fema.gov/emergency-managers/practitioners/recovery-resources/community-toolkit,1,"Federal Emergency Management Agency, _Community Recovery Management Toolkit_ (updated 2025)",https://www.fema.gov/emergency-managers/practitioners/recovery-resources/community-toolkit
S637,SRC-CANON-0327-0422,S637,false,https://www.fema.gov/sites/default/files/documents/fema_national-resilience-guidance_august2024.pdf,1,"Federal Emergency Management Agency, _National Resilience Guidance_ (2024)",https://www.fema.gov/sites/default/files/documents/fema_national-resilience-guidance_august2024.pdf
S638,SRC-CANON-0327-0093,S638,false,https://mcr2030.undrr.org/disaster-resilience-scorecard-cities,1,"UNDRR / Making Cities Resilient 2030, _Disaster Resilience Scorecard for Cities_ (current access 2026)",https://mcr2030.undrr.org/disaster-resilience-scorecard-cities
S639,SRC-CANON-0327-0414,S639,false,https://www.fema.gov/sites/default/files/documents/fema_continuity-guidance-circular_082024.pdf,1,"Federal Emergency Management Agency, _Continuity Guidance Circular_ (2024 update; current access 2026)",https://www.fema.gov/sites/default/files/documents/fema_continuity-guidance-circular_082024.pdf
S640,SRC-CANON-0327-0069,S640,false,https://home.treasury.gov/news/press-releases/jy2791,1,"U.S. Department of the Treasury / Federal Insurance Office, _Homeowners Insurance Costs Rising, Availability Declining as Climate-Related Events Take Their Toll_ (2025 press release and report page)",https://home.treasury.gov/news/press-releases/jy2791
S641,SRC-CANON-0327-0025,S641,false,https://content.naic.org/sites/default/files/natural-catastrophe-risk-dashboard-report-final.pdf,1,"National Association of Insurance Commissioners, _Natural Catastrophe Risk Dashboard_ (2026)",https://content.naic.org/sites/default/files/natural-catastrophe-risk-dashboard-report-final.pdf
S642,SRC-CANON-0327-0760,S642,false,https://www.oecd.org/en/publications/financial-protection-against-catastrophic-risks_32a3acd7-en/full-report/insurance-coverage-for-wildfire-risk_f5877210.html,1,"OECD, _Financial Protection against Catastrophic Risks: Insurance Coverage for Wildfire Risk_ (2026)",https://www.oecd.org/en/publications/financial-protection-against-catastrophic-risks_32a3acd7-en/full-report/insurance-coverage-for-wildfire-risk_f5877210.html
S643,SRC-CANON-0327-0302,S643,false,https://www.eiopa.europa.eu/tools-and-data/dashboard-insurance-protection-gap-natural-catastrophes_en,1,"European Insurance and Occupational Pensions Authority, _Dashboard on insurance protection gap for natural catastrophes_ (updated 2025 / current access 2026)",https://www.eiopa.europa.eu/tools-and-data/dashboard-insurance-protection-gap-natural-catastrophes_en
S644,SRC-CANON-0327-0036,S644,false,https://disasterlaw.ifrc.org/sites/default/files/media/disaster_law/2025-11/PPED%20Fact%20Sheet%20-%20External%20Assistance_Final.pdf,1,"International Federation of Red Cross and Red Crescent Societies, _PPED Fact Sheet: External Assistance_ (2025)",https://disasterlaw.ifrc.org/sites/default/files/media/disaster_law/2025-11/PPED%20Fact%20Sheet%20-%20External%20Assistance_Final.pdf
S645,SRC-CANON-0327-0891,S645,false,https://www.wcoomd.org/en/topics/facilitation/activities-and-programmes/natural-disaster.aspx,1,"World Customs Organization, _Natural Disaster Relief_ (current access 2026)",https://www.wcoomd.org/en/topics/facilitation/activities-and-programmes/natural-disaster.aspx
S646,SRC-CANON-0327-0165,S646,false,https://unece.org/sites/default/files/2023-10/Rec44-ECE-TRADE-461E.pdf,1,"United Nations Economic Commission for Europe, _Recommendation No. 44: Cross-Border Facilitation Measures for Disaster Relief_ (2023)",https://unece.org/sites/default/files/2023-10/Rec44-ECE-TRADE-461E.pdf
S647,SRC-CANON-0327-0884,S647,false,https://www.unwater.org/publications/progress-transboundary-water-cooperation-2024-update,1,"UN-Water / UNECE / UNESCO, _Progress on Transboundary Water Cooperation – 2024 Update_ (2024)",https://www.unwater.org/publications/progress-transboundary-water-cooperation-2024-update
S648,SRC-CANON-0327-0163,S648,false,https://unece.org/environment-policy/water/areas-work-convention/water-and-adaptation-climate-change,1,"United Nations Economic Commission for Europe, _Water and adaptation to climate change_ (current access 2026)",https://unece.org/environment-policy/water/areas-work-convention/water-and-adaptation-climate-change
S649,SRC-CANON-0327-0809,S649,false,https://www.osha.gov/heat-exposure/standards,1,"Occupational Safety and Health Administration, _Occupational Heat Exposure: Standards_ (current access 2026)",https://www.osha.gov/heat-exposure/standards
S650,SRC-CANON-0327-0250,S650,false,https://www.cdc.gov/niosh/heat-stress/communication-resources/app.html,1,"Centers for Disease Control and Prevention / NIOSH / OSHA, _Heat Safety Tool App_ (updated 2026)",https://www.cdc.gov/niosh/heat-stress/communication-resources/app.html
S651,SRC-CANON-0327-0613,S651,false,https://www.imf.org/-/media/files/publications/fiscal-monitor/2026/april/english/text.pdf,1,"International Monetary Fund, _Fiscal Monitor: Fiscal Policy under Pressure — High Debt, Rising Risks_ (April 2026)",https://www.imf.org/-/media/files/publications/fiscal-monitor/2026/april/english/text.pdf
S652,SRC-CANON-0327-0152,S652,false,https://thedocs.worldbank.org/en/doc/1820b53ad5cba038ff885cc3758ba59f-0340012021/original/Cat-DDO-IBRD-Product-Note.pdf,1,"World Bank, _IBRD Catastrophe Deferred Drawdown Option Product Note_ (2026)",https://thedocs.worldbank.org/en/doc/1820b53ad5cba038ff885cc3758ba59f-0340012021/original/Cat-DDO-IBRD-Product-Note.pdf
S653,SRC-CANON-0327-0146,S653,false,https://sendaimonitor.undrr.org/,1,"UNDRR, _Sendai Framework Monitor_ (current access 2026)",https://sendaimonitor.undrr.org/
S654,SRC-CANON-0327-0285,S654,false,https://www.earthdata.nasa.gov/topics/human-dimensions/natural-hazards,1,"NASA Earthdata, _Natural Hazards_ (current access 2026)",https://www.earthdata.nasa.gov/topics/human-dimensions/natural-hazards
S655,SRC-CANON-0327-0378,S655,false,https://www.fema.gov/disaster/recover/rumor-response,1,"Federal Emergency Management Agency, _Common Disaster-Related Rumors_ / disaster rumor response page (current access 2026)",https://www.fema.gov/disaster/recover/rumor-response
S656,SRC-CANON-0327-0272,S656,false,https://www.cisa.gov/topics/industrial-control-systems,1,"Cybersecurity and Infrastructure Security Agency, _Industrial Control Systems_ topic page (current access 2026)",https://www.cisa.gov/topics/industrial-control-systems
S657,SRC-CANON-0327-0269,S657,false,https://www.cisa.gov/resources-tools/resources/principles-operational-technology-cyber-security,1,"Cybersecurity and Infrastructure Security Agency, _Principles of Operational Technology Cyber Security_ (2024; current access 2026)",https://www.cisa.gov/resources-tools/resources/principles-operational-technology-cyber-security
S658,SRC-CANON-0327-0270,S658,false,https://www.cisa.gov/resources-tools/resources/secure-demand-priority-considerations-operational-technology-owners-and-operators-when-selecting,1,"CISA and partners, _Secure by Demand: Priority Considerations for Operational Technology Owners and Operators when Selecting Digital Products_ (2025; current access 2026)",https://www.cisa.gov/resources-tools/resources/secure-demand-priority-considerations-operational-technology-owners-and-operators-when-selecting
S659,SRC-CANON-0327-0342,S659,false,https://www.epa.gov/rmp/risk-management-program-safer-communities-chemical-accident-prevention-final-rule,1,"U.S. Environmental Protection Agency, _Risk Management Program Safer Communities by Chemical Accident Prevention Final Rule_ (2024 final rule page, current access 2026)",https://www.epa.gov/rmp/risk-management-program-safer-communities-chemical-accident-prevention-final-rule
S660,SRC-CANON-0327-0081,S660,false,https://joint-research-centre.ec.europa.eu/projects-and-activities/natural-and-man-made-hazards/technological-accidents-triggered-natural-hazards_en,1,"European Commission Joint Research Centre, _Technological accidents triggered by natural hazards_ (current access 2026)",https://joint-research-centre.ec.europa.eu/projects-and-activities/natural-and-man-made-hazards/technological-accidents-triggered-natural-hazards_en
S661,SRC-CANON-0327-0434,S661,false,https://www.gao.gov/products/gao-25-106253,1,"U.S. Government Accountability Office, _Hazardous Waste: EPA Should Take Additional Actions to Encourage Treatment, Storage, and Disposal Facilities to Manage Climate Risks_ (GAO-25-106253, 2024)",https://www.gao.gov/products/gao-25-106253
S662,SRC-CANON-0327-0865,S662,false,https://www.unep.org/resources/report/global-industry-standard-tailings-management,1,"UNEP / PRI / ICMM Global Tailings Review, _Global Industry Standard on Tailings Management_ (2020; current access 2026)",https://www.unep.org/resources/report/global-industry-standard-tailings-management
S663,SRC-CANON-0327-0261,S663,false,https://www.cdc.gov/wastewater/about/index.html,1,"Centers for Disease Control and Prevention, _About CDC's Wastewater Monitoring Program_ (current access 2026)",https://www.cdc.gov/wastewater/about/index.html
S664,SRC-CANON-0327-0200,S664,false,https://wmo.int/resources/publication-series/state-of-climate-services/2023-state-of-climate-services-health,1,"WMO, _2023 State of Climate Services for Health_ (2023; current access 2026)",https://wmo.int/resources/publication-series/state-of-climate-services/2023-state-of-climate-services-health
S665,SRC-CANON-0327-0923,S665,false,https://www.who.int/publications/m/item/global-strategic-preparedness--readiness-and-response-plan-for-dengue-and-other-aedes-borne-arboviruses,1,"World Health Organization, _Global strategic preparedness, readiness and response plan for dengue and other Aedes-borne arboviruses_ (2024–2025)",https://www.who.int/publications/m/item/global-strategic-preparedness--readiness-and-response-plan-for-dengue-and-other-aedes-borne-arboviruses
S666,SRC-CANON-0327-0437,S666,false,https://www.gfdrr.org/en/open-data-resilience-initiative-opendri,1,"World Bank / GFDRR, _Open Data for Resilience Initiative (OpenDRI)_ (current access 2026)",https://www.gfdrr.org/en/open-data-resilience-initiative-opendri
S667,SRC-CANON-0327-0086,S667,false,https://legalinstruments.oecd.org/en/instruments/OECD-LEGAL-0438,1,"OECD, _Recommendation of the Council on Open Government_ (2017; current access 2026)",https://legalinstruments.oecd.org/en/instruments/OECD-LEGAL-0438
S668,SRC-CANON-0327-0198,S204,true,https://wmo.int/resources/publication-series/global-status-of-multi-hazard-early-warning-systems/global-status-of-multi-hazard-early-warning-systems-2025,0,"WMO / UNDRR, _Global Status of Multi-Hazard Early Warning Systems 2025_ (2025; current access 2026)",https://wmo.int/resources/publication-series/global-status-of-multi-hazard-early-warning-systems/global-status-of-multi-hazard-early-warning-systems-2025
S669,SRC-CANON-0327-0187,S669,false,https://wmo.int/activities/early-warnings-all/wmo-and-early-warnings-all-initiative,1,"World Meteorological Organization, _WMO and the Early Warnings for All Initiative_ (current access 2026)",https://wmo.int/activities/early-warnings-all/wmo-and-early-warnings-all-initiative
S670,SRC-CANON-0327-0203,S670,false,https://wmo.int/site/early-warnings-all/dashboards/early-warnings-all-dashboard,1,"World Meteorological Organization, _Early Warnings for All Dashboard_ (current access 2026)",https://wmo.int/site/early-warnings-all/dashboards/early-warnings-all-dashboard
S671,SRC-CANON-0327-0600,S671,false,https://www.ifrc.org/early-warning-early-action,1,"International Federation of Red Cross and Red Crescent Societies, _Early warning, early action_ (current access 2026)",https://www.ifrc.org/early-warning-early-action
S672,SRC-CANON-0327-0602,S672,false,https://www.ifrc.org/happening-now/emergencies/anticipatory-pillar-dref,1,"International Federation of Red Cross and Red Crescent Societies, _Anticipatory Pillar of the IFRC-DREF_ (current access 2026)",https://www.ifrc.org/happening-now/emergencies/anticipatory-pillar-dref
S673,SRC-CANON-0327-0881,S673,false,https://www.unocha.org/anticipatory-action,1,"UN OCHA, _Anticipatory action_ (current access 2026)",https://www.unocha.org/anticipatory-action
S674,SRC-CANON-0327-0017,S674,false,https://cerf.un.org/anticipatory-action,1,"CERF, _Anticipatory Action_ (current access 2026)",https://cerf.un.org/anticipatory-action
S675,SRC-CANON-0327-0122,S675,false,https://preparecenter.org/toolkit/ewaa-resource-hub,1,"PrepareCenter / IFRC and partners, _Early Warning Anticipatory Action Tool & Resource Hub_ (current access 2026)",https://preparecenter.org/toolkit/ewaa-resource-hub/
S676,SRC-CANON-0327-0381,S676,false,https://www.fema.gov/emergency-managers/national-preparedness/plan/evacuation-shelter-in-place,1,"Federal Emergency Management Agency, _Evacuation and Shelter-in-Place_ planning guidance page (current access 2026)",https://www.fema.gov/emergency-managers/national-preparedness/plan/evacuation-shelter-in-place
S677,SRC-CANON-0327-0023,S677,false,https://content.govdelivery.com/accounts/USDHSFEMA/bulletins/3c7dda6,1,"Federal Emergency Management Agency, _Planning Considerations: Putting People First_ release summary (2024; current access 2026)",https://content.govdelivery.com/accounts/USDHSFEMA/bulletins/3c7dda6
S678,SRC-CANON-0327-0951,S678,false,https://www.wpc.ncep.noaa.gov/heatrisk,1,"NOAA / National Weather Service, _NWS HeatRisk_ (current access 2026)",https://www.wpc.ncep.noaa.gov/heatrisk/
S679,SRC-CANON-0327-0952,S679,false,https://www.wpc.ncep.noaa.gov/heatrisk/cdc.html,1,"NOAA / National Weather Service and CDC, _NWS / CDC HeatRisk Collaboration_ (current access 2026)",https://www.wpc.ncep.noaa.gov/heatrisk/cdc.html
S680,SRC-CANON-0327-0225,S680,false,https://www.airnow.gov/aqi,1,"AirNow.gov / U.S. EPA and partners, _Air Quality Index_ and air-quality status pages (current access 2026)",https://www.airnow.gov/aqi/
S681,SRC-CANON-0327-0351,S681,false,https://www.epa.gov/wildfire-smoke-course/wildfire-smoke-and-your-patients-health,1,"U.S. Environmental Protection Agency, _Wildfire Smoke and Your Patients' Health_ (2025/2026; current access 2026)",https://www.epa.gov/wildfire-smoke-course/wildfire-smoke-and-your-patients-health
S682,SRC-CANON-0327-0185,S472,true,https://wmo.int/activities/common-alerting-protocol-cap,0,"World Meteorological Organization, _Common Alerting Protocol (CAP)_ (current access 2026)",https://wmo.int/activities/common-alerting-protocol-cap
S683,SRC-CANON-0327-0835,S683,false,https://www.undrr.org/early-warnings-for-all/common-alerting-protocol,1,"UNDRR, _The Common Alerting Protocol (CAP)_ (current access 2026)",https://www.undrr.org/early-warnings-for-all/common-alerting-protocol
S684,SRC-CANON-0327-0935,S359,true,https://www.worldbank.org/en/programs/sahel-adaptive-social-protection-program-trust-fund/thematic-areas/climate-shock-responsive-delivery-systems,0,"World Bank, _Climate shock responsive delivery systems_ (current access 2026)",https://www.worldbank.org/en/programs/sahel-adaptive-social-protection-program-trust-fund/thematic-areas/climate-shock-responsive-delivery-systems
S685,SRC-CANON-0327-0197,S685,false,https://wmo.int/resources/publication-series/global-status-of-multi-hazard-early-warning-systems/early-warnings-all-focus-hazard-monitoring-and-forecasting,1,"World Meteorological Organization, _Early Warnings for All in Focus: Hazard Monitoring and Forecasting_ (2025; current access 2026)",https://wmo.int/resources/publication-series/global-status-of-multi-hazard-early-warning-systems/early-warnings-all-focus-hazard-monitoring-and-forecasting
S686,SRC-CANON-0327-0893,S686,false,https://www.weather.gov/about/idss,1,"NOAA / National Weather Service, _Impact-Based Decision Support Services_ (current access 2026)",https://www.weather.gov/about/idss
S687,SRC-CANON-0327-0410,S687,false,https://www.fema.gov/sites/default/files/2020-07/fema_nims_doctrine-2017.pdf,1,"Federal Emergency Management Agency, _National Incident Management System_ (3rd ed., 2017; current access 2026)",https://www.fema.gov/sites/default/files/2020-07/fema_nims_doctrine-2017.pdf
S688,SRC-CANON-0327-0376,S688,false,https://www.fema.gov/disaster/how-declared/preliminary-damage-assessments/guide,1,"Federal Emergency Management Agency, _Preliminary Damage Assessment Guide_ (2025; current access 2026)",https://www.fema.gov/disaster/how-declared/preliminary-damage-assessments/guide
S689,SRC-CANON-0327-0246,S689,false,https://www.cdc.gov/casper/php/overview/index.html,1,"Centers for Disease Control and Prevention, _Overview of CASPER_ (updated 2024; current access 2026)",https://www.cdc.gov/casper/php/overview/index.html
S690,SRC-CANON-0327-0076,S690,false,https://interagencystandingcommittee.org/iasc-needs-assessment-task-force/iasc-multi-clustersector-initial-rapid-assessment-mira-manual-2015,1,"Inter-Agency Standing Committee / OCHA, _Multi-Cluster/Sector Initial Rapid Assessment (MIRA) Manual_ (2015; current access 2026)",https://interagencystandingcommittee.org/iasc-needs-assessment-task-force/iasc-multi-clustersector-initial-rapid-assessment-mira-manual-2015
S691,SRC-CANON-0327-0416,S691,false,https://www.fema.gov/sites/default/files/documents/fema_distribution-management-plan-guide-2.0.pdf,1,"Federal Emergency Management Agency, _Distribution Management Plan Guide 2.0_ (current access 2026)",https://www.fema.gov/sites/default/files/documents/fema_distribution-management-plan-guide-2.0.pdf
S692,SRC-CANON-0327-0055,S692,false,https://femap2055.atcouncil.org/,1,"FEMA / Applied Technology Council, _FEMA P-2055 Post-disaster Building Safety Evaluation Guidance_ and related safety-assessment materials (2019; current access 2026)",https://femap2055.atcouncil.org/
S693,SRC-CANON-0327-0411,S693,false,https://www.fema.gov/sites/default/files/2020-07/fema_nrf_support-annex_volunteer.pdf,1,"Federal Emergency Management Agency, _Volunteer and Donations Management Support Annex_ (current access 2026)",https://www.fema.gov/sites/default/files/2020-07/fema_nrf_support-annex_volunteer.pdf
S694,SRC-CANON-0327-0368,S694,false,https://www.fema.gov/about/glossary/disaster-survivor-assistance,1,"Federal Emergency Management Agency, _Disaster Survivor Assistance_ (glossary and program description, updated 2024; current access 2026)",https://www.fema.gov/about/glossary/disaster-survivor-assistance
S695,SRC-CANON-0327-0367,S695,false,https://www.fema.gov/about/civil-rights/survivors,1,"Federal Emergency Management Agency, _Civil Rights for Disaster Survivors_ and Office of Civil Rights public materials (updated 2024–2026; current access 2026)",https://www.fema.gov/about/civil-rights/survivors
S696,SRC-CANON-0327-0251,S696,false,https://www.cdc.gov/phlp/docs/ph-emergencies.pdf,1,"Centers for Disease Control and Prevention, _Selected Federal Legal Authorities Pertinent to Public Health Emergencies_ (current access 2026)",https://www.cdc.gov/phlp/docs/ph-emergencies.pdf
S697,SRC-CANON-0327-0133,S697,false,https://preptoolkit.fema.gov/web/nims-toolkit/resource-management,1,"FEMA Preparedness Toolkit, _NIMS Resource Management / National Resource Hub_ (current access 2026)",https://preptoolkit.fema.gov/web/nims-toolkit/resource-management
S698,SRC-CANON-0327-0419,S698,false,https://www.fema.gov/sites/default/files/documents/fema_iappg-1.1.pdf,1,"Federal Emergency Management Agency, _Individual Assistance Program and Policy Guide (IAPPG)_, version 1.1 / current policy page (current access 2026)",https://www.fema.gov/sites/default/files/documents/fema_iappg-1.1.pdf
S699,SRC-CANON-0327-0403,S635,true,https://www.fema.gov/national-disaster-recovery-framework,0,"Federal Emergency Management Agency, _National Disaster Recovery Framework and Recovery Support Functions_ (updated 2025; current access 2026)",https://www.fema.gov/national-disaster-recovery-framework
S700,SRC-CANON-0327-0418,S700,false,https://www.fema.gov/sites/default/files/documents/fema_housing_planning_guide_final_20240418_2025.pdf,1,"Federal Emergency Management Agency, _Pre-Disaster Housing Planning Guide_ (2024/2025; current access 2026)",https://www.fema.gov/sites/default/files/documents/fema_housing_planning_guide_final_20240418_2025.pdf
S701,SRC-CANON-0327-0447,S701,false,https://www.hud.gov/hud-partners/community-cdbg-dr,1,"U.S. Department of Housing and Urban Development, _Community Development Block Grant Disaster Recovery (CDBG-DR)_ (current access 2026)",https://www.hud.gov/hud-partners/community-cdbg-dr
S702,SRC-CANON-0327-0097,S702,false,https://nche.ed.gov/wp-content/uploads/2018/10/csds_relief.pdf,1,"National Center for Homeless Education, _What Relief Agencies Should Know About the Educational Rights of Children Displaced by Disasters_ (current access 2026)",https://nche.ed.gov/wp-content/uploads/2018/10/csds_relief.pdf
S703,SRC-CANON-0327-0051,S512,true,https://empowerprogram.hhs.gov/,0,"U.S. Department of Health and Human Services, _HHS emPOWER Program_ (current access 2026)",https://empowerprogram.hhs.gov/
S704,SRC-CANON-0327-0005,S704,false,https://aspr.hhs.gov/EPAP/Pages/default.aspx,1,"HHS Administration for Strategic Preparedness and Response, _Emergency Prescription Assistance Program (EPAP)_ (current access 2026)",https://aspr.hhs.gov/EPAP/Pages/default.aspx
S705,SRC-CANON-0327-0056,S705,false,https://files.asprtracie.hhs.gov/documents/aspr-tracie-cms-ep-rule-esrd-requirements.pdf,1,"ASPR TRACIE / CMS, _End Stage Renal Disease Facilities: Emergency Preparedness Requirements_ (current access 2026)",https://files.asprtracie.hhs.gov/documents/aspr-tracie-cms-ep-rule-esrd-requirements.pdf
S706,SRC-CANON-0327-0428,S706,false,https://www.fns.usda.gov/disaster,1,"U.S. Department of Agriculture Food and Nutrition Service, _Disaster Assistance_ (current access 2026)",https://www.fns.usda.gov/disaster
S707,SRC-CANON-0327-0429,S707,false,https://www.fns.usda.gov/snap/dsnap/state-agencies-partners-resources,1,"U.S. Department of Agriculture Food and Nutrition Service, _D-SNAP Resources for State Agencies and Partners_ (current access 2026)",https://www.fns.usda.gov/snap/dsnap/state-agencies-partners-resources
S708,SRC-CANON-0327-0002,S708,false,https://acf.gov/ocs/programs/liheap,1,"Administration for Children and Families, _Low Income Home Energy Assistance Program (LIHEAP)_ (updated 2025; current access 2026)",https://acf.gov/ocs/programs/liheap
S709,SRC-CANON-0327-0347,S709,false,https://www.epa.gov/waterfinancecenter/compendium-drinking-water-and-wastewater-customer-assistance-programs,1,"U.S. Environmental Protection Agency, _Compendium of Drinking Water and Wastewater Customer Assistance Programs_ (current access 2026)",https://www.epa.gov/waterfinancecenter/compendium-drinking-water-and-wastewater-customer-assistance-programs
S710,SRC-CANON-0327-0629,S710,false,https://www.irs.gov/businesses/small-businesses-self-employed/disaster-assistance-and-emergency-relief-for-individuals-and-businesses,1,"Internal Revenue Service, _Disaster Assistance and Emergency Relief for Individuals and Businesses_ (updated 2026; current access 2026)",https://www.irs.gov/businesses/small-businesses-self-employed/disaster-assistance-and-emergency-relief-for-individuals-and-businesses
S711,SRC-CANON-0327-0282,S711,false,https://www.disasterassistance.gov/get-assistance/forms-of-assistance/4464,1,"DisasterAssistance.gov / FEMA and ABA partners, _Disaster Legal Services_ (updated 2025; current access 2026)",https://www.disasterassistance.gov/get-assistance/forms-of-assistance/4464
S712,SRC-CANON-0327-0373,S712,false,https://www.fema.gov/assistance/individual/disaster-survivors/disaster-case-management-toolbox,1,"Federal Emergency Management Agency, _Disaster Case Management Toolbox_ and recovery support materials (updated 2025; current access 2026)",https://www.fema.gov/assistance/individual/disaster-survivors/disaster-case-management-toolbox
S713,SRC-CANON-0327-0281,S581,true,https://www.disasterassistance.gov/,0,"DisasterAssistance.gov, _Disaster Assistance application, status, and upload center_ (current access 2026)",https://www.disasterassistance.gov/
S714,SRC-CANON-0327-0391,S714,false,https://www.fema.gov/emergency-managers/practitioners/lifelines-toolkit,1,"Federal Emergency Management Agency, _Community Lifelines Implementation Toolkit_ (2025; current access 2026)",https://www.fema.gov/emergency-managers/practitioners/lifelines-toolkit
S715,SRC-CANON-0327-0657,S715,false,https://www.nist.gov/community-resilience/planning-guide,1,"National Institute of Standards and Technology, _Community Resilience Planning Guide for Buildings and Infrastructure Systems_ (current access 2026)",https://www.nist.gov/community-resilience/planning-guide
S716,SRC-CANON-0327-0392,S636,true,https://www.fema.gov/emergency-managers/practitioners/recovery-resources/community-toolkit,0,"Federal Emergency Management Agency, _Community Recovery Management Toolkit_ (updated 2025; current access 2026)",https://www.fema.gov/emergency-managers/practitioners/recovery-resources/community-toolkit
S717,SRC-CANON-0327-0278,S717,false,https://www.consumerfinance.gov/consumer-tools/disasters-and-emergencies/start-recovering-and-rebuilding-your-financial-life,1,"Consumer Financial Protection Bureau, _Start recovering and rebuilding your financial life after a disaster_ (updated 2025; current access 2026)",https://www.consumerfinance.gov/consumer-tools/disasters-and-emergencies/start-recovering-and-rebuilding-your-financial-life/
S718,SRC-CANON-0327-0277,S718,false,https://www.consumerfinance.gov/ask-cfpb/what-should-i-do-after-a-disaster-to-protect-my-finances-and-property-en-1513,1,"Consumer Financial Protection Bureau, _What should I do after a disaster to protect my finances and property?_ (updated 2024; current access 2026)",https://www.consumerfinance.gov/ask-cfpb/what-should-i-do-after-a-disaster-to-protect-my-finances-and-property-en-1513/
S719,SRC-CANON-0327-0115,S719,false,https://oui.doleta.gov/unemploy/disaster.asp,1,"U.S. Department of Labor, Employment and Training Administration, _Disaster Unemployment Assistance_ (current access 2026)",https://oui.doleta.gov/unemploy/disaster.asp
S720,SRC-CANON-0327-0449,S720,false,https://www.hud.gov/stat/fheo/requirements-community-development-block-grant,1,"U.S. Department of Housing and Urban Development, Office of Fair Housing and Equal Opportunity, _FHEO Requirements for CDBG Disaster Recovery and Mitigation_ (current access 2026)",https://www.hud.gov/stat/fheo/requirements-community-development-block-grant
S721,SRC-CANON-0327-0374,S721,false,https://www.fema.gov/assistance/individual/housing,1,"Federal Emergency Management Agency, _Assistance for Housing and Other Needs_ (updated 2026; current access 2026)",https://www.fema.gov/assistance/individual/housing
S722,SRC-CANON-0327-0827,S722,false,https://www.transit.dot.gov/funding/grant-programs/emergency-relief-program,1,"Federal Transit Administration, _Emergency Relief Program_ (current access 2026)",https://www.transit.dot.gov/funding/grant-programs/emergency-relief-program
S723,SRC-CANON-0327-0377,S723,false,https://www.fema.gov/disaster/recover/replacing-vital-documents,1,"Federal Emergency Management Agency, _Replacing Vital Documents After a Disaster_ (updated 2025; current access 2026)",https://www.fema.gov/disaster/recover/replacing-vital-documents
S724,SRC-CANON-0327-0117,S724,false,https://pages.nist.gov/800-63-4,1,"National Institute of Standards and Technology, _SP 800-63-4 Digital Identity Guidelines_ (2025; current access 2026)",https://pages.nist.gov/800-63-4/
S725,SRC-CANON-0327-0363,S725,false,https://www.fcc.gov/wireless-network-resiliency-during-disasters,1,"Federal Communications Commission, _Wireless Network Resiliency During Disasters / Mandatory Disaster Response Initiative_ (current access 2026)",https://www.fcc.gov/wireless-network-resiliency-during-disasters
S726,SRC-CANON-0327-0402,S726,false,https://www.fema.gov/grants/tools/benefit-cost-analysis,1,"Federal Emergency Management Agency, _Benefit-Cost Analysis_ (current page, updated 2026)",https://www.fema.gov/grants/tools/benefit-cost-analysis
S727,SRC-CANON-0327-0417,S727,false,https://www.fema.gov/sites/default/files/documents/fema_hmd_2025-local-mitigation-planning-handbook_06122025.pdf,1,"Federal Emergency Management Agency, _Local Mitigation Planning Handbook_ (2025)",https://www.fema.gov/sites/default/files/documents/fema_hmd_2025-local-mitigation-planning-handbook_06122025.pdf
S728,SRC-CANON-0327-0396,S728,false,https://www.fema.gov/floodplain-management,1,"Federal Emergency Management Agency, _Floodplain Management_ (current page, updated 2025)",https://www.fema.gov/floodplain-management
S729,SRC-CANON-0327-0405,S729,false,https://www.fema.gov/openfema-data-page/nfip-multiple-loss-properties-v1,1,"Federal Emergency Management Agency / OpenFEMA, _NFIP Multiple Loss Properties — v1_ (current dataset page, updated 2026)",https://www.fema.gov/openfema-data-page/nfip-multiple-loss-properties-v1
S730,SRC-CANON-0327-0397,S730,false,https://www.fema.gov/floodplain-management/community-rating-system,1,"Federal Emergency Management Agency, _Community Rating System_ (current page, updated 2026)",https://www.fema.gov/floodplain-management/community-rating-system
S731,SRC-CANON-0327-0425,S731,false,https://www.fema.gov/sites/default/files/documents/fema_state-flood-risk-disclosure-best-practices_07142022.pdf,1,"Federal Emergency Management Agency, _Flood Risk Disclosure: Best Practices for State Disclosure Laws_ (2022; current access 2026)",https://www.fema.gov/sites/default/files/documents/fema_state-flood-risk-disclosure-best-practices_07142022.pdf
S732,SRC-CANON-0327-0997,S732,false,unregistered-url::S732,1,"Federal Emergency Management Agency, _Flood Maps_ and _Flood Map Service Center_ (current access 2026)",
S733,SRC-CANON-0327-0183,S733,false,https://water.noaa.gov/about/atlas15,1,"National Oceanic and Atmospheric Administration, _Atlas 15_ information page (current access 2026)",https://water.noaa.gov/about/atlas15
S734,SRC-CANON-0327-0659,S734,false,https://www.nist.gov/programs-projects/resilient-infrastructure-and-future-hazard-impacts-windstorms,1,"National Institute of Standards and Technology, _Resilient Infrastructure and Future Hazard Impacts_ (current page, updated 2025)",https://www.nist.gov/programs-projects/resilient-infrastructure-and-future-hazard-impacts-windstorms
S735,SRC-CANON-0327-0229,S735,false,https://www.asce.org/-/media/asce-images-and-files/advocacy/documents/pathways-to-resilient-communities-asce-toolkit.pdf,1,"American Society of Civil Engineers, _Pathways to Resilient Communities: ASCE Toolkit_ (2025)",https://www.asce.org/-/media/asce-images-and-files/advocacy/documents/pathways-to-resilient-communities-asce-toolkit.pdf
S736,SRC-CANON-0327-0062,S736,false,https://gca.org/wp-content/uploads/2025/06/Climate-Resilient-Infrastructure-Handbook_20250613.pdf,1,"Global Center on Adaptation, _Climate-Resilient Infrastructure Handbook_ (2025)",https://gca.org/wp-content/uploads/2025/06/Climate-Resilient-Infrastructure-Handbook_20250613.pdf
S737,SRC-CANON-0327-0751,S737,false,https://www.oecd.org/en/publications/climate-adaptation-investment-framework_8686fc27-en.html,1,"OECD, _Climate Adaptation Investment Framework_ (2024; current access 2026)",https://www.oecd.org/en/publications/climate-adaptation-investment-framework_8686fc27-en.html
S738,SRC-CANON-0327-0409,S738,false,https://www.fema.gov/sites/default/files/2020-07/fema_bric_nature-based-solutions-guide_2020.pdf,1,"Federal Emergency Management Agency, _Building Community Resilience with Nature-Based Solutions_ (2020; current access 2026)",https://www.fema.gov/sites/default/files/2020-07/fema_bric_nature-based-solutions-guide_2020.pdf
S739,SRC-CANON-0327-0043,S739,false,https://documents.worldbank.org/en/publication/documents-reports/documentdetail/099150503202338102,1,"World Bank / GFDRR, _Nature-Based Solutions for Climate Resilience_ (2023; current access 2026)",https://documents.worldbank.org/en/publication/documents-reports/documentdetail/099150503202338102
S740,SRC-CANON-0327-0998,S740,false,unregistered-url::S740,1,"Federal Emergency Management Agency, _Substantial Improvement / Substantial Damage Desk Reference_ and NFIP safer-rebuild materials (current access 2026)",
S741,SRC-CANON-0327-0280,S741,false,https://www.deltares.nl/en/expertise/areas-of-expertise/sea-level-rise/dynamic-adaptive-policy-pathways,1,"Deltares / TU Delft, _Dynamic Adaptive Policy Pathways_ (current access 2026)",https://www.deltares.nl/en/expertise/areas-of-expertise/sea-level-rise/dynamic-adaptive-policy-pathways
S742,SRC-CANON-0327-0140,S742,false,https://resilientca.org/apg/adaptation-pathways,1,"California Adaptation Planning Guide / ResilientCA, _Adaptation Pathways_ (current access 2026)",https://resilientca.org/apg/adaptation-pathways/
S743,SRC-CANON-0327-0634,S743,false,https://www.iso.org/standard/68507.html,1,"International Organization for Standardization, _ISO 14090:2019 — Adaptation to climate change: principles, requirements and guidelines_ (current access 2026)",https://www.iso.org/standard/68507.html
S744,SRC-CANON-0327-0635,S744,false,https://www.iso.org/standard/68508.html,1,"International Organization for Standardization, _ISO 14091:2021 — Adaptation to climate change: vulnerability, impacts and risk assessment_ (current access 2026)",https://www.iso.org/standard/68508.html
S745,SRC-CANON-0327-0844,S745,false,https://www.undrr.org/publication/principles-resilient-infrastructure,1,"United Nations Office for Disaster Risk Reduction, _Principles for Resilient Infrastructure_ (2023; current access 2026)",https://www.undrr.org/publication/principles-resilient-infrastructure
S746,SRC-CANON-0327-0058,S746,false,https://financing.desa.un.org/document/un-handbook-infrastructure-asset-management,1,"UN DESA / UNCDF / UNOPS, _UN Handbook on Infrastructure Asset Management_ (2021; current access 2026)",https://financing.desa.un.org/document/un-handbook-infrastructure-asset-management
S747,SRC-CANON-0327-0118,S747,false,https://pievc.ca/protocol,1,"PIEVC Program, _PIEVC Protocol and Large Portfolio Assessment Manual_ (current access 2026)",https://pievc.ca/protocol/
S748,SRC-CANON-0327-0430,S748,false,https://www.fsb-tcfd.org/publications,1,"Task Force on Climate-related Financial Disclosures, _Scenario Analysis Guidance and Publications_ (current access 2026)",https://www.fsb-tcfd.org/publications/
S749,SRC-CANON-0327-0603,S749,false,https://www.ifrs.org/issued-standards/ifrs-sustainability-standards-navigator/ifrs-s2-climate-related-disclosures,1,"IFRS Foundation, _IFRS S2 Climate-related Disclosures_ (current access 2026)",https://www.ifrs.org/issued-standards/ifrs-sustainability-standards-navigator/ifrs-s2-climate-related-disclosures/
S750,SRC-CANON-0327-0230,S750,false,https://www.asce.org/advocacy/policy-statements/ps360---climate-change,1,"American Society of Civil Engineers, _Policy Statement 360 — Climate Change_ (current access 2026)",https://www.asce.org/advocacy/policy-statements/ps360---climate-change
S751,SRC-CANON-0327-0222,S751,false,https://www.acec.org/wp-content/uploads/2025/09/ACEC-Commentary-on-Climate-Change-8-15-25.pdf,1,"American Council of Engineering Companies, _Commentary on Climate Change_ (2025; current access 2026)",https://www.acec.org/wp-content/uploads/2025/09/ACEC-Commentary-on-Climate-Change-8-15-25.pdf
S752,SRC-CANON-0327-0153,S752,false,https://toolkit.climate.gov/adaptation,1,"U.S. Climate Resilience Toolkit, _Adaptation_ (current access 2026)",https://toolkit.climate.gov/adaptation
S753,SRC-CANON-0327-0439,S753,false,https://www.gfdrr.org/en/resilient-infrastructure,1,"Global Facility for Disaster Reduction and Recovery, _Resilient Infrastructure_ topic page (current access 2026)",https://www.gfdrr.org/en/resilient-infrastructure
S754,SRC-CANON-0327-0031,S754,false,https://damsafety.org/content/climate-resilient-infrastructure-adaptive-design-and-risk-management,1,"ASCE / infrastructure-resilience professional materials, _Climate-Resilient Infrastructure: Adaptive Design and Risk Management / Pathways to Resilient Communities_ (current access 2026)",https://damsafety.org/content/climate-resilient-infrastructure-adaptive-design-and-risk-management
S755,SRC-CANON-0327-0633,S755,false,https://www.iso.org/standard/55088.html,1,"International Organization for Standardization, _ISO 55000 Asset management — overview, principles and terminology_ (current access 2026)",https://www.iso.org/standard/55088.html
S756,SRC-CANON-0327-0888,S756,false,https://www.w3.org/TR/vocab-data-cube,1,"World Wide Web Consortium, _The RDF Data Cube Vocabulary_ (2014; current access 2026)",https://www.w3.org/TR/vocab-data-cube/
S757,SRC-CANON-0327-0889,S757,false,https://www.w3.org/TR/vocab-dcat-3,1,"World Wide Web Consortium, _Data Catalog Vocabulary (DCAT) — Version 3_ (2024; current access 2026)",https://www.w3.org/TR/vocab-dcat-3/
S758,SRC-CANON-0327-0887,S758,false,https://www.w3.org/TR/prov-o,1,"World Wide Web Consortium, _PROV-O: The PROV Ontology_ (2013; current access 2026)",https://www.w3.org/TR/prov-o/
S759,SRC-CANON-0327-0648,S759,false,https://www.nature.com/articles/sdata201618,1,"Wilkinson et al., _The FAIR Guiding Principles for scientific data management and stewardship_ (Scientific Data, 2016; current access 2026)",https://www.nature.com/articles/sdata201618
S760,SRC-CANON-0327-0141,S760,false,https://resources.data.gov/resources/dcat-us3,1,"Data.gov / GSA, _DCAT-US Schema v3.0_ (current access 2026)",https://resources.data.gov/resources/dcat-us3/
S761,SRC-CANON-0327-0432,S761,false,https://www.gao.gov/greenbook,1,"U.S. Government Accountability Office, _Standards for Internal Control in the Federal Government — 2025 Green Book_ (effective FY2026; current access 2026)",https://www.gao.gov/greenbook
S762,SRC-CANON-0327-0899,S762,false,https://www.whitehouse.gov/wp-content/uploads/2026/03/OMB-Circular-No.-A-123-2026.pdf,1,"Office of Management and Budget, _Circular No. A-123 — Management's Responsibility for Internal Control_ (2026; current access 2026)",https://www.whitehouse.gov/wp-content/uploads/2026/03/OMB-Circular-No.-A-123-2026.pdf
S763,SRC-CANON-0327-0126,S763,false,https://preptoolkit.fema.gov/web/cip-citap/ncig,1,"FEMA Preparedness Toolkit, _National Continuous Improvement Guidance_ (current access 2026)",https://preptoolkit.fema.gov/web/cip-citap/ncig
S764,SRC-CANON-0327-0131,S764,false,https://preptoolkit.fema.gov/web/hseep-resources/improvement-planning,1,"FEMA Preparedness Toolkit, _HSEEP Improvement Planning_ (current access 2026)",https://preptoolkit.fema.gov/web/hseep-resources/improvement-planning
S765,SRC-CANON-0327-0085,S765,false,https://legalinstruments.oecd.org/en/instruments/OECD-LEGAL-0435,1,"OECD, _Recommendation of the Council on Public Integrity / Public Integrity Handbook_ (2017/2020; current access 2026)",https://legalinstruments.oecd.org/en/instruments/OECD-LEGAL-0435
S766,SRC-CANON-0327-0750,S766,false,https://www.oecd.org/en/publications/anti-corruption-and-integrity-outlook-2026_16708b78-en/full-report/component-14.html,1,"OECD, _Anti-Corruption and Integrity Outlook 2026 — Integrity in public procurement_ (2026; current access 2026)",https://www.oecd.org/en/publications/anti-corruption-and-integrity-outlook-2026_16708b78-en/full-report/component-14.html
S767,SRC-CANON-0327-0804,S297,true,https://www.open-contracting.org/data-standard,0,"Open Contracting Partnership, _Open Contracting Data Standard_ (current access 2026)",https://www.open-contracting.org/data-standard/
S768,SRC-CANON-0327-0828,S768,false,https://www.transit.dot.gov/regulations-and-guidance/civil-rights-ada/title-vi-emergency-preparedness-guidance,1,"U.S. Department of Transportation / Federal Transit Administration, _Title VI Emergency Preparedness Guidance_ (current access 2026)",https://www.transit.dot.gov/regulations-and-guidance/civil-rights-ada/title-vi-emergency-preparedness-guidance
S769,SRC-CANON-0327-0802,S769,false,https://www.ojp.gov/program/civil-rights-office/limited-english-proficient-lep,1,"U.S. Department of Justice Office of Justice Programs, _Limited English Proficient (LEP) obligations_ (current access 2026)",https://www.ojp.gov/program/civil-rights-office/limited-english-proficient-lep
S770,SRC-CANON-0327-0636,S770,false,https://www.iso.org/standard/75106.html,1,"International Organization for Standardization, _ISO 22301:2019 — Security and resilience: Business continuity management systems — Requirements_ (current access 2026)",https://www.iso.org/standard/75106.html
S771,SRC-CANON-0327-0589,S771,false,https://www.iea.org/reports/the-path-to-a-new-era-for-nuclear-energy,1,"International Energy Agency, The Path to a New Era for Nuclear Energy (2025)",https://www.iea.org/reports/the-path-to-a-new-era-for-nuclear-energy
S772,SRC-CANON-0327-0073,S772,false,https://iea.blob.core.windows.net/assets/b6a6fc8c-c62e-411d-a15c-bf211ccc06f3/ThePathtoaNewEraforNuclearEnergy.pdf,1,"International Energy Agency, The Path to a New Era for Nuclear Energy — PDF edition (2025)",https://iea.blob.core.windows.net/assets/b6a6fc8c-c62e-411d-a15c-bf211ccc06f3/ThePathtoaNewEraforNuclearEnergy.pdf
S773,SRC-CANON-0327-0489,S773,false,https://www.iaea.org/topics/nuclear-power-and-climate-change,1,"International Atomic Energy Agency, Nuclear Power and Climate Change",https://www.iaea.org/topics/nuclear-power-and-climate-change
S774,SRC-CANON-0327-0621,S774,false,https://www.ipcc.ch/report/ar6/wg3/chapter/chapter-6,1,"IPCC AR6 Working Group III, Chapter 6: Energy Systems",https://www.ipcc.ch/report/ar6/wg3/chapter/chapter-6/
S775,SRC-CANON-0327-0730,S775,false,https://www.oecd-nea.org/jcms/pl_15000/the-costs-of-decarbonisation-system-costs-with-high-shares-of-nuclear-and-renewables,1,"OECD Nuclear Energy Agency, The Costs of Decarbonisation: System Costs with High Shares of Nuclear and Renewables",https://www.oecd-nea.org/jcms/pl_15000/the-costs-of-decarbonisation-system-costs-with-high-shares-of-nuclear-and-renewables
S776,SRC-CANON-0327-0089,S776,false,https://liftoff.energy.gov/advanced-nuclear,1,"U.S. Department of Energy, Pathways to Commercial Liftoff: Advanced Nuclear (2025 update)",https://liftoff.energy.gov/advanced-nuclear/
S777,SRC-CANON-0327-0135,S777,false,https://pris.iaea.org/pris,1,IAEA Power Reactor Information System (PRIS),https://pris.iaea.org/pris/
S778,SRC-CANON-0327-0933,S778,false,https://www.worldbank.org/en/news/press-release/2025/06/26/world-bank-group-iaea-partner-to-support-safe-secure-and-responsible-nuclear-energy-development,1,"World Bank Group and IAEA, Partnership for Safe, Secure and Responsible Nuclear Energy Development (2025)",https://www.worldbank.org/en/news/press-release/2025/06/26/world-bank-group-iaea-partner-to-support-safe-secure-and-responsible-nuclear-energy-development
S779,SRC-CANON-0327-0164,S779,false,https://unece.org/sed/documents/2021/10/reports/life-cycle-assessment-electricity-generation-options,1,"United Nations Economic Commission for Europe, Life Cycle Assessment of Electricity Generation Options",https://unece.org/sed/documents/2021/10/reports/life-cycle-assessment-electricity-generation-options
S780,SRC-CANON-0327-0735,S780,false,https://www.oecd-nea.org/jcms/pl_73678/nea-small-modular-reactor-smr-dashboard,1,"OECD Nuclear Energy Agency, Small Modular Reactor Dashboard — Third Edition (2025)",https://www.oecd-nea.org/jcms/pl_73678/nea-small-modular-reactor-smr-dashboard
S781,SRC-CANON-0327-0457,S781,false,https://www.iaea.org/publications/11079/safety-of-nuclear-power-plants-design,1,"IAEA Safety Standards, Safety of Nuclear Power Plants: Design",https://www.iaea.org/publications/11079/safety-of-nuclear-power-plants-design
S782,SRC-CANON-0327-0464,S782,false,https://www.iaea.org/publications/15217/site-evaluation-for-nuclear-installations,1,"IAEA Safety Standards, Site Evaluation for Nuclear Installations",https://www.iaea.org/publications/15217/site-evaluation-for-nuclear-installations
S783,SRC-CANON-0327-0682,S783,false,https://www.nrc.gov/reactors/new-reactors/advanced.html,1,"U.S. Nuclear Regulatory Commission, Advanced Reactors",https://www.nrc.gov/reactors/new-reactors/advanced.html
S784,SRC-CANON-0327-0738,S784,false,https://www.oecd-nea.org/upload/docs/application/pdf/2025-09/web_-_smr_dashboard_-_third_edition.pdf,1,"Nuclear Energy Agency, SMR deployment attributes: financing, siting, fuel, licensing, engagement and supply chain readiness",https://www.oecd-nea.org/upload/docs/application/pdf/2025-09/web_-_smr_dashboard_-_third_edition.pdf
S785,SRC-CANON-0327-0320,S785,false,https://www.energy.gov/ne/haleu-availability-program,1,"U.S. Department of Energy, HALEU Availability Program",https://www.energy.gov/ne/haleu-availability-program
S786,SRC-CANON-0327-0204,S786,false,https://world-nuclear.org/information-library/nuclear-fuel-cycle/conversion-enrichment-and-fabrication/high-assay-low-enriched-uranium-haleu,1,"World Nuclear Association, High-Assay Low-Enriched Uranium (HALEU)",https://world-nuclear.org/information-library/nuclear-fuel-cycle/conversion-enrichment-and-fabrication/high-assay-low-enriched-uranium-haleu
S787,SRC-CANON-0327-0220,S787,false,https://www-pub.iaea.org/MTCD/publications/PDF/TE-2119web.pdf,1,"IAEA, Approaches to Operating Nuclear Power Plants to Mitigate and Adapt to Climate Change (2026)",https://www-pub.iaea.org/MTCD/publications/PDF/TE-2119web.pdf
S788,SRC-CANON-0327-0209,S788,false,https://www-pub.iaea.org/MTCD/Publications/PDF/PAT-003_web.pdf,1,"IAEA, Nuclear Energy in Climate Resilient Power Systems (2025)",https://www-pub.iaea.org/MTCD/Publications/PDF/PAT-003_web.pdf
S789,SRC-CANON-0327-0652,S789,false,https://www.nerc.com/globalassets/our-work/assessments/nerc_ltra_2025.pdf,1,"NERC, 2025 Long-Term Reliability Assessment",https://www.nerc.com/globalassets/our-work/assessments/nerc_ltra_2025.pdf
S790,SRC-CANON-0327-0514,S790,false,https://www.iea.org/energy-system/electricity/nuclear-power,1,"IEA, Nuclear Power — Energy System Tracking",https://www.iea.org/energy-system/electricity/nuclear-power
S791,SRC-CANON-0327-0455,S791,false,https://www.iaea.org/newscenter/news/nuclear-energy-in-the-clean-energy-transition,1,"IAEA, Nuclear Energy in the Clean Energy Transition (2025)",https://www.iaea.org/newscenter/news/nuclear-energy-in-the-clean-energy-transition
S792,SRC-CANON-0327-0102,S792,false,https://oecd-nea.org/jcms/pl_107879/nea-small-modular-reactor-digital-dashboard,1,"OECD Nuclear Energy Agency, Small Modular Reactor Digital Dashboard",https://oecd-nea.org/jcms/pl_107879/nea-small-modular-reactor-digital-dashboard
S793,SRC-CANON-0327-0684,S793,false,https://www.nrc.gov/reactors/new-reactors/advanced/modernizing/rulemaking/part-53,1,"U.S. Nuclear Regulatory Commission, Part 53 — Risk-Informed, Technology-Inclusive Regulatory Framework for Advanced Reactors",https://www.nrc.gov/reactors/new-reactors/advanced/modernizing/rulemaking/part-53
S794,SRC-CANON-0327-0666,S794,false,https://www.nrc.gov/about-nrc/regulatory/licensing/pub-involve,1,"U.S. Nuclear Regulatory Commission, Public Involvement in Licensing",https://www.nrc.gov/about-nrc/regulatory/licensing/pub-involve
S795,SRC-CANON-0327-0683,S795,false,https://www.nrc.gov/reactors/new-reactors/advanced/modernizing/rulemaking/emergency-preparedness,1,"U.S. Nuclear Regulatory Commission, Emergency Preparedness Rulemaking for SMRs and Other New Technologies",https://www.nrc.gov/reactors/new-reactors/advanced/modernizing/rulemaking/emergency-preparedness
S796,SRC-CANON-0327-0321,S796,false,https://www.energy.gov/ne/us-department-energy-consent-based-siting-process-federal-consolidated-interim-storage-spent,1,"U.S. Department of Energy, Consent-Based Siting Process for Federal Consolidated Interim Storage of Spent Nuclear Fuel",https://www.energy.gov/ne/us-department-energy-consent-based-siting-process-federal-consolidated-interim-storage-spent
S797,SRC-CANON-0327-0490,S797,false,https://www.iaea.org/topics/nuclear-safety-conventions/joint-convention-safety-spent-fuel-management-and-safety-radioactive-waste,1,"IAEA, Joint Convention on the Safety of Spent Fuel Management and on the Safety of Radioactive Waste Management",https://www.iaea.org/topics/nuclear-safety-conventions/joint-convention-safety-spent-fuel-management-and-safety-radioactive-waste
S798,SRC-CANON-0327-0470,S798,false,https://www.iaea.org/publications/8629/nuclear-security-recommendations-on-physical-protection-of-nuclear-material-and-nuclear-facilities-infcirc225revision-5,1,"IAEA, Nuclear Security Recommendations on Physical Protection of Nuclear Material and Nuclear Facilities, INFCIRC/225/Revision 5",https://www.iaea.org/publications/8629/nuclear-security-recommendations-on-physical-protection-of-nuclear-material-and-nuclear-facilities-infcirc225revision-5
S799,SRC-CANON-0327-0472,S799,false,https://www.iaea.org/resources/nuclear-security-series,1,"IAEA, Nuclear Security Series",https://www.iaea.org/resources/nuclear-security-series
S800,SRC-CANON-0327-0317,S800,false,https://www.energy.gov/ne/articles/department-energy-seeks-partner-private-sector-used-nuclear-fuel-recycling,1,"U.S. Department of Energy, Used Nuclear Fuel Recycling RFA and DOE Authorization Process",https://www.energy.gov/ne/articles/department-energy-seeks-partner-private-sector-used-nuclear-fuel-recycling
S801,SRC-CANON-0327-0736,S801,false,https://www.oecd-nea.org/jcms/pl_96124/effective-frameworks-and-strategies-for-financing-nuclear-new-build?details=true,1,"OECD Nuclear Energy Agency, Effective Frameworks and Strategies for Financing Nuclear New Build (2024)",https://www.oecd-nea.org/jcms/pl_96124/effective-frameworks-and-strategies-for-financing-nuclear-new-build?details=true
S802,SRC-CANON-0327-0737,S802,false,https://www.oecd-nea.org/upload/docs/application/pdf/2024-11/7688_financing_market_design_and_project_management.pdf,1,"OECD Nuclear Energy Agency, New Perspectives for Financing Nuclear New Build: Financing, Market Design and Project Management (2024)",https://www.oecd-nea.org/upload/docs/application/pdf/2024-11/7688_financing_market_design_and_project_management.pdf
S803,SRC-CANON-0327-0314,S803,false,https://www.energy.gov/lpo/articles/technical-eligibility-guide-title-17-innovative-clean-energy-nuclear,1,"U.S. Department of Energy Loan Programs Office, Title 17 Innovative Clean Energy: Nuclear — Technical Eligibility Guide",https://www.energy.gov/lpo/articles/technical-eligibility-guide-title-17-innovative-clean-energy-nuclear
S804,SRC-CANON-0327-0324,S804,false,https://www.energy.gov/oe/clean-energy-resources-meet-data-center-electricity-demand,1,"U.S. Department of Energy, Clean Energy Resources to Meet Data Center Electricity Demand (2026)",https://www.energy.gov/oe/clean-energy-resources-meet-data-center-electricity-demand
S805,SRC-CANON-0327-0300,S805,false,https://www.eia.gov/pressroom/releases/press582.php,1,"U.S. Energy Information Administration, EIA forecasts strongest four-year growth in U.S. electricity demand since 2000 (2026)",https://www.eia.gov/pressroom/releases/press582.php
S806,SRC-CANON-0327-0654,S806,false,https://www.nerc.com/globalassets/our-work/guidelines/reliability/RG_Risk-Mitigation-For-Emerging-Large-Loads.pdf,1,"North American Electric Reliability Corporation, Reliability Guideline: Risk Mitigation for Emerging Large Loads (2026)",https://www.nerc.com/globalassets/our-work/guidelines/reliability/RG_Risk-Mitigation-For-Emerging-Large-Loads.pdf
S807,SRC-CANON-0327-0119,S807,false,https://powering-intelligence.epri.com/,1,"Electric Power Research Institute, Powering Intelligence 2026 — Updated U.S. Data Center Scenarios",https://powering-intelligence.epri.com/
S808,SRC-CANON-0327-0276,S808,false,https://www.constellationenergy.com/news/2024/Constellation-to-Launch-Crane-Clean-Energy-Center-Restoring-Jobs-and-Carbon-Free-Power-to-The-Grid.html,1,"Constellation Energy, Crane Clean Energy Center and Microsoft 20-year power purchase agreement (2024)",https://www.constellationenergy.com/news/2024/Constellation-to-Launch-Crane-Clean-Energy-Center-Restoring-Jobs-and-Carbon-Free-Power-to-The-Grid.html
S809,SRC-CANON-0327-0009,S809,false,https://blog.google/company-news/outreach-and-initiatives/sustainability/google-kairos-power-nuclear-energy-agreement,1,"Google, New nuclear clean energy agreement with Kairos Power (2024)",https://blog.google/company-news/outreach-and-initiatives/sustainability/google-kairos-power-nuclear-energy-agreement/
S810,SRC-CANON-0327-0304,S810,false,https://www.energy.gov/articles/energy-department-awards-94-million-american-companies-help-expedite-deployments-small,1,"U.S. Department of Energy, Energy Department Awards $94 Million to Expedite Deployments of Small Modular Reactors (2026)",https://www.energy.gov/articles/energy-department-awards-94-million-american-companies-help-expedite-deployments-small
S811,SRC-CANON-0327-0305,S811,false,https://www.energy.gov/articles/fact-sheet-energy-department-delivering-accelerating-deployment-nuclear-power,1,"U.S. Department of Energy, Fact Sheet: The Energy Department Is Delivering On Accelerating Deployment of Nuclear Power (2026)",https://www.energy.gov/articles/fact-sheet-energy-department-delivering-accelerating-deployment-nuclear-power
S812,SRC-CANON-0327-0205,S812,false,https://world-nuclear.org/our-association/publications/global-trends-reports/world-nuclear-performance-report,1,"World Nuclear Association, World Nuclear Performance Report 2025",https://world-nuclear.org/our-association/publications/global-trends-reports/world-nuclear-performance-report
S813,SRC-CANON-0327-0471,S813,false,https://www.iaea.org/resources/databases/power-reactor-information-system-pris,1,"International Atomic Energy Agency, Power Reactor Information System (PRIS) database",https://www.iaea.org/resources/databases/power-reactor-information-system-pris
S814,SRC-CANON-0327-0688,S814,false,https://www.nrc.gov/reactors/operating/oversight,1,"U.S. Nuclear Regulatory Commission, Reactor Oversight Process (ROP)",https://www.nrc.gov/reactors/operating/oversight
S815,SRC-CANON-0327-0693,S815,false,https://www.nrc.gov/reactors/operating/oversight/pi-summary,1,"U.S. Nuclear Regulatory Commission, 2026 Quarter 1 ROP Performance Indicators Summary",https://www.nrc.gov/reactors/operating/oversight/pi-summary
S816,SRC-CANON-0327-0299,S816,false,https://www.eia.gov/nuclear/data.php,1,"U.S. Energy Information Administration, Nuclear & Uranium Data",https://www.eia.gov/nuclear/data.php
S817,SRC-CANON-0327-0491,S817,false,https://www.iaea.org/topics/operation-and-maintenance,1,"International Atomic Energy Agency, Operation and maintenance of nuclear power plants",https://www.iaea.org/topics/operation-and-maintenance
S818,SRC-CANON-0327-0210,S818,false,https://www-pub.iaea.org/MTCD/Publications/PDF/PUB1805_web.pdf,1,"International Atomic Energy Agency, Operating Experience Feedback for Nuclear Installations",https://www-pub.iaea.org/MTCD/Publications/PDF/PUB1805_web.pdf
S819,SRC-CANON-0327-0214,S819,false,https://www-pub.iaea.org/MTCD/Publications/PDF/te_1315_web.pdf,1,"International Atomic Energy Agency, Nuclear Power Plant Outage Optimisation Strategy",https://www-pub.iaea.org/MTCD/Publications/PDF/te_1315_web.pdf
S820,SRC-CANON-0327-0435,S820,false,https://www.gao.gov/products/gao-25-107807,1,"U.S. Government Accountability Office, Nuclear Regulatory Commission: Reactor Oversight Process and Information from Licensees (GAO-25-107807)",https://www.gao.gov/products/gao-25-107807
S821,SRC-CANON-0327-0136,S821,false,https://pris.iaea.org/pris/worldstatistics/worldtrendinunitcapabilityfactor.aspx,1,"International Atomic Energy Agency PRIS, Unit Capability Factor Trend and availability statistics",https://pris.iaea.org/pris/worldstatistics/worldtrendinunitcapabilityfactor.aspx
S822,SRC-CANON-0327-0482,S822,false,https://www.iaea.org/topics/non-electric-applications,1,"International Atomic Energy Agency, Non-electric applications for nuclear energy",https://www.iaea.org/topics/non-electric-applications
S823,SRC-CANON-0327-0483,S823,false,https://www.iaea.org/topics/non-electric-applications/industrial-applications-and-nuclear-cogeneration,1,"International Atomic Energy Agency, Industrial applications and nuclear cogeneration",https://www.iaea.org/topics/non-electric-applications/industrial-applications-and-nuclear-cogeneration
S824,SRC-CANON-0327-0484,S824,false,https://www.iaea.org/topics/non-electric-applications/nuclear-desalination,1,"International Atomic Energy Agency, Nuclear desalination",https://www.iaea.org/topics/non-electric-applications/nuclear-desalination
S825,SRC-CANON-0327-0461,S825,false,https://www.iaea.org/publications/13385/guidance-on-nuclear-energy-cogeneration,1,"International Atomic Energy Agency, Guidance on Nuclear Energy Cogeneration",https://www.iaea.org/publications/13385/guidance-on-nuclear-energy-cogeneration
S826,SRC-CANON-0327-0219,S826,false,https://www-pub.iaea.org/MTCD/publications/PDF/TE-2056web.pdf,1,"International Atomic Energy Agency, Nuclear Cogeneration for Desalination and Hydrogen Production (TECDOC-2056)",https://www-pub.iaea.org/MTCD/publications/PDF/TE-2056web.pdf
S827,SRC-CANON-0327-0309,S827,false,https://www.energy.gov/edf/clean-hydrogen-projects,1,"U.S. Department of Energy, Clean Hydrogen Projects",https://www.energy.gov/edf/clean-hydrogen-projects
S828,SRC-CANON-0327-0316,S828,false,https://www.energy.gov/ne/articles/advantages-and-challenges-nuclear-powered-data-centers,1,"U.S. Department of Energy, Advantages and Challenges of Nuclear-Powered Data Centers",https://www.energy.gov/ne/articles/advantages-and-challenges-nuclear-powered-data-centers
S829,SRC-CANON-0327-0327,S829,false,https://www.energy.gov/policy/ai-infrastructure-doe-lands-request-information,1,"U.S. Department of Energy, AI Infrastructure on DOE Lands Request for Information",https://www.energy.gov/policy/ai-infrastructure-doe-lands-request-information
S830,SRC-CANON-0327-0143,S830,false,https://sai.inl.gov/report/preliminary-analysis-of-nuclear-powered-data-center-scenarios,1,"Idaho National Laboratory, Preliminary Analysis of Nuclear-Powered Data Center Scenarios",https://sai.inl.gov/report/preliminary-analysis-of-nuclear-powered-data-center-scenarios/
S831,SRC-CANON-0327-0120,S831,false,https://powering-intelligence.epri.com/load-growth.html,1,"Electric Power Research Institute, Data Center Load Growth in Context",https://powering-intelligence.epri.com/load-growth.html
S832,SRC-CANON-0327-0476,S832,false,https://www.iaea.org/sites/default/files/gc/gc69-inf9.pdf,1,"International Atomic Energy Agency, Nuclear Technology Review 2025",https://www.iaea.org/sites/default/files/gc/gc69-inf9.pdf
S833,SRC-CANON-0327-0320,S785,true,https://www.energy.gov/ne/haleu-availability-program,0,"U.S. Department of Energy, HALEU Availability Program",https://www.energy.gov/ne/haleu-availability-program
S834,SRC-CANON-0327-0322,S834,false,https://www.energy.gov/ne/us-department-energy-haleu-allocation-process,1,"U.S. Department of Energy, HALEU Allocation Process",https://www.energy.gov/ne/us-department-energy-haleu-allocation-process
S835,SRC-CANON-0327-0728,S835,false,https://www.oecd-nea.org/jcms/pl_103179/uranium-2024-resources-production-and-demand,1,"OECD Nuclear Energy Agency and IAEA, Uranium 2024: Resources, Production and Demand",https://www.oecd-nea.org/jcms/pl_103179/uranium-2024-resources-production-and-demand
S836,SRC-CANON-0327-0493,S836,false,https://www.iaea.org/topics/spent-fuel-management,1,"International Atomic Energy Agency, Spent fuel management",https://www.iaea.org/topics/spent-fuel-management
S837,SRC-CANON-0327-0460,S837,false,https://www.iaea.org/publications/12302/storing-spent-fuel-until-transport-to-reprocessing-or-disposal,1,"International Atomic Energy Agency, Storing spent fuel until transport to reprocessing or disposal",https://www.iaea.org/publications/12302/storing-spent-fuel-until-transport-to-reprocessing-or-disposal
S838,SRC-CANON-0327-0496,S838,false,https://www.iaea.org/topics/transporting-radioactive-materials,1,"International Atomic Energy Agency, Transporting radioactive materials",https://www.iaea.org/topics/transporting-radioactive-materials
S839,SRC-CANON-0327-0494,S839,false,https://www.iaea.org/topics/transport,1,"International Atomic Energy Agency, Safe and secure transport of radioactive material",https://www.iaea.org/topics/transport
S840,SRC-CANON-0327-0218,S840,false,https://www-pub.iaea.org/MTCD/publications/PDF/PUB2127web.pdf,1,"International Atomic Energy Agency, Management of Spent Fuel from Nuclear Power Reactors",https://www-pub.iaea.org/MTCD/publications/PDF/PUB2127web.pdf
S841,SRC-CANON-0327-0318,S841,false,https://www.energy.gov/ne/articles/energy-department-establish-new-consortium-nuclear-fuel-supply-chain,1,"U.S. Department of Energy, Energy Department to establish new consortium for nuclear fuel supply chain",https://www.energy.gov/ne/articles/energy-department-establish-new-consortium-nuclear-fuel-supply-chain
S842,SRC-CANON-0327-0514,S790,true,https://www.iea.org/energy-system/electricity/nuclear-power,0,"International Energy Agency, Nuclear Power — Tracking Clean Energy Progress",https://www.iea.org/energy-system/electricity/nuclear-power
S843,SRC-CANON-0327-0164,S779,true,https://unece.org/sed/documents/2021/10/reports/life-cycle-assessment-electricity-generation-options,0,"UNECE, Life Cycle Assessment of Electricity Generation Options",https://unece.org/sed/documents/2021/10/reports/life-cycle-assessment-electricity-generation-options
S844,SRC-CANON-0327-0621,S774,true,https://www.ipcc.ch/report/ar6/wg3/chapter/chapter-6,0,"IPCC AR6 WGIII, Chapter 6: Energy Systems",https://www.ipcc.ch/report/ar6/wg3/chapter/chapter-6/
S845,SRC-CANON-0327-0038,S845,false,https://docs.nrel.gov/docs/fy21osti/80580.pdf,1,"NREL, Life Cycle Greenhouse Gas Emissions from Electricity Generation: Update",https://docs.nrel.gov/docs/fy21osti/80580.pdf
S846,SRC-CANON-0327-0298,S846,false,https://www.eia.gov/energyexplained/nuclear/us-nuclear-industry.php,1,"U.S. Energy Information Administration, Nuclear explained: U.S. nuclear industry",https://www.eia.gov/energyexplained/nuclear/us-nuclear-industry.php
S847,SRC-CANON-0327-0652,S789,true,https://www.nerc.com/globalassets/our-work/assessments/nerc_ltra_2025.pdf,0,"NERC, 2025 Long-Term Reliability Assessment",https://www.nerc.com/globalassets/our-work/assessments/nerc_ltra_2025.pdf
S848,SRC-CANON-0327-0489,S773,true,https://www.iaea.org/topics/nuclear-power-and-climate-change,0,"IAEA, Nuclear power and climate change: Decarbonization",https://www.iaea.org/topics/nuclear-power-and-climate-change
S849,SRC-CANON-0327-0453,S849,false,https://www.iaea.org/newscenter/news/five-reasons-the-clean-energy-transition-needs-nuclear-power,1,"IAEA, Five reasons the clean energy transition needs nuclear power",https://www.iaea.org/newscenter/news/five-reasons-the-clean-energy-transition-needs-nuclear-power
S850,SRC-CANON-0327-0116,S850,false,https://ourworldindata.org/safest-sources-of-energy,1,"Our World in Data, What are the safest and cleanest sources of energy?",https://ourworldindata.org/safest-sources-of-energy
S851,SRC-CANON-0327-0319,S851,false,https://www.energy.gov/ne/articles/what-generation-capacity,1,"U.S. Department of Energy, What is generation capacity?",https://www.energy.gov/ne/articles/what-generation-capacity
S852,SRC-CANON-0327-0590,S852,false,https://www.iea.org/reports/the-path-to-a-new-era-for-nuclear-energy/executive-summary,1,"International Energy Agency, The Path to a New Era for Nuclear Energy — Executive Summary",https://www.iea.org/reports/the-path-to-a-new-era-for-nuclear-energy/executive-summary
S853,SRC-CANON-0327-0320,S785,true,https://www.energy.gov/ne/haleu-availability-program,0,"U.S. Department of Energy, HALEU Availability Program",https://www.energy.gov/ne/haleu-availability-program
S854,SRC-CANON-0327-0306,S854,false,https://www.energy.gov/articles/us-department-energy-awards-27-billion-restore-american-uranium-enrichment,1,"U.S. Department of Energy, Awards to Restore American Uranium Enrichment",https://www.energy.gov/articles/us-department-energy-awards-27-billion-restore-american-uranium-enrichment
S855,SRC-CANON-0327-0732,S855,false,https://www.oecd-nea.org/jcms/pl_22152/security-of-fuel-supply,1,"OECD Nuclear Energy Agency, Security of Fuel Supply",https://www.oecd-nea.org/jcms/pl_22152/security-of-fuel-supply
S856,SRC-CANON-0327-0733,S856,false,https://www.oecd-nea.org/jcms/pl_28569/uranium-resources-production-and-demand-red-book,1,"OECD NEA/IAEA, Uranium Resources, Production and Demand — Red Book",https://www.oecd-nea.org/jcms/pl_28569/uranium-resources-production-and-demand-red-book
S857,SRC-CANON-0327-0481,S857,false,https://www.iaea.org/topics/management-systems/management-of-the-nuclear-supply-chain,1,"IAEA, Management of the Nuclear Supply Chain",https://www.iaea.org/topics/management-systems/management-of-the-nuclear-supply-chain
S858,SRC-CANON-0327-0824,S858,false,https://www.state.gov/bureau-of-international-security-and-nonproliferation/releases/2025/01/123-agreements,1,"U.S. Department of State, 123 Agreements",https://www.state.gov/bureau-of-international-security-and-nonproliferation/releases/2025/01/123-agreements
S859,SRC-CANON-0327-0323,S859,false,https://www.energy.gov/nnsa/123-agreements-peaceful-cooperation,1,"U.S. NNSA, 123 Agreements for Peaceful Cooperation",https://www.energy.gov/nnsa/123-agreements-peaceful-cooperation
S860,SRC-CANON-0327-0352,S860,false,https://www.exim.gov/policies/small-modular-reactor-financing,1,"U.S. Export-Import Bank, Small Modular Reactor Financing Toolkit",https://www.exim.gov/policies/small-modular-reactor-financing
S861,SRC-CANON-0327-0477,S861,false,https://www.iaea.org/topics/basics-of-iaea-safeguards,1,"IAEA, Basics of IAEA Safeguards",https://www.iaea.org/topics/basics-of-iaea-safeguards
S862,SRC-CANON-0327-0475,S862,false,https://www.iaea.org/sites/default/files/25/03/sg-in-2025.pdf,1,"IAEA, Safeguards in 2025",https://www.iaea.org/sites/default/files/25/03/sg-in-2025.pdf
S863,SRC-CANON-0327-0818,S863,false,https://www.reuters.com/business/energy/russia-signs-agreement-build-nuclear-power-plant-kazakhstan-2026-05-28,1,"Reuters, Russia signs agreement to build Kazakhstan first nuclear power plant",https://www.reuters.com/business/energy/russia-signs-agreement-build-nuclear-power-plant-kazakhstan-2026-05-28/
S864,SRC-CANON-0327-0469,S864,false,https://www.iaea.org/publications/8488/workforce-planning-for-new-nuclear-power-programmes,1,"IAEA, Workforce Planning for New Nuclear Power Programmes",https://www.iaea.org/publications/8488/workforce-planning-for-new-nuclear-power-programmes
S865,SRC-CANON-0327-0462,S865,false,https://www.iaea.org/publications/13551/human-resource-development-for-nuclear-power-programmes,1,"IAEA, Human Resource Development for Nuclear Power Programmes",https://www.iaea.org/publications/13551/human-resource-development-for-nuclear-power-programmes
S866,SRC-CANON-0327-0451,S866,false,https://www.iaea.org/bulletin/nuclear-human-resource-development-for-a-net-zero-future,1,"IAEA Bulletin, Nuclear Human Resource Development for a Net Zero Future",https://www.iaea.org/bulletin/nuclear-human-resource-development-for-a-net-zero-future
S867,SRC-CANON-0327-0480,S867,false,https://www.iaea.org/topics/infrastructure-development/e-learning-for-nuclear-newcomers,1,"IAEA, E-learning for Nuclear Newcomers",https://www.iaea.org/topics/infrastructure-development/e-learning-for-nuclear-newcomers
S868,SRC-CANON-0327-0697,S868,false,https://www.nrc.gov/reactors/operator-licensing,1,"U.S. NRC, Operator Licensing",https://www.nrc.gov/reactors/operator-licensing
S869,SRC-CANON-0327-0698,S869,false,https://www.nrc.gov/reactors/operator-licensing/licensing-process,1,"U.S. NRC, Licensing Process for Operators",https://www.nrc.gov/reactors/operator-licensing/licensing-process
S870,SRC-CANON-0327-0712,S870,false,https://www.nrc.gov/reading-rm/doc-collections/fact-sheets/operator-licensing,1,"U.S. NRC, Backgrounder on Reactor Operator Licensing",https://www.nrc.gov/reading-rm/doc-collections/fact-sheets/operator-licensing
S871,SRC-CANON-0327-0465,S871,false,https://www.iaea.org/publications/3753/safety-culture,1,"IAEA INSAG-4, Safety Culture",https://www.iaea.org/publications/3753/safety-culture
S872,SRC-CANON-0327-0467,S872,false,https://www.iaea.org/publications/6457/key-practical-issues-in-strengthening-safety-culture,1,"IAEA, Key Practical Issues in Strengthening Safety Culture",https://www.iaea.org/publications/6457/key-practical-issues-in-strengthening-safety-culture
S873,SRC-CANON-0327-0485,S873,false,https://www.iaea.org/topics/nuclear-knowledge-management,1,"IAEA, Nuclear Knowledge Management",https://www.iaea.org/topics/nuclear-knowledge-management
S874,SRC-CANON-0327-0450,S874,false,https://www.iaea.org/about/organizational-structure/department-of-nuclear-energy/division-of-planning-information-and-knowledge-management/nuclear-knowledge-management-section,1,"IAEA, Nuclear Knowledge Management Section",https://www.iaea.org/about/organizational-structure/department-of-nuclear-energy/division-of-planning-information-and-knowledge-management/nuclear-knowledge-management-section
S875,SRC-CANON-0327-0315,S875,false,https://www.energy.gov/ne/articles/3-workforce-trends-nuclear-energy-2025,1,"U.S. DOE Office of Nuclear Energy, Workforce Trends in Nuclear Energy in 2025",https://www.energy.gov/ne/articles/3-workforce-trends-nuclear-energy-2025
S876,SRC-CANON-0327-0311,S876,false,https://www.energy.gov/gc/price-anderson-act,1,"U.S. DOE, Price-Anderson Act",https://www.energy.gov/gc/price-anderson-act
S877,SRC-CANON-0327-0286,S877,false,https://www.ecfr.gov/current/title-10/chapter-I/part-140,1,"eCFR, 10 CFR Part 140 — Financial Protection Requirements and Indemnity Agreements",https://www.ecfr.gov/current/title-10/chapter-I/part-140
S878,SRC-CANON-0327-0676,S878,false,https://www.nrc.gov/docs/ML2331/ML23319A341.pdf,1,"U.S. NRC, Compliance with Price-Anderson Act Provisions (10 CFR Part 140)",https://www.nrc.gov/docs/ML2331/ML23319A341.pdf
S879,SRC-CANON-0327-0723,S879,false,https://www.nrc.gov/waste/decommissioning/finan-assur,1,"U.S. NRC, Financial Assurance for Decommissioning",https://www.nrc.gov/waste/decommissioning/finan-assur
S880,SRC-CANON-0327-0724,S880,false,https://www.nrc.gov/waste/decommissioning/finan-assur/bi-decom-reports,1,"U.S. NRC, Decommissioning Funding Status Reports",https://www.nrc.gov/waste/decommissioning/finan-assur/bi-decom-reports
S881,SRC-CANON-0327-0292,S881,false,https://www.ecfr.gov/current/title-10/chapter-I/part-50/subject-group-ECFRbe827381d095/section-50.75,1,"eCFR, 10 CFR 50.75 — Reporting and Recordkeeping for Decommissioning Planning",https://www.ecfr.gov/current/title-10/chapter-I/part-50/subject-group-ECFRbe827381d095/section-50.75
S882,SRC-CANON-0327-0486,S882,false,https://www.iaea.org/topics/nuclear-liability-conventions,1,"IAEA, Nuclear Liability Conventions",https://www.iaea.org/topics/nuclear-liability-conventions
S883,SRC-CANON-0327-0487,S883,false,https://www.iaea.org/topics/nuclear-liability-conventions/convention-supplementary-compensation-nuclear-damage,1,"IAEA, Convention on Supplementary Compensation for Nuclear Damage",https://www.iaea.org/topics/nuclear-liability-conventions/convention-supplementary-compensation-nuclear-damage
S884,SRC-CANON-0327-0488,S884,false,https://www.iaea.org/topics/nuclear-liability-conventions/vienna-convention-on-civil-liability-for-nuclear-damage,1,"IAEA, Vienna Convention on Civil Liability for Nuclear Damage",https://www.iaea.org/topics/nuclear-liability-conventions/vienna-convention-on-civil-liability-for-nuclear-damage
S885,SRC-CANON-0327-0731,S885,false,https://www.oecd-nea.org/jcms/pl_20196/paris-convention-on-third-party-liability-in-the-field-of-nuclear-energy-paris-convention-or-pc,1,"OECD NEA, Paris Convention on Third Party Liability in the Field of Nuclear Energy",https://www.oecd-nea.org/jcms/pl_20196/paris-convention-on-third-party-liability-in-the-field-of-nuclear-energy-paris-convention-or-pc
S886,SRC-CANON-0327-0734,S886,false,https://www.oecd-nea.org/jcms/pl_29282/brussels-convention-supplementary-to-the-paris-convention-on-third-party-liability-in-the-field-of-nuclear-energy-brussels-supplementary-convention-or-bsc,1,"OECD NEA, Brussels Supplementary Convention",https://www.oecd-nea.org/jcms/pl_29282/brussels-convention-supplementary-to-the-paris-convention-on-third-party-liability-in-the-field-of-nuclear-energy-brussels-supplementary-convention-or-bsc
S887,SRC-CANON-0327-0479,S887,false,https://www.iaea.org/topics/funding-and-finance,1,"IAEA, Funding and Financing Nuclear Power Plants and Facilities",https://www.iaea.org/topics/funding-and-finance
S888,SRC-CANON-0327-0473,S888,false,https://www.iaea.org/services/review-missions/integrated-review-service-for-radioactive-waste-and-spent-fuel-management-decommissioning-and-remediation-artemis,1,"IAEA, ARTEMIS Integrated Review Service for Waste, Spent Fuel, Decommissioning and Remediation",https://www.iaea.org/services/review-missions/integrated-review-service-for-radioactive-waste-and-spent-fuel-management-decommissioning-and-remediation-artemis
S889,SRC-CANON-0327-0729,S889,false,https://www.oecd-nea.org/jcms/pl_103179/uranium-2024-resources-production-and-demand?details=true,1,"OECD NEA/IAEA, _Uranium 2024: Resources, Production and Demand_ (2025)",https://www.oecd-nea.org/jcms/pl_103179/uranium-2024-resources-production-and-demand?details=true
S890,SRC-CANON-0327-0213,S890,false,https://www-pub.iaea.org/MTCD/Publications/PDF/Pub1406_web.pdf,1,"IAEA, _Best Practice in Environmental Management of Uranium Mining_ (2010)",https://www-pub.iaea.org/MTCD/Publications/PDF/Pub1406_web.pdf
S891,SRC-CANON-0327-0466,S891,false,https://www.iaea.org/publications/5696/decommissioning-of-facilities-for-mining-and-milling-of-radioactive-ores-and-closeout-of-residues,1,"IAEA, _Decommissioning of Facilities for Mining and Milling of Radioactive Ores and Closeout of Residues_",https://www.iaea.org/publications/5696/decommissioning-of-facilities-for-mining-and-milling-of-radioactive-ores-and-closeout-of-residues
S892,SRC-CANON-0327-0468,S892,false,https://www.iaea.org/publications/7054/the-long-term-stabilization-of-uranium-mill-tailings,1,"IAEA, _The Long Term Stabilization of Uranium Mill Tailings_",https://www.iaea.org/publications/7054/the-long-term-stabilization-of-uranium-mill-tailings
S893,SRC-CANON-0327-0337,S893,false,https://www.epa.gov/radiation/health-and-environmental-protection-standards-uranium-and-thorium-mill-tailings-40-cfr,1,"EPA, _Health and Environmental Protection Standards for Uranium and Thorium Mill Tailings — 40 CFR Part 192_",https://www.epa.gov/radiation/health-and-environmental-protection-standards-uranium-and-thorium-mill-tailings-40-cfr
S894,SRC-CANON-0327-0339,S894,false,https://www.epa.gov/radiation/subpart-w-national-emission-standards-radon-emissions-operating-mill-tailings,1,"EPA, _Subpart W: National Emission Standards for Radon Emissions from Operating Mill Tailings_",https://www.epa.gov/radiation/subpart-w-national-emission-standards-radon-emissions-operating-mill-tailings
S895,SRC-CANON-0327-0679,S895,false,https://www.nrc.gov/info-finder/decommissioning/uranium/index,1,"NRC, _Locations of Uranium Recovery Sites Undergoing Decommissioning_",https://www.nrc.gov/info-finder/decommissioning/uranium/index
S896,SRC-CANON-0327-0313,S896,false,https://www.energy.gov/lm/articles/umtrca-title-i-and-ii-disposal-and-processing-sites-fact-sheet,1,"DOE Office of Legacy Management, _UMTRCA Title I & II Disposal and Processing Sites Fact Sheet_",https://www.energy.gov/lm/articles/umtrca-title-i-and-ii-disposal-and-processing-sites-fact-sheet
S897,SRC-CANON-0327-0335,S897,false,https://www.epa.gov/navajo-nation-uranium-cleanup/aum-cleanup,1,"EPA, _Navajo Nation Abandoned Uranium Mines Cleanup_",https://www.epa.gov/navajo-nation-uranium-cleanup/aum-cleanup
S898,SRC-CANON-0327-0830,S898,false,https://www.un.org/development/desa/indigenouspeoples/wp-content/uploads/sites/19/2018/11/UNDRIP_E_web.pdf,1,"United Nations, _United Nations Declaration on the Rights of Indigenous Peoples_ (2007)",https://www.un.org/development/desa/indigenouspeoples/wp-content/uploads/sites/19/2018/11/UNDRIP_E_web.pdf
S899,SRC-CANON-0327-0215,S899,false,https://www-pub.iaea.org/MTCD/Publications/PDF/te_979_prn.pdf,1,"IAEA, _Environmental Impact Assessment for Uranium Mine, Mill and In Situ Leach Projects_",https://www-pub.iaea.org/MTCD/Publications/PDF/te_979_prn.pdf
S900,SRC-CANON-0327-0650,S900,false,https://www.ncbi.nlm.nih.gov/books/NBK201032,1,"National Research Council, _Uranium Mining in Virginia: Scientific, Technical, Environmental, Human Health and Safety, and Regulatory Aspects of Uranium Mining and Processing in Virginia_ (2012)",https://www.ncbi.nlm.nih.gov/books/NBK201032/
S901,SRC-CANON-0327-0454,S901,false,https://www.iaea.org/newscenter/news/impact-of-climate-related-hazards-on-the-safety-of-nuclear-installations-experts-discuss,1,"IAEA, Impact of Climate Related Hazards on the Safety of Nuclear Installations: Experts Discuss",https://www.iaea.org/newscenter/news/impact-of-climate-related-hazards-on-the-safety-of-nuclear-installations-experts-discuss
S902,SRC-CANON-0327-0492,S902,false,https://www.iaea.org/topics/siting,1,"IAEA, Siting of Nuclear Facilities",https://www.iaea.org/topics/siting
S903,SRC-CANON-0327-0463,S903,false,https://www.iaea.org/publications/15005/protection-against-internal-and-external-hazards-in-the-operation-of-nuclear-power-plants,1,"IAEA, Protection Against Internal and External Hazards in the Operation of Nuclear Power Plants",https://www.iaea.org/publications/15005/protection-against-internal-and-external-hazards-in-the-operation-of-nuclear-power-plants
S904,SRC-CANON-0327-0474,S904,false,https://www.iaea.org/services/review-missions/site-and-external-events-design-review-service-seed,1,"IAEA, Site and External Events Design Review Service (SEED)",https://www.iaea.org/services/review-missions/site-and-external-events-design-review-service-seed
S905,SRC-CANON-0327-0288,S905,false,https://www.ecfr.gov/current/title-10/chapter-I/part-50/section-50.63,1,"eCFR, 10 CFR 50.63 — Loss of all alternating current power",https://www.ecfr.gov/current/title-10/chapter-I/part-50/section-50.63
S906,SRC-CANON-0327-0287,S906,false,https://www.ecfr.gov/current/title-10/chapter-I/part-50/section-50.47,1,"eCFR, 10 CFR 50.47 — Emergency plans",https://www.ecfr.gov/current/title-10/chapter-I/part-50/section-50.47
S907,SRC-CANON-0327-0645,S907,false,https://www.nationalacademies.org/read/21874/chapter/5,1,"National Academies, Lessons Learned from the Fukushima Nuclear Accident, Phase 2 — Spent Fuel Storage",https://www.nationalacademies.org/read/21874/chapter/5
S908,SRC-CANON-0327-0452,S908,false,https://www.iaea.org/bulletin/the-resilience-and-safety-of-nuclear-power-in-the-face-of-extreme-events,1,"IAEA Bulletin, The Resilience and Safety of Nuclear Power in the Face of Extreme Events",https://www.iaea.org/bulletin/the-resilience-and-safety-of-nuclear-power-in-the-face-of-extreme-events
S909,SRC-CANON-0327-0217,S909,false,https://www-pub.iaea.org/MTCD/publications/PDF/PUB2103E_web.pdf,1,"IAEA, Design Considerations for Nuclear Power Plants Against Tsunami Hazards",https://www-pub.iaea.org/MTCD/publications/PDF/PUB2103E_web.pdf
S910,SRC-CANON-0327-0221,S910,false,https://www-pub.iaea.org/MTCD/publications/PDF/p15876-PUB2124_web.pdf,1,"IAEA, Guidance for Reviewing Site Characteristics in Safety Analysis Reports for Nuclear Installations",https://www-pub.iaea.org/MTCD/publications/PDF/p15876-PUB2124_web.pdf
S911,SRC-CANON-0327-0216,S911,false,https://www-pub.iaea.org/MTCD/publications/PDF/PUB1968_web.pdf,1,"IAEA, Design of Nuclear Installations Against External Events Excluding Earthquakes",https://www-pub.iaea.org/MTCD/publications/PDF/PUB1968_web.pdf
S912,SRC-CANON-0327-0821,S912,false,https://www.sciencedirect.com/science/article/pii/S2211467X24000725,1,"Portugal-Pereira et al., Exposure of future nuclear energy infrastructure to climate change hazards",https://www.sciencedirect.com/science/article/pii/S2211467X24000725
S913,SRC-CANON-0327-0719,S913,false,https://www.nrc.gov/security/cybersecurity,1,"NRC, Cybersecurity for Nuclear Power Plants",https://www.nrc.gov/security/cybersecurity
S914,SRC-CANON-0327-0295,S914,false,https://www.ecfr.gov/current/title-10/chapter-I/part-73/subpart-F/section-73.54,1,"eCFR, 10 CFR 73.54 — Protection of digital computer and communication systems and networks",https://www.ecfr.gov/current/title-10/chapter-I/part-73/subpart-F/section-73.54
S915,SRC-CANON-0327-0675,S915,false,https://www.nrc.gov/docs/ML2225/ML22258A204.pdf,1,"NRC Regulatory Guide 5.71, Revision 1 — Cyber Security Programs for Nuclear Power Reactors",https://www.nrc.gov/docs/ML2225/ML22258A204.pdf
S916,SRC-CANON-0327-0211,S916,false,https://www-pub.iaea.org/MTCD/Publications/PDF/PUB1921_web.pdf,1,"IAEA Nuclear Security Series No. 17-T (Rev. 1), Computer Security Techniques for Nuclear Facilities",https://www-pub.iaea.org/MTCD/Publications/PDF/PUB1921_web.pdf
S917,SRC-CANON-0327-0478,S917,false,https://www.iaea.org/topics/computer-and-information-security,1,"IAEA, Computer and information security at nuclear facilities",https://www.iaea.org/topics/computer-and-information-security
S918,SRC-CANON-0327-0029,S918,false,https://csrc.nist.gov/pubs/sp/800/82/r3/final,1,"NIST SP 800-82 Rev. 3, Guide to Operational Technology Security",https://csrc.nist.gov/pubs/sp/800/82/r3/final
S919,SRC-CANON-0327-0680,S919,false,https://www.nrc.gov/reactors/digital,1,"NRC, Digital Instrumentation and Control",https://www.nrc.gov/reactors/digital
S920,SRC-CANON-0327-0681,S920,false,https://www.nrc.gov/reactors/digital/modernize,1,"NRC, Modernizing the Regulatory Infrastructure for Digital I&C",https://www.nrc.gov/reactors/digital/modernize
S921,SRC-CANON-0327-0028,S921,false,https://csrc.nist.gov/pubs/sp/800/218/final,1,"NIST SP 800-218, Secure Software Development Framework Version 1.1",https://csrc.nist.gov/pubs/sp/800/218/final
S922,SRC-CANON-0327-0265,S922,false,https://www.cisa.gov/cross-sector-cybersecurity-performance-goals,1,"CISA, Cross-Sector Cybersecurity Performance Goals",https://www.cisa.gov/cross-sector-cybersecurity-performance-goals
S923,SRC-CANON-0327-0715,S923,false,https://www.nrc.gov/reading-rm/doc-collections/gen-comm/reg-issues/2025/index,1,"NRC Regulatory Issue Summary 2025-01, Pre-Application Communication and Scheduling for Digital I&C Licensing Actions",https://www.nrc.gov/reading-rm/doc-collections/gen-comm/reg-issues/2025/index
S924,SRC-CANON-0327-0266,S924,false,https://www.cisa.gov/cybersecurity-performance-goals-2-0-cpg-2-0,1,"CISA, Cybersecurity Performance Goals 2.0",https://www.cisa.gov/cybersecurity-performance-goals-2-0-cpg-2-0
S925,SRC-CANON-0327-0701,S925,false,https://www.nrc.gov/reading-rm/doc-collections/cfr/part073/part073-0055,1,"NRC, 10 CFR 73.55 — Requirements for physical protection of licensed activities in nuclear power reactors",https://www.nrc.gov/reading-rm/doc-collections/cfr/part073/part073-0055
S926,SRC-CANON-0327-0294,S926,false,https://www.ecfr.gov/current/title-10/chapter-I/part-73/subpart-A/section-73.1,1,"eCFR, 10 CFR 73.1 — Purpose, scope, and design basis threats",https://www.ecfr.gov/current/title-10/chapter-I/part-73/subpart-A/section-73.1
S927,SRC-CANON-0327-0470,S798,true,https://www.iaea.org/publications/8629/nuclear-security-recommendations-on-physical-protection-of-nuclear-material-and-nuclear-facilities-infcirc225revision-5,0,IAEA Nuclear Security Series No. 13 — Nuclear Security Recommendations on Physical Protection of Nuclear Material and Nuclear Facilities (INFCIRC/225/Rev. 5),https://www.iaea.org/publications/8629/nuclear-security-recommendations-on-physical-protection-of-nuclear-material-and-nuclear-facilities-infcirc225revision-5
S928,SRC-CANON-0327-0458,S928,false,https://www.iaea.org/publications/11092/physical-protection-of-nuclear-material-and-nuclear-facilities-implementation-of-infcirc225revision-5,1,IAEA Nuclear Security Series No. 27-G — Physical Protection of Nuclear Material and Nuclear Facilities: Implementation of INFCIRC/225/Rev. 5,https://www.iaea.org/publications/11092/physical-protection-of-nuclear-material-and-nuclear-facilities-implementation-of-infcirc225revision-5
S929,SRC-CANON-0327-0710,S929,false,https://www.nrc.gov/reading-rm/doc-collections/fact-sheets/force-on-force-bg,1,"NRC, Backgrounder on Force-on-Force Security Inspections",https://www.nrc.gov/reading-rm/doc-collections/fact-sheets/force-on-force-bg
S930,SRC-CANON-0327-0706,S930,false,https://www.nrc.gov/reading-rm/doc-collections/fact-sheets/bg-reactor-security-inspection,1,"NRC, Backgrounder on Realizing Efficiencies in the Reactor Security Inspection Program",https://www.nrc.gov/reading-rm/doc-collections/fact-sheets/bg-reactor-security-inspection
S931,SRC-CANON-0327-0711,S931,false,https://www.nrc.gov/reading-rm/doc-collections/fact-sheets/fs-drone-pwr-plant-security,1,"NRC, Drones and Nuclear Power Plant Security",https://www.nrc.gov/reading-rm/doc-collections/fact-sheets/fs-drone-pwr-plant-security
S932,SRC-CANON-0327-0685,S932,false,https://www.nrc.gov/reactors/operating/ops-experience/access-authorization,1,"NRC, Access Authorization Programs",https://www.nrc.gov/reactors/operating/ops-experience/access-authorization
S933,SRC-CANON-0327-0296,S933,false,https://www.ecfr.gov/current/title-10/chapter-I/part-73/subpart-G/section-73.56,1,"eCFR, 10 CFR 73.56 — Personnel access authorization requirements for nuclear power plants",https://www.ecfr.gov/current/title-10/chapter-I/part-73/subpart-G/section-73.56
S934,SRC-CANON-0327-0671,S934,false,https://www.nrc.gov/docs/ML1521/ML15219A609.pdf,1,NRC Regulatory Guide 5.77 — Insider Mitigation Program,https://www.nrc.gov/docs/ML1521/ML15219A609.pdf
S935,SRC-CANON-0327-0495,S935,false,https://www.iaea.org/topics/transport-security,1,"IAEA, Transport security for nuclear and other radioactive material",https://www.iaea.org/topics/transport-security
S936,SRC-CANON-0327-0718,S936,false,https://www.nrc.gov/security/byproduct/10-cfr-part-37,1,"NRC, 10 CFR Part 37 — Physical Protection of Category 1 and Category 2 Quantities of Radioactive Material",https://www.nrc.gov/security/byproduct/10-cfr-part-37
S937,SRC-CANON-0327-0456,S937,false,https://www.iaea.org/publications/10983/self-assessment-of-nuclear-security-culture-in-facilities-and-activities,1,"IAEA, Self-assessment of Nuclear Security Culture in Facilities and Activities",https://www.iaea.org/publications/10983/self-assessment-of-nuclear-security-culture-in-facilities-and-activities
S938,SRC-CANON-0327-0819,S938,false,https://www.reuters.com/business/energy/us-nuclear-power-regulator-phases-out-agency-led-commando-drills-plants-2026-04-06,1,"Reuters, U.S. nuclear power regulator phases out agency-led force-on-force inspections at plants (2026)",https://www.reuters.com/business/energy/us-nuclear-power-regulator-phases-out-agency-led-commando-drills-plants-2026-04-06/
S939,SRC-CANON-0327-0699,S939,false,https://www.nrc.gov/reading-rm/doc-collections/cfr/part020/full-text,1,"NRC, 10 CFR Part 20 — Standards for Protection Against Radiation",https://www.nrc.gov/reading-rm/doc-collections/cfr/part020/full-text
S940,SRC-CANON-0327-0700,S940,false,https://www.nrc.gov/reading-rm/doc-collections/cfr/part050/part050-appi,1,"NRC, 10 CFR Part 50 Appendix I — Numerical Guides for Design Objectives for Light-Water-Cooled Nuclear Power Reactors",https://www.nrc.gov/reading-rm/doc-collections/cfr/part050/part050-appi
S941,SRC-CANON-0327-0336,S941,false,https://www.epa.gov/radiation/environmental-radiation-protection-standards-nuclear-power-operations-40-cfr-part-190,1,"EPA, Environmental Radiation Protection Standards for Nuclear Power Operations (40 CFR Part 190)",https://www.epa.gov/radiation/environmental-radiation-protection-standards-nuclear-power-operations-40-cfr-part-190
S942,SRC-CANON-0327-0297,S942,false,https://www.ecfr.gov/current/title-40/chapter-I/subchapter-F/part-190,1,"eCFR, 40 CFR Part 190 — Environmental Radiation Protection Standards for Nuclear Power Operations",https://www.ecfr.gov/current/title-40/chapter-I/subchapter-F/part-190
S943,SRC-CANON-0327-0709,S943,false,https://www.nrc.gov/reading-rm/doc-collections/fact-sheets/env-monitoring,1,"NRC, Backgrounder on Environmental Monitoring at Nuclear Power Plants",https://www.nrc.gov/reading-rm/doc-collections/fact-sheets/env-monitoring
S944,SRC-CANON-0327-0687,S944,false,https://www.nrc.gov/reactors/operating/ops-experience/tritium/plant-info,1,"NRC, Radioactive Effluent and Environmental Reports",https://www.nrc.gov/reactors/operating/ops-experience/tritium/plant-info
S945,SRC-CANON-0327-0713,S945,false,https://www.nrc.gov/reading-rm/doc-collections/fact-sheets/tritium-radiation-fs,1,"NRC, Backgrounder on Tritium, Radiation Protection Limits, and Drinking Water Standards",https://www.nrc.gov/reading-rm/doc-collections/fact-sheets/tritium-radiation-fs
S946,SRC-CANON-0327-0686,S946,false,https://www.nrc.gov/reactors/operating/ops-experience/grndwtr-contam-tritium,1,"NRC, Groundwater Contamination (Tritium) at Nuclear Plants",https://www.nrc.gov/reactors/operating/ops-experience/grndwtr-contam-tritium
S947,SRC-CANON-0327-0459,S947,false,https://www.iaea.org/publications/12197/regulatory-control-of-radioactive-discharges-to-the-environment,1,"IAEA GSG-9, Regulatory Control of Radioactive Discharges to the Environment",https://www.iaea.org/publications/12197/regulatory-control-of-radioactive-discharges-to-the-environment
S948,SRC-CANON-0327-0212,S948,false,https://www-pub.iaea.org/MTCD/Publications/PDF/Pub1216_web.pdf,1,"IAEA, Environmental and Source Monitoring for Purposes of Radiation Protection",https://www-pub.iaea.org/MTCD/Publications/PDF/Pub1216_web.pdf
S949,SRC-CANON-0327-0340,S949,false,https://www.epa.gov/radnet,1,"EPA, RadNet",https://www.epa.gov/radnet
S950,SRC-CANON-0327-0331,S950,false,https://www.epa.gov/dwreginfo/radionuclides-rule,1,"EPA, Radionuclides Rule",https://www.epa.gov/dwreginfo/radionuclides-rule
S951,SRC-CANON-0327-0678,S951,false,https://www.nrc.gov/docs/ml0913/ml091310141.pdf,1,"NRC Regulatory Guide 4.1, Radiological Environmental Monitoring for Nuclear Power Plants",https://www.nrc.gov/docs/ml0913/ml091310141.pdf
S952,SRC-CANON-0327-0883,S952,false,https://www.unscear.org/unscear/en/publications/scientific-reports.html,1,"UNSCEAR, Scientific Reports",https://www.unscear.org/unscear/en/publications/scientific-reports.html
S953,SRC-CANON-0327-0707,S953,false,https://www.nrc.gov/reading-rm/doc-collections/fact-sheets/emerg-plan-prep-nuc-power,1,"NRC, Backgrounder on Emergency Preparedness at Nuclear Power Plants",https://www.nrc.gov/reading-rm/doc-collections/fact-sheets/emerg-plan-prep-nuc-power
S954,SRC-CANON-0327-0661,S954,false,https://www.nrc.gov/about-nrc/emerg-preparedness/about-emerg-preparedness/planning-zones,1,"NRC, Emergency Planning Zones",https://www.nrc.gov/about-nrc/emerg-preparedness/about-emerg-preparedness/planning-zones
S955,SRC-CANON-0327-0382,S955,false,https://www.fema.gov/emergency-managers/practitioners/hazardous-response-capabilities/radiological,1,"FEMA, Radiological Emergency Preparedness",https://www.fema.gov/emergency-managers/practitioners/hazardous-response-capabilities/radiological
S956,SRC-CANON-0327-0383,S956,false,https://www.fema.gov/emergency-managers/practitioners/hazardous-response-capabilities/radiological/rep-program-manual,1,"FEMA, Radiological Emergency Preparedness Program Manual",https://www.fema.gov/emergency-managers/practitioners/hazardous-response-capabilities/radiological/rep-program-manual
S957,SRC-CANON-0327-0290,S957,false,https://www.ecfr.gov/current/title-10/chapter-I/part-50/subject-group-ECFR89aa6ca4aada73c/appendix-Appendix%20E%20to%20Part%2050,1,"eCFR, 10 CFR Part 50 Appendix E — Emergency Planning and Preparedness for Production and Utilization Facilities",https://www.ecfr.gov/current/title-10/chapter-I/part-50/subject-group-ECFR89aa6ca4aada73c/appendix-Appendix%20E%20to%20Part%2050
S958,SRC-CANON-0327-0665,S958,false,https://www.nrc.gov/about-nrc/emerg-preparedness/regs-guidance-comm.html,1,"NRC, Emergency Preparedness Regulations, Guidance, and Generic Communications",https://www.nrc.gov/about-nrc/emerg-preparedness/regs-guidance-comm.html
S959,SRC-CANON-0327-0663,S959,false,https://www.nrc.gov/about-nrc/emerg-preparedness/about-emerg-preparedness/potassium-iodide-use.html,1,"NRC, Use of Potassium Iodide",https://www.nrc.gov/about-nrc/emerg-preparedness/about-emerg-preparedness/potassium-iodide-use.html
S960,SRC-CANON-0327-0260,S960,false,https://www.cdc.gov/radiation-emergencies/treatment/potassium-iodide.html,1,"CDC, Potassium Iodide (KI) — Radiation Emergencies",https://www.cdc.gov/radiation-emergencies/treatment/potassium-iodide.html
S961,SRC-CANON-0327-0364,S961,false,https://www.fda.gov/emergency-preparedness-and-response/mcm-issues/radiological-and-nuclear-emergency-preparedness,1,"FDA, Radiological and Nuclear Emergency Preparedness",https://www.fda.gov/emergency-preparedness-and-response/mcm-issues/radiological-and-nuclear-emergency-preparedness
S962,SRC-CANON-0327-0338,S962,false,https://www.epa.gov/radiation/protective-action-guides-pags,1,"EPA, Protective Action Guides",https://www.epa.gov/radiation/protective-action-guides-pags
S963,SRC-CANON-0327-0139,S963,false,https://remm.hhs.gov/,1,"HHS REMM, Radiation Emergency Medical Management",https://remm.hhs.gov/
S964,SRC-CANON-0327-0807,S964,false,https://www.osha.gov/emergency-preparedness/radiation/response,1,"OSHA, Radiation Emergency Preparedness and Response",https://www.osha.gov/emergency-preparedness/radiation/response
S965,SRC-CANON-0327-0365,S965,false,https://www.federalregister.gov/documents/2023/11/16/2023-25163/emergency-preparedness-for-small-modular-reactors-and-other-new-technologies,1,"Federal Register, Emergency Preparedness for Small Modular Reactors and Other New Technologies",https://www.federalregister.gov/documents/2023/11/16/2023-25163/emergency-preparedness-for-small-modular-reactors-and-other-new-technologies
S966,SRC-CANON-0327-0128,S966,false,https://preptoolkit.fema.gov/web/fema-repp-academy/professional-development,1,"FEMA REPP Academy, Professional Development",https://preptoolkit.fema.gov/web/fema-repp-academy/professional-development
S967,SRC-CANON-0327-0643,S967,false,https://www.law.cornell.edu/cfr/text/10/50.47,1,"LII/eCFR, 10 CFR 50.47 — Emergency plans",https://www.law.cornell.edu/cfr/text/10/50.47
S968,SRC-CANON-0327-0642,S968,false,https://www.law.cornell.edu/cfr/text/10/50.160,1,"LII/eCFR, 10 CFR 50.160 — Emergency preparedness for SMRs, non-LWRs, and NPUFs",https://www.law.cornell.edu/cfr/text/10/50.160
S969,SRC-CANON-0327-0677,S969,false,https://www.nrc.gov/docs/ML2506/ML25065A240.pdf,1,NRC Regulatory Guide 1.101 Revision 7 — Emergency Response Planning and Preparedness for Nuclear Power Reactors,https://www.nrc.gov/docs/ML2506/ML25065A240.pdf
S970,SRC-CANON-0327-0254,S970,false,https://www.cdc.gov/radiation-emergencies/media/pdfs/2024/04/population-monitoring-guide.pdf,1,"CDC, Population Monitoring in Radiation Emergencies — Guide for State and Local Public Health Planners",https://www.cdc.gov/radiation-emergencies/media/pdfs/2024/04/population-monitoring-guide.pdf
S971,SRC-CANON-0327-0343,S971,false,https://www.epa.gov/sites/default/files/2017-01/documents/epa_pag_manual_final_revisions_01-11-2017_cover_disclaimer_8.pdf,1,"EPA, PAG Manual — Protective Action Guides and Planning Guidance for Radiological Incidents",https://www.epa.gov/sites/default/files/2017-01/documents/epa_pag_manual_final_revisions_01-11-2017_cover_disclaimer_8.pdf
S972,SRC-CANON-0327-0293,S972,false,https://www.ecfr.gov/current/title-10/chapter-I/part-50/subject-group-ECFRdf2af20f8a72d91/section-50.47,1,"eCFR, 10 CFR 50.47 — Emergency plans",https://www.ecfr.gov/current/title-10/chapter-I/part-50/subject-group-ECFRdf2af20f8a72d91/section-50.47
S973,SRC-CANON-0327-0291,S973,false,https://www.ecfr.gov/current/title-10/chapter-I/part-50/subject-group-ECFR89aa6ca4aada73c/section-50.160,1,"eCFR, 10 CFR 50.160 — Emergency preparedness for SMRs, non-LWRs, and NPUFs",https://www.ecfr.gov/current/title-10/chapter-I/part-50/subject-group-ECFR89aa6ca4aada73c/section-50.160
S974,SRC-CANON-0327-0383,S956,true,https://www.fema.gov/emergency-managers/practitioners/hazardous-response-capabilities/radiological/rep-program-manual,0,"FEMA, Radiological Emergency Preparedness Program Manual current page",https://www.fema.gov/emergency-managers/practitioners/hazardous-response-capabilities/radiological/rep-program-manual
S975,SRC-CANON-0327-0717,S975,false,https://www.nrc.gov/reading-rm/doc-collections/nuregs/staff/sr0654/r2/index,1,"NRC, NUREG-0654/FEMA-REP-1 Revision 2 publication page",https://www.nrc.gov/reading-rm/doc-collections/nuregs/staff/sr0654/r2/index
S976,SRC-CANON-0327-0424,S976,false,https://www.fema.gov/sites/default/files/documents/fema_rep_standard-operating-guide_012026.pdf,1,"FEMA, Radiological Emergency Preparedness Program Standard Operating Guide, January 2026",https://www.fema.gov/sites/default/files/documents/fema_rep_standard-operating-guide_012026.pdf
S977,SRC-CANON-0327-0252,S977,false,https://www.cdc.gov/radiation-emergencies/media/pdfs/2024/04/POD_to_CRC_Planning_Tool-508.pdf,1,"CDC, Planning for Community Reception Centers — POD to CRC Planning Tool",https://www.cdc.gov/radiation-emergencies/media/pdfs/2024/04/POD_to_CRC_Planning_Tool-508.pdf
S978,SRC-CANON-0327-0253,S978,false,https://www.cdc.gov/radiation-emergencies/media/pdfs/2024/04/operating-public-shelters-1.pdf,1,"CDC, A Guide to Operating Public Shelters in a Radiation Emergency",https://www.cdc.gov/radiation-emergencies/media/pdfs/2024/04/operating-public-shelters-1.pdf
S979,SRC-CANON-0327-0674,S979,false,https://www.nrc.gov/docs/ML1606/ML16061A104.pdf,1,NRC Regulatory Guide 1.219 Revision 1 — Guidance on Making Changes to Emergency Plans for Nuclear Power Reactors,https://www.nrc.gov/docs/ML1606/ML16061A104.pdf
S980,SRC-CANON-0327-0289,S980,false,https://www.ecfr.gov/current/title-10/chapter-I/part-50/subject-group-ECFR2f76ac8b7f9e21e/section-50.54,1,"eCFR, 10 CFR 50.54(q) — Conditions of licenses; emergency plan maintenance and change requirements",https://www.ecfr.gov/current/title-10/chapter-I/part-50/subject-group-ECFR2f76ac8b7f9e21e/section-50.54
S981,SRC-CANON-0327-0257,S981,false,https://www.cdc.gov/radiation-emergencies/php/population-monitoring/index.html,1,"CDC, Population Monitoring — Radiation Emergencies landing page",https://www.cdc.gov/radiation-emergencies/php/population-monitoring/index.html
S982,SRC-CANON-0327-0259,S982,false,https://www.cdc.gov/radiation-emergencies/response/community-reception-centers.html,1,"CDC, Community Reception Centers — Radiation Emergencies",https://www.cdc.gov/radiation-emergencies/response/community-reception-centers.html
S983,SRC-CANON-0327-0673,S983,false,https://www.nrc.gov/docs/ML1525/ML15254A401.pdf,1,NRC Inspection Procedure 71114.05 — Maintenance of Emergency Preparedness,https://www.nrc.gov/docs/ML1525/ML15254A401.pdf
S984,SRC-CANON-0327-0672,S984,false,https://www.nrc.gov/docs/ML1524/ML15245A748.pdf,1,NRC Inspection Procedure 71114.04 — Emergency Action Level and Emergency Plan Changes,https://www.nrc.gov/docs/ML1524/ML15245A748.pdf
S985,SRC-CANON-0327-0716,S985,false,https://www.nrc.gov/reading-rm/doc-collections/nuregs/contract/cr7002/r1/index,1,"NRC, NUREG/CR-7002 Revision 1 — Criteria for Development of Evacuation Time Estimate Studies",https://www.nrc.gov/reading-rm/doc-collections/nuregs/contract/cr7002/r1/index
S986,SRC-CANON-0327-0384,S986,false,https://www.fema.gov/emergency-managers/practitioners/integrated-public-alert-warning-system,1,"FEMA, Integrated Public Alert & Warning System",https://www.fema.gov/emergency-managers/practitioners/integrated-public-alert-warning-system
S987,SRC-CANON-0327-0256,S987,false,https://www.cdc.gov/radiation-emergencies/php/population-monitoring/crc-simpler.html,1,"CDC, CRC SimPLER — Community Reception Center resource estimation tool",https://www.cdc.gov/radiation-emergencies/php/population-monitoring/crc-simpler.html
S988,SRC-CANON-0327-0708,S988,false,https://www.nrc.gov/reading-rm/doc-collections/fact-sheets/emerg-plan-prep-nuc-power.html,1,"NRC, Backgrounder on Emergency Preparedness at Nuclear Power Plants",https://www.nrc.gov/reading-rm/doc-collections/fact-sheets/emerg-plan-prep-nuc-power.html
S989,SRC-CANON-0327-0662,S989,false,https://www.nrc.gov/about-nrc/emerg-preparedness/about-emerg-preparedness/potassium-iodide-use,1,"NRC, Use of Potassium Iodide in Emergency Preparedness",https://www.nrc.gov/about-nrc/emerg-preparedness/about-emerg-preparedness/potassium-iodide-use
S990,SRC-CANON-0327-0338,S962,true,https://www.epa.gov/radiation/protective-action-guides-pags,0,"EPA, Protective Action Guides for Radiological Incidents current page",https://www.epa.gov/radiation/protective-action-guides-pags
S991,SRC-CANON-0327-0664,S991,false,https://www.nrc.gov/about-nrc/emerg-preparedness/regs-guidance-comm,1,"NRC, Regulations, Guidance, and Generic Communications for Emergency Preparedness",https://www.nrc.gov/about-nrc/emerg-preparedness/regs-guidance-comm
S992,SRC-CANON-0327-0683,S795,true,https://www.nrc.gov/reactors/new-reactors/advanced/modernizing/rulemaking/emergency-preparedness,0,"NRC, Emergency Preparedness Rulemaking for SMRs and Other New Technologies",https://www.nrc.gov/reactors/new-reactors/advanced/modernizing/rulemaking/emergency-preparedness
S993,SRC-CANON-0327-0255,S993,false,https://www.cdc.gov/radiation-emergencies/php/population-monitoring/crc-etool.html,1,"CDC, Community Reception Center Electronic Data Collection Tool",https://www.cdc.gov/radiation-emergencies/php/population-monitoring/crc-etool.html
S994,SRC-CANON-0327-0290,S957,true,https://www.ecfr.gov/current/title-10/chapter-I/part-50/subject-group-ECFR89aa6ca4aada73c/appendix-Appendix%20E%20to%20Part%2050,0,"eCFR, Appendix E to 10 CFR Part 50 — Emergency Planning and Preparedness",https://www.ecfr.gov/current/title-10/chapter-I/part-50/subject-group-ECFR89aa6ca4aada73c/appendix-Appendix%20E%20to%20Part%2050
S995,SRC-CANON-0327-0382,S955,true,https://www.fema.gov/emergency-managers/practitioners/hazardous-response-capabilities/radiological,0,"FEMA, Radiological Emergency Preparedness current program page",https://www.fema.gov/emergency-managers/practitioners/hazardous-response-capabilities/radiological
S996,SRC-CANON-0327-0696,S996,false,https://www.nrc.gov/reactors/operating/oversight/rop-description/cornerstone,1,"NRC, Inspection Manual by Cornerstone — Reactor Oversight Process",https://www.nrc.gov/reactors/operating/oversight/rop-description/cornerstone
S997,SRC-CANON-0327-0690,S997,false,https://www.nrc.gov/reactors/operating/oversight/docket-pi,1,"NRC, Quarterly Performance Indicators public page",https://www.nrc.gov/reactors/operating/oversight/docket-pi
S998,SRC-CANON-0327-0695,S998,false,https://www.nrc.gov/reactors/operating/oversight/rop-description,1,"NRC, ROP Framework description and color semantics",https://www.nrc.gov/reactors/operating/oversight/rop-description
S999,SRC-CANON-0327-0696,S996,true,https://www.nrc.gov/reactors/operating/oversight/rop-description/cornerstone,0,"NRC, Emergency Preparedness performance indicators EP01 EP02 EP03 retired EP04 current threshold page",https://www.nrc.gov/reactors/operating/oversight/rop-description/cornerstone#EmergencyPreparedness
S1000,SRC-CANON-0327-0689,S1000,false,https://www.nrc.gov/reactors/operating/oversight/actionmatrix-summary,1,"NRC, Reactor Oversight Process Action Matrix Summary",https://www.nrc.gov/reactors/operating/oversight/actionmatrix-summary
S1001,SRC-CANON-0327-0694,S1001,false,https://www.nrc.gov/reactors/operating/oversight/plant-by-plant-summaries,1,"NRC, Plant-by-Plant Quarterly Performance Summaries",https://www.nrc.gov/reactors/operating/oversight/plant-by-plant-summaries
S1002,SRC-CANON-0327-0703,S1002,false,https://www.nrc.gov/reading-rm/doc-collections/event-status/event/index,1,"NRC, Event Notification Reports index and raw-data feed",https://www.nrc.gov/reading-rm/doc-collections/event-status/event/index
S1003,SRC-CANON-0327-0693,S815,true,https://www.nrc.gov/reactors/operating/oversight/pi-summary,0,"NRC, Reactor Oversight Process Performance Indicators summary page",https://www.nrc.gov/reactors/operating/oversight/pi-summary
S1004,SRC-CANON-0327-0424,S976,true,https://www.fema.gov/sites/default/files/documents/fema_rep_standard-operating-guide_012026.pdf,0,"FEMA, Radiological Emergency Preparedness Program Standard Operating Guide, January 2026",https://www.fema.gov/sites/default/files/documents/fema_rep_standard-operating-guide_012026.pdf
S1005,SRC-CANON-0327-0258,S1005,false,https://www.cdc.gov/radiation-emergencies/php/training/rad-crc-operations.html,1,"CDC, CRC Operations in Radiation Emergencies",https://www.cdc.gov/radiation-emergencies/php/training/rad-crc-operations.html
S1006,SRC-CANON-0327-0259,S982,true,https://www.cdc.gov/radiation-emergencies/response/community-reception-centers.html,0,"CDC, Community Reception Centers — Radiation Emergencies",https://www.cdc.gov/radiation-emergencies/response/community-reception-centers.html
S1007,SRC-CANON-0327-0660,S1007,false,https://www.nrc.gov/about-nrc/emerg-preparedness/about-emerg-preparedness/exercise-schedules,1,"NRC, Emergency Exercise Schedule",https://www.nrc.gov/about-nrc/emerg-preparedness/about-emerg-preparedness/exercise-schedules
S1008,SRC-CANON-0327-0383,S956,true,https://www.fema.gov/emergency-managers/practitioners/hazardous-response-capabilities/radiological/rep-program-manual,0,"FEMA, Radiological Emergency Preparedness Program Manual current page",https://www.fema.gov/emergency-managers/practitioners/hazardous-response-capabilities/radiological/rep-program-manual
S1009,SRC-CANON-0327-0704,S1009,false,https://www.nrc.gov/reading-rm/doc-collections/event-status/reactor-status/index,1,"NRC, Power Reactor Status Reports index and raw-data feed",https://www.nrc.gov/reading-rm/doc-collections/event-status/reactor-status/index
S1010,SRC-CANON-0327-0702,S1010,false,https://www.nrc.gov/reading-rm/doc-collections/event-status/event/2026/20260316en,1,"NRC, Event Notification Report for March 16, 2026, Event Number 58200, Beaver Valley",https://www.nrc.gov/reading-rm/doc-collections/event-status/event/2026/20260316en
S1011,SRC-CANON-0327-0691,S1011,false,https://www.nrc.gov/reactors/operating/oversight/docket-pi?docket=BV1&quarter=2026Q1,1,"NRC, Beaver Valley Unit 1 Quarterly Performance Indicators, 2026Q1",https://www.nrc.gov/reactors/operating/oversight/docket-pi?docket=BV1&quarter=2026Q1
S1012,SRC-CANON-0327-0406,S1012,false,https://www.fema.gov/press-release/20260529/fema-evaluate-readiness-commonwealth-pennsylvania-and-state-west-virginia,1,"FEMA, Beaver Valley REP exercise notice for week of June 8, 2026",https://www.fema.gov/press-release/20260529/fema-evaluate-readiness-commonwealth-pennsylvania-and-state-west-virginia
S1013,SRC-CANON-0327-0669,S1013,false,https://www.nrc.gov/data/index,1,"NRC, Data index for high-value operating reactor datasets",https://www.nrc.gov/data/index
S1014,SRC-CANON-0327-0015,S1014,false,https://catalog.data.gov/dataset/operating-reactor-analytics-performance-indicators,1,"Data.gov, NRC Operating Reactor Analytics Performance Indicators metadata",https://catalog.data.gov/dataset/operating-reactor-analytics-performance-indicators
S1015,SRC-CANON-0327-0014,S1015,false,https://catalog.data.gov/dataset/operating-reactor-analytics-action-matrix,1,"Data.gov, NRC Operating Reactor Analytics Action Matrix metadata",https://catalog.data.gov/dataset/operating-reactor-analytics-action-matrix
S1016,SRC-CANON-0327-0722,S1016,false,https://www.nrc.gov/sites/default/files/doc_library/reading-rm/doc-collections/event-status/event/event-notification-rpt-lastmonth.txt,1,"NRC, Reactor Event Notification Report raw last-month text feed",https://www.nrc.gov/sites/default/files/doc_library/reading-rm/doc-collections/event-status/event/event-notification-rpt-lastmonth.txt
S1017,SRC-CANON-0327-0667,S1017,false,https://www.nrc.gov/cdn/data/rango/action_matrix_all.tsv,1,"NRC/Data.gov, Operating Reactor Action Matrix raw TSV resource",https://www.nrc.gov/cdn/data/rango/action_matrix_all.tsv
S1018,SRC-CANON-0327-0721,S1018,false,https://www.nrc.gov/sites/default/files/doc_library/cdn/legacy/reactors/operating/oversight/pi-value-dataset.xls,1,"NRC, Operating Reactor Performance Indicator raw data file",https://www.nrc.gov/sites/default/files/doc_library/cdn/legacy/reactors/operating/oversight/pi-value-dataset.xls
S1019,SRC-CANON-0327-0720,S1019,false,https://www.nrc.gov/sites/default/files/doc_library/cdn/legacy/about-nrc/emerg-preparedness/about-emerg-preparedness/exercise-schedules/biennial-ep-exercise-schedule.xlsx,1,"NRC, Biennial Evaluated Emergency Exercise Schedule raw XLSX resource",https://www.nrc.gov/sites/default/files/doc_library/cdn/legacy/about-nrc/emerg-preparedness/about-emerg-preparedness/exercise-schedules/biennial-ep-exercise-schedule.xlsx
S1020,SRC-CANON-0327-0810,S1020,false,https://www.pa.gov/agencies/ready/hazards/radiation-emergency,1,"Ready PA, Radiation Emergency public page",https://www.pa.gov/agencies/ready/hazards/radiation-emergency
S1021,SRC-CANON-0327-0233,S1021,false,https://www.beavercountypa.gov/getmedia/a8527d90-6d9c-42a7-9540-0e4788bddcd8/EPI_BeaverValley_Beaver_mailer-2025-2026.pdf,1,"Beaver County, PA, Beaver Valley 2025/2026 Emergency Preparedness Information mailer PDF",https://www.beavercountypa.gov/getmedia/a8527d90-6d9c-42a7-9540-0e4788bddcd8/EPI_BeaverValley_Beaver_mailer-2025-2026.pdf
S1022,SRC-CANON-0327-0016,S1022,false,https://ccoema.org/images/pdf/2026Forms/RERP%20Rev%2038%202026.pdf,1,"Columbiana County, Ohio, Beaver Valley Power Station Radiological Emergency Response Plan, Rev. 38, January 2026",https://ccoema.org/images/pdf/2026Forms/RERP%20Rev%2038%202026.pdf
S1023,SRC-CANON-0327-0811,S1023,false,https://www.pa.gov/content/dam/copapwp-pagov/en/pema/documents/about-us/pema%20strategic%20plan.pdf,1,Pennsylvania Emergency Management Agency Strategic Plan 2025-2027,https://www.pa.gov/content/dam/copapwp-pagov/en/pema/documents/about-us/pema%20strategic%20plan.pdf
S1024,SRC-CANON-0327-0692,S1024,false,https://www.nrc.gov/reactors/operating/oversight/docket-pi?docket=BV2&quarter=2026Q1,1,"NRC, Beaver Valley Unit 2 Quarterly Performance Indicators, 2026Q1",https://www.nrc.gov/reactors/operating/oversight/docket-pi?docket=BV2&quarter=2026Q1
S1025,SRC-CANON-0327-0668,S1025,false,https://www.nrc.gov/cdn/data/rango/all_pi_values.tsv,1,"NRC/Data.gov, Operating Reactor Analytics Performance Indicators TSV resource",https://www.nrc.gov/cdn/data/rango/all_pi_values.tsv
S1026,SRC-CANON-0327-0013,S1026,false,https://catalog.data.gov/dataset/nrc-biennial-evaluated-emergency-exercise-schedule,1,"Data.gov, NRC Biennial Evaluated Emergency Exercise Schedule metadata and XLS distribution",https://catalog.data.gov/dataset/nrc-biennial-evaluated-emergency-exercise-schedule
S1027,SRC-CANON-0327-0660,S1007,true,https://www.nrc.gov/about-nrc/emerg-preparedness/about-emerg-preparedness/exercise-schedules,0,"NRC, Emergency Exercise Schedule page",https://www.nrc.gov/about-nrc/emerg-preparedness/about-emerg-preparedness/exercise-schedules
S1028,SRC-CANON-0327-0127,S1028,false,https://preptoolkit.fema.gov/web/fema-repp-academy/exercise-calendar,1,"FEMA REPP Academy, Exercise Calendar page",https://preptoolkit.fema.gov/web/fema-repp-academy/exercise-calendar
S1029,SRC-CANON-0327-0812,S1029,false,https://www.pa.gov/content/dam/copapwp-pagov/en/pema/documents/preparedness/power-plant-safety/beaver-valley-power-station-fact%20sheet.pdf,1,"Pennsylvania Emergency Management Agency, Beaver Valley Power Station Fact Sheet PDF",https://www.pa.gov/content/dam/copapwp-pagov/en/pema/documents/preparedness/power-plant-safety/beaver-valley-power-station-fact%20sheet.pdf
S1030,SRC-CANON-0327-0049,S1030,false,https://emd.wv.gov/Preparedness/REP%20Program/Documents/Annex%2020-%20Support%20Plans%20Issue%209%20Revision%203.pdf,1,"West Virginia Emergency Management, Annex 20 Support Plans Issue 9 Revision 3 PDF",https://emd.wv.gov/Preparedness/REP%20Program/Documents/Annex%2020-%20Support%20Plans%20Issue%209%20Revision%203.pdf
S1031,SRC-CANON-0327-0813,S1031,false,https://www.pa.gov/content/dam/copapwp-pagov/en/pema/documents/preparedness/power-plant-safety/nuclear-power-plant-exercise-dates.pdf,1,"Pennsylvania Emergency Management Agency, USNRC Region I Evaluated Exercise 8-Year Schedule PDF",https://www.pa.gov/content/dam/copapwp-pagov/en/pema/documents/preparedness/power-plant-safety/nuclear-power-plant-exercise-dates.pdf
S1032,SRC-CANON-0327-0433,S1032,false,https://www.gao.gov/products/gao-13-243,1,"GAO-13-243, Emergency Preparedness: NRC Needs to Better Understand Likely Public Response to Radiological Incidents at Nuclear Power Plants",https://www.gao.gov/products/gao-13-243
S1033,SRC-CANON-0327-0707,S953,true,https://www.nrc.gov/reading-rm/doc-collections/fact-sheets/emerg-plan-prep-nuc-power,0,"NRC, Emergency Planning and Preparedness for Nuclear Power Plants fact sheet",https://www.nrc.gov/reading-rm/doc-collections/fact-sheets/emerg-plan-prep-nuc-power
S1034,SRC-CANON-0327-0052,S1034,false,https://empowerprogram.hhs.gov/de-identified-dataset.html,1,"HHS emPOWER Program, Emergency Planning De-identified Dataset",https://empowerprogram.hhs.gov/de-identified-dataset.html
S1035,SRC-CANON-0327-0247,S1035,false,https://www.cdc.gov/environmental-health-tracking/php/data-research/preparedness-response.html,1,"CDC Environmental Public Health Tracking, Preparedness and Response data resources",https://www.cdc.gov/environmental-health-tracking/php/data-research/preparedness-response.html
S1036,SRC-CANON-0327-0812,S1029,true,https://www.pa.gov/content/dam/copapwp-pagov/en/pema/documents/preparedness/power-plant-safety/beaver-valley-power-station-fact%20sheet.pdf,0,"Pennsylvania Emergency Management Agency, Beaver Valley Power Station Fact Sheet PDF, corrected numeric extraction source",https://www.pa.gov/content/dam/copapwp-pagov/en/pema/documents/preparedness/power-plant-safety/beaver-valley-power-station-fact%20sheet.pdf
S1037,SRC-CANON-0327-0131,S764,true,https://preptoolkit.fema.gov/web/hseep-resources/improvement-planning,0,"FEMA / Preparedness Toolkit, HSEEP Improvement Planning resources",https://preptoolkit.fema.gov/web/hseep-resources/improvement-planning
S1038,SRC-CANON-0327-0129,S1038,false,https://preptoolkit.fema.gov/web/fema-repp-academy/program-requirements,1,"FEMA REPP Academy, Program Requirements and REP Program Manual context",https://preptoolkit.fema.gov/web/fema-repp-academy/program-requirements
S1039,SRC-CANON-0327-0232,S1039,false,https://www.beavercountypa.gov/departments/emergency-services/beaver-valley-power-station-emergency-information,1,"Beaver County, PA, Beaver Valley Power Station Emergency Information page",https://www.beavercountypa.gov/departments/emergency-services/beaver-valley-power-station-emergency-information
S1040,SRC-CANON-0327-0030,S1040,false,https://dam.assets.ohio.gov/image/upload/ema.ohio.gov/Documents/Ohio_EOP/2025-Ohio-REP-Plan.pdf,1,"Ohio Emergency Management Agency, 2025 State of Ohio Radiological Emergency Preparedness Plan for Nuclear Power Plants",https://dam.assets.ohio.gov/image/upload/ema.ohio.gov/Documents/Ohio_EOP/2025-Ohio-REP-Plan.pdf
S1041,SRC-CANON-0327-0444,S1041,false,https://www.hancockcountyhealthdepartment.com/news/ki-distribution-for-hancock-county-residents,1,"Hancock County Health Department, KI Distribution for Hancock County Residents",https://www.hancockcountyhealthdepartment.com/news/ki-distribution-for-hancock-county-residents/
S1042,SRC-CANON-0327-0670,S1042,false,https://www.nrc.gov/docs/ML1300/ML13007A078.pdf,1,"NRC ADAMS public document ML13007A078 / KLD TR-495 Rev. 2, Beaver Valley Power Station Development of Evacuation Time Estimates, December 2012",https://www.nrc.gov/docs/ML1300/ML13007A078.pdf
S1043,SRC-CANON-0327-0290,S957,true,https://www.ecfr.gov/current/title-10/chapter-I/part-50/subject-group-ECFR89aa6ca4aada73c/appendix-Appendix%20E%20to%20Part%2050,0,"eCFR, 10 CFR Part 50 Appendix E, emergency planning and evacuation-time-estimate update provisions",https://www.ecfr.gov/current/title-10/chapter-I/part-50/subject-group-ECFR89aa6ca4aada73c/appendix-Appendix%20E%20to%20Part%2050
S1044,SRC-CANON-0327-0156,S1044,false,https://training.fema.gov/is/courseoverview.aspx?code=is-247.b,1,FEMA EMI IS-247.C Integrated Public Alert and Warning System for Alert Originators,https://training.fema.gov/is/courseoverview.aspx?code=is-247.b
S1045,SRC-CANON-0327-0082,S1045,false,https://kldassociates.com/nuclear-power-plant-evacuation,1,"KLD Associates, Nuclear Power Plant Evacuation overview",https://kldassociates.com/nuclear-power-plant-evacuation/
S1046,SRC-CANON-0327-0714,S1046,false,https://www.nrc.gov/reading-rm/doc-collections/gen-comm/reg-issues/2001/ri01016.html,1,"NRC Regulatory Issue Summary 2001-016, Update of Evacuation Time Estimates",https://www.nrc.gov/reading-rm/doc-collections/gen-comm/reg-issues/2001/ri01016.html
S1047,SRC-CANON-0327-0050,S1047,false,https://emd.wv.gov/state-emergency-operations-plan,1,"West Virginia Emergency Management, State Emergency Operations Plan public page",https://emd.wv.gov/state-emergency-operations-plan
S1048,SRC-CANON-0327-0003,S1048,false,https://agri.ohio.gov/divisions/food-safety/resources/emergency-preparedness,1,"Ohio Department of Agriculture, Emergency Preparedness / radiological emergency agriculture resources page",https://agri.ohio.gov/divisions/food-safety/resources/emergency-preparedness
S1049,SRC-CANON-0327-0123,S1049,false,https://preptoolkit.fema.gov/documents/d/tech-hazards/2024-beaver-valley-power-station-biennial-exercise-aar-final-pa?download=true,1,"FEMA PrepToolkit, 2024 Beaver Valley Power Station Biennial Exercise AAR Final — Pennsylvania",https://preptoolkit.fema.gov/documents/d/tech-hazards/2024-beaver-valley-power-station-biennial-exercise-aar-final-pa?download=true
S1050,SRC-CANON-0327-0124,S1050,false,https://preptoolkit.fema.gov/documents/d/tech-hazards/2024-beaver-valley-power-station-biennial-exercise-aar-final-wv?download=true,1,"FEMA PrepToolkit, 2024 Beaver Valley Power Station Biennial Exercise AAR Final — West Virginia",https://preptoolkit.fema.gov/documents/d/tech-hazards/2024-beaver-valley-power-station-biennial-exercise-aar-final-wv?download=true
S1051,SRC-CANON-0327-0125,S1051,false,https://preptoolkit.fema.gov/documents/d/tech-hazards/2024-bvps-letter-and-aar-1?download=true,1,"FEMA PrepToolkit, 2024 BVPS Letter and AAR — Ohio / Columbiana County",https://preptoolkit.fema.gov/documents/d/tech-hazards/2024-bvps-letter-and-aar-1?download=true
S1052,SRC-CANON-0327-0134,S1052,false,https://preptoolkit.fema.gov/web/tech-hazards/documents-and-media/-/document_library/RXo7O6Z3XD3C/view/38327070,1,"FEMA PrepToolkit, Region 3 Beaver Valley AAR folder listing",https://preptoolkit.fema.gov/web/tech-hazards/documents-and-media/-/document_library/RXo7O6Z3XD3C/view/38327070
S1053,SRC-CANON-0327-0208,S1053,false,https://wvpublic.org/story/energy-environment/federal-test-of-states-nuclear-emergency-response-set-for-next-week,1,"West Virginia Public Broadcasting, 2024 Beaver Valley federal exercise public-report timing context",https://wvpublic.org/story/energy-environment/federal-test-of-states-nuclear-emergency-response-set-for-next-week/
S1054,SRC-CANON-0327-0892,S1054,false,https://www.wdtv.com/2024/06/06/fema-scheduled-test-nuclear-incident-preparedness-beaver-valley-power-station,1,"WDTV, 2024 Beaver Valley FEMA preparedness exercise public-report timing context",https://www.wdtv.com/2024/06/06/fema-scheduled-test-nuclear-incident-preparedness-beaver-valley-power-station/
S1055,SRC-CANON-0327-0382,S955,true,https://www.fema.gov/emergency-managers/practitioners/hazardous-response-capabilities/radiological,0,FEMA Radiological Emergency Preparedness Program public page,https://www.fema.gov/emergency-managers/practitioners/hazardous-response-capabilities/radiological
S1056,SRC-CANON-0327-0406,S1012,true,https://www.fema.gov/press-release/20260529/fema-evaluate-readiness-commonwealth-pennsylvania-and-state-west-virginia,0,FEMA 2026 Beaver Valley exercise notice — Pennsylvania and West Virginia readiness evaluation,https://www.fema.gov/press-release/20260529/fema-evaluate-readiness-commonwealth-pennsylvania-and-state-west-virginia
S1057,SRC-CANON-0327-0360,S1057,false,https://www.fcc.gov/emergency-alert-system,1,"FCC, Emergency Alert System public warning system page",https://www.fcc.gov/emergency-alert-system
S1058,SRC-CANON-0327-0361,S1058,false,https://www.fcc.gov/public-safety-and-homeland-security/policy-and-licensing-division/alerting/general/wireless,1,"FCC, Wireless Emergency Alerts public safety page",https://www.fcc.gov/public-safety-and-homeland-security/policy-and-licensing-division/alerting/general/wireless
S1059,SRC-CANON-0327-0705,S1059,false,https://www.nrc.gov/reading-rm/doc-collections/event-status/reactor-status/ps,1,"NRC, Power Reactor Status Report for June 04 2026",https://www.nrc.gov/reading-rm/doc-collections/event-status/reactor-status/ps
S1060,SRC-CANON-0327-0421,S1060,false,https://www.fema.gov/sites/default/files/documents/fema_ipaws-best-practices-guide.pdf,1,FEMA IPAWS Best Practices Guide,https://www.fema.gov/sites/default/files/documents/fema_ipaws-best-practices-guide.pdf
S1061,SRC-CANON-0327-0406,S1012,true,https://www.fema.gov/press-release/20260529/fema-evaluate-readiness-commonwealth-pennsylvania-and-state-west-virginia,0,"FEMA Region 3, Beaver Valley Power Station biennial exercise notice for week of June 8, 2026",https://www.fema.gov/press-release/20260529/fema-evaluate-readiness-commonwealth-pennsylvania-and-state-west-virginia
S1062,SRC-CANON-0327-0660,S1007,true,https://www.nrc.gov/about-nrc/emerg-preparedness/about-emerg-preparedness/exercise-schedules,0,NRC Emergency Exercise Schedule,https://www.nrc.gov/about-nrc/emerg-preparedness/about-emerg-preparedness/exercise-schedules
S1063,SRC-CANON-0327-0131,S764,true,https://preptoolkit.fema.gov/web/hseep-resources/improvement-planning,0,FEMA PrepToolkit HSEEP Improvement Planning resources,https://preptoolkit.fema.gov/web/hseep-resources/improvement-planning
S1064,SRC-CANON-0327-0384,S986,true,https://www.fema.gov/emergency-managers/practitioners/integrated-public-alert-warning-system,0,FEMA Integrated Public Alert & Warning System (IPAWS),https://www.fema.gov/emergency-managers/practitioners/integrated-public-alert-warning-system
S1065,SRC-CANON-0327-0360,S1057,true,https://www.fcc.gov/emergency-alert-system,0,FCC Emergency Alert System,https://www.fcc.gov/emergency-alert-system
S1066,SRC-CANON-0327-0361,S1058,true,https://www.fcc.gov/public-safety-and-homeland-security/policy-and-licensing-division/alerting/general/wireless,0,FCC Wireless Emergency Alerts,https://www.fcc.gov/public-safety-and-homeland-security/policy-and-licensing-division/alerting/general/wireless
S1067,SRC-CANON-0327-0702,S1010,true,https://www.nrc.gov/reading-rm/doc-collections/event-status/event/2026/20260316en,0,"NRC Event Notification 58200, Beaver Valley EOF power loss",https://www.nrc.gov/reading-rm/doc-collections/event-status/event/2026/20260316en
S1068,SRC-CANON-0327-0816,S1068,false,https://www.ready.gov/alerts,1,Ready.gov Emergency Alerts,https://www.ready.gov/alerts
S1069,SRC-CANON-0327-0132,S1069,false,https://preptoolkit.fema.gov/web/hseep-resources/policy-and-guidance,1,FEMA PrepToolkit HSEEP Policy and Guidance,https://preptoolkit.fema.gov/web/hseep-resources/policy-and-guidance
S1070,SRC-CANON-0327-0130,S1070,false,https://preptoolkit.fema.gov/web/hseep-resources/eegs,1,FEMA PrepToolkit Exercise Evaluation Guides,https://preptoolkit.fema.gov/web/hseep-resources/eegs
S1071,SRC-CANON-0327-0155,S1071,false,https://training.fema.gov/is/courseoverview.aspx?code=is-130.a,1,FEMA EMI IS-130.A How to be an Exercise Evaluator,https://training.fema.gov/is/courseoverview.aspx?code=is-130.a
S1072,SRC-CANON-0327-0157,S1072,false,https://training.fema.gov/is/courseoverview.aspx?code=is-247.c,1,FEMA EMI IS-247.C Integrated Public Alert and Warning System for Alert Originators,https://training.fema.gov/is/courseoverview.aspx?code=is-247.c
S1073,SRC-CANON-0327-0404,S1073,false,https://www.fema.gov/openfema-data-page/ipaws-archived-alerts-v1,1,FEMA OpenFEMA IPAWS Archived Alerts dataset,https://www.fema.gov/openfema-data-page/ipaws-archived-alerts-v1
S1074,SRC-CANON-0327-0063,S1074,false,https://gis.fema.gov/arcgis/rest/services/FEMA/IPAWS_Archive/FeatureServer,1,FEMA/IPAWS Archive ArcGIS FeatureServer latest six-month archive,https://gis.fema.gov/arcgis/rest/services/FEMA/IPAWS_Archive/FeatureServer
S1075,SRC-CANON-0327-0385,S1075,false,https://www.fema.gov/emergency-managers/practitioners/integrated-public-alert-warning-system/public-safety-officials/alerting-authorities,1,FEMA IPAWS Alerting Authorities and Message Viewer context,https://www.fema.gov/emergency-managers/practitioners/integrated-public-alert-warning-system/public-safety-officials/alerting-authorities
S1076,SRC-CANON-0327-0389,S1076,false,https://www.fema.gov/emergency-managers/practitioners/integrated-public-alert-warning-system/technology-developers/common-alerting-protocol,1,FEMA Common Alerting Protocol page,https://www.fema.gov/emergency-managers/practitioners/integrated-public-alert-warning-system/technology-developers/common-alerting-protocol
S1077,SRC-CANON-0327-0041,S1077,false,https://docs.oasis-open.org/emergency/cap/v1.2/CAP-v1.2-os.html,1,OASIS Common Alerting Protocol Version 1.2 standard,https://docs.oasis-open.org/emergency/cap/v1.2/CAP-v1.2-os.html
S1078,SRC-CANON-0327-0421,S1060,true,https://www.fema.gov/sites/default/files/documents/fema_ipaws-best-practices-guide.pdf,0,FEMA IPAWS Best Practices Guide,https://www.fema.gov/sites/default/files/documents/fema_ipaws-best-practices-guide.pdf
S1079,SRC-CANON-0327-0064,S1079,false,https://github.com/FEMA/openfema-samples/blob/master/dataset-samples/ipaws_archived_alerts.md,1,FEMA OpenFEMA IPAWS Archived Alerts query examples,https://github.com/FEMA/openfema-samples/blob/master/dataset-samples/ipaws_archived_alerts.md
S1080,SRC-CANON-0327-0387,S1080,false,https://www.fema.gov/emergency-managers/practitioners/integrated-public-alert-warning-system/public-safety-officials/tips,1,FEMA IPAWS Tips for public safety officials,https://www.fema.gov/emergency-managers/practitioners/integrated-public-alert-warning-system/public-safety-officials/tips
S1081,SRC-CANON-0327-0369,S1081,false,https://www.fema.gov/about/openfema/api,1,FEMA OpenFEMA API documentation,https://www.fema.gov/about/openfema/api
S1082,SRC-CANON-0327-0371,S1082,false,https://www.fema.gov/about/openfema/data-sets,1,FEMA OpenFEMA data sets page,https://www.fema.gov/about/openfema/data-sets
S1083,SRC-CANON-0327-0370,S1083,false,https://www.fema.gov/about/openfema/changelog,1,FEMA OpenFEMA changelog — IPAWS object-name change note,https://www.fema.gov/about/openfema/changelog
S1084,SRC-CANON-0327-0063,S1074,true,https://gis.fema.gov/arcgis/rest/services/FEMA/IPAWS_Archive/FeatureServer,0,FEMA IPAWS Archive ArcGIS FeatureServer,https://gis.fema.gov/arcgis/rest/services/FEMA/IPAWS_Archive/FeatureServer
S1085,SRC-CANON-0327-0012,S1085,false,https://catalog.data.gov/dataset/ipaws-archived-alerts/resource/a1c4a4e4-a4a3-49a9-acd7-1f14de85acfa,1,Data.gov IPAWS Archived Alerts web resource,https://catalog.data.gov/dataset/ipaws-archived-alerts/resource/a1c4a4e4-a4a3-49a9-acd7-1f14de85acfa
S1086,SRC-CANON-0327-0669,S1013,true,https://www.nrc.gov/data/index,0,NRC Data page — high-value data surfaces,https://www.nrc.gov/data/index
S1087,SRC-CANON-0327-0027,S1087,false,https://csrc.nist.gov/pubs/fips/180-4/upd1/final,1,NIST FIPS 180-4 Secure Hash Standard,https://csrc.nist.gov/pubs/fips/180-4/upd1/final
S1088,SRC-CANON-0327-0026,S1088,false,https://csrc.nist.gov/projects/hash-functions,1,NIST CSRC Hash Functions project,https://csrc.nist.gov/projects/hash-functions
S1089,SRC-CANON-0327-0379,S1089,false,https://www.fema.gov/emergency-managers/national-preparedness/exercises/hseep,1,FEMA Homeland Security Exercise and Evaluation Program,https://www.fema.gov/emergency-managers/national-preparedness/exercises/hseep
S1090,SRC-CANON-0327-0131,S764,true,https://preptoolkit.fema.gov/web/hseep-resources/improvement-planning,0,FEMA PrepToolkit HSEEP Improvement Planning,https://preptoolkit.fema.gov/web/hseep-resources/improvement-planning
S1091,SRC-CANON-0327-0386,S1091,false,https://www.fema.gov/emergency-managers/practitioners/integrated-public-alert-warning-system/public-safety-officials/sign-up,1,FEMA Sign Up to Use IPAWS to Send Public Alerts and Warnings,https://www.fema.gov/emergency-managers/practitioners/integrated-public-alert-warning-system/public-safety-officials/sign-up
S1092,SRC-CANON-0327-0385,S1075,true,https://www.fema.gov/emergency-managers/practitioners/integrated-public-alert-warning-system/public-safety-officials/alerting-authorities,0,FEMA IPAWS Alerting Authorities,https://www.fema.gov/emergency-managers/practitioners/integrated-public-alert-warning-system/public-safety-officials/alerting-authorities
S1093,SRC-CANON-0327-0064,S1079,true,https://github.com/FEMA/openfema-samples/blob/master/dataset-samples/ipaws_archived_alerts.md,0,FEMA OpenFEMA IPAWS Archived Alerts query examples,https://github.com/FEMA/openfema-samples/blob/master/dataset-samples/ipaws_archived_alerts.md
S1094,SRC-CANON-0327-0404,S1073,true,https://www.fema.gov/openfema-data-page/ipaws-archived-alerts-v1,0,FEMA OpenFEMA IPAWS Archived Alerts dataset,https://www.fema.gov/openfema-data-page/ipaws-archived-alerts-v1
S1095,SRC-CANON-0327-0388,S1095,false,https://www.fema.gov/emergency-managers/practitioners/integrated-public-alert-warning-system/public/wireless-emergency-alerts/geographic-accuracy-wea,1,FEMA Geographic Accuracy of Wireless Emergency Alerts,https://www.fema.gov/emergency-managers/practitioners/integrated-public-alert-warning-system/public/wireless-emergency-alerts/geographic-accuracy-wea
S1096,SRC-CANON-0327-0362,S1096,false,https://www.fcc.gov/wireless-emergency-alert-enhancements-faqs-authorized-alert-originators,1,FCC Wireless Emergency Alert Enhancements FAQs for Authorized Alert Originators,https://www.fcc.gov/wireless-emergency-alert-enhancements-faqs-authorized-alert-originators
S1097,SRC-CANON-0327-0041,S1077,true,https://docs.oasis-open.org/emergency/cap/v1.2/CAP-v1.2-os.html,0,OASIS Common Alerting Protocol Version 1.2 standard,https://docs.oasis-open.org/emergency/cap/v1.2/CAP-v1.2-os.html
S1098,SRC-CANON-0327-0421,S1060,true,https://www.fema.gov/sites/default/files/documents/fema_ipaws-best-practices-guide.pdf,0,FEMA IPAWS Best Practices Guide,https://www.fema.gov/sites/default/files/documents/fema_ipaws-best-practices-guide.pdf
S1099,SRC-CANON-0327-0702,S1010,true,https://www.nrc.gov/reading-rm/doc-collections/event-status/event/2026/20260316en,0,"NRC Event Notification 58200, Beaver Valley EOF power loss",https://www.nrc.gov/reading-rm/doc-collections/event-status/event/2026/20260316en
S1100,SRC-CANON-0327-0406,S1012,true,https://www.fema.gov/press-release/20260529/fema-evaluate-readiness-commonwealth-pennsylvania-and-state-west-virginia,0,FEMA Beaver Valley June 2026 exercise notice,https://www.fema.gov/press-release/20260529/fema-evaluate-readiness-commonwealth-pennsylvania-and-state-west-virginia
S1101,SRC-CANON-0327-0660,S1007,true,https://www.nrc.gov/about-nrc/emerg-preparedness/about-emerg-preparedness/exercise-schedules,0,NRC Emergency Exercise Schedules,https://www.nrc.gov/about-nrc/emerg-preparedness/about-emerg-preparedness/exercise-schedules
S1102,SRC-CANON-0327-0131,S764,true,https://preptoolkit.fema.gov/web/hseep-resources/improvement-planning,0,FEMA PrepToolkit HSEEP Improvement Planning,https://preptoolkit.fema.gov/web/hseep-resources/improvement-planning
